solid ASCII
  facet normal 9.948693e-01 0.000000e+00 -1.011683e-01
    outer loop
      vertex   7.362924e+00 -2.150330e+02 -1.312549e+02
      vertex   7.362924e+00 -2.100330e+02 -1.312549e+02
      vertex   7.439687e+00 -2.150330e+02 -1.305000e+02
    endloop
  endfacet
  facet normal 9.948693e-01 0.000000e+00 -1.011683e-01
    outer loop
      vertex   7.439687e+00 -2.150330e+02 -1.305000e+02
      vertex   7.362924e+00 -2.100330e+02 -1.312549e+02
      vertex   7.439687e+00 -2.100330e+02 -1.305000e+02
    endloop
  endfacet
  facet normal 9.948693e-01 -0.000000e+00 1.011683e-01
    outer loop
      vertex   7.439687e+00 -2.150330e+02 -1.305000e+02
      vertex   7.439687e+00 -2.100330e+02 -1.305000e+02
      vertex   7.362924e+00 -2.150330e+02 -1.297451e+02
    endloop
  endfacet
  facet normal 9.948693e-01 -0.000000e+00 1.011683e-01
    outer loop
      vertex   7.362924e+00 -2.150330e+02 -1.297451e+02
      vertex   7.439687e+00 -2.100330e+02 -1.305000e+02
      vertex   7.362924e+00 -2.100330e+02 -1.297451e+02
    endloop
  endfacet
  facet normal 9.541393e-01 -0.000000e+00 2.993631e-01
    outer loop
      vertex   7.362924e+00 -2.150330e+02 -1.297451e+02
      vertex   7.362924e+00 -2.100330e+02 -1.297451e+02
      vertex   7.135779e+00 -2.150330e+02 -1.290212e+02
    endloop
  endfacet
  facet normal 9.541393e-01 -0.000000e+00 2.993631e-01
    outer loop
      vertex   7.135779e+00 -2.150330e+02 -1.290212e+02
      vertex   7.362924e+00 -2.100330e+02 -1.297451e+02
      vertex   7.135779e+00 -2.100330e+02 -1.290212e+02
    endloop
  endfacet
  facet normal 8.743466e-01 -0.000000e+00 4.853020e-01
    outer loop
      vertex   7.135779e+00 -2.150330e+02 -1.290212e+02
      vertex   7.135779e+00 -2.100330e+02 -1.290212e+02
      vertex   6.767550e+00 -2.150330e+02 -1.283577e+02
    endloop
  endfacet
  facet normal 8.743466e-01 -0.000000e+00 4.853020e-01
    outer loop
      vertex   6.767550e+00 -2.150330e+02 -1.283577e+02
      vertex   7.135779e+00 -2.100330e+02 -1.290212e+02
      vertex   6.767550e+00 -2.100330e+02 -1.283577e+02
    endloop
  endfacet
  facet normal 7.587581e-01 -0.000000e+00 6.513725e-01
    outer loop
      vertex   6.767550e+00 -2.150330e+02 -1.283577e+02
      vertex   6.767550e+00 -2.100330e+02 -1.283577e+02
      vertex   6.273313e+00 -2.150330e+02 -1.277820e+02
    endloop
  endfacet
  facet normal 7.587581e-01 -0.000000e+00 6.513725e-01
    outer loop
      vertex   6.273313e+00 -2.150330e+02 -1.277820e+02
      vertex   6.767550e+00 -2.100330e+02 -1.283577e+02
      vertex   6.273313e+00 -2.100330e+02 -1.277820e+02
    endloop
  endfacet
  facet normal 6.121060e-01 -0.000000e+00 7.907757e-01
    outer loop
      vertex   6.273313e+00 -2.150330e+02 -1.277820e+02
      vertex   6.273313e+00 -2.100330e+02 -1.277820e+02
      vertex   5.673302e+00 -2.150330e+02 -1.273176e+02
    endloop
  endfacet
  facet normal 6.121060e-01 -0.000000e+00 7.907757e-01
    outer loop
      vertex   5.673302e+00 -2.150330e+02 -1.273176e+02
      vertex   6.273313e+00 -2.100330e+02 -1.277820e+02
      vertex   5.673302e+00 -2.100330e+02 -1.273176e+02
    endloop
  endfacet
  facet normal 4.403942e-01 -0.000000e+00 8.978045e-01
    outer loop
      vertex   5.673302e+00 -2.150330e+02 -1.273176e+02
      vertex   5.673302e+00 -2.100330e+02 -1.273176e+02
      vertex   4.992082e+00 -2.150330e+02 -1.269834e+02
    endloop
  endfacet
  facet normal 4.403942e-01 -0.000000e+00 8.978045e-01
    outer loop
      vertex   4.992082e+00 -2.150330e+02 -1.269834e+02
      vertex   5.673302e+00 -2.100330e+02 -1.273176e+02
      vertex   4.992082e+00 -2.100330e+02 -1.269834e+02
    endloop
  endfacet
  facet normal 2.506525e-01 -0.000000e+00 9.680771e-01
    outer loop
      vertex   4.992082e+00 -2.150330e+02 -1.269834e+02
      vertex   4.992082e+00 -2.100330e+02 -1.269834e+02
      vertex   4.257541e+00 -2.150330e+02 -1.267932e+02
    endloop
  endfacet
  facet normal 2.506525e-01 -0.000000e+00 9.680771e-01
    outer loop
      vertex   4.257541e+00 -2.150330e+02 -1.267932e+02
      vertex   4.992082e+00 -2.100330e+02 -1.269834e+02
      vertex   4.257541e+00 -2.100330e+02 -1.267932e+02
    endloop
  endfacet
  facet normal 5.064917e-02 -0.000000e+00 9.987165e-01
    outer loop
      vertex   4.257541e+00 -2.150330e+02 -1.267932e+02
      vertex   4.257541e+00 -2.100330e+02 -1.267932e+02
      vertex   3.499753e+00 -2.150330e+02 -1.267548e+02
    endloop
  endfacet
  facet normal 5.064917e-02 -0.000000e+00 9.987165e-01
    outer loop
      vertex   3.499753e+00 -2.150330e+02 -1.267548e+02
      vertex   4.257541e+00 -2.100330e+02 -1.267932e+02
      vertex   3.499753e+00 -2.100330e+02 -1.267548e+02
    endloop
  endfacet
  facet normal -1.514278e-01 0.000000e+00 9.884683e-01
    outer loop
      vertex   3.499753e+00 -2.150330e+02 -1.267548e+02
      vertex   3.499753e+00 -2.100330e+02 -1.267548e+02
      vertex   2.749740e+00 -2.150330e+02 -1.268697e+02
    endloop
  endfacet
  facet normal -1.514278e-01 0.000000e+00 9.884683e-01
    outer loop
      vertex   2.749740e+00 -2.150330e+02 -1.268697e+02
      vertex   3.499753e+00 -2.100330e+02 -1.267548e+02
      vertex   2.749740e+00 -2.100330e+02 -1.268697e+02
    endloop
  endfacet
  facet normal -3.473053e-01 0.000000e+00 9.377521e-01
    outer loop
      vertex   2.749740e+00 -2.150330e+02 -1.268697e+02
      vertex   2.749740e+00 -2.100330e+02 -1.268697e+02
      vertex   2.038209e+00 -2.150330e+02 -1.271332e+02
    endloop
  endfacet
  facet normal -3.473053e-01 0.000000e+00 9.377521e-01
    outer loop
      vertex   2.038209e+00 -2.150330e+02 -1.271332e+02
      vertex   2.749740e+00 -2.100330e+02 -1.268697e+02
      vertex   2.038209e+00 -2.100330e+02 -1.271332e+02
    endloop
  endfacet
  facet normal -5.289640e-01 0.000000e+00 8.486443e-01
    outer loop
      vertex   2.038209e+00 -2.150330e+02 -1.271332e+02
      vertex   2.038209e+00 -2.100330e+02 -1.271332e+02
      vertex   1.394290e+00 -2.150330e+02 -1.275346e+02
    endloop
  endfacet
  facet normal -5.289640e-01 0.000000e+00 8.486443e-01
    outer loop
      vertex   1.394290e+00 -2.150330e+02 -1.275346e+02
      vertex   2.038209e+00 -2.100330e+02 -1.271332e+02
      vertex   1.394290e+00 -2.100330e+02 -1.275346e+02
    endloop
  endfacet
  facet normal -6.889669e-01 0.000000e+00 7.247928e-01
    outer loop
      vertex   1.394290e+00 -2.150330e+02 -1.275346e+02
      vertex   1.394290e+00 -2.100330e+02 -1.275346e+02
      vertex   8.443440e-01 -2.150330e+02 -1.280574e+02
    endloop
  endfacet
  facet normal -6.889669e-01 0.000000e+00 7.247928e-01
    outer loop
      vertex   8.443440e-01 -2.150330e+02 -1.280574e+02
      vertex   1.394290e+00 -2.100330e+02 -1.275346e+02
      vertex   8.443440e-01 -2.100330e+02 -1.280574e+02
    endloop
  endfacet
  facet normal -8.207634e-01 0.000000e+00 5.712682e-01
    outer loop
      vertex   8.443440e-01 -2.150330e+02 -1.280574e+02
      vertex   8.443440e-01 -2.100330e+02 -1.280574e+02
      vertex   4.108872e-01 -2.150330e+02 -1.286801e+02
    endloop
  endfacet
  facet normal -8.207634e-01 0.000000e+00 5.712682e-01
    outer loop
      vertex   4.108872e-01 -2.150330e+02 -1.286801e+02
      vertex   8.443440e-01 -2.100330e+02 -1.280574e+02
      vertex   4.108872e-01 -2.100330e+02 -1.286801e+02
    endloop
  endfacet
  facet normal -9.189578e-01 0.000000e+00 3.943559e-01
    outer loop
      vertex   4.108872e-01 -2.150330e+02 -1.286801e+02
      vertex   4.108872e-01 -2.100330e+02 -1.286801e+02
      vertex   1.116648e-01 -2.150330e+02 -1.293774e+02
    endloop
  endfacet
  facet normal -9.189578e-01 0.000000e+00 3.943559e-01
    outer loop
      vertex   1.116648e-01 -2.150330e+02 -1.293774e+02
      vertex   4.108872e-01 -2.100330e+02 -1.286801e+02
      vertex   1.116648e-01 -2.100330e+02 -1.293774e+02
    endloop
  endfacet
  facet normal -9.795299e-01 0.000000e+00 2.012985e-01
    outer loop
      vertex   1.116648e-01 -2.150330e+02 -1.293774e+02
      vertex   1.116648e-01 -2.100330e+02 -1.293774e+02
      vertex   -4.107298e-02 -2.150330e+02 -1.301206e+02
    endloop
  endfacet
  facet normal -9.795299e-01 0.000000e+00 2.012985e-01
    outer loop
      vertex   -4.107298e-02 -2.150330e+02 -1.301206e+02
      vertex   1.116648e-01 -2.100330e+02 -1.293774e+02
      vertex   -4.107298e-02 -2.100330e+02 -1.301206e+02
    endloop
  endfacet
  facet normal -1.000000e+00 0.000000e+00 0.000000e+00
    outer loop
      vertex   -4.107298e-02 -2.150330e+02 -1.301206e+02
      vertex   -4.107298e-02 -2.100330e+02 -1.301206e+02
      vertex   -4.107298e-02 -2.150330e+02 -1.308794e+02
    endloop
  endfacet
  facet normal -1.000000e+00 0.000000e+00 0.000000e+00
    outer loop
      vertex   -4.107298e-02 -2.150330e+02 -1.308794e+02
      vertex   -4.107298e-02 -2.100330e+02 -1.301206e+02
      vertex   -4.107298e-02 -2.100330e+02 -1.308794e+02
    endloop
  endfacet
  facet normal -9.795299e-01 0.000000e+00 -2.012985e-01
    outer loop
      vertex   -4.107298e-02 -2.150330e+02 -1.308794e+02
      vertex   -4.107298e-02 -2.100330e+02 -1.308794e+02
      vertex   1.116648e-01 -2.150330e+02 -1.316226e+02
    endloop
  endfacet
  facet normal -9.795299e-01 0.000000e+00 -2.012985e-01
    outer loop
      vertex   1.116648e-01 -2.150330e+02 -1.316226e+02
      vertex   -4.107298e-02 -2.100330e+02 -1.308794e+02
      vertex   1.116648e-01 -2.100330e+02 -1.316226e+02
    endloop
  endfacet
  facet normal -9.189578e-01 0.000000e+00 -3.943559e-01
    outer loop
      vertex   1.116648e-01 -2.150330e+02 -1.316226e+02
      vertex   1.116648e-01 -2.100330e+02 -1.316226e+02
      vertex   4.108872e-01 -2.150330e+02 -1.323199e+02
    endloop
  endfacet
  facet normal -9.189578e-01 0.000000e+00 -3.943559e-01
    outer loop
      vertex   4.108872e-01 -2.150330e+02 -1.323199e+02
      vertex   1.116648e-01 -2.100330e+02 -1.316226e+02
      vertex   4.108872e-01 -2.100330e+02 -1.323199e+02
    endloop
  endfacet
  facet normal -8.207634e-01 0.000000e+00 -5.712682e-01
    outer loop
      vertex   4.108872e-01 -2.150330e+02 -1.323199e+02
      vertex   4.108872e-01 -2.100330e+02 -1.323199e+02
      vertex   8.443440e-01 -2.150330e+02 -1.329426e+02
    endloop
  endfacet
  facet normal -8.207634e-01 0.000000e+00 -5.712682e-01
    outer loop
      vertex   8.443440e-01 -2.150330e+02 -1.329426e+02
      vertex   4.108872e-01 -2.100330e+02 -1.323199e+02
      vertex   8.443440e-01 -2.100330e+02 -1.329426e+02
    endloop
  endfacet
  facet normal -6.889669e-01 0.000000e+00 -7.247928e-01
    outer loop
      vertex   8.443440e-01 -2.150330e+02 -1.329426e+02
      vertex   8.443440e-01 -2.100330e+02 -1.329426e+02
      vertex   1.394290e+00 -2.150330e+02 -1.334654e+02
    endloop
  endfacet
  facet normal -6.889669e-01 0.000000e+00 -7.247928e-01
    outer loop
      vertex   1.394290e+00 -2.150330e+02 -1.334654e+02
      vertex   8.443440e-01 -2.100330e+02 -1.329426e+02
      vertex   1.394290e+00 -2.100330e+02 -1.334654e+02
    endloop
  endfacet
  facet normal -5.289640e-01 0.000000e+00 -8.486443e-01
    outer loop
      vertex   1.394290e+00 -2.150330e+02 -1.334654e+02
      vertex   1.394290e+00 -2.100330e+02 -1.334654e+02
      vertex   2.038209e+00 -2.150330e+02 -1.338668e+02
    endloop
  endfacet
  facet normal -5.289640e-01 0.000000e+00 -8.486443e-01
    outer loop
      vertex   2.038209e+00 -2.150330e+02 -1.338668e+02
      vertex   1.394290e+00 -2.100330e+02 -1.334654e+02
      vertex   2.038209e+00 -2.100330e+02 -1.338668e+02
    endloop
  endfacet
  facet normal -3.473053e-01 0.000000e+00 -9.377521e-01
    outer loop
      vertex   2.038209e+00 -2.150330e+02 -1.338668e+02
      vertex   2.038209e+00 -2.100330e+02 -1.338668e+02
      vertex   2.749740e+00 -2.150330e+02 -1.341303e+02
    endloop
  endfacet
  facet normal -3.473053e-01 0.000000e+00 -9.377521e-01
    outer loop
      vertex   2.749740e+00 -2.150330e+02 -1.341303e+02
      vertex   2.038209e+00 -2.100330e+02 -1.338668e+02
      vertex   2.749740e+00 -2.100330e+02 -1.341303e+02
    endloop
  endfacet
  facet normal -1.514278e-01 0.000000e+00 -9.884683e-01
    outer loop
      vertex   2.749740e+00 -2.150330e+02 -1.341303e+02
      vertex   2.749740e+00 -2.100330e+02 -1.341303e+02
      vertex   3.499753e+00 -2.150330e+02 -1.342452e+02
    endloop
  endfacet
  facet normal -1.514278e-01 0.000000e+00 -9.884683e-01
    outer loop
      vertex   3.499753e+00 -2.150330e+02 -1.342452e+02
      vertex   2.749740e+00 -2.100330e+02 -1.341303e+02
      vertex   3.499753e+00 -2.100330e+02 -1.342452e+02
    endloop
  endfacet
  facet normal 5.064917e-02 0.000000e+00 -9.987165e-01
    outer loop
      vertex   3.499753e+00 -2.150330e+02 -1.342452e+02
      vertex   3.499753e+00 -2.100330e+02 -1.342452e+02
      vertex   4.257541e+00 -2.150330e+02 -1.342068e+02
    endloop
  endfacet
  facet normal 5.064917e-02 0.000000e+00 -9.987165e-01
    outer loop
      vertex   4.257541e+00 -2.150330e+02 -1.342068e+02
      vertex   3.499753e+00 -2.100330e+02 -1.342452e+02
      vertex   4.257541e+00 -2.100330e+02 -1.342068e+02
    endloop
  endfacet
  facet normal 2.506525e-01 0.000000e+00 -9.680771e-01
    outer loop
      vertex   4.257541e+00 -2.150330e+02 -1.342068e+02
      vertex   4.257541e+00 -2.100330e+02 -1.342068e+02
      vertex   4.992082e+00 -2.150330e+02 -1.340166e+02
    endloop
  endfacet
  facet normal 2.506525e-01 0.000000e+00 -9.680771e-01
    outer loop
      vertex   4.992082e+00 -2.150330e+02 -1.340166e+02
      vertex   4.257541e+00 -2.100330e+02 -1.342068e+02
      vertex   4.992082e+00 -2.100330e+02 -1.340166e+02
    endloop
  endfacet
  facet normal 4.403942e-01 0.000000e+00 -8.978045e-01
    outer loop
      vertex   4.992082e+00 -2.150330e+02 -1.340166e+02
      vertex   4.992082e+00 -2.100330e+02 -1.340166e+02
      vertex   5.673302e+00 -2.150330e+02 -1.336824e+02
    endloop
  endfacet
  facet normal 4.403942e-01 0.000000e+00 -8.978045e-01
    outer loop
      vertex   5.673302e+00 -2.150330e+02 -1.336824e+02
      vertex   4.992082e+00 -2.100330e+02 -1.340166e+02
      vertex   5.673302e+00 -2.100330e+02 -1.336824e+02
    endloop
  endfacet
  facet normal 6.121060e-01 0.000000e+00 -7.907757e-01
    outer loop
      vertex   5.673302e+00 -2.150330e+02 -1.336824e+02
      vertex   5.673302e+00 -2.100330e+02 -1.336824e+02
      vertex   6.273313e+00 -2.150330e+02 -1.332180e+02
    endloop
  endfacet
  facet normal 6.121060e-01 0.000000e+00 -7.907757e-01
    outer loop
      vertex   6.273313e+00 -2.150330e+02 -1.332180e+02
      vertex   5.673302e+00 -2.100330e+02 -1.336824e+02
      vertex   6.273313e+00 -2.100330e+02 -1.332180e+02
    endloop
  endfacet
  facet normal 7.587581e-01 0.000000e+00 -6.513725e-01
    outer loop
      vertex   6.273313e+00 -2.150330e+02 -1.332180e+02
      vertex   6.273313e+00 -2.100330e+02 -1.332180e+02
      vertex   6.767550e+00 -2.150330e+02 -1.326423e+02
    endloop
  endfacet
  facet normal 7.587581e-01 0.000000e+00 -6.513725e-01
    outer loop
      vertex   6.767550e+00 -2.150330e+02 -1.326423e+02
      vertex   6.273313e+00 -2.100330e+02 -1.332180e+02
      vertex   6.767550e+00 -2.100330e+02 -1.326423e+02
    endloop
  endfacet
  facet normal 8.743466e-01 0.000000e+00 -4.853020e-01
    outer loop
      vertex   6.767550e+00 -2.150330e+02 -1.326423e+02
      vertex   6.767550e+00 -2.100330e+02 -1.326423e+02
      vertex   7.135779e+00 -2.150330e+02 -1.319788e+02
    endloop
  endfacet
  facet normal 8.743466e-01 0.000000e+00 -4.853020e-01
    outer loop
      vertex   7.135779e+00 -2.150330e+02 -1.319788e+02
      vertex   6.767550e+00 -2.100330e+02 -1.326423e+02
      vertex   7.135779e+00 -2.100330e+02 -1.319788e+02
    endloop
  endfacet
  facet normal 9.541393e-01 0.000000e+00 -2.993631e-01
    outer loop
      vertex   7.135779e+00 -2.150330e+02 -1.319788e+02
      vertex   7.135779e+00 -2.100330e+02 -1.319788e+02
      vertex   7.362924e+00 -2.150330e+02 -1.312549e+02
    endloop
  endfacet
  facet normal 9.541393e-01 0.000000e+00 -2.993631e-01
    outer loop
      vertex   7.362924e+00 -2.150330e+02 -1.312549e+02
      vertex   7.135779e+00 -2.100330e+02 -1.319788e+02
      vertex   7.362924e+00 -2.100330e+02 -1.312549e+02
    endloop
  endfacet
  facet normal -0.000000e+00 -1.000000e+00 0.000000e+00
    outer loop
      vertex   7.439687e+00 -2.150330e+02 -1.305000e+02
      vertex   7.362924e+00 -2.150330e+02 -1.297451e+02
      vertex   7.362924e+00 -2.150330e+02 -1.312549e+02
    endloop
  endfacet
  facet normal 0.000000e+00 -1.000000e+00 0.000000e+00
    outer loop
      vertex   7.362924e+00 -2.150330e+02 -1.312549e+02
      vertex   7.362924e+00 -2.150330e+02 -1.297451e+02
      vertex   7.135779e+00 -2.150330e+02 -1.290212e+02
    endloop
  endfacet
  facet normal -0.000000e+00 -1.000000e+00 0.000000e+00
    outer loop
      vertex   7.362924e+00 -2.150330e+02 -1.312549e+02
      vertex   7.135779e+00 -2.150330e+02 -1.290212e+02
      vertex   7.135779e+00 -2.150330e+02 -1.319788e+02
    endloop
  endfacet
  facet normal 0.000000e+00 -1.000000e+00 0.000000e+00
    outer loop
      vertex   7.135779e+00 -2.150330e+02 -1.319788e+02
      vertex   7.135779e+00 -2.150330e+02 -1.290212e+02
      vertex   6.767550e+00 -2.150330e+02 -1.283577e+02
    endloop
  endfacet
  facet normal -0.000000e+00 -1.000000e+00 0.000000e+00
    outer loop
      vertex   7.135779e+00 -2.150330e+02 -1.319788e+02
      vertex   6.767550e+00 -2.150330e+02 -1.283577e+02
      vertex   6.767550e+00 -2.150330e+02 -1.326423e+02
    endloop
  endfacet
  facet normal 0.000000e+00 -1.000000e+00 0.000000e+00
    outer loop
      vertex   6.767550e+00 -2.150330e+02 -1.326423e+02
      vertex   6.767550e+00 -2.150330e+02 -1.283577e+02
      vertex   6.273313e+00 -2.150330e+02 -1.277820e+02
    endloop
  endfacet
  facet normal -0.000000e+00 -1.000000e+00 0.000000e+00
    outer loop
      vertex   6.767550e+00 -2.150330e+02 -1.326423e+02
      vertex   6.273313e+00 -2.150330e+02 -1.277820e+02
      vertex   6.273313e+00 -2.150330e+02 -1.332180e+02
    endloop
  endfacet
  facet normal 0.000000e+00 -1.000000e+00 0.000000e+00
    outer loop
      vertex   6.273313e+00 -2.150330e+02 -1.332180e+02
      vertex   6.273313e+00 -2.150330e+02 -1.277820e+02
      vertex   5.673302e+00 -2.150330e+02 -1.273176e+02
    endloop
  endfacet
  facet normal 0.000000e+00 -1.000000e+00 0.000000e+00
    outer loop
      vertex   6.273313e+00 -2.150330e+02 -1.332180e+02
      vertex   5.673302e+00 -2.150330e+02 -1.273176e+02
      vertex   4.992082e+00 -2.150330e+02 -1.269834e+02
    endloop
  endfacet
  facet normal -0.000000e+00 -1.000000e+00 -0.000000e+00
    outer loop
      vertex   4.992082e+00 -2.150330e+02 -1.269834e+02
      vertex   4.257541e+00 -2.150330e+02 -1.267932e+02
      vertex   6.273313e+00 -2.150330e+02 -1.332180e+02
    endloop
  endfacet
  facet normal 0.000000e+00 -1.000000e+00 0.000000e+00
    outer loop
      vertex   6.273313e+00 -2.150330e+02 -1.332180e+02
      vertex   4.257541e+00 -2.150330e+02 -1.267932e+02
      vertex   3.499753e+00 -2.150330e+02 -1.267548e+02
    endloop
  endfacet
  facet normal 0.000000e+00 -1.000000e+00 0.000000e+00
    outer loop
      vertex   6.273313e+00 -2.150330e+02 -1.332180e+02
      vertex   3.499753e+00 -2.150330e+02 -1.267548e+02
      vertex   2.749740e+00 -2.150330e+02 -1.268697e+02
    endloop
  endfacet
  facet normal 0.000000e+00 -1.000000e+00 -0.000000e+00
    outer loop
      vertex   2.749740e+00 -2.150330e+02 -1.268697e+02
      vertex   2.038209e+00 -2.150330e+02 -1.271332e+02
      vertex   6.273313e+00 -2.150330e+02 -1.332180e+02
    endloop
  endfacet
  facet normal 0.000000e+00 -1.000000e+00 0.000000e+00
    outer loop
      vertex   6.273313e+00 -2.150330e+02 -1.332180e+02
      vertex   2.038209e+00 -2.150330e+02 -1.271332e+02
      vertex   1.394290e+00 -2.150330e+02 -1.275346e+02
    endloop
  endfacet
  facet normal 0.000000e+00 -1.000000e+00 0.000000e+00
    outer loop
      vertex   6.273313e+00 -2.150330e+02 -1.332180e+02
      vertex   1.394290e+00 -2.150330e+02 -1.275346e+02
      vertex   8.443440e-01 -2.150330e+02 -1.280574e+02
    endloop
  endfacet
  facet normal 0.000000e+00 -1.000000e+00 -0.000000e+00
    outer loop
      vertex   8.443440e-01 -2.150330e+02 -1.280574e+02
      vertex   4.108872e-01 -2.150330e+02 -1.286801e+02
      vertex   6.273313e+00 -2.150330e+02 -1.332180e+02
    endloop
  endfacet
  facet normal 0.000000e+00 -1.000000e+00 0.000000e+00
    outer loop
      vertex   6.273313e+00 -2.150330e+02 -1.332180e+02
      vertex   4.108872e-01 -2.150330e+02 -1.286801e+02
      vertex   1.116648e-01 -2.150330e+02 -1.293774e+02
    endloop
  endfacet
  facet normal 0.000000e+00 -1.000000e+00 0.000000e+00
    outer loop
      vertex   6.273313e+00 -2.150330e+02 -1.332180e+02
      vertex   1.116648e-01 -2.150330e+02 -1.293774e+02
      vertex   -4.107298e-02 -2.150330e+02 -1.301206e+02
    endloop
  endfacet
  facet normal 0.000000e+00 -1.000000e+00 0.000000e+00
    outer loop
      vertex   -4.107298e-02 -2.150330e+02 -1.301206e+02
      vertex   -4.107298e-02 -2.150330e+02 -1.308794e+02
      vertex   6.273313e+00 -2.150330e+02 -1.332180e+02
    endloop
  endfacet
  facet normal 0.000000e+00 -1.000000e+00 0.000000e+00
    outer loop
      vertex   6.273313e+00 -2.150330e+02 -1.332180e+02
      vertex   -4.107298e-02 -2.150330e+02 -1.308794e+02
      vertex   1.116648e-01 -2.150330e+02 -1.316226e+02
    endloop
  endfacet
  facet normal -0.000000e+00 -1.000000e+00 0.000000e+00
    outer loop
      vertex   6.273313e+00 -2.150330e+02 -1.332180e+02
      vertex   1.116648e-01 -2.150330e+02 -1.316226e+02
      vertex   5.673302e+00 -2.150330e+02 -1.336824e+02
    endloop
  endfacet
  facet normal 0.000000e+00 -1.000000e+00 0.000000e+00
    outer loop
      vertex   5.673302e+00 -2.150330e+02 -1.336824e+02
      vertex   1.116648e-01 -2.150330e+02 -1.316226e+02
      vertex   4.108872e-01 -2.150330e+02 -1.323199e+02
    endloop
  endfacet
  facet normal 0.000000e+00 -1.000000e+00 0.000000e+00
    outer loop
      vertex   5.673302e+00 -2.150330e+02 -1.336824e+02
      vertex   4.108872e-01 -2.150330e+02 -1.323199e+02
      vertex   8.443440e-01 -2.150330e+02 -1.329426e+02
    endloop
  endfacet
  facet normal 0.000000e+00 -1.000000e+00 0.000000e+00
    outer loop
      vertex   8.443440e-01 -2.150330e+02 -1.329426e+02
      vertex   1.394290e+00 -2.150330e+02 -1.334654e+02
      vertex   5.673302e+00 -2.150330e+02 -1.336824e+02
    endloop
  endfacet
  facet normal -0.000000e+00 -1.000000e+00 0.000000e+00
    outer loop
      vertex   5.673302e+00 -2.150330e+02 -1.336824e+02
      vertex   1.394290e+00 -2.150330e+02 -1.334654e+02
      vertex   2.038209e+00 -2.150330e+02 -1.338668e+02
    endloop
  endfacet
  facet normal 0.000000e+00 -1.000000e+00 0.000000e+00
    outer loop
      vertex   5.673302e+00 -2.150330e+02 -1.336824e+02
      vertex   2.038209e+00 -2.150330e+02 -1.338668e+02
      vertex   4.992082e+00 -2.150330e+02 -1.340166e+02
    endloop
  endfacet
  facet normal -0.000000e+00 -1.000000e+00 0.000000e+00
    outer loop
      vertex   4.992082e+00 -2.150330e+02 -1.340166e+02
      vertex   2.038209e+00 -2.150330e+02 -1.338668e+02
      vertex   2.749740e+00 -2.150330e+02 -1.341303e+02
    endloop
  endfacet
  facet normal 0.000000e+00 -1.000000e+00 0.000000e+00
    outer loop
      vertex   4.992082e+00 -2.150330e+02 -1.340166e+02
      vertex   2.749740e+00 -2.150330e+02 -1.341303e+02
      vertex   4.257541e+00 -2.150330e+02 -1.342068e+02
    endloop
  endfacet
  facet normal -0.000000e+00 -1.000000e+00 0.000000e+00
    outer loop
      vertex   4.257541e+00 -2.150330e+02 -1.342068e+02
      vertex   2.749740e+00 -2.150330e+02 -1.341303e+02
      vertex   3.499753e+00 -2.150330e+02 -1.342452e+02
    endloop
  endfacet
  facet normal -9.984268e-01 5.607045e-02 0.000000e+00
    outer loop
      vertex   1.626720e+01 -1.159370e+02 -1.239383e+02
      vertex   1.626720e+01 -1.159370e+02 -1.179383e+02
      vertex   1.634579e+01 -1.145374e+02 -1.239383e+02
    endloop
  endfacet
  facet normal -9.984268e-01 5.607045e-02 2.955937e-15
    outer loop
      vertex   1.634579e+01 -1.145374e+02 -1.239383e+02
      vertex   1.626720e+01 -1.159370e+02 -1.179383e+02
      vertex   1.634579e+01 -1.145374e+02 -1.179383e+02
    endloop
  endfacet
  facet normal -9.984268e-01 -5.607045e-02 2.955937e-15
    outer loop
      vertex   1.634579e+01 -1.145374e+02 -1.239383e+02
      vertex   1.634579e+01 -1.145374e+02 -1.179383e+02
      vertex   1.626720e+01 -1.131378e+02 -1.239383e+02
    endloop
  endfacet
  facet normal -9.984268e-01 -5.607045e-02 0.000000e+00
    outer loop
      vertex   1.626720e+01 -1.131378e+02 -1.239383e+02
      vertex   1.634579e+01 -1.145374e+02 -1.179383e+02
      vertex   1.626720e+01 -1.131378e+02 -1.179383e+02
    endloop
  endfacet
  facet normal -9.858710e-01 -1.675062e-01 0.000000e+00
    outer loop
      vertex   1.626720e+01 -1.131378e+02 -1.239383e+02
      vertex   1.626720e+01 -1.131378e+02 -1.179383e+02
      vertex   1.603239e+01 -1.117559e+02 -1.239383e+02
    endloop
  endfacet
  facet normal -9.858710e-01 -1.675062e-01 0.000000e+00
    outer loop
      vertex   1.603239e+01 -1.117559e+02 -1.239383e+02
      vertex   1.626720e+01 -1.131378e+02 -1.179383e+02
      vertex   1.603239e+01 -1.117559e+02 -1.179383e+02
    endloop
  endfacet
  facet normal -9.609173e-01 -2.768355e-01 0.000000e+00
    outer loop
      vertex   1.603239e+01 -1.117559e+02 -1.239383e+02
      vertex   1.603239e+01 -1.117559e+02 -1.179383e+02
      vertex   1.564434e+01 -1.104089e+02 -1.239383e+02
    endloop
  endfacet
  facet normal -9.609173e-01 -2.768355e-01 0.000000e+00
    outer loop
      vertex   1.564434e+01 -1.104089e+02 -1.239383e+02
      vertex   1.603239e+01 -1.117559e+02 -1.179383e+02
      vertex   1.564434e+01 -1.104089e+02 -1.179383e+02
    endloop
  endfacet
  facet normal -9.238795e-01 -3.826834e-01 0.000000e+00
    outer loop
      vertex   1.564434e+01 -1.104089e+02 -1.239383e+02
      vertex   1.564434e+01 -1.104089e+02 -1.179383e+02
      vertex   1.510790e+01 -1.091138e+02 -1.239383e+02
    endloop
  endfacet
  facet normal -9.238795e-01 -3.826834e-01 0.000000e+00
    outer loop
      vertex   1.510790e+01 -1.091138e+02 -1.239383e+02
      vertex   1.564434e+01 -1.104089e+02 -1.179383e+02
      vertex   1.510790e+01 -1.091138e+02 -1.179383e+02
    endloop
  endfacet
  facet normal -8.752234e-01 -4.837189e-01 0.000000e+00
    outer loop
      vertex   1.510790e+01 -1.091138e+02 -1.239383e+02
      vertex   1.510790e+01 -1.091138e+02 -1.179383e+02
      vertex   1.442985e+01 -1.078870e+02 -1.239383e+02
    endloop
  endfacet
  facet normal -8.752234e-01 -4.837189e-01 0.000000e+00
    outer loop
      vertex   1.442985e+01 -1.078870e+02 -1.239383e+02
      vertex   1.510790e+01 -1.091138e+02 -1.179383e+02
      vertex   1.442985e+01 -1.078870e+02 -1.179383e+02
    endloop
  endfacet
  facet normal -8.155609e-01 -5.786713e-01 0.000000e+00
    outer loop
      vertex   1.442985e+01 -1.078870e+02 -1.239383e+02
      vertex   1.442985e+01 -1.078870e+02 -1.179383e+02
      vertex   1.361869e+01 -1.067438e+02 -1.239383e+02
    endloop
  endfacet
  facet normal -8.155609e-01 -5.786713e-01 0.000000e+00
    outer loop
      vertex   1.361869e+01 -1.067438e+02 -1.239383e+02
      vertex   1.442985e+01 -1.078870e+02 -1.179383e+02
      vertex   1.361869e+01 -1.067438e+02 -1.179383e+02
    endloop
  endfacet
  facet normal -7.456422e-01 -6.663466e-01 0.000000e+00
    outer loop
      vertex   1.361869e+01 -1.067438e+02 -1.239383e+02
      vertex   1.361869e+01 -1.067438e+02 -1.179383e+02
      vertex   1.268463e+01 -1.056986e+02 -1.239383e+02
    endloop
  endfacet
  facet normal -7.456422e-01 -6.663466e-01 0.000000e+00
    outer loop
      vertex   1.268463e+01 -1.056986e+02 -1.239383e+02
      vertex   1.361869e+01 -1.067438e+02 -1.179383e+02
      vertex   1.268463e+01 -1.056986e+02 -1.179383e+02
    endloop
  endfacet
  facet normal -6.663466e-01 -7.456422e-01 0.000000e+00
    outer loop
      vertex   1.268463e+01 -1.056986e+02 -1.239383e+02
      vertex   1.268463e+01 -1.056986e+02 -1.179383e+02
      vertex   1.163942e+01 -1.047645e+02 -1.239383e+02
    endloop
  endfacet
  facet normal -6.663466e-01 -7.456422e-01 0.000000e+00
    outer loop
      vertex   1.163942e+01 -1.047645e+02 -1.239383e+02
      vertex   1.268463e+01 -1.056986e+02 -1.179383e+02
      vertex   1.163942e+01 -1.047645e+02 -1.179383e+02
    endloop
  endfacet
  facet normal -5.786713e-01 -8.155609e-01 0.000000e+00
    outer loop
      vertex   1.163942e+01 -1.047645e+02 -1.239383e+02
      vertex   1.163942e+01 -1.047645e+02 -1.179383e+02
      vertex   1.049620e+01 -1.039533e+02 -1.239383e+02
    endloop
  endfacet
  facet normal -5.786713e-01 -8.155609e-01 0.000000e+00
    outer loop
      vertex   1.049620e+01 -1.039533e+02 -1.239383e+02
      vertex   1.163942e+01 -1.047645e+02 -1.179383e+02
      vertex   1.049620e+01 -1.039533e+02 -1.179383e+02
    endloop
  endfacet
  facet normal -4.837189e-01 -8.752234e-01 0.000000e+00
    outer loop
      vertex   1.049620e+01 -1.039533e+02 -1.239383e+02
      vertex   1.049620e+01 -1.039533e+02 -1.179383e+02
      vertex   9.269341e+00 -1.032753e+02 -1.239383e+02
    endloop
  endfacet
  facet normal -4.837189e-01 -8.752234e-01 0.000000e+00
    outer loop
      vertex   9.269341e+00 -1.032753e+02 -1.239383e+02
      vertex   1.049620e+01 -1.039533e+02 -1.179383e+02
      vertex   9.269341e+00 -1.032753e+02 -1.179383e+02
    endloop
  endfacet
  facet normal -3.826834e-01 -9.238795e-01 0.000000e+00
    outer loop
      vertex   9.269341e+00 -1.032753e+02 -1.239383e+02
      vertex   9.269341e+00 -1.032753e+02 -1.179383e+02
      vertex   7.974282e+00 -1.027389e+02 -1.239383e+02
    endloop
  endfacet
  facet normal -3.826834e-01 -9.238795e-01 0.000000e+00
    outer loop
      vertex   7.974282e+00 -1.027389e+02 -1.239383e+02
      vertex   9.269341e+00 -1.032753e+02 -1.179383e+02
      vertex   7.974282e+00 -1.027389e+02 -1.179383e+02
    endloop
  endfacet
  facet normal -2.768355e-01 -9.609173e-01 0.000000e+00
    outer loop
      vertex   7.974282e+00 -1.027389e+02 -1.239383e+02
      vertex   7.974282e+00 -1.027389e+02 -1.179383e+02
      vertex   6.627306e+00 -1.023508e+02 -1.239383e+02
    endloop
  endfacet
  facet normal -2.768355e-01 -9.609173e-01 0.000000e+00
    outer loop
      vertex   6.627306e+00 -1.023508e+02 -1.239383e+02
      vertex   7.974282e+00 -1.027389e+02 -1.179383e+02
      vertex   6.627306e+00 -1.023508e+02 -1.179383e+02
    endloop
  endfacet
  facet normal -1.675062e-01 -9.858710e-01 0.000000e+00
    outer loop
      vertex   6.627306e+00 -1.023508e+02 -1.239383e+02
      vertex   6.627306e+00 -1.023508e+02 -1.179383e+02
      vertex   5.245350e+00 -1.021160e+02 -1.239383e+02
    endloop
  endfacet
  facet normal -1.675062e-01 -9.858710e-01 0.000000e+00
    outer loop
      vertex   5.245350e+00 -1.021160e+02 -1.239383e+02
      vertex   6.627306e+00 -1.023508e+02 -1.179383e+02
      vertex   5.245350e+00 -1.021160e+02 -1.179383e+02
    endloop
  endfacet
  facet normal -5.607045e-02 -9.984268e-01 0.000000e+00
    outer loop
      vertex   5.245350e+00 -1.021160e+02 -1.239383e+02
      vertex   5.245350e+00 -1.021160e+02 -1.179383e+02
      vertex   3.845794e+00 -1.020374e+02 -1.239383e+02
    endloop
  endfacet
  facet normal -5.607045e-02 -9.984268e-01 0.000000e+00
    outer loop
      vertex   3.845794e+00 -1.020374e+02 -1.239383e+02
      vertex   5.245350e+00 -1.021160e+02 -1.179383e+02
      vertex   3.845794e+00 -1.020374e+02 -1.179383e+02
    endloop
  endfacet
  facet normal 5.607045e-02 -9.984268e-01 0.000000e+00
    outer loop
      vertex   3.845794e+00 -1.020374e+02 -1.239383e+02
      vertex   3.845794e+00 -1.020374e+02 -1.179383e+02
      vertex   2.446238e+00 -1.021160e+02 -1.239383e+02
    endloop
  endfacet
  facet normal 5.607045e-02 -9.984268e-01 0.000000e+00
    outer loop
      vertex   2.446238e+00 -1.021160e+02 -1.239383e+02
      vertex   3.845794e+00 -1.020374e+02 -1.179383e+02
      vertex   2.446238e+00 -1.021160e+02 -1.179383e+02
    endloop
  endfacet
  facet normal 1.675062e-01 -9.858710e-01 0.000000e+00
    outer loop
      vertex   2.446238e+00 -1.021160e+02 -1.239383e+02
      vertex   2.446238e+00 -1.021160e+02 -1.179383e+02
      vertex   1.064282e+00 -1.023508e+02 -1.239383e+02
    endloop
  endfacet
  facet normal 1.675062e-01 -9.858710e-01 0.000000e+00
    outer loop
      vertex   1.064282e+00 -1.023508e+02 -1.239383e+02
      vertex   2.446238e+00 -1.021160e+02 -1.179383e+02
      vertex   1.064282e+00 -1.023508e+02 -1.179383e+02
    endloop
  endfacet
  facet normal 2.768355e-01 -9.609173e-01 0.000000e+00
    outer loop
      vertex   1.064282e+00 -1.023508e+02 -1.239383e+02
      vertex   1.064282e+00 -1.023508e+02 -1.179383e+02
      vertex   -2.826941e-01 -1.027389e+02 -1.239383e+02
    endloop
  endfacet
  facet normal 2.768355e-01 -9.609173e-01 0.000000e+00
    outer loop
      vertex   -2.826941e-01 -1.027389e+02 -1.239383e+02
      vertex   1.064282e+00 -1.023508e+02 -1.179383e+02
      vertex   -2.826941e-01 -1.027389e+02 -1.179383e+02
    endloop
  endfacet
  facet normal 3.826834e-01 -9.238795e-01 0.000000e+00
    outer loop
      vertex   -2.826941e-01 -1.027389e+02 -1.239383e+02
      vertex   -2.826941e-01 -1.027389e+02 -1.179383e+02
      vertex   -1.577753e+00 -1.032753e+02 -1.239383e+02
    endloop
  endfacet
  facet normal 3.826834e-01 -9.238795e-01 0.000000e+00
    outer loop
      vertex   -1.577753e+00 -1.032753e+02 -1.239383e+02
      vertex   -2.826941e-01 -1.027389e+02 -1.179383e+02
      vertex   -1.577753e+00 -1.032753e+02 -1.179383e+02
    endloop
  endfacet
  facet normal 4.837189e-01 -8.752234e-01 0.000000e+00
    outer loop
      vertex   -1.577753e+00 -1.032753e+02 -1.239383e+02
      vertex   -1.577753e+00 -1.032753e+02 -1.179383e+02
      vertex   -2.804607e+00 -1.039533e+02 -1.239383e+02
    endloop
  endfacet
  facet normal 4.837189e-01 -8.752234e-01 0.000000e+00
    outer loop
      vertex   -2.804607e+00 -1.039533e+02 -1.239383e+02
      vertex   -1.577753e+00 -1.032753e+02 -1.179383e+02
      vertex   -2.804607e+00 -1.039533e+02 -1.179383e+02
    endloop
  endfacet
  facet normal 5.786713e-01 -8.155609e-01 0.000000e+00
    outer loop
      vertex   -2.804607e+00 -1.039533e+02 -1.239383e+02
      vertex   -2.804607e+00 -1.039533e+02 -1.179383e+02
      vertex   -3.947828e+00 -1.047645e+02 -1.239383e+02
    endloop
  endfacet
  facet normal 5.786713e-01 -8.155609e-01 0.000000e+00
    outer loop
      vertex   -3.947828e+00 -1.047645e+02 -1.239383e+02
      vertex   -2.804607e+00 -1.039533e+02 -1.179383e+02
      vertex   -3.947828e+00 -1.047645e+02 -1.179383e+02
    endloop
  endfacet
  facet normal 6.663466e-01 -7.456422e-01 0.000000e+00
    outer loop
      vertex   -3.947828e+00 -1.047645e+02 -1.239383e+02
      vertex   -3.947828e+00 -1.047645e+02 -1.179383e+02
      vertex   -4.993041e+00 -1.056986e+02 -1.239383e+02
    endloop
  endfacet
  facet normal 6.663466e-01 -7.456422e-01 0.000000e+00
    outer loop
      vertex   -4.993041e+00 -1.056986e+02 -1.239383e+02
      vertex   -3.947828e+00 -1.047645e+02 -1.179383e+02
      vertex   -4.993041e+00 -1.056986e+02 -1.179383e+02
    endloop
  endfacet
  facet normal 7.456422e-01 -6.663466e-01 0.000000e+00
    outer loop
      vertex   -4.993041e+00 -1.056986e+02 -1.239383e+02
      vertex   -4.993041e+00 -1.056986e+02 -1.179383e+02
      vertex   -5.927099e+00 -1.067438e+02 -1.239383e+02
    endloop
  endfacet
  facet normal 7.456422e-01 -6.663466e-01 0.000000e+00
    outer loop
      vertex   -5.927099e+00 -1.067438e+02 -1.239383e+02
      vertex   -4.993041e+00 -1.056986e+02 -1.179383e+02
      vertex   -5.927099e+00 -1.067438e+02 -1.179383e+02
    endloop
  endfacet
  facet normal 8.155609e-01 -5.786713e-01 0.000000e+00
    outer loop
      vertex   -5.927099e+00 -1.067438e+02 -1.239383e+02
      vertex   -5.927099e+00 -1.067438e+02 -1.179383e+02
      vertex   -6.738258e+00 -1.078870e+02 -1.239383e+02
    endloop
  endfacet
  facet normal 8.155609e-01 -5.786713e-01 0.000000e+00
    outer loop
      vertex   -6.738258e+00 -1.078870e+02 -1.239383e+02
      vertex   -5.927099e+00 -1.067438e+02 -1.179383e+02
      vertex   -6.738258e+00 -1.078870e+02 -1.179383e+02
    endloop
  endfacet
  facet normal 8.752234e-01 -4.837189e-01 0.000000e+00
    outer loop
      vertex   -6.738258e+00 -1.078870e+02 -1.239383e+02
      vertex   -6.738258e+00 -1.078870e+02 -1.179383e+02
      vertex   -7.416317e+00 -1.091138e+02 -1.239383e+02
    endloop
  endfacet
  facet normal 8.752234e-01 -4.837189e-01 0.000000e+00
    outer loop
      vertex   -7.416317e+00 -1.091138e+02 -1.239383e+02
      vertex   -6.738258e+00 -1.078870e+02 -1.179383e+02
      vertex   -7.416317e+00 -1.091138e+02 -1.179383e+02
    endloop
  endfacet
  facet normal 9.238795e-01 -3.826834e-01 0.000000e+00
    outer loop
      vertex   -7.416317e+00 -1.091138e+02 -1.239383e+02
      vertex   -7.416317e+00 -1.091138e+02 -1.179383e+02
      vertex   -7.952748e+00 -1.104089e+02 -1.239383e+02
    endloop
  endfacet
  facet normal 9.238795e-01 -3.826834e-01 0.000000e+00
    outer loop
      vertex   -7.952748e+00 -1.104089e+02 -1.239383e+02
      vertex   -7.416317e+00 -1.091138e+02 -1.179383e+02
      vertex   -7.952748e+00 -1.104089e+02 -1.179383e+02
    endloop
  endfacet
  facet normal 9.609173e-01 -2.768355e-01 0.000000e+00
    outer loop
      vertex   -7.952748e+00 -1.104089e+02 -1.239383e+02
      vertex   -7.952748e+00 -1.104089e+02 -1.179383e+02
      vertex   -8.340805e+00 -1.117559e+02 -1.239383e+02
    endloop
  endfacet
  facet normal 9.609173e-01 -2.768355e-01 0.000000e+00
    outer loop
      vertex   -8.340805e+00 -1.117559e+02 -1.239383e+02
      vertex   -7.952748e+00 -1.104089e+02 -1.179383e+02
      vertex   -8.340805e+00 -1.117559e+02 -1.179383e+02
    endloop
  endfacet
  facet normal 9.858710e-01 -1.675062e-01 0.000000e+00
    outer loop
      vertex   -8.340805e+00 -1.117559e+02 -1.239383e+02
      vertex   -8.340805e+00 -1.117559e+02 -1.179383e+02
      vertex   -8.575608e+00 -1.131378e+02 -1.239383e+02
    endloop
  endfacet
  facet normal 9.858710e-01 -1.675062e-01 0.000000e+00
    outer loop
      vertex   -8.575608e+00 -1.131378e+02 -1.239383e+02
      vertex   -8.340805e+00 -1.117559e+02 -1.179383e+02
      vertex   -8.575608e+00 -1.131378e+02 -1.179383e+02
    endloop
  endfacet
  facet normal 9.984268e-01 -5.607045e-02 0.000000e+00
    outer loop
      vertex   -8.575608e+00 -1.131378e+02 -1.239383e+02
      vertex   -8.575608e+00 -1.131378e+02 -1.179383e+02
      vertex   -8.654206e+00 -1.145374e+02 -1.239383e+02
    endloop
  endfacet
  facet normal 9.984268e-01 -5.607045e-02 0.000000e+00
    outer loop
      vertex   -8.654206e+00 -1.145374e+02 -1.239383e+02
      vertex   -8.575608e+00 -1.131378e+02 -1.179383e+02
      vertex   -8.654206e+00 -1.145374e+02 -1.179383e+02
    endloop
  endfacet
  facet normal 9.984268e-01 5.607045e-02 -0.000000e+00
    outer loop
      vertex   -8.654206e+00 -1.145374e+02 -1.239383e+02
      vertex   -8.654206e+00 -1.145374e+02 -1.179383e+02
      vertex   -8.575608e+00 -1.159370e+02 -1.239383e+02
    endloop
  endfacet
  facet normal 9.984268e-01 5.607045e-02 -0.000000e+00
    outer loop
      vertex   -8.575608e+00 -1.159370e+02 -1.239383e+02
      vertex   -8.654206e+00 -1.145374e+02 -1.179383e+02
      vertex   -8.575608e+00 -1.159370e+02 -1.179383e+02
    endloop
  endfacet
  facet normal 9.858710e-01 1.675062e-01 -0.000000e+00
    outer loop
      vertex   -8.575608e+00 -1.159370e+02 -1.239383e+02
      vertex   -8.575608e+00 -1.159370e+02 -1.179383e+02
      vertex   -8.340805e+00 -1.173189e+02 -1.239383e+02
    endloop
  endfacet
  facet normal 9.858710e-01 1.675062e-01 -0.000000e+00
    outer loop
      vertex   -8.340805e+00 -1.173189e+02 -1.239383e+02
      vertex   -8.575608e+00 -1.159370e+02 -1.179383e+02
      vertex   -8.340805e+00 -1.173189e+02 -1.179383e+02
    endloop
  endfacet
  facet normal 9.609173e-01 2.768355e-01 -0.000000e+00
    outer loop
      vertex   -8.340805e+00 -1.173189e+02 -1.239383e+02
      vertex   -8.340805e+00 -1.173189e+02 -1.179383e+02
      vertex   -7.952748e+00 -1.186659e+02 -1.239383e+02
    endloop
  endfacet
  facet normal 9.609173e-01 2.768355e-01 -0.000000e+00
    outer loop
      vertex   -7.952748e+00 -1.186659e+02 -1.239383e+02
      vertex   -8.340805e+00 -1.173189e+02 -1.179383e+02
      vertex   -7.952748e+00 -1.186659e+02 -1.179383e+02
    endloop
  endfacet
  facet normal 9.238795e-01 3.826834e-01 -0.000000e+00
    outer loop
      vertex   -7.952748e+00 -1.186659e+02 -1.239383e+02
      vertex   -7.952748e+00 -1.186659e+02 -1.179383e+02
      vertex   -7.416317e+00 -1.199609e+02 -1.239383e+02
    endloop
  endfacet
  facet normal 9.238795e-01 3.826834e-01 -0.000000e+00
    outer loop
      vertex   -7.416317e+00 -1.199609e+02 -1.239383e+02
      vertex   -7.952748e+00 -1.186659e+02 -1.179383e+02
      vertex   -7.416317e+00 -1.199609e+02 -1.179383e+02
    endloop
  endfacet
  facet normal 8.752234e-01 4.837189e-01 -0.000000e+00
    outer loop
      vertex   -7.416317e+00 -1.199609e+02 -1.239383e+02
      vertex   -7.416317e+00 -1.199609e+02 -1.179383e+02
      vertex   -6.738258e+00 -1.211878e+02 -1.239383e+02
    endloop
  endfacet
  facet normal 8.752234e-01 4.837189e-01 -0.000000e+00
    outer loop
      vertex   -6.738258e+00 -1.211878e+02 -1.239383e+02
      vertex   -7.416317e+00 -1.199609e+02 -1.179383e+02
      vertex   -6.738258e+00 -1.211878e+02 -1.179383e+02
    endloop
  endfacet
  facet normal 8.155609e-01 5.786713e-01 -0.000000e+00
    outer loop
      vertex   -6.738258e+00 -1.211878e+02 -1.239383e+02
      vertex   -6.738258e+00 -1.211878e+02 -1.179383e+02
      vertex   -5.927099e+00 -1.223310e+02 -1.239383e+02
    endloop
  endfacet
  facet normal 8.155609e-01 5.786713e-01 -0.000000e+00
    outer loop
      vertex   -5.927099e+00 -1.223310e+02 -1.239383e+02
      vertex   -6.738258e+00 -1.211878e+02 -1.179383e+02
      vertex   -5.927099e+00 -1.223310e+02 -1.179383e+02
    endloop
  endfacet
  facet normal 7.456422e-01 6.663466e-01 -0.000000e+00
    outer loop
      vertex   -5.927099e+00 -1.223310e+02 -1.239383e+02
      vertex   -5.927099e+00 -1.223310e+02 -1.179383e+02
      vertex   -4.993041e+00 -1.233762e+02 -1.239383e+02
    endloop
  endfacet
  facet normal 7.456422e-01 6.663466e-01 -0.000000e+00
    outer loop
      vertex   -4.993041e+00 -1.233762e+02 -1.239383e+02
      vertex   -5.927099e+00 -1.223310e+02 -1.179383e+02
      vertex   -4.993041e+00 -1.233762e+02 -1.179383e+02
    endloop
  endfacet
  facet normal 6.663466e-01 7.456422e-01 -0.000000e+00
    outer loop
      vertex   -4.993041e+00 -1.233762e+02 -1.239383e+02
      vertex   -4.993041e+00 -1.233762e+02 -1.179383e+02
      vertex   -3.947828e+00 -1.243103e+02 -1.239383e+02
    endloop
  endfacet
  facet normal 6.663466e-01 7.456422e-01 -0.000000e+00
    outer loop
      vertex   -3.947828e+00 -1.243103e+02 -1.239383e+02
      vertex   -4.993041e+00 -1.233762e+02 -1.179383e+02
      vertex   -3.947828e+00 -1.243103e+02 -1.179383e+02
    endloop
  endfacet
  facet normal 5.786713e-01 8.155609e-01 -0.000000e+00
    outer loop
      vertex   -3.947828e+00 -1.243103e+02 -1.239383e+02
      vertex   -3.947828e+00 -1.243103e+02 -1.179383e+02
      vertex   -2.804607e+00 -1.251214e+02 -1.239383e+02
    endloop
  endfacet
  facet normal 5.786713e-01 8.155609e-01 -0.000000e+00
    outer loop
      vertex   -2.804607e+00 -1.251214e+02 -1.239383e+02
      vertex   -3.947828e+00 -1.243103e+02 -1.179383e+02
      vertex   -2.804607e+00 -1.251214e+02 -1.179383e+02
    endloop
  endfacet
  facet normal 4.837189e-01 8.752234e-01 -0.000000e+00
    outer loop
      vertex   -2.804607e+00 -1.251214e+02 -1.239383e+02
      vertex   -2.804607e+00 -1.251214e+02 -1.179383e+02
      vertex   -1.577753e+00 -1.257995e+02 -1.239383e+02
    endloop
  endfacet
  facet normal 4.837189e-01 8.752234e-01 -0.000000e+00
    outer loop
      vertex   -1.577753e+00 -1.257995e+02 -1.239383e+02
      vertex   -2.804607e+00 -1.251214e+02 -1.179383e+02
      vertex   -1.577753e+00 -1.257995e+02 -1.179383e+02
    endloop
  endfacet
  facet normal 3.826834e-01 9.238795e-01 -0.000000e+00
    outer loop
      vertex   -1.577753e+00 -1.257995e+02 -1.239383e+02
      vertex   -1.577753e+00 -1.257995e+02 -1.179383e+02
      vertex   -2.826941e-01 -1.263359e+02 -1.239383e+02
    endloop
  endfacet
  facet normal 3.826834e-01 9.238795e-01 -0.000000e+00
    outer loop
      vertex   -2.826941e-01 -1.263359e+02 -1.239383e+02
      vertex   -1.577753e+00 -1.257995e+02 -1.179383e+02
      vertex   -2.826941e-01 -1.263359e+02 -1.179383e+02
    endloop
  endfacet
  facet normal 2.768355e-01 9.609173e-01 -0.000000e+00
    outer loop
      vertex   -2.826941e-01 -1.263359e+02 -1.239383e+02
      vertex   -2.826941e-01 -1.263359e+02 -1.179383e+02
      vertex   1.064282e+00 -1.267240e+02 -1.239383e+02
    endloop
  endfacet
  facet normal 2.768355e-01 9.609173e-01 -0.000000e+00
    outer loop
      vertex   1.064282e+00 -1.267240e+02 -1.239383e+02
      vertex   -2.826941e-01 -1.263359e+02 -1.179383e+02
      vertex   1.064282e+00 -1.267240e+02 -1.179383e+02
    endloop
  endfacet
  facet normal 1.675062e-01 9.858710e-01 -0.000000e+00
    outer loop
      vertex   1.064282e+00 -1.267240e+02 -1.239383e+02
      vertex   1.064282e+00 -1.267240e+02 -1.179383e+02
      vertex   2.446238e+00 -1.269588e+02 -1.239383e+02
    endloop
  endfacet
  facet normal 1.675062e-01 9.858710e-01 -0.000000e+00
    outer loop
      vertex   2.446238e+00 -1.269588e+02 -1.239383e+02
      vertex   1.064282e+00 -1.267240e+02 -1.179383e+02
      vertex   2.446238e+00 -1.269588e+02 -1.179383e+02
    endloop
  endfacet
  facet normal 5.607045e-02 9.984268e-01 -0.000000e+00
    outer loop
      vertex   2.446238e+00 -1.269588e+02 -1.239383e+02
      vertex   2.446238e+00 -1.269588e+02 -1.179383e+02
      vertex   3.845794e+00 -1.270374e+02 -1.239383e+02
    endloop
  endfacet
  facet normal 5.607045e-02 9.984268e-01 -0.000000e+00
    outer loop
      vertex   3.845794e+00 -1.270374e+02 -1.239383e+02
      vertex   2.446238e+00 -1.269588e+02 -1.179383e+02
      vertex   3.845794e+00 -1.270374e+02 -1.179383e+02
    endloop
  endfacet
  facet normal -5.607045e-02 9.984268e-01 0.000000e+00
    outer loop
      vertex   3.845794e+00 -1.270374e+02 -1.239383e+02
      vertex   3.845794e+00 -1.270374e+02 -1.179383e+02
      vertex   5.245350e+00 -1.269588e+02 -1.239383e+02
    endloop
  endfacet
  facet normal -5.607045e-02 9.984268e-01 0.000000e+00
    outer loop
      vertex   5.245350e+00 -1.269588e+02 -1.239383e+02
      vertex   3.845794e+00 -1.270374e+02 -1.179383e+02
      vertex   5.245350e+00 -1.269588e+02 -1.179383e+02
    endloop
  endfacet
  facet normal -1.675062e-01 9.858710e-01 0.000000e+00
    outer loop
      vertex   5.245350e+00 -1.269588e+02 -1.239383e+02
      vertex   5.245350e+00 -1.269588e+02 -1.179383e+02
      vertex   6.627306e+00 -1.267240e+02 -1.239383e+02
    endloop
  endfacet
  facet normal -1.675062e-01 9.858710e-01 0.000000e+00
    outer loop
      vertex   6.627306e+00 -1.267240e+02 -1.239383e+02
      vertex   5.245350e+00 -1.269588e+02 -1.179383e+02
      vertex   6.627306e+00 -1.267240e+02 -1.179383e+02
    endloop
  endfacet
  facet normal -2.768355e-01 9.609173e-01 0.000000e+00
    outer loop
      vertex   6.627306e+00 -1.267240e+02 -1.239383e+02
      vertex   6.627306e+00 -1.267240e+02 -1.179383e+02
      vertex   7.974282e+00 -1.263359e+02 -1.239383e+02
    endloop
  endfacet
  facet normal -2.768355e-01 9.609173e-01 0.000000e+00
    outer loop
      vertex   7.974282e+00 -1.263359e+02 -1.239383e+02
      vertex   6.627306e+00 -1.267240e+02 -1.179383e+02
      vertex   7.974282e+00 -1.263359e+02 -1.179383e+02
    endloop
  endfacet
  facet normal -3.826834e-01 9.238795e-01 0.000000e+00
    outer loop
      vertex   7.974282e+00 -1.263359e+02 -1.239383e+02
      vertex   7.974282e+00 -1.263359e+02 -1.179383e+02
      vertex   9.269341e+00 -1.257995e+02 -1.239383e+02
    endloop
  endfacet
  facet normal -3.826834e-01 9.238795e-01 0.000000e+00
    outer loop
      vertex   9.269341e+00 -1.257995e+02 -1.239383e+02
      vertex   7.974282e+00 -1.263359e+02 -1.179383e+02
      vertex   9.269341e+00 -1.257995e+02 -1.179383e+02
    endloop
  endfacet
  facet normal -4.837189e-01 8.752234e-01 0.000000e+00
    outer loop
      vertex   9.269341e+00 -1.257995e+02 -1.239383e+02
      vertex   9.269341e+00 -1.257995e+02 -1.179383e+02
      vertex   1.049620e+01 -1.251214e+02 -1.239383e+02
    endloop
  endfacet
  facet normal -4.837189e-01 8.752234e-01 0.000000e+00
    outer loop
      vertex   1.049620e+01 -1.251214e+02 -1.239383e+02
      vertex   9.269341e+00 -1.257995e+02 -1.179383e+02
      vertex   1.049620e+01 -1.251214e+02 -1.179383e+02
    endloop
  endfacet
  facet normal -5.786713e-01 8.155609e-01 0.000000e+00
    outer loop
      vertex   1.049620e+01 -1.251214e+02 -1.239383e+02
      vertex   1.049620e+01 -1.251214e+02 -1.179383e+02
      vertex   1.163942e+01 -1.243103e+02 -1.239383e+02
    endloop
  endfacet
  facet normal -5.786713e-01 8.155609e-01 0.000000e+00
    outer loop
      vertex   1.163942e+01 -1.243103e+02 -1.239383e+02
      vertex   1.049620e+01 -1.251214e+02 -1.179383e+02
      vertex   1.163942e+01 -1.243103e+02 -1.179383e+02
    endloop
  endfacet
  facet normal -6.663466e-01 7.456422e-01 0.000000e+00
    outer loop
      vertex   1.163942e+01 -1.243103e+02 -1.239383e+02
      vertex   1.163942e+01 -1.243103e+02 -1.179383e+02
      vertex   1.268463e+01 -1.233762e+02 -1.239383e+02
    endloop
  endfacet
  facet normal -6.663466e-01 7.456422e-01 0.000000e+00
    outer loop
      vertex   1.268463e+01 -1.233762e+02 -1.239383e+02
      vertex   1.163942e+01 -1.243103e+02 -1.179383e+02
      vertex   1.268463e+01 -1.233762e+02 -1.179383e+02
    endloop
  endfacet
  facet normal -7.456422e-01 6.663466e-01 0.000000e+00
    outer loop
      vertex   1.268463e+01 -1.233762e+02 -1.239383e+02
      vertex   1.268463e+01 -1.233762e+02 -1.179383e+02
      vertex   1.361869e+01 -1.223310e+02 -1.239383e+02
    endloop
  endfacet
  facet normal -7.456422e-01 6.663466e-01 0.000000e+00
    outer loop
      vertex   1.361869e+01 -1.223310e+02 -1.239383e+02
      vertex   1.268463e+01 -1.233762e+02 -1.179383e+02
      vertex   1.361869e+01 -1.223310e+02 -1.179383e+02
    endloop
  endfacet
  facet normal -8.155609e-01 5.786713e-01 0.000000e+00
    outer loop
      vertex   1.361869e+01 -1.223310e+02 -1.239383e+02
      vertex   1.361869e+01 -1.223310e+02 -1.179383e+02
      vertex   1.442985e+01 -1.211878e+02 -1.239383e+02
    endloop
  endfacet
  facet normal -8.155609e-01 5.786713e-01 0.000000e+00
    outer loop
      vertex   1.442985e+01 -1.211878e+02 -1.239383e+02
      vertex   1.361869e+01 -1.223310e+02 -1.179383e+02
      vertex   1.442985e+01 -1.211878e+02 -1.179383e+02
    endloop
  endfacet
  facet normal -8.752234e-01 4.837189e-01 0.000000e+00
    outer loop
      vertex   1.442985e+01 -1.211878e+02 -1.239383e+02
      vertex   1.442985e+01 -1.211878e+02 -1.179383e+02
      vertex   1.510790e+01 -1.199609e+02 -1.239383e+02
    endloop
  endfacet
  facet normal -8.752234e-01 4.837189e-01 0.000000e+00
    outer loop
      vertex   1.510790e+01 -1.199609e+02 -1.239383e+02
      vertex   1.442985e+01 -1.211878e+02 -1.179383e+02
      vertex   1.510790e+01 -1.199609e+02 -1.179383e+02
    endloop
  endfacet
  facet normal -9.238795e-01 3.826834e-01 0.000000e+00
    outer loop
      vertex   1.510790e+01 -1.199609e+02 -1.239383e+02
      vertex   1.510790e+01 -1.199609e+02 -1.179383e+02
      vertex   1.564434e+01 -1.186659e+02 -1.239383e+02
    endloop
  endfacet
  facet normal -9.238795e-01 3.826834e-01 0.000000e+00
    outer loop
      vertex   1.564434e+01 -1.186659e+02 -1.239383e+02
      vertex   1.510790e+01 -1.199609e+02 -1.179383e+02
      vertex   1.564434e+01 -1.186659e+02 -1.179383e+02
    endloop
  endfacet
  facet normal -9.609173e-01 2.768355e-01 0.000000e+00
    outer loop
      vertex   1.564434e+01 -1.186659e+02 -1.239383e+02
      vertex   1.564434e+01 -1.186659e+02 -1.179383e+02
      vertex   1.603239e+01 -1.173189e+02 -1.239383e+02
    endloop
  endfacet
  facet normal -9.609173e-01 2.768355e-01 0.000000e+00
    outer loop
      vertex   1.603239e+01 -1.173189e+02 -1.239383e+02
      vertex   1.564434e+01 -1.186659e+02 -1.179383e+02
      vertex   1.603239e+01 -1.173189e+02 -1.179383e+02
    endloop
  endfacet
  facet normal -9.858710e-01 1.675062e-01 0.000000e+00
    outer loop
      vertex   1.603239e+01 -1.173189e+02 -1.239383e+02
      vertex   1.603239e+01 -1.173189e+02 -1.179383e+02
      vertex   1.626720e+01 -1.159370e+02 -1.239383e+02
    endloop
  endfacet
  facet normal -9.858710e-01 1.675062e-01 0.000000e+00
    outer loop
      vertex   1.626720e+01 -1.159370e+02 -1.239383e+02
      vertex   1.603239e+01 -1.173189e+02 -1.179383e+02
      vertex   1.626720e+01 -1.159370e+02 -1.179383e+02
    endloop
  endfacet
  facet normal -5.917543e-15 -1.000000e+00 6.017553e-16
    outer loop
      vertex   7.362924e+00 -2.100330e+02 -1.312549e+02
      vertex   1.668969e+01 -2.100330e+02 -1.340000e+02
      vertex   7.439687e+00 -2.100330e+02 -1.305000e+02
    endloop
  endfacet
  facet normal -6.145234e-15 -1.000000e+00 1.247558e-29
    outer loop
      vertex   7.439687e+00 -2.100330e+02 -1.305000e+02
      vertex   1.668969e+01 -2.100330e+02 -1.340000e+02
      vertex   1.668969e+01 -2.100330e+02 -1.270000e+02
    endloop
  endfacet
  facet normal -5.917543e-15 -1.000000e+00 -6.017553e-16
    outer loop
      vertex   7.439687e+00 -2.100330e+02 -1.305000e+02
      vertex   1.668969e+01 -2.100330e+02 -1.270000e+02
      vertex   7.362924e+00 -2.100330e+02 -1.297451e+02
    endloop
  endfacet
  facet normal -5.579419e-15 -1.000000e+00 -1.750554e-15
    outer loop
      vertex   7.362924e+00 -2.100330e+02 -1.297451e+02
      vertex   1.668969e+01 -2.100330e+02 -1.270000e+02
      vertex   7.135779e+00 -2.100330e+02 -1.290212e+02
    endloop
  endfacet
  facet normal -5.324538e-15 -1.000000e+00 -2.955360e-15
    outer loop
      vertex   7.135779e+00 -2.100330e+02 -1.290212e+02
      vertex   1.668969e+01 -2.100330e+02 -1.270000e+02
      vertex   6.767550e+00 -2.100330e+02 -1.283577e+02
    endloop
  endfacet
  facet normal -5.126699e-15 -1.000000e+00 -4.401127e-15
    outer loop
      vertex   6.767550e+00 -2.100330e+02 -1.283577e+02
      vertex   1.668969e+01 -2.100330e+02 -1.270000e+02
      vertex   6.273313e+00 -2.100330e+02 -1.277820e+02
    endloop
  endfacet
  facet normal -5.869948e-15 -1.000000e+00 5.498735e-15
    outer loop
      vertex   6.273313e+00 -2.100330e+02 -1.277820e+02
      vertex   1.668969e+01 -2.100330e+02 -1.270000e+02
      vertex   1.168969e+01 -2.100330e+02 -1.220000e+02
    endloop
  endfacet
  facet normal 0.000000e+00 -1.000000e+00 0.000000e+00
    outer loop
      vertex   6.273313e+00 -2.100330e+02 -1.277820e+02
      vertex   1.168969e+01 -2.100330e+02 -1.220000e+02
      vertex   5.673302e+00 -2.100330e+02 -1.273176e+02
    endloop
  endfacet
  facet normal 0.000000e+00 -1.000000e+00 0.000000e+00
    outer loop
      vertex   5.673302e+00 -2.100330e+02 -1.273176e+02
      vertex   1.168969e+01 -2.100330e+02 -1.220000e+02
      vertex   4.992082e+00 -2.100330e+02 -1.269834e+02
    endloop
  endfacet
  facet normal 0.000000e+00 -1.000000e+00 0.000000e+00
    outer loop
      vertex   4.992082e+00 -2.100330e+02 -1.269834e+02
      vertex   1.168969e+01 -2.100330e+02 -1.220000e+02
      vertex   4.257541e+00 -2.100330e+02 -1.267932e+02
    endloop
  endfacet
  facet normal 0.000000e+00 -1.000000e+00 0.000000e+00
    outer loop
      vertex   4.257541e+00 -2.100330e+02 -1.267932e+02
      vertex   1.168969e+01 -2.100330e+02 -1.220000e+02
      vertex   3.499753e+00 -2.100330e+02 -1.267548e+02
    endloop
  endfacet
  facet normal 0.000000e+00 -1.000000e+00 0.000000e+00
    outer loop
      vertex   3.499753e+00 -2.100330e+02 -1.267548e+02
      vertex   1.168969e+01 -2.100330e+02 -1.220000e+02
      vertex   -4.310313e+00 -2.100330e+02 -1.220000e+02
    endloop
  endfacet
  facet normal -0.000000e+00 -1.000000e+00 0.000000e+00
    outer loop
      vertex   3.499753e+00 -2.100330e+02 -1.267548e+02
      vertex   -4.310313e+00 -2.100330e+02 -1.220000e+02
      vertex   2.749740e+00 -2.100330e+02 -1.268697e+02
    endloop
  endfacet
  facet normal -0.000000e+00 -1.000000e+00 0.000000e+00
    outer loop
      vertex   2.749740e+00 -2.100330e+02 -1.268697e+02
      vertex   -4.310313e+00 -2.100330e+02 -1.220000e+02
      vertex   2.038209e+00 -2.100330e+02 -1.271332e+02
    endloop
  endfacet
  facet normal -0.000000e+00 -1.000000e+00 0.000000e+00
    outer loop
      vertex   2.038209e+00 -2.100330e+02 -1.271332e+02
      vertex   -4.310313e+00 -2.100330e+02 -1.220000e+02
      vertex   1.394290e+00 -2.100330e+02 -1.275346e+02
    endloop
  endfacet
  facet normal -0.000000e+00 -1.000000e+00 0.000000e+00
    outer loop
      vertex   1.394290e+00 -2.100330e+02 -1.275346e+02
      vertex   -4.310313e+00 -2.100330e+02 -1.220000e+02
      vertex   8.443440e-01 -2.100330e+02 -1.280574e+02
    endloop
  endfacet
  facet normal 3.070998e-15 -1.000000e+00 2.613343e-15
    outer loop
      vertex   8.443440e-01 -2.100330e+02 -1.280574e+02
      vertex   -4.310313e+00 -2.100330e+02 -1.220000e+02
      vertex   -9.310313e+00 -2.100330e+02 -1.270000e+02
    endloop
  endfacet
  facet normal 2.609748e-15 -1.000000e+00 -1.816438e-15
    outer loop
      vertex   8.443440e-01 -2.100330e+02 -1.280574e+02
      vertex   -9.310313e+00 -2.100330e+02 -1.270000e+02
      vertex   4.108872e-01 -2.100330e+02 -1.286801e+02
    endloop
  endfacet
  facet normal 2.721814e-15 -1.000000e+00 -1.168022e-15
    outer loop
      vertex   4.108872e-01 -2.100330e+02 -1.286801e+02
      vertex   -9.310313e+00 -2.100330e+02 -1.270000e+02
      vertex   1.116648e-01 -2.100330e+02 -1.293774e+02
    endloop
  endfacet
  facet normal 2.867825e-15 -1.000000e+00 -5.893531e-16
    outer loop
      vertex   1.116648e-01 -2.100330e+02 -1.293774e+02
      vertex   -9.310313e+00 -2.100330e+02 -1.270000e+02
      vertex   -4.107298e-02 -2.100330e+02 -1.301206e+02
    endloop
  endfacet
  facet normal 3.066239e-15 -1.000000e+00 -5.446735e-30
    outer loop
      vertex   -4.107298e-02 -2.100330e+02 -1.301206e+02
      vertex   -9.310313e+00 -2.100330e+02 -1.270000e+02
      vertex   -9.310313e+00 -2.100330e+02 -1.340000e+02
    endloop
  endfacet
  facet normal 3.066239e-15 -1.000000e+00 0.000000e+00
    outer loop
      vertex   -4.107298e-02 -2.100330e+02 -1.301206e+02
      vertex   -9.310313e+00 -2.100330e+02 -1.340000e+02
      vertex   -4.107298e-02 -2.100330e+02 -1.308794e+02
    endloop
  endfacet
  facet normal 2.867825e-15 -1.000000e+00 5.893531e-16
    outer loop
      vertex   -4.107298e-02 -2.100330e+02 -1.308794e+02
      vertex   -9.310313e+00 -2.100330e+02 -1.340000e+02
      vertex   1.116648e-01 -2.100330e+02 -1.316226e+02
    endloop
  endfacet
  facet normal 2.721814e-15 -1.000000e+00 1.168022e-15
    outer loop
      vertex   1.116648e-01 -2.100330e+02 -1.316226e+02
      vertex   -9.310313e+00 -2.100330e+02 -1.340000e+02
      vertex   4.108872e-01 -2.100330e+02 -1.323199e+02
    endloop
  endfacet
  facet normal 2.609748e-15 -1.000000e+00 1.816438e-15
    outer loop
      vertex   4.108872e-01 -2.100330e+02 -1.323199e+02
      vertex   -9.310313e+00 -2.100330e+02 -1.340000e+02
      vertex   8.443440e-01 -2.100330e+02 -1.329426e+02
    endloop
  endfacet
  facet normal 4.143127e-15 -1.000000e+00 -1.290990e-14
    outer loop
      vertex   8.443440e-01 -2.100330e+02 -1.329426e+02
      vertex   -9.310313e+00 -2.100330e+02 -1.340000e+02
      vertex   -4.310313e+00 -2.100330e+02 -1.390000e+02
    endloop
  endfacet
  facet normal -4.931333e-15 -1.000000e+00 -5.187759e-15
    outer loop
      vertex   8.443440e-01 -2.100330e+02 -1.329426e+02
      vertex   -4.310313e+00 -2.100330e+02 -1.390000e+02
      vertex   1.394290e+00 -2.100330e+02 -1.334654e+02
    endloop
  endfacet
  facet normal -3.897647e-15 -1.000000e+00 -6.253197e-15
    outer loop
      vertex   1.394290e+00 -2.100330e+02 -1.334654e+02
      vertex   -4.310313e+00 -2.100330e+02 -1.390000e+02
      vertex   2.038209e+00 -2.100330e+02 -1.338668e+02
    endloop
  endfacet
  facet normal -2.812824e-15 -1.000000e+00 -7.594851e-15
    outer loop
      vertex   2.038209e+00 -2.100330e+02 -1.338668e+02
      vertex   -4.310313e+00 -2.100330e+02 -1.390000e+02
      vertex   2.749740e+00 -2.100330e+02 -1.341303e+02
    endloop
  endfacet
  facet normal -1.463232e-15 -1.000000e+00 -9.551475e-15
    outer loop
      vertex   2.749740e+00 -2.100330e+02 -1.341303e+02
      vertex   -4.310313e+00 -2.100330e+02 -1.390000e+02
      vertex   3.499753e+00 -2.100330e+02 -1.342452e+02
    endloop
  endfacet
  facet normal -2.123621e-29 -1.000000e+00 -1.195492e-14
    outer loop
      vertex   3.499753e+00 -2.100330e+02 -1.342452e+02
      vertex   -4.310313e+00 -2.100330e+02 -1.390000e+02
      vertex   1.168969e+01 -2.100330e+02 -1.390000e+02
    endloop
  endfacet
  facet normal 5.575789e-16 -1.000000e+00 -1.099452e-14
    outer loop
      vertex   3.499753e+00 -2.100330e+02 -1.342452e+02
      vertex   1.168969e+01 -2.100330e+02 -1.390000e+02
      vertex   4.257541e+00 -2.100330e+02 -1.342068e+02
    endloop
  endfacet
  facet normal 2.190942e-15 -1.000000e+00 -8.461915e-15
    outer loop
      vertex   4.257541e+00 -2.100330e+02 -1.342068e+02
      vertex   1.168969e+01 -2.100330e+02 -1.390000e+02
      vertex   4.992082e+00 -2.100330e+02 -1.340166e+02
    endloop
  endfacet
  facet normal 3.372092e-15 -1.000000e+00 -6.874478e-15
    outer loop
      vertex   4.992082e+00 -2.100330e+02 -1.340166e+02
      vertex   1.168969e+01 -2.100330e+02 -1.390000e+02
      vertex   5.673302e+00 -2.100330e+02 -1.336824e+02
    endloop
  endfacet
  facet normal 4.411207e-15 -1.000000e+00 -5.698810e-15
    outer loop
      vertex   5.673302e+00 -2.100330e+02 -1.336824e+02
      vertex   1.168969e+01 -2.100330e+02 -1.390000e+02
      vertex   6.273313e+00 -2.100330e+02 -1.332180e+02
    endloop
  endfacet
  facet normal -6.663867e-15 -1.000000e+00 -1.607350e-14
    outer loop
      vertex   6.273313e+00 -2.100330e+02 -1.332180e+02
      vertex   1.168969e+01 -2.100330e+02 -1.390000e+02
      vertex   1.668969e+01 -2.100330e+02 -1.340000e+02
    endloop
  endfacet
  facet normal -5.126699e-15 -1.000000e+00 4.401127e-15
    outer loop
      vertex   6.273313e+00 -2.100330e+02 -1.332180e+02
      vertex   1.668969e+01 -2.100330e+02 -1.340000e+02
      vertex   6.767550e+00 -2.100330e+02 -1.326423e+02
    endloop
  endfacet
  facet normal -5.324538e-15 -1.000000e+00 2.955360e-15
    outer loop
      vertex   6.767550e+00 -2.100330e+02 -1.326423e+02
      vertex   1.668969e+01 -2.100330e+02 -1.340000e+02
      vertex   7.135779e+00 -2.100330e+02 -1.319788e+02
    endloop
  endfacet
  facet normal -5.579419e-15 -1.000000e+00 1.750554e-15
    outer loop
      vertex   7.135779e+00 -2.100330e+02 -1.319788e+02
      vertex   1.668969e+01 -2.100330e+02 -1.340000e+02
      vertex   7.362924e+00 -2.100330e+02 -1.312549e+02
    endloop
  endfacet
  facet normal 7.071068e-01 -5.017486e-10 7.071068e-01
    outer loop
      vertex   1.668969e+01 -2.100330e+02 -1.270000e+02
      vertex   1.668969e+01 -1.470330e+02 -1.270000e+02
      vertex   1.168969e+01 -2.100330e+02 -1.220000e+02
    endloop
  endfacet
  facet normal 7.071068e-01 -2.955468e-16 7.071068e-01
    outer loop
      vertex   1.168969e+01 -2.100330e+02 -1.220000e+02
      vertex   1.668969e+01 -1.470330e+02 -1.270000e+02
      vertex   1.168969e+01 -1.420330e+02 -1.220000e+02
    endloop
  endfacet
  facet normal 1.000000e+00 -5.221024e-16 -2.610512e-16
    outer loop
      vertex   1.668969e+01 -1.264237e+02 -1.200000e+02
      vertex   1.668969e+01 -1.400330e+02 -1.200000e+02
      vertex   1.668969e+01 -1.380330e+02 -1.240000e+02
    endloop
  endfacet
  facet normal 1.000000e+00 0.000000e+00 0.000000e+00
    outer loop
      vertex   1.668969e+01 -1.380330e+02 -1.240000e+02
      vertex   1.668969e+01 -1.400330e+02 -1.200000e+02
      vertex   1.668969e+01 -1.470330e+02 -1.270000e+02
    endloop
  endfacet
  facet normal 1.000000e+00 1.117587e-08 -3.352761e-08
    outer loop
      vertex   1.668969e+01 -1.380330e+02 -1.240000e+02
      vertex   1.668969e+01 -1.470330e+02 -1.270000e+02
      vertex   1.668969e+01 -1.400330e+02 -1.260000e+02
    endloop
  endfacet
  facet normal 1.000000e+00 6.386212e-09 -5.075305e-15
    outer loop
      vertex   1.668969e+01 -1.400330e+02 -1.260000e+02
      vertex   1.668969e+01 -1.470330e+02 -1.270000e+02
      vertex   1.668969e+01 -1.470330e+02 -1.340000e+02
    endloop
  endfacet
  facet normal 1.000000e+00 6.386207e-09 -7.894919e-16
    outer loop
      vertex   1.668969e+01 -1.400330e+02 -1.260000e+02
      vertex   1.668969e+01 -1.470330e+02 -1.340000e+02
      vertex   1.668969e+01 -1.400330e+02 -1.350000e+02
    endloop
  endfacet
  facet normal 1.000000e+00 1.117587e-08 3.352761e-08
    outer loop
      vertex   1.668969e+01 -1.400330e+02 -1.350000e+02
      vertex   1.668969e+01 -1.470330e+02 -1.340000e+02
      vertex   1.668969e+01 -1.380330e+02 -1.370000e+02
    endloop
  endfacet
  facet normal 1.000000e+00 -4.567775e-15 5.075305e-16
    outer loop
      vertex   1.668969e+01 -1.380330e+02 -1.370000e+02
      vertex   1.668969e+01 -1.470330e+02 -1.340000e+02
      vertex   1.668969e+01 -1.400330e+02 -1.410000e+02
    endloop
  endfacet
  facet normal 1.000000e+00 -5.221024e-16 -1.515306e-15
    outer loop
      vertex   1.668969e+01 -1.380330e+02 -1.370000e+02
      vertex   1.668969e+01 -1.400330e+02 -1.410000e+02
      vertex   1.668969e+01 -1.264237e+02 -1.410000e+02
    endloop
  endfacet
  facet normal 1.000000e+00 -7.095794e-10 -2.030122e-15
    outer loop
      vertex   1.668969e+01 -2.100330e+02 -1.270000e+02
      vertex   1.668969e+01 -2.100330e+02 -1.340000e+02
      vertex   1.668969e+01 -1.470330e+02 -1.270000e+02
    endloop
  endfacet
  facet normal 1.000000e+00 -7.095791e-10 -5.075305e-15
    outer loop
      vertex   1.668969e+01 -1.470330e+02 -1.270000e+02
      vertex   1.668969e+01 -2.100330e+02 -1.340000e+02
      vertex   1.668969e+01 -1.470330e+02 -1.340000e+02
    endloop
  endfacet
  facet normal 1.000000e+00 -9.180723e-16 -2.664535e-15
    outer loop
      vertex   1.668969e+01 -1.264237e+02 -1.410000e+02
      vertex   1.668969e+01 -1.264237e+02 -1.370000e+02
      vertex   1.668969e+01 -1.380330e+02 -1.370000e+02
    endloop
  endfacet
  facet normal 1.000000e+00 -1.530120e-15 2.664535e-15
    outer loop
      vertex   1.668969e+01 -1.380330e+02 -1.240000e+02
      vertex   1.668969e+01 -1.264237e+02 -1.240000e+02
      vertex   1.668969e+01 -1.264237e+02 -1.200000e+02
    endloop
  endfacet
  facet normal 1.000000e+00 -0.000000e+00 2.664535e-15
    outer loop
      vertex   1.668969e+01 -1.264237e+02 -1.200000e+02
      vertex   1.668969e+01 -1.264237e+02 -1.240000e+02
      vertex   1.668969e+01 -1.260330e+02 -1.200000e+02
    endloop
  endfacet
  facet normal 1.000000e+00 0.000000e+00 2.664535e-15
    outer loop
      vertex   1.668969e+01 -1.260330e+02 -1.200000e+02
      vertex   1.668969e+01 -1.264237e+02 -1.240000e+02
      vertex   1.668969e+01 -1.260330e+02 -1.240000e+02
    endloop
  endfacet
  facet normal -7.071068e-01 8.496971e-16 7.071068e-01
    outer loop
      vertex   -4.310313e+00 -1.420330e+02 -1.220000e+02
      vertex   -9.310313e+00 -1.470330e+02 -1.270000e+02
      vertex   -4.310313e+00 -2.100330e+02 -1.220000e+02
    endloop
  endfacet
  facet normal -7.071068e-01 -5.017482e-10 7.071068e-01
    outer loop
      vertex   -4.310313e+00 -2.100330e+02 -1.220000e+02
      vertex   -9.310313e+00 -1.470330e+02 -1.270000e+02
      vertex   -9.310313e+00 -2.100330e+02 -1.270000e+02
    endloop
  endfacet
  facet normal -1.000000e+00 -7.095788e-10 1.776357e-15
    outer loop
      vertex   -9.310313e+00 -2.100330e+02 -1.340000e+02
      vertex   -9.310313e+00 -2.100330e+02 -1.270000e+02
      vertex   -9.310313e+00 -1.470330e+02 -1.340000e+02
    endloop
  endfacet
  facet normal -1.000000e+00 -7.095786e-10 3.298948e-15
    outer loop
      vertex   -9.310313e+00 -1.470330e+02 -1.340000e+02
      vertex   -9.310313e+00 -2.100330e+02 -1.270000e+02
      vertex   -9.310313e+00 -1.470330e+02 -1.270000e+02
    endloop
  endfacet
  facet normal -1.000000e+00 6.386215e-09 3.298948e-15
    outer loop
      vertex   -9.310313e+00 -1.470330e+02 -1.340000e+02
      vertex   -9.310313e+00 -1.470330e+02 -1.270000e+02
      vertex   -9.310313e+00 -1.400330e+02 -1.350000e+02
    endloop
  endfacet
  facet normal -1.000000e+00 6.386216e-09 3.355341e-15
    outer loop
      vertex   -9.310313e+00 -1.400330e+02 -1.350000e+02
      vertex   -9.310313e+00 -1.470330e+02 -1.270000e+02
      vertex   -9.310313e+00 -1.400330e+02 -1.260000e+02
    endloop
  endfacet
  facet normal -1.000000e+00 1.117588e-08 -3.352764e-08
    outer loop
      vertex   -9.310313e+00 -1.400330e+02 -1.260000e+02
      vertex   -9.310313e+00 -1.470330e+02 -1.270000e+02
      vertex   -9.310313e+00 -1.380330e+02 -1.240000e+02
    endloop
  endfacet
  facet normal -1.000000e+00 -2.072416e-15 2.072416e-15
    outer loop
      vertex   -9.310313e+00 -1.380330e+02 -1.240000e+02
      vertex   -9.310313e+00 -1.470330e+02 -1.270000e+02
      vertex   -9.310313e+00 -1.400330e+02 -1.200000e+02
    endloop
  endfacet
  facet normal -1.000000e+00 1.654701e-15 3.935975e-15
    outer loop
      vertex   -9.310313e+00 -1.380330e+02 -1.240000e+02
      vertex   -9.310313e+00 -1.400330e+02 -1.200000e+02
      vertex   -9.310313e+00 -1.260772e+02 -1.200000e+02
    endloop
  endfacet
  facet normal -1.000000e+00 -4.017048e-13 4.440892e-15
    outer loop
      vertex   -9.310313e+00 -1.260330e+02 -1.200000e+02
      vertex   -9.310313e+00 -1.260330e+02 -1.240000e+02
      vertex   -9.310313e+00 -1.260772e+02 -1.200000e+02
    endloop
  endfacet
  facet normal -1.000000e+00 0.000000e+00 8.881784e-15
    outer loop
      vertex   -9.310313e+00 -1.260772e+02 -1.200000e+02
      vertex   -9.310313e+00 -1.260330e+02 -1.240000e+02
      vertex   -9.310313e+00 -1.260772e+02 -1.240000e+02
    endloop
  endfacet
  facet normal -1.000000e+00 1.055705e-29 8.881784e-15
    outer loop
      vertex   -9.310313e+00 -1.260772e+02 -1.200000e+02
      vertex   -9.310313e+00 -1.260772e+02 -1.240000e+02
      vertex   -9.310313e+00 -1.380330e+02 -1.240000e+02
    endloop
  endfacet
  facet normal -1.000000e+00 1.117587e-08 3.352762e-08
    outer loop
      vertex   -9.310313e+00 -1.400330e+02 -1.350000e+02
      vertex   -9.310313e+00 -1.380330e+02 -1.370000e+02
      vertex   -9.310313e+00 -1.470330e+02 -1.340000e+02
    endloop
  endfacet
  facet normal -1.000000e+00 1.945534e-15 -8.458842e-17
    outer loop
      vertex   -9.310313e+00 -1.470330e+02 -1.340000e+02
      vertex   -9.310313e+00 -1.380330e+02 -1.370000e+02
      vertex   -9.310313e+00 -1.400330e+02 -1.410000e+02
    endloop
  endfacet
  facet normal -1.000000e+00 1.272847e-15 2.517550e-16
    outer loop
      vertex   -9.310313e+00 -1.400330e+02 -1.410000e+02
      vertex   -9.310313e+00 -1.380330e+02 -1.370000e+02
      vertex   -9.310313e+00 -1.260772e+02 -1.410000e+02
    endloop
  endfacet
  facet normal -1.000000e+00 1.485772e-15 8.881784e-16
    outer loop
      vertex   -9.310313e+00 -1.260772e+02 -1.410000e+02
      vertex   -9.310313e+00 -1.380330e+02 -1.370000e+02
      vertex   -9.310313e+00 -1.260772e+02 -1.370000e+02
    endloop
  endfacet
  facet normal 7.071068e-01 1.108301e-16 -7.071068e-01
    outer loop
      vertex   1.168969e+01 -1.420330e+02 -1.390000e+02
      vertex   1.668969e+01 -1.470330e+02 -1.340000e+02
      vertex   1.168969e+01 -2.100330e+02 -1.390000e+02
    endloop
  endfacet
  facet normal 7.071068e-01 -5.017479e-10 -7.071068e-01
    outer loop
      vertex   1.168969e+01 -2.100330e+02 -1.390000e+02
      vertex   1.668969e+01 -1.470330e+02 -1.340000e+02
      vertex   1.668969e+01 -2.100330e+02 -1.340000e+02
    endloop
  endfacet
  facet normal -7.071068e-01 -5.017477e-10 -7.071068e-01
    outer loop
      vertex   -9.310313e+00 -2.100330e+02 -1.340000e+02
      vertex   -9.310313e+00 -1.470330e+02 -1.340000e+02
      vertex   -4.310313e+00 -2.100330e+02 -1.390000e+02
    endloop
  endfacet
  facet normal -7.071068e-01 1.662451e-16 -7.071068e-01
    outer loop
      vertex   -4.310313e+00 -2.100330e+02 -1.390000e+02
      vertex   -9.310313e+00 -1.470330e+02 -1.340000e+02
      vertex   -4.310313e+00 -1.420330e+02 -1.390000e+02
    endloop
  endfacet
  facet normal -1.776357e-15 4.179663e-16 -1.000000e+00
    outer loop
      vertex   1.168969e+01 -2.100330e+02 -1.390000e+02
      vertex   -4.310313e+00 -2.100330e+02 -1.390000e+02
      vertex   1.168969e+01 -1.420330e+02 -1.390000e+02
    endloop
  endfacet
  facet normal 1.776357e-15 -4.179663e-16 -1.000000e+00
    outer loop
      vertex   1.168969e+01 -1.420330e+02 -1.390000e+02
      vertex   -4.310313e+00 -2.100330e+02 -1.390000e+02
      vertex   -4.310313e+00 -1.420330e+02 -1.390000e+02
    endloop
  endfacet
  facet normal -1.000000e+00 -4.017048e-13 6.217249e-15
    outer loop
      vertex   -9.310313e+00 -1.260772e+02 -1.360000e+02
      vertex   -9.310313e+00 -1.260772e+02 -1.320000e+02
      vertex   -9.310313e+00 -1.260330e+02 -1.360000e+02
    endloop
  endfacet
  facet normal -1.000000e+00 -1.606819e-13 8.881784e-15
    outer loop
      vertex   -9.310313e+00 -1.260330e+02 -1.360000e+02
      vertex   -9.310313e+00 -1.260772e+02 -1.320000e+02
      vertex   -9.310313e+00 -1.260330e+02 -1.320000e+02
    endloop
  endfacet
  facet normal -7.521463e-01 -6.589962e-01 5.025722e-16
    outer loop
      vertex   -9.323215e+00 -1.260625e+02 -1.240000e+02
      vertex   -9.323215e+00 -1.260625e+02 -1.320000e+02
      vertex   -9.310313e+00 -1.260772e+02 -1.240000e+02
    endloop
  endfacet
  facet normal -7.521463e-01 -6.589962e-01 -5.178853e-15
    outer loop
      vertex   -9.310313e+00 -1.260772e+02 -1.240000e+02
      vertex   -9.323215e+00 -1.260625e+02 -1.320000e+02
      vertex   -9.310313e+00 -1.260772e+02 -1.320000e+02
    endloop
  endfacet
  facet normal -7.202967e-01 -6.936661e-01 -5.070710e-15
    outer loop
      vertex   -9.310313e+00 -1.260772e+02 -1.240000e+02
      vertex   -9.310313e+00 -1.260772e+02 -1.320000e+02
      vertex   -8.181203e+00 -1.272496e+02 -1.240000e+02
    endloop
  endfacet
  facet normal -7.202967e-01 -6.936661e-01 -2.952701e-16
    outer loop
      vertex   -8.181203e+00 -1.272496e+02 -1.240000e+02
      vertex   -9.310313e+00 -1.260772e+02 -1.320000e+02
      vertex   -8.181203e+00 -1.272496e+02 -1.370000e+02
    endloop
  endfacet
  facet normal -6.527301e-01 -7.575906e-01 -2.675727e-16
    outer loop
      vertex   -8.181203e+00 -1.272496e+02 -1.240000e+02
      vertex   -8.181203e+00 -1.272496e+02 -1.370000e+02
      vertex   -6.948041e+00 -1.283121e+02 -1.370000e+02
    endloop
  endfacet
  facet normal -7.528831e-01 -6.581543e-01 5.004223e-16
    outer loop
      vertex   -9.323215e+00 -1.260625e+02 -1.320000e+02
      vertex   -9.323215e+00 -1.260625e+02 -1.240000e+02
      vertex   -9.336101e+00 -1.260477e+02 -1.320000e+02
    endloop
  endfacet
  facet normal -7.528831e-01 -6.581543e-01 -3.354458e-16
    outer loop
      vertex   -9.336101e+00 -1.260477e+02 -1.320000e+02
      vertex   -9.323215e+00 -1.260625e+02 -1.240000e+02
      vertex   -9.336101e+00 -1.260477e+02 -1.240000e+02
    endloop
  endfacet
  facet normal -7.536189e-01 -6.573116e-01 -3.384133e-16
    outer loop
      vertex   -9.336101e+00 -1.260477e+02 -1.320000e+02
      vertex   -9.336101e+00 -1.260477e+02 -1.240000e+02
      vertex   -9.348970e+00 -1.260330e+02 -1.320000e+02
    endloop
  endfacet
  facet normal -7.536189e-01 -6.573116e-01 -4.518099e-15
    outer loop
      vertex   -9.348970e+00 -1.260330e+02 -1.320000e+02
      vertex   -9.336101e+00 -1.260477e+02 -1.240000e+02
      vertex   -9.348970e+00 -1.260330e+02 -1.240000e+02
    endloop
  endfacet
  facet normal -7.557324e-01 -6.548805e-01 -4.530770e-15
    outer loop
      vertex   -9.348970e+00 -1.260330e+02 -1.320000e+02
      vertex   -9.348970e+00 -1.260330e+02 -1.240000e+02
      vertex   -9.409984e+00 -1.259626e+02 -1.429383e+02
    endloop
  endfacet
  facet normal -7.557324e-01 -6.548805e-01 0.000000e+00
    outer loop
      vertex   -9.409984e+00 -1.259626e+02 -1.429383e+02
      vertex   -9.348970e+00 -1.260330e+02 -1.240000e+02
      vertex   -9.348970e+00 -1.260330e+02 -1.200000e+02
    endloop
  endfacet
  facet normal -7.751603e-01 -6.317646e-01 1.226317e-04
    outer loop
      vertex   -9.409984e+00 -1.259626e+02 -1.429383e+02
      vertex   -9.348970e+00 -1.260330e+02 -1.200000e+02
      vertex   -1.008004e+01 -1.251356e+02 -1.179383e+02
    endloop
  endfacet
  facet normal -7.660190e-01 -6.427662e-01 8.152909e-03
    outer loop
      vertex   -1.008004e+01 -1.251356e+02 -1.179383e+02
      vertex   -9.348970e+00 -1.260330e+02 -1.200000e+02
      vertex   -9.009561e+00 -1.264113e+02 -1.179383e+02
    endloop
  endfacet
  facet normal -7.536145e-01 -6.573077e-01 3.442264e-03
    outer loop
      vertex   -9.009561e+00 -1.264113e+02 -1.179383e+02
      vertex   -9.348970e+00 -1.260330e+02 -1.200000e+02
      vertex   -9.336101e+00 -1.260477e+02 -1.200000e+02
    endloop
  endfacet
  facet normal -7.528793e-01 -6.581509e-01 3.177106e-03
    outer loop
      vertex   -9.009561e+00 -1.264113e+02 -1.179383e+02
      vertex   -9.336101e+00 -1.260477e+02 -1.200000e+02
      vertex   -9.323215e+00 -1.260625e+02 -1.200000e+02
    endloop
  endfacet
  facet normal -7.521431e-01 -6.589933e-01 2.922567e-03
    outer loop
      vertex   -9.323215e+00 -1.260625e+02 -1.200000e+02
      vertex   -9.310313e+00 -1.260772e+02 -1.200000e+02
      vertex   -9.009561e+00 -1.264113e+02 -1.179383e+02
    endloop
  endfacet
  facet normal -7.202773e-01 -6.936474e-01 -7.342089e-03
    outer loop
      vertex   -9.009561e+00 -1.264113e+02 -1.179383e+02
      vertex   -9.310313e+00 -1.260772e+02 -1.200000e+02
      vertex   -8.181203e+00 -1.272496e+02 -1.200000e+02
    endloop
  endfacet
  facet normal -7.014527e-01 -7.126716e-01 7.957175e-03
    outer loop
      vertex   -9.009561e+00 -1.264113e+02 -1.179383e+02
      vertex   -8.181203e+00 -1.272496e+02 -1.200000e+02
      vertex   -7.822663e+00 -1.275795e+02 -1.179383e+02
    endloop
  endfacet
  facet normal -6.527107e-01 -7.575681e-01 -7.703020e-03
    outer loop
      vertex   -7.822663e+00 -1.275795e+02 -1.179383e+02
      vertex   -8.181203e+00 -1.272496e+02 -1.200000e+02
      vertex   -6.948041e+00 -1.283121e+02 -1.200000e+02
    endloop
  endfacet
  facet normal -6.305310e-01 -7.761197e-01 8.298445e-03
    outer loop
      vertex   -7.822663e+00 -1.275795e+02 -1.179383e+02
      vertex   -6.948041e+00 -1.283121e+02 -1.200000e+02
      vertex   -6.530095e+00 -1.286296e+02 -1.179383e+02
    endloop
  endfacet
  facet normal -5.794977e-01 -8.149344e-01 -8.024636e-03
    outer loop
      vertex   -6.530095e+00 -1.286296e+02 -1.179383e+02
      vertex   -6.948041e+00 -1.283121e+02 -1.200000e+02
      vertex   -5.621495e+00 -1.292554e+02 -1.200000e+02
    endloop
  endfacet
  facet normal -5.538996e-01 -8.325391e-01 8.600399e-03
    outer loop
      vertex   -6.530095e+00 -1.286296e+02 -1.179383e+02
      vertex   -5.621495e+00 -1.292554e+02 -1.200000e+02
      vertex   -5.143560e+00 -1.295521e+02 -1.179383e+02
    endloop
  endfacet
  facet normal -5.012715e-01 -8.652502e-01 -8.306935e-03
    outer loop
      vertex   -5.143560e+00 -1.295521e+02 -1.179383e+02
      vertex   -5.621495e+00 -1.292554e+02 -1.200000e+02
      vertex   -4.213042e+00 -1.300714e+02 -1.200000e+02
    endloop
  endfacet
  facet normal -4.722525e-01 -8.814187e-01 8.863038e-03
    outer loop
      vertex   -5.143560e+00 -1.295521e+02 -1.179383e+02
      vertex   -4.213042e+00 -1.300714e+02 -1.200000e+02
      vertex   -3.675617e+00 -1.303386e+02 -1.179383e+02
    endloop
  endfacet
  facet normal -4.187091e-01 -9.080802e-01 -8.549919e-03
    outer loop
      vertex   -3.675617e+00 -1.303386e+02 -1.179383e+02
      vertex   -4.213042e+00 -1.300714e+02 -1.200000e+02
      vertex   -2.734867e+00 -1.307530e+02 -1.200000e+02
    endloop
  endfacet
  facet normal -3.863292e-01 -9.223162e-01 9.086360e-03
    outer loop
      vertex   -3.675617e+00 -1.303386e+02 -1.179383e+02
      vertex   -2.734867e+00 -1.307530e+02 -1.200000e+02
      vertex   -2.139558e+00 -1.309820e+02 -1.179383e+02
    endloop
  endfacet
  facet normal -3.325246e-01 -9.430539e-01 -8.753585e-03
    outer loop
      vertex   -2.139558e+00 -1.309820e+02 -1.179383e+02
      vertex   -2.734867e+00 -1.307530e+02 -1.200000e+02
      vertex   -1.199759e+00 -1.312943e+02 -1.200000e+02
    endloop
  endfacet
  facet normal -2.969076e-01 -9.548612e-01 9.270365e-03
    outer loop
      vertex   -2.139558e+00 -1.309820e+02 -1.179383e+02
      vertex   -1.199759e+00 -1.312943e+02 -1.200000e+02
      vertex   -5.492957e-01 -1.314765e+02 -1.179383e+02
    endloop
  endfacet
  facet normal -2.434637e-01 -9.698690e-01 -8.917933e-03
    outer loop
      vertex   -5.492957e-01 -1.314765e+02 -1.179383e+02
      vertex   -1.199759e+00 -1.312943e+02 -1.200000e+02
      vertex   3.790004e-01 -1.316906e+02 -1.200000e+02
    endloop
  endfacet
  facet normal -2.047976e-01 -9.787591e-01 9.415054e-03
    outer loop
      vertex   -5.492957e-01 -1.314765e+02 -1.179383e+02
      vertex   3.790004e-01 -1.316906e+02 -1.200000e+02
      vertex   1.080770e+00 -1.318176e+02 -1.179383e+02
    endloop
  endfacet
  facet normal -1.522967e-01 -9.882934e-01 -9.042965e-03
    outer loop
      vertex   1.080770e+00 -1.318176e+02 -1.179383e+02
      vertex   3.790004e-01 -1.316906e+02 -1.200000e+02
      vertex   1.987753e+00 -1.319385e+02 -1.200000e+02
    endloop
  endfacet
  facet normal -1.108332e-01 -9.937934e-01 9.520425e-03
    outer loop
      vertex   1.080770e+00 -1.318176e+02 -1.179383e+02
      vertex   1.987753e+00 -1.319385e+02 -1.200000e+02
      vertex   2.735876e+00 -1.320022e+02 -1.179383e+02
    endloop
  endfacet
  facet normal -5.981233e-02 -9.981679e-01 -9.128678e-03
    outer loop
      vertex   2.735876e+00 -1.320022e+02 -1.179383e+02
      vertex   1.987753e+00 -1.319385e+02 -1.200000e+02
      vertex   3.612581e+00 -1.320358e+02 -1.200000e+02
    endloop
  endfacet
  facet normal -1.586523e-02 -9.998282e-01 9.586478e-03
    outer loop
      vertex   2.735876e+00 -1.320022e+02 -1.179383e+02
      vertex   3.612581e+00 -1.320358e+02 -1.200000e+02
      vertex   4.401033e+00 -1.320286e+02 -1.179383e+02
    endloop
  endfacet
  facet normal 3.318938e-02 -9.994070e-01 -9.175074e-03
    outer loop
      vertex   4.401033e+00 -1.320286e+02 -1.179383e+02
      vertex   3.612581e+00 -1.320358e+02 -1.200000e+02
      vertex   5.239427e+00 -1.319818e+02 -1.200000e+02
    endloop
  endfacet
  facet normal 7.924629e-02 -9.968087e-01 9.613214e-03
    outer loop
      vertex   4.401033e+00 -1.320286e+02 -1.179383e+02
      vertex   5.239427e+00 -1.319818e+02 -1.200000e+02
      vertex   6.061162e+00 -1.318966e+02 -1.179383e+02
    endloop
  endfacet
  facet normal 1.259039e-01 -9.919999e-01 -9.182151e-03
    outer loop
      vertex   6.061162e+00 -1.318966e+02 -1.179383e+02
      vertex   5.239427e+00 -1.319818e+02 -1.200000e+02
      vertex   6.854216e+00 -1.317769e+02 -1.200000e+02
    endloop
  endfacet
  facet normal 1.736402e-01 -9.847624e-01 9.600633e-03
    outer loop
      vertex   6.061162e+00 -1.318966e+02 -1.179383e+02
      vertex   6.854216e+00 -1.317769e+02 -1.200000e+02
      vertex   7.701228e+00 -1.316074e+02 -1.179383e+02
    endloop
  endfacet
  facet normal 2.175293e-01 -9.760109e-01 -9.149911e-03
    outer loop
      vertex   7.701228e+00 -1.316074e+02 -1.179383e+02
      vertex   6.854216e+00 -1.317769e+02 -1.200000e+02
      vertex   8.442977e+00 -1.314228e+02 -1.200000e+02
    endloop
  endfacet
  facet normal 2.664617e-01 -9.637982e-01 9.548734e-03
    outer loop
      vertex   7.701228e+00 -1.316074e+02 -1.179383e+02
      vertex   8.442977e+00 -1.314228e+02 -1.200000e+02
      vertex   9.306379e+00 -1.311636e+02 -1.179383e+02
    endloop
  endfacet
  facet normal 3.072728e-01 -9.515782e-01 -9.078352e-03
    outer loop
      vertex   9.306379e+00 -1.311636e+02 -1.179383e+02
      vertex   8.442977e+00 -1.314228e+02 -1.200000e+02
      vertex   9.991965e+00 -1.309226e+02 -1.200000e+02
    endloop
  endfacet
  facet normal 3.568703e-01 -9.341061e-01 9.457518e-03
    outer loop
      vertex   9.306379e+00 -1.311636e+02 -1.179383e+02
      vertex   9.991965e+00 -1.309226e+02 -1.200000e+02
      vertex   1.086208e+01 -1.305693e+02 -1.179383e+02
    endloop
  endfacet
  facet normal 3.943582e-01 -9.189131e-01 -8.967476e-03
    outer loop
      vertex   1.086208e+01 -1.305693e+02 -1.179383e+02
      vertex   9.991965e+00 -1.309226e+02 -1.200000e+02
      vertex   1.148778e+01 -1.302806e+02 -1.200000e+02
    endloop
  endfacet
  facet normal 4.440473e-01 -8.959548e-01 9.326984e-03
    outer loop
      vertex   1.086208e+01 -1.305693e+02 -1.179383e+02
      vertex   1.148778e+01 -1.302806e+02 -1.200000e+02
      vertex   1.235424e+01 -1.298298e+02 -1.179383e+02
    endloop
  endfacet
  facet normal 4.780321e-01 -8.782981e-01 -8.817282e-03
    outer loop
      vertex   1.235424e+01 -1.298298e+02 -1.179383e+02
      vertex   1.148778e+01 -1.302806e+02 -1.200000e+02
      vertex   1.291748e+01 -1.295025e+02 -1.200000e+02
    endloop
  endfacet
  facet normal 5.272034e-01 -8.496898e-01 9.157134e-03
    outer loop
      vertex   1.235424e+01 -1.298298e+02 -1.179383e+02
      vertex   1.291748e+01 -1.295025e+02 -1.200000e+02
      vertex   1.376934e+01 -1.289517e+02 -1.179383e+02
    endloop
  endfacet
  facet normal 5.575706e-01 -8.300847e-01 -8.627771e-03
    outer loop
      vertex   1.376934e+01 -1.289517e+02 -1.179383e+02
      vertex   1.291748e+01 -1.295025e+02 -1.200000e+02
      vertex   1.426869e+01 -1.285949e+02 -1.200000e+02
    endloop
  endfacet
  facet normal 6.055854e-01 -7.957300e-01 8.947966e-03
    outer loop
      vertex   1.376934e+01 -1.289517e+02 -1.179383e+02
      vertex   1.426869e+01 -1.285949e+02 -1.200000e+02
      vertex   1.509458e+01 -1.279432e+02 -1.179383e+02
    endloop
  endfacet
  facet normal 6.322857e-01 -7.746897e-01 -8.398942e-03
    outer loop
      vertex   1.509458e+01 -1.279432e+02 -1.179383e+02
      vertex   1.426869e+01 -1.285949e+02 -1.200000e+02
      vertex   1.552973e+01 -1.275657e+02 -1.200000e+02
    endloop
  endfacet
  facet normal 6.784837e-01 -7.345639e-01 8.699482e-03
    outer loop
      vertex   1.509458e+01 -1.279432e+02 -1.179383e+02
      vertex   1.552973e+01 -1.275657e+02 -1.200000e+02
      vertex   1.631794e+01 -1.268132e+02 -1.179383e+02
    endloop
  endfacet
  facet normal 7.015311e-01 -7.125925e-01 -8.130797e-03
    outer loop
      vertex   1.631794e+01 -1.268132e+02 -1.179383e+02
      vertex   1.552973e+01 -1.275657e+02 -1.200000e+02
      vertex   1.668969e+01 -1.264237e+02 -1.200000e+02
    endloop
  endfacet
  facet normal 7.373143e-01 -6.755289e-01 5.323532e-03
    outer loop
      vertex   1.631794e+01 -1.268132e+02 -1.179383e+02
      vertex   1.668969e+01 -1.264237e+02 -1.200000e+02
      vertex   1.680795e+01 -1.262946e+02 -1.200000e+02
    endloop
  endfacet
  facet normal 7.440167e-01 -6.681033e-01 8.784248e-03
    outer loop
      vertex   1.680795e+01 -1.262946e+02 -1.200000e+02
      vertex   1.692491e+01 -1.261644e+02 -1.200000e+02
      vertex   1.631794e+01 -1.268132e+02 -1.179383e+02
    endloop
  endfacet
  facet normal 7.452303e-01 -6.667385e-01 9.571068e-03
    outer loop
      vertex   1.631794e+01 -1.268132e+02 -1.179383e+02
      vertex   1.692491e+01 -1.261644e+02 -1.200000e+02
      vertex   1.742836e+01 -1.255721e+02 -1.179383e+02
    endloop
  endfacet
  facet normal 7.506758e-01 -6.606389e-01 6.488939e-03
    outer loop
      vertex   1.742836e+01 -1.255721e+02 -1.179383e+02
      vertex   1.692491e+01 -1.261644e+02 -1.200000e+02
      vertex   1.704056e+01 -1.260330e+02 -1.200000e+02
    endloop
  endfacet
  facet normal 7.651798e-01 -6.438166e-01 -5.932705e-15
    outer loop
      vertex   1.742836e+01 -1.255721e+02 -1.179383e+02
      vertex   1.704056e+01 -1.260330e+02 -1.200000e+02
      vertex   1.704056e+01 -1.260330e+02 -1.240000e+02
    endloop
  endfacet
  facet normal 7.506916e-01 -6.606528e-01 3.187292e-15
    outer loop
      vertex   1.692491e+01 -1.261644e+02 -1.240000e+02
      vertex   1.692491e+01 -1.261644e+02 -1.320000e+02
      vertex   1.704056e+01 -1.260330e+02 -1.240000e+02
    endloop
  endfacet
  facet normal 7.506916e-01 -6.606528e-01 1.680362e-15
    outer loop
      vertex   1.704056e+01 -1.260330e+02 -1.240000e+02
      vertex   1.692491e+01 -1.261644e+02 -1.320000e+02
      vertex   1.704056e+01 -1.260330e+02 -1.320000e+02
    endloop
  endfacet
  facet normal 7.651798e-01 -6.438166e-01 1.607680e-15
    outer loop
      vertex   1.704056e+01 -1.260330e+02 -1.240000e+02
      vertex   1.704056e+01 -1.260330e+02 -1.320000e+02
      vertex   1.742836e+01 -1.255721e+02 -1.179383e+02
    endloop
  endfacet
  facet normal 7.651798e-01 -6.438166e-01 -6.612375e-15
    outer loop
      vertex   1.742836e+01 -1.255721e+02 -1.179383e+02
      vertex   1.704056e+01 -1.260330e+02 -1.320000e+02
      vertex   1.704056e+01 -1.260330e+02 -1.360000e+02
    endloop
  endfacet
  facet normal 7.651362e-01 -6.438684e-01 2.258224e-06
    outer loop
      vertex   1.742836e+01 -1.255721e+02 -1.179383e+02
      vertex   1.704056e+01 -1.260330e+02 -1.360000e+02
      vertex   1.704116e+01 -1.260323e+02 -1.429383e+02
    endloop
  endfacet
  facet normal 7.506916e-01 -6.606528e-01 -6.633497e-07
    outer loop
      vertex   1.704116e+01 -1.260323e+02 -1.429383e+02
      vertex   1.704056e+01 -1.260330e+02 -1.360000e+02
      vertex   1.692491e+01 -1.261644e+02 -1.360000e+02
    endloop
  endfacet
  facet normal 7.433735e-01 -6.688765e-01 -2.798547e-04
    outer loop
      vertex   1.704116e+01 -1.260323e+02 -1.429383e+02
      vertex   1.692491e+01 -1.261644e+02 -1.360000e+02
      vertex   1.668969e+01 -1.264237e+02 -1.410000e+02
    endloop
  endfacet
  facet normal 7.440453e-01 -6.681290e-01 -3.502247e-04
    outer loop
      vertex   1.668969e+01 -1.264237e+02 -1.410000e+02
      vertex   1.692491e+01 -1.261644e+02 -1.360000e+02
      vertex   1.680795e+01 -1.262946e+02 -1.360000e+02
    endloop
  endfacet
  facet normal 7.373248e-01 -6.755384e-01 -1.964628e-15
    outer loop
      vertex   1.668969e+01 -1.264237e+02 -1.410000e+02
      vertex   1.680795e+01 -1.262946e+02 -1.360000e+02
      vertex   1.668969e+01 -1.264237e+02 -1.370000e+02
    endloop
  endfacet
  facet normal 7.373248e-01 -6.755384e-01 3.229748e-14
    outer loop
      vertex   1.668969e+01 -1.264237e+02 -1.370000e+02
      vertex   1.680795e+01 -1.262946e+02 -1.360000e+02
      vertex   1.668969e+01 -1.264237e+02 -1.360000e+02
    endloop
  endfacet
  facet normal 7.015543e-01 -7.126160e-01 3.271587e-14
    outer loop
      vertex   1.668969e+01 -1.264237e+02 -1.370000e+02
      vertex   1.668969e+01 -1.264237e+02 -1.360000e+02
      vertex   1.552973e+01 -1.275657e+02 -1.370000e+02
    endloop
  endfacet
  facet normal 7.015543e-01 -7.126160e-01 -6.309083e-15
    outer loop
      vertex   1.552973e+01 -1.275657e+02 -1.370000e+02
      vertex   1.668969e+01 -1.264237e+02 -1.360000e+02
      vertex   1.668969e+01 -1.264237e+02 -1.320000e+02
    endloop
  endfacet
  facet normal 7.015543e-01 -7.126160e-01 6.710365e-16
    outer loop
      vertex   1.552973e+01 -1.275657e+02 -1.370000e+02
      vertex   1.668969e+01 -1.264237e+02 -1.320000e+02
      vertex   1.552973e+01 -1.275657e+02 -1.240000e+02
    endloop
  endfacet
  facet normal 7.015543e-01 -7.126160e-01 -9.207851e-16
    outer loop
      vertex   1.552973e+01 -1.275657e+02 -1.240000e+02
      vertex   1.668969e+01 -1.264237e+02 -1.320000e+02
      vertex   1.668969e+01 -1.264237e+02 -1.240000e+02
    endloop
  endfacet
  facet normal 7.373248e-01 -6.755384e-01 -9.823139e-16
    outer loop
      vertex   1.668969e+01 -1.264237e+02 -1.240000e+02
      vertex   1.668969e+01 -1.264237e+02 -1.320000e+02
      vertex   1.680795e+01 -1.262946e+02 -1.240000e+02
    endloop
  endfacet
  facet normal 7.373248e-01 -6.755384e-01 3.054871e-15
    outer loop
      vertex   1.680795e+01 -1.262946e+02 -1.240000e+02
      vertex   1.668969e+01 -1.264237e+02 -1.320000e+02
      vertex   1.680795e+01 -1.262946e+02 -1.320000e+02
    endloop
  endfacet
  facet normal 7.440454e-01 -6.681291e-01 3.034516e-15
    outer loop
      vertex   1.680795e+01 -1.262946e+02 -1.240000e+02
      vertex   1.680795e+01 -1.262946e+02 -1.320000e+02
      vertex   1.692491e+01 -1.261644e+02 -1.240000e+02
    endloop
  endfacet
  facet normal 7.440454e-01 -6.681291e-01 3.230084e-15
    outer loop
      vertex   1.692491e+01 -1.261644e+02 -1.240000e+02
      vertex   1.680795e+01 -1.262946e+02 -1.320000e+02
      vertex   1.692491e+01 -1.261644e+02 -1.320000e+02
    endloop
  endfacet
  facet normal 6.323080e-01 -7.747171e-01 6.048025e-16
    outer loop
      vertex   1.552973e+01 -1.275657e+02 -1.240000e+02
      vertex   1.426869e+01 -1.285949e+02 -1.240000e+02
      vertex   1.552973e+01 -1.275657e+02 -1.370000e+02
    endloop
  endfacet
  facet normal 6.323080e-01 -7.747171e-01 8.604488e-16
    outer loop
      vertex   1.552973e+01 -1.275657e+02 -1.370000e+02
      vertex   1.426869e+01 -1.285949e+02 -1.240000e+02
      vertex   1.426869e+01 -1.285949e+02 -1.370000e+02
    endloop
  endfacet
  facet normal 5.575914e-01 -8.301156e-01 7.619086e-16
    outer loop
      vertex   1.426869e+01 -1.285949e+02 -1.370000e+02
      vertex   1.426869e+01 -1.285949e+02 -1.240000e+02
      vertex   1.291748e+01 -1.295025e+02 -1.240000e+02
    endloop
  endfacet
  facet normal 5.575914e-01 -8.301156e-01 6.925563e-16
    outer loop
      vertex   1.426869e+01 -1.285949e+02 -1.370000e+02
      vertex   1.291748e+01 -1.295025e+02 -1.240000e+02
      vertex   1.291748e+01 -1.295025e+02 -1.370000e+02
    endloop
  endfacet
  facet normal 4.780506e-01 -8.783323e-01 5.878997e-16
    outer loop
      vertex   1.291748e+01 -1.295025e+02 -1.370000e+02
      vertex   1.291748e+01 -1.295025e+02 -1.240000e+02
      vertex   1.148778e+01 -1.302806e+02 -1.240000e+02
    endloop
  endfacet
  facet normal 4.780506e-01 -8.783323e-01 5.876235e-16
    outer loop
      vertex   1.291748e+01 -1.295025e+02 -1.370000e+02
      vertex   1.148778e+01 -1.302806e+02 -1.240000e+02
      vertex   1.148778e+01 -1.302806e+02 -1.370000e+02
    endloop
  endfacet
  facet normal 3.943740e-01 -9.189500e-01 4.849954e-16
    outer loop
      vertex   1.148778e+01 -1.302806e+02 -1.370000e+02
      vertex   1.148778e+01 -1.302806e+02 -1.240000e+02
      vertex   9.991965e+00 -1.309226e+02 -1.240000e+02
    endloop
  endfacet
  facet normal 3.943740e-01 -9.189500e-01 2.387221e-15
    outer loop
      vertex   1.148778e+01 -1.302806e+02 -1.370000e+02
      vertex   9.991965e+00 -1.309226e+02 -1.240000e+02
      vertex   9.991965e+00 -1.309226e+02 -1.370000e+02
    endloop
  endfacet
  facet normal 3.072854e-01 -9.516174e-01 2.374426e-15
    outer loop
      vertex   9.991965e+00 -1.309226e+02 -1.370000e+02
      vertex   9.991965e+00 -1.309226e+02 -1.240000e+02
      vertex   8.442977e+00 -1.314228e+02 -1.240000e+02
    endloop
  endfacet
  facet normal 3.072854e-01 -9.516174e-01 2.292781e-15
    outer loop
      vertex   9.991965e+00 -1.309226e+02 -1.370000e+02
      vertex   8.442977e+00 -1.314228e+02 -1.240000e+02
      vertex   8.442977e+00 -1.314228e+02 -1.370000e+02
    endloop
  endfacet
  facet normal 2.175384e-01 -9.760518e-01 2.282553e-15
    outer loop
      vertex   8.442977e+00 -1.314228e+02 -1.370000e+02
      vertex   8.442977e+00 -1.314228e+02 -1.240000e+02
      vertex   6.854216e+00 -1.317769e+02 -1.240000e+02
    endloop
  endfacet
  facet normal 2.175384e-01 -9.760518e-01 2.203588e-16
    outer loop
      vertex   8.442977e+00 -1.314228e+02 -1.370000e+02
      vertex   6.854216e+00 -1.317769e+02 -1.240000e+02
      vertex   6.854216e+00 -1.317769e+02 -1.370000e+02
    endloop
  endfacet
  facet normal 1.259092e-01 -9.920418e-01 1.290344e-16
    outer loop
      vertex   6.854216e+00 -1.317769e+02 -1.370000e+02
      vertex   6.854216e+00 -1.317769e+02 -1.240000e+02
      vertex   5.239427e+00 -1.319818e+02 -1.240000e+02
    endloop
  endfacet
  facet normal 1.259092e-01 -9.920418e-01 1.023095e-16
    outer loop
      vertex   6.854216e+00 -1.317769e+02 -1.370000e+02
      vertex   5.239427e+00 -1.319818e+02 -1.240000e+02
      vertex   5.239427e+00 -1.319818e+02 -1.370000e+02
    endloop
  endfacet
  facet normal 3.319078e-02 -9.994490e-01 2.721169e-17
    outer loop
      vertex   5.239427e+00 -1.319818e+02 -1.370000e+02
      vertex   5.239427e+00 -1.319818e+02 -1.240000e+02
      vertex   3.612581e+00 -1.320358e+02 -1.240000e+02
    endloop
  endfacet
  facet normal 3.319078e-02 -9.994490e-01 2.229821e-17
    outer loop
      vertex   5.239427e+00 -1.319818e+02 -1.370000e+02
      vertex   3.612581e+00 -1.320358e+02 -1.240000e+02
      vertex   3.612581e+00 -1.320358e+02 -1.370000e+02
    endloop
  endfacet
  facet normal -5.981482e-02 -9.982095e-01 -4.086633e-17
    outer loop
      vertex   3.612581e+00 -1.320358e+02 -1.370000e+02
      vertex   3.612581e+00 -1.320358e+02 -1.240000e+02
      vertex   1.987753e+00 -1.319385e+02 -1.240000e+02
    endloop
  endfacet
  facet normal -5.981482e-02 -9.982095e-01 -3.934979e-17
    outer loop
      vertex   3.612581e+00 -1.320358e+02 -1.370000e+02
      vertex   1.987753e+00 -1.319385e+02 -1.240000e+02
      vertex   1.987753e+00 -1.319385e+02 -1.370000e+02
    endloop
  endfacet
  facet normal -1.523029e-01 -9.883339e-01 -9.885274e-17
    outer loop
      vertex   1.987753e+00 -1.319385e+02 -1.370000e+02
      vertex   1.987753e+00 -1.319385e+02 -1.240000e+02
      vertex   3.790004e-01 -1.316906e+02 -1.240000e+02
    endloop
  endfacet
  facet normal -1.523029e-01 -9.883339e-01 -2.248185e-15
    outer loop
      vertex   1.987753e+00 -1.319385e+02 -1.370000e+02
      vertex   3.790004e-01 -1.316906e+02 -1.240000e+02
      vertex   3.790004e-01 -1.316906e+02 -1.370000e+02
    endloop
  endfacet
  facet normal -2.434734e-01 -9.699076e-01 -2.260848e-15
    outer loop
      vertex   3.790004e-01 -1.316906e+02 -1.370000e+02
      vertex   3.790004e-01 -1.316906e+02 -1.240000e+02
      vertex   -1.199759e+00 -1.312943e+02 -1.240000e+02
    endloop
  endfacet
  facet normal -2.434734e-01 -9.699076e-01 -8.919286e-17
    outer loop
      vertex   3.790004e-01 -1.316906e+02 -1.370000e+02
      vertex   -1.199759e+00 -1.312943e+02 -1.240000e+02
      vertex   -1.199759e+00 -1.312943e+02 -1.370000e+02
    endloop
  endfacet
  facet normal -3.325374e-01 -9.430901e-01 -1.249568e-16
    outer loop
      vertex   -1.199759e+00 -1.312943e+02 -1.370000e+02
      vertex   -1.199759e+00 -1.312943e+02 -1.240000e+02
      vertex   -2.734867e+00 -1.307530e+02 -1.240000e+02
    endloop
  endfacet
  facet normal -3.325374e-01 -9.430901e-01 -1.941256e-16
    outer loop
      vertex   -1.199759e+00 -1.312943e+02 -1.370000e+02
      vertex   -2.734867e+00 -1.307530e+02 -1.240000e+02
      vertex   -2.734867e+00 -1.307530e+02 -1.370000e+02
    endloop
  endfacet
  facet normal -4.187244e-01 -9.081133e-01 -2.431667e-16
    outer loop
      vertex   -2.734867e+00 -1.307530e+02 -1.370000e+02
      vertex   -2.734867e+00 -1.307530e+02 -1.240000e+02
      vertex   -4.213042e+00 -1.300714e+02 -1.240000e+02
    endloop
  endfacet
  facet normal -4.187244e-01 -9.081133e-01 -1.993723e-16
    outer loop
      vertex   -2.734867e+00 -1.307530e+02 -1.370000e+02
      vertex   -4.213042e+00 -1.300714e+02 -1.240000e+02
      vertex   -4.213042e+00 -1.300714e+02 -1.370000e+02
    endloop
  endfacet
  facet normal -5.012888e-01 -8.652800e-01 -2.397413e-16
    outer loop
      vertex   -4.213042e+00 -1.300714e+02 -1.370000e+02
      vertex   -4.213042e+00 -1.300714e+02 -1.240000e+02
      vertex   -5.621495e+00 -1.292554e+02 -1.240000e+02
    endloop
  endfacet
  facet normal -5.012888e-01 -8.652800e-01 -2.413454e-16
    outer loop
      vertex   -4.213042e+00 -1.300714e+02 -1.370000e+02
      vertex   -5.621495e+00 -1.292554e+02 -1.240000e+02
      vertex   -5.621495e+00 -1.292554e+02 -1.370000e+02
    endloop
  endfacet
  facet normal -5.795163e-01 -8.149606e-01 -2.771536e-16
    outer loop
      vertex   -5.621495e+00 -1.292554e+02 -1.370000e+02
      vertex   -5.621495e+00 -1.292554e+02 -1.240000e+02
      vertex   -6.948041e+00 -1.283121e+02 -1.240000e+02
    endloop
  endfacet
  facet normal -5.795163e-01 -8.149606e-01 -1.972736e-15
    outer loop
      vertex   -5.621495e+00 -1.292554e+02 -1.370000e+02
      vertex   -6.948041e+00 -1.283121e+02 -1.240000e+02
      vertex   -6.948041e+00 -1.283121e+02 -1.370000e+02
    endloop
  endfacet
  facet normal -6.527301e-01 -7.575906e-01 -1.879286e-15
    outer loop
      vertex   -6.948041e+00 -1.283121e+02 -1.370000e+02
      vertex   -6.948041e+00 -1.283121e+02 -1.240000e+02
      vertex   -8.181203e+00 -1.272496e+02 -1.240000e+02
    endloop
  endfacet
  facet normal -7.202967e-01 -6.936661e-01 -4.505307e-16
    outer loop
      vertex   -9.310313e+00 -1.260772e+02 -1.320000e+02
      vertex   -9.310313e+00 -1.260772e+02 -1.360000e+02
      vertex   -8.181203e+00 -1.272496e+02 -1.370000e+02
    endloop
  endfacet
  facet normal -7.202967e-01 -6.936661e-01 -5.183680e-15
    outer loop
      vertex   -8.181203e+00 -1.272496e+02 -1.370000e+02
      vertex   -9.310313e+00 -1.260772e+02 -1.360000e+02
      vertex   -9.310313e+00 -1.260772e+02 -1.370000e+02
    endloop
  endfacet
  facet normal -7.521463e-01 -6.589962e-01 -5.344321e-15
    outer loop
      vertex   -9.310313e+00 -1.260772e+02 -1.370000e+02
      vertex   -9.310313e+00 -1.260772e+02 -1.360000e+02
      vertex   -9.323215e+00 -1.260625e+02 -1.360000e+02
    endloop
  endfacet
  facet normal -7.521463e-01 -6.589962e-01 6.680401e-16
    outer loop
      vertex   -9.310313e+00 -1.260772e+02 -1.370000e+02
      vertex   -9.323215e+00 -1.260625e+02 -1.360000e+02
      vertex   -9.310313e+00 -1.260772e+02 -1.410000e+02
    endloop
  endfacet
  facet normal -7.528831e-01 -6.581543e-01 -4.380675e-06
    outer loop
      vertex   -9.310313e+00 -1.260772e+02 -1.410000e+02
      vertex   -9.323215e+00 -1.260625e+02 -1.360000e+02
      vertex   -9.336101e+00 -1.260477e+02 -1.360000e+02
    endloop
  endfacet
  facet normal -7.536189e-01 -6.573116e-01 -1.314202e-05
    outer loop
      vertex   -9.310313e+00 -1.260772e+02 -1.410000e+02
      vertex   -9.336101e+00 -1.260477e+02 -1.360000e+02
      vertex   -9.348970e+00 -1.260330e+02 -1.360000e+02
    endloop
  endfacet
  facet normal -7.544047e-01 -6.564096e-01 -2.719363e-05
    outer loop
      vertex   -9.310313e+00 -1.260772e+02 -1.410000e+02
      vertex   -9.348970e+00 -1.260330e+02 -1.360000e+02
      vertex   -9.409984e+00 -1.259626e+02 -1.429383e+02
    endloop
  endfacet
  facet normal -7.557324e-01 -6.548805e-01 8.681237e-15
    outer loop
      vertex   -9.409984e+00 -1.259626e+02 -1.429383e+02
      vertex   -9.348970e+00 -1.260330e+02 -1.360000e+02
      vertex   -9.348970e+00 -1.260330e+02 -1.320000e+02
    endloop
  endfacet
  facet normal 7.218844e-01 -6.919572e-01 -8.837399e-03
    outer loop
      vertex   1.704116e+01 -1.260323e+02 -1.429383e+02
      vertex   1.668969e+01 -1.264237e+02 -1.410000e+02
      vertex   1.588875e+01 -1.272345e+02 -1.429383e+02
    endloop
  endfacet
  facet normal 7.015307e-01 -7.125920e-01 8.204757e-03
    outer loop
      vertex   1.588875e+01 -1.272345e+02 -1.429383e+02
      vertex   1.668969e+01 -1.264237e+02 -1.410000e+02
      vertex   1.552973e+01 -1.275657e+02 -1.410000e+02
    endloop
  endfacet
  facet normal 6.528430e-01 -7.574458e-01 -8.475749e-03
    outer loop
      vertex   1.588875e+01 -1.272345e+02 -1.429383e+02
      vertex   1.552973e+01 -1.275657e+02 -1.410000e+02
      vertex   1.462728e+01 -1.283218e+02 -1.429383e+02
    endloop
  endfacet
  facet normal 6.322887e-01 -7.746934e-01 7.822195e-03
    outer loop
      vertex   1.462728e+01 -1.283218e+02 -1.429383e+02
      vertex   1.552973e+01 -1.275657e+02 -1.410000e+02
      vertex   1.426869e+01 -1.285949e+02 -1.410000e+02
    endloop
  endfacet
  facet normal 5.778890e-01 -8.160754e-01 -8.072284e-03
    outer loop
      vertex   1.462728e+01 -1.283218e+02 -1.429383e+02
      vertex   1.426869e+01 -1.285949e+02 -1.410000e+02
      vertex   1.326817e+01 -1.292842e+02 -1.429383e+02
    endloop
  endfacet
  facet normal 5.575761e-01 -8.300929e-01 7.397817e-03
    outer loop
      vertex   1.326817e+01 -1.292842e+02 -1.429383e+02
      vertex   1.426869e+01 -1.285949e+02 -1.410000e+02
      vertex   1.291748e+01 -1.295025e+02 -1.410000e+02
    endloop
  endfacet
  facet normal 4.977011e-01 -8.673151e-01 -7.627002e-03
    outer loop
      vertex   1.326817e+01 -1.292842e+02 -1.429383e+02
      vertex   1.291748e+01 -1.295025e+02 -1.410000e+02
      vertex   1.182373e+01 -1.301131e+02 -1.429383e+02
    endloop
  endfacet
  facet normal 4.780392e-01 -8.783112e-01 6.931623e-03
    outer loop
      vertex   1.182373e+01 -1.301131e+02 -1.429383e+02
      vertex   1.291748e+01 -1.295025e+02 -1.410000e+02
      vertex   1.148778e+01 -1.302806e+02 -1.410000e+02
    endloop
  endfacet
  facet normal 4.130054e-01 -9.107006e-01 -7.139906e-03
    outer loop
      vertex   1.182373e+01 -1.301131e+02 -1.429383e+02
      vertex   1.148778e+01 -1.302806e+02 -1.410000e+02
      vertex   1.030704e+01 -1.308009e+02 -1.429383e+02
    endloop
  endfacet
  facet normal 3.943659e-01 -9.189311e-01 6.423616e-03
    outer loop
      vertex   1.030704e+01 -1.308009e+02 -1.429383e+02
      vertex   1.148778e+01 -1.302806e+02 -1.410000e+02
      vertex   9.991965e+00 -1.309226e+02 -1.410000e+02
    endloop
  endfacet
  facet normal 3.245689e-01 -9.458389e-01 -6.610997e-03
    outer loop
      vertex   1.030704e+01 -1.308009e+02 -1.429383e+02
      vertex   9.991965e+00 -1.309226e+02 -1.410000e+02
      vertex   8.731839e+00 -1.313415e+02 -1.429383e+02
    endloop
  endfacet
  facet normal 3.072801e-01 -9.516010e-01 5.873795e-03
    outer loop
      vertex   8.731839e+00 -1.313415e+02 -1.429383e+02
      vertex   9.991965e+00 -1.309226e+02 -1.410000e+02
      vertex   8.442977e+00 -1.314228e+02 -1.410000e+02
    endloop
  endfacet
  facet normal 2.331924e-01 -9.724119e-01 -6.040275e-03
    outer loop
      vertex   8.731839e+00 -1.313415e+02 -1.429383e+02
      vertex   8.442977e+00 -1.314228e+02 -1.410000e+02
      vertex   7.112387e+00 -1.317298e+02 -1.429383e+02
    endloop
  endfacet
  facet normal 2.175353e-01 -9.760382e-01 5.282163e-03
    outer loop
      vertex   7.112387e+00 -1.317298e+02 -1.429383e+02
      vertex   8.442977e+00 -1.314228e+02 -1.410000e+02
      vertex   6.854216e+00 -1.317769e+02 -1.410000e+02
    endloop
  endfacet
  facet normal 1.397033e-01 -9.901785e-01 -5.427743e-03
    outer loop
      vertex   7.112387e+00 -1.317298e+02 -1.429383e+02
      vertex   6.854216e+00 -1.317769e+02 -1.410000e+02
      vertex   5.463352e+00 -1.319625e+02 -1.429383e+02
    endloop
  endfacet
  facet normal 1.259079e-01 -9.920310e-01 4.648723e-03
    outer loop
      vertex   5.463352e+00 -1.319625e+02 -1.429383e+02
      vertex   6.854216e+00 -1.317769e+02 -1.410000e+02
      vertex   5.239427e+00 -1.319818e+02 -1.410000e+02
    endloop
  endfacet
  facet normal 4.494843e-02 -9.989779e-01 -4.773404e-03
    outer loop
      vertex   5.463352e+00 -1.319625e+02 -1.429383e+02
      vertex   5.239427e+00 -1.319818e+02 -1.410000e+02
      vertex   3.799668e+00 -1.320373e+02 -1.429383e+02
    endloop
  endfacet
  facet normal 3.319052e-02 -9.994411e-01 3.973477e-03
    outer loop
      vertex   3.799668e+00 -1.320373e+02 -1.429383e+02
      vertex   5.239427e+00 -1.319818e+02 -1.410000e+02
      vertex   3.612581e+00 -1.320358e+02 -1.410000e+02
    endloop
  endfacet
  facet normal -5.021414e-02 -9.987302e-01 -4.077259e-03
    outer loop
      vertex   3.799668e+00 -1.320373e+02 -1.429383e+02
      vertex   3.612581e+00 -1.320358e+02 -1.410000e+02
      vertex   2.136402e+00 -1.319537e+02 -1.429383e+02
    endloop
  endfacet
  facet normal -5.981450e-02 -9.982042e-01 3.256427e-03
    outer loop
      vertex   2.136402e+00 -1.319537e+02 -1.429383e+02
      vertex   3.612581e+00 -1.320358e+02 -1.410000e+02
      vertex   1.987753e+00 -1.319385e+02 -1.410000e+02
    endloop
  endfacet
  facet normal -1.449225e-01 -9.894374e-01 -3.339312e-03
    outer loop
      vertex   2.136402e+00 -1.319537e+02 -1.429383e+02
      vertex   1.987753e+00 -1.319385e+02 -1.410000e+02
      vertex   4.886160e-01 -1.317124e+02 -1.429383e+02
    endloop
  endfacet
  facet normal -1.523024e-01 -9.883308e-01 2.497577e-03
    outer loop
      vertex   4.886160e-01 -1.317124e+02 -1.429383e+02
      vertex   1.987753e+00 -1.319385e+02 -1.410000e+02
      vertex   3.790004e-01 -1.316906e+02 -1.410000e+02
    endloop
  endfacet
  facet normal -2.383188e-01 -9.711836e-01 -2.559567e-03
    outer loop
      vertex   4.886160e-01 -1.317124e+02 -1.429383e+02
      vertex   3.790004e-01 -1.316906e+02 -1.410000e+02
      vertex   -1.128766e+00 -1.313155e+02 -1.429383e+02
    endloop
  endfacet
  facet normal -2.434730e-01 -9.699062e-01 1.696931e-03
    outer loop
      vertex   -1.128766e+00 -1.313155e+02 -1.429383e+02
      vertex   3.790004e-01 -1.316906e+02 -1.410000e+02
      vertex   -1.199759e+00 -1.312943e+02 -1.410000e+02
    endloop
  endfacet
  facet normal -3.295572e-01 -9.441340e-01 -1.738027e-03
    outer loop
      vertex   -1.128766e+00 -1.313155e+02 -1.429383e+02
      vertex   -1.199759e+00 -1.312943e+02 -1.410000e+02
      vertex   -2.701098e+00 -1.307666e+02 -1.429383e+02
    endloop
  endfacet
  facet normal -3.325373e-01 -9.430897e-01 8.544941e-04
    outer loop
      vertex   -2.701098e+00 -1.307666e+02 -1.429383e+02
      vertex   -1.199759e+00 -1.312943e+02 -1.410000e+02
      vertex   -2.734867e+00 -1.307530e+02 -1.410000e+02
    endloop
  endfacet
  facet normal -4.178110e-01 -9.085335e-01 -8.746980e-04
    outer loop
      vertex   -2.701098e+00 -1.307666e+02 -1.429383e+02
      vertex   -2.734867e+00 -1.307530e+02 -1.410000e+02
      vertex   -4.214141e+00 -1.300708e+02 -1.429383e+02
    endloop
  endfacet
  facet normal -4.187244e-01 -9.081133e-01 -2.972877e-05
    outer loop
      vertex   -4.214141e+00 -1.300708e+02 -1.429383e+02
      vertex   -2.734867e+00 -1.307530e+02 -1.410000e+02
      vertex   -4.213042e+00 -1.300714e+02 -1.410000e+02
    endloop
  endfacet
  facet normal -5.012888e-01 -8.652800e-01 2.968363e-05
    outer loop
      vertex   -4.214141e+00 -1.300708e+02 -1.429383e+02
      vertex   -4.213042e+00 -1.300714e+02 -1.410000e+02
      vertex   -5.621495e+00 -1.292554e+02 -1.410000e+02
    endloop
  endfacet
  facet normal -5.022807e-01 -8.647041e-01 -9.327369e-04
    outer loop
      vertex   -4.214141e+00 -1.300708e+02 -1.429383e+02
      vertex   -5.621495e+00 -1.292554e+02 -1.410000e+02
      vertex   -5.654191e+00 -1.292343e+02 -1.429383e+02
    endloop
  endfacet
  facet normal -5.795161e-01 -8.149603e-01 9.111597e-04
    outer loop
      vertex   -5.654191e+00 -1.292343e+02 -1.429383e+02
      vertex   -5.621495e+00 -1.292554e+02 -1.410000e+02
      vertex   -6.948041e+00 -1.283121e+02 -1.410000e+02
    endloop
  endfacet
  facet normal -5.822010e-01 -8.130429e-01 -1.793319e-03
    outer loop
      vertex   -5.654191e+00 -1.292343e+02 -1.429383e+02
      vertex   -6.948041e+00 -1.283121e+02 -1.410000e+02
      vertex   -7.008208e+00 -1.282648e+02 -1.429383e+02
    endloop
  endfacet
  facet normal -6.527291e-01 -7.575894e-01 1.750849e-03
    outer loop
      vertex   -7.008208e+00 -1.282648e+02 -1.429383e+02
      vertex   -6.948041e+00 -1.283121e+02 -1.410000e+02
      vertex   -8.181203e+00 -1.272496e+02 -1.410000e+02
    endloop
  endfacet
  facet normal -6.568482e-01 -7.540183e-01 -2.612111e-03
    outer loop
      vertex   -7.008208e+00 -1.282648e+02 -1.429383e+02
      vertex   -8.181203e+00 -1.272496e+02 -1.410000e+02
      vertex   -8.263930e+00 -1.271709e+02 -1.429383e+02
    endloop
  endfacet
  facet normal -7.202943e-01 -6.936639e-01 2.548748e-03
    outer loop
      vertex   -8.263930e+00 -1.271709e+02 -1.429383e+02
      vertex   -8.181203e+00 -1.272496e+02 -1.410000e+02
      vertex   -9.310313e+00 -1.260772e+02 -1.410000e+02
    endloop
  endfacet
  facet normal -7.255463e-01 -6.881650e-01 -3.389109e-03
    outer loop
      vertex   -8.263930e+00 -1.271709e+02 -1.429383e+02
      vertex   -9.310313e+00 -1.260772e+02 -1.410000e+02
      vertex   -9.409984e+00 -1.259626e+02 -1.429383e+02
    endloop
  endfacet
  facet normal 3.863450e-01 9.223540e-01 7.315940e-04
    outer loop
      vertex   1.136721e+01 -9.873618e+01 -1.179383e+02
      vertex   1.039269e+01 -9.830816e+01 -1.429383e+02
      vertex   9.831147e+00 -9.809277e+01 -1.179383e+02
    endloop
  endfacet
  facet normal 3.295576e-01 9.441352e-01 -7.315940e-04
    outer loop
      vertex   9.831147e+00 -9.809277e+01 -1.179383e+02
      vertex   1.039269e+01 -9.830816e+01 -1.429383e+02
      vertex   8.820355e+00 -9.775932e+01 -1.429383e+02
    endloop
  endfacet
  facet normal 2.969203e-01 9.549020e-01 7.315940e-04
    outer loop
      vertex   9.831147e+00 -9.809277e+01 -1.179383e+02
      vertex   8.820355e+00 -9.775932e+01 -1.429383e+02
      vertex   8.240884e+00 -9.759829e+01 -1.179383e+02
    endloop
  endfacet
  facet normal 2.383195e-01 9.711865e-01 -7.315940e-04
    outer loop
      vertex   8.240884e+00 -9.759829e+01 -1.179383e+02
      vertex   8.820355e+00 -9.775932e+01 -1.429383e+02
      vertex   7.202972e+00 -9.736243e+01 -1.429383e+02
    endloop
  endfacet
  facet normal 2.048066e-01 9.788022e-01 7.315940e-04
    outer loop
      vertex   8.240884e+00 -9.759829e+01 -1.179383e+02
      vertex   7.202972e+00 -9.736243e+01 -1.429383e+02
      vertex   6.610819e+00 -9.725721e+01 -1.179383e+02
    endloop
  endfacet
  facet normal 1.449233e-01 9.894426e-01 -7.315940e-04
    outer loop
      vertex   6.610819e+00 -9.725721e+01 -1.179383e+02
      vertex   7.202972e+00 -9.736243e+01 -1.429383e+02
      vertex   5.555187e+00 -9.712108e+01 -1.429383e+02
    endloop
  endfacet
  facet normal 1.108382e-01 9.938382e-01 7.315940e-04
    outer loop
      vertex   6.610819e+00 -9.725721e+01 -1.179383e+02
      vertex   5.555187e+00 -9.712108e+01 -1.429383e+02
      vertex   4.955713e+00 -9.707263e+01 -1.179383e+02
    endloop
  endfacet
  facet normal 5.021454e-02 9.987382e-01 -7.315940e-04
    outer loop
      vertex   4.955713e+00 -9.707263e+01 -1.179383e+02
      vertex   5.555187e+00 -9.712108e+01 -1.429383e+02
      vertex   3.891920e+00 -9.703746e+01 -1.429383e+02
    endloop
  endfacet
  facet normal 1.586596e-02 9.998739e-01 7.315940e-04
    outer loop
      vertex   4.955713e+00 -9.707263e+01 -1.179383e+02
      vertex   3.891920e+00 -9.703746e+01 -1.429383e+02
      vertex   3.290555e+00 -9.704621e+01 -1.179383e+02
    endloop
  endfacet
  facet normal -4.494893e-02 9.989890e-01 -7.315940e-04
    outer loop
      vertex   3.290555e+00 -9.704621e+01 -1.179383e+02
      vertex   3.891920e+00 -9.703746e+01 -1.429383e+02
      vertex   2.228237e+00 -9.711231e+01 -1.429383e+02
    endloop
  endfacet
  facet normal -7.924994e-02 9.968545e-01 7.315940e-04
    outer loop
      vertex   3.290555e+00 -9.704621e+01 -1.179383e+02
      vertex   2.228237e+00 -9.711231e+01 -1.429383e+02
      vertex   1.630426e+00 -9.717819e+01 -1.179383e+02
    endloop
  endfacet
  facet normal -1.397053e-01 9.901929e-01 -7.315940e-04
    outer loop
      vertex   1.630426e+00 -9.717819e+01 -1.179383e+02
      vertex   2.228237e+00 -9.711231e+01 -1.429383e+02
      vertex   5.792017e-01 -9.734497e+01 -1.429383e+02
    endloop
  endfacet
  facet normal -1.736481e-01 9.848075e-01 7.315940e-04
    outer loop
      vertex   1.630426e+00 -9.717819e+01 -1.179383e+02
      vertex   5.792017e-01 -9.734497e+01 -1.429383e+02
      vertex   -9.640199e-03 -9.746737e+01 -1.179383e+02
    endloop
  endfacet
  facet normal -2.331966e-01 9.724293e-01 -7.315940e-04
    outer loop
      vertex   -9.640199e-03 -9.746737e+01 -1.179383e+02
      vertex   5.792017e-01 -9.734497e+01 -1.429383e+02
      vertex   -1.040251e+00 -9.773333e+01 -1.429383e+02
    endloop
  endfacet
  facet normal -2.664737e-01 9.638419e-01 7.315940e-04
    outer loop
      vertex   -9.640199e-03 -9.746737e+01 -1.179383e+02
      vertex   -1.040251e+00 -9.773333e+01 -1.429383e+02
      vertex   -1.614791e+00 -9.791115e+01 -1.179383e+02
    endloop
  endfacet
  facet normal -3.245759e-01 9.458594e-01 -7.315940e-04
    outer loop
      vertex   -1.614791e+00 -9.791115e+01 -1.179383e+02
      vertex   -1.040251e+00 -9.773333e+01 -1.429383e+02
      vertex   -2.615454e+00 -9.827387e+01 -1.429383e+02
    endloop
  endfacet
  facet normal -3.568861e-01 9.341476e-01 7.315940e-04
    outer loop
      vertex   -1.614791e+00 -9.791115e+01 -1.179383e+02
      vertex   -2.615454e+00 -9.827387e+01 -1.429383e+02
      vertex   -3.170490e+00 -9.850550e+01 -1.179383e+02
    endloop
  endfacet
  facet normal -4.130159e-01 9.107235e-01 -7.315940e-04
    outer loop
      vertex   -3.170490e+00 -9.850550e+01 -1.179383e+02
      vertex   -2.615454e+00 -9.827387e+01 -1.429383e+02
      vertex   -4.132143e+00 -9.896169e+01 -1.429383e+02
    endloop
  endfacet
  facet normal -4.440665e-01 8.959935e-01 7.315940e-04
    outer loop
      vertex   -3.170490e+00 -9.850550e+01 -1.179383e+02
      vertex   -4.132143e+00 -9.896169e+01 -1.429383e+02
      vertex   -4.662649e+00 -9.924503e+01 -1.179383e+02
    endloop
  endfacet
  facet normal -4.977155e-01 8.673401e-01 -7.315940e-04
    outer loop
      vertex   -4.662649e+00 -9.924503e+01 -1.179383e+02
      vertex   -4.132143e+00 -9.896169e+01 -1.429383e+02
      vertex   -5.576583e+00 -9.979057e+01 -1.429383e+02
    endloop
  endfacet
  facet normal -5.272253e-01 8.497252e-01 7.315940e-04
    outer loop
      vertex   -4.662649e+00 -9.924503e+01 -1.179383e+02
      vertex   -5.576583e+00 -9.979057e+01 -1.429383e+02
      vertex   -6.077753e+00 -1.001231e+02 -1.179383e+02
    endloop
  endfacet
  facet normal -5.779077e-01 8.161018e-01 -7.315940e-04
    outer loop
      vertex   -6.077753e+00 -1.001231e+02 -1.179383e+02
      vertex   -5.576583e+00 -9.979057e+01 -1.429383e+02
      vertex   -6.935693e+00 -1.007530e+02 -1.429383e+02
    endloop
  endfacet
  facet normal -6.056095e-01 7.957616e-01 7.315940e-04
    outer loop
      vertex   -6.077753e+00 -1.001231e+02 -1.179383e+02
      vertex   -6.935693e+00 -1.007530e+02 -1.429383e+02
      vertex   -7.402989e+00 -1.011316e+02 -1.179383e+02
    endloop
  endfacet
  facet normal -6.528663e-01 7.574728e-01 -7.315940e-04
    outer loop
      vertex   -7.402989e+00 -1.011316e+02 -1.179383e+02
      vertex   -6.935693e+00 -1.007530e+02 -1.429383e+02
      vertex   -8.197163e+00 -1.018403e+02 -1.429383e+02
    endloop
  endfacet
  facet normal -6.785092e-01 7.345915e-01 7.315940e-04
    outer loop
      vertex   -7.402989e+00 -1.011316e+02 -1.179383e+02
      vertex   -8.197163e+00 -1.018403e+02 -1.429383e+02
      vertex   -8.626354e+00 -1.022616e+02 -1.179383e+02
    endloop
  endfacet
  facet normal -7.219124e-01 6.919840e-01 -7.315940e-04
    outer loop
      vertex   -8.626354e+00 -1.022616e+02 -1.179383e+02
      vertex   -8.197163e+00 -1.018403e+02 -1.429383e+02
      vertex   -9.349571e+00 -1.030425e+02 -1.429383e+02
    endloop
  endfacet
  facet normal -7.452643e-01 6.667688e-01 7.315940e-04
    outer loop
      vertex   -8.626354e+00 -1.022616e+02 -1.179383e+02
      vertex   -9.349571e+00 -1.030425e+02 -1.429383e+02
      vertex   -9.736769e+00 -1.035027e+02 -1.179383e+02
    endloop
  endfacet
  facet normal -7.844208e-01 6.202285e-01 -7.315940e-04
    outer loop
      vertex   -9.736769e+00 -1.035027e+02 -1.179383e+02
      vertex   -9.349571e+00 -1.030425e+02 -1.429383e+02
      vertex   -1.038248e+01 -1.043489e+02 -1.429383e+02
    endloop
  endfacet
  facet normal -8.052700e-01 5.929078e-01 7.315940e-04
    outer loop
      vertex   -9.736769e+00 -1.035027e+02 -1.179383e+02
      vertex   -1.038248e+01 -1.043489e+02 -1.429383e+02
      vertex   -1.072418e+01 -1.048438e+02 -1.179383e+02
    endloop
  endfacet
  facet normal -8.398254e-01 5.428562e-01 -7.315940e-04
    outer loop
      vertex   -1.072418e+01 -1.048438e+02 -1.179383e+02
      vertex   -1.038248e+01 -1.043489e+02 -1.429383e+02
      vertex   -1.128653e+01 -1.057475e+02 -1.429383e+02
    endloop
  endfacet
  facet normal -8.579832e-01 5.136773e-01 7.315940e-04
    outer loop
      vertex   -1.072418e+01 -1.048438e+02 -1.179383e+02
      vertex   -1.128653e+01 -1.057475e+02 -1.429383e+02
      vertex   -1.157964e+01 -1.062727e+02 -1.179383e+02
    endloop
  endfacet
  facet normal -8.876243e-01 4.605676e-01 -7.315940e-04
    outer loop
      vertex   -1.157964e+01 -1.062727e+02 -1.179383e+02
      vertex   -1.128653e+01 -1.057475e+02 -1.429383e+02
      vertex   -1.205355e+01 -1.072257e+02 -1.429383e+02
    endloop
  endfacet
  facet normal -9.029263e-01 4.297948e-01 7.315940e-04
    outer loop
      vertex   -1.157964e+01 -1.062727e+02 -1.179383e+02
      vertex   -1.205355e+01 -1.072257e+02 -1.429383e+02
      vertex   -1.229541e+01 -1.077764e+02 -1.179383e+02
    endloop
  endfacet
  facet normal -9.273848e-01 3.741080e-01 -7.315940e-04
    outer loop
      vertex   -1.229541e+01 -1.077764e+02 -1.179383e+02
      vertex   -1.205355e+01 -1.072257e+02 -1.429383e+02
      vertex   -1.267658e+01 -1.087701e+02 -1.429383e+02
    endloop
  endfacet
  facet normal -9.396924e-01 3.420201e-01 7.315940e-04
    outer loop
      vertex   -1.229541e+01 -1.077764e+02 -1.179383e+02
      vertex   -1.267658e+01 -1.087701e+02 -1.429383e+02
      vertex   -1.286500e+01 -1.093413e+02 -1.179383e+02
    endloop
  endfacet
  facet normal -9.587468e-01 2.842605e-01 -7.315940e-04
    outer loop
      vertex   -1.286500e+01 -1.093413e+02 -1.179383e+02
      vertex   -1.267658e+01 -1.087701e+02 -1.429383e+02
      vertex   -1.314997e+01 -1.103668e+02 -1.429383e+02
    endloop
  endfacet
  facet normal -9.679484e-01 2.511479e-01 7.315940e-04
    outer loop
      vertex   -1.286500e+01 -1.093413e+02 -1.179383e+02
      vertex   -1.314997e+01 -1.103668e+02 -1.429383e+02
      vertex   -1.328325e+01 -1.109533e+02 -1.179383e+02
    endloop
  endfacet
  facet normal -9.814262e-01 1.918387e-01 -7.315940e-04
    outer loop
      vertex   -1.328325e+01 -1.109533e+02 -1.179383e+02
      vertex   -1.314997e+01 -1.103668e+02 -1.429383e+02
      vertex   -1.346946e+01 -1.120012e+02 -1.429383e+02
    endloop
  endfacet
  facet normal -9.874386e-01 1.580014e-01 7.315940e-04
    outer loop
      vertex   -1.328325e+01 -1.109533e+02 -1.179383e+02
      vertex   -1.346946e+01 -1.120012e+02 -1.429383e+02
      vertex   -1.354638e+01 -1.125977e+02 -1.179383e+02
    endloop
  endfacet
  facet normal -9.952177e-01 9.767954e-02 -7.315940e-04
    outer loop
      vertex   -1.354638e+01 -1.125977e+02 -1.179383e+02
      vertex   -1.346946e+01 -1.120012e+02 -1.429383e+02
      vertex   -1.363213e+01 -1.136586e+02 -1.429383e+02
    endloop
  endfacet
  facet normal -9.979864e-01 6.342390e-02 7.315940e-04
    outer loop
      vertex   -1.354638e+01 -1.125977e+02 -1.179383e+02
      vertex   -1.363213e+01 -1.136586e+02 -1.429383e+02
      vertex   -1.365200e+01 -1.142597e+02 -1.179383e+02
    endloop
  endfacet
  facet normal -9.999963e-01 2.635792e-03 -7.315940e-04
    outer loop
      vertex   -1.365200e+01 -1.142597e+02 -1.179383e+02
      vertex   -1.363213e+01 -1.136586e+02 -1.429383e+02
      vertex   -1.363652e+01 -1.153240e+02 -1.429383e+02
    endloop
  endfacet
  facet normal -9.994963e-01 -3.172793e-02 7.315940e-04
    outer loop
      vertex   -1.365200e+01 -1.142597e+02 -1.179383e+02
      vertex   -1.363652e+01 -1.153240e+02 -1.429383e+02
      vertex   -1.359916e+01 -1.159243e+02 -1.179383e+02
    endloop
  endfacet
  facet normal -9.957187e-01 -9.243183e-02 -7.315940e-04
    outer loop
      vertex   -1.359916e+01 -1.159243e+02 -1.179383e+02
      vertex   -1.363652e+01 -1.153240e+02 -1.429383e+02
      vertex   -1.348259e+01 -1.169822e+02 -1.429383e+02
    endloop
  endfacet
  facet normal -9.919545e-01 -1.265924e-01 7.315940e-04
    outer loop
      vertex   -1.359916e+01 -1.159243e+02 -1.179383e+02
      vertex   -1.348259e+01 -1.169822e+02 -1.429383e+02
      vertex   -1.338834e+01 -1.175762e+02 -1.179383e+02
    endloop
  endfacet
  facet normal -9.824239e-01 -1.866624e-01 -7.315940e-04
    outer loop
      vertex   -1.338834e+01 -1.175762e+02 -1.179383e+02
      vertex   -1.348259e+01 -1.169822e+02 -1.429383e+02
      vertex   -1.317172e+01 -1.186183e+02 -1.429383e+02
    endloop
  endfacet
  facet normal -9.754295e-01 -2.203105e-01 7.315940e-04
    outer loop
      vertex   -1.338834e+01 -1.175762e+02 -1.179383e+02
      vertex   -1.317172e+01 -1.186183e+02 -1.429383e+02
      vertex   -1.302144e+01 -1.192007e+02 -1.179383e+02
    endloop
  endfacet
  facet normal -9.602320e-01 -2.792025e-01 -7.315940e-04
    outer loop
      vertex   -1.302144e+01 -1.192007e+02 -1.179383e+02
      vertex   -1.317172e+01 -1.186183e+02 -1.429383e+02
      vertex   -1.270675e+01 -1.202175e+02 -1.429383e+02
    endloop
  endfacet
  facet normal -9.500709e-01 -3.120334e-01 7.315940e-04
    outer loop
      vertex   -1.302144e+01 -1.192007e+02 -1.179383e+02
      vertex   -1.270675e+01 -1.202175e+02 -1.429383e+02
      vertex   -1.250179e+01 -1.207829e+02 -1.179383e+02
    endloop
  endfacet
  facet normal -9.293441e-01 -3.692141e-01 -7.315940e-04
    outer loop
      vertex   -1.250179e+01 -1.207829e+02 -1.179383e+02
      vertex   -1.270675e+01 -1.202175e+02 -1.429383e+02
      vertex   -1.209187e+01 -1.217652e+02 -1.429383e+02
    endloop
  endfacet
  facet normal -9.161082e-01 -4.009304e-01 7.315940e-04
    outer loop
      vertex   -1.250179e+01 -1.207829e+02 -1.179383e+02
      vertex   -1.209187e+01 -1.217652e+02 -1.429383e+02
      vertex   -1.183410e+01 -1.223086e+02 -1.179383e+02
    endloop
  endfacet
  facet normal -8.900399e-01 -4.558820e-01 -7.315940e-04
    outer loop
      vertex   -1.183410e+01 -1.223086e+02 -1.179383e+02
      vertex   -1.209187e+01 -1.217652e+02 -1.429383e+02
      vertex   -1.133266e+01 -1.232474e+02 -1.429383e+02
    endloop
  endfacet
  facet normal -8.738491e-01 -4.861966e-01 7.315940e-04
    outer loop
      vertex   -1.183410e+01 -1.223086e+02 -1.179383e+02
      vertex   -1.133266e+01 -1.232474e+02 -1.429383e+02
      vertex   -1.102440e+01 -1.237638e+02 -1.179383e+02
    endloop
  endfacet
  facet normal -8.426754e-01 -5.384214e-01 -7.315940e-04
    outer loop
      vertex   -1.102440e+01 -1.237638e+02 -1.179383e+02
      vertex   -1.133266e+01 -1.232474e+02 -1.429383e+02
      vertex   -1.043599e+01 -1.246508e+02 -1.429383e+02
    endloop
  endfacet
  facet normal -8.236764e-01 -5.670597e-01 7.315940e-04
    outer loop
      vertex   -1.102440e+01 -1.237638e+02 -1.179383e+02
      vertex   -1.043599e+01 -1.246508e+02 -1.429383e+02
      vertex   -1.008004e+01 -1.251356e+02 -1.179383e+02
    endloop
  endfacet
  facet normal -7.876795e-01 -6.160848e-01 -7.315940e-04
    outer loop
      vertex   -1.008004e+01 -1.251356e+02 -1.179383e+02
      vertex   -1.043599e+01 -1.246508e+02 -1.429383e+02
      vertex   -9.409984e+00 -1.259626e+02 -1.429383e+02
    endloop
  endfacet
  facet normal 4.178111e-01 9.085336e-01 -7.315940e-04
    outer loop
      vertex   1.039269e+01 -9.830816e+01 -1.429383e+02
      vertex   1.136721e+01 -9.873618e+01 -1.179383e+02
      vertex   1.190573e+01 -9.900397e+01 -1.429383e+02
    endloop
  endfacet
  facet normal 4.722709e-01 8.814531e-01 7.315940e-04
    outer loop
      vertex   1.190573e+01 -9.900397e+01 -1.429383e+02
      vertex   1.136721e+01 -9.873618e+01 -1.179383e+02
      vertex   1.283515e+01 -9.952269e+01 -1.179383e+02
    endloop
  endfacet
  facet normal 5.022808e-01 8.647043e-01 -7.315940e-04
    outer loop
      vertex   1.190573e+01 -9.900397e+01 -1.429383e+02
      vertex   1.283515e+01 -9.952269e+01 -1.179383e+02
      vertex   1.334578e+01 -9.984045e+01 -1.429383e+02
    endloop
  endfacet
  facet normal 5.539199e-01 8.325696e-01 7.315940e-04
    outer loop
      vertex   1.334578e+01 -9.984045e+01 -1.429383e+02
      vertex   1.283515e+01 -9.952269e+01 -1.179383e+02
      vertex   1.422168e+01 -1.004452e+02 -1.179383e+02
    endloop
  endfacet
  facet normal 5.822018e-01 8.130440e-01 -7.315940e-04
    outer loop
      vertex   1.334578e+01 -9.984045e+01 -1.429383e+02
      vertex   1.422168e+01 -1.004452e+02 -1.179383e+02
      vertex   1.469980e+01 -1.008100e+02 -1.429383e+02
    endloop
  endfacet
  facet normal 6.305525e-01 7.761463e-01 7.315940e-04
    outer loop
      vertex   1.469980e+01 -1.008100e+02 -1.429383e+02
      vertex   1.422168e+01 -1.004452e+02 -1.179383e+02
      vertex   1.551425e+01 -1.014953e+02 -1.179383e+02
    endloop
  endfacet
  facet normal 6.568503e-01 7.540207e-01 -7.315940e-04
    outer loop
      vertex   1.469980e+01 -1.008100e+02 -1.429383e+02
      vertex   1.551425e+01 -1.014953e+02 -1.179383e+02
      vertex   1.595552e+01 -1.019039e+02 -1.429383e+02
    endloop
  endfacet
  facet normal 7.014747e-01 7.126940e-01 7.315940e-04
    outer loop
      vertex   1.595552e+01 -1.019039e+02 -1.429383e+02
      vertex   1.551425e+01 -1.014953e+02 -1.179383e+02
      vertex   1.670115e+01 -1.026635e+02 -1.179383e+02
    endloop
  endfacet
  facet normal 7.255502e-01 6.881688e-01 -7.315940e-04
    outer loop
      vertex   1.595552e+01 -1.019039e+02 -1.429383e+02
      vertex   1.670115e+01 -1.026635e+02 -1.179383e+02
      vertex   1.710157e+01 -1.031122e+02 -1.429383e+02
    endloop
  endfacet
  facet normal 7.660442e-01 6.427874e-01 7.315940e-04
    outer loop
      vertex   1.710157e+01 -1.031122e+02 -1.429383e+02
      vertex   1.670115e+01 -1.026635e+02 -1.179383e+02
      vertex   1.777163e+01 -1.039392e+02 -1.179383e+02
    endloop
  endfacet
  facet normal 7.876795e-01 6.160848e-01 -7.315940e-04
    outer loop
      vertex   1.710157e+01 -1.031122e+02 -1.429383e+02
      vertex   1.777163e+01 -1.039392e+02 -1.179383e+02
      vertex   1.812758e+01 -1.044240e+02 -1.429383e+02
    endloop
  endfacet
  facet normal 8.236764e-01 5.670597e-01 7.315940e-04
    outer loop
      vertex   1.812758e+01 -1.044240e+02 -1.429383e+02
      vertex   1.777163e+01 -1.039392e+02 -1.179383e+02
      vertex   1.871599e+01 -1.053109e+02 -1.179383e+02
    endloop
  endfacet
  facet normal 8.426754e-01 5.384214e-01 -7.315940e-04
    outer loop
      vertex   1.812758e+01 -1.044240e+02 -1.429383e+02
      vertex   1.871599e+01 -1.053109e+02 -1.179383e+02
      vertex   1.902425e+01 -1.058274e+02 -1.429383e+02
    endloop
  endfacet
  facet normal 8.738491e-01 4.861966e-01 7.315940e-04
    outer loop
      vertex   1.902425e+01 -1.058274e+02 -1.429383e+02
      vertex   1.871599e+01 -1.053109e+02 -1.179383e+02
      vertex   1.952569e+01 -1.067662e+02 -1.179383e+02
    endloop
  endfacet
  facet normal 8.900399e-01 4.558820e-01 -7.315940e-04
    outer loop
      vertex   1.902425e+01 -1.058274e+02 -1.429383e+02
      vertex   1.952569e+01 -1.067662e+02 -1.179383e+02
      vertex   1.978346e+01 -1.073096e+02 -1.429383e+02
    endloop
  endfacet
  facet normal 9.161082e-01 4.009304e-01 7.315940e-04
    outer loop
      vertex   1.978346e+01 -1.073096e+02 -1.429383e+02
      vertex   1.952569e+01 -1.067662e+02 -1.179383e+02
      vertex   2.019338e+01 -1.082919e+02 -1.179383e+02
    endloop
  endfacet
  facet normal 9.293441e-01 3.692141e-01 -7.315940e-04
    outer loop
      vertex   1.978346e+01 -1.073096e+02 -1.429383e+02
      vertex   2.019338e+01 -1.082919e+02 -1.179383e+02
      vertex   2.039834e+01 -1.088573e+02 -1.429383e+02
    endloop
  endfacet
  facet normal 9.500709e-01 3.120334e-01 7.315940e-04
    outer loop
      vertex   2.039834e+01 -1.088573e+02 -1.429383e+02
      vertex   2.019338e+01 -1.082919e+02 -1.179383e+02
      vertex   2.071303e+01 -1.098741e+02 -1.179383e+02
    endloop
  endfacet
  facet normal 9.602320e-01 2.792025e-01 -7.315940e-04
    outer loop
      vertex   2.039834e+01 -1.088573e+02 -1.429383e+02
      vertex   2.071303e+01 -1.098741e+02 -1.179383e+02
      vertex   2.086331e+01 -1.104565e+02 -1.429383e+02
    endloop
  endfacet
  facet normal 9.754295e-01 2.203105e-01 7.315940e-04
    outer loop
      vertex   2.086331e+01 -1.104565e+02 -1.429383e+02
      vertex   2.071303e+01 -1.098741e+02 -1.179383e+02
      vertex   2.107993e+01 -1.114986e+02 -1.179383e+02
    endloop
  endfacet
  facet normal 9.824239e-01 1.866624e-01 -7.315940e-04
    outer loop
      vertex   2.086331e+01 -1.104565e+02 -1.429383e+02
      vertex   2.107993e+01 -1.114986e+02 -1.179383e+02
      vertex   2.117417e+01 -1.120926e+02 -1.429383e+02
    endloop
  endfacet
  facet normal 9.919545e-01 1.265924e-01 7.315940e-04
    outer loop
      vertex   2.117417e+01 -1.120926e+02 -1.429383e+02
      vertex   2.107993e+01 -1.114986e+02 -1.179383e+02
      vertex   2.129075e+01 -1.131505e+02 -1.179383e+02
    endloop
  endfacet
  facet normal 9.957187e-01 9.243183e-02 -7.315940e-04
    outer loop
      vertex   2.117417e+01 -1.120926e+02 -1.429383e+02
      vertex   2.129075e+01 -1.131505e+02 -1.179383e+02
      vertex   2.132811e+01 -1.137508e+02 -1.429383e+02
    endloop
  endfacet
  facet normal 9.994963e-01 3.172793e-02 7.315940e-04
    outer loop
      vertex   2.132811e+01 -1.137508e+02 -1.429383e+02
      vertex   2.129075e+01 -1.131505e+02 -1.179383e+02
      vertex   2.134359e+01 -1.148150e+02 -1.179383e+02
    endloop
  endfacet
  facet normal 9.999963e-01 -2.635792e-03 -7.315940e-04
    outer loop
      vertex   2.132811e+01 -1.137508e+02 -1.429383e+02
      vertex   2.134359e+01 -1.148150e+02 -1.179383e+02
      vertex   2.132372e+01 -1.154161e+02 -1.429383e+02
    endloop
  endfacet
  facet normal 9.979864e-01 -6.342390e-02 7.315940e-04
    outer loop
      vertex   2.132372e+01 -1.154161e+02 -1.429383e+02
      vertex   2.134359e+01 -1.148150e+02 -1.179383e+02
      vertex   2.123797e+01 -1.164771e+02 -1.179383e+02
    endloop
  endfacet
  facet normal 9.952177e-01 -9.767954e-02 -7.315940e-04
    outer loop
      vertex   2.132372e+01 -1.154161e+02 -1.429383e+02
      vertex   2.123797e+01 -1.164771e+02 -1.179383e+02
      vertex   2.116104e+01 -1.170736e+02 -1.429383e+02
    endloop
  endfacet
  facet normal 9.874386e-01 -1.580014e-01 7.315940e-04
    outer loop
      vertex   2.116104e+01 -1.170736e+02 -1.429383e+02
      vertex   2.123797e+01 -1.164771e+02 -1.179383e+02
      vertex   2.097484e+01 -1.181215e+02 -1.179383e+02
    endloop
  endfacet
  facet normal 9.814262e-01 -1.918387e-01 -7.315940e-04
    outer loop
      vertex   2.116104e+01 -1.170736e+02 -1.429383e+02
      vertex   2.097484e+01 -1.181215e+02 -1.179383e+02
      vertex   2.084156e+01 -1.187080e+02 -1.429383e+02
    endloop
  endfacet
  facet normal 9.679484e-01 -2.511479e-01 7.315940e-04
    outer loop
      vertex   2.084156e+01 -1.187080e+02 -1.429383e+02
      vertex   2.097484e+01 -1.181215e+02 -1.179383e+02
      vertex   2.055658e+01 -1.197335e+02 -1.179383e+02
    endloop
  endfacet
  facet normal 9.587468e-01 -2.842605e-01 -7.315940e-04
    outer loop
      vertex   2.084156e+01 -1.187080e+02 -1.429383e+02
      vertex   2.055658e+01 -1.197335e+02 -1.179383e+02
      vertex   2.036816e+01 -1.203047e+02 -1.429383e+02
    endloop
  endfacet
  facet normal 9.396924e-01 -3.420201e-01 7.315940e-04
    outer loop
      vertex   2.036816e+01 -1.203047e+02 -1.429383e+02
      vertex   2.055658e+01 -1.197335e+02 -1.179383e+02
      vertex   1.998699e+01 -1.212984e+02 -1.179383e+02
    endloop
  endfacet
  facet normal 9.273848e-01 -3.741080e-01 -7.315940e-04
    outer loop
      vertex   2.036816e+01 -1.203047e+02 -1.429383e+02
      vertex   1.998699e+01 -1.212984e+02 -1.179383e+02
      vertex   1.974514e+01 -1.218491e+02 -1.429383e+02
    endloop
  endfacet
  facet normal 9.029263e-01 -4.297948e-01 7.315940e-04
    outer loop
      vertex   1.974514e+01 -1.218491e+02 -1.429383e+02
      vertex   1.998699e+01 -1.212984e+02 -1.179383e+02
      vertex   1.927123e+01 -1.228021e+02 -1.179383e+02
    endloop
  endfacet
  facet normal 8.876243e-01 -4.605676e-01 -7.315940e-04
    outer loop
      vertex   1.974514e+01 -1.218491e+02 -1.429383e+02
      vertex   1.927123e+01 -1.228021e+02 -1.179383e+02
      vertex   1.897812e+01 -1.233273e+02 -1.429383e+02
    endloop
  endfacet
  facet normal 8.579832e-01 -5.136773e-01 7.315940e-04
    outer loop
      vertex   1.897812e+01 -1.233273e+02 -1.429383e+02
      vertex   1.927123e+01 -1.228021e+02 -1.179383e+02
      vertex   1.841577e+01 -1.242310e+02 -1.179383e+02
    endloop
  endfacet
  facet normal 8.398254e-01 -5.428562e-01 -7.315940e-04
    outer loop
      vertex   1.897812e+01 -1.233273e+02 -1.429383e+02
      vertex   1.841577e+01 -1.242310e+02 -1.179383e+02
      vertex   1.807407e+01 -1.247259e+02 -1.429383e+02
    endloop
  endfacet
  facet normal 8.052700e-01 -5.929078e-01 7.315940e-04
    outer loop
      vertex   1.807407e+01 -1.247259e+02 -1.429383e+02
      vertex   1.841577e+01 -1.242310e+02 -1.179383e+02
      vertex   1.742836e+01 -1.255721e+02 -1.179383e+02
    endloop
  endfacet
  facet normal 7.844208e-01 -6.202285e-01 -7.315940e-04
    outer loop
      vertex   1.807407e+01 -1.247259e+02 -1.429383e+02
      vertex   1.742836e+01 -1.255721e+02 -1.179383e+02
      vertex   1.704116e+01 -1.260323e+02 -1.429383e+02
    endloop
  endfacet
  facet normal 1.000000e+00 0.000000e+00 -1.776357e-15
    outer loop
      vertex   1.668969e+01 -1.264237e+02 -1.320000e+02
      vertex   1.668969e+01 -1.264237e+02 -1.360000e+02
      vertex   1.668969e+01 -1.260330e+02 -1.320000e+02
    endloop
  endfacet
  facet normal 1.000000e+00 -1.818460e-14 6.460469e-29
    outer loop
      vertex   1.668969e+01 -1.260330e+02 -1.320000e+02
      vertex   1.668969e+01 -1.264237e+02 -1.360000e+02
      vertex   1.668969e+01 -1.260330e+02 -1.360000e+02
    endloop
  endfacet
  facet normal 3.010500e-09 -7.071068e-01 7.071068e-01
    outer loop
      vertex   -9.310313e+00 -1.470330e+02 -1.270000e+02
      vertex   -4.310313e+00 -1.420330e+02 -1.220000e+02
      vertex   -9.310313e+00 -1.400330e+02 -1.200000e+02
    endloop
  endfacet
  facet normal -2.512148e-15 -7.071068e-01 7.071068e-01
    outer loop
      vertex   -9.310313e+00 -1.400330e+02 -1.200000e+02
      vertex   -4.310313e+00 -1.420330e+02 -1.220000e+02
      vertex   1.168969e+01 -1.420330e+02 -1.220000e+02
    endloop
  endfacet
  facet normal 3.864843e-16 -7.071068e-01 7.071068e-01
    outer loop
      vertex   -9.310313e+00 -1.400330e+02 -1.200000e+02
      vertex   1.168969e+01 -1.420330e+02 -1.220000e+02
      vertex   1.668969e+01 -1.400330e+02 -1.200000e+02
    endloop
  endfacet
  facet normal -3.010491e-09 -7.071068e-01 7.071068e-01
    outer loop
      vertex   1.668969e+01 -1.400330e+02 -1.200000e+02
      vertex   1.168969e+01 -1.420330e+02 -1.220000e+02
      vertex   1.668969e+01 -1.470330e+02 -1.270000e+02
    endloop
  endfacet
  facet normal -1.776357e-15 -4.179663e-16 1.000000e+00
    outer loop
      vertex   1.168969e+01 -1.420330e+02 -1.220000e+02
      vertex   -4.310313e+00 -1.420330e+02 -1.220000e+02
      vertex   1.168969e+01 -2.100330e+02 -1.220000e+02
    endloop
  endfacet
  facet normal 1.776357e-15 4.179663e-16 1.000000e+00
    outer loop
      vertex   1.168969e+01 -2.100330e+02 -1.220000e+02
      vertex   -4.310313e+00 -1.420330e+02 -1.220000e+02
      vertex   -4.310313e+00 -2.100330e+02 -1.220000e+02
    endloop
  endfacet
  facet normal 1.159453e-15 7.071068e-01 -7.071068e-01
    outer loop
      vertex   -9.310313e+00 -1.380330e+02 -1.240000e+02
      vertex   1.668969e+01 -1.380330e+02 -1.240000e+02
      vertex   -9.310313e+00 -1.400330e+02 -1.260000e+02
    endloop
  endfacet
  facet normal -3.864843e-16 7.071068e-01 -7.071068e-01
    outer loop
      vertex   -9.310313e+00 -1.400330e+02 -1.260000e+02
      vertex   1.668969e+01 -1.380330e+02 -1.240000e+02
      vertex   1.668969e+01 -1.400330e+02 -1.260000e+02
    endloop
  endfacet
  facet normal -5.465713e-16 1.177778e-15 -1.000000e+00
    outer loop
      vertex   -9.310313e+00 -1.380330e+02 -1.240000e+02
      vertex   3.612581e+00 -1.320358e+02 -1.240000e+02
      vertex   1.668969e+01 -1.380330e+02 -1.240000e+02
    endloop
  endfacet
  facet normal -7.337888e-17 2.209603e-15 -1.000000e+00
    outer loop
      vertex   1.668969e+01 -1.380330e+02 -1.240000e+02
      vertex   3.612581e+00 -1.320358e+02 -1.240000e+02
      vertex   5.239427e+00 -1.319818e+02 -1.240000e+02
    endloop
  endfacet
  facet normal -2.403428e-16 1.893667e-15 -1.000000e+00
    outer loop
      vertex   1.668969e+01 -1.380330e+02 -1.240000e+02
      vertex   5.239427e+00 -1.319818e+02 -1.240000e+02
      vertex   6.854216e+00 -1.317769e+02 -1.240000e+02
    endloop
  endfacet
  facet normal 1.135164e-14 -1.188618e-15 -1.000000e+00
    outer loop
      vertex   -9.310313e+00 -1.260772e+02 -1.240000e+02
      vertex   -8.181203e+00 -1.272496e+02 -1.240000e+02
      vertex   -9.310313e+00 -1.380330e+02 -1.240000e+02
    endloop
  endfacet
  facet normal 0.000000e+00 0.000000e+00 -1.000000e+00
    outer loop
      vertex   -9.310313e+00 -1.380330e+02 -1.240000e+02
      vertex   -8.181203e+00 -1.272496e+02 -1.240000e+02
      vertex   -6.948041e+00 -1.283121e+02 -1.240000e+02
    endloop
  endfacet
  facet normal 0.000000e+00 0.000000e+00 -1.000000e+00
    outer loop
      vertex   -9.310313e+00 -1.380330e+02 -1.240000e+02
      vertex   -6.948041e+00 -1.283121e+02 -1.240000e+02
      vertex   -5.621495e+00 -1.292554e+02 -1.240000e+02
    endloop
  endfacet
  facet normal 0.000000e+00 -0.000000e+00 -1.000000e+00
    outer loop
      vertex   -5.621495e+00 -1.292554e+02 -1.240000e+02
      vertex   -4.213042e+00 -1.300714e+02 -1.240000e+02
      vertex   -9.310313e+00 -1.380330e+02 -1.240000e+02
    endloop
  endfacet
  facet normal 0.000000e+00 0.000000e+00 -1.000000e+00
    outer loop
      vertex   -9.310313e+00 -1.380330e+02 -1.240000e+02
      vertex   -4.213042e+00 -1.300714e+02 -1.240000e+02
      vertex   -2.734867e+00 -1.307530e+02 -1.240000e+02
    endloop
  endfacet
  facet normal 0.000000e+00 0.000000e+00 -1.000000e+00
    outer loop
      vertex   -9.310313e+00 -1.380330e+02 -1.240000e+02
      vertex   -2.734867e+00 -1.307530e+02 -1.240000e+02
      vertex   -1.199759e+00 -1.312943e+02 -1.240000e+02
    endloop
  endfacet
  facet normal 0.000000e+00 -0.000000e+00 -1.000000e+00
    outer loop
      vertex   -1.199759e+00 -1.312943e+02 -1.240000e+02
      vertex   3.790004e-01 -1.316906e+02 -1.240000e+02
      vertex   -9.310313e+00 -1.380330e+02 -1.240000e+02
    endloop
  endfacet
  facet normal 0.000000e+00 0.000000e+00 -1.000000e+00
    outer loop
      vertex   -9.310313e+00 -1.380330e+02 -1.240000e+02
      vertex   3.790004e-01 -1.316906e+02 -1.240000e+02
      vertex   1.987753e+00 -1.319385e+02 -1.240000e+02
    endloop
  endfacet
  facet normal 0.000000e+00 0.000000e+00 -1.000000e+00
    outer loop
      vertex   -9.310313e+00 -1.380330e+02 -1.240000e+02
      vertex   1.987753e+00 -1.319385e+02 -1.240000e+02
      vertex   3.612581e+00 -1.320358e+02 -1.240000e+02
    endloop
  endfacet
  facet normal -3.749035e-16 1.682118e-15 -1.000000e+00
    outer loop
      vertex   6.854216e+00 -1.317769e+02 -1.240000e+02
      vertex   8.442977e+00 -1.314228e+02 -1.240000e+02
      vertex   1.668969e+01 -1.380330e+02 -1.240000e+02
    endloop
  endfacet
  facet normal -4.948498e-16 1.532476e-15 -1.000000e+00
    outer loop
      vertex   1.668969e+01 -1.380330e+02 -1.240000e+02
      vertex   8.442977e+00 -1.314228e+02 -1.240000e+02
      vertex   9.991965e+00 -1.309226e+02 -1.240000e+02
    endloop
  endfacet
  facet normal 1.292014e-14 1.416892e-14 -1.000000e+00
    outer loop
      vertex   1.668969e+01 -1.380330e+02 -1.240000e+02
      vertex   9.991965e+00 -1.309226e+02 -1.240000e+02
      vertex   1.148778e+01 -1.302806e+02 -1.240000e+02
    endloop
  endfacet
  facet normal -2.192424e-15 4.028185e-15 -1.000000e+00
    outer loop
      vertex   1.148778e+01 -1.302806e+02 -1.240000e+02
      vertex   1.291748e+01 -1.295025e+02 -1.240000e+02
      vertex   1.668969e+01 -1.380330e+02 -1.240000e+02
    endloop
  endfacet
  facet normal -2.588191e-15 3.853175e-15 -1.000000e+00
    outer loop
      vertex   1.668969e+01 -1.380330e+02 -1.240000e+02
      vertex   1.291748e+01 -1.295025e+02 -1.240000e+02
      vertex   1.426869e+01 -1.285949e+02 -1.240000e+02
    endloop
  endfacet
  facet normal -3.048509e-15 3.735097e-15 -1.000000e+00
    outer loop
      vertex   1.668969e+01 -1.380330e+02 -1.240000e+02
      vertex   1.426869e+01 -1.285949e+02 -1.240000e+02
      vertex   1.552973e+01 -1.275657e+02 -1.240000e+02
    endloop
  endfacet
  facet normal -4.779974e-14 -1.224096e-15 -1.000000e+00
    outer loop
      vertex   1.552973e+01 -1.275657e+02 -1.240000e+02
      vertex   1.668969e+01 -1.264237e+02 -1.240000e+02
      vertex   1.668969e+01 -1.380330e+02 -1.240000e+02
    endloop
  endfacet
  facet normal 1.545937e-15 7.071068e-01 7.071068e-01
    outer loop
      vertex   1.668969e+01 -1.380330e+02 -1.370000e+02
      vertex   -9.310313e+00 -1.380330e+02 -1.370000e+02
      vertex   1.668969e+01 -1.400330e+02 -1.350000e+02
    endloop
  endfacet
  facet normal 1.545937e-15 7.071068e-01 7.071068e-01
    outer loop
      vertex   1.668969e+01 -1.400330e+02 -1.350000e+02
      vertex   -9.310313e+00 -1.380330e+02 -1.370000e+02
      vertex   -9.310313e+00 -1.400330e+02 -1.350000e+02
    endloop
  endfacet
  facet normal 4.659464e-14 2.448193e-15 1.000000e+00
    outer loop
      vertex   1.668969e+01 -1.264237e+02 -1.370000e+02
      vertex   1.552973e+01 -1.275657e+02 -1.370000e+02
      vertex   1.668969e+01 -1.380330e+02 -1.370000e+02
    endloop
  endfacet
  facet normal 2.032340e-15 -2.490065e-15 1.000000e+00
    outer loop
      vertex   1.668969e+01 -1.380330e+02 -1.370000e+02
      vertex   1.552973e+01 -1.275657e+02 -1.370000e+02
      vertex   1.426869e+01 -1.285949e+02 -1.370000e+02
    endloop
  endfacet
  facet normal 1.725460e-15 -2.568784e-15 1.000000e+00
    outer loop
      vertex   1.668969e+01 -1.380330e+02 -1.370000e+02
      vertex   1.426869e+01 -1.285949e+02 -1.370000e+02
      vertex   1.291748e+01 -1.295025e+02 -1.370000e+02
    endloop
  endfacet
  facet normal 1.461616e-15 -2.685457e-15 1.000000e+00
    outer loop
      vertex   1.291748e+01 -1.295025e+02 -1.370000e+02
      vertex   1.148778e+01 -1.302806e+02 -1.370000e+02
      vertex   1.668969e+01 -1.380330e+02 -1.370000e+02
    endloop
  endfacet
  facet normal -1.353094e-14 -1.274566e-14 1.000000e+00
    outer loop
      vertex   1.668969e+01 -1.380330e+02 -1.370000e+02
      vertex   1.148778e+01 -1.302806e+02 -1.370000e+02
      vertex   9.991965e+00 -1.309226e+02 -1.370000e+02
    endloop
  endfacet
  facet normal 0.000000e+00 0.000000e+00 1.000000e+00
    outer loop
      vertex   1.668969e+01 -1.380330e+02 -1.370000e+02
      vertex   9.991965e+00 -1.309226e+02 -1.370000e+02
      vertex   8.442977e+00 -1.314228e+02 -1.370000e+02
    endloop
  endfacet
  facet normal 0.000000e+00 0.000000e+00 1.000000e+00
    outer loop
      vertex   8.442977e+00 -1.314228e+02 -1.370000e+02
      vertex   6.854216e+00 -1.317769e+02 -1.370000e+02
      vertex   1.668969e+01 -1.380330e+02 -1.370000e+02
    endloop
  endfacet
  facet normal 0.000000e+00 0.000000e+00 1.000000e+00
    outer loop
      vertex   1.668969e+01 -1.380330e+02 -1.370000e+02
      vertex   6.854216e+00 -1.317769e+02 -1.370000e+02
      vertex   5.239427e+00 -1.319818e+02 -1.370000e+02
    endloop
  endfacet
  facet normal 0.000000e+00 0.000000e+00 1.000000e+00
    outer loop
      vertex   1.668969e+01 -1.380330e+02 -1.370000e+02
      vertex   5.239427e+00 -1.319818e+02 -1.370000e+02
      vertex   3.612581e+00 -1.320358e+02 -1.370000e+02
    endloop
  endfacet
  facet normal 0.000000e+00 0.000000e+00 1.000000e+00
    outer loop
      vertex   1.668969e+01 -1.380330e+02 -1.370000e+02
      vertex   3.612581e+00 -1.320358e+02 -1.370000e+02
      vertex   -9.310313e+00 -1.380330e+02 -1.370000e+02
    endloop
  endfacet
  facet normal 0.000000e+00 0.000000e+00 1.000000e+00
    outer loop
      vertex   -9.310313e+00 -1.380330e+02 -1.370000e+02
      vertex   3.612581e+00 -1.320358e+02 -1.370000e+02
      vertex   1.987753e+00 -1.319385e+02 -1.370000e+02
    endloop
  endfacet
  facet normal 0.000000e+00 0.000000e+00 1.000000e+00
    outer loop
      vertex   -9.310313e+00 -1.380330e+02 -1.370000e+02
      vertex   1.987753e+00 -1.319385e+02 -1.370000e+02
      vertex   3.790004e-01 -1.316906e+02 -1.370000e+02
    endloop
  endfacet
  facet normal 0.000000e+00 0.000000e+00 1.000000e+00
    outer loop
      vertex   3.790004e-01 -1.316906e+02 -1.370000e+02
      vertex   -1.199759e+00 -1.312943e+02 -1.370000e+02
      vertex   -9.310313e+00 -1.380330e+02 -1.370000e+02
    endloop
  endfacet
  facet normal 0.000000e+00 0.000000e+00 1.000000e+00
    outer loop
      vertex   -9.310313e+00 -1.380330e+02 -1.370000e+02
      vertex   -1.199759e+00 -1.312943e+02 -1.370000e+02
      vertex   -2.734867e+00 -1.307530e+02 -1.370000e+02
    endloop
  endfacet
  facet normal 0.000000e+00 0.000000e+00 1.000000e+00
    outer loop
      vertex   -9.310313e+00 -1.380330e+02 -1.370000e+02
      vertex   -2.734867e+00 -1.307530e+02 -1.370000e+02
      vertex   -4.213042e+00 -1.300714e+02 -1.370000e+02
    endloop
  endfacet
  facet normal 0.000000e+00 0.000000e+00 1.000000e+00
    outer loop
      vertex   -4.213042e+00 -1.300714e+02 -1.370000e+02
      vertex   -5.621495e+00 -1.292554e+02 -1.370000e+02
      vertex   -9.310313e+00 -1.380330e+02 -1.370000e+02
    endloop
  endfacet
  facet normal 0.000000e+00 0.000000e+00 1.000000e+00
    outer loop
      vertex   -9.310313e+00 -1.380330e+02 -1.370000e+02
      vertex   -5.621495e+00 -1.292554e+02 -1.370000e+02
      vertex   -6.948041e+00 -1.283121e+02 -1.370000e+02
    endloop
  endfacet
  facet normal 0.000000e+00 0.000000e+00 1.000000e+00
    outer loop
      vertex   -9.310313e+00 -1.380330e+02 -1.370000e+02
      vertex   -6.948041e+00 -1.283121e+02 -1.370000e+02
      vertex   -8.181203e+00 -1.272496e+02 -1.370000e+02
    endloop
  endfacet
  facet normal -6.810985e-14 7.131708e-15 1.000000e+00
    outer loop
      vertex   -8.181203e+00 -1.272496e+02 -1.370000e+02
      vertex   -9.310313e+00 -1.260772e+02 -1.370000e+02
      vertex   -9.310313e+00 -1.380330e+02 -1.370000e+02
    endloop
  endfacet
  facet normal -3.010496e-09 -7.071068e-01 -7.071068e-01
    outer loop
      vertex   1.668969e+01 -1.470330e+02 -1.340000e+02
      vertex   1.168969e+01 -1.420330e+02 -1.390000e+02
      vertex   1.668969e+01 -1.400330e+02 -1.410000e+02
    endloop
  endfacet
  facet normal 0.000000e+00 -7.071068e-01 -7.071068e-01
    outer loop
      vertex   1.668969e+01 -1.400330e+02 -1.410000e+02
      vertex   1.168969e+01 -1.420330e+02 -1.390000e+02
      vertex   -4.310313e+00 -1.420330e+02 -1.390000e+02
    endloop
  endfacet
  facet normal -0.000000e+00 -7.071068e-01 -7.071068e-01
    outer loop
      vertex   1.668969e+01 -1.400330e+02 -1.410000e+02
      vertex   -4.310313e+00 -1.420330e+02 -1.390000e+02
      vertex   -9.310313e+00 -1.400330e+02 -1.410000e+02
    endloop
  endfacet
  facet normal 3.010495e-09 -7.071068e-01 -7.071068e-01
    outer loop
      vertex   -9.310313e+00 -1.400330e+02 -1.410000e+02
      vertex   -4.310313e+00 -1.420330e+02 -1.390000e+02
      vertex   -9.310313e+00 -1.470330e+02 -1.340000e+02
    endloop
  endfacet
  facet normal 0.000000e+00 1.000000e+00 0.000000e+00
    outer loop
      vertex   -9.310313e+00 -1.400330e+02 -1.260000e+02
      vertex   1.668969e+01 -1.400330e+02 -1.260000e+02
      vertex   -9.310313e+00 -1.400330e+02 -1.350000e+02
    endloop
  endfacet
  facet normal 1.093143e-15 1.000000e+00 -3.157968e-15
    outer loop
      vertex   -9.310313e+00 -1.400330e+02 -1.350000e+02
      vertex   1.668969e+01 -1.400330e+02 -1.260000e+02
      vertex   1.668969e+01 -1.400330e+02 -1.350000e+02
    endloop
  endfacet
  facet normal -7.883588e-26 -6.488283e-13 -1.000000e+00
    outer loop
      vertex   1.704056e+01 -1.260330e+02 -1.200000e+02
      vertex   1.692491e+01 -1.261644e+02 -1.200000e+02
      vertex   1.668969e+01 -1.260330e+02 -1.200000e+02
    endloop
  endfacet
  facet normal 2.413908e-13 -2.167613e-13 -1.000000e+00
    outer loop
      vertex   1.668969e+01 -1.260330e+02 -1.200000e+02
      vertex   1.692491e+01 -1.261644e+02 -1.200000e+02
      vertex   1.680795e+01 -1.262946e+02 -1.200000e+02
    endloop
  endfacet
  facet normal 7.210099e-13 0.000000e+00 -1.000000e+00
    outer loop
      vertex   1.668969e+01 -1.260330e+02 -1.200000e+02
      vertex   1.680795e+01 -1.262946e+02 -1.200000e+02
      vertex   1.668969e+01 -1.264237e+02 -1.200000e+02
    endloop
  endfacet
  facet normal -4.050167e-14 -1.000000e+00 -7.105427e-15
    outer loop
      vertex   1.704056e+01 -1.260330e+02 -1.240000e+02
      vertex   1.704056e+01 -1.260330e+02 -1.200000e+02
      vertex   1.668969e+01 -1.260330e+02 -1.240000e+02
    endloop
  endfacet
  facet normal -1.215050e-13 -1.000000e+00 -3.237544e-28
    outer loop
      vertex   1.668969e+01 -1.260330e+02 -1.240000e+02
      vertex   1.704056e+01 -1.260330e+02 -1.200000e+02
      vertex   1.668969e+01 -1.260330e+02 -1.200000e+02
    endloop
  endfacet
  facet normal -4.806733e-13 0.000000e+00 1.000000e+00
    outer loop
      vertex   1.668969e+01 -1.264237e+02 -1.240000e+02
      vertex   1.680795e+01 -1.262946e+02 -1.240000e+02
      vertex   1.668969e+01 -1.260330e+02 -1.240000e+02
    endloop
  endfacet
  facet normal -1.609272e-13 1.445075e-13 1.000000e+00
    outer loop
      vertex   1.668969e+01 -1.260330e+02 -1.240000e+02
      vertex   1.680795e+01 -1.262946e+02 -1.240000e+02
      vertex   1.692491e+01 -1.261644e+02 -1.240000e+02
    endloop
  endfacet
  facet normal 1.751908e-26 4.325522e-13 1.000000e+00
    outer loop
      vertex   1.668969e+01 -1.260330e+02 -1.240000e+02
      vertex   1.692491e+01 -1.261644e+02 -1.240000e+02
      vertex   1.704056e+01 -1.260330e+02 -1.240000e+02
    endloop
  endfacet
  facet normal 4.806733e-13 0.000000e+00 -1.000000e+00
    outer loop
      vertex   1.668969e+01 -1.264237e+02 -1.320000e+02
      vertex   1.668969e+01 -1.260330e+02 -1.320000e+02
      vertex   1.680795e+01 -1.262946e+02 -1.320000e+02
    endloop
  endfacet
  facet normal 1.609272e-13 -1.445075e-13 -1.000000e+00
    outer loop
      vertex   1.680795e+01 -1.262946e+02 -1.320000e+02
      vertex   1.668969e+01 -1.260330e+02 -1.320000e+02
      vertex   1.692491e+01 -1.261644e+02 -1.320000e+02
    endloop
  endfacet
  facet normal -5.255725e-26 -4.325522e-13 -1.000000e+00
    outer loop
      vertex   1.692491e+01 -1.261644e+02 -1.320000e+02
      vertex   1.668969e+01 -1.260330e+02 -1.320000e+02
      vertex   1.704056e+01 -1.260330e+02 -1.320000e+02
    endloop
  endfacet
  facet normal -0.000000e+00 -1.000000e+00 -7.105427e-15
    outer loop
      vertex   1.704056e+01 -1.260330e+02 -1.360000e+02
      vertex   1.704056e+01 -1.260330e+02 -1.320000e+02
      vertex   1.668969e+01 -1.260330e+02 -1.360000e+02
    endloop
  endfacet
  facet normal -1.215050e-13 -1.000000e+00 3.552714e-15
    outer loop
      vertex   1.668969e+01 -1.260330e+02 -1.360000e+02
      vertex   1.704056e+01 -1.260330e+02 -1.320000e+02
      vertex   1.668969e+01 -1.260330e+02 -1.320000e+02
    endloop
  endfacet
  facet normal -4.806733e-13 8.740853e-27 1.000000e+00
    outer loop
      vertex   1.668969e+01 -1.264237e+02 -1.360000e+02
      vertex   1.680795e+01 -1.262946e+02 -1.360000e+02
      vertex   1.668969e+01 -1.260330e+02 -1.360000e+02
    endloop
  endfacet
  facet normal -1.609272e-13 1.445075e-13 1.000000e+00
    outer loop
      vertex   1.668969e+01 -1.260330e+02 -1.360000e+02
      vertex   1.680795e+01 -1.262946e+02 -1.360000e+02
      vertex   1.692491e+01 -1.261644e+02 -1.360000e+02
    endloop
  endfacet
  facet normal -0.000000e+00 4.325522e-13 1.000000e+00
    outer loop
      vertex   1.668969e+01 -1.260330e+02 -1.360000e+02
      vertex   1.692491e+01 -1.261644e+02 -1.360000e+02
      vertex   1.704056e+01 -1.260330e+02 -1.360000e+02
    endloop
  endfacet
  facet normal 7.247925e-14 1.044205e-15 1.000000e+00
    outer loop
      vertex   1.668969e+01 -1.264237e+02 -1.200000e+02
      vertex   1.552973e+01 -1.275657e+02 -1.200000e+02
      vertex   1.668969e+01 -1.400330e+02 -1.200000e+02
    endloop
  endfacet
  facet normal 4.323307e-15 -5.297006e-15 1.000000e+00
    outer loop
      vertex   1.668969e+01 -1.400330e+02 -1.200000e+02
      vertex   1.552973e+01 -1.275657e+02 -1.200000e+02
      vertex   1.426869e+01 -1.285949e+02 -1.200000e+02
    endloop
  endfacet
  facet normal 3.653277e-15 -5.438826e-15 1.000000e+00
    outer loop
      vertex   1.668969e+01 -1.400330e+02 -1.200000e+02
      vertex   1.426869e+01 -1.285949e+02 -1.200000e+02
      vertex   1.291748e+01 -1.295025e+02 -1.200000e+02
    endloop
  endfacet
  facet normal 3.073276e-15 -5.646593e-15 1.000000e+00
    outer loop
      vertex   1.291748e+01 -1.295025e+02 -1.200000e+02
      vertex   1.148778e+01 -1.302806e+02 -1.200000e+02
      vertex   1.668969e+01 -1.400330e+02 -1.200000e+02
    endloop
  endfacet
  facet normal -5.186391e-15 -1.005232e-14 1.000000e+00
    outer loop
      vertex   1.668969e+01 -1.400330e+02 -1.200000e+02
      vertex   1.148778e+01 -1.302806e+02 -1.200000e+02
      vertex   9.991965e+00 -1.309226e+02 -1.200000e+02
    endloop
  endfacet
  facet normal 1.628228e-15 -5.042381e-15 1.000000e+00
    outer loop
      vertex   1.668969e+01 -1.400330e+02 -1.200000e+02
      vertex   9.991965e+00 -1.309226e+02 -1.200000e+02
      vertex   8.442977e+00 -1.314228e+02 -1.200000e+02
    endloop
  endfacet
  facet normal 1.212557e-15 -5.440504e-15 1.000000e+00
    outer loop
      vertex   8.442977e+00 -1.314228e+02 -1.200000e+02
      vertex   6.854216e+00 -1.317769e+02 -1.200000e+02
      vertex   1.668969e+01 -1.400330e+02 -1.200000e+02
    endloop
  endfacet
  facet normal 7.590712e-16 -5.980740e-15 1.000000e+00
    outer loop
      vertex   1.668969e+01 -1.400330e+02 -1.200000e+02
      vertex   6.854216e+00 -1.317769e+02 -1.200000e+02
      vertex   5.239427e+00 -1.319818e+02 -1.200000e+02
    endloop
  endfacet
  facet normal 2.238912e-16 -6.741867e-15 1.000000e+00
    outer loop
      vertex   1.668969e+01 -1.400330e+02 -1.200000e+02
      vertex   5.239427e+00 -1.319818e+02 -1.200000e+02
      vertex   3.612581e+00 -1.320358e+02 -1.200000e+02
    endloop
  endfacet
  facet normal 5.465713e-16 -6.214212e-15 1.000000e+00
    outer loop
      vertex   1.668969e+01 -1.400330e+02 -1.200000e+02
      vertex   3.612581e+00 -1.320358e+02 -1.200000e+02
      vertex   -9.310313e+00 -1.400330e+02 -1.200000e+02
    endloop
  endfacet
  facet normal -2.912426e-16 -4.860354e-15 1.000000e+00
    outer loop
      vertex   -9.310313e+00 -1.400330e+02 -1.200000e+02
      vertex   3.612581e+00 -1.320358e+02 -1.200000e+02
      vertex   1.987753e+00 -1.319385e+02 -1.200000e+02
    endloop
  endfacet
  facet normal -6.679566e-16 -4.334547e-15 1.000000e+00
    outer loop
      vertex   -9.310313e+00 -1.400330e+02 -1.200000e+02
      vertex   1.987753e+00 -1.319385e+02 -1.200000e+02
      vertex   3.790004e-01 -1.316906e+02 -1.200000e+02
    endloop
  endfacet
  facet normal -9.932488e-16 -3.956735e-15 1.000000e+00
    outer loop
      vertex   3.790004e-01 -1.316906e+02 -1.200000e+02
      vertex   -1.199759e+00 -1.312943e+02 -1.200000e+02
      vertex   -9.310313e+00 -1.400330e+02 -1.200000e+02
    endloop
  endfacet
  facet normal -1.296062e-15 -3.675688e-15 1.000000e+00
    outer loop
      vertex   -9.310313e+00 -1.400330e+02 -1.200000e+02
      vertex   -1.199759e+00 -1.312943e+02 -1.200000e+02
      vertex   -2.734867e+00 -1.307530e+02 -1.200000e+02
    endloop
  endfacet
  facet normal -1.596633e-15 -3.462716e-15 1.000000e+00
    outer loop
      vertex   -9.310313e+00 -1.400330e+02 -1.200000e+02
      vertex   -2.734867e+00 -1.307530e+02 -1.200000e+02
      vertex   -4.213042e+00 -1.300714e+02 -1.200000e+02
    endloop
  endfacet
  facet normal -1.912456e-15 -3.301111e-15 1.000000e+00
    outer loop
      vertex   -4.213042e+00 -1.300714e+02 -1.200000e+02
      vertex   -5.621495e+00 -1.292554e+02 -1.200000e+02
      vertex   -9.310313e+00 -1.400330e+02 -1.200000e+02
    endloop
  endfacet
  facet normal -2.262271e-15 -3.181380e-15 1.000000e+00
    outer loop
      vertex   -9.310313e+00 -1.400330e+02 -1.200000e+02
      vertex   -5.621495e+00 -1.292554e+02 -1.200000e+02
      vertex   -6.948041e+00 -1.283121e+02 -1.200000e+02
    endloop
  endfacet
  facet normal -2.670199e-15 -3.099164e-15 1.000000e+00
    outer loop
      vertex   -9.310313e+00 -1.400330e+02 -1.200000e+02
      vertex   -6.948041e+00 -1.283121e+02 -1.200000e+02
      vertex   -8.181203e+00 -1.272496e+02 -1.200000e+02
    endloop
  endfacet
  facet normal -4.928620e-14 1.018277e-15 1.000000e+00
    outer loop
      vertex   -8.181203e+00 -1.272496e+02 -1.200000e+02
      vertex   -9.310313e+00 -1.260772e+02 -1.200000e+02
      vertex   -9.310313e+00 -1.400330e+02 -1.200000e+02
    endloop
  endfacet
  facet normal -2.938623e-12 1.285455e-12 1.000000e+00
    outer loop
      vertex   -9.310313e+00 -1.260772e+02 -1.360000e+02
      vertex   -9.310313e+00 -1.260330e+02 -1.360000e+02
      vertex   -9.323215e+00 -1.260625e+02 -1.360000e+02
    endloop
  endfacet
  facet normal 0.000000e+00 -0.000000e+00 1.000000e+00
    outer loop
      vertex   -9.323215e+00 -1.260625e+02 -1.360000e+02
      vertex   -9.310313e+00 -1.260330e+02 -1.360000e+02
      vertex   -9.336101e+00 -1.260477e+02 -1.360000e+02
    endloop
  endfacet
  facet normal 0.000000e+00 -0.000000e+00 1.000000e+00
    outer loop
      vertex   -9.336101e+00 -1.260477e+02 -1.360000e+02
      vertex   -9.310313e+00 -1.260330e+02 -1.360000e+02
      vertex   -9.348970e+00 -1.260330e+02 -1.360000e+02
    endloop
  endfacet
  facet normal -7.352362e-13 -1.000000e+00 7.105427e-15
    outer loop
      vertex   -9.348970e+00 -1.260330e+02 -1.320000e+02
      vertex   -9.348970e+00 -1.260330e+02 -1.360000e+02
      vertex   -9.310313e+00 -1.260330e+02 -1.320000e+02
    endloop
  endfacet
  facet normal 1.470472e-12 -1.000000e+00 -1.421085e-14
    outer loop
      vertex   -9.310313e+00 -1.260330e+02 -1.320000e+02
      vertex   -9.348970e+00 -1.260330e+02 -1.360000e+02
      vertex   -9.310313e+00 -1.260330e+02 -1.360000e+02
    endloop
  endfacet
  facet normal 0.000000e+00 0.000000e+00 -1.000000e+00
    outer loop
      vertex   -9.310313e+00 -1.260772e+02 -1.320000e+02
      vertex   -9.323215e+00 -1.260625e+02 -1.320000e+02
      vertex   -9.310313e+00 -1.260330e+02 -1.320000e+02
    endloop
  endfacet
  facet normal 0.000000e+00 0.000000e+00 -1.000000e+00
    outer loop
      vertex   -9.310313e+00 -1.260330e+02 -1.320000e+02
      vertex   -9.323215e+00 -1.260625e+02 -1.320000e+02
      vertex   -9.336101e+00 -1.260477e+02 -1.320000e+02
    endloop
  endfacet
  facet normal -0.000000e+00 0.000000e+00 -1.000000e+00
    outer loop
      vertex   -9.310313e+00 -1.260330e+02 -1.320000e+02
      vertex   -9.336101e+00 -1.260477e+02 -1.320000e+02
      vertex   -9.348970e+00 -1.260330e+02 -1.320000e+02
    endloop
  endfacet
  facet normal -3.540713e-25 9.631498e-13 1.000000e+00
    outer loop
      vertex   -9.348970e+00 -1.260330e+02 -1.240000e+02
      vertex   -9.336101e+00 -1.260477e+02 -1.240000e+02
      vertex   -9.310313e+00 -1.260330e+02 -1.240000e+02
    endloop
  endfacet
  facet normal 3.673416e-13 3.211222e-13 1.000000e+00
    outer loop
      vertex   -9.310313e+00 -1.260330e+02 -1.240000e+02
      vertex   -9.336101e+00 -1.260477e+02 -1.240000e+02
      vertex   -9.323215e+00 -1.260625e+02 -1.240000e+02
    endloop
  endfacet
  facet normal 1.101445e-12 0.000000e+00 1.000000e+00
    outer loop
      vertex   -9.310313e+00 -1.260330e+02 -1.240000e+02
      vertex   -9.323215e+00 -1.260625e+02 -1.240000e+02
      vertex   -9.310313e+00 -1.260772e+02 -1.240000e+02
    endloop
  endfacet
  facet normal 0.000000e+00 -1.000000e+00 0.000000e+00
    outer loop
      vertex   -9.348970e+00 -1.260330e+02 -1.200000e+02
      vertex   -9.348970e+00 -1.260330e+02 -1.240000e+02
      vertex   -9.310313e+00 -1.260330e+02 -1.200000e+02
    endloop
  endfacet
  facet normal 3.676181e-13 -1.000000e+00 -3.552714e-15
    outer loop
      vertex   -9.310313e+00 -1.260330e+02 -1.200000e+02
      vertex   -9.348970e+00 -1.260330e+02 -1.240000e+02
      vertex   -9.310313e+00 -1.260330e+02 -1.240000e+02
    endloop
  endfacet
  facet normal -4.405779e-12 -1.769823e-24 -1.000000e+00
    outer loop
      vertex   -9.310313e+00 -1.260772e+02 -1.200000e+02
      vertex   -9.323215e+00 -1.260625e+02 -1.200000e+02
      vertex   -9.310313e+00 -1.260330e+02 -1.200000e+02
    endloop
  endfacet
  facet normal -1.469366e-12 -1.284489e-12 -1.000000e+00
    outer loop
      vertex   -9.310313e+00 -1.260330e+02 -1.200000e+02
      vertex   -9.323215e+00 -1.260625e+02 -1.200000e+02
      vertex   -9.336101e+00 -1.260477e+02 -1.200000e+02
    endloop
  endfacet
  facet normal -0.000000e+00 -3.852599e-12 -1.000000e+00
    outer loop
      vertex   -9.310313e+00 -1.260330e+02 -1.200000e+02
      vertex   -9.336101e+00 -1.260477e+02 -1.200000e+02
      vertex   -9.348970e+00 -1.260330e+02 -1.200000e+02
    endloop
  endfacet
  facet normal 0.000000e+00 -0.000000e+00 -1.000000e+00
    outer loop
      vertex   -9.310313e+00 -1.260772e+02 -1.410000e+02
      vertex   -8.181203e+00 -1.272496e+02 -1.410000e+02
      vertex   -9.310313e+00 -1.400330e+02 -1.410000e+02
    endloop
  endfacet
  facet normal 0.000000e+00 0.000000e+00 -1.000000e+00
    outer loop
      vertex   -9.310313e+00 -1.400330e+02 -1.410000e+02
      vertex   -8.181203e+00 -1.272496e+02 -1.410000e+02
      vertex   -6.948041e+00 -1.283121e+02 -1.410000e+02
    endloop
  endfacet
  facet normal 0.000000e+00 0.000000e+00 -1.000000e+00
    outer loop
      vertex   -9.310313e+00 -1.400330e+02 -1.410000e+02
      vertex   -6.948041e+00 -1.283121e+02 -1.410000e+02
      vertex   -5.621495e+00 -1.292554e+02 -1.410000e+02
    endloop
  endfacet
  facet normal 0.000000e+00 -0.000000e+00 -1.000000e+00
    outer loop
      vertex   -5.621495e+00 -1.292554e+02 -1.410000e+02
      vertex   -4.213042e+00 -1.300714e+02 -1.410000e+02
      vertex   -9.310313e+00 -1.400330e+02 -1.410000e+02
    endloop
  endfacet
  facet normal 0.000000e+00 0.000000e+00 -1.000000e+00
    outer loop
      vertex   -9.310313e+00 -1.400330e+02 -1.410000e+02
      vertex   -4.213042e+00 -1.300714e+02 -1.410000e+02
      vertex   -2.734867e+00 -1.307530e+02 -1.410000e+02
    endloop
  endfacet
  facet normal 0.000000e+00 0.000000e+00 -1.000000e+00
    outer loop
      vertex   -9.310313e+00 -1.400330e+02 -1.410000e+02
      vertex   -2.734867e+00 -1.307530e+02 -1.410000e+02
      vertex   -1.199759e+00 -1.312943e+02 -1.410000e+02
    endloop
  endfacet
  facet normal 0.000000e+00 -0.000000e+00 -1.000000e+00
    outer loop
      vertex   -1.199759e+00 -1.312943e+02 -1.410000e+02
      vertex   3.790004e-01 -1.316906e+02 -1.410000e+02
      vertex   -9.310313e+00 -1.400330e+02 -1.410000e+02
    endloop
  endfacet
  facet normal 0.000000e+00 0.000000e+00 -1.000000e+00
    outer loop
      vertex   -9.310313e+00 -1.400330e+02 -1.410000e+02
      vertex   3.790004e-01 -1.316906e+02 -1.410000e+02
      vertex   1.987753e+00 -1.319385e+02 -1.410000e+02
    endloop
  endfacet
  facet normal 0.000000e+00 0.000000e+00 -1.000000e+00
    outer loop
      vertex   -9.310313e+00 -1.400330e+02 -1.410000e+02
      vertex   1.987753e+00 -1.319385e+02 -1.410000e+02
      vertex   3.612581e+00 -1.320358e+02 -1.410000e+02
    endloop
  endfacet
  facet normal 0.000000e+00 0.000000e+00 -1.000000e+00
    outer loop
      vertex   -9.310313e+00 -1.400330e+02 -1.410000e+02
      vertex   3.612581e+00 -1.320358e+02 -1.410000e+02
      vertex   1.668969e+01 -1.400330e+02 -1.410000e+02
    endloop
  endfacet
  facet normal 0.000000e+00 0.000000e+00 -1.000000e+00
    outer loop
      vertex   1.668969e+01 -1.400330e+02 -1.410000e+02
      vertex   3.612581e+00 -1.320358e+02 -1.410000e+02
      vertex   5.239427e+00 -1.319818e+02 -1.410000e+02
    endloop
  endfacet
  facet normal 0.000000e+00 0.000000e+00 -1.000000e+00
    outer loop
      vertex   1.668969e+01 -1.400330e+02 -1.410000e+02
      vertex   5.239427e+00 -1.319818e+02 -1.410000e+02
      vertex   6.854216e+00 -1.317769e+02 -1.410000e+02
    endloop
  endfacet
  facet normal 0.000000e+00 0.000000e+00 -1.000000e+00
    outer loop
      vertex   6.854216e+00 -1.317769e+02 -1.410000e+02
      vertex   8.442977e+00 -1.314228e+02 -1.410000e+02
      vertex   1.668969e+01 -1.400330e+02 -1.410000e+02
    endloop
  endfacet
  facet normal 0.000000e+00 0.000000e+00 -1.000000e+00
    outer loop
      vertex   1.668969e+01 -1.400330e+02 -1.410000e+02
      vertex   8.442977e+00 -1.314228e+02 -1.410000e+02
      vertex   9.991965e+00 -1.309226e+02 -1.410000e+02
    endloop
  endfacet
  facet normal 1.444375e-14 1.061868e-14 -1.000000e+00
    outer loop
      vertex   1.668969e+01 -1.400330e+02 -1.410000e+02
      vertex   9.991965e+00 -1.309226e+02 -1.410000e+02
      vertex   1.148778e+01 -1.302806e+02 -1.410000e+02
    endloop
  endfacet
  facet normal -1.229310e-15 2.258637e-15 -1.000000e+00
    outer loop
      vertex   1.148778e+01 -1.302806e+02 -1.410000e+02
      vertex   1.291748e+01 -1.295025e+02 -1.410000e+02
      vertex   1.668969e+01 -1.400330e+02 -1.410000e+02
    endloop
  endfacet
  facet normal -1.461311e-15 2.175530e-15 -1.000000e+00
    outer loop
      vertex   1.668969e+01 -1.400330e+02 -1.410000e+02
      vertex   1.291748e+01 -1.295025e+02 -1.410000e+02
      vertex   1.426869e+01 -1.285949e+02 -1.410000e+02
    endloop
  endfacet
  facet normal -1.729323e-15 2.118803e-15 -1.000000e+00
    outer loop
      vertex   1.668969e+01 -1.400330e+02 -1.410000e+02
      vertex   1.426869e+01 -1.285949e+02 -1.410000e+02
      vertex   1.552973e+01 -1.275657e+02 -1.410000e+02
    endloop
  endfacet
  facet normal -4.694884e-14 -2.088409e-15 -1.000000e+00
    outer loop
      vertex   1.552973e+01 -1.275657e+02 -1.410000e+02
      vertex   1.668969e+01 -1.264237e+02 -1.410000e+02
      vertex   1.668969e+01 -1.400330e+02 -1.410000e+02
    endloop
  endfacet
  facet normal -4.245898e-14 -2.754091e-14 -1.000000e+00
    outer loop
      vertex   4.334292e+00 -1.245255e+02 -1.279383e+02
      vertex   1.325051e+00 -1.204022e+02 -1.279383e+02
      vertex   5.582276e+00 -1.243855e+02 -1.279383e+02
    endloop
  endfacet
  facet normal -4.380717e-15 1.315614e-14 -1.000000e+00
    outer loop
      vertex   5.582276e+00 -1.243855e+02 -1.279383e+02
      vertex   1.325051e+00 -1.204022e+02 -1.279383e+02
      vertex   8.220397e+00 -1.191864e+02 -1.279383e+02
    endloop
  endfacet
  facet normal 5.007174e-14 -1.447398e-14 -1.000000e+00
    outer loop
      vertex   5.582276e+00 -1.243855e+02 -1.279383e+02
      vertex   8.220397e+00 -1.191864e+02 -1.279383e+02
      vertex   6.802875e+00 -1.240902e+02 -1.279383e+02
    endloop
  endfacet
  facet normal 0.000000e+00 0.000000e+00 -1.000000e+00
    outer loop
      vertex   6.802875e+00 -1.240902e+02 -1.279383e+02
      vertex   8.220397e+00 -1.191864e+02 -1.279383e+02
      vertex   8.430792e+00 -1.195166e+02 -1.279383e+02
    endloop
  endfacet
  facet normal 0.000000e+00 0.000000e+00 -1.000000e+00
    outer loop
      vertex   6.802875e+00 -1.240902e+02 -1.279383e+02
      vertex   8.430792e+00 -1.195166e+02 -1.279383e+02
      vertex   7.976838e+00 -1.236442e+02 -1.279383e+02
    endloop
  endfacet
  facet normal 0.000000e+00 0.000000e+00 -1.000000e+00
    outer loop
      vertex   7.976838e+00 -1.236442e+02 -1.279383e+02
      vertex   8.430792e+00 -1.195166e+02 -1.279383e+02
      vertex   8.719494e+00 -1.197812e+02 -1.279383e+02
    endloop
  endfacet
  facet normal 0.000000e+00 0.000000e+00 -1.000000e+00
    outer loop
      vertex   7.976838e+00 -1.236442e+02 -1.279383e+02
      vertex   8.719494e+00 -1.197812e+02 -1.279383e+02
      vertex   9.085653e+00 -1.230547e+02 -1.279383e+02
    endloop
  endfacet
  facet normal 0.000000e+00 0.000000e+00 -1.000000e+00
    outer loop
      vertex   9.085653e+00 -1.230547e+02 -1.279383e+02
      vertex   8.719494e+00 -1.197812e+02 -1.279383e+02
      vertex   9.066828e+00 -1.199620e+02 -1.279383e+02
    endloop
  endfacet
  facet normal 0.000000e+00 0.000000e+00 -1.000000e+00
    outer loop
      vertex   9.085653e+00 -1.230547e+02 -1.279383e+02
      vertex   9.066828e+00 -1.199620e+02 -1.279383e+02
      vertex   1.011183e+01 -1.223308e+02 -1.279383e+02
    endloop
  endfacet
  facet normal 0.000000e+00 0.000000e+00 -1.000000e+00
    outer loop
      vertex   1.011183e+01 -1.223308e+02 -1.279383e+02
      vertex   9.066828e+00 -1.199620e+02 -1.279383e+02
      vertex   9.449125e+00 -1.200467e+02 -1.279383e+02
    endloop
  endfacet
  facet normal 0.000000e+00 0.000000e+00 -1.000000e+00
    outer loop
      vertex   1.011183e+01 -1.223308e+02 -1.279383e+02
      vertex   9.449125e+00 -1.200467e+02 -1.279383e+02
      vertex   9.840331e+00 -1.200296e+02 -1.279383e+02
    endloop
  endfacet
  facet normal -3.622126e-15 8.030060e-16 -1.000000e+00
    outer loop
      vertex   1.325051e+00 -1.204022e+02 -1.279383e+02
      vertex   4.334292e+00 -1.245255e+02 -1.279383e+02
      vertex   1.240298e+00 -1.207845e+02 -1.279383e+02
    endloop
  endfacet
  facet normal 5.366321e-17 3.843094e-15 -1.000000e+00
    outer loop
      vertex   1.240298e+00 -1.207845e+02 -1.279383e+02
      vertex   4.334292e+00 -1.245255e+02 -1.279383e+02
      vertex   3.078604e+00 -1.245079e+02 -1.279383e+02
    endloop
  endfacet
  facet normal -3.762868e-15 1.958825e-15 -1.000000e+00
    outer loop
      vertex   1.240298e+00 -1.207845e+02 -1.279383e+02
      vertex   3.078604e+00 -1.245079e+02 -1.279383e+02
      vertex   1.059487e+00 -1.211318e+02 -1.279383e+02
    endloop
  endfacet
  facet normal 6.458577e-16 4.595517e-15 -1.000000e+00
    outer loop
      vertex   1.059487e+00 -1.211318e+02 -1.279383e+02
      vertex   3.078604e+00 -1.245079e+02 -1.279383e+02
      vertex   1.835015e+00 -1.243331e+02 -1.279383e+02
    endloop
  endfacet
  facet normal -3.831451e-15 3.510878e-15 -1.000000e+00
    outer loop
      vertex   1.059487e+00 -1.211318e+02 -1.279383e+02
      vertex   1.835015e+00 -1.243331e+02 -1.279383e+02
      vertex   7.949405e-01 -1.214205e+02 -1.279383e+02
    endloop
  endfacet
  facet normal 1.468040e-15 5.403286e-15 -1.000000e+00
    outer loop
      vertex   7.949405e-01 -1.214205e+02 -1.279383e+02
      vertex   1.835015e+00 -1.243331e+02 -1.279383e+02
      vertex   6.231372e-01 -1.240039e+02 -1.279383e+02
    endloop
  endfacet
  facet normal -3.659515e-15 5.744287e-15 -1.000000e+00
    outer loop
      vertex   7.949405e-01 -1.214205e+02 -1.279383e+02
      vertex   6.231372e-01 -1.240039e+02 -1.279383e+02
      vertex   4.646865e-01 -1.216309e+02 -1.279383e+02
    endloop
  endfacet
  facet normal -1.849279e-15 5.865163e-15 -1.000000e+00
    outer loop
      vertex   4.646865e-01 -1.216309e+02 -1.279383e+02
      vertex   6.231372e-01 -1.240039e+02 -1.279383e+02
      vertex   9.123134e-02 -1.217487e+02 -1.279383e+02
    endloop
  endfacet
  facet normal 2.876889e-15 6.979857e-15 -1.000000e+00
    outer loop
      vertex   9.123134e-02 -1.217487e+02 -1.279383e+02
      vertex   6.231372e-01 -1.240039e+02 -1.279383e+02
      vertex   -5.379173e-01 -1.235253e+02 -1.279383e+02
    endloop
  endfacet
  facet normal -3.547113e-16 8.124224e-15 -1.000000e+00
    outer loop
      vertex   9.123134e-02 -1.217487e+02 -1.279383e+02
      vertex   -5.379173e-01 -1.235253e+02 -1.279383e+02
      vertex   -2.999745e-01 -1.217658e+02 -1.279383e+02
    endloop
  endfacet
  facet normal 1.738349e-15 7.841186e-15 -1.000000e+00
    outer loop
      vertex   -2.999745e-01 -1.217658e+02 -1.279383e+02
      vertex   -5.379173e-01 -1.235253e+02 -1.279383e+02
      vertex   -6.822711e-01 -1.216810e+02 -1.279383e+02
    endloop
  endfacet
  facet normal 4.580797e-15 8.063661e-15 -1.000000e+00
    outer loop
      vertex   -6.822711e-01 -1.216810e+02 -1.279383e+02
      vertex   -5.379173e-01 -1.235253e+02 -1.279383e+02
      vertex   -1.629838e+00 -1.229050e+02 -1.279383e+02
    endloop
  endfacet
  facet normal 4.307722e-15 8.275057e-15 -1.000000e+00
    outer loop
      vertex   -6.822711e-01 -1.216810e+02 -1.279383e+02
      vertex   -1.629838e+00 -1.229050e+02 -1.279383e+02
      vertex   -1.029606e+00 -1.215002e+02 -1.279383e+02
    endloop
  endfacet
  facet normal 5.734495e-15 7.665458e-15 -1.000000e+00
    outer loop
      vertex   -1.029606e+00 -1.215002e+02 -1.279383e+02
      vertex   -1.629838e+00 -1.229050e+02 -1.279383e+02
      vertex   -2.635405e+00 -1.221528e+02 -1.279383e+02
    endloop
  endfacet
  facet normal 6.130714e-15 6.690500e-15 -1.000000e+00
    outer loop
      vertex   -1.029606e+00 -1.215002e+02 -1.279383e+02
      vertex   -2.635405e+00 -1.221528e+02 -1.279383e+02
      vertex   -1.318308e+00 -1.212356e+02 -1.279383e+02
    endloop
  endfacet
  facet normal 7.473976e-15 4.761448e-15 -1.000000e+00
    outer loop
      vertex   -1.318308e+00 -1.212356e+02 -1.279383e+02
      vertex   -2.635405e+00 -1.221528e+02 -1.279383e+02
      vertex   -1.528703e+00 -1.209054e+02 -1.279383e+02
    endloop
  endfacet
  facet normal 5.925105e-15 6.135626e-15 -1.000000e+00
    outer loop
      vertex   -1.528703e+00 -1.209054e+02 -1.279383e+02
      vertex   -2.635405e+00 -1.221528e+02 -1.279383e+02
      vertex   -3.538759e+00 -1.212804e+02 -1.279383e+02
    endloop
  endfacet
  facet normal 6.677080e-15 2.105275e-15 -1.000000e+00
    outer loop
      vertex   -1.528703e+00 -1.209054e+02 -1.279383e+02
      vertex   -3.538759e+00 -1.212804e+02 -1.279383e+02
      vertex   -1.646453e+00 -1.205319e+02 -1.279383e+02
    endloop
  endfacet
  facet normal 7.382314e-15 3.223188e-16 -1.000000e+00
    outer loop
      vertex   -1.646453e+00 -1.205319e+02 -1.279383e+02
      vertex   -3.538759e+00 -1.212804e+02 -1.279383e+02
      vertex   -1.663533e+00 -1.201407e+02 -1.279383e+02
    endloop
  endfacet
  facet normal -8.373912e-16 1.384684e-14 -1.000000e+00
    outer loop
      vertex   -1.663533e+00 -1.201407e+02 -1.279383e+02
      vertex   -3.538759e+00 -1.212804e+02 -1.279383e+02
      vertex   -4.325655e+00 -1.203017e+02 -1.279383e+02
    endloop
  endfacet
  facet normal -0.000000e+00 0.000000e+00 -1.000000e+00
    outer loop
      vertex   -1.663533e+00 -1.201407e+02 -1.279383e+02
      vertex   -4.325655e+00 -1.203017e+02 -1.279383e+02
      vertex   -1.578780e+00 -1.197584e+02 -1.279383e+02
    endloop
  endfacet
  facet normal -0.000000e+00 0.000000e+00 -1.000000e+00
    outer loop
      vertex   -1.578780e+00 -1.197584e+02 -1.279383e+02
      vertex   -4.325655e+00 -1.203017e+02 -1.279383e+02
      vertex   -4.983682e+00 -1.192321e+02 -1.279383e+02
    endloop
  endfacet
  facet normal 0.000000e+00 0.000000e+00 -1.000000e+00
    outer loop
      vertex   -1.578780e+00 -1.197584e+02 -1.279383e+02
      vertex   -4.983682e+00 -1.192321e+02 -1.279383e+02
      vertex   -1.397969e+00 -1.194111e+02 -1.279383e+02
    endloop
  endfacet
  facet normal 0.000000e+00 0.000000e+00 -1.000000e+00
    outer loop
      vertex   -1.397969e+00 -1.194111e+02 -1.279383e+02
      vertex   -4.983682e+00 -1.192321e+02 -1.279383e+02
      vertex   -5.502463e+00 -1.180885e+02 -1.279383e+02
    endloop
  endfacet
  facet normal 0.000000e+00 0.000000e+00 -1.000000e+00
    outer loop
      vertex   -1.397969e+00 -1.194111e+02 -1.279383e+02
      vertex   -5.502463e+00 -1.180885e+02 -1.279383e+02
      vertex   -1.133422e+00 -1.191224e+02 -1.279383e+02
    endloop
  endfacet
  facet normal 0.000000e+00 0.000000e+00 -1.000000e+00
    outer loop
      vertex   -1.133422e+00 -1.191224e+02 -1.279383e+02
      vertex   -5.502463e+00 -1.180885e+02 -1.279383e+02
      vertex   -5.873816e+00 -1.168888e+02 -1.279383e+02
    endloop
  endfacet
  facet normal 0.000000e+00 0.000000e+00 -1.000000e+00
    outer loop
      vertex   -1.133422e+00 -1.191224e+02 -1.279383e+02
      vertex   -5.873816e+00 -1.168888e+02 -1.279383e+02
      vertex   -8.031683e-01 -1.189120e+02 -1.279383e+02
    endloop
  endfacet
  facet normal 0.000000e+00 0.000000e+00 -1.000000e+00
    outer loop
      vertex   -8.031683e-01 -1.189120e+02 -1.279383e+02
      vertex   -5.873816e+00 -1.168888e+02 -1.279383e+02
      vertex   -6.091885e+00 -1.156521e+02 -1.279383e+02
    endloop
  endfacet
  facet normal 0.000000e+00 0.000000e+00 -1.000000e+00
    outer loop
      vertex   -8.031683e-01 -1.189120e+02 -1.279383e+02
      vertex   -6.091885e+00 -1.156521e+02 -1.279383e+02
      vertex   -2.019004e+00 -1.120167e+02 -1.279383e+02
    endloop
  endfacet
  facet normal -0.000000e+00 0.000000e+00 -1.000000e+00
    outer loop
      vertex   -2.019004e+00 -1.120167e+02 -1.279383e+02
      vertex   -6.091885e+00 -1.156521e+02 -1.279383e+02
      vertex   -2.401300e+00 -1.119319e+02 -1.279383e+02
    endloop
  endfacet
  facet normal 0.000000e+00 0.000000e+00 -1.000000e+00
    outer loop
      vertex   -2.401300e+00 -1.119319e+02 -1.279383e+02
      vertex   -6.091885e+00 -1.156521e+02 -1.279383e+02
      vertex   -6.153231e+00 -1.143978e+02 -1.279383e+02
    endloop
  endfacet
  facet normal -0.000000e+00 0.000000e+00 -1.000000e+00
    outer loop
      vertex   -2.401300e+00 -1.119319e+02 -1.279383e+02
      vertex   -6.153231e+00 -1.143978e+02 -1.279383e+02
      vertex   -2.748635e+00 -1.117511e+02 -1.279383e+02
    endloop
  endfacet
  facet normal 0.000000e+00 0.000000e+00 -1.000000e+00
    outer loop
      vertex   -2.748635e+00 -1.117511e+02 -1.279383e+02
      vertex   -6.153231e+00 -1.143978e+02 -1.279383e+02
      vertex   -6.056887e+00 -1.131457e+02 -1.279383e+02
    endloop
  endfacet
  facet normal -0.000000e+00 0.000000e+00 -1.000000e+00
    outer loop
      vertex   -2.748635e+00 -1.117511e+02 -1.279383e+02
      vertex   -6.056887e+00 -1.131457e+02 -1.279383e+02
      vertex   -3.037337e+00 -1.114865e+02 -1.279383e+02
    endloop
  endfacet
  facet normal 0.000000e+00 0.000000e+00 -1.000000e+00
    outer loop
      vertex   -3.037337e+00 -1.114865e+02 -1.279383e+02
      vertex   -6.056887e+00 -1.131457e+02 -1.279383e+02
      vertex   -5.804371e+00 -1.119155e+02 -1.279383e+02
    endloop
  endfacet
  facet normal -0.000000e+00 0.000000e+00 -1.000000e+00
    outer loop
      vertex   -3.037337e+00 -1.114865e+02 -1.279383e+02
      vertex   -5.804371e+00 -1.119155e+02 -1.279383e+02
      vertex   -3.247732e+00 -1.111563e+02 -1.279383e+02
    endloop
  endfacet
  facet normal -3.949009e-15 1.329818e-14 -1.000000e+00
    outer loop
      vertex   -3.247732e+00 -1.111563e+02 -1.279383e+02
      vertex   -5.804371e+00 -1.119155e+02 -1.279383e+02
      vertex   -5.399666e+00 -1.107267e+02 -1.279383e+02
    endloop
  endfacet
  facet normal -7.047346e-15 -2.222020e-15 -1.000000e+00
    outer loop
      vertex   -3.247732e+00 -1.111563e+02 -1.279383e+02
      vertex   -5.399666e+00 -1.107267e+02 -1.279383e+02
      vertex   -3.365482e+00 -1.107828e+02 -1.279383e+02
    endloop
  endfacet
  facet normal -6.994449e-15 -3.053842e-16 -1.000000e+00
    outer loop
      vertex   -3.365482e+00 -1.107828e+02 -1.279383e+02
      vertex   -5.399666e+00 -1.107267e+02 -1.279383e+02
      vertex   -3.382562e+00 -1.103916e+02 -1.279383e+02
    endloop
  endfacet
  facet normal -7.666286e-15 3.739097e-15 -1.000000e+00
    outer loop
      vertex   -3.382562e+00 -1.103916e+02 -1.279383e+02
      vertex   -5.399666e+00 -1.107267e+02 -1.279383e+02
      vertex   -4.849155e+00 -1.095980e+02 -1.279383e+02
    endloop
  endfacet
  facet normal -8.651751e-15 1.918047e-15 -1.000000e+00
    outer loop
      vertex   -3.382562e+00 -1.103916e+02 -1.279383e+02
      vertex   -4.849155e+00 -1.095980e+02 -1.279383e+02
      vertex   -3.297809e+00 -1.100093e+02 -1.279383e+02
    endloop
  endfacet
  facet normal -8.049273e-15 4.190186e-15 -1.000000e+00
    outer loop
      vertex   -3.297809e+00 -1.100093e+02 -1.279383e+02
      vertex   -4.849155e+00 -1.095980e+02 -1.279383e+02
      vertex   -3.116998e+00 -1.096620e+02 -1.279383e+02
    endloop
  endfacet
  facet normal -8.010404e-15 5.241861e-15 -1.000000e+00
    outer loop
      vertex   -3.116998e+00 -1.096620e+02 -1.279383e+02
      vertex   -4.849155e+00 -1.095980e+02 -1.279383e+02
      vertex   -4.161520e+00 -1.085472e+02 -1.279383e+02
    endloop
  endfacet
  facet normal -6.878171e-15 6.302682e-15 -1.000000e+00
    outer loop
      vertex   -3.116998e+00 -1.096620e+02 -1.279383e+02
      vertex   -4.161520e+00 -1.085472e+02 -1.279383e+02
      vertex   -2.852452e+00 -1.093733e+02 -1.279383e+02
    endloop
  endfacet
  facet normal -7.062476e-15 6.010638e-15 -1.000000e+00
    outer loop
      vertex   -2.852452e+00 -1.093733e+02 -1.279383e+02
      vertex   -4.161520e+00 -1.085472e+02 -1.279383e+02
      vertex   -3.347604e+00 -1.075908e+02 -1.279383e+02
    endloop
  endfacet
  facet normal -4.315358e-15 6.773755e-15 -1.000000e+00
    outer loop
      vertex   -2.852452e+00 -1.093733e+02 -1.279383e+02
      vertex   -3.347604e+00 -1.075908e+02 -1.279383e+02
      vertex   -2.522198e+00 -1.091629e+02 -1.279383e+02
    endloop
  endfacet
  facet normal -2.445329e-15 7.755592e-15 -1.000000e+00
    outer loop
      vertex   -2.522198e+00 -1.091629e+02 -1.279383e+02
      vertex   -3.347604e+00 -1.075908e+02 -1.279383e+02
      vertex   -2.148742e+00 -1.090451e+02 -1.279383e+02
    endloop
  endfacet
  facet normal -5.090643e-15 5.574966e-15 -1.000000e+00
    outer loop
      vertex   -2.148742e+00 -1.090451e+02 -1.279383e+02
      vertex   -3.347604e+00 -1.075908e+02 -1.279383e+02
      vertex   -2.420244e+00 -1.067440e+02 -1.279383e+02
    endloop
  endfacet
  facet normal -2.682502e-16 6.143941e-15 -1.000000e+00
    outer loop
      vertex   -2.148742e+00 -1.090451e+02 -1.279383e+02
      vertex   -2.420244e+00 -1.067440e+02 -1.279383e+02
      vertex   -1.757537e+00 -1.090281e+02 -1.279383e+02
    endloop
  endfacet
  facet normal 1.474157e-15 6.649492e-15 -1.000000e+00
    outer loop
      vertex   -1.757537e+00 -1.090281e+02 -1.279383e+02
      vertex   -2.420244e+00 -1.067440e+02 -1.279383e+02
      vertex   -1.375240e+00 -1.091128e+02 -1.279383e+02
    endloop
  endfacet
  facet normal -3.227539e-15 4.575328e-15 -1.000000e+00
    outer loop
      vertex   -1.375240e+00 -1.091128e+02 -1.279383e+02
      vertex   -2.420244e+00 -1.067440e+02 -1.279383e+02
      vertex   -1.394065e+00 -1.060201e+02 -1.279383e+02
    endloop
  endfacet
  facet normal 2.399596e-15 4.609580e-15 -1.000000e+00
    outer loop
      vertex   -1.375240e+00 -1.091128e+02 -1.279383e+02
      vertex   -1.394065e+00 -1.060201e+02 -1.279383e+02
      vertex   -1.027906e+00 -1.092936e+02 -1.279383e+02
    endloop
  endfacet
  facet normal -2.178667e-15 4.097477e-15 -1.000000e+00
    outer loop
      vertex   -1.027906e+00 -1.092936e+02 -1.279383e+02
      vertex   -1.394065e+00 -1.060201e+02 -1.279383e+02
      vertex   -2.852502e-01 -1.054306e+02 -1.279383e+02
    endloop
  endfacet
  facet normal 2.865981e-15 3.127670e-15 -1.000000e+00
    outer loop
      vertex   -1.027906e+00 -1.092936e+02 -1.279383e+02
      vertex   -2.852502e-01 -1.054306e+02 -1.279383e+02
      vertex   -7.392035e-01 -1.095582e+02 -1.279383e+02
    endloop
  endfacet
  facet normal -1.364843e-15 3.592973e-15 -1.000000e+00
    outer loop
      vertex   -7.392035e-01 -1.095582e+02 -1.279383e+02
      vertex   -2.852502e-01 -1.054306e+02 -1.279383e+02
      vertex   8.887136e-01 -1.049846e+02 -1.279383e+02
    endloop
  endfacet
  facet normal 3.129041e-15 1.993419e-15 -1.000000e+00
    outer loop
      vertex   -7.392035e-01 -1.095582e+02 -1.279383e+02
      vertex   8.887136e-01 -1.049846e+02 -1.279383e+02
      vertex   -5.288085e-01 -1.098884e+02 -1.279383e+02
    endloop
  endfacet
  facet normal -7.537937e-16 3.115810e-15 -1.000000e+00
    outer loop
      vertex   -5.288085e-01 -1.098884e+02 -1.279383e+02
      vertex   8.887136e-01 -1.049846e+02 -1.279383e+02
      vertex   2.109312e+00 -1.046893e+02 -1.279383e+02
    endloop
  endfacet
  facet normal -2.792765e-15 4.150419e-15 -1.000000e+00
    outer loop
      vertex   -5.288085e-01 -1.098884e+02 -1.279383e+02
      vertex   2.109312e+00 -1.046893e+02 -1.279383e+02
      vertex   6.366537e+00 -1.086726e+02 -1.279383e+02
    endloop
  endfacet
  facet normal -7.146706e-16 6.371432e-15 -1.000000e+00
    outer loop
      vertex   6.366537e+00 -1.086726e+02 -1.279383e+02
      vertex   2.109312e+00 -1.046893e+02 -1.279383e+02
      vertex   3.357296e+00 -1.045493e+02 -1.279383e+02
    endloop
  endfacet
  facet normal -7.244252e-15 1.606012e-15 -1.000000e+00
    outer loop
      vertex   6.366537e+00 -1.086726e+02 -1.279383e+02
      vertex   3.357296e+00 -1.045493e+02 -1.279383e+02
      vertex   6.451290e+00 -1.082903e+02 -1.279383e+02
    endloop
  endfacet
  facet normal 1.073264e-16 7.686189e-15 -1.000000e+00
    outer loop
      vertex   6.451290e+00 -1.082903e+02 -1.279383e+02
      vertex   3.357296e+00 -1.045493e+02 -1.279383e+02
      vertex   4.612984e+00 -1.045669e+02 -1.279383e+02
    endloop
  endfacet
  facet normal -7.525735e-15 3.917650e-15 -1.000000e+00
    outer loop
      vertex   6.451290e+00 -1.082903e+02 -1.279383e+02
      vertex   4.612984e+00 -1.045669e+02 -1.279383e+02
      vertex   6.632101e+00 -1.079430e+02 -1.279383e+02
    endloop
  endfacet
  facet normal 1.291715e-15 9.191033e-15 -1.000000e+00
    outer loop
      vertex   6.632101e+00 -1.079430e+02 -1.279383e+02
      vertex   4.612984e+00 -1.045669e+02 -1.279383e+02
      vertex   5.856573e+00 -1.047416e+02 -1.279383e+02
    endloop
  endfacet
  facet normal -7.662903e-15 7.021757e-15 -1.000000e+00
    outer loop
      vertex   6.632101e+00 -1.079430e+02 -1.279383e+02
      vertex   5.856573e+00 -1.047416e+02 -1.279383e+02
      vertex   6.896648e+00 -1.076543e+02 -1.279383e+02
    endloop
  endfacet
  facet normal 2.936080e-15 1.080657e-14 -1.000000e+00
    outer loop
      vertex   6.896648e+00 -1.076543e+02 -1.279383e+02
      vertex   5.856573e+00 -1.047416e+02 -1.279383e+02
      vertex   7.068451e+00 -1.050709e+02 -1.279383e+02
    endloop
  endfacet
  facet normal -7.319029e-15 1.148857e-14 -1.000000e+00
    outer loop
      vertex   6.896648e+00 -1.076543e+02 -1.279383e+02
      vertex   7.068451e+00 -1.050709e+02 -1.279383e+02
      vertex   7.226902e+00 -1.074439e+02 -1.279383e+02
    endloop
  endfacet
  facet normal -3.698557e-15 1.173033e-14 -1.000000e+00
    outer loop
      vertex   7.226902e+00 -1.074439e+02 -1.279383e+02
      vertex   7.068451e+00 -1.050709e+02 -1.279383e+02
      vertex   7.600357e+00 -1.073261e+02 -1.279383e+02
    endloop
  endfacet
  facet normal 5.753779e-15 1.395971e-14 -1.000000e+00
    outer loop
      vertex   7.600357e+00 -1.073261e+02 -1.279383e+02
      vertex   7.068451e+00 -1.050709e+02 -1.279383e+02
      vertex   8.229506e+00 -1.055495e+02 -1.279383e+02
    endloop
  endfacet
  facet normal -7.094226e-16 1.624845e-14 -1.000000e+00
    outer loop
      vertex   7.600357e+00 -1.073261e+02 -1.279383e+02
      vertex   8.229506e+00 -1.055495e+02 -1.279383e+02
      vertex   7.991563e+00 -1.073090e+02 -1.279383e+02
    endloop
  endfacet
  facet normal 3.476698e-15 1.568237e-14 -1.000000e+00
    outer loop
      vertex   7.991563e+00 -1.073090e+02 -1.279383e+02
      vertex   8.229506e+00 -1.055495e+02 -1.279383e+02
      vertex   8.373859e+00 -1.073938e+02 -1.279383e+02
    endloop
  endfacet
  facet normal 9.161594e-15 1.612732e-14 -1.000000e+00
    outer loop
      vertex   8.373859e+00 -1.073938e+02 -1.279383e+02
      vertex   8.229506e+00 -1.055495e+02 -1.279383e+02
      vertex   9.321426e+00 -1.061698e+02 -1.279383e+02
    endloop
  endfacet
  facet normal 8.615444e-15 1.655011e-14 -1.000000e+00
    outer loop
      vertex   8.373859e+00 -1.073938e+02 -1.279383e+02
      vertex   9.321426e+00 -1.061698e+02 -1.279383e+02
      vertex   8.721194e+00 -1.075746e+02 -1.279383e+02
    endloop
  endfacet
  facet normal 1.146899e-14 1.533092e-14 -1.000000e+00
    outer loop
      vertex   8.721194e+00 -1.075746e+02 -1.279383e+02
      vertex   9.321426e+00 -1.061698e+02 -1.279383e+02
      vertex   1.032699e+01 -1.069220e+02 -1.279383e+02
    endloop
  endfacet
  facet normal 1.226143e-14 1.338100e-14 -1.000000e+00
    outer loop
      vertex   8.721194e+00 -1.075746e+02 -1.279383e+02
      vertex   1.032699e+01 -1.069220e+02 -1.279383e+02
      vertex   9.009896e+00 -1.078391e+02 -1.279383e+02
    endloop
  endfacet
  facet normal 1.494795e-14 9.522895e-15 -1.000000e+00
    outer loop
      vertex   9.009896e+00 -1.078391e+02 -1.279383e+02
      vertex   1.032699e+01 -1.069220e+02 -1.279383e+02
      vertex   9.220291e+00 -1.081694e+02 -1.279383e+02
    endloop
  endfacet
  facet normal 1.185021e-14 1.227125e-14 -1.000000e+00
    outer loop
      vertex   9.220291e+00 -1.081694e+02 -1.279383e+02
      vertex   1.032699e+01 -1.069220e+02 -1.279383e+02
      vertex   1.123035e+01 -1.077944e+02 -1.279383e+02
    endloop
  endfacet
  facet normal 1.335416e-14 4.210550e-15 -1.000000e+00
    outer loop
      vertex   9.220291e+00 -1.081694e+02 -1.279383e+02
      vertex   1.123035e+01 -1.077944e+02 -1.279383e+02
      vertex   9.338041e+00 -1.085429e+02 -1.279383e+02
    endloop
  endfacet
  facet normal 1.476463e-14 6.446376e-16 -1.000000e+00
    outer loop
      vertex   9.338041e+00 -1.085429e+02 -1.279383e+02
      vertex   1.123035e+01 -1.077944e+02 -1.279383e+02
      vertex   9.355121e+00 -1.089341e+02 -1.279383e+02
    endloop
  endfacet
  facet normal 4.253253e-15 1.793983e-14 -1.000000e+00
    outer loop
      vertex   9.355121e+00 -1.089341e+02 -1.279383e+02
      vertex   1.123035e+01 -1.077944e+02 -1.279383e+02
      vertex   1.201724e+01 -1.087731e+02 -1.279383e+02
    endloop
  endfacet
  facet normal 5.410710e-15 -1.199526e-15 -1.000000e+00
    outer loop
      vertex   9.355121e+00 -1.089341e+02 -1.279383e+02
      vertex   1.201724e+01 -1.087731e+02 -1.279383e+02
      vertex   9.270368e+00 -1.093164e+02 -1.279383e+02
    endloop
  endfacet
  facet normal 4.612254e-15 2.837477e-15 -1.000000e+00
    outer loop
      vertex   9.270368e+00 -1.093164e+02 -1.279383e+02
      vertex   1.201724e+01 -1.087731e+02 -1.279383e+02
      vertex   1.267527e+01 -1.098427e+02 -1.279383e+02
    endloop
  endfacet
  facet normal 3.862815e-15 -2.010854e-15 -1.000000e+00
    outer loop
      vertex   9.270368e+00 -1.093164e+02 -1.279383e+02
      vertex   1.267527e+01 -1.098427e+02 -1.279383e+02
      vertex   9.089557e+00 -1.096637e+02 -1.279383e+02
    endloop
  endfacet
  facet normal 4.055005e-15 1.839432e-15 -1.000000e+00
    outer loop
      vertex   9.089557e+00 -1.096637e+02 -1.279383e+02
      vertex   1.267527e+01 -1.098427e+02 -1.279383e+02
      vertex   1.319405e+01 -1.109863e+02 -1.279383e+02
    endloop
  endfacet
  facet normal 2.672992e-15 -2.449345e-15 -1.000000e+00
    outer loop
      vertex   9.089557e+00 -1.096637e+02 -1.279383e+02
      vertex   1.319405e+01 -1.109863e+02 -1.279383e+02
      vertex   8.825011e+00 -1.099524e+02 -1.279383e+02
    endloop
  endfacet
  facet normal 3.509732e-15 1.086443e-15 -1.000000e+00
    outer loop
      vertex   8.825011e+00 -1.099524e+02 -1.279383e+02
      vertex   1.319405e+01 -1.109863e+02 -1.279383e+02
      vertex   1.356540e+01 -1.121860e+02 -1.279383e+02
    endloop
  endfacet
  facet normal 1.723278e-15 -2.705005e-15 -1.000000e+00
    outer loop
      vertex   8.825011e+00 -1.099524e+02 -1.279383e+02
      vertex   1.356540e+01 -1.121860e+02 -1.279383e+02
      vertex   8.494757e+00 -1.101628e+02 -1.279383e+02
    endloop
  endfacet
  facet normal 3.014666e-15 5.315670e-16 -1.000000e+00
    outer loop
      vertex   8.494757e+00 -1.101628e+02 -1.279383e+02
      vertex   1.356540e+01 -1.121860e+02 -1.279383e+02
      vertex   1.378347e+01 -1.134227e+02 -1.279383e+02
    endloop
  endfacet
  facet normal 3.014666e-15 5.315670e-16 -1.000000e+00
    outer loop
      vertex   8.494757e+00 -1.101628e+02 -1.279383e+02
      vertex   1.378347e+01 -1.134227e+02 -1.279383e+02
      vertex   9.710592e+00 -1.170581e+02 -1.279383e+02
    endloop
  endfacet
  facet normal 6.941857e-16 3.131270e-15 -1.000000e+00
    outer loop
      vertex   9.710592e+00 -1.170581e+02 -1.279383e+02
      vertex   1.378347e+01 -1.134227e+02 -1.279383e+02
      vertex   1.009289e+01 -1.171429e+02 -1.279383e+02
    endloop
  endfacet
  facet normal 3.669654e-15 1.794760e-16 -1.000000e+00
    outer loop
      vertex   1.009289e+01 -1.171429e+02 -1.279383e+02
      vertex   1.378347e+01 -1.134227e+02 -1.279383e+02
      vertex   1.384482e+01 -1.146770e+02 -1.279383e+02
    endloop
  endfacet
  facet normal 1.674065e-15 3.215849e-15 -1.000000e+00
    outer loop
      vertex   1.009289e+01 -1.171429e+02 -1.279383e+02
      vertex   1.384482e+01 -1.146770e+02 -1.279383e+02
      vertex   1.044022e+01 -1.173237e+02 -1.279383e+02
    endloop
  endfacet
  facet normal 4.439581e-15 -3.416071e-16 -1.000000e+00
    outer loop
      vertex   1.044022e+01 -1.173237e+02 -1.279383e+02
      vertex   1.384482e+01 -1.146770e+02 -1.279383e+02
      vertex   1.374847e+01 -1.159291e+02 -1.279383e+02
    endloop
  endfacet
  facet normal 2.942106e-15 3.210745e-15 -1.000000e+00
    outer loop
      vertex   1.044022e+01 -1.173237e+02 -1.279383e+02
      vertex   1.374847e+01 -1.159291e+02 -1.279383e+02
      vertex   1.072893e+01 -1.175882e+02 -1.279383e+02
    endloop
  endfacet
  facet normal 5.304575e-15 -1.088873e-15 -1.000000e+00
    outer loop
      vertex   1.072893e+01 -1.175882e+02 -1.279383e+02
      vertex   1.374847e+01 -1.159291e+02 -1.279383e+02
      vertex   1.349596e+01 -1.171593e+02 -1.279383e+02
    endloop
  endfacet
  facet normal 4.674142e-15 2.977757e-15 -1.000000e+00
    outer loop
      vertex   1.072893e+01 -1.175882e+02 -1.279383e+02
      vertex   1.349596e+01 -1.171593e+02 -1.279383e+02
      vertex   1.093932e+01 -1.179185e+02 -1.279383e+02
    endloop
  endfacet
  facet normal 2.234514e-15 1.119314e-14 -1.000000e+00
    outer loop
      vertex   1.093932e+01 -1.179185e+02 -1.279383e+02
      vertex   1.349596e+01 -1.171593e+02 -1.279383e+02
      vertex   1.309125e+01 -1.183481e+02 -1.279383e+02
    endloop
  endfacet
  facet normal 0.000000e+00 0.000000e+00 -1.000000e+00
    outer loop
      vertex   1.093932e+01 -1.179185e+02 -1.279383e+02
      vertex   1.309125e+01 -1.183481e+02 -1.279383e+02
      vertex   1.105707e+01 -1.182920e+02 -1.279383e+02
    endloop
  endfacet
  facet normal 0.000000e+00 0.000000e+00 -1.000000e+00
    outer loop
      vertex   1.105707e+01 -1.182920e+02 -1.279383e+02
      vertex   1.309125e+01 -1.183481e+02 -1.279383e+02
      vertex   1.107415e+01 -1.186832e+02 -1.279383e+02
    endloop
  endfacet
  facet normal 0.000000e+00 0.000000e+00 -1.000000e+00
    outer loop
      vertex   1.107415e+01 -1.186832e+02 -1.279383e+02
      vertex   1.309125e+01 -1.183481e+02 -1.279383e+02
      vertex   1.254074e+01 -1.194768e+02 -1.279383e+02
    endloop
  endfacet
  facet normal 0.000000e+00 -0.000000e+00 -1.000000e+00
    outer loop
      vertex   1.107415e+01 -1.186832e+02 -1.279383e+02
      vertex   1.254074e+01 -1.194768e+02 -1.279383e+02
      vertex   1.098940e+01 -1.190655e+02 -1.279383e+02
    endloop
  endfacet
  facet normal 0.000000e+00 -0.000000e+00 -1.000000e+00
    outer loop
      vertex   1.098940e+01 -1.190655e+02 -1.279383e+02
      vertex   1.254074e+01 -1.194768e+02 -1.279383e+02
      vertex   1.080859e+01 -1.194128e+02 -1.279383e+02
    endloop
  endfacet
  facet normal 0.000000e+00 0.000000e+00 -1.000000e+00
    outer loop
      vertex   1.080859e+01 -1.194128e+02 -1.279383e+02
      vertex   1.254074e+01 -1.194768e+02 -1.279383e+02
      vertex   1.185311e+01 -1.205276e+02 -1.279383e+02
    endloop
  endfacet
  facet normal 0.000000e+00 -0.000000e+00 -1.000000e+00
    outer loop
      vertex   1.080859e+01 -1.194128e+02 -1.279383e+02
      vertex   1.185311e+01 -1.205276e+02 -1.279383e+02
      vertex   1.054404e+01 -1.197015e+02 -1.279383e+02
    endloop
  endfacet
  facet normal 0.000000e+00 0.000000e+00 -1.000000e+00
    outer loop
      vertex   1.054404e+01 -1.197015e+02 -1.279383e+02
      vertex   1.185311e+01 -1.205276e+02 -1.279383e+02
      vertex   1.103919e+01 -1.214840e+02 -1.279383e+02
    endloop
  endfacet
  facet normal 0.000000e+00 -0.000000e+00 -1.000000e+00
    outer loop
      vertex   1.054404e+01 -1.197015e+02 -1.279383e+02
      vertex   1.103919e+01 -1.214840e+02 -1.279383e+02
      vertex   1.021379e+01 -1.199119e+02 -1.279383e+02
    endloop
  endfacet
  facet normal 0.000000e+00 -0.000000e+00 -1.000000e+00
    outer loop
      vertex   1.021379e+01 -1.199119e+02 -1.279383e+02
      vertex   1.103919e+01 -1.214840e+02 -1.279383e+02
      vertex   9.840331e+00 -1.200296e+02 -1.279383e+02
    endloop
  endfacet
  facet normal 0.000000e+00 0.000000e+00 -1.000000e+00
    outer loop
      vertex   9.840331e+00 -1.200296e+02 -1.279383e+02
      vertex   1.103919e+01 -1.214840e+02 -1.279383e+02
      vertex   1.011183e+01 -1.223308e+02 -1.279383e+02
    endloop
  endfacet
  facet normal -1.952390e-15 -6.155862e-16 -1.000000e+00
    outer loop
      vertex   8.220397e+00 -1.191864e+02 -1.279383e+02
      vertex   1.325051e+00 -1.204022e+02 -1.279383e+02
      vertex   8.102647e+00 -1.188129e+02 -1.279383e+02
    endloop
  endfacet
  facet normal -2.075491e-15 -9.061788e-17 -1.000000e+00
    outer loop
      vertex   8.102647e+00 -1.188129e+02 -1.279383e+02
      vertex   1.325051e+00 -1.204022e+02 -1.279383e+02
      vertex   1.307971e+00 -1.200110e+02 -1.279383e+02
    endloop
  endfacet
  facet normal -2.386066e-15 1.670741e-15 -1.000000e+00
    outer loop
      vertex   8.102647e+00 -1.188129e+02 -1.279383e+02
      vertex   1.307971e+00 -1.200110e+02 -1.279383e+02
      vertex   4.106266e+00 -1.160146e+02 -1.279383e+02
    endloop
  endfacet
  facet normal 0.000000e+00 0.000000e+00 -1.000000e+00
    outer loop
      vertex   4.106266e+00 -1.160146e+02 -1.279383e+02
      vertex   1.307971e+00 -1.200110e+02 -1.279383e+02
      vertex   3.715061e+00 -1.160317e+02 -1.279383e+02
    endloop
  endfacet
  facet normal 0.000000e+00 0.000000e+00 -1.000000e+00
    outer loop
      vertex   3.715061e+00 -1.160317e+02 -1.279383e+02
      vertex   1.307971e+00 -1.200110e+02 -1.279383e+02
      vertex   1.190221e+00 -1.196375e+02 -1.279383e+02
    endloop
  endfacet
  facet normal -0.000000e+00 0.000000e+00 -1.000000e+00
    outer loop
      vertex   3.715061e+00 -1.160317e+02 -1.279383e+02
      vertex   1.190221e+00 -1.196375e+02 -1.279383e+02
      vertex   3.332764e+00 -1.159469e+02 -1.279383e+02
    endloop
  endfacet
  facet normal 0.000000e+00 0.000000e+00 -1.000000e+00
    outer loop
      vertex   3.332764e+00 -1.159469e+02 -1.279383e+02
      vertex   1.190221e+00 -1.196375e+02 -1.279383e+02
      vertex   9.798257e-01 -1.193073e+02 -1.279383e+02
    endloop
  endfacet
  facet normal -0.000000e+00 0.000000e+00 -1.000000e+00
    outer loop
      vertex   3.332764e+00 -1.159469e+02 -1.279383e+02
      vertex   9.798257e-01 -1.193073e+02 -1.279383e+02
      vertex   2.985429e+00 -1.157661e+02 -1.279383e+02
    endloop
  endfacet
  facet normal 0.000000e+00 0.000000e+00 -1.000000e+00
    outer loop
      vertex   2.985429e+00 -1.157661e+02 -1.279383e+02
      vertex   9.798257e-01 -1.193073e+02 -1.279383e+02
      vertex   6.911237e-01 -1.190427e+02 -1.279383e+02
    endloop
  endfacet
  facet normal -0.000000e+00 0.000000e+00 -1.000000e+00
    outer loop
      vertex   2.985429e+00 -1.157661e+02 -1.279383e+02
      vertex   6.911237e-01 -1.190427e+02 -1.279383e+02
      vertex   2.696727e+00 -1.155016e+02 -1.279383e+02
    endloop
  endfacet
  facet normal 0.000000e+00 0.000000e+00 -1.000000e+00
    outer loop
      vertex   2.696727e+00 -1.155016e+02 -1.279383e+02
      vertex   6.911237e-01 -1.190427e+02 -1.279383e+02
      vertex   3.437893e-01 -1.188619e+02 -1.279383e+02
    endloop
  endfacet
  facet normal -0.000000e+00 0.000000e+00 -1.000000e+00
    outer loop
      vertex   2.696727e+00 -1.155016e+02 -1.279383e+02
      vertex   3.437893e-01 -1.188619e+02 -1.279383e+02
      vertex   2.486332e+00 -1.151713e+02 -1.279383e+02
    endloop
  endfacet
  facet normal 0.000000e+00 0.000000e+00 -1.000000e+00
    outer loop
      vertex   2.486332e+00 -1.151713e+02 -1.279383e+02
      vertex   3.437893e-01 -1.188619e+02 -1.279383e+02
      vertex   -3.850732e-02 -1.187772e+02 -1.279383e+02
    endloop
  endfacet
  facet normal -0.000000e+00 0.000000e+00 -1.000000e+00
    outer loop
      vertex   2.486332e+00 -1.151713e+02 -1.279383e+02
      vertex   -3.850732e-02 -1.187772e+02 -1.279383e+02
      vertex   2.368582e+00 -1.147979e+02 -1.279383e+02
    endloop
  endfacet
  facet normal 0.000000e+00 0.000000e+00 -1.000000e+00
    outer loop
      vertex   2.368582e+00 -1.147979e+02 -1.279383e+02
      vertex   -3.850732e-02 -1.187772e+02 -1.279383e+02
      vertex   -4.297132e-01 -1.187942e+02 -1.279383e+02
    endloop
  endfacet
  facet normal -0.000000e+00 0.000000e+00 -1.000000e+00
    outer loop
      vertex   2.368582e+00 -1.147979e+02 -1.279383e+02
      vertex   -4.297132e-01 -1.187942e+02 -1.279383e+02
      vertex   -1.627798e+00 -1.119996e+02 -1.279383e+02
    endloop
  endfacet
  facet normal 0.000000e+00 -0.000000e+00 -1.000000e+00
    outer loop
      vertex   -1.627798e+00 -1.119996e+02 -1.279383e+02
      vertex   -4.297132e-01 -1.187942e+02 -1.279383e+02
      vertex   -2.019004e+00 -1.120167e+02 -1.279383e+02
    endloop
  endfacet
  facet normal 0.000000e+00 0.000000e+00 -1.000000e+00
    outer loop
      vertex   -2.019004e+00 -1.120167e+02 -1.279383e+02
      vertex   -4.297132e-01 -1.187942e+02 -1.279383e+02
      vertex   -8.031683e-01 -1.189120e+02 -1.279383e+02
    endloop
  endfacet
  facet normal 0.000000e+00 -0.000000e+00 -1.000000e+00
    outer loop
      vertex   8.494757e+00 -1.101628e+02 -1.279383e+02
      vertex   9.710592e+00 -1.170581e+02 -1.279383e+02
      vertex   8.121301e+00 -1.102805e+02 -1.279383e+02
    endloop
  endfacet
  facet normal 0.000000e+00 0.000000e+00 -1.000000e+00
    outer loop
      vertex   8.121301e+00 -1.102805e+02 -1.279383e+02
      vertex   9.710592e+00 -1.170581e+02 -1.279383e+02
      vertex   9.319386e+00 -1.170752e+02 -1.279383e+02
    endloop
  endfacet
  facet normal -4.056807e-15 -7.153245e-16 -1.000000e+00
    outer loop
      vertex   8.121301e+00 -1.102805e+02 -1.279383e+02
      vertex   9.319386e+00 -1.170752e+02 -1.279383e+02
      vertex   5.323006e+00 -1.142769e+02 -1.279383e+02
    endloop
  endfacet
  facet normal -1.104061e-15 3.501634e-15 -1.000000e+00
    outer loop
      vertex   5.323006e+00 -1.142769e+02 -1.279383e+02
      vertex   9.319386e+00 -1.170752e+02 -1.279383e+02
      vertex   8.945931e+00 -1.171930e+02 -1.279383e+02
    endloop
  endfacet
  facet normal -4.065346e-15 -1.774968e-16 -1.000000e+00
    outer loop
      vertex   5.323006e+00 -1.142769e+02 -1.279383e+02
      vertex   8.945931e+00 -1.171930e+02 -1.279383e+02
      vertex   5.340086e+00 -1.146681e+02 -1.279383e+02
    endloop
  endfacet
  facet normal -1.877495e-15 2.947077e-15 -1.000000e+00
    outer loop
      vertex   5.340086e+00 -1.146681e+02 -1.279383e+02
      vertex   8.945931e+00 -1.171930e+02 -1.279383e+02
      vertex   8.615677e+00 -1.174034e+02 -1.279383e+02
    endloop
  endfacet
  facet normal -3.660725e-15 8.115633e-16 -1.000000e+00
    outer loop
      vertex   5.340086e+00 -1.146681e+02 -1.279383e+02
      vertex   8.615677e+00 -1.174034e+02 -1.279383e+02
      vertex   5.255333e+00 -1.150504e+02 -1.279383e+02
    endloop
  endfacet
  facet normal -2.576103e-15 2.360564e-15 -1.000000e+00
    outer loop
      vertex   5.255333e+00 -1.150504e+02 -1.279383e+02
      vertex   8.615677e+00 -1.174034e+02 -1.279383e+02
      vertex   8.351130e+00 -1.176921e+02 -1.279383e+02
    endloop
  endfacet
  facet normal -3.178488e-15 1.654616e-15 -1.000000e+00
    outer loop
      vertex   5.255333e+00 -1.150504e+02 -1.279383e+02
      vertex   8.351130e+00 -1.176921e+02 -1.279383e+02
      vertex   5.074522e+00 -1.153978e+02 -1.279383e+02
    endloop
  endfacet
  facet normal -3.178488e-15 1.654616e-15 -1.000000e+00
    outer loop
      vertex   5.074522e+00 -1.153978e+02 -1.279383e+02
      vertex   8.351130e+00 -1.176921e+02 -1.279383e+02
      vertex   8.170320e+00 -1.180394e+02 -1.279383e+02
    endloop
  endfacet
  facet normal -2.576103e-15 2.360564e-15 -1.000000e+00
    outer loop
      vertex   5.074522e+00 -1.153978e+02 -1.279383e+02
      vertex   8.170320e+00 -1.180394e+02 -1.279383e+02
      vertex   4.809976e+00 -1.156865e+02 -1.279383e+02
    endloop
  endfacet
  facet normal -3.660725e-15 8.115633e-16 -1.000000e+00
    outer loop
      vertex   4.809976e+00 -1.156865e+02 -1.279383e+02
      vertex   8.170320e+00 -1.180394e+02 -1.279383e+02
      vertex   8.085566e+00 -1.184217e+02 -1.279383e+02
    endloop
  endfacet
  facet normal -1.877495e-15 2.947077e-15 -1.000000e+00
    outer loop
      vertex   4.809976e+00 -1.156865e+02 -1.279383e+02
      vertex   8.085566e+00 -1.184217e+02 -1.279383e+02
      vertex   4.479722e+00 -1.158969e+02 -1.279383e+02
    endloop
  endfacet
  facet normal -4.065346e-15 -1.774968e-16 -1.000000e+00
    outer loop
      vertex   4.479722e+00 -1.158969e+02 -1.279383e+02
      vertex   8.085566e+00 -1.184217e+02 -1.279383e+02
      vertex   8.102647e+00 -1.188129e+02 -1.279383e+02
    endloop
  endfacet
  facet normal -1.104061e-15 3.501634e-15 -1.000000e+00
    outer loop
      vertex   4.479722e+00 -1.158969e+02 -1.279383e+02
      vertex   8.102647e+00 -1.188129e+02 -1.279383e+02
      vertex   4.106266e+00 -1.160146e+02 -1.279383e+02
    endloop
  endfacet
  facet normal 0.000000e+00 0.000000e+00 -1.000000e+00
    outer loop
      vertex   -1.627798e+00 -1.119996e+02 -1.279383e+02
      vertex   -1.254343e+00 -1.118818e+02 -1.279383e+02
      vertex   2.368582e+00 -1.147979e+02 -1.279383e+02
    endloop
  endfacet
  facet normal 0.000000e+00 0.000000e+00 -1.000000e+00
    outer loop
      vertex   2.368582e+00 -1.147979e+02 -1.279383e+02
      vertex   -1.254343e+00 -1.118818e+02 -1.279383e+02
      vertex   2.351502e+00 -1.144067e+02 -1.279383e+02
    endloop
  endfacet
  facet normal 0.000000e+00 0.000000e+00 -1.000000e+00
    outer loop
      vertex   2.351502e+00 -1.144067e+02 -1.279383e+02
      vertex   -1.254343e+00 -1.118818e+02 -1.279383e+02
      vertex   -9.240888e-01 -1.116714e+02 -1.279383e+02
    endloop
  endfacet
  facet normal 0.000000e+00 0.000000e+00 -1.000000e+00
    outer loop
      vertex   2.351502e+00 -1.144067e+02 -1.279383e+02
      vertex   -9.240888e-01 -1.116714e+02 -1.279383e+02
      vertex   2.436255e+00 -1.140244e+02 -1.279383e+02
    endloop
  endfacet
  facet normal 0.000000e+00 0.000000e+00 -1.000000e+00
    outer loop
      vertex   2.436255e+00 -1.140244e+02 -1.279383e+02
      vertex   -9.240888e-01 -1.116714e+02 -1.279383e+02
      vertex   -6.595421e-01 -1.113827e+02 -1.279383e+02
    endloop
  endfacet
  facet normal 0.000000e+00 0.000000e+00 -1.000000e+00
    outer loop
      vertex   2.436255e+00 -1.140244e+02 -1.279383e+02
      vertex   -6.595421e-01 -1.113827e+02 -1.279383e+02
      vertex   2.617066e+00 -1.136770e+02 -1.279383e+02
    endloop
  endfacet
  facet normal 0.000000e+00 0.000000e+00 -1.000000e+00
    outer loop
      vertex   2.617066e+00 -1.136770e+02 -1.279383e+02
      vertex   -6.595421e-01 -1.113827e+02 -1.279383e+02
      vertex   -4.787313e-01 -1.110354e+02 -1.279383e+02
    endloop
  endfacet
  facet normal 0.000000e+00 0.000000e+00 -1.000000e+00
    outer loop
      vertex   2.617066e+00 -1.136770e+02 -1.279383e+02
      vertex   -4.787313e-01 -1.110354e+02 -1.279383e+02
      vertex   2.881613e+00 -1.133883e+02 -1.279383e+02
    endloop
  endfacet
  facet normal 0.000000e+00 0.000000e+00 -1.000000e+00
    outer loop
      vertex   2.881613e+00 -1.133883e+02 -1.279383e+02
      vertex   -4.787313e-01 -1.110354e+02 -1.279383e+02
      vertex   -3.939781e-01 -1.106531e+02 -1.279383e+02
    endloop
  endfacet
  facet normal 0.000000e+00 0.000000e+00 -1.000000e+00
    outer loop
      vertex   2.881613e+00 -1.133883e+02 -1.279383e+02
      vertex   -3.939781e-01 -1.106531e+02 -1.279383e+02
      vertex   3.211867e+00 -1.131779e+02 -1.279383e+02
    endloop
  endfacet
  facet normal 0.000000e+00 0.000000e+00 -1.000000e+00
    outer loop
      vertex   3.211867e+00 -1.131779e+02 -1.279383e+02
      vertex   -3.939781e-01 -1.106531e+02 -1.279383e+02
      vertex   -4.110586e-01 -1.102619e+02 -1.279383e+02
    endloop
  endfacet
  facet normal 0.000000e+00 0.000000e+00 -1.000000e+00
    outer loop
      vertex   3.211867e+00 -1.131779e+02 -1.279383e+02
      vertex   -4.110586e-01 -1.102619e+02 -1.279383e+02
      vertex   3.585322e+00 -1.130602e+02 -1.279383e+02
    endloop
  endfacet
  facet normal -1.670741e-15 -2.386066e-15 -1.000000e+00
    outer loop
      vertex   3.585322e+00 -1.130602e+02 -1.279383e+02
      vertex   -4.110586e-01 -1.102619e+02 -1.279383e+02
      vertex   6.383618e+00 -1.090638e+02 -1.279383e+02
    endloop
  endfacet
  facet normal 1.601514e-16 -3.668071e-15 -1.000000e+00
    outer loop
      vertex   3.585322e+00 -1.130602e+02 -1.279383e+02
      vertex   6.383618e+00 -1.090638e+02 -1.279383e+02
      vertex   3.976528e+00 -1.130431e+02 -1.279383e+02
    endloop
  endfacet
  facet normal -3.880883e-15 -1.223638e-15 -1.000000e+00
    outer loop
      vertex   3.976528e+00 -1.130431e+02 -1.279383e+02
      vertex   6.383618e+00 -1.090638e+02 -1.279383e+02
      vertex   6.501367e+00 -1.094373e+02 -1.279383e+02
    endloop
  endfacet
  facet normal -7.563087e-16 -3.411488e-15 -1.000000e+00
    outer loop
      vertex   3.976528e+00 -1.130431e+02 -1.279383e+02
      vertex   6.501367e+00 -1.094373e+02 -1.279383e+02
      vertex   4.358824e+00 -1.131279e+02 -1.279383e+02
    endloop
  endfacet
  facet normal -3.162386e-15 -2.014662e-15 -1.000000e+00
    outer loop
      vertex   4.358824e+00 -1.131279e+02 -1.279383e+02
      vertex   6.501367e+00 -1.094373e+02 -1.279383e+02
      vertex   6.711763e+00 -1.097675e+02 -1.279383e+02
    endloop
  endfacet
  facet normal -1.613385e-15 -3.099284e-15 -1.000000e+00
    outer loop
      vertex   4.358824e+00 -1.131279e+02 -1.279383e+02
      vertex   6.711763e+00 -1.097675e+02 -1.279383e+02
      vertex   4.706159e+00 -1.133087e+02 -1.279383e+02
    endloop
  endfacet
  facet normal -2.420890e-15 -2.641937e-15 -1.000000e+00
    outer loop
      vertex   4.706159e+00 -1.133087e+02 -1.279383e+02
      vertex   6.711763e+00 -1.097675e+02 -1.279383e+02
      vertex   7.000465e+00 -1.100321e+02 -1.279383e+02
    endloop
  endfacet
  facet normal -2.420890e-15 -2.641937e-15 -1.000000e+00
    outer loop
      vertex   4.706159e+00 -1.133087e+02 -1.279383e+02
      vertex   7.000465e+00 -1.100321e+02 -1.279383e+02
      vertex   4.994861e+00 -1.135732e+02 -1.279383e+02
    endloop
  endfacet
  facet normal -1.613385e-15 -3.099284e-15 -1.000000e+00
    outer loop
      vertex   4.994861e+00 -1.135732e+02 -1.279383e+02
      vertex   7.000465e+00 -1.100321e+02 -1.279383e+02
      vertex   7.347799e+00 -1.102129e+02 -1.279383e+02
    endloop
  endfacet
  facet normal -3.162386e-15 -2.014662e-15 -1.000000e+00
    outer loop
      vertex   4.994861e+00 -1.135732e+02 -1.279383e+02
      vertex   7.347799e+00 -1.102129e+02 -1.279383e+02
      vertex   5.205256e+00 -1.139035e+02 -1.279383e+02
    endloop
  endfacet
  facet normal -7.563087e-16 -3.411488e-15 -1.000000e+00
    outer loop
      vertex   5.205256e+00 -1.139035e+02 -1.279383e+02
      vertex   7.347799e+00 -1.102129e+02 -1.279383e+02
      vertex   7.730096e+00 -1.102976e+02 -1.279383e+02
    endloop
  endfacet
  facet normal -3.880883e-15 -1.223638e-15 -1.000000e+00
    outer loop
      vertex   5.205256e+00 -1.139035e+02 -1.279383e+02
      vertex   7.730096e+00 -1.102976e+02 -1.279383e+02
      vertex   5.323006e+00 -1.142769e+02 -1.279383e+02
    endloop
  endfacet
  facet normal 1.601514e-16 -3.668071e-15 -1.000000e+00
    outer loop
      vertex   5.323006e+00 -1.142769e+02 -1.279383e+02
      vertex   7.730096e+00 -1.102976e+02 -1.279383e+02
      vertex   8.121301e+00 -1.102805e+02 -1.279383e+02
    endloop
  endfacet
  facet normal -1.981316e-15 -6.247067e-16 -1.000000e+00
    outer loop
      vertex   -4.110586e-01 -1.102619e+02 -1.279383e+02
      vertex   -5.288085e-01 -1.098884e+02 -1.279383e+02
      vertex   6.383618e+00 -1.090638e+02 -1.279383e+02
    endloop
  endfacet
  facet normal -2.045189e-15 -8.929489e-17 -1.000000e+00
    outer loop
      vertex   6.383618e+00 -1.090638e+02 -1.279383e+02
      vertex   -5.288085e-01 -1.098884e+02 -1.279383e+02
      vertex   6.366537e+00 -1.086726e+02 -1.279383e+02
    endloop
  endfacet
  facet normal -3.007058e-01 9.537170e-01 -6.217966e-16
    outer loop
      vertex   4.646865e-01 -1.216309e+02 -1.239383e+02
      vertex   4.646865e-01 -1.216309e+02 -1.279383e+02
      vertex   9.123134e-02 -1.217487e+02 -1.239383e+02
    endloop
  endfacet
  facet normal -3.007058e-01 9.537170e-01 4.105762e-15
    outer loop
      vertex   9.123134e-02 -1.217487e+02 -1.239383e+02
      vertex   4.646865e-01 -1.216309e+02 -1.279383e+02
      vertex   9.123134e-02 -1.217487e+02 -1.279383e+02
    endloop
  endfacet
  facet normal -4.361939e-02 9.990482e-01 6.711247e-15
    outer loop
      vertex   9.123134e-02 -1.217487e+02 -1.239383e+02
      vertex   9.123134e-02 -1.217487e+02 -1.279383e+02
      vertex   -2.999745e-01 -1.217658e+02 -1.239383e+02
    endloop
  endfacet
  facet normal -4.361939e-02 9.990482e-01 -8.898507e-17
    outer loop
      vertex   -2.999745e-01 -1.217658e+02 -1.239383e+02
      vertex   9.123134e-02 -1.217487e+02 -1.279383e+02
      vertex   -2.999745e-01 -1.217658e+02 -1.279383e+02
    endloop
  endfacet
  facet normal 2.164396e-01 9.762960e-01 4.415443e-16
    outer loop
      vertex   -2.999745e-01 -1.217658e+02 -1.239383e+02
      vertex   -2.999745e-01 -1.217658e+02 -1.279383e+02
      vertex   -6.822711e-01 -1.216810e+02 -1.239383e+02
    endloop
  endfacet
  facet normal 2.164396e-01 9.762960e-01 4.445480e-16
    outer loop
      vertex   -6.822711e-01 -1.216810e+02 -1.239383e+02
      vertex   -2.999745e-01 -1.217658e+02 -1.279383e+02
      vertex   -6.822711e-01 -1.216810e+02 -1.279383e+02
    endloop
  endfacet
  facet normal 4.617486e-01 8.870108e-01 9.483913e-16
    outer loop
      vertex   -6.822711e-01 -1.216810e+02 -1.239383e+02
      vertex   -6.822711e-01 -1.216810e+02 -1.279383e+02
      vertex   -1.029606e+00 -1.215002e+02 -1.239383e+02
    endloop
  endfacet
  facet normal 4.617486e-01 8.870108e-01 1.025288e-15
    outer loop
      vertex   -1.029606e+00 -1.215002e+02 -1.239383e+02
      vertex   -6.822711e-01 -1.216810e+02 -1.279383e+02
      vertex   -1.029606e+00 -1.215002e+02 -1.279383e+02
    endloop
  endfacet
  facet normal 6.755902e-01 7.372773e-01 1.500112e-15
    outer loop
      vertex   -1.029606e+00 -1.215002e+02 -1.239383e+02
      vertex   -1.029606e+00 -1.215002e+02 -1.279383e+02
      vertex   -1.318308e+00 -1.212356e+02 -1.239383e+02
    endloop
  endfacet
  facet normal 6.755902e-01 7.372773e-01 1.387603e-15
    outer loop
      vertex   -1.318308e+00 -1.212356e+02 -1.239383e+02
      vertex   -1.029606e+00 -1.215002e+02 -1.279383e+02
      vertex   -1.318308e+00 -1.212356e+02 -1.279383e+02
    endloop
  endfacet
  facet normal 8.433914e-01 5.372996e-01 1.732252e-15
    outer loop
      vertex   -1.318308e+00 -1.212356e+02 -1.239383e+02
      vertex   -1.318308e+00 -1.212356e+02 -1.279383e+02
      vertex   -1.528703e+00 -1.209054e+02 -1.239383e+02
    endloop
  endfacet
  facet normal 8.433914e-01 5.372996e-01 1.779070e-15
    outer loop
      vertex   -1.528703e+00 -1.209054e+02 -1.239383e+02
      vertex   -1.318308e+00 -1.212356e+02 -1.279383e+02
      vertex   -1.528703e+00 -1.209054e+02 -1.279383e+02
    endloop
  endfacet
  facet normal 9.537170e-01 3.007058e-01 2.011793e-15
    outer loop
      vertex   -1.528703e+00 -1.209054e+02 -1.239383e+02
      vertex   -1.528703e+00 -1.209054e+02 -1.279383e+02
      vertex   -1.646453e+00 -1.205319e+02 -1.239383e+02
    endloop
  endfacet
  facet normal 9.537170e-01 3.007058e-01 2.117677e-15
    outer loop
      vertex   -1.646453e+00 -1.205319e+02 -1.239383e+02
      vertex   -1.528703e+00 -1.209054e+02 -1.279383e+02
      vertex   -1.646453e+00 -1.205319e+02 -1.279383e+02
    endloop
  endfacet
  facet normal 9.990482e-01 4.361939e-02 2.218333e-15
    outer loop
      vertex   -1.646453e+00 -1.205319e+02 -1.239383e+02
      vertex   -1.646453e+00 -1.205319e+02 -1.279383e+02
      vertex   -1.663533e+00 -1.201407e+02 -1.239383e+02
    endloop
  endfacet
  facet normal 9.990482e-01 4.361939e-02 2.218333e-15
    outer loop
      vertex   -1.663533e+00 -1.201407e+02 -1.239383e+02
      vertex   -1.646453e+00 -1.205319e+02 -1.279383e+02
      vertex   -1.663533e+00 -1.201407e+02 -1.279383e+02
    endloop
  endfacet
  facet normal 9.762960e-01 -2.164396e-01 2.167813e-15
    outer loop
      vertex   -1.663533e+00 -1.201407e+02 -1.239383e+02
      vertex   -1.663533e+00 -1.201407e+02 -1.279383e+02
      vertex   -1.578780e+00 -1.197584e+02 -1.239383e+02
    endloop
  endfacet
  facet normal 9.762960e-01 -2.164396e-01 2.276203e-15
    outer loop
      vertex   -1.578780e+00 -1.197584e+02 -1.239383e+02
      vertex   -1.663533e+00 -1.201407e+02 -1.279383e+02
      vertex   -1.578780e+00 -1.197584e+02 -1.279383e+02
    endloop
  endfacet
  facet normal 8.870108e-01 -4.617486e-01 2.068038e-15
    outer loop
      vertex   -1.578780e+00 -1.197584e+02 -1.239383e+02
      vertex   -1.578780e+00 -1.197584e+02 -1.279383e+02
      vertex   -1.397969e+00 -1.194111e+02 -1.239383e+02
    endloop
  endfacet
  facet normal 8.870108e-01 -4.617486e-01 2.068038e-15
    outer loop
      vertex   -1.397969e+00 -1.194111e+02 -1.239383e+02
      vertex   -1.578780e+00 -1.197584e+02 -1.279383e+02
      vertex   -1.397969e+00 -1.194111e+02 -1.279383e+02
    endloop
  endfacet
  facet normal 7.372773e-01 -6.755902e-01 1.718939e-15
    outer loop
      vertex   -1.397969e+00 -1.194111e+02 -1.239383e+02
      vertex   -1.397969e+00 -1.194111e+02 -1.279383e+02
      vertex   -1.133422e+00 -1.191224e+02 -1.239383e+02
    endloop
  endfacet
  facet normal 7.372773e-01 -6.755902e-01 1.718939e-15
    outer loop
      vertex   -1.133422e+00 -1.191224e+02 -1.239383e+02
      vertex   -1.397969e+00 -1.194111e+02 -1.279383e+02
      vertex   -1.133422e+00 -1.191224e+02 -1.279383e+02
    endloop
  endfacet
  facet normal 5.372996e-01 -8.433914e-01 1.252697e-15
    outer loop
      vertex   -1.133422e+00 -1.191224e+02 -1.239383e+02
      vertex   -1.133422e+00 -1.191224e+02 -1.279383e+02
      vertex   -8.031683e-01 -1.189120e+02 -1.239383e+02
    endloop
  endfacet
  facet normal 5.372996e-01 -8.433914e-01 1.282523e-15
    outer loop
      vertex   -8.031683e-01 -1.189120e+02 -1.239383e+02
      vertex   -1.133422e+00 -1.191224e+02 -1.279383e+02
      vertex   -8.031683e-01 -1.189120e+02 -1.279383e+02
    endloop
  endfacet
  facet normal 3.007058e-01 -9.537170e-01 7.177786e-16
    outer loop
      vertex   -8.031683e-01 -1.189120e+02 -1.239383e+02
      vertex   -8.031683e-01 -1.189120e+02 -1.279383e+02
      vertex   -4.297132e-01 -1.187942e+02 -1.239383e+02
    endloop
  endfacet
  facet normal 3.007058e-01 -9.537170e-01 6.677010e-16
    outer loop
      vertex   -4.297132e-01 -1.187942e+02 -1.239383e+02
      vertex   -8.031683e-01 -1.189120e+02 -1.279383e+02
      vertex   -4.297132e-01 -1.187942e+02 -1.279383e+02
    endloop
  endfacet
  facet normal 4.361939e-02 -9.990482e-01 9.685450e-17
    outer loop
      vertex   -4.297132e-01 -1.187942e+02 -1.239383e+02
      vertex   -4.297132e-01 -1.187942e+02 -1.279383e+02
      vertex   -3.850732e-02 -1.187772e+02 -1.239383e+02
    endloop
  endfacet
  facet normal 4.361939e-02 -9.990482e-01 1.036646e-16
    outer loop
      vertex   -3.850732e-02 -1.187772e+02 -1.239383e+02
      vertex   -4.297132e-01 -1.187942e+02 -1.279383e+02
      vertex   -3.850732e-02 -1.187772e+02 -1.279383e+02
    endloop
  endfacet
  facet normal -2.164396e-01 -9.762960e-01 -5.143841e-16
    outer loop
      vertex   -3.850732e-02 -1.187772e+02 -1.239383e+02
      vertex   -3.850732e-02 -1.187772e+02 -1.279383e+02
      vertex   3.437893e-01 -1.188619e+02 -1.239383e+02
    endloop
  endfacet
  facet normal -2.164396e-01 -9.762960e-01 -5.106295e-16
    outer loop
      vertex   3.437893e-01 -1.188619e+02 -1.239383e+02
      vertex   -3.850732e-02 -1.187772e+02 -1.279383e+02
      vertex   3.437893e-01 -1.188619e+02 -1.279383e+02
    endloop
  endfacet
  facet normal -4.617486e-01 -8.870108e-01 -1.089368e-15
    outer loop
      vertex   3.437893e-01 -1.188619e+02 -1.239383e+02
      vertex   3.437893e-01 -1.188619e+02 -1.279383e+02
      vertex   6.911237e-01 -1.190427e+02 -1.239383e+02
    endloop
  endfacet
  facet normal -4.617486e-01 -8.870108e-01 -1.102184e-15
    outer loop
      vertex   6.911237e-01 -1.190427e+02 -1.239383e+02
      vertex   3.437893e-01 -1.188619e+02 -1.279383e+02
      vertex   6.911237e-01 -1.190427e+02 -1.279383e+02
    endloop
  endfacet
  facet normal -6.755902e-01 -7.372773e-01 -1.612620e-15
    outer loop
      vertex   6.911237e-01 -1.190427e+02 -1.239383e+02
      vertex   6.911237e-01 -1.190427e+02 -1.279383e+02
      vertex   9.798257e-01 -1.193073e+02 -1.239383e+02
    endloop
  endfacet
  facet normal -6.755902e-01 -7.372773e-01 -1.575117e-15
    outer loop
      vertex   9.798257e-01 -1.193073e+02 -1.239383e+02
      vertex   6.911237e-01 -1.190427e+02 -1.279383e+02
      vertex   9.798257e-01 -1.193073e+02 -1.279383e+02
    endloop
  endfacet
  facet normal -8.433914e-01 -5.372996e-01 -1.966340e-15
    outer loop
      vertex   9.798257e-01 -1.193073e+02 -1.239383e+02
      vertex   9.798257e-01 -1.193073e+02 -1.279383e+02
      vertex   1.190221e+00 -1.196375e+02 -1.239383e+02
    endloop
  endfacet
  facet normal -8.433914e-01 -5.372996e-01 -1.966340e-15
    outer loop
      vertex   1.190221e+00 -1.196375e+02 -1.239383e+02
      vertex   9.798257e-01 -1.193073e+02 -1.279383e+02
      vertex   1.190221e+00 -1.196375e+02 -1.279383e+02
    endloop
  endfacet
  facet normal -9.537170e-01 -3.007058e-01 -2.223561e-15
    outer loop
      vertex   1.190221e+00 -1.196375e+02 -1.239383e+02
      vertex   1.190221e+00 -1.196375e+02 -1.279383e+02
      vertex   1.307971e+00 -1.200110e+02 -1.239383e+02
    endloop
  endfacet
  facet normal -9.537170e-01 -3.007058e-01 -2.117677e-15
    outer loop
      vertex   1.307971e+00 -1.200110e+02 -1.239383e+02
      vertex   1.190221e+00 -1.196375e+02 -1.279383e+02
      vertex   1.307971e+00 -1.200110e+02 -1.279383e+02
    endloop
  endfacet
  facet normal -9.990482e-01 -4.361939e-02 -2.218333e-15
    outer loop
      vertex   1.307971e+00 -1.200110e+02 -1.239383e+02
      vertex   1.307971e+00 -1.200110e+02 -1.279383e+02
      vertex   1.325051e+00 -1.204022e+02 -1.239383e+02
    endloop
  endfacet
  facet normal -9.990482e-01 -4.361939e-02 -2.218333e-15
    outer loop
      vertex   1.325051e+00 -1.204022e+02 -1.239383e+02
      vertex   1.307971e+00 -1.200110e+02 -1.279383e+02
      vertex   1.325051e+00 -1.204022e+02 -1.279383e+02
    endloop
  endfacet
  facet normal -9.762960e-01 2.164396e-01 -2.167813e-15
    outer loop
      vertex   1.325051e+00 -1.204022e+02 -1.239383e+02
      vertex   1.325051e+00 -1.204022e+02 -1.279383e+02
      vertex   1.240298e+00 -1.207845e+02 -1.239383e+02
    endloop
  endfacet
  facet normal -9.762960e-01 2.164396e-01 -2.113617e-15
    outer loop
      vertex   1.240298e+00 -1.207845e+02 -1.239383e+02
      vertex   1.325051e+00 -1.204022e+02 -1.279383e+02
      vertex   1.240298e+00 -1.207845e+02 -1.279383e+02
    endloop
  endfacet
  facet normal -8.870108e-01 4.617486e-01 -1.920321e-15
    outer loop
      vertex   1.240298e+00 -1.207845e+02 -1.239383e+02
      vertex   1.240298e+00 -1.207845e+02 -1.279383e+02
      vertex   1.059487e+00 -1.211318e+02 -1.239383e+02
    endloop
  endfacet
  facet normal -8.870108e-01 4.617486e-01 -1.969560e-15
    outer loop
      vertex   1.059487e+00 -1.211318e+02 -1.239383e+02
      vertex   1.240298e+00 -1.207845e+02 -1.279383e+02
      vertex   1.059487e+00 -1.211318e+02 -1.279383e+02
    endloop
  endfacet
  facet normal -7.372773e-01 6.755902e-01 -1.637085e-15
    outer loop
      vertex   1.059487e+00 -1.211318e+02 -1.239383e+02
      vertex   1.059487e+00 -1.211318e+02 -1.279383e+02
      vertex   7.949405e-01 -1.214205e+02 -1.239383e+02
    endloop
  endfacet
  facet normal -7.372773e-01 6.755902e-01 -1.493840e-15
    outer loop
      vertex   7.949405e-01 -1.214205e+02 -1.239383e+02
      vertex   1.059487e+00 -1.211318e+02 -1.279383e+02
      vertex   7.949405e-01 -1.214205e+02 -1.279383e+02
    endloop
  endfacet
  facet normal -5.372996e-01 8.433914e-01 -1.088653e-15
    outer loop
      vertex   7.949405e-01 -1.214205e+02 -1.239383e+02
      vertex   7.949405e-01 -1.214205e+02 -1.279383e+02
      vertex   4.646865e-01 -1.216309e+02 -1.239383e+02
    endloop
  endfacet
  facet normal -5.372996e-01 8.433914e-01 -1.111023e-15
    outer loop
      vertex   4.646865e-01 -1.216309e+02 -1.239383e+02
      vertex   7.949405e-01 -1.214205e+02 -1.279383e+02
      vertex   4.646865e-01 -1.216309e+02 -1.279383e+02
    endloop
  endfacet
  facet normal -3.007058e-01 9.537170e-01 -8.395741e-15
    outer loop
      vertex   -1.254343e+00 -1.118818e+02 -1.239383e+02
      vertex   -1.254343e+00 -1.118818e+02 -1.279383e+02
      vertex   -1.627798e+00 -1.119996e+02 -1.239383e+02
    endloop
  endfacet
  facet normal -3.007058e-01 9.537170e-01 -5.057536e-15
    outer loop
      vertex   -1.627798e+00 -1.119996e+02 -1.239383e+02
      vertex   -1.254343e+00 -1.118818e+02 -1.279383e+02
      vertex   -1.627798e+00 -1.119996e+02 -1.279383e+02
    endloop
  endfacet
  facet normal -4.361939e-02 9.990482e-01 -3.791469e-15
    outer loop
      vertex   -1.627798e+00 -1.119996e+02 -1.239383e+02
      vertex   -1.627798e+00 -1.119996e+02 -1.279383e+02
      vertex   -2.019004e+00 -1.120167e+02 -1.239383e+02
    endloop
  endfacet
  facet normal -4.361939e-02 9.990482e-01 -3.786626e-15
    outer loop
      vertex   -2.019004e+00 -1.120167e+02 -1.239383e+02
      vertex   -1.627798e+00 -1.119996e+02 -1.279383e+02
      vertex   -2.019004e+00 -1.120167e+02 -1.279383e+02
    endloop
  endfacet
  facet normal 2.164396e-01 9.762960e-01 -2.291049e-15
    outer loop
      vertex   -2.019004e+00 -1.120167e+02 -1.239383e+02
      vertex   -2.019004e+00 -1.120167e+02 -1.279383e+02
      vertex   -2.401300e+00 -1.119319e+02 -1.239383e+02
    endloop
  endfacet
  facet normal 2.164396e-01 9.762960e-01 -2.291049e-15
    outer loop
      vertex   -2.401300e+00 -1.119319e+02 -1.239383e+02
      vertex   -2.019004e+00 -1.120167e+02 -1.279383e+02
      vertex   -2.401300e+00 -1.119319e+02 -1.279383e+02
    endloop
  endfacet
  facet normal 4.617486e-01 8.870108e-01 -6.393402e-16
    outer loop
      vertex   -2.401300e+00 -1.119319e+02 -1.239383e+02
      vertex   -2.401300e+00 -1.119319e+02 -1.279383e+02
      vertex   -2.748635e+00 -1.117511e+02 -1.239383e+02
    endloop
  endfacet
  facet normal 4.617486e-01 8.870108e-01 -3.739371e-15
    outer loop
      vertex   -2.748635e+00 -1.117511e+02 -1.239383e+02
      vertex   -2.401300e+00 -1.119319e+02 -1.279383e+02
      vertex   -2.748635e+00 -1.117511e+02 -1.279383e+02
    endloop
  endfacet
  facet normal 6.755902e-01 7.372773e-01 -1.488392e-15
    outer loop
      vertex   -2.748635e+00 -1.117511e+02 -1.239383e+02
      vertex   -2.748635e+00 -1.117511e+02 -1.279383e+02
      vertex   -3.037337e+00 -1.114865e+02 -1.239383e+02
    endloop
  endfacet
  facet normal 6.755902e-01 7.372773e-01 9.059270e-16
    outer loop
      vertex   -3.037337e+00 -1.114865e+02 -1.239383e+02
      vertex   -2.748635e+00 -1.117511e+02 -1.279383e+02
      vertex   -3.037337e+00 -1.114865e+02 -1.279383e+02
    endloop
  endfacet
  facet normal 8.433914e-01 5.372996e-01 2.491986e-15
    outer loop
      vertex   -3.037337e+00 -1.114865e+02 -1.239383e+02
      vertex   -3.037337e+00 -1.114865e+02 -1.279383e+02
      vertex   -3.247732e+00 -1.111563e+02 -1.239383e+02
    endloop
  endfacet
  facet normal 8.433914e-01 5.372996e-01 2.772891e-15
    outer loop
      vertex   -3.247732e+00 -1.111563e+02 -1.239383e+02
      vertex   -3.037337e+00 -1.114865e+02 -1.279383e+02
      vertex   -3.247732e+00 -1.111563e+02 -1.279383e+02
    endloop
  endfacet
  facet normal 9.537170e-01 3.007058e-01 4.225871e-15
    outer loop
      vertex   -3.247732e+00 -1.111563e+02 -1.239383e+02
      vertex   -3.247732e+00 -1.111563e+02 -1.279383e+02
      vertex   -3.365482e+00 -1.107828e+02 -1.239383e+02
    endloop
  endfacet
  facet normal 9.537170e-01 3.007058e-01 4.225871e-15
    outer loop
      vertex   -3.365482e+00 -1.107828e+02 -1.239383e+02
      vertex   -3.247732e+00 -1.111563e+02 -1.279383e+02
      vertex   -3.365482e+00 -1.107828e+02 -1.279383e+02
    endloop
  endfacet
  facet normal 9.990482e-01 4.361939e-02 5.390864e-15
    outer loop
      vertex   -3.365482e+00 -1.107828e+02 -1.239383e+02
      vertex   -3.365482e+00 -1.107828e+02 -1.279383e+02
      vertex   -3.382562e+00 -1.103916e+02 -1.239383e+02
    endloop
  endfacet
  facet normal 9.990482e-01 4.361939e-02 5.235897e-15
    outer loop
      vertex   -3.382562e+00 -1.103916e+02 -1.239383e+02
      vertex   -3.365482e+00 -1.107828e+02 -1.279383e+02
      vertex   -3.382562e+00 -1.103916e+02 -1.279383e+02
    endloop
  endfacet
  facet normal 9.762960e-01 -2.164396e-01 6.957427e-15
    outer loop
      vertex   -3.382562e+00 -1.103916e+02 -1.239383e+02
      vertex   -3.382562e+00 -1.103916e+02 -1.279383e+02
      vertex   -3.297809e+00 -1.100093e+02 -1.239383e+02
    endloop
  endfacet
  facet normal 9.762960e-01 -2.164396e-01 6.188480e-15
    outer loop
      vertex   -3.297809e+00 -1.100093e+02 -1.239383e+02
      vertex   -3.382562e+00 -1.103916e+02 -1.279383e+02
      vertex   -3.297809e+00 -1.100093e+02 -1.279383e+02
    endloop
  endfacet
  facet normal 8.870108e-01 -4.617486e-01 6.564360e-15
    outer loop
      vertex   -3.297809e+00 -1.100093e+02 -1.239383e+02
      vertex   -3.297809e+00 -1.100093e+02 -1.279383e+02
      vertex   -3.116998e+00 -1.096620e+02 -1.239383e+02
    endloop
  endfacet
  facet normal 8.870108e-01 -4.617486e-01 6.564360e-15
    outer loop
      vertex   -3.116998e+00 -1.096620e+02 -1.239383e+02
      vertex   -3.297809e+00 -1.100093e+02 -1.279383e+02
      vertex   -3.116998e+00 -1.096620e+02 -1.279383e+02
    endloop
  endfacet
  facet normal 7.372773e-01 -6.755902e-01 6.492890e-15
    outer loop
      vertex   -3.116998e+00 -1.096620e+02 -1.239383e+02
      vertex   -3.116998e+00 -1.096620e+02 -1.279383e+02
      vertex   -2.852452e+00 -1.093733e+02 -1.239383e+02
    endloop
  endfacet
  facet normal 7.372773e-01 -6.755902e-01 8.974923e-15
    outer loop
      vertex   -2.852452e+00 -1.093733e+02 -1.239383e+02
      vertex   -3.116998e+00 -1.096620e+02 -1.279383e+02
      vertex   -2.852452e+00 -1.093733e+02 -1.279383e+02
    endloop
  endfacet
  facet normal 5.372996e-01 -8.433914e-01 9.034921e-15
    outer loop
      vertex   -2.852452e+00 -1.093733e+02 -1.239383e+02
      vertex   -2.852452e+00 -1.093733e+02 -1.279383e+02
      vertex   -2.522198e+00 -1.091629e+02 -1.239383e+02
    endloop
  endfacet
  facet normal 5.372996e-01 -8.433914e-01 9.034921e-15
    outer loop
      vertex   -2.522198e+00 -1.091629e+02 -1.239383e+02
      vertex   -2.852452e+00 -1.093733e+02 -1.279383e+02
      vertex   -2.522198e+00 -1.091629e+02 -1.279383e+02
    endloop
  endfacet
  facet normal 3.007058e-01 -9.537170e-01 8.479204e-15
    outer loop
      vertex   -2.522198e+00 -1.091629e+02 -1.239383e+02
      vertex   -2.522198e+00 -1.091629e+02 -1.279383e+02
      vertex   -2.148742e+00 -1.090451e+02 -1.239383e+02
    endloop
  endfacet
  facet normal 3.007058e-01 -9.537170e-01 5.057536e-15
    outer loop
      vertex   -2.148742e+00 -1.090451e+02 -1.239383e+02
      vertex   -2.522198e+00 -1.091629e+02 -1.279383e+02
      vertex   -2.148742e+00 -1.090451e+02 -1.279383e+02
    endloop
  endfacet
  facet normal 4.361939e-02 -9.990482e-01 3.791469e-15
    outer loop
      vertex   -2.148742e+00 -1.090451e+02 -1.239383e+02
      vertex   -2.148742e+00 -1.090451e+02 -1.279383e+02
      vertex   -1.757537e+00 -1.090281e+02 -1.239383e+02
    endloop
  endfacet
  facet normal 4.361939e-02 -9.990482e-01 3.801154e-15
    outer loop
      vertex   -1.757537e+00 -1.090281e+02 -1.239383e+02
      vertex   -2.148742e+00 -1.090451e+02 -1.279383e+02
      vertex   -1.757537e+00 -1.090281e+02 -1.279383e+02
    endloop
  endfacet
  facet normal -2.164396e-01 -9.762960e-01 2.218960e-15
    outer loop
      vertex   -1.757537e+00 -1.090281e+02 -1.239383e+02
      vertex   -1.757537e+00 -1.090281e+02 -1.279383e+02
      vertex   -1.375240e+00 -1.091128e+02 -1.239383e+02
    endloop
  endfacet
  facet normal -2.164396e-01 -9.762960e-01 2.242989e-15
    outer loop
      vertex   -1.375240e+00 -1.091128e+02 -1.239383e+02
      vertex   -1.757537e+00 -1.090281e+02 -1.279383e+02
      vertex   -1.375240e+00 -1.091128e+02 -1.279383e+02
    endloop
  endfacet
  facet normal -4.617486e-01 -8.870108e-01 5.368114e-16
    outer loop
      vertex   -1.375240e+00 -1.091128e+02 -1.239383e+02
      vertex   -1.375240e+00 -1.091128e+02 -1.279383e+02
      vertex   -1.027906e+00 -1.092936e+02 -1.239383e+02
    endloop
  endfacet
  facet normal -4.617486e-01 -8.870108e-01 5.368114e-16
    outer loop
      vertex   -1.027906e+00 -1.092936e+02 -1.239383e+02
      vertex   -1.375240e+00 -1.091128e+02 -1.279383e+02
      vertex   -1.027906e+00 -1.092936e+02 -1.279383e+02
    endloop
  endfacet
  facet normal -6.755902e-01 -7.372773e-01 -1.205949e-15
    outer loop
      vertex   -1.027906e+00 -1.092936e+02 -1.239383e+02
      vertex   -1.027906e+00 -1.092936e+02 -1.279383e+02
      vertex   -7.392035e-01 -1.095582e+02 -1.239383e+02
    endloop
  endfacet
  facet normal -6.755902e-01 -7.372773e-01 1.450889e-15
    outer loop
      vertex   -7.392035e-01 -1.095582e+02 -1.239383e+02
      vertex   -1.027906e+00 -1.092936e+02 -1.279383e+02
      vertex   -7.392035e-01 -1.095582e+02 -1.279383e+02
    endloop
  endfacet
  facet normal -8.433914e-01 -5.372996e-01 -9.108373e-16
    outer loop
      vertex   -7.392035e-01 -1.095582e+02 -1.239383e+02
      vertex   -7.392035e-01 -1.095582e+02 -1.279383e+02
      vertex   -5.288085e-01 -1.098884e+02 -1.239383e+02
    endloop
  endfacet
  facet normal -8.433914e-01 -5.372996e-01 -2.913344e-15
    outer loop
      vertex   -5.288085e-01 -1.098884e+02 -1.239383e+02
      vertex   -7.392035e-01 -1.095582e+02 -1.279383e+02
      vertex   -5.288085e-01 -1.098884e+02 -1.279383e+02
    endloop
  endfacet
  facet normal -9.537170e-01 -3.007058e-01 -4.384697e-15
    outer loop
      vertex   -5.288085e-01 -1.098884e+02 -1.239383e+02
      vertex   -5.288085e-01 -1.098884e+02 -1.279383e+02
      vertex   -4.110586e-01 -1.102619e+02 -1.239383e+02
    endloop
  endfacet
  facet normal -9.537170e-01 -3.007058e-01 -4.225871e-15
    outer loop
      vertex   -4.110586e-01 -1.102619e+02 -1.239383e+02
      vertex   -5.288085e-01 -1.098884e+02 -1.279383e+02
      vertex   -4.110586e-01 -1.102619e+02 -1.279383e+02
    endloop
  endfacet
  facet normal -9.990482e-01 -4.361939e-02 -5.390864e-15
    outer loop
      vertex   -4.110586e-01 -1.102619e+02 -1.239383e+02
      vertex   -4.110586e-01 -1.102619e+02 -1.279383e+02
      vertex   -3.939781e-01 -1.106531e+02 -1.239383e+02
    endloop
  endfacet
  facet normal -9.990482e-01 -4.361939e-02 -5.390864e-15
    outer loop
      vertex   -3.939781e-01 -1.106531e+02 -1.239383e+02
      vertex   -4.110586e-01 -1.102619e+02 -1.279383e+02
      vertex   -3.939781e-01 -1.106531e+02 -1.279383e+02
    endloop
  endfacet
  facet normal -9.762960e-01 2.164396e-01 -6.188480e-15
    outer loop
      vertex   -3.939781e-01 -1.106531e+02 -1.239383e+02
      vertex   -3.939781e-01 -1.106531e+02 -1.279383e+02
      vertex   -4.787313e-01 -1.110354e+02 -1.239383e+02
    endloop
  endfacet
  facet normal -9.762960e-01 2.164396e-01 -6.120735e-15
    outer loop
      vertex   -4.787313e-01 -1.110354e+02 -1.239383e+02
      vertex   -3.939781e-01 -1.106531e+02 -1.279383e+02
      vertex   -4.787313e-01 -1.110354e+02 -1.279383e+02
    endloop
  endfacet
  facet normal -8.870108e-01 4.617486e-01 -6.502811e-15
    outer loop
      vertex   -4.787313e-01 -1.110354e+02 -1.239383e+02
      vertex   -4.787313e-01 -1.110354e+02 -1.279383e+02
      vertex   -6.595421e-01 -1.113827e+02 -1.239383e+02
    endloop
  endfacet
  facet normal -8.870108e-01 4.617486e-01 -8.204820e-15
    outer loop
      vertex   -6.595421e-01 -1.113827e+02 -1.239383e+02
      vertex   -4.787313e-01 -1.110354e+02 -1.279383e+02
      vertex   -6.595421e-01 -1.113827e+02 -1.279383e+02
    endloop
  endfacet
  facet normal -7.372773e-01 6.755902e-01 -8.893069e-15
    outer loop
      vertex   -6.595421e-01 -1.113827e+02 -1.239383e+02
      vertex   -6.595421e-01 -1.113827e+02 -1.279383e+02
      vertex   -9.240888e-01 -1.116714e+02 -1.239383e+02
    endloop
  endfacet
  facet normal -7.372773e-01 6.755902e-01 -8.770287e-15
    outer loop
      vertex   -9.240888e-01 -1.116714e+02 -1.239383e+02
      vertex   -6.595421e-01 -1.113827e+02 -1.279383e+02
      vertex   -9.240888e-01 -1.116714e+02 -1.279383e+02
    endloop
  endfacet
  facet normal -5.372996e-01 8.433914e-01 -8.885790e-15
    outer loop
      vertex   -9.240888e-01 -1.116714e+02 -1.239383e+02
      vertex   -9.240888e-01 -1.116714e+02 -1.279383e+02
      vertex   -1.254343e+00 -1.118818e+02 -1.239383e+02
    endloop
  endfacet
  facet normal -5.372996e-01 8.433914e-01 -8.885790e-15
    outer loop
      vertex   -1.254343e+00 -1.118818e+02 -1.239383e+02
      vertex   -9.240888e-01 -1.116714e+02 -1.279383e+02
      vertex   -1.254343e+00 -1.118818e+02 -1.279383e+02
    endloop
  endfacet
  facet normal -3.007058e-01 9.537170e-01 0.000000e+00
    outer loop
      vertex   4.479722e+00 -1.158969e+02 -1.259383e+02
      vertex   4.479722e+00 -1.158969e+02 -1.279383e+02
      vertex   4.106266e+00 -1.160146e+02 -1.259383e+02
    endloop
  endfacet
  facet normal -3.007058e-01 9.537170e-01 0.000000e+00
    outer loop
      vertex   4.106266e+00 -1.160146e+02 -1.259383e+02
      vertex   4.479722e+00 -1.158969e+02 -1.279383e+02
      vertex   4.106266e+00 -1.160146e+02 -1.279383e+02
    endloop
  endfacet
  facet normal -4.361939e-02 9.990482e-01 0.000000e+00
    outer loop
      vertex   4.106266e+00 -1.160146e+02 -1.259383e+02
      vertex   4.106266e+00 -1.160146e+02 -1.279383e+02
      vertex   3.715061e+00 -1.160317e+02 -1.259383e+02
    endloop
  endfacet
  facet normal -4.361939e-02 9.990482e-01 0.000000e+00
    outer loop
      vertex   3.715061e+00 -1.160317e+02 -1.259383e+02
      vertex   4.106266e+00 -1.160146e+02 -1.279383e+02
      vertex   3.715061e+00 -1.160317e+02 -1.279383e+02
    endloop
  endfacet
  facet normal 2.164396e-01 9.762960e-01 0.000000e+00
    outer loop
      vertex   3.715061e+00 -1.160317e+02 -1.259383e+02
      vertex   3.715061e+00 -1.160317e+02 -1.279383e+02
      vertex   3.332764e+00 -1.159469e+02 -1.259383e+02
    endloop
  endfacet
  facet normal 2.164396e-01 9.762960e-01 0.000000e+00
    outer loop
      vertex   3.332764e+00 -1.159469e+02 -1.259383e+02
      vertex   3.715061e+00 -1.160317e+02 -1.279383e+02
      vertex   3.332764e+00 -1.159469e+02 -1.279383e+02
    endloop
  endfacet
  facet normal 4.617486e-01 8.870108e-01 0.000000e+00
    outer loop
      vertex   3.332764e+00 -1.159469e+02 -1.259383e+02
      vertex   3.332764e+00 -1.159469e+02 -1.279383e+02
      vertex   2.985429e+00 -1.157661e+02 -1.259383e+02
    endloop
  endfacet
  facet normal 4.617486e-01 8.870108e-01 0.000000e+00
    outer loop
      vertex   2.985429e+00 -1.157661e+02 -1.259383e+02
      vertex   3.332764e+00 -1.159469e+02 -1.279383e+02
      vertex   2.985429e+00 -1.157661e+02 -1.279383e+02
    endloop
  endfacet
  facet normal 6.755902e-01 7.372773e-01 0.000000e+00
    outer loop
      vertex   2.985429e+00 -1.157661e+02 -1.259383e+02
      vertex   2.985429e+00 -1.157661e+02 -1.279383e+02
      vertex   2.696727e+00 -1.155016e+02 -1.259383e+02
    endloop
  endfacet
  facet normal 6.755902e-01 7.372773e-01 0.000000e+00
    outer loop
      vertex   2.696727e+00 -1.155016e+02 -1.259383e+02
      vertex   2.985429e+00 -1.157661e+02 -1.279383e+02
      vertex   2.696727e+00 -1.155016e+02 -1.279383e+02
    endloop
  endfacet
  facet normal 8.433914e-01 5.372996e-01 0.000000e+00
    outer loop
      vertex   2.696727e+00 -1.155016e+02 -1.259383e+02
      vertex   2.696727e+00 -1.155016e+02 -1.279383e+02
      vertex   2.486332e+00 -1.151713e+02 -1.259383e+02
    endloop
  endfacet
  facet normal 8.433914e-01 5.372996e-01 0.000000e+00
    outer loop
      vertex   2.486332e+00 -1.151713e+02 -1.259383e+02
      vertex   2.696727e+00 -1.155016e+02 -1.279383e+02
      vertex   2.486332e+00 -1.151713e+02 -1.279383e+02
    endloop
  endfacet
  facet normal 9.537170e-01 3.007058e-01 0.000000e+00
    outer loop
      vertex   2.486332e+00 -1.151713e+02 -1.259383e+02
      vertex   2.486332e+00 -1.151713e+02 -1.279383e+02
      vertex   2.368582e+00 -1.147979e+02 -1.259383e+02
    endloop
  endfacet
  facet normal 9.537170e-01 3.007058e-01 0.000000e+00
    outer loop
      vertex   2.368582e+00 -1.147979e+02 -1.259383e+02
      vertex   2.486332e+00 -1.151713e+02 -1.279383e+02
      vertex   2.368582e+00 -1.147979e+02 -1.279383e+02
    endloop
  endfacet
  facet normal 9.990482e-01 4.361939e-02 0.000000e+00
    outer loop
      vertex   2.368582e+00 -1.147979e+02 -1.259383e+02
      vertex   2.368582e+00 -1.147979e+02 -1.279383e+02
      vertex   2.351502e+00 -1.144067e+02 -1.259383e+02
    endloop
  endfacet
  facet normal 9.990482e-01 4.361939e-02 0.000000e+00
    outer loop
      vertex   2.351502e+00 -1.144067e+02 -1.259383e+02
      vertex   2.368582e+00 -1.147979e+02 -1.279383e+02
      vertex   2.351502e+00 -1.144067e+02 -1.279383e+02
    endloop
  endfacet
  facet normal 9.762960e-01 -2.164396e-01 0.000000e+00
    outer loop
      vertex   2.351502e+00 -1.144067e+02 -1.259383e+02
      vertex   2.351502e+00 -1.144067e+02 -1.279383e+02
      vertex   2.436255e+00 -1.140244e+02 -1.259383e+02
    endloop
  endfacet
  facet normal 9.762960e-01 -2.164396e-01 0.000000e+00
    outer loop
      vertex   2.436255e+00 -1.140244e+02 -1.259383e+02
      vertex   2.351502e+00 -1.144067e+02 -1.279383e+02
      vertex   2.436255e+00 -1.140244e+02 -1.279383e+02
    endloop
  endfacet
  facet normal 8.870108e-01 -4.617486e-01 0.000000e+00
    outer loop
      vertex   2.436255e+00 -1.140244e+02 -1.259383e+02
      vertex   2.436255e+00 -1.140244e+02 -1.279383e+02
      vertex   2.617066e+00 -1.136770e+02 -1.259383e+02
    endloop
  endfacet
  facet normal 8.870108e-01 -4.617486e-01 0.000000e+00
    outer loop
      vertex   2.617066e+00 -1.136770e+02 -1.259383e+02
      vertex   2.436255e+00 -1.140244e+02 -1.279383e+02
      vertex   2.617066e+00 -1.136770e+02 -1.279383e+02
    endloop
  endfacet
  facet normal 7.372773e-01 -6.755902e-01 0.000000e+00
    outer loop
      vertex   2.617066e+00 -1.136770e+02 -1.259383e+02
      vertex   2.617066e+00 -1.136770e+02 -1.279383e+02
      vertex   2.881613e+00 -1.133883e+02 -1.259383e+02
    endloop
  endfacet
  facet normal 7.372773e-01 -6.755902e-01 0.000000e+00
    outer loop
      vertex   2.881613e+00 -1.133883e+02 -1.259383e+02
      vertex   2.617066e+00 -1.136770e+02 -1.279383e+02
      vertex   2.881613e+00 -1.133883e+02 -1.279383e+02
    endloop
  endfacet
  facet normal 5.372996e-01 -8.433914e-01 0.000000e+00
    outer loop
      vertex   2.881613e+00 -1.133883e+02 -1.259383e+02
      vertex   2.881613e+00 -1.133883e+02 -1.279383e+02
      vertex   3.211867e+00 -1.131779e+02 -1.259383e+02
    endloop
  endfacet
  facet normal 5.372996e-01 -8.433914e-01 0.000000e+00
    outer loop
      vertex   3.211867e+00 -1.131779e+02 -1.259383e+02
      vertex   2.881613e+00 -1.133883e+02 -1.279383e+02
      vertex   3.211867e+00 -1.131779e+02 -1.279383e+02
    endloop
  endfacet
  facet normal 3.007058e-01 -9.537170e-01 0.000000e+00
    outer loop
      vertex   3.211867e+00 -1.131779e+02 -1.259383e+02
      vertex   3.211867e+00 -1.131779e+02 -1.279383e+02
      vertex   3.585322e+00 -1.130602e+02 -1.259383e+02
    endloop
  endfacet
  facet normal 3.007058e-01 -9.537170e-01 0.000000e+00
    outer loop
      vertex   3.585322e+00 -1.130602e+02 -1.259383e+02
      vertex   3.211867e+00 -1.131779e+02 -1.279383e+02
      vertex   3.585322e+00 -1.130602e+02 -1.279383e+02
    endloop
  endfacet
  facet normal 4.361939e-02 -9.990482e-01 0.000000e+00
    outer loop
      vertex   3.585322e+00 -1.130602e+02 -1.259383e+02
      vertex   3.585322e+00 -1.130602e+02 -1.279383e+02
      vertex   3.976528e+00 -1.130431e+02 -1.259383e+02
    endloop
  endfacet
  facet normal 4.361939e-02 -9.990482e-01 0.000000e+00
    outer loop
      vertex   3.976528e+00 -1.130431e+02 -1.259383e+02
      vertex   3.585322e+00 -1.130602e+02 -1.279383e+02
      vertex   3.976528e+00 -1.130431e+02 -1.279383e+02
    endloop
  endfacet
  facet normal -2.164396e-01 -9.762960e-01 -0.000000e+00
    outer loop
      vertex   3.976528e+00 -1.130431e+02 -1.259383e+02
      vertex   3.976528e+00 -1.130431e+02 -1.279383e+02
      vertex   4.358824e+00 -1.131279e+02 -1.259383e+02
    endloop
  endfacet
  facet normal -2.164396e-01 -9.762960e-01 -0.000000e+00
    outer loop
      vertex   4.358824e+00 -1.131279e+02 -1.259383e+02
      vertex   3.976528e+00 -1.130431e+02 -1.279383e+02
      vertex   4.358824e+00 -1.131279e+02 -1.279383e+02
    endloop
  endfacet
  facet normal -4.617486e-01 -8.870108e-01 -0.000000e+00
    outer loop
      vertex   4.358824e+00 -1.131279e+02 -1.259383e+02
      vertex   4.358824e+00 -1.131279e+02 -1.279383e+02
      vertex   4.706159e+00 -1.133087e+02 -1.259383e+02
    endloop
  endfacet
  facet normal -4.617486e-01 -8.870108e-01 -0.000000e+00
    outer loop
      vertex   4.706159e+00 -1.133087e+02 -1.259383e+02
      vertex   4.358824e+00 -1.131279e+02 -1.279383e+02
      vertex   4.706159e+00 -1.133087e+02 -1.279383e+02
    endloop
  endfacet
  facet normal -6.755902e-01 -7.372773e-01 -0.000000e+00
    outer loop
      vertex   4.706159e+00 -1.133087e+02 -1.259383e+02
      vertex   4.706159e+00 -1.133087e+02 -1.279383e+02
      vertex   4.994861e+00 -1.135732e+02 -1.259383e+02
    endloop
  endfacet
  facet normal -6.755902e-01 -7.372773e-01 -0.000000e+00
    outer loop
      vertex   4.994861e+00 -1.135732e+02 -1.259383e+02
      vertex   4.706159e+00 -1.133087e+02 -1.279383e+02
      vertex   4.994861e+00 -1.135732e+02 -1.279383e+02
    endloop
  endfacet
  facet normal -8.433914e-01 -5.372996e-01 -0.000000e+00
    outer loop
      vertex   4.994861e+00 -1.135732e+02 -1.259383e+02
      vertex   4.994861e+00 -1.135732e+02 -1.279383e+02
      vertex   5.205256e+00 -1.139035e+02 -1.259383e+02
    endloop
  endfacet
  facet normal -8.433914e-01 -5.372996e-01 -0.000000e+00
    outer loop
      vertex   5.205256e+00 -1.139035e+02 -1.259383e+02
      vertex   4.994861e+00 -1.135732e+02 -1.279383e+02
      vertex   5.205256e+00 -1.139035e+02 -1.279383e+02
    endloop
  endfacet
  facet normal -9.537170e-01 -3.007058e-01 -0.000000e+00
    outer loop
      vertex   5.205256e+00 -1.139035e+02 -1.259383e+02
      vertex   5.205256e+00 -1.139035e+02 -1.279383e+02
      vertex   5.323006e+00 -1.142769e+02 -1.259383e+02
    endloop
  endfacet
  facet normal -9.537170e-01 -3.007058e-01 -0.000000e+00
    outer loop
      vertex   5.323006e+00 -1.142769e+02 -1.259383e+02
      vertex   5.205256e+00 -1.139035e+02 -1.279383e+02
      vertex   5.323006e+00 -1.142769e+02 -1.279383e+02
    endloop
  endfacet
  facet normal -9.990482e-01 -4.361939e-02 -0.000000e+00
    outer loop
      vertex   5.323006e+00 -1.142769e+02 -1.259383e+02
      vertex   5.323006e+00 -1.142769e+02 -1.279383e+02
      vertex   5.340086e+00 -1.146681e+02 -1.259383e+02
    endloop
  endfacet
  facet normal -9.990482e-01 -4.361939e-02 -0.000000e+00
    outer loop
      vertex   5.340086e+00 -1.146681e+02 -1.259383e+02
      vertex   5.323006e+00 -1.142769e+02 -1.279383e+02
      vertex   5.340086e+00 -1.146681e+02 -1.279383e+02
    endloop
  endfacet
  facet normal -9.762960e-01 2.164396e-01 0.000000e+00
    outer loop
      vertex   5.340086e+00 -1.146681e+02 -1.259383e+02
      vertex   5.340086e+00 -1.146681e+02 -1.279383e+02
      vertex   5.255333e+00 -1.150504e+02 -1.259383e+02
    endloop
  endfacet
  facet normal -9.762960e-01 2.164396e-01 0.000000e+00
    outer loop
      vertex   5.255333e+00 -1.150504e+02 -1.259383e+02
      vertex   5.340086e+00 -1.146681e+02 -1.279383e+02
      vertex   5.255333e+00 -1.150504e+02 -1.279383e+02
    endloop
  endfacet
  facet normal -8.870108e-01 4.617486e-01 0.000000e+00
    outer loop
      vertex   5.255333e+00 -1.150504e+02 -1.259383e+02
      vertex   5.255333e+00 -1.150504e+02 -1.279383e+02
      vertex   5.074522e+00 -1.153978e+02 -1.259383e+02
    endloop
  endfacet
  facet normal -8.870108e-01 4.617486e-01 0.000000e+00
    outer loop
      vertex   5.074522e+00 -1.153978e+02 -1.259383e+02
      vertex   5.255333e+00 -1.150504e+02 -1.279383e+02
      vertex   5.074522e+00 -1.153978e+02 -1.279383e+02
    endloop
  endfacet
  facet normal -7.372773e-01 6.755902e-01 0.000000e+00
    outer loop
      vertex   5.074522e+00 -1.153978e+02 -1.259383e+02
      vertex   5.074522e+00 -1.153978e+02 -1.279383e+02
      vertex   4.809976e+00 -1.156865e+02 -1.259383e+02
    endloop
  endfacet
  facet normal -7.372773e-01 6.755902e-01 0.000000e+00
    outer loop
      vertex   4.809976e+00 -1.156865e+02 -1.259383e+02
      vertex   5.074522e+00 -1.153978e+02 -1.279383e+02
      vertex   4.809976e+00 -1.156865e+02 -1.279383e+02
    endloop
  endfacet
  facet normal -5.372996e-01 8.433914e-01 0.000000e+00
    outer loop
      vertex   4.809976e+00 -1.156865e+02 -1.259383e+02
      vertex   4.809976e+00 -1.156865e+02 -1.279383e+02
      vertex   4.479722e+00 -1.158969e+02 -1.259383e+02
    endloop
  endfacet
  facet normal -5.372996e-01 8.433914e-01 0.000000e+00
    outer loop
      vertex   4.479722e+00 -1.158969e+02 -1.259383e+02
      vertex   4.809976e+00 -1.156865e+02 -1.279383e+02
      vertex   4.479722e+00 -1.158969e+02 -1.279383e+02
    endloop
  endfacet
  facet normal -3.007058e-01 9.537170e-01 1.221773e-14
    outer loop
      vertex   1.021379e+01 -1.199119e+02 -1.239383e+02
      vertex   1.021379e+01 -1.199119e+02 -1.279383e+02
      vertex   9.840331e+00 -1.200296e+02 -1.239383e+02
    endloop
  endfacet
  facet normal -3.007058e-01 9.537170e-01 2.052881e-15
    outer loop
      vertex   9.840331e+00 -1.200296e+02 -1.239383e+02
      vertex   1.021379e+01 -1.199119e+02 -1.279383e+02
      vertex   9.840331e+00 -1.200296e+02 -1.279383e+02
    endloop
  endfacet
  facet normal -4.361939e-02 9.990482e-01 3.355623e-15
    outer loop
      vertex   9.840331e+00 -1.200296e+02 -1.239383e+02
      vertex   9.840331e+00 -1.200296e+02 -1.279383e+02
      vertex   9.449125e+00 -1.200467e+02 -1.239383e+02
    endloop
  endfacet
  facet normal -4.361939e-02 9.990482e-01 1.047366e-14
    outer loop
      vertex   9.449125e+00 -1.200467e+02 -1.239383e+02
      vertex   9.840331e+00 -1.200296e+02 -1.279383e+02
      vertex   9.449125e+00 -1.200467e+02 -1.279383e+02
    endloop
  endfacet
  facet normal 2.164396e-01 9.762960e-01 1.127057e-14
    outer loop
      vertex   9.449125e+00 -1.200467e+02 -1.239383e+02
      vertex   9.449125e+00 -1.200467e+02 -1.279383e+02
      vertex   9.066828e+00 -1.199620e+02 -1.239383e+02
    endloop
  endfacet
  facet normal 2.164396e-01 9.762960e-01 1.483519e-14
    outer loop
      vertex   9.066828e+00 -1.199620e+02 -1.239383e+02
      vertex   9.449125e+00 -1.200467e+02 -1.279383e+02
      vertex   9.066828e+00 -1.199620e+02 -1.279383e+02
    endloop
  endfacet
  facet normal 4.617486e-01 8.870108e-01 1.465576e-14
    outer loop
      vertex   9.066828e+00 -1.199620e+02 -1.239383e+02
      vertex   9.066828e+00 -1.199620e+02 -1.279383e+02
      vertex   8.719494e+00 -1.197812e+02 -1.239383e+02
    endloop
  endfacet
  facet normal 4.617486e-01 8.870108e-01 1.465576e-14
    outer loop
      vertex   8.719494e+00 -1.197812e+02 -1.239383e+02
      vertex   9.066828e+00 -1.199620e+02 -1.279383e+02
      vertex   8.719494e+00 -1.197812e+02 -1.279383e+02
    endloop
  endfacet
  facet normal 6.755902e-01 7.372773e-01 1.347756e-14
    outer loop
      vertex   8.719494e+00 -1.197812e+02 -1.239383e+02
      vertex   8.719494e+00 -1.197812e+02 -1.279383e+02
      vertex   8.430792e+00 -1.195166e+02 -1.239383e+02
    endloop
  endfacet
  facet normal 6.755902e-01 7.372773e-01 1.085823e-14
    outer loop
      vertex   8.430792e+00 -1.195166e+02 -1.239383e+02
      vertex   8.719494e+00 -1.197812e+02 -1.279383e+02
      vertex   8.430792e+00 -1.195166e+02 -1.279383e+02
    endloop
  endfacet
  facet normal 8.433914e-01 5.372996e-01 9.472025e-15
    outer loop
      vertex   8.430792e+00 -1.195166e+02 -1.239383e+02
      vertex   8.430792e+00 -1.195166e+02 -1.279383e+02
      vertex   8.220397e+00 -1.191864e+02 -1.239383e+02
    endloop
  endfacet
  facet normal 8.433914e-01 5.372996e-01 1.138090e-14
    outer loop
      vertex   8.220397e+00 -1.191864e+02 -1.239383e+02
      vertex   8.430792e+00 -1.195166e+02 -1.279383e+02
      vertex   8.220397e+00 -1.191864e+02 -1.279383e+02
    endloop
  endfacet
  facet normal 9.537170e-01 3.007058e-01 8.508640e-15
    outer loop
      vertex   8.220397e+00 -1.191864e+02 -1.239383e+02
      vertex   8.220397e+00 -1.191864e+02 -1.279383e+02
      vertex   8.102647e+00 -1.188129e+02 -1.239383e+02
    endloop
  endfacet
  facet normal 9.537170e-01 3.007058e-01 8.508640e-15
    outer loop
      vertex   8.102647e+00 -1.188129e+02 -1.239383e+02
      vertex   8.220397e+00 -1.191864e+02 -1.279383e+02
      vertex   8.102647e+00 -1.188129e+02 -1.279383e+02
    endloop
  endfacet
  facet normal 9.990482e-01 4.361939e-02 5.056534e-15
    outer loop
      vertex   8.102647e+00 -1.188129e+02 -1.239383e+02
      vertex   8.102647e+00 -1.188129e+02 -1.279383e+02
      vertex   8.085566e+00 -1.184217e+02 -1.239383e+02
    endloop
  endfacet
  facet normal 9.990482e-01 4.361939e-02 5.500201e-15
    outer loop
      vertex   8.085566e+00 -1.184217e+02 -1.239383e+02
      vertex   8.102647e+00 -1.188129e+02 -1.279383e+02
      vertex   8.085566e+00 -1.184217e+02 -1.279383e+02
    endloop
  endfacet
  facet normal 9.762960e-01 -2.164396e-01 1.693396e-15
    outer loop
      vertex   8.085566e+00 -1.184217e+02 -1.239383e+02
      vertex   8.085566e+00 -1.184217e+02 -1.279383e+02
      vertex   8.170320e+00 -1.180394e+02 -1.239383e+02
    endloop
  endfacet
  facet normal 9.762960e-01 -2.164396e-01 1.259833e-15
    outer loop
      vertex   8.170320e+00 -1.180394e+02 -1.239383e+02
      vertex   8.085566e+00 -1.184217e+02 -1.279383e+02
      vertex   8.170320e+00 -1.180394e+02 -1.279383e+02
    endloop
  endfacet
  facet normal 8.870108e-01 -4.617486e-01 -2.622723e-15
    outer loop
      vertex   8.170320e+00 -1.180394e+02 -1.239383e+02
      vertex   8.170320e+00 -1.180394e+02 -1.279383e+02
      vertex   8.351130e+00 -1.176921e+02 -1.239383e+02
    endloop
  endfacet
  facet normal 8.870108e-01 -4.617486e-01 -9.822624e-16
    outer loop
      vertex   8.351130e+00 -1.176921e+02 -1.239383e+02
      vertex   8.170320e+00 -1.180394e+02 -1.279383e+02
      vertex   8.351130e+00 -1.176921e+02 -1.279383e+02
    endloop
  endfacet
  facet normal 7.372773e-01 -6.755902e-01 -3.926367e-15
    outer loop
      vertex   8.351130e+00 -1.176921e+02 -1.239383e+02
      vertex   8.351130e+00 -1.176921e+02 -1.279383e+02
      vertex   8.615677e+00 -1.174034e+02 -1.239383e+02
    endloop
  endfacet
  facet normal 7.372773e-01 -6.755902e-01 -5.999128e-15
    outer loop
      vertex   8.615677e+00 -1.174034e+02 -1.239383e+02
      vertex   8.351130e+00 -1.176921e+02 -1.279383e+02
      vertex   8.615677e+00 -1.174034e+02 -1.279383e+02
    endloop
  endfacet
  facet normal 5.372996e-01 -8.433914e-01 -9.360615e-15
    outer loop
      vertex   8.615677e+00 -1.174034e+02 -1.239383e+02
      vertex   8.615677e+00 -1.174034e+02 -1.279383e+02
      vertex   8.945931e+00 -1.171930e+02 -1.239383e+02
    endloop
  endfacet
  facet normal 5.372996e-01 -8.433914e-01 -9.360615e-15
    outer loop
      vertex   8.945931e+00 -1.171930e+02 -1.239383e+02
      vertex   8.615677e+00 -1.174034e+02 -1.279383e+02
      vertex   8.945931e+00 -1.171930e+02 -1.279383e+02
    endloop
  endfacet
  facet normal 3.007058e-01 -9.537170e-01 -1.208419e-14
    outer loop
      vertex   8.945931e+00 -1.171930e+02 -1.239383e+02
      vertex   8.945931e+00 -1.171930e+02 -1.279383e+02
      vertex   9.319386e+00 -1.170752e+02 -1.239383e+02
    endloop
  endfacet
  facet normal 3.007058e-01 -9.537170e-01 -8.829448e-15
    outer loop
      vertex   9.319386e+00 -1.170752e+02 -1.239383e+02
      vertex   8.945931e+00 -1.171930e+02 -1.279383e+02
      vertex   9.319386e+00 -1.170752e+02 -1.279383e+02
    endloop
  endfacet
  facet normal 4.361939e-02 -9.990482e-01 -1.045429e-14
    outer loop
      vertex   9.319386e+00 -1.170752e+02 -1.239383e+02
      vertex   9.319386e+00 -1.170752e+02 -1.279383e+02
      vertex   9.710592e+00 -1.170581e+02 -1.239383e+02
    endloop
  endfacet
  facet normal 4.361939e-02 -9.990482e-01 -1.045429e-14
    outer loop
      vertex   9.710592e+00 -1.170581e+02 -1.239383e+02
      vertex   9.319386e+00 -1.170752e+02 -1.279383e+02
      vertex   9.710592e+00 -1.170581e+02 -1.279383e+02
    endloop
  endfacet
  facet normal -2.164396e-01 -9.762960e-01 -1.136669e-14
    outer loop
      vertex   9.710592e+00 -1.170581e+02 -1.239383e+02
      vertex   9.710592e+00 -1.170581e+02 -1.279383e+02
      vertex   1.009289e+01 -1.171429e+02 -1.239383e+02
    endloop
  endfacet
  facet normal -2.164396e-01 -9.762960e-01 -1.136669e-14
    outer loop
      vertex   1.009289e+01 -1.171429e+02 -1.239383e+02
      vertex   9.710592e+00 -1.170581e+02 -1.279383e+02
      vertex   1.009289e+01 -1.171429e+02 -1.279383e+02
    endloop
  endfacet
  facet normal -4.617486e-01 -8.870108e-01 -1.150446e-14
    outer loop
      vertex   1.009289e+01 -1.171429e+02 -1.239383e+02
      vertex   1.009289e+01 -1.171429e+02 -1.279383e+02
      vertex   1.044022e+01 -1.173237e+02 -1.239383e+02
    endloop
  endfacet
  facet normal -4.617486e-01 -8.870108e-01 -1.150446e-14
    outer loop
      vertex   1.044022e+01 -1.173237e+02 -1.239383e+02
      vertex   1.009289e+01 -1.171429e+02 -1.279383e+02
      vertex   1.044022e+01 -1.173237e+02 -1.279383e+02
    endloop
  endfacet
  facet normal -6.755902e-01 -7.372773e-01 -1.085823e-14
    outer loop
      vertex   1.044022e+01 -1.173237e+02 -1.239383e+02
      vertex   1.044022e+01 -1.173237e+02 -1.279383e+02
      vertex   1.072893e+01 -1.175882e+02 -1.239383e+02
    endloop
  endfacet
  facet normal -6.755902e-01 -7.372773e-01 -1.347756e-14
    outer loop
      vertex   1.072893e+01 -1.175882e+02 -1.239383e+02
      vertex   1.044022e+01 -1.173237e+02 -1.279383e+02
      vertex   1.072893e+01 -1.175882e+02 -1.279383e+02
    endloop
  endfacet
  facet normal -8.433914e-01 -5.372996e-01 -1.138090e-14
    outer loop
      vertex   1.072893e+01 -1.175882e+02 -1.239383e+02
      vertex   1.072893e+01 -1.175882e+02 -1.279383e+02
      vertex   1.093932e+01 -1.179185e+02 -1.239383e+02
    endloop
  endfacet
  facet normal -8.433914e-01 -5.372996e-01 -1.138090e-14
    outer loop
      vertex   1.093932e+01 -1.179185e+02 -1.239383e+02
      vertex   1.072893e+01 -1.175882e+02 -1.279383e+02
      vertex   1.093932e+01 -1.179185e+02 -1.279383e+02
    endloop
  endfacet
  facet normal -9.537170e-01 -3.007058e-01 -8.508640e-15
    outer loop
      vertex   1.093932e+01 -1.179185e+02 -1.239383e+02
      vertex   1.093932e+01 -1.179185e+02 -1.279383e+02
      vertex   1.105707e+01 -1.182920e+02 -1.239383e+02
    endloop
  endfacet
  facet normal -9.537170e-01 -3.007058e-01 -8.508640e-15
    outer loop
      vertex   1.105707e+01 -1.182920e+02 -1.239383e+02
      vertex   1.093932e+01 -1.179185e+02 -1.279383e+02
      vertex   1.105707e+01 -1.182920e+02 -1.279383e+02
    endloop
  endfacet
  facet normal -9.990482e-01 -4.361939e-02 -5.056534e-15
    outer loop
      vertex   1.105707e+01 -1.182920e+02 -1.239383e+02
      vertex   1.105707e+01 -1.182920e+02 -1.279383e+02
      vertex   1.107415e+01 -1.186832e+02 -1.239383e+02
    endloop
  endfacet
  facet normal -9.990482e-01 -4.361939e-02 -4.901567e-15
    outer loop
      vertex   1.107415e+01 -1.186832e+02 -1.239383e+02
      vertex   1.105707e+01 -1.182920e+02 -1.279383e+02
      vertex   1.107415e+01 -1.186832e+02 -1.279383e+02
    endloop
  endfacet
  facet normal -9.762960e-01 2.164396e-01 -2.028781e-15
    outer loop
      vertex   1.107415e+01 -1.186832e+02 -1.239383e+02
      vertex   1.107415e+01 -1.186832e+02 -1.279383e+02
      vertex   1.098940e+01 -1.190655e+02 -1.239383e+02
    endloop
  endfacet
  facet normal -9.762960e-01 2.164396e-01 -1.259833e-15
    outer loop
      vertex   1.098940e+01 -1.190655e+02 -1.239383e+02
      vertex   1.107415e+01 -1.186832e+02 -1.279383e+02
      vertex   1.098940e+01 -1.190655e+02 -1.279383e+02
    endloop
  endfacet
  facet normal -8.870108e-01 4.617486e-01 2.622723e-15
    outer loop
      vertex   1.098940e+01 -1.190655e+02 -1.239383e+02
      vertex   1.098940e+01 -1.190655e+02 -1.279383e+02
      vertex   1.080859e+01 -1.194128e+02 -1.239383e+02
    endloop
  endfacet
  facet normal -8.870108e-01 4.617486e-01 2.622723e-15
    outer loop
      vertex   1.080859e+01 -1.194128e+02 -1.239383e+02
      vertex   1.098940e+01 -1.190655e+02 -1.279383e+02
      vertex   1.080859e+01 -1.194128e+02 -1.279383e+02
    endloop
  endfacet
  facet normal -7.372773e-01 6.755902e-01 6.326545e-15
    outer loop
      vertex   1.080859e+01 -1.194128e+02 -1.239383e+02
      vertex   1.080859e+01 -1.194128e+02 -1.279383e+02
      vertex   1.054404e+01 -1.197015e+02 -1.239383e+02
    endloop
  endfacet
  facet normal -7.372773e-01 6.755902e-01 6.653962e-15
    outer loop
      vertex   1.054404e+01 -1.197015e+02 -1.239383e+02
      vertex   1.080859e+01 -1.194128e+02 -1.279383e+02
      vertex   1.054404e+01 -1.197015e+02 -1.279383e+02
    endloop
  endfacet
  facet normal -5.372996e-01 8.433914e-01 9.837833e-15
    outer loop
      vertex   1.054404e+01 -1.197015e+02 -1.239383e+02
      vertex   1.054404e+01 -1.197015e+02 -1.279383e+02
      vertex   1.021379e+01 -1.199119e+02 -1.239383e+02
    endloop
  endfacet
  facet normal -5.372996e-01 8.433914e-01 9.599224e-15
    outer loop
      vertex   1.021379e+01 -1.199119e+02 -1.239383e+02
      vertex   1.054404e+01 -1.197015e+02 -1.279383e+02
      vertex   1.021379e+01 -1.199119e+02 -1.279383e+02
    endloop
  endfacet
  facet normal -3.007058e-01 9.537170e-01 2.186421e-15
    outer loop
      vertex   8.494757e+00 -1.101628e+02 -1.239383e+02
      vertex   8.494757e+00 -1.101628e+02 -1.279383e+02
      vertex   8.121301e+00 -1.102805e+02 -1.239383e+02
    endloop
  endfacet
  facet normal -3.007058e-01 9.537170e-01 0.000000e+00
    outer loop
      vertex   8.121301e+00 -1.102805e+02 -1.239383e+02
      vertex   8.494757e+00 -1.101628e+02 -1.279383e+02
      vertex   8.121301e+00 -1.102805e+02 -1.279383e+02
    endloop
  endfacet
  facet normal -4.361939e-02 9.990482e-01 0.000000e+00
    outer loop
      vertex   8.121301e+00 -1.102805e+02 -1.239383e+02
      vertex   8.121301e+00 -1.102805e+02 -1.279383e+02
      vertex   7.730096e+00 -1.102976e+02 -1.239383e+02
    endloop
  endfacet
  facet normal -4.361939e-02 9.990482e-01 6.914641e-15
    outer loop
      vertex   7.730096e+00 -1.102976e+02 -1.239383e+02
      vertex   8.121301e+00 -1.102805e+02 -1.279383e+02
      vertex   7.730096e+00 -1.102976e+02 -1.279383e+02
    endloop
  endfacet
  facet normal 2.164396e-01 9.762960e-01 7.850126e-15
    outer loop
      vertex   7.730096e+00 -1.102976e+02 -1.239383e+02
      vertex   7.730096e+00 -1.102976e+02 -1.279383e+02
      vertex   7.347799e+00 -1.102129e+02 -1.239383e+02
    endloop
  endfacet
  facet normal 2.164396e-01 9.762960e-01 4.381626e-15
    outer loop
      vertex   7.347799e+00 -1.102129e+02 -1.239383e+02
      vertex   7.730096e+00 -1.102976e+02 -1.279383e+02
      vertex   7.347799e+00 -1.102129e+02 -1.279383e+02
    endloop
  endfacet
  facet normal 4.617486e-01 8.870108e-01 5.099342e-15
    outer loop
      vertex   7.347799e+00 -1.102129e+02 -1.239383e+02
      vertex   7.347799e+00 -1.102129e+02 -1.279383e+02
      vertex   7.000465e+00 -1.100321e+02 -1.239383e+02
    endloop
  endfacet
  facet normal 4.617486e-01 8.870108e-01 5.201871e-15
    outer loop
      vertex   7.000465e+00 -1.100321e+02 -1.239383e+02
      vertex   7.347799e+00 -1.102129e+02 -1.279383e+02
      vertex   7.000465e+00 -1.100321e+02 -1.279383e+02
    endloop
  endfacet
  facet normal 6.755902e-01 7.372773e-01 5.619558e-15
    outer loop
      vertex   7.000465e+00 -1.100321e+02 -1.239383e+02
      vertex   7.000465e+00 -1.100321e+02 -1.279383e+02
      vertex   6.711763e+00 -1.097675e+02 -1.239383e+02
    endloop
  endfacet
  facet normal 6.755902e-01 7.372773e-01 5.469547e-15
    outer loop
      vertex   6.711763e+00 -1.097675e+02 -1.239383e+02
      vertex   7.000465e+00 -1.100321e+02 -1.279383e+02
      vertex   6.711763e+00 -1.097675e+02 -1.279383e+02
    endloop
  endfacet
  facet normal 8.433914e-01 5.372996e-01 5.467012e-15
    outer loop
      vertex   6.711763e+00 -1.097675e+02 -1.239383e+02
      vertex   6.711763e+00 -1.097675e+02 -1.279383e+02
      vertex   6.501367e+00 -1.094373e+02 -1.239383e+02
    endloop
  endfacet
  facet normal 8.433914e-01 5.372996e-01 5.654282e-15
    outer loop
      vertex   6.501367e+00 -1.094373e+02 -1.239383e+02
      vertex   6.711763e+00 -1.097675e+02 -1.279383e+02
      vertex   6.501367e+00 -1.094373e+02 -1.279383e+02
    endloop
  endfacet
  facet normal 9.537170e-01 3.007058e-01 5.303676e-15
    outer loop
      vertex   6.501367e+00 -1.094373e+02 -1.239383e+02
      vertex   6.501367e+00 -1.094373e+02 -1.279383e+02
      vertex   6.383618e+00 -1.090638e+02 -1.239383e+02
    endloop
  endfacet
  facet normal 9.537170e-01 3.007058e-01 5.303676e-15
    outer loop
      vertex   6.383618e+00 -1.090638e+02 -1.239383e+02
      vertex   6.501367e+00 -1.094373e+02 -1.279383e+02
      vertex   6.383618e+00 -1.090638e+02 -1.279383e+02
    endloop
  endfacet
  facet normal 9.990482e-01 4.361939e-02 4.591633e-15
    outer loop
      vertex   6.383618e+00 -1.090638e+02 -1.239383e+02
      vertex   6.383618e+00 -1.090638e+02 -1.279383e+02
      vertex   6.366537e+00 -1.086726e+02 -1.239383e+02
    endloop
  endfacet
  facet normal 9.990482e-01 4.361939e-02 4.591633e-15
    outer loop
      vertex   6.366537e+00 -1.086726e+02 -1.239383e+02
      vertex   6.383618e+00 -1.090638e+02 -1.279383e+02
      vertex   6.366537e+00 -1.086726e+02 -1.279383e+02
    endloop
  endfacet
  facet normal 9.762960e-01 -2.164396e-01 3.566677e-15
    outer loop
      vertex   6.366537e+00 -1.086726e+02 -1.239383e+02
      vertex   6.366537e+00 -1.086726e+02 -1.279383e+02
      vertex   6.451290e+00 -1.082903e+02 -1.239383e+02
    endloop
  endfacet
  facet normal 9.762960e-01 -2.164396e-01 4.000240e-15
    outer loop
      vertex   6.451290e+00 -1.082903e+02 -1.239383e+02
      vertex   6.366537e+00 -1.086726e+02 -1.279383e+02
      vertex   6.451290e+00 -1.082903e+02 -1.279383e+02
    endloop
  endfacet
  facet normal 8.870108e-01 -4.617486e-01 2.692571e-15
    outer loop
      vertex   6.451290e+00 -1.082903e+02 -1.239383e+02
      vertex   6.451290e+00 -1.082903e+02 -1.279383e+02
      vertex   6.632101e+00 -1.079430e+02 -1.239383e+02
    endloop
  endfacet
  facet normal 8.870108e-01 -4.617486e-01 2.101703e-15
    outer loop
      vertex   6.632101e+00 -1.079430e+02 -1.239383e+02
      vertex   6.451290e+00 -1.082903e+02 -1.279383e+02
      vertex   6.632101e+00 -1.079430e+02 -1.279383e+02
    endloop
  endfacet
  facet normal 7.372773e-01 -6.755902e-01 7.102821e-16
    outer loop
      vertex   6.632101e+00 -1.079430e+02 -1.239383e+02
      vertex   6.632101e+00 -1.079430e+02 -1.279383e+02
      vertex   6.896648e+00 -1.076543e+02 -1.239383e+02
    endloop
  endfacet
  facet normal 7.372773e-01 -6.755902e-01 -1.526188e-15
    outer loop
      vertex   6.896648e+00 -1.076543e+02 -1.239383e+02
      vertex   6.632101e+00 -1.079430e+02 -1.279383e+02
      vertex   6.896648e+00 -1.076543e+02 -1.279383e+02
    endloop
  endfacet
  facet normal 5.372996e-01 -8.433914e-01 -3.606567e-15
    outer loop
      vertex   6.896648e+00 -1.076543e+02 -1.239383e+02
      vertex   6.896648e+00 -1.076543e+02 -1.279383e+02
      vertex   7.226902e+00 -1.074439e+02 -1.239383e+02
    endloop
  endfacet
  facet normal 5.372996e-01 -8.433914e-01 -6.102387e-16
    outer loop
      vertex   7.226902e+00 -1.074439e+02 -1.239383e+02
      vertex   6.896648e+00 -1.076543e+02 -1.279383e+02
      vertex   7.226902e+00 -1.074439e+02 -1.279383e+02
    endloop
  endfacet
  facet normal 3.007058e-01 -9.537170e-01 -2.052881e-15
    outer loop
      vertex   7.226902e+00 -1.074439e+02 -1.239383e+02
      vertex   7.226902e+00 -1.074439e+02 -1.279383e+02
      vertex   7.600357e+00 -1.073261e+02 -1.239383e+02
    endloop
  endfacet
  facet normal 3.007058e-01 -9.537170e-01 -5.441165e-15
    outer loop
      vertex   7.600357e+00 -1.073261e+02 -1.239383e+02
      vertex   7.226902e+00 -1.074439e+02 -1.279383e+02
      vertex   7.600357e+00 -1.073261e+02 -1.279383e+02
    endloop
  endfacet
  facet normal 4.361939e-02 -9.990482e-01 -6.904956e-15
    outer loop
      vertex   7.600357e+00 -1.073261e+02 -1.239383e+02
      vertex   7.600357e+00 -1.073261e+02 -1.279383e+02
      vertex   7.991563e+00 -1.073090e+02 -1.239383e+02
    endloop
  endfacet
  facet normal 4.361939e-02 -9.990482e-01 -6.875899e-15
    outer loop
      vertex   7.991563e+00 -1.073090e+02 -1.239383e+02
      vertex   7.600357e+00 -1.073261e+02 -1.279383e+02
      vertex   7.991563e+00 -1.073090e+02 -1.279383e+02
    endloop
  endfacet
  facet normal -2.164396e-01 -9.762960e-01 -8.042363e-15
    outer loop
      vertex   7.991563e+00 -1.073090e+02 -1.239383e+02
      vertex   7.991563e+00 -1.073090e+02 -1.279383e+02
      vertex   8.373859e+00 -1.073938e+02 -1.239383e+02
    endloop
  endfacet
  facet normal -2.164396e-01 -9.762960e-01 -4.429685e-15
    outer loop
      vertex   8.373859e+00 -1.073938e+02 -1.239383e+02
      vertex   7.991563e+00 -1.073090e+02 -1.279383e+02
      vertex   8.373859e+00 -1.073938e+02 -1.279383e+02
    endloop
  endfacet
  facet normal -4.617486e-01 -8.870108e-01 -5.201871e-15
    outer loop
      vertex   8.373859e+00 -1.073938e+02 -1.239383e+02
      vertex   8.373859e+00 -1.073938e+02 -1.279383e+02
      vertex   8.721194e+00 -1.075746e+02 -1.239383e+02
    endloop
  endfacet
  facet normal -4.617486e-01 -8.870108e-01 -5.406929e-15
    outer loop
      vertex   8.721194e+00 -1.075746e+02 -1.239383e+02
      vertex   8.373859e+00 -1.073938e+02 -1.279383e+02
      vertex   8.721194e+00 -1.075746e+02 -1.279383e+02
    endloop
  endfacet
  facet normal -6.755902e-01 -7.372773e-01 -5.919581e-15
    outer loop
      vertex   8.721194e+00 -1.075746e+02 -1.239383e+02
      vertex   8.721194e+00 -1.075746e+02 -1.279383e+02
      vertex   9.009896e+00 -1.078391e+02 -1.239383e+02
    endloop
  endfacet
  facet normal -6.755902e-01 -7.372773e-01 -5.619558e-15
    outer loop
      vertex   9.009896e+00 -1.078391e+02 -1.239383e+02
      vertex   8.721194e+00 -1.075746e+02 -1.279383e+02
      vertex   9.009896e+00 -1.078391e+02 -1.279383e+02
    endloop
  endfacet
  facet normal -8.433914e-01 -5.372996e-01 -5.654282e-15
    outer loop
      vertex   9.009896e+00 -1.078391e+02 -1.239383e+02
      vertex   9.009896e+00 -1.078391e+02 -1.279383e+02
      vertex   9.220291e+00 -1.081694e+02 -1.239383e+02
    endloop
  endfacet
  facet normal -8.433914e-01 -5.372996e-01 -7.563154e-15
    outer loop
      vertex   9.220291e+00 -1.081694e+02 -1.239383e+02
      vertex   9.009896e+00 -1.078391e+02 -1.279383e+02
      vertex   9.220291e+00 -1.081694e+02 -1.279383e+02
    endloop
  endfacet
  facet normal -9.537170e-01 -3.007058e-01 -6.371997e-15
    outer loop
      vertex   9.220291e+00 -1.081694e+02 -1.239383e+02
      vertex   9.220291e+00 -1.081694e+02 -1.279383e+02
      vertex   9.338041e+00 -1.085429e+02 -1.239383e+02
    endloop
  endfacet
  facet normal -9.537170e-01 -3.007058e-01 -5.303676e-15
    outer loop
      vertex   9.338041e+00 -1.085429e+02 -1.239383e+02
      vertex   9.220291e+00 -1.081694e+02 -1.279383e+02
      vertex   9.338041e+00 -1.085429e+02 -1.279383e+02
    endloop
  endfacet
  facet normal -9.990482e-01 -4.361939e-02 -4.591633e-15
    outer loop
      vertex   9.338041e+00 -1.085429e+02 -1.239383e+02
      vertex   9.338041e+00 -1.085429e+02 -1.279383e+02
      vertex   9.355121e+00 -1.089341e+02 -1.239383e+02
    endloop
  endfacet
  facet normal -9.990482e-01 -4.361939e-02 -4.591633e-15
    outer loop
      vertex   9.355121e+00 -1.089341e+02 -1.239383e+02
      vertex   9.338041e+00 -1.085429e+02 -1.279383e+02
      vertex   9.355121e+00 -1.089341e+02 -1.279383e+02
    endloop
  endfacet
  facet normal -9.762960e-01 2.164396e-01 -3.566677e-15
    outer loop
      vertex   9.355121e+00 -1.089341e+02 -1.239383e+02
      vertex   9.355121e+00 -1.089341e+02 -1.279383e+02
      vertex   9.270368e+00 -1.093164e+02 -1.239383e+02
    endloop
  endfacet
  facet normal -9.762960e-01 2.164396e-01 -2.364167e-15
    outer loop
      vertex   9.270368e+00 -1.093164e+02 -1.239383e+02
      vertex   9.355121e+00 -1.089341e+02 -1.279383e+02
      vertex   9.270368e+00 -1.093164e+02 -1.279383e+02
    endloop
  endfacet
  facet normal -8.870108e-01 4.617486e-01 -2.642862e-16
    outer loop
      vertex   9.270368e+00 -1.093164e+02 -1.239383e+02
      vertex   9.270368e+00 -1.093164e+02 -1.279383e+02
      vertex   9.089557e+00 -1.096637e+02 -1.239383e+02
    endloop
  endfacet
  facet normal -8.870108e-01 4.617486e-01 -2.298659e-15
    outer loop
      vertex   9.089557e+00 -1.096637e+02 -1.239383e+02
      vertex   9.270368e+00 -1.093164e+02 -1.279383e+02
      vertex   9.089557e+00 -1.096637e+02 -1.279383e+02
    endloop
  endfacet
  facet normal -7.372773e-01 6.755902e-01 -8.739905e-16
    outer loop
      vertex   9.089557e+00 -1.096637e+02 -1.239383e+02
      vertex   9.089557e+00 -1.096637e+02 -1.279383e+02
      vertex   8.825011e+00 -1.099524e+02 -1.239383e+02
    endloop
  endfacet
  facet normal -7.372773e-01 6.755902e-01 -5.465736e-16
    outer loop
      vertex   8.825011e+00 -1.099524e+02 -1.239383e+02
      vertex   9.089557e+00 -1.096637e+02 -1.279383e+02
      vertex   8.825011e+00 -1.099524e+02 -1.279383e+02
    endloop
  endfacet
  facet normal -5.372996e-01 8.433914e-01 8.488477e-16
    outer loop
      vertex   8.825011e+00 -1.099524e+02 -1.239383e+02
      vertex   8.825011e+00 -1.099524e+02 -1.279383e+02
      vertex   8.494757e+00 -1.101628e+02 -1.239383e+02
    endloop
  endfacet
  facet normal -5.372996e-01 8.433914e-01 8.488477e-16
    outer loop
      vertex   8.494757e+00 -1.101628e+02 -1.239383e+02
      vertex   8.825011e+00 -1.099524e+02 -1.279383e+02
      vertex   8.494757e+00 -1.101628e+02 -1.279383e+02
    endloop
  endfacet
  facet normal 1.736482e-01 -9.848078e-01 3.855764e-16
    outer loop
      vertex   4.286417e-01 -1.121447e+02 -1.259383e+02
      vertex   6.238510e+00 -1.111202e+02 -1.259383e+02
      vertex   4.286417e-01 -1.121447e+02 -1.239383e+02
    endloop
  endfacet
  facet normal 1.736482e-01 -9.848078e-01 0.000000e+00
    outer loop
      vertex   4.286417e-01 -1.121447e+02 -1.239383e+02
      vertex   6.238510e+00 -1.111202e+02 -1.259383e+02
      vertex   6.238510e+00 -1.111202e+02 -1.239383e+02
    endloop
  endfacet
  facet normal -1.736482e-01 9.848078e-01 -6.997480e-15
    outer loop
      vertex   1.453078e+00 -1.179545e+02 -1.239383e+02
      vertex   7.262947e+00 -1.169301e+02 -1.239383e+02
      vertex   1.453078e+00 -1.179545e+02 -1.259383e+02
    endloop
  endfacet
  facet normal -1.736482e-01 9.848078e-01 0.000000e+00
    outer loop
      vertex   1.453078e+00 -1.179545e+02 -1.259383e+02
      vertex   7.262947e+00 -1.169301e+02 -1.239383e+02
      vertex   7.262947e+00 -1.169301e+02 -1.259383e+02
    endloop
  endfacet
  facet normal -9.848078e-01 -1.736482e-01 -0.000000e+00
    outer loop
      vertex   7.262947e+00 -1.169301e+02 -1.239383e+02
      vertex   6.238510e+00 -1.111202e+02 -1.239383e+02
      vertex   7.262947e+00 -1.169301e+02 -1.259383e+02
    endloop
  endfacet
  facet normal -9.848078e-01 -1.736482e-01 0.000000e+00
    outer loop
      vertex   7.262947e+00 -1.169301e+02 -1.259383e+02
      vertex   6.238510e+00 -1.111202e+02 -1.239383e+02
      vertex   6.238510e+00 -1.111202e+02 -1.259383e+02
    endloop
  endfacet
  facet normal 0.000000e+00 -0.000000e+00 1.000000e+00
    outer loop
      vertex   1.453078e+00 -1.179545e+02 -1.259383e+02
      vertex   2.368582e+00 -1.147979e+02 -1.259383e+02
      vertex   4.286417e-01 -1.121447e+02 -1.259383e+02
    endloop
  endfacet
  facet normal 0.000000e+00 0.000000e+00 1.000000e+00
    outer loop
      vertex   4.286417e-01 -1.121447e+02 -1.259383e+02
      vertex   2.368582e+00 -1.147979e+02 -1.259383e+02
      vertex   2.351502e+00 -1.144067e+02 -1.259383e+02
    endloop
  endfacet
  facet normal 0.000000e+00 0.000000e+00 1.000000e+00
    outer loop
      vertex   4.286417e-01 -1.121447e+02 -1.259383e+02
      vertex   2.351502e+00 -1.144067e+02 -1.259383e+02
      vertex   2.436255e+00 -1.140244e+02 -1.259383e+02
    endloop
  endfacet
  facet normal 0.000000e+00 0.000000e+00 1.000000e+00
    outer loop
      vertex   7.262947e+00 -1.169301e+02 -1.259383e+02
      vertex   4.106266e+00 -1.160146e+02 -1.259383e+02
      vertex   1.453078e+00 -1.179545e+02 -1.259383e+02
    endloop
  endfacet
  facet normal 0.000000e+00 0.000000e+00 1.000000e+00
    outer loop
      vertex   1.453078e+00 -1.179545e+02 -1.259383e+02
      vertex   4.106266e+00 -1.160146e+02 -1.259383e+02
      vertex   3.715061e+00 -1.160317e+02 -1.259383e+02
    endloop
  endfacet
  facet normal 0.000000e+00 0.000000e+00 1.000000e+00
    outer loop
      vertex   1.453078e+00 -1.179545e+02 -1.259383e+02
      vertex   3.715061e+00 -1.160317e+02 -1.259383e+02
      vertex   3.332764e+00 -1.159469e+02 -1.259383e+02
    endloop
  endfacet
  facet normal 0.000000e+00 0.000000e+00 1.000000e+00
    outer loop
      vertex   6.238510e+00 -1.111202e+02 -1.259383e+02
      vertex   5.323006e+00 -1.142769e+02 -1.259383e+02
      vertex   7.262947e+00 -1.169301e+02 -1.259383e+02
    endloop
  endfacet
  facet normal 0.000000e+00 0.000000e+00 1.000000e+00
    outer loop
      vertex   7.262947e+00 -1.169301e+02 -1.259383e+02
      vertex   5.323006e+00 -1.142769e+02 -1.259383e+02
      vertex   5.340086e+00 -1.146681e+02 -1.259383e+02
    endloop
  endfacet
  facet normal 0.000000e+00 0.000000e+00 1.000000e+00
    outer loop
      vertex   7.262947e+00 -1.169301e+02 -1.259383e+02
      vertex   5.340086e+00 -1.146681e+02 -1.259383e+02
      vertex   5.255333e+00 -1.150504e+02 -1.259383e+02
    endloop
  endfacet
  facet normal -0.000000e+00 0.000000e+00 1.000000e+00
    outer loop
      vertex   4.286417e-01 -1.121447e+02 -1.259383e+02
      vertex   3.585322e+00 -1.130602e+02 -1.259383e+02
      vertex   6.238510e+00 -1.111202e+02 -1.259383e+02
    endloop
  endfacet
  facet normal 0.000000e+00 0.000000e+00 1.000000e+00
    outer loop
      vertex   6.238510e+00 -1.111202e+02 -1.259383e+02
      vertex   3.585322e+00 -1.130602e+02 -1.259383e+02
      vertex   3.976528e+00 -1.130431e+02 -1.259383e+02
    endloop
  endfacet
  facet normal 0.000000e+00 0.000000e+00 1.000000e+00
    outer loop
      vertex   6.238510e+00 -1.111202e+02 -1.259383e+02
      vertex   3.976528e+00 -1.130431e+02 -1.259383e+02
      vertex   4.358824e+00 -1.131279e+02 -1.259383e+02
    endloop
  endfacet
  facet normal 0.000000e+00 0.000000e+00 1.000000e+00
    outer loop
      vertex   3.332764e+00 -1.159469e+02 -1.259383e+02
      vertex   2.985429e+00 -1.157661e+02 -1.259383e+02
      vertex   1.453078e+00 -1.179545e+02 -1.259383e+02
    endloop
  endfacet
  facet normal 0.000000e+00 0.000000e+00 1.000000e+00
    outer loop
      vertex   1.453078e+00 -1.179545e+02 -1.259383e+02
      vertex   2.985429e+00 -1.157661e+02 -1.259383e+02
      vertex   2.696727e+00 -1.155016e+02 -1.259383e+02
    endloop
  endfacet
  facet normal 0.000000e+00 0.000000e+00 1.000000e+00
    outer loop
      vertex   1.453078e+00 -1.179545e+02 -1.259383e+02
      vertex   2.696727e+00 -1.155016e+02 -1.259383e+02
      vertex   2.486332e+00 -1.151713e+02 -1.259383e+02
    endloop
  endfacet
  facet normal 0.000000e+00 0.000000e+00 1.000000e+00
    outer loop
      vertex   2.486332e+00 -1.151713e+02 -1.259383e+02
      vertex   2.368582e+00 -1.147979e+02 -1.259383e+02
      vertex   1.453078e+00 -1.179545e+02 -1.259383e+02
    endloop
  endfacet
  facet normal 0.000000e+00 -0.000000e+00 1.000000e+00
    outer loop
      vertex   2.436255e+00 -1.140244e+02 -1.259383e+02
      vertex   2.617066e+00 -1.136770e+02 -1.259383e+02
      vertex   4.286417e-01 -1.121447e+02 -1.259383e+02
    endloop
  endfacet
  facet normal 0.000000e+00 0.000000e+00 1.000000e+00
    outer loop
      vertex   4.286417e-01 -1.121447e+02 -1.259383e+02
      vertex   2.617066e+00 -1.136770e+02 -1.259383e+02
      vertex   2.881613e+00 -1.133883e+02 -1.259383e+02
    endloop
  endfacet
  facet normal 0.000000e+00 0.000000e+00 1.000000e+00
    outer loop
      vertex   4.286417e-01 -1.121447e+02 -1.259383e+02
      vertex   2.881613e+00 -1.133883e+02 -1.259383e+02
      vertex   3.211867e+00 -1.131779e+02 -1.259383e+02
    endloop
  endfacet
  facet normal 0.000000e+00 -0.000000e+00 1.000000e+00
    outer loop
      vertex   3.211867e+00 -1.131779e+02 -1.259383e+02
      vertex   3.585322e+00 -1.130602e+02 -1.259383e+02
      vertex   4.286417e-01 -1.121447e+02 -1.259383e+02
    endloop
  endfacet
  facet normal -0.000000e+00 0.000000e+00 1.000000e+00
    outer loop
      vertex   4.358824e+00 -1.131279e+02 -1.259383e+02
      vertex   4.706159e+00 -1.133087e+02 -1.259383e+02
      vertex   6.238510e+00 -1.111202e+02 -1.259383e+02
    endloop
  endfacet
  facet normal 0.000000e+00 0.000000e+00 1.000000e+00
    outer loop
      vertex   6.238510e+00 -1.111202e+02 -1.259383e+02
      vertex   4.706159e+00 -1.133087e+02 -1.259383e+02
      vertex   4.994861e+00 -1.135732e+02 -1.259383e+02
    endloop
  endfacet
  facet normal 0.000000e+00 0.000000e+00 1.000000e+00
    outer loop
      vertex   6.238510e+00 -1.111202e+02 -1.259383e+02
      vertex   4.994861e+00 -1.135732e+02 -1.259383e+02
      vertex   5.205256e+00 -1.139035e+02 -1.259383e+02
    endloop
  endfacet
  facet normal -0.000000e+00 0.000000e+00 1.000000e+00
    outer loop
      vertex   5.205256e+00 -1.139035e+02 -1.259383e+02
      vertex   5.323006e+00 -1.142769e+02 -1.259383e+02
      vertex   6.238510e+00 -1.111202e+02 -1.259383e+02
    endloop
  endfacet
  facet normal 0.000000e+00 0.000000e+00 1.000000e+00
    outer loop
      vertex   5.255333e+00 -1.150504e+02 -1.259383e+02
      vertex   5.074522e+00 -1.153978e+02 -1.259383e+02
      vertex   7.262947e+00 -1.169301e+02 -1.259383e+02
    endloop
  endfacet
  facet normal 0.000000e+00 0.000000e+00 1.000000e+00
    outer loop
      vertex   7.262947e+00 -1.169301e+02 -1.259383e+02
      vertex   5.074522e+00 -1.153978e+02 -1.259383e+02
      vertex   4.809976e+00 -1.156865e+02 -1.259383e+02
    endloop
  endfacet
  facet normal 0.000000e+00 0.000000e+00 1.000000e+00
    outer loop
      vertex   7.262947e+00 -1.169301e+02 -1.259383e+02
      vertex   4.809976e+00 -1.156865e+02 -1.259383e+02
      vertex   4.479722e+00 -1.158969e+02 -1.259383e+02
    endloop
  endfacet
  facet normal 0.000000e+00 0.000000e+00 1.000000e+00
    outer loop
      vertex   4.479722e+00 -1.158969e+02 -1.259383e+02
      vertex   4.106266e+00 -1.160146e+02 -1.259383e+02
      vertex   7.262947e+00 -1.169301e+02 -1.259383e+02
    endloop
  endfacet
  facet normal 9.848078e-01 1.736482e-01 2.186712e-15
    outer loop
      vertex   4.286417e-01 -1.121447e+02 -1.259383e+02
      vertex   4.286417e-01 -1.121447e+02 -1.239383e+02
      vertex   1.453078e+00 -1.179545e+02 -1.259383e+02
    endloop
  endfacet
  facet normal 9.848078e-01 1.736482e-01 -1.233845e-15
    outer loop
      vertex   1.453078e+00 -1.179545e+02 -1.259383e+02
      vertex   4.286417e-01 -1.121447e+02 -1.239383e+02
      vertex   1.453078e+00 -1.179545e+02 -1.239383e+02
    endloop
  endfacet
  facet normal -1.114689e-01 9.937679e-01 3.630158e-16
    outer loop
      vertex   4.334292e+00 -1.245255e+02 -1.429383e+02
      vertex   4.334292e+00 -1.245255e+02 -1.279383e+02
      vertex   5.582276e+00 -1.243855e+02 -1.429383e+02
    endloop
  endfacet
  facet normal -1.114689e-01 9.937679e-01 1.320057e-16
    outer loop
      vertex   5.582276e+00 -1.243855e+02 -1.429383e+02
      vertex   4.334292e+00 -1.245255e+02 -1.279383e+02
      vertex   5.582276e+00 -1.243855e+02 -1.279383e+02
    endloop
  endfacet
  facet normal -2.351421e-01 9.719610e-01 2.784642e-16
    outer loop
      vertex   5.582276e+00 -1.243855e+02 -1.429383e+02
      vertex   5.582276e+00 -1.243855e+02 -1.279383e+02
      vertex   6.802875e+00 -1.240902e+02 -1.429383e+02
    endloop
  endfacet
  facet normal -2.351421e-01 9.719610e-01 1.672680e-15
    outer loop
      vertex   6.802875e+00 -1.240902e+02 -1.429383e+02
      vertex   5.582276e+00 -1.243855e+02 -1.279383e+02
      vertex   6.802875e+00 -1.240902e+02 -1.279383e+02
    endloop
  endfacet
  facet normal -3.551070e-01 9.348257e-01 2.021079e-15
    outer loop
      vertex   6.802875e+00 -1.240902e+02 -1.429383e+02
      vertex   6.802875e+00 -1.240902e+02 -1.279383e+02
      vertex   7.976838e+00 -1.236442e+02 -1.429383e+02
    endloop
  endfacet
  facet normal -3.551070e-01 9.348257e-01 1.936973e-15
    outer loop
      vertex   7.976838e+00 -1.236442e+02 -1.429383e+02
      vertex   6.802875e+00 -1.240902e+02 -1.279383e+02
      vertex   7.976838e+00 -1.236442e+02 -1.279383e+02
    endloop
  endfacet
  facet normal -4.694716e-01 8.829476e-01 2.226411e-15
    outer loop
      vertex   7.976838e+00 -1.236442e+02 -1.429383e+02
      vertex   7.976838e+00 -1.236442e+02 -1.279383e+02
      vertex   9.085653e+00 -1.230547e+02 -1.429383e+02
    endloop
  endfacet
  facet normal -4.694716e-01 8.829476e-01 1.334318e-15
    outer loop
      vertex   9.085653e+00 -1.230547e+02 -1.429383e+02
      vertex   7.976838e+00 -1.236442e+02 -1.279383e+02
      vertex   9.085653e+00 -1.230547e+02 -1.279383e+02
    endloop
  endfacet
  facet normal -5.764323e-01 8.171449e-01 1.638319e-15
    outer loop
      vertex   9.085653e+00 -1.230547e+02 -1.429383e+02
      vertex   9.085653e+00 -1.230547e+02 -1.279383e+02
      vertex   1.011183e+01 -1.223308e+02 -1.429383e+02
    endloop
  endfacet
  facet normal -5.764323e-01 8.171449e-01 -4.651774e-17
    outer loop
      vertex   1.011183e+01 -1.223308e+02 -1.429383e+02
      vertex   9.085653e+00 -1.230547e+02 -1.279383e+02
      vertex   1.011183e+01 -1.223308e+02 -1.279383e+02
    endloop
  endfacet
  facet normal -6.743024e-01 7.384553e-01 3.575649e-16
    outer loop
      vertex   1.011183e+01 -1.223308e+02 -1.429383e+02
      vertex   1.011183e+01 -1.223308e+02 -1.279383e+02
      vertex   1.103919e+01 -1.214840e+02 -1.429383e+02
    endloop
  endfacet
  facet normal -6.743024e-01 7.384553e-01 -5.017474e-16
    outer loop
      vertex   1.103919e+01 -1.214840e+02 -1.429383e+02
      vertex   1.011183e+01 -1.223308e+02 -1.279383e+02
      vertex   1.103919e+01 -1.214840e+02 -1.279383e+02
    endloop
  endfacet
  facet normal -7.615383e-01 6.481199e-01 -3.838251e-17
    outer loop
      vertex   1.103919e+01 -1.214840e+02 -1.429383e+02
      vertex   1.103919e+01 -1.214840e+02 -1.279383e+02
      vertex   1.185311e+01 -1.205276e+02 -1.429383e+02
    endloop
  endfacet
  facet normal -7.615383e-01 6.481199e-01 1.623317e-15
    outer loop
      vertex   1.185311e+01 -1.205276e+02 -1.429383e+02
      vertex   1.103919e+01 -1.214840e+02 -1.279383e+02
      vertex   1.185311e+01 -1.205276e+02 -1.279383e+02
    endloop
  endfacet
  facet normal -8.367643e-01 5.475632e-01 1.783670e-15
    outer loop
      vertex   1.185311e+01 -1.205276e+02 -1.429383e+02
      vertex   1.185311e+01 -1.205276e+02 -1.279383e+02
      vertex   1.254074e+01 -1.194768e+02 -1.429383e+02
    endloop
  endfacet
  facet normal -8.367643e-01 5.475632e-01 9.676359e-16
    outer loop
      vertex   1.254074e+01 -1.194768e+02 -1.429383e+02
      vertex   1.185311e+01 -1.205276e+02 -1.279383e+02
      vertex   1.254074e+01 -1.194768e+02 -1.279383e+02
    endloop
  endfacet
  facet normal -8.987940e-01 4.383711e-01 1.181270e-15
    outer loop
      vertex   1.254074e+01 -1.194768e+02 -1.429383e+02
      vertex   1.254074e+01 -1.194768e+02 -1.279383e+02
      vertex   1.309125e+01 -1.183481e+02 -1.429383e+02
    endloop
  endfacet
  facet normal -8.987940e-01 4.383711e-01 9.683932e-16
    outer loop
      vertex   1.309125e+01 -1.183481e+02 -1.429383e+02
      vertex   1.254074e+01 -1.194768e+02 -1.279383e+02
      vertex   1.309125e+01 -1.183481e+02 -1.279383e+02
    endloop
  endfacet
  facet normal -9.466493e-01 3.222657e-01 1.152064e-15
    outer loop
      vertex   1.309125e+01 -1.183481e+02 -1.429383e+02
      vertex   1.309125e+01 -1.183481e+02 -1.279383e+02
      vertex   1.349596e+01 -1.171593e+02 -1.429383e+02
    endloop
  endfacet
  facet normal -9.466493e-01 3.222657e-01 8.157465e-16
    outer loop
      vertex   1.349596e+01 -1.171593e+02 -1.429383e+02
      vertex   1.309125e+01 -1.183481e+02 -1.279383e+02
      vertex   1.349596e+01 -1.171593e+02 -1.279383e+02
    endloop
  endfacet
  facet normal -9.795752e-01 2.010779e-01 9.695509e-16
    outer loop
      vertex   1.349596e+01 -1.171593e+02 -1.429383e+02
      vertex   1.349596e+01 -1.171593e+02 -1.279383e+02
      vertex   1.374847e+01 -1.159291e+02 -1.429383e+02
    endloop
  endfacet
  facet normal -9.795752e-01 2.010779e-01 5.885523e-16
    outer loop
      vertex   1.374847e+01 -1.159291e+02 -1.429383e+02
      vertex   1.349596e+01 -1.171593e+02 -1.279383e+02
      vertex   1.374847e+01 -1.159291e+02 -1.279383e+02
    endloop
  endfacet
  facet normal -9.970528e-01 7.671903e-02 9.626991e-16
    outer loop
      vertex   1.374847e+01 -1.159291e+02 -1.429383e+02
      vertex   1.374847e+01 -1.159291e+02 -1.279383e+02
      vertex   1.384482e+01 -1.146770e+02 -1.429383e+02
    endloop
  endfacet
  facet normal -9.970528e-01 7.671903e-02 4.904000e-16
    outer loop
      vertex   1.384482e+01 -1.146770e+02 -1.429383e+02
      vertex   1.374847e+01 -1.159291e+02 -1.279383e+02
      vertex   1.384482e+01 -1.146770e+02 -1.279383e+02
    endloop
  endfacet
  facet normal -9.988061e-01 -4.884977e-02 8.485338e-16
    outer loop
      vertex   1.384482e+01 -1.146770e+02 -1.429383e+02
      vertex   1.384482e+01 -1.146770e+02 -1.279383e+02
      vertex   1.378347e+01 -1.134227e+02 -1.429383e+02
    endloop
  endfacet
  facet normal -9.988061e-01 -4.884977e-02 4.474068e-16
    outer loop
      vertex   1.378347e+01 -1.134227e+02 -1.429383e+02
      vertex   1.384482e+01 -1.146770e+02 -1.279383e+02
      vertex   1.378347e+01 -1.134227e+02 -1.279383e+02
    endloop
  endfacet
  facet normal -9.848078e-01 -1.736482e-01 6.788992e-16
    outer loop
      vertex   1.378347e+01 -1.134227e+02 -1.429383e+02
      vertex   1.378347e+01 -1.134227e+02 -1.279383e+02
      vertex   1.356540e+01 -1.121860e+02 -1.429383e+02
    endloop
  endfacet
  facet normal -9.848078e-01 -1.736482e-01 3.290252e-16
    outer loop
      vertex   1.356540e+01 -1.121860e+02 -1.429383e+02
      vertex   1.378347e+01 -1.134227e+02 -1.279383e+02
      vertex   1.356540e+01 -1.121860e+02 -1.279383e+02
    endloop
  endfacet
  facet normal -9.552784e-01 -2.957081e-01 5.603019e-16
    outer loop
      vertex   1.356540e+01 -1.121860e+02 -1.429383e+02
      vertex   1.356540e+01 -1.121860e+02 -1.279383e+02
      vertex   1.319405e+01 -1.109863e+02 -1.429383e+02
    endloop
  endfacet
  facet normal -9.552784e-01 -2.957081e-01 5.389558e-17
    outer loop
      vertex   1.319405e+01 -1.109863e+02 -1.429383e+02
      vertex   1.356540e+01 -1.121860e+02 -1.279383e+02
      vertex   1.319405e+01 -1.109863e+02 -1.279383e+02
    endloop
  endfacet
  facet normal -9.106837e-01 -4.131044e-01 1.756779e-16
    outer loop
      vertex   1.319405e+01 -1.109863e+02 -1.429383e+02
      vertex   1.319405e+01 -1.109863e+02 -1.279383e+02
      vertex   1.267527e+01 -1.098427e+02 -1.429383e+02
    endloop
  endfacet
  facet normal -9.106837e-01 -4.131044e-01 -1.478619e-16
    outer loop
      vertex   1.267527e+01 -1.098427e+02 -1.429383e+02
      vertex   1.319405e+01 -1.109863e+02 -1.279383e+02
      vertex   1.267527e+01 -1.098427e+02 -1.279383e+02
    endloop
  endfacet
  facet normal -8.517269e-01 -5.239859e-01 -7.904483e-18
    outer loop
      vertex   1.267527e+01 -1.098427e+02 -1.429383e+02
      vertex   1.267527e+01 -1.098427e+02 -1.279383e+02
      vertex   1.201724e+01 -1.087731e+02 -1.429383e+02
    endloop
  endfacet
  facet normal -8.517269e-01 -5.239859e-01 -3.104987e-16
    outer loop
      vertex   1.201724e+01 -1.087731e+02 -1.429383e+02
      vertex   1.267527e+01 -1.098427e+02 -1.279383e+02
      vertex   1.201724e+01 -1.087731e+02 -1.279383e+02
    endloop
  endfacet
  facet normal -7.793380e-01 -6.266038e-01 -1.446989e-16
    outer loop
      vertex   1.201724e+01 -1.087731e+02 -1.429383e+02
      vertex   1.201724e+01 -1.087731e+02 -1.279383e+02
      vertex   1.123035e+01 -1.077944e+02 -1.429383e+02
    endloop
  endfacet
  facet normal -7.793380e-01 -6.266038e-01 -3.292832e-16
    outer loop
      vertex   1.123035e+01 -1.077944e+02 -1.429383e+02
      vertex   1.201724e+01 -1.087731e+02 -1.279383e+02
      vertex   1.123035e+01 -1.077944e+02 -1.279383e+02
    endloop
  endfacet
  facet normal -6.946584e-01 -7.193398e-01 -1.411452e-16
    outer loop
      vertex   1.123035e+01 -1.077944e+02 -1.429383e+02
      vertex   1.123035e+01 -1.077944e+02 -1.279383e+02
      vertex   1.032699e+01 -1.069220e+02 -1.429383e+02
    endloop
  endfacet
  facet normal -6.946584e-01 -7.193398e-01 3.758222e-16
    outer loop
      vertex   1.032699e+01 -1.069220e+02 -1.429383e+02
      vertex   1.123035e+01 -1.077944e+02 -1.279383e+02
      vertex   1.032699e+01 -1.069220e+02 -1.279383e+02
    endloop
  endfacet
  facet normal -5.990236e-01 -8.007314e-01 6.659466e-16
    outer loop
      vertex   1.032699e+01 -1.069220e+02 -1.429383e+02
      vertex   1.032699e+01 -1.069220e+02 -1.279383e+02
      vertex   9.321426e+00 -1.061698e+02 -1.429383e+02
    endloop
  endfacet
  facet normal -5.990236e-01 -8.007314e-01 -1.751746e-15
    outer loop
      vertex   9.321426e+00 -1.061698e+02 -1.429383e+02
      vertex   1.032699e+01 -1.069220e+02 -1.279383e+02
      vertex   9.321426e+00 -1.061698e+02 -1.279383e+02
    endloop
  endfacet
  facet normal -4.939419e-01 -8.694949e-01 -1.642674e-15
    outer loop
      vertex   9.321426e+00 -1.061698e+02 -1.429383e+02
      vertex   9.321426e+00 -1.061698e+02 -1.279383e+02
      vertex   8.229506e+00 -1.055495e+02 -1.429383e+02
    endloop
  endfacet
  facet normal -4.939419e-01 -8.694949e-01 -8.774170e-16
    outer loop
      vertex   8.229506e+00 -1.055495e+02 -1.429383e+02
      vertex   9.321426e+00 -1.061698e+02 -1.279383e+02
      vertex   8.229506e+00 -1.055495e+02 -1.279383e+02
    endloop
  endfacet
  facet normal -3.810704e-01 -9.245460e-01 -6.769170e-16
    outer loop
      vertex   8.229506e+00 -1.055495e+02 -1.429383e+02
      vertex   8.229506e+00 -1.055495e+02 -1.279383e+02
      vertex   7.068451e+00 -1.050709e+02 -1.429383e+02
    endloop
  endfacet
  facet normal -3.810704e-01 -9.245460e-01 -7.220448e-16
    outer loop
      vertex   7.068451e+00 -1.050709e+02 -1.429383e+02
      vertex   8.229506e+00 -1.055495e+02 -1.279383e+02
      vertex   7.068451e+00 -1.050709e+02 -1.279383e+02
    endloop
  endfacet
  facet normal -2.621892e-01 -9.650165e-01 -4.967910e-16
    outer loop
      vertex   7.068451e+00 -1.050709e+02 -1.429383e+02
      vertex   7.068451e+00 -1.050709e+02 -1.279383e+02
      vertex   5.856573e+00 -1.047416e+02 -1.429383e+02
    endloop
  endfacet
  facet normal -2.621892e-01 -9.650165e-01 -1.442088e-15
    outer loop
      vertex   5.856573e+00 -1.047416e+02 -1.429383e+02
      vertex   7.068451e+00 -1.050709e+02 -1.279383e+02
      vertex   5.856573e+00 -1.047416e+02 -1.279383e+02
    endloop
  endfacet
  facet normal -1.391731e-01 -9.902681e-01 -1.218354e-15
    outer loop
      vertex   5.856573e+00 -1.047416e+02 -1.429383e+02
      vertex   5.856573e+00 -1.047416e+02 -1.279383e+02
      vertex   4.612984e+00 -1.045669e+02 -1.429383e+02
    endloop
  endfacet
  facet normal -1.391731e-01 -9.902681e-01 -1.226595e-15
    outer loop
      vertex   4.612984e+00 -1.045669e+02 -1.429383e+02
      vertex   5.856573e+00 -1.047416e+02 -1.279383e+02
      vertex   4.612984e+00 -1.045669e+02 -1.279383e+02
    endloop
  endfacet
  facet normal -1.396218e-02 -9.999025e-01 -9.762334e-16
    outer loop
      vertex   4.612984e+00 -1.045669e+02 -1.429383e+02
      vertex   4.612984e+00 -1.045669e+02 -1.279383e+02
      vertex   3.357296e+00 -1.045493e+02 -1.429383e+02
    endloop
  endfacet
  facet normal -1.396218e-02 -9.999025e-01 -2.870416e-15
    outer loop
      vertex   3.357296e+00 -1.045493e+02 -1.429383e+02
      vertex   4.612984e+00 -1.045669e+02 -1.279383e+02
      vertex   3.357296e+00 -1.045493e+02 -1.279383e+02
    endloop
  endfacet
  facet normal 1.114689e-01 -9.937679e-01 -2.596748e-15
    outer loop
      vertex   3.357296e+00 -1.045493e+02 -1.429383e+02
      vertex   3.357296e+00 -1.045493e+02 -1.279383e+02
      vertex   2.109312e+00 -1.046893e+02 -1.429383e+02
    endloop
  endfacet
  facet normal 1.114689e-01 -9.937679e-01 -7.137762e-16
    outer loop
      vertex   2.109312e+00 -1.046893e+02 -1.429383e+02
      vertex   3.357296e+00 -1.045493e+02 -1.279383e+02
      vertex   2.109312e+00 -1.046893e+02 -1.279383e+02
    endloop
  endfacet
  facet normal 2.351421e-01 -9.719610e-01 -4.404757e-16
    outer loop
      vertex   2.109312e+00 -1.046893e+02 -1.429383e+02
      vertex   2.109312e+00 -1.046893e+02 -1.279383e+02
      vertex   8.887136e-01 -1.049846e+02 -1.429383e+02
    endloop
  endfacet
  facet normal 2.351421e-01 -9.719610e-01 -1.382187e-15
    outer loop
      vertex   8.887136e-01 -1.049846e+02 -1.429383e+02
      vertex   2.109312e+00 -1.046893e+02 -1.279383e+02
      vertex   8.887136e-01 -1.049846e+02 -1.279383e+02
    endloop
  endfacet
  facet normal 3.551070e-01 -9.348257e-01 -1.077413e-15
    outer loop
      vertex   8.887136e-01 -1.049846e+02 -1.429383e+02
      vertex   8.887136e-01 -1.049846e+02 -1.279383e+02
      vertex   -2.852502e-01 -1.054306e+02 -1.429383e+02
    endloop
  endfacet
  facet normal 3.551070e-01 -9.348257e-01 -2.351357e-16
    outer loop
      vertex   -2.852502e-01 -1.054306e+02 -1.429383e+02
      vertex   8.887136e-01 -1.049846e+02 -1.279383e+02
      vertex   -2.852502e-01 -1.054306e+02 -1.279383e+02
    endloop
  endfacet
  facet normal 4.694716e-01 -8.829476e-01 2.351393e-17
    outer loop
      vertex   -2.852502e-01 -1.054306e+02 -1.429383e+02
      vertex   -2.852502e-01 -1.054306e+02 -1.279383e+02
      vertex   -1.394065e+00 -1.060201e+02 -1.429383e+02
    endloop
  endfacet
  facet normal 4.694716e-01 -8.829476e-01 -8.807404e-16
    outer loop
      vertex   -1.394065e+00 -1.060201e+02 -1.429383e+02
      vertex   -2.852502e-01 -1.054306e+02 -1.279383e+02
      vertex   -1.394065e+00 -1.060201e+02 -1.279383e+02
    endloop
  endfacet
  facet normal 5.764323e-01 -8.171449e-01 -5.755583e-16
    outer loop
      vertex   -1.394065e+00 -1.060201e+02 -1.429383e+02
      vertex   -1.394065e+00 -1.060201e+02 -1.279383e+02
      vertex   -2.420244e+00 -1.067440e+02 -1.429383e+02
    endloop
  endfacet
  facet normal 5.764323e-01 -8.171449e-01 -2.226264e-15
    outer loop
      vertex   -2.420244e+00 -1.067440e+02 -1.429383e+02
      vertex   -1.394065e+00 -1.060201e+02 -1.279383e+02
      vertex   -2.420244e+00 -1.067440e+02 -1.279383e+02
    endloop
  endfacet
  facet normal 6.743024e-01 -7.384553e-01 -1.780290e-15
    outer loop
      vertex   -2.420244e+00 -1.067440e+02 -1.429383e+02
      vertex   -2.420244e+00 -1.067440e+02 -1.279383e+02
      vertex   -3.347604e+00 -1.075908e+02 -1.429383e+02
    endloop
  endfacet
  facet normal 6.743024e-01 -7.384553e-01 -1.920034e-15
    outer loop
      vertex   -3.347604e+00 -1.075908e+02 -1.429383e+02
      vertex   -2.420244e+00 -1.067440e+02 -1.279383e+02
      vertex   -3.347604e+00 -1.075908e+02 -1.279383e+02
    endloop
  endfacet
  facet normal 7.615383e-01 -6.481199e-01 -1.464063e-15
    outer loop
      vertex   -3.347604e+00 -1.075908e+02 -1.429383e+02
      vertex   -3.347604e+00 -1.075908e+02 -1.279383e+02
      vertex   -4.161520e+00 -1.085472e+02 -1.429383e+02
    endloop
  endfacet
  facet normal 7.615383e-01 -6.481199e-01 -1.030409e-15
    outer loop
      vertex   -4.161520e+00 -1.085472e+02 -1.429383e+02
      vertex   -3.347604e+00 -1.075908e+02 -1.279383e+02
      vertex   -4.161520e+00 -1.085472e+02 -1.279383e+02
    endloop
  endfacet
  facet normal 8.367643e-01 -5.475632e-01 -6.644331e-16
    outer loop
      vertex   -4.161520e+00 -1.085472e+02 -1.429383e+02
      vertex   -4.161520e+00 -1.085472e+02 -1.279383e+02
      vertex   -4.849155e+00 -1.095980e+02 -1.429383e+02
    endloop
  endfacet
  facet normal 8.367643e-01 -5.475632e-01 -1.430921e-15
    outer loop
      vertex   -4.849155e+00 -1.095980e+02 -1.429383e+02
      vertex   -4.161520e+00 -1.085472e+02 -1.279383e+02
      vertex   -4.849155e+00 -1.095980e+02 -1.279383e+02
    endloop
  endfacet
  facet normal 8.987940e-01 -4.383711e-01 -9.693834e-16
    outer loop
      vertex   -4.849155e+00 -1.095980e+02 -1.429383e+02
      vertex   -4.849155e+00 -1.095980e+02 -1.279383e+02
      vertex   -5.399666e+00 -1.107267e+02 -1.429383e+02
    endloop
  endfacet
  facet normal 8.987940e-01 -4.383711e-01 -1.341919e-15
    outer loop
      vertex   -5.399666e+00 -1.107267e+02 -1.429383e+02
      vertex   -4.849155e+00 -1.095980e+02 -1.279383e+02
      vertex   -5.399666e+00 -1.107267e+02 -1.279383e+02
    endloop
  endfacet
  facet normal 9.466493e-01 -3.222657e-01 -8.849282e-16
    outer loop
      vertex   -5.399666e+00 -1.107267e+02 -1.429383e+02
      vertex   -5.399666e+00 -1.107267e+02 -1.279383e+02
      vertex   -5.804371e+00 -1.119155e+02 -1.429383e+02
    endloop
  endfacet
  facet normal 9.466493e-01 -3.222657e-01 -1.053087e-15
    outer loop
      vertex   -5.804371e+00 -1.119155e+02 -1.429383e+02
      vertex   -5.399666e+00 -1.107267e+02 -1.279383e+02
      vertex   -5.804371e+00 -1.119155e+02 -1.279383e+02
    endloop
  endfacet
  facet normal 9.795752e-01 -2.010779e-01 -5.879896e-16
    outer loop
      vertex   -5.804371e+00 -1.119155e+02 -1.429383e+02
      vertex   -5.804371e+00 -1.119155e+02 -1.279383e+02
      vertex   -6.056887e+00 -1.131457e+02 -1.429383e+02
    endloop
  endfacet
  facet normal 9.795752e-01 -2.010779e-01 -1.010499e-15
    outer loop
      vertex   -6.056887e+00 -1.131457e+02 -1.429383e+02
      vertex   -5.804371e+00 -1.119155e+02 -1.279383e+02
      vertex   -6.056887e+00 -1.131457e+02 -1.279383e+02
    endloop
  endfacet
  facet normal 9.970528e-01 -7.671903e-02 -4.224517e-16
    outer loop
      vertex   -6.056887e+00 -1.131457e+02 -1.429383e+02
      vertex   -6.056887e+00 -1.131457e+02 -1.279383e+02
      vertex   -6.153231e+00 -1.143978e+02 -1.429383e+02
    endloop
  endfacet
  facet normal 9.970528e-01 -7.671903e-02 -8.811053e-16
    outer loop
      vertex   -6.153231e+00 -1.143978e+02 -1.429383e+02
      vertex   -6.056887e+00 -1.131457e+02 -1.279383e+02
      vertex   -6.153231e+00 -1.143978e+02 -1.279383e+02
    endloop
  endfacet
  facet normal 9.988061e-01 4.884977e-02 -4.062928e-16
    outer loop
      vertex   -6.153231e+00 -1.143978e+02 -1.429383e+02
      vertex   -6.153231e+00 -1.143978e+02 -1.279383e+02
      vertex   -6.091885e+00 -1.156521e+02 -1.429383e+02
    endloop
  endfacet
  facet normal 9.988061e-01 4.884977e-02 -7.019989e-16
    outer loop
      vertex   -6.091885e+00 -1.156521e+02 -1.429383e+02
      vertex   -6.153231e+00 -1.143978e+02 -1.279383e+02
      vertex   -6.091885e+00 -1.156521e+02 -1.279383e+02
    endloop
  endfacet
  facet normal 9.848078e-01 1.736482e-01 -2.166346e-16
    outer loop
      vertex   -6.091885e+00 -1.156521e+02 -1.429383e+02
      vertex   -6.091885e+00 -1.156521e+02 -1.279383e+02
      vertex   -5.873816e+00 -1.168888e+02 -1.429383e+02
    endloop
  endfacet
  facet normal 9.848078e-01 1.736482e-01 -5.665086e-16
    outer loop
      vertex   -5.873816e+00 -1.168888e+02 -1.429383e+02
      vertex   -6.091885e+00 -1.156521e+02 -1.279383e+02
      vertex   -5.873816e+00 -1.168888e+02 -1.279383e+02
    endloop
  endfacet
  facet normal 9.552784e-01 2.957081e-01 -6.723691e-17
    outer loop
      vertex   -5.873816e+00 -1.168888e+02 -1.429383e+02
      vertex   -5.873816e+00 -1.168888e+02 -1.279383e+02
      vertex   -5.502463e+00 -1.180885e+02 -1.429383e+02
    endloop
  endfacet
  facet normal 9.552784e-01 2.957081e-01 -2.934923e-16
    outer loop
      vertex   -5.502463e+00 -1.180885e+02 -1.429383e+02
      vertex   -5.873816e+00 -1.168888e+02 -1.279383e+02
      vertex   -5.502463e+00 -1.180885e+02 -1.279383e+02
    endloop
  endfacet
  facet normal 9.106837e-01 4.131044e-01 2.174019e-16
    outer loop
      vertex   -5.502463e+00 -1.180885e+02 -1.429383e+02
      vertex   -5.502463e+00 -1.180885e+02 -1.279383e+02
      vertex   -4.983682e+00 -1.192321e+02 -1.429383e+02
    endloop
  endfacet
  facet normal 9.106837e-01 4.131044e-01 1.708698e-18
    outer loop
      vertex   -4.983682e+00 -1.192321e+02 -1.429383e+02
      vertex   -5.502463e+00 -1.180885e+02 -1.279383e+02
      vertex   -4.983682e+00 -1.192321e+02 -1.279383e+02
    endloop
  endfacet
  facet normal 8.517269e-01 5.239859e-01 5.231381e-16
    outer loop
      vertex   -4.983682e+00 -1.192321e+02 -1.429383e+02
      vertex   -4.983682e+00 -1.192321e+02 -1.279383e+02
      vertex   -4.325655e+00 -1.203017e+02 -1.429383e+02
    endloop
  endfacet
  facet normal 8.517269e-01 5.239859e-01 -3.161793e-17
    outer loop
      vertex   -4.325655e+00 -1.203017e+02 -1.429383e+02
      vertex   -4.983682e+00 -1.192321e+02 -1.279383e+02
      vertex   -4.325655e+00 -1.203017e+02 -1.279383e+02
    endloop
  endfacet
  facet normal 7.793380e-01 6.266038e-01 5.287104e-16
    outer loop
      vertex   -4.325655e+00 -1.203017e+02 -1.429383e+02
      vertex   -4.325655e+00 -1.203017e+02 -1.279383e+02
      vertex   -3.538759e+00 -1.212804e+02 -1.429383e+02
    endloop
  endfacet
  facet normal 7.793380e-01 6.266038e-01 5.287104e-16
    outer loop
      vertex   -3.538759e+00 -1.212804e+02 -1.429383e+02
      vertex   -4.325655e+00 -1.203017e+02 -1.279383e+02
      vertex   -3.538759e+00 -1.212804e+02 -1.279383e+02
    endloop
  endfacet
  facet normal 6.946584e-01 7.193398e-01 1.080701e-15
    outer loop
      vertex   -3.538759e+00 -1.212804e+02 -1.429383e+02
      vertex   -3.538759e+00 -1.212804e+02 -1.279383e+02
      vertex   -2.635405e+00 -1.221528e+02 -1.429383e+02
    endloop
  endfacet
  facet normal 6.946584e-01 7.193398e-01 1.080701e-15
    outer loop
      vertex   -2.635405e+00 -1.221528e+02 -1.429383e+02
      vertex   -3.538759e+00 -1.212804e+02 -1.279383e+02
      vertex   -2.635405e+00 -1.221528e+02 -1.279383e+02
    endloop
  endfacet
  facet normal 5.990236e-01 8.007314e-01 1.615648e-15
    outer loop
      vertex   -2.635405e+00 -1.221528e+02 -1.429383e+02
      vertex   -2.635405e+00 -1.221528e+02 -1.279383e+02
      vertex   -1.629838e+00 -1.229050e+02 -1.429383e+02
    endloop
  endfacet
  facet normal 5.990236e-01 8.007314e-01 -1.675825e-16
    outer loop
      vertex   -1.629838e+00 -1.229050e+02 -1.429383e+02
      vertex   -2.635405e+00 -1.221528e+02 -1.279383e+02
      vertex   -1.629838e+00 -1.229050e+02 -1.279383e+02
    endloop
  endfacet
  facet normal 4.939419e-01 8.694949e-01 2.582585e-16
    outer loop
      vertex   -1.629838e+00 -1.229050e+02 -1.429383e+02
      vertex   -1.629838e+00 -1.229050e+02 -1.279383e+02
      vertex   -5.379173e-01 -1.235253e+02 -1.429383e+02
    endloop
  endfacet
  facet normal 4.939419e-01 8.694949e-01 2.216995e-16
    outer loop
      vertex   -5.379173e-01 -1.235253e+02 -1.429383e+02
      vertex   -1.629838e+00 -1.229050e+02 -1.279383e+02
      vertex   -5.379173e-01 -1.235253e+02 -1.279383e+02
    endloop
  endfacet
  facet normal 3.810704e-01 9.245460e-01 6.518218e-16
    outer loop
      vertex   -5.379173e-01 -1.235253e+02 -1.429383e+02
      vertex   -5.379173e-01 -1.235253e+02 -1.279383e+02
      vertex   6.231372e-01 -1.240039e+02 -1.429383e+02
    endloop
  endfacet
  facet normal 3.810704e-01 9.245460e-01 1.316191e-15
    outer loop
      vertex   6.231372e-01 -1.240039e+02 -1.429383e+02
      vertex   -5.379173e-01 -1.235253e+02 -1.279383e+02
      vertex   6.231372e-01 -1.240039e+02 -1.279383e+02
    endloop
  endfacet
  facet normal 2.621892e-01 9.650165e-01 1.840368e-15
    outer loop
      vertex   6.231372e-01 -1.240039e+02 -1.429383e+02
      vertex   6.231372e-01 -1.240039e+02 -1.279383e+02
      vertex   1.835015e+00 -1.243331e+02 -1.429383e+02
    endloop
  endfacet
  facet normal 2.621892e-01 9.650165e-01 9.901598e-16
    outer loop
      vertex   1.835015e+00 -1.243331e+02 -1.429383e+02
      vertex   6.231372e-01 -1.240039e+02 -1.279383e+02
      vertex   1.835015e+00 -1.243331e+02 -1.279383e+02
    endloop
  endfacet
  facet normal 1.391731e-01 9.902681e-01 1.431343e-15
    outer loop
      vertex   1.835015e+00 -1.243331e+02 -1.429383e+02
      vertex   1.835015e+00 -1.243331e+02 -1.279383e+02
      vertex   3.078604e+00 -1.245079e+02 -1.429383e+02
    endloop
  endfacet
  facet normal 1.391731e-01 9.902681e-01 4.890521e-16
    outer loop
      vertex   3.078604e+00 -1.245079e+02 -1.429383e+02
      vertex   1.835015e+00 -1.243331e+02 -1.279383e+02
      vertex   3.078604e+00 -1.245079e+02 -1.279383e+02
    endloop
  endfacet
  facet normal 1.396218e-02 9.999025e-01 9.022413e-16
    outer loop
      vertex   3.078604e+00 -1.245079e+02 -1.429383e+02
      vertex   3.078604e+00 -1.245079e+02 -1.279383e+02
      vertex   4.334292e+00 -1.245255e+02 -1.429383e+02
    endloop
  endfacet
  facet normal 1.396218e-02 9.999025e-01 -4.546999e-17
    outer loop
      vertex   4.334292e+00 -1.245255e+02 -1.429383e+02
      vertex   3.078604e+00 -1.245079e+02 -1.279383e+02
      vertex   4.334292e+00 -1.245255e+02 -1.279383e+02
    endloop
  endfacet
  facet normal 9.355487e-15 -9.628438e-15 1.000000e+00
    outer loop
      vertex   1.626720e+01 -1.131378e+02 -1.239383e+02
      vertex   1.044022e+01 -1.173237e+02 -1.239383e+02
      vertex   1.634579e+01 -1.145374e+02 -1.239383e+02
    endloop
  endfacet
  facet normal 3.176926e-15 3.467007e-15 1.000000e+00
    outer loop
      vertex   1.634579e+01 -1.145374e+02 -1.239383e+02
      vertex   1.044022e+01 -1.173237e+02 -1.239383e+02
      vertex   1.072893e+01 -1.175882e+02 -1.239383e+02
    endloop
  endfacet
  facet normal -4.694015e-16 1.018019e-14 1.000000e+00
    outer loop
      vertex   1.634579e+01 -1.145374e+02 -1.239383e+02
      vertex   1.072893e+01 -1.175882e+02 -1.239383e+02
      vertex   1.626720e+01 -1.159370e+02 -1.239383e+02
    endloop
  endfacet
  facet normal 2.702863e-15 -4.592349e-16 1.000000e+00
    outer loop
      vertex   1.626720e+01 -1.159370e+02 -1.239383e+02
      vertex   1.072893e+01 -1.175882e+02 -1.239383e+02
      vertex   1.603239e+01 -1.173189e+02 -1.239383e+02
    endloop
  endfacet
  facet normal 2.595563e-15 1.653556e-15 1.000000e+00
    outer loop
      vertex   1.603239e+01 -1.173189e+02 -1.239383e+02
      vertex   1.072893e+01 -1.175882e+02 -1.239383e+02
      vertex   1.093932e+01 -1.179185e+02 -1.239383e+02
    endloop
  endfacet
  facet normal 2.888190e-15 -8.320732e-16 1.000000e+00
    outer loop
      vertex   1.603239e+01 -1.173189e+02 -1.239383e+02
      vertex   1.093932e+01 -1.179185e+02 -1.239383e+02
      vertex   1.564434e+01 -1.186659e+02 -1.239383e+02
    endloop
  endfacet
  facet normal 3.179612e-15 1.002528e-15 1.000000e+00
    outer loop
      vertex   1.564434e+01 -1.186659e+02 -1.239383e+02
      vertex   1.093932e+01 -1.179185e+02 -1.239383e+02
      vertex   1.105707e+01 -1.182920e+02 -1.239383e+02
    endloop
  endfacet
  facet normal 3.108957e-15 1.357400e-16 1.000000e+00
    outer loop
      vertex   1.564434e+01 -1.186659e+02 -1.239383e+02
      vertex   1.105707e+01 -1.182920e+02 -1.239383e+02
      vertex   1.107415e+01 -1.186832e+02 -1.239383e+02
    endloop
  endfacet
  facet normal 1.024727e-15 1.968482e-15 1.000000e+00
    outer loop
      vertex   1.044022e+01 -1.173237e+02 -1.239383e+02
      vertex   1.626720e+01 -1.131378e+02 -1.239383e+02
      vertex   1.009289e+01 -1.171429e+02 -1.239383e+02
    endloop
  endfacet
  facet normal 2.073127e-15 3.522384e-16 1.000000e+00
    outer loop
      vertex   1.009289e+01 -1.171429e+02 -1.239383e+02
      vertex   1.626720e+01 -1.131378e+02 -1.239383e+02
      vertex   1.603239e+01 -1.117559e+02 -1.239383e+02
    endloop
  endfacet
  facet normal 2.062719e-15 3.637130e-16 1.000000e+00
    outer loop
      vertex   1.009289e+01 -1.171429e+02 -1.239383e+02
      vertex   1.603239e+01 -1.117559e+02 -1.239383e+02
      vertex   8.825011e+00 -1.099524e+02 -1.239383e+02
    endloop
  endfacet
  facet normal 1.603939e-15 -1.469739e-15 1.000000e+00
    outer loop
      vertex   8.825011e+00 -1.099524e+02 -1.239383e+02
      vertex   1.603239e+01 -1.117559e+02 -1.239383e+02
      vertex   9.089557e+00 -1.096637e+02 -1.239383e+02
    endloop
  endfacet
  facet normal 2.241429e-15 6.457446e-16 1.000000e+00
    outer loop
      vertex   9.089557e+00 -1.096637e+02 -1.239383e+02
      vertex   1.603239e+01 -1.117559e+02 -1.239383e+02
      vertex   1.564434e+01 -1.104089e+02 -1.239383e+02
    endloop
  endfacet
  facet normal 2.046874e-15 -1.065535e-15 1.000000e+00
    outer loop
      vertex   9.089557e+00 -1.096637e+02 -1.239383e+02
      vertex   1.564434e+01 -1.104089e+02 -1.239383e+02
      vertex   9.270368e+00 -1.093164e+02 -1.239383e+02
    endloop
  endfacet
  facet normal 2.399906e-15 9.940738e-16 1.000000e+00
    outer loop
      vertex   9.270368e+00 -1.093164e+02 -1.239383e+02
      vertex   1.564434e+01 -1.104089e+02 -1.239383e+02
      vertex   1.510790e+01 -1.091138e+02 -1.239383e+02
    endloop
  endfacet
  facet normal 2.388595e-15 1.320130e-15 1.000000e+00
    outer loop
      vertex   9.270368e+00 -1.093164e+02 -1.239383e+02
      vertex   1.510790e+01 -1.091138e+02 -1.239383e+02
      vertex   1.442985e+01 -1.078870e+02 -1.239383e+02
    endloop
  endfacet
  facet normal 2.934553e-15 -6.505748e-16 1.000000e+00
    outer loop
      vertex   9.270368e+00 -1.093164e+02 -1.239383e+02
      vertex   1.442985e+01 -1.078870e+02 -1.239383e+02
      vertex   9.355121e+00 -1.089341e+02 -1.239383e+02
    endloop
  endfacet
  facet normal 2.442709e-15 1.733195e-15 1.000000e+00
    outer loop
      vertex   9.355121e+00 -1.089341e+02 -1.239383e+02
      vertex   1.442985e+01 -1.078870e+02 -1.239383e+02
      vertex   1.361869e+01 -1.067438e+02 -1.239383e+02
    endloop
  endfacet
  facet normal 3.259971e-15 1.423334e-16 1.000000e+00
    outer loop
      vertex   9.355121e+00 -1.089341e+02 -1.239383e+02
      vertex   1.361869e+01 -1.067438e+02 -1.239383e+02
      vertex   9.338041e+00 -1.085429e+02 -1.239383e+02
    endloop
  endfacet
  facet normal 2.413361e-15 2.156711e-15 1.000000e+00
    outer loop
      vertex   9.338041e+00 -1.085429e+02 -1.239383e+02
      vertex   1.361869e+01 -1.067438e+02 -1.239383e+02
      vertex   1.268463e+01 -1.056986e+02 -1.239383e+02
    endloop
  endfacet
  facet normal 3.348938e-15 1.055916e-15 1.000000e+00
    outer loop
      vertex   9.338041e+00 -1.085429e+02 -1.239383e+02
      vertex   1.268463e+01 -1.056986e+02 -1.239383e+02
      vertex   9.220291e+00 -1.081694e+02 -1.239383e+02
    endloop
  endfacet
  facet normal 2.820488e-15 1.796849e-15 1.000000e+00
    outer loop
      vertex   9.220291e+00 -1.081694e+02 -1.239383e+02
      vertex   1.268463e+01 -1.056986e+02 -1.239383e+02
      vertex   9.009896e+00 -1.078391e+02 -1.239383e+02
    endloop
  endfacet
  facet normal 2.341142e-15 2.619739e-15 1.000000e+00
    outer loop
      vertex   9.009896e+00 -1.078391e+02 -1.239383e+02
      vertex   1.268463e+01 -1.056986e+02 -1.239383e+02
      vertex   1.163942e+01 -1.047645e+02 -1.239383e+02
    endloop
  endfacet
  facet normal 2.374447e-15 2.591255e-15 1.000000e+00
    outer loop
      vertex   9.009896e+00 -1.078391e+02 -1.239383e+02
      vertex   1.163942e+01 -1.047645e+02 -1.239383e+02
      vertex   8.721194e+00 -1.075746e+02 -1.239383e+02
    endloop
  endfacet
  facet normal 2.065925e-15 2.911648e-15 1.000000e+00
    outer loop
      vertex   8.721194e+00 -1.075746e+02 -1.239383e+02
      vertex   1.163942e+01 -1.047645e+02 -1.239383e+02
      vertex   1.049620e+01 -1.039533e+02 -1.239383e+02
    endloop
  endfacet
  facet normal 1.627562e-15 3.126517e-15 1.000000e+00
    outer loop
      vertex   8.721194e+00 -1.075746e+02 -1.239383e+02
      vertex   1.049620e+01 -1.039533e+02 -1.239383e+02
      vertex   8.373859e+00 -1.073938e+02 -1.239383e+02
    endloop
  endfacet
  facet normal 1.702437e-15 3.080328e-15 1.000000e+00
    outer loop
      vertex   8.373859e+00 -1.073938e+02 -1.239383e+02
      vertex   1.049620e+01 -1.039533e+02 -1.239383e+02
      vertex   9.269341e+00 -1.032753e+02 -1.239383e+02
    endloop
  endfacet
  facet normal 7.297772e-16 3.291812e-15 1.000000e+00
    outer loop
      vertex   8.373859e+00 -1.073938e+02 -1.239383e+02
      vertex   9.269341e+00 -1.032753e+02 -1.239383e+02
      vertex   7.991563e+00 -1.073090e+02 -1.239383e+02
    endloop
  endfacet
  facet normal 1.290005e-15 3.114348e-15 1.000000e+00
    outer loop
      vertex   7.991563e+00 -1.073090e+02 -1.239383e+02
      vertex   9.269341e+00 -1.032753e+02 -1.239383e+02
      vertex   7.974282e+00 -1.027389e+02 -1.239383e+02
    endloop
  endfacet
  facet normal -1.357400e-16 3.108957e-15 1.000000e+00
    outer loop
      vertex   7.991563e+00 -1.073090e+02 -1.239383e+02
      vertex   7.974282e+00 -1.027389e+02 -1.239383e+02
      vertex   7.600357e+00 -1.073261e+02 -1.239383e+02
    endloop
  endfacet
  facet normal -1.002528e-15 3.179612e-15 1.000000e+00
    outer loop
      vertex   7.600357e+00 -1.073261e+02 -1.239383e+02
      vertex   7.974282e+00 -1.027389e+02 -1.239383e+02
      vertex   7.226902e+00 -1.074439e+02 -1.239383e+02
    endloop
  endfacet
  facet normal 8.320732e-16 2.888190e-15 1.000000e+00
    outer loop
      vertex   7.226902e+00 -1.074439e+02 -1.239383e+02
      vertex   7.974282e+00 -1.027389e+02 -1.239383e+02
      vertex   6.627306e+00 -1.023508e+02 -1.239383e+02
    endloop
  endfacet
  facet normal -1.653556e-15 2.595563e-15 1.000000e+00
    outer loop
      vertex   7.226902e+00 -1.074439e+02 -1.239383e+02
      vertex   6.627306e+00 -1.023508e+02 -1.239383e+02
      vertex   6.896648e+00 -1.076543e+02 -1.239383e+02
    endloop
  endfacet
  facet normal 4.592349e-16 2.702863e-15 1.000000e+00
    outer loop
      vertex   6.896648e+00 -1.076543e+02 -1.239383e+02
      vertex   6.627306e+00 -1.023508e+02 -1.239383e+02
      vertex   5.245350e+00 -1.021160e+02 -1.239383e+02
    endloop
  endfacet
  facet normal 1.465539e-16 2.609633e-15 1.000000e+00
    outer loop
      vertex   6.896648e+00 -1.076543e+02 -1.239383e+02
      vertex   5.245350e+00 -1.021160e+02 -1.239383e+02
      vertex   3.845794e+00 -1.020374e+02 -1.239383e+02
    endloop
  endfacet
  facet normal -1.733503e-15 1.588463e-15 1.000000e+00
    outer loop
      vertex   6.896648e+00 -1.076543e+02 -1.239383e+02
      vertex   3.845794e+00 -1.020374e+02 -1.239383e+02
      vertex   6.632101e+00 -1.079430e+02 -1.239383e+02
    endloop
  endfacet
  facet normal -1.316493e-16 2.344234e-15 1.000000e+00
    outer loop
      vertex   6.632101e+00 -1.079430e+02 -1.239383e+02
      vertex   3.845794e+00 -1.020374e+02 -1.239383e+02
      vertex   2.446238e+00 -1.021160e+02 -1.239383e+02
    endloop
  endfacet
  facet normal -1.968482e-15 1.024727e-15 1.000000e+00
    outer loop
      vertex   6.632101e+00 -1.079430e+02 -1.239383e+02
      vertex   2.446238e+00 -1.021160e+02 -1.239383e+02
      vertex   6.451290e+00 -1.082903e+02 -1.239383e+02
    endloop
  endfacet
  facet normal -3.522384e-16 2.073127e-15 1.000000e+00
    outer loop
      vertex   6.451290e+00 -1.082903e+02 -1.239383e+02
      vertex   2.446238e+00 -1.021160e+02 -1.239383e+02
      vertex   1.064282e+00 -1.023508e+02 -1.239383e+02
    endloop
  endfacet
  facet normal 1.340138e-15 3.608077e-15 1.000000e+00
    outer loop
      vertex   6.451290e+00 -1.082903e+02 -1.239383e+02
      vertex   1.064282e+00 -1.023508e+02 -1.239383e+02
      vertex   -7.392035e-01 -1.095582e+02 -1.239383e+02
    endloop
  endfacet
  facet normal 2.939478e-15 3.207878e-15 1.000000e+00
    outer loop
      vertex   -7.392035e-01 -1.095582e+02 -1.239383e+02
      vertex   1.064282e+00 -1.023508e+02 -1.239383e+02
      vertex   -1.027906e+00 -1.092936e+02 -1.239383e+02
    endloop
  endfacet
  facet normal -1.291489e-15 4.482858e-15 1.000000e+00
    outer loop
      vertex   -1.027906e+00 -1.092936e+02 -1.239383e+02
      vertex   1.064282e+00 -1.023508e+02 -1.239383e+02
      vertex   -2.826941e-01 -1.027389e+02 -1.239383e+02
    endloop
  endfacet
  facet normal 2.131070e-15 4.093748e-15 1.000000e+00
    outer loop
      vertex   -1.027906e+00 -1.092936e+02 -1.239383e+02
      vertex   -2.826941e-01 -1.027389e+02 -1.239383e+02
      vertex   -1.375240e+00 -1.091128e+02 -1.239383e+02
    endloop
  endfacet
  facet normal -1.988148e-15 4.799813e-15 1.000000e+00
    outer loop
      vertex   -1.375240e+00 -1.091128e+02 -1.239383e+02
      vertex   -2.826941e-01 -1.027389e+02 -1.239383e+02
      vertex   -1.577753e+00 -1.032753e+02 -1.239383e+02
    endloop
  endfacet
  facet normal -2.640260e-15 4.777190e-15 1.000000e+00
    outer loop
      vertex   -1.375240e+00 -1.091128e+02 -1.239383e+02
      vertex   -1.577753e+00 -1.032753e+02 -1.239383e+02
      vertex   -2.804607e+00 -1.039533e+02 -1.239383e+02
    endloop
  endfacet
  facet normal 1.301150e-15 5.869107e-15 1.000000e+00
    outer loop
      vertex   -1.375240e+00 -1.091128e+02 -1.239383e+02
      vertex   -2.804607e+00 -1.039533e+02 -1.239383e+02
      vertex   -1.757537e+00 -1.090281e+02 -1.239383e+02
    endloop
  endfacet
  facet normal -3.466389e-15 4.885418e-15 1.000000e+00
    outer loop
      vertex   -1.757537e+00 -1.090281e+02 -1.239383e+02
      vertex   -2.804607e+00 -1.039533e+02 -1.239383e+02
      vertex   -3.947828e+00 -1.047645e+02 -1.239383e+02
    endloop
  endfacet
  facet normal -2.846668e-16 6.519942e-15 1.000000e+00
    outer loop
      vertex   -1.757537e+00 -1.090281e+02 -1.239383e+02
      vertex   -3.947828e+00 -1.047645e+02 -1.239383e+02
      vertex   -2.148742e+00 -1.090451e+02 -1.239383e+02
    endloop
  endfacet
  facet normal -4.313422e-15 4.826722e-15 1.000000e+00
    outer loop
      vertex   -2.148742e+00 -1.090451e+02 -1.239383e+02
      vertex   -3.947828e+00 -1.047645e+02 -1.239383e+02
      vertex   -4.993041e+00 -1.056986e+02 -1.239383e+02
    endloop
  endfacet
  facet normal -2.111832e-15 6.697875e-15 1.000000e+00
    outer loop
      vertex   -2.148742e+00 -1.090451e+02 -1.239383e+02
      vertex   -4.993041e+00 -1.056986e+02 -1.239383e+02
      vertex   -2.522198e+00 -1.091629e+02 -1.239383e+02
    endloop
  endfacet
  facet normal -3.593698e-15 5.640976e-15 1.000000e+00
    outer loop
      vertex   -2.522198e+00 -1.091629e+02 -1.239383e+02
      vertex   -4.993041e+00 -1.056986e+02 -1.239383e+02
      vertex   -2.852452e+00 -1.093733e+02 -1.239383e+02
    endloop
  endfacet
  facet normal -5.239477e-15 4.682283e-15 1.000000e+00
    outer loop
      vertex   -2.852452e+00 -1.093733e+02 -1.239383e+02
      vertex   -4.993041e+00 -1.056986e+02 -1.239383e+02
      vertex   -5.927099e+00 -1.067438e+02 -1.239383e+02
    endloop
  endfacet
  facet normal -5.182509e-15 4.748895e-15 1.000000e+00
    outer loop
      vertex   -2.852452e+00 -1.093733e+02 -1.239383e+02
      vertex   -5.927099e+00 -1.067438e+02 -1.239383e+02
      vertex   -3.116998e+00 -1.096620e+02 -1.239383e+02
    endloop
  endfacet
  facet normal -5.823297e-15 4.131849e-15 1.000000e+00
    outer loop
      vertex   -3.116998e+00 -1.096620e+02 -1.239383e+02
      vertex   -5.927099e+00 -1.067438e+02 -1.239383e+02
      vertex   -6.738258e+00 -1.078870e+02 -1.239383e+02
    endloop
  endfacet
  facet normal -6.253034e-15 3.255123e-15 1.000000e+00
    outer loop
      vertex   -3.116998e+00 -1.096620e+02 -1.239383e+02
      vertex   -6.738258e+00 -1.078870e+02 -1.239383e+02
      vertex   -3.297809e+00 -1.100093e+02 -1.239383e+02
    endloop
  endfacet
  facet normal -6.160656e-15 3.404874e-15 1.000000e+00
    outer loop
      vertex   -3.297809e+00 -1.100093e+02 -1.239383e+02
      vertex   -6.738258e+00 -1.078870e+02 -1.239383e+02
      vertex   -7.416317e+00 -1.091138e+02 -1.239383e+02
    endloop
  endfacet
  facet normal -6.583624e-15 1.459554e-15 1.000000e+00
    outer loop
      vertex   -3.297809e+00 -1.100093e+02 -1.239383e+02
      vertex   -7.416317e+00 -1.091138e+02 -1.239383e+02
      vertex   -3.382562e+00 -1.103916e+02 -1.239383e+02
    endloop
  endfacet
  facet normal -6.228696e-15 2.580010e-15 1.000000e+00
    outer loop
      vertex   -3.382562e+00 -1.103916e+02 -1.239383e+02
      vertex   -7.416317e+00 -1.091138e+02 -1.239383e+02
      vertex   -7.952748e+00 -1.104089e+02 -1.239383e+02
    endloop
  endfacet
  facet normal -6.217914e-15 -2.714800e-16 1.000000e+00
    outer loop
      vertex   -3.382562e+00 -1.103916e+02 -1.239383e+02
      vertex   -7.952748e+00 -1.104089e+02 -1.239383e+02
      vertex   -3.365482e+00 -1.107828e+02 -1.239383e+02
    endloop
  endfacet
  facet normal -6.359224e-15 -2.005056e-15 1.000000e+00
    outer loop
      vertex   -3.365482e+00 -1.107828e+02 -1.239383e+02
      vertex   -7.952748e+00 -1.104089e+02 -1.239383e+02
      vertex   -3.247732e+00 -1.111563e+02 -1.239383e+02
    endloop
  endfacet
  facet normal -5.776380e-15 1.664146e-15 1.000000e+00
    outer loop
      vertex   -3.247732e+00 -1.111563e+02 -1.239383e+02
      vertex   -7.952748e+00 -1.104089e+02 -1.239383e+02
      vertex   -8.340805e+00 -1.117559e+02 -1.239383e+02
    endloop
  endfacet
  facet normal -5.191125e-15 -3.307111e-15 1.000000e+00
    outer loop
      vertex   -3.247732e+00 -1.111563e+02 -1.239383e+02
      vertex   -8.340805e+00 -1.117559e+02 -1.239383e+02
      vertex   -3.037337e+00 -1.114865e+02 -1.239383e+02
    endloop
  endfacet
  facet normal -5.405726e-15 9.184697e-16 1.000000e+00
    outer loop
      vertex   -3.037337e+00 -1.114865e+02 -1.239383e+02
      vertex   -8.340805e+00 -1.117559e+02 -1.239383e+02
      vertex   -8.575608e+00 -1.131378e+02 -1.239383e+02
    endloop
  endfacet
  facet normal -5.219267e-15 2.931077e-16 1.000000e+00
    outer loop
      vertex   -3.037337e+00 -1.114865e+02 -1.239383e+02
      vertex   -8.575608e+00 -1.131378e+02 -1.239383e+02
      vertex   -8.654206e+00 -1.145374e+02 -1.239383e+02
    endloop
  endfacet
  facet normal -3.176926e-15 -3.467007e-15 1.000000e+00
    outer loop
      vertex   -3.037337e+00 -1.114865e+02 -1.239383e+02
      vertex   -8.654206e+00 -1.145374e+02 -1.239383e+02
      vertex   -2.748635e+00 -1.117511e+02 -1.239383e+02
    endloop
  endfacet
  facet normal -4.688468e-15 -2.632987e-16 1.000000e+00
    outer loop
      vertex   -2.748635e+00 -1.117511e+02 -1.239383e+02
      vertex   -8.654206e+00 -1.145374e+02 -1.239383e+02
      vertex   -8.575608e+00 -1.159370e+02 -1.239383e+02
    endloop
  endfacet
  facet normal -2.049454e-15 -3.936965e-15 1.000000e+00
    outer loop
      vertex   -2.748635e+00 -1.117511e+02 -1.239383e+02
      vertex   -8.575608e+00 -1.159370e+02 -1.239383e+02
      vertex   -2.401300e+00 -1.119319e+02 -1.239383e+02
    endloop
  endfacet
  facet normal -4.146253e-15 -7.044767e-16 1.000000e+00
    outer loop
      vertex   -2.401300e+00 -1.119319e+02 -1.239383e+02
      vertex   -8.575608e+00 -1.159370e+02 -1.239383e+02
      vertex   -8.340805e+00 -1.173189e+02 -1.239383e+02
    endloop
  endfacet
  facet normal -4.125438e-15 -7.274261e-16 1.000000e+00
    outer loop
      vertex   -2.401300e+00 -1.119319e+02 -1.239383e+02
      vertex   -8.340805e+00 -1.173189e+02 -1.239383e+02
      vertex   -1.133422e+00 -1.191224e+02 -1.239383e+02
    endloop
  endfacet
  facet normal -3.207878e-15 2.939478e-15 1.000000e+00
    outer loop
      vertex   -1.133422e+00 -1.191224e+02 -1.239383e+02
      vertex   -8.340805e+00 -1.173189e+02 -1.239383e+02
      vertex   -1.397969e+00 -1.194111e+02 -1.239383e+02
    endloop
  endfacet
  facet normal -4.482858e-15 -1.291489e-15 1.000000e+00
    outer loop
      vertex   -1.397969e+00 -1.194111e+02 -1.239383e+02
      vertex   -8.340805e+00 -1.173189e+02 -1.239383e+02
      vertex   -7.952748e+00 -1.186659e+02 -1.239383e+02
    endloop
  endfacet
  facet normal -4.093748e-15 2.131070e-15 1.000000e+00
    outer loop
      vertex   -1.397969e+00 -1.194111e+02 -1.239383e+02
      vertex   -7.952748e+00 -1.186659e+02 -1.239383e+02
      vertex   -1.578780e+00 -1.197584e+02 -1.239383e+02
    endloop
  endfacet
  facet normal -4.799813e-15 -1.988148e-15 1.000000e+00
    outer loop
      vertex   -1.578780e+00 -1.197584e+02 -1.239383e+02
      vertex   -7.952748e+00 -1.186659e+02 -1.239383e+02
      vertex   -7.416317e+00 -1.199609e+02 -1.239383e+02
    endloop
  endfacet
  facet normal -4.777190e-15 -2.640260e-15 1.000000e+00
    outer loop
      vertex   -1.578780e+00 -1.197584e+02 -1.239383e+02
      vertex   -7.416317e+00 -1.199609e+02 -1.239383e+02
      vertex   -6.738258e+00 -1.211878e+02 -1.239383e+02
    endloop
  endfacet
  facet normal -5.869107e-15 1.301150e-15 1.000000e+00
    outer loop
      vertex   -1.578780e+00 -1.197584e+02 -1.239383e+02
      vertex   -6.738258e+00 -1.211878e+02 -1.239383e+02
      vertex   -1.663533e+00 -1.201407e+02 -1.239383e+02
    endloop
  endfacet
  facet normal -4.885418e-15 -3.466389e-15 1.000000e+00
    outer loop
      vertex   -1.663533e+00 -1.201407e+02 -1.239383e+02
      vertex   -6.738258e+00 -1.211878e+02 -1.239383e+02
      vertex   -5.927099e+00 -1.223310e+02 -1.239383e+02
    endloop
  endfacet
  facet normal -6.519942e-15 -2.846668e-16 1.000000e+00
    outer loop
      vertex   -1.663533e+00 -1.201407e+02 -1.239383e+02
      vertex   -5.927099e+00 -1.223310e+02 -1.239383e+02
      vertex   -1.646453e+00 -1.205319e+02 -1.239383e+02
    endloop
  endfacet
  facet normal -4.826722e-15 -4.313422e-15 1.000000e+00
    outer loop
      vertex   -1.646453e+00 -1.205319e+02 -1.239383e+02
      vertex   -5.927099e+00 -1.223310e+02 -1.239383e+02
      vertex   -4.993041e+00 -1.233762e+02 -1.239383e+02
    endloop
  endfacet
  facet normal -6.697875e-15 -2.111832e-15 1.000000e+00
    outer loop
      vertex   -1.646453e+00 -1.205319e+02 -1.239383e+02
      vertex   -4.993041e+00 -1.233762e+02 -1.239383e+02
      vertex   -1.528703e+00 -1.209054e+02 -1.239383e+02
    endloop
  endfacet
  facet normal -5.640976e-15 -3.593698e-15 1.000000e+00
    outer loop
      vertex   -1.528703e+00 -1.209054e+02 -1.239383e+02
      vertex   -4.993041e+00 -1.233762e+02 -1.239383e+02
      vertex   -1.318308e+00 -1.212356e+02 -1.239383e+02
    endloop
  endfacet
  facet normal -4.682283e-15 -5.239477e-15 1.000000e+00
    outer loop
      vertex   -1.318308e+00 -1.212356e+02 -1.239383e+02
      vertex   -4.993041e+00 -1.233762e+02 -1.239383e+02
      vertex   -3.947828e+00 -1.243103e+02 -1.239383e+02
    endloop
  endfacet
  facet normal -4.748895e-15 -5.182509e-15 1.000000e+00
    outer loop
      vertex   -1.318308e+00 -1.212356e+02 -1.239383e+02
      vertex   -3.947828e+00 -1.243103e+02 -1.239383e+02
      vertex   -1.029606e+00 -1.215002e+02 -1.239383e+02
    endloop
  endfacet
  facet normal -4.131849e-15 -5.823297e-15 1.000000e+00
    outer loop
      vertex   -1.029606e+00 -1.215002e+02 -1.239383e+02
      vertex   -3.947828e+00 -1.243103e+02 -1.239383e+02
      vertex   -2.804607e+00 -1.251214e+02 -1.239383e+02
    endloop
  endfacet
  facet normal -3.255123e-15 -6.253034e-15 1.000000e+00
    outer loop
      vertex   -1.029606e+00 -1.215002e+02 -1.239383e+02
      vertex   -2.804607e+00 -1.251214e+02 -1.239383e+02
      vertex   -6.822711e-01 -1.216810e+02 -1.239383e+02
    endloop
  endfacet
  facet normal -3.404874e-15 -6.160656e-15 1.000000e+00
    outer loop
      vertex   -6.822711e-01 -1.216810e+02 -1.239383e+02
      vertex   -2.804607e+00 -1.251214e+02 -1.239383e+02
      vertex   -1.577753e+00 -1.257995e+02 -1.239383e+02
    endloop
  endfacet
  facet normal -1.459554e-15 -6.583624e-15 1.000000e+00
    outer loop
      vertex   -6.822711e-01 -1.216810e+02 -1.239383e+02
      vertex   -1.577753e+00 -1.257995e+02 -1.239383e+02
      vertex   -2.999745e-01 -1.217658e+02 -1.239383e+02
    endloop
  endfacet
  facet normal -2.580010e-15 -6.228696e-15 1.000000e+00
    outer loop
      vertex   -2.999745e-01 -1.217658e+02 -1.239383e+02
      vertex   -1.577753e+00 -1.257995e+02 -1.239383e+02
      vertex   -2.826941e-01 -1.263359e+02 -1.239383e+02
    endloop
  endfacet
  facet normal 2.714800e-16 -6.217914e-15 1.000000e+00
    outer loop
      vertex   -2.999745e-01 -1.217658e+02 -1.239383e+02
      vertex   -2.826941e-01 -1.263359e+02 -1.239383e+02
      vertex   9.123134e-02 -1.217487e+02 -1.239383e+02
    endloop
  endfacet
  facet normal 2.005056e-15 -6.359224e-15 1.000000e+00
    outer loop
      vertex   9.123134e-02 -1.217487e+02 -1.239383e+02
      vertex   -2.826941e-01 -1.263359e+02 -1.239383e+02
      vertex   4.646865e-01 -1.216309e+02 -1.239383e+02
    endloop
  endfacet
  facet normal -1.664146e-15 -5.776380e-15 1.000000e+00
    outer loop
      vertex   4.646865e-01 -1.216309e+02 -1.239383e+02
      vertex   -2.826941e-01 -1.263359e+02 -1.239383e+02
      vertex   1.064282e+00 -1.267240e+02 -1.239383e+02
    endloop
  endfacet
  facet normal 3.307111e-15 -5.191125e-15 1.000000e+00
    outer loop
      vertex   4.646865e-01 -1.216309e+02 -1.239383e+02
      vertex   1.064282e+00 -1.267240e+02 -1.239383e+02
      vertex   7.949405e-01 -1.214205e+02 -1.239383e+02
    endloop
  endfacet
  facet normal -9.184697e-16 -5.405726e-15 1.000000e+00
    outer loop
      vertex   7.949405e-01 -1.214205e+02 -1.239383e+02
      vertex   1.064282e+00 -1.267240e+02 -1.239383e+02
      vertex   2.446238e+00 -1.269588e+02 -1.239383e+02
    endloop
  endfacet
  facet normal -2.931077e-16 -5.219267e-15 1.000000e+00
    outer loop
      vertex   7.949405e-01 -1.214205e+02 -1.239383e+02
      vertex   2.446238e+00 -1.269588e+02 -1.239383e+02
      vertex   3.845794e+00 -1.270374e+02 -1.239383e+02
    endloop
  endfacet
  facet normal 3.467007e-15 -3.176926e-15 1.000000e+00
    outer loop
      vertex   7.949405e-01 -1.214205e+02 -1.239383e+02
      vertex   3.845794e+00 -1.270374e+02 -1.239383e+02
      vertex   1.059487e+00 -1.211318e+02 -1.239383e+02
    endloop
  endfacet
  facet normal 2.632987e-16 -4.688468e-15 1.000000e+00
    outer loop
      vertex   1.059487e+00 -1.211318e+02 -1.239383e+02
      vertex   3.845794e+00 -1.270374e+02 -1.239383e+02
      vertex   5.245350e+00 -1.269588e+02 -1.239383e+02
    endloop
  endfacet
  facet normal 3.936965e-15 -2.049454e-15 1.000000e+00
    outer loop
      vertex   1.059487e+00 -1.211318e+02 -1.239383e+02
      vertex   5.245350e+00 -1.269588e+02 -1.239383e+02
      vertex   1.240298e+00 -1.207845e+02 -1.239383e+02
    endloop
  endfacet
  facet normal 7.044767e-16 -4.146253e-15 1.000000e+00
    outer loop
      vertex   1.240298e+00 -1.207845e+02 -1.239383e+02
      vertex   5.245350e+00 -1.269588e+02 -1.239383e+02
      vertex   6.627306e+00 -1.267240e+02 -1.239383e+02
    endloop
  endfacet
  facet normal 2.431277e-15 -2.580081e-15 1.000000e+00
    outer loop
      vertex   1.240298e+00 -1.207845e+02 -1.239383e+02
      vertex   6.627306e+00 -1.267240e+02 -1.239383e+02
      vertex   8.430792e+00 -1.195166e+02 -1.239383e+02
    endloop
  endfacet
  facet normal -1.469739e-15 -1.603939e-15 1.000000e+00
    outer loop
      vertex   8.430792e+00 -1.195166e+02 -1.239383e+02
      vertex   6.627306e+00 -1.267240e+02 -1.239383e+02
      vertex   8.719494e+00 -1.197812e+02 -1.239383e+02
    endloop
  endfacet
  facet normal 6.457446e-16 -2.241429e-15 1.000000e+00
    outer loop
      vertex   8.719494e+00 -1.197812e+02 -1.239383e+02
      vertex   6.627306e+00 -1.267240e+02 -1.239383e+02
      vertex   7.974282e+00 -1.263359e+02 -1.239383e+02
    endloop
  endfacet
  facet normal -1.065535e-15 -2.046874e-15 1.000000e+00
    outer loop
      vertex   8.719494e+00 -1.197812e+02 -1.239383e+02
      vertex   7.974282e+00 -1.263359e+02 -1.239383e+02
      vertex   9.066828e+00 -1.199620e+02 -1.239383e+02
    endloop
  endfacet
  facet normal 9.940738e-16 -2.399906e-15 1.000000e+00
    outer loop
      vertex   9.066828e+00 -1.199620e+02 -1.239383e+02
      vertex   7.974282e+00 -1.263359e+02 -1.239383e+02
      vertex   9.269341e+00 -1.257995e+02 -1.239383e+02
    endloop
  endfacet
  facet normal 1.320130e-15 -2.388595e-15 1.000000e+00
    outer loop
      vertex   9.066828e+00 -1.199620e+02 -1.239383e+02
      vertex   9.269341e+00 -1.257995e+02 -1.239383e+02
      vertex   1.049620e+01 -1.251214e+02 -1.239383e+02
    endloop
  endfacet
  facet normal -6.505748e-16 -2.934553e-15 1.000000e+00
    outer loop
      vertex   9.066828e+00 -1.199620e+02 -1.239383e+02
      vertex   1.049620e+01 -1.251214e+02 -1.239383e+02
      vertex   9.449125e+00 -1.200467e+02 -1.239383e+02
    endloop
  endfacet
  facet normal 1.733195e-15 -2.442709e-15 1.000000e+00
    outer loop
      vertex   9.449125e+00 -1.200467e+02 -1.239383e+02
      vertex   1.049620e+01 -1.251214e+02 -1.239383e+02
      vertex   1.163942e+01 -1.243103e+02 -1.239383e+02
    endloop
  endfacet
  facet normal 1.423334e-16 -3.259971e-15 1.000000e+00
    outer loop
      vertex   9.449125e+00 -1.200467e+02 -1.239383e+02
      vertex   1.163942e+01 -1.243103e+02 -1.239383e+02
      vertex   9.840331e+00 -1.200296e+02 -1.239383e+02
    endloop
  endfacet
  facet normal 2.156711e-15 -2.413361e-15 1.000000e+00
    outer loop
      vertex   9.840331e+00 -1.200296e+02 -1.239383e+02
      vertex   1.163942e+01 -1.243103e+02 -1.239383e+02
      vertex   1.268463e+01 -1.233762e+02 -1.239383e+02
    endloop
  endfacet
  facet normal 1.055916e-15 -3.348938e-15 1.000000e+00
    outer loop
      vertex   9.840331e+00 -1.200296e+02 -1.239383e+02
      vertex   1.268463e+01 -1.233762e+02 -1.239383e+02
      vertex   1.021379e+01 -1.199119e+02 -1.239383e+02
    endloop
  endfacet
  facet normal 1.796849e-15 -2.820488e-15 1.000000e+00
    outer loop
      vertex   1.021379e+01 -1.199119e+02 -1.239383e+02
      vertex   1.268463e+01 -1.233762e+02 -1.239383e+02
      vertex   1.054404e+01 -1.197015e+02 -1.239383e+02
    endloop
  endfacet
  facet normal 2.619739e-15 -2.341142e-15 1.000000e+00
    outer loop
      vertex   1.054404e+01 -1.197015e+02 -1.239383e+02
      vertex   1.268463e+01 -1.233762e+02 -1.239383e+02
      vertex   1.361869e+01 -1.223310e+02 -1.239383e+02
    endloop
  endfacet
  facet normal 2.591255e-15 -2.374447e-15 1.000000e+00
    outer loop
      vertex   1.054404e+01 -1.197015e+02 -1.239383e+02
      vertex   1.361869e+01 -1.223310e+02 -1.239383e+02
      vertex   1.080859e+01 -1.194128e+02 -1.239383e+02
    endloop
  endfacet
  facet normal 2.911648e-15 -2.065925e-15 1.000000e+00
    outer loop
      vertex   1.080859e+01 -1.194128e+02 -1.239383e+02
      vertex   1.361869e+01 -1.223310e+02 -1.239383e+02
      vertex   1.442985e+01 -1.211878e+02 -1.239383e+02
    endloop
  endfacet
  facet normal 3.126517e-15 -1.627562e-15 1.000000e+00
    outer loop
      vertex   1.080859e+01 -1.194128e+02 -1.239383e+02
      vertex   1.442985e+01 -1.211878e+02 -1.239383e+02
      vertex   1.098940e+01 -1.190655e+02 -1.239383e+02
    endloop
  endfacet
  facet normal 3.080328e-15 -1.702437e-15 1.000000e+00
    outer loop
      vertex   1.098940e+01 -1.190655e+02 -1.239383e+02
      vertex   1.442985e+01 -1.211878e+02 -1.239383e+02
      vertex   1.510790e+01 -1.199609e+02 -1.239383e+02
    endloop
  endfacet
  facet normal 3.291812e-15 -7.297772e-16 1.000000e+00
    outer loop
      vertex   1.098940e+01 -1.190655e+02 -1.239383e+02
      vertex   1.510790e+01 -1.199609e+02 -1.239383e+02
      vertex   1.107415e+01 -1.186832e+02 -1.239383e+02
    endloop
  endfacet
  facet normal 3.114348e-15 -1.290005e-15 1.000000e+00
    outer loop
      vertex   1.107415e+01 -1.186832e+02 -1.239383e+02
      vertex   1.510790e+01 -1.199609e+02 -1.239383e+02
      vertex   1.564434e+01 -1.186659e+02 -1.239383e+02
    endloop
  endfacet
  facet normal -8.190928e-16 1.876031e-14 1.000000e+00
    outer loop
      vertex   7.730096e+00 -1.102976e+02 -1.239383e+02
      vertex   6.238510e+00 -1.111202e+02 -1.239383e+02
      vertex   8.121301e+00 -1.102805e+02 -1.239383e+02
    endloop
  endfacet
  facet normal 6.997480e-15 1.233845e-15 1.000000e+00
    outer loop
      vertex   8.121301e+00 -1.102805e+02 -1.239383e+02
      vertex   6.238510e+00 -1.111202e+02 -1.239383e+02
      vertex   7.262947e+00 -1.169301e+02 -1.239383e+02
    endloop
  endfacet
  facet normal 6.997480e-15 1.233845e-15 1.000000e+00
    outer loop
      vertex   8.121301e+00 -1.102805e+02 -1.239383e+02
      vertex   7.262947e+00 -1.169301e+02 -1.239383e+02
      vertex   9.319386e+00 -1.170752e+02 -1.239383e+02
    endloop
  endfacet
  facet normal 5.646708e-15 -1.790907e-14 1.000000e+00
    outer loop
      vertex   9.319386e+00 -1.170752e+02 -1.239383e+02
      vertex   7.262947e+00 -1.169301e+02 -1.239383e+02
      vertex   8.945931e+00 -1.171930e+02 -1.239383e+02
    endloop
  endfacet
  facet normal 6.781321e-15 -1.064454e-14 1.000000e+00
    outer loop
      vertex   8.945931e+00 -1.171930e+02 -1.239383e+02
      vertex   7.262947e+00 -1.169301e+02 -1.239383e+02
      vertex   8.615677e+00 -1.174034e+02 -1.239383e+02
    endloop
  endfacet
  facet normal 7.955084e-15 -7.289492e-15 1.000000e+00
    outer loop
      vertex   8.615677e+00 -1.174034e+02 -1.239383e+02
      vertex   7.262947e+00 -1.169301e+02 -1.239383e+02
      vertex   8.351130e+00 -1.176921e+02 -1.239383e+02
    endloop
  endfacet
  facet normal 9.570681e-15 -4.982181e-15 1.000000e+00
    outer loop
      vertex   8.351130e+00 -1.176921e+02 -1.239383e+02
      vertex   7.262947e+00 -1.169301e+02 -1.239383e+02
      vertex   8.170320e+00 -1.180394e+02 -1.239383e+02
    endloop
  endfacet
  facet normal 1.232195e-14 -2.731710e-15 1.000000e+00
    outer loop
      vertex   8.170320e+00 -1.180394e+02 -1.239383e+02
      vertex   7.262947e+00 -1.169301e+02 -1.239383e+02
      vertex   8.085566e+00 -1.184217e+02 -1.239383e+02
    endloop
  endfacet
  facet normal 1.876031e-14 8.190928e-16 1.000000e+00
    outer loop
      vertex   8.085566e+00 -1.184217e+02 -1.239383e+02
      vertex   7.262947e+00 -1.169301e+02 -1.239383e+02
      vertex   8.102647e+00 -1.188129e+02 -1.239383e+02
    endloop
  endfacet
  facet normal 3.172832e-15 -6.132717e-15 1.000000e+00
    outer loop
      vertex   8.102647e+00 -1.188129e+02 -1.239383e+02
      vertex   7.262947e+00 -1.169301e+02 -1.239383e+02
      vertex   1.307971e+00 -1.200110e+02 -1.239383e+02
    endloop
  endfacet
  facet normal 2.075491e-15 9.061788e-17 1.000000e+00
    outer loop
      vertex   8.102647e+00 -1.188129e+02 -1.239383e+02
      vertex   1.307971e+00 -1.200110e+02 -1.239383e+02
      vertex   1.325051e+00 -1.204022e+02 -1.239383e+02
    endloop
  endfacet
  facet normal 2.731710e-15 1.232195e-14 1.000000e+00
    outer loop
      vertex   7.730096e+00 -1.102976e+02 -1.239383e+02
      vertex   7.347799e+00 -1.102129e+02 -1.239383e+02
      vertex   6.238510e+00 -1.111202e+02 -1.239383e+02
    endloop
  endfacet
  facet normal 4.982181e-15 9.570681e-15 1.000000e+00
    outer loop
      vertex   6.238510e+00 -1.111202e+02 -1.239383e+02
      vertex   7.347799e+00 -1.102129e+02 -1.239383e+02
      vertex   7.000465e+00 -1.100321e+02 -1.239383e+02
    endloop
  endfacet
  facet normal 7.289492e-15 7.955084e-15 1.000000e+00
    outer loop
      vertex   6.238510e+00 -1.111202e+02 -1.239383e+02
      vertex   7.000465e+00 -1.100321e+02 -1.239383e+02
      vertex   6.711763e+00 -1.097675e+02 -1.239383e+02
    endloop
  endfacet
  facet normal 1.064454e-14 6.781321e-15 1.000000e+00
    outer loop
      vertex   6.711763e+00 -1.097675e+02 -1.239383e+02
      vertex   6.501367e+00 -1.094373e+02 -1.239383e+02
      vertex   6.238510e+00 -1.111202e+02 -1.239383e+02
    endloop
  endfacet
  facet normal 1.790907e-14 5.646708e-15 1.000000e+00
    outer loop
      vertex   6.238510e+00 -1.111202e+02 -1.239383e+02
      vertex   6.501367e+00 -1.094373e+02 -1.239383e+02
      vertex   6.383618e+00 -1.090638e+02 -1.239383e+02
    endloop
  endfacet
  facet normal -1.233845e-15 6.997480e-15 1.000000e+00
    outer loop
      vertex   6.238510e+00 -1.111202e+02 -1.239383e+02
      vertex   6.383618e+00 -1.090638e+02 -1.239383e+02
      vertex   4.286417e-01 -1.121447e+02 -1.239383e+02
    endloop
  endfacet
  facet normal 1.938988e-15 8.647632e-16 1.000000e+00
    outer loop
      vertex   4.286417e-01 -1.121447e+02 -1.239383e+02
      vertex   6.383618e+00 -1.090638e+02 -1.239383e+02
      vertex   -4.110586e-01 -1.102619e+02 -1.239383e+02
    endloop
  endfacet
  facet normal 0.000000e+00 0.000000e+00 1.000000e+00
    outer loop
      vertex   4.286417e-01 -1.121447e+02 -1.239383e+02
      vertex   -4.110586e-01 -1.102619e+02 -1.239383e+02
      vertex   -3.939781e-01 -1.106531e+02 -1.239383e+02
    endloop
  endfacet
  facet normal 2.075491e-15 9.061788e-17 1.000000e+00
    outer loop
      vertex   6.383618e+00 -1.090638e+02 -1.239383e+02
      vertex   6.366537e+00 -1.086726e+02 -1.239383e+02
      vertex   -4.110586e-01 -1.102619e+02 -1.239383e+02
    endloop
  endfacet
  facet normal 1.952390e-15 6.155862e-16 1.000000e+00
    outer loop
      vertex   -4.110586e-01 -1.102619e+02 -1.239383e+02
      vertex   6.366537e+00 -1.086726e+02 -1.239383e+02
      vertex   -5.288085e-01 -1.098884e+02 -1.239383e+02
    endloop
  endfacet
  facet normal 2.144775e-15 -4.754852e-16 1.000000e+00
    outer loop
      vertex   -5.288085e-01 -1.098884e+02 -1.239383e+02
      vertex   6.366537e+00 -1.086726e+02 -1.239383e+02
      vertex   6.451290e+00 -1.082903e+02 -1.239383e+02
    endloop
  endfacet
  facet normal 1.776752e-15 1.131916e-15 1.000000e+00
    outer loop
      vertex   -5.288085e-01 -1.098884e+02 -1.239383e+02
      vertex   6.451290e+00 -1.082903e+02 -1.239383e+02
      vertex   -7.392035e-01 -1.095582e+02 -1.239383e+02
    endloop
  endfacet
  facet normal 0.000000e+00 0.000000e+00 1.000000e+00
    outer loop
      vertex   1.009289e+01 -1.171429e+02 -1.239383e+02
      vertex   8.825011e+00 -1.099524e+02 -1.239383e+02
      vertex   9.710592e+00 -1.170581e+02 -1.239383e+02
    endloop
  endfacet
  facet normal 0.000000e+00 0.000000e+00 1.000000e+00
    outer loop
      vertex   9.710592e+00 -1.170581e+02 -1.239383e+02
      vertex   8.825011e+00 -1.099524e+02 -1.239383e+02
      vertex   8.494757e+00 -1.101628e+02 -1.239383e+02
    endloop
  endfacet
  facet normal 0.000000e+00 0.000000e+00 1.000000e+00
    outer loop
      vertex   9.710592e+00 -1.170581e+02 -1.239383e+02
      vertex   8.494757e+00 -1.101628e+02 -1.239383e+02
      vertex   9.319386e+00 -1.170752e+02 -1.239383e+02
    endloop
  endfacet
  facet normal 0.000000e+00 0.000000e+00 1.000000e+00
    outer loop
      vertex   9.319386e+00 -1.170752e+02 -1.239383e+02
      vertex   8.494757e+00 -1.101628e+02 -1.239383e+02
      vertex   8.121301e+00 -1.102805e+02 -1.239383e+02
    endloop
  endfacet
  facet normal 1.776752e-15 1.131916e-15 1.000000e+00
    outer loop
      vertex   8.430792e+00 -1.195166e+02 -1.239383e+02
      vertex   8.220397e+00 -1.191864e+02 -1.239383e+02
      vertex   1.240298e+00 -1.207845e+02 -1.239383e+02
    endloop
  endfacet
  facet normal 2.144775e-15 -4.754852e-16 1.000000e+00
    outer loop
      vertex   1.240298e+00 -1.207845e+02 -1.239383e+02
      vertex   8.220397e+00 -1.191864e+02 -1.239383e+02
      vertex   1.325051e+00 -1.204022e+02 -1.239383e+02
    endloop
  endfacet
  facet normal 1.952390e-15 6.155862e-16 1.000000e+00
    outer loop
      vertex   1.325051e+00 -1.204022e+02 -1.239383e+02
      vertex   8.220397e+00 -1.191864e+02 -1.239383e+02
      vertex   8.102647e+00 -1.188129e+02 -1.239383e+02
    endloop
  endfacet
  facet normal -0.000000e+00 0.000000e+00 1.000000e+00
    outer loop
      vertex   -2.019004e+00 -1.120167e+02 -1.239383e+02
      vertex   -8.031683e-01 -1.189120e+02 -1.239383e+02
      vertex   -1.627798e+00 -1.119996e+02 -1.239383e+02
    endloop
  endfacet
  facet normal 0.000000e+00 0.000000e+00 1.000000e+00
    outer loop
      vertex   -1.627798e+00 -1.119996e+02 -1.239383e+02
      vertex   -8.031683e-01 -1.189120e+02 -1.239383e+02
      vertex   -4.297132e-01 -1.187942e+02 -1.239383e+02
    endloop
  endfacet
  facet normal 0.000000e+00 0.000000e+00 1.000000e+00
    outer loop
      vertex   -1.627798e+00 -1.119996e+02 -1.239383e+02
      vertex   -4.297132e-01 -1.187942e+02 -1.239383e+02
      vertex   4.286417e-01 -1.121447e+02 -1.239383e+02
    endloop
  endfacet
  facet normal 0.000000e+00 0.000000e+00 1.000000e+00
    outer loop
      vertex   4.286417e-01 -1.121447e+02 -1.239383e+02
      vertex   -4.297132e-01 -1.187942e+02 -1.239383e+02
      vertex   1.453078e+00 -1.179545e+02 -1.239383e+02
    endloop
  endfacet
  facet normal 0.000000e+00 0.000000e+00 1.000000e+00
    outer loop
      vertex   1.453078e+00 -1.179545e+02 -1.239383e+02
      vertex   -4.297132e-01 -1.187942e+02 -1.239383e+02
      vertex   -3.850732e-02 -1.187772e+02 -1.239383e+02
    endloop
  endfacet
  facet normal 0.000000e+00 0.000000e+00 1.000000e+00
    outer loop
      vertex   1.453078e+00 -1.179545e+02 -1.239383e+02
      vertex   -3.850732e-02 -1.187772e+02 -1.239383e+02
      vertex   3.437893e-01 -1.188619e+02 -1.239383e+02
    endloop
  endfacet
  facet normal 0.000000e+00 0.000000e+00 1.000000e+00
    outer loop
      vertex   -8.031683e-01 -1.189120e+02 -1.239383e+02
      vertex   -2.019004e+00 -1.120167e+02 -1.239383e+02
      vertex   -1.133422e+00 -1.191224e+02 -1.239383e+02
    endloop
  endfacet
  facet normal 0.000000e+00 0.000000e+00 1.000000e+00
    outer loop
      vertex   -1.133422e+00 -1.191224e+02 -1.239383e+02
      vertex   -2.019004e+00 -1.120167e+02 -1.239383e+02
      vertex   -2.401300e+00 -1.119319e+02 -1.239383e+02
    endloop
  endfacet
  facet normal 0.000000e+00 0.000000e+00 1.000000e+00
    outer loop
      vertex   -3.939781e-01 -1.106531e+02 -1.239383e+02
      vertex   -4.787313e-01 -1.110354e+02 -1.239383e+02
      vertex   4.286417e-01 -1.121447e+02 -1.239383e+02
    endloop
  endfacet
  facet normal 0.000000e+00 0.000000e+00 1.000000e+00
    outer loop
      vertex   4.286417e-01 -1.121447e+02 -1.239383e+02
      vertex   -4.787313e-01 -1.110354e+02 -1.239383e+02
      vertex   -6.595421e-01 -1.113827e+02 -1.239383e+02
    endloop
  endfacet
  facet normal 0.000000e+00 0.000000e+00 1.000000e+00
    outer loop
      vertex   4.286417e-01 -1.121447e+02 -1.239383e+02
      vertex   -6.595421e-01 -1.113827e+02 -1.239383e+02
      vertex   -9.240888e-01 -1.116714e+02 -1.239383e+02
    endloop
  endfacet
  facet normal 0.000000e+00 0.000000e+00 1.000000e+00
    outer loop
      vertex   -9.240888e-01 -1.116714e+02 -1.239383e+02
      vertex   -1.254343e+00 -1.118818e+02 -1.239383e+02
      vertex   4.286417e-01 -1.121447e+02 -1.239383e+02
    endloop
  endfacet
  facet normal 0.000000e+00 0.000000e+00 1.000000e+00
    outer loop
      vertex   4.286417e-01 -1.121447e+02 -1.239383e+02
      vertex   -1.254343e+00 -1.118818e+02 -1.239383e+02
      vertex   -1.627798e+00 -1.119996e+02 -1.239383e+02
    endloop
  endfacet
  facet normal 0.000000e+00 0.000000e+00 1.000000e+00
    outer loop
      vertex   7.262947e+00 -1.169301e+02 -1.239383e+02
      vertex   1.453078e+00 -1.179545e+02 -1.239383e+02
      vertex   1.307971e+00 -1.200110e+02 -1.239383e+02
    endloop
  endfacet
  facet normal 0.000000e+00 -0.000000e+00 1.000000e+00
    outer loop
      vertex   1.307971e+00 -1.200110e+02 -1.239383e+02
      vertex   1.453078e+00 -1.179545e+02 -1.239383e+02
      vertex   1.190221e+00 -1.196375e+02 -1.239383e+02
    endloop
  endfacet
  facet normal 0.000000e+00 -0.000000e+00 1.000000e+00
    outer loop
      vertex   1.190221e+00 -1.196375e+02 -1.239383e+02
      vertex   1.453078e+00 -1.179545e+02 -1.239383e+02
      vertex   9.798257e-01 -1.193073e+02 -1.239383e+02
    endloop
  endfacet
  facet normal 0.000000e+00 -0.000000e+00 1.000000e+00
    outer loop
      vertex   9.798257e-01 -1.193073e+02 -1.239383e+02
      vertex   1.453078e+00 -1.179545e+02 -1.239383e+02
      vertex   6.911237e-01 -1.190427e+02 -1.239383e+02
    endloop
  endfacet
  facet normal 0.000000e+00 -0.000000e+00 1.000000e+00
    outer loop
      vertex   6.911237e-01 -1.190427e+02 -1.239383e+02
      vertex   1.453078e+00 -1.179545e+02 -1.239383e+02
      vertex   3.437893e-01 -1.188619e+02 -1.239383e+02
    endloop
  endfacet
  facet normal 0.000000e+00 0.000000e+00 1.000000e+00
    outer loop
      vertex   1.626720e+01 -1.159370e+02 -1.179383e+02
      vertex   2.134359e+01 -1.148150e+02 -1.179383e+02
      vertex   1.634579e+01 -1.145374e+02 -1.179383e+02
    endloop
  endfacet
  facet normal -0.000000e+00 0.000000e+00 1.000000e+00
    outer loop
      vertex   1.634579e+01 -1.145374e+02 -1.179383e+02
      vertex   2.134359e+01 -1.148150e+02 -1.179383e+02
      vertex   2.129075e+01 -1.131505e+02 -1.179383e+02
    endloop
  endfacet
  facet normal 0.000000e+00 -0.000000e+00 1.000000e+00
    outer loop
      vertex   1.634579e+01 -1.145374e+02 -1.179383e+02
      vertex   2.129075e+01 -1.131505e+02 -1.179383e+02
      vertex   1.626720e+01 -1.131378e+02 -1.179383e+02
    endloop
  endfacet
  facet normal -0.000000e+00 0.000000e+00 1.000000e+00
    outer loop
      vertex   1.626720e+01 -1.131378e+02 -1.179383e+02
      vertex   2.129075e+01 -1.131505e+02 -1.179383e+02
      vertex   2.107993e+01 -1.114986e+02 -1.179383e+02
    endloop
  endfacet
  facet normal 0.000000e+00 -0.000000e+00 1.000000e+00
    outer loop
      vertex   1.626720e+01 -1.131378e+02 -1.179383e+02
      vertex   2.107993e+01 -1.114986e+02 -1.179383e+02
      vertex   1.603239e+01 -1.117559e+02 -1.179383e+02
    endloop
  endfacet
  facet normal 0.000000e+00 0.000000e+00 1.000000e+00
    outer loop
      vertex   1.603239e+01 -1.117559e+02 -1.179383e+02
      vertex   2.107993e+01 -1.114986e+02 -1.179383e+02
      vertex   2.071303e+01 -1.098741e+02 -1.179383e+02
    endloop
  endfacet
  facet normal 3.801264e-15 -9.455061e-15 1.000000e+00
    outer loop
      vertex   1.603239e+01 -1.117559e+02 -1.179383e+02
      vertex   2.071303e+01 -1.098741e+02 -1.179383e+02
      vertex   1.564434e+01 -1.104089e+02 -1.179383e+02
    endloop
  endfacet
  facet normal 2.709750e-15 8.899676e-16 1.000000e+00
    outer loop
      vertex   1.564434e+01 -1.104089e+02 -1.179383e+02
      vertex   2.071303e+01 -1.098741e+02 -1.179383e+02
      vertex   2.019338e+01 -1.082919e+02 -1.179383e+02
    endloop
  endfacet
  facet normal 2.619056e-15 1.084849e-15 1.000000e+00
    outer loop
      vertex   1.564434e+01 -1.104089e+02 -1.179383e+02
      vertex   2.019338e+01 -1.082919e+02 -1.179383e+02
      vertex   1.510790e+01 -1.091138e+02 -1.179383e+02
    endloop
  endfacet
  facet normal 2.609793e-15 1.142163e-15 1.000000e+00
    outer loop
      vertex   1.510790e+01 -1.091138e+02 -1.179383e+02
      vertex   2.019338e+01 -1.082919e+02 -1.179383e+02
      vertex   1.952569e+01 -1.067662e+02 -1.179383e+02
    endloop
  endfacet
  facet normal 2.486474e-15 1.374226e-15 1.000000e+00
    outer loop
      vertex   1.510790e+01 -1.091138e+02 -1.179383e+02
      vertex   1.952569e+01 -1.067662e+02 -1.179383e+02
      vertex   1.442985e+01 -1.078870e+02 -1.179383e+02
    endloop
  endfacet
  facet normal 8.225275e-15 -2.471867e-14 1.000000e+00
    outer loop
      vertex   1.442985e+01 -1.078870e+02 -1.179383e+02
      vertex   1.952569e+01 -1.067662e+02 -1.179383e+02
      vertex   1.871599e+01 -1.053109e+02 -1.179383e+02
    endloop
  endfacet
  facet normal -4.690345e-15 -3.229067e-15 1.000000e+00
    outer loop
      vertex   1.442985e+01 -1.078870e+02 -1.179383e+02
      vertex   1.871599e+01 -1.053109e+02 -1.179383e+02
      vertex   1.777163e+01 -1.039392e+02 -1.179383e+02
    endloop
  endfacet
  facet normal 2.798067e-15 -4.754107e-16 1.000000e+00
    outer loop
      vertex   1.603239e+01 -1.173189e+02 -1.179383e+02
      vertex   2.097484e+01 -1.181215e+02 -1.179383e+02
      vertex   1.626720e+01 -1.159370e+02 -1.179383e+02
    endloop
  endfacet
  facet normal 2.810027e-15 -4.496362e-16 1.000000e+00
    outer loop
      vertex   1.626720e+01 -1.159370e+02 -1.179383e+02
      vertex   2.097484e+01 -1.181215e+02 -1.179383e+02
      vertex   2.123797e+01 -1.164771e+02 -1.179383e+02
    endloop
  endfacet
  facet normal 1.916584e-15 -8.672184e-15 1.000000e+00
    outer loop
      vertex   1.626720e+01 -1.159370e+02 -1.179383e+02
      vertex   2.123797e+01 -1.164771e+02 -1.179383e+02
      vertex   2.134359e+01 -1.148150e+02 -1.179383e+02
    endloop
  endfacet
  facet normal 2.759019e-15 -7.158665e-16 1.000000e+00
    outer loop
      vertex   2.097484e+01 -1.181215e+02 -1.179383e+02
      vertex   1.603239e+01 -1.173189e+02 -1.179383e+02
      vertex   2.055658e+01 -1.197335e+02 -1.179383e+02
    endloop
  endfacet
  facet normal -2.157846e-15 -9.928522e-15 1.000000e+00
    outer loop
      vertex   2.055658e+01 -1.197335e+02 -1.179383e+02
      vertex   1.603239e+01 -1.173189e+02 -1.179383e+02
      vertex   1.564434e+01 -1.186659e+02 -1.179383e+02
    endloop
  endfacet
  facet normal 0.000000e+00 0.000000e+00 1.000000e+00
    outer loop
      vertex   2.055658e+01 -1.197335e+02 -1.179383e+02
      vertex   1.564434e+01 -1.186659e+02 -1.179383e+02
      vertex   1.998699e+01 -1.212984e+02 -1.179383e+02
    endloop
  endfacet
  facet normal 0.000000e+00 0.000000e+00 1.000000e+00
    outer loop
      vertex   1.998699e+01 -1.212984e+02 -1.179383e+02
      vertex   1.564434e+01 -1.186659e+02 -1.179383e+02
      vertex   1.510790e+01 -1.199609e+02 -1.179383e+02
    endloop
  endfacet
  facet normal 0.000000e+00 0.000000e+00 1.000000e+00
    outer loop
      vertex   1.998699e+01 -1.212984e+02 -1.179383e+02
      vertex   1.510790e+01 -1.199609e+02 -1.179383e+02
      vertex   1.927123e+01 -1.228021e+02 -1.179383e+02
    endloop
  endfacet
  facet normal 0.000000e+00 0.000000e+00 1.000000e+00
    outer loop
      vertex   1.927123e+01 -1.228021e+02 -1.179383e+02
      vertex   1.510790e+01 -1.199609e+02 -1.179383e+02
      vertex   1.442985e+01 -1.211878e+02 -1.179383e+02
    endloop
  endfacet
  facet normal 0.000000e+00 0.000000e+00 1.000000e+00
    outer loop
      vertex   1.927123e+01 -1.228021e+02 -1.179383e+02
      vertex   1.442985e+01 -1.211878e+02 -1.179383e+02
      vertex   1.841577e+01 -1.242310e+02 -1.179383e+02
    endloop
  endfacet
  facet normal 0.000000e+00 0.000000e+00 1.000000e+00
    outer loop
      vertex   1.841577e+01 -1.242310e+02 -1.179383e+02
      vertex   1.442985e+01 -1.211878e+02 -1.179383e+02
      vertex   1.361869e+01 -1.223310e+02 -1.179383e+02
    endloop
  endfacet
  facet normal -3.249418e-15 -8.204154e-15 1.000000e+00
    outer loop
      vertex   1.841577e+01 -1.242310e+02 -1.179383e+02
      vertex   1.361869e+01 -1.223310e+02 -1.179383e+02
      vertex   1.742836e+01 -1.255721e+02 -1.179383e+02
    endloop
  endfacet
  facet normal 2.119110e-15 -1.893753e-15 1.000000e+00
    outer loop
      vertex   1.742836e+01 -1.255721e+02 -1.179383e+02
      vertex   1.361869e+01 -1.223310e+02 -1.179383e+02
      vertex   1.268463e+01 -1.233762e+02 -1.179383e+02
    endloop
  endfacet
  facet normal 2.118403e-15 -1.895281e-15 1.000000e+00
    outer loop
      vertex   1.742836e+01 -1.255721e+02 -1.179383e+02
      vertex   1.268463e+01 -1.233762e+02 -1.179383e+02
      vertex   1.631794e+01 -1.268132e+02 -1.179383e+02
    endloop
  endfacet
  facet normal 1.932300e-15 -2.092015e-15 1.000000e+00
    outer loop
      vertex   1.631794e+01 -1.268132e+02 -1.179383e+02
      vertex   1.268463e+01 -1.233762e+02 -1.179383e+02
      vertex   1.509458e+01 -1.279432e+02 -1.179383e+02
    endloop
  endfacet
  facet normal 1.889651e-15 -2.114520e-15 1.000000e+00
    outer loop
      vertex   1.509458e+01 -1.279432e+02 -1.179383e+02
      vertex   1.268463e+01 -1.233762e+02 -1.179383e+02
      vertex   1.163942e+01 -1.243103e+02 -1.179383e+02
    endloop
  endfacet
  facet normal 1.726984e-15 -2.269230e-15 1.000000e+00
    outer loop
      vertex   1.509458e+01 -1.279432e+02 -1.179383e+02
      vertex   1.163942e+01 -1.243103e+02 -1.179383e+02
      vertex   1.376934e+01 -1.289517e+02 -1.179383e+02
    endloop
  endfacet
  facet normal 1.638813e-15 -2.309691e-15 1.000000e+00
    outer loop
      vertex   1.376934e+01 -1.289517e+02 -1.179383e+02
      vertex   1.163942e+01 -1.243103e+02 -1.179383e+02
      vertex   1.049620e+01 -1.251214e+02 -1.179383e+02
    endloop
  endfacet
  facet normal 1.504368e-15 -2.424579e-15 1.000000e+00
    outer loop
      vertex   1.376934e+01 -1.289517e+02 -1.179383e+02
      vertex   1.049620e+01 -1.251214e+02 -1.179383e+02
      vertex   1.235424e+01 -1.298298e+02 -1.179383e+02
    endloop
  endfacet
  facet normal 1.369445e-15 -2.477824e-15 1.000000e+00
    outer loop
      vertex   1.235424e+01 -1.298298e+02 -1.179383e+02
      vertex   1.049620e+01 -1.251214e+02 -1.179383e+02
      vertex   9.269341e+00 -1.257995e+02 -1.179383e+02
    endloop
  endfacet
  facet normal 1.266932e-15 -2.556291e-15 1.000000e+00
    outer loop
      vertex   1.235424e+01 -1.298298e+02 -1.179383e+02
      vertex   9.269341e+00 -1.257995e+02 -1.179383e+02
      vertex   1.086208e+01 -1.305693e+02 -1.179383e+02
    endloop
  endfacet
  facet normal 1.084134e-15 -2.617331e-15 1.000000e+00
    outer loop
      vertex   1.086208e+01 -1.305693e+02 -1.179383e+02
      vertex   9.269341e+00 -1.257995e+02 -1.179383e+02
      vertex   7.974282e+00 -1.263359e+02 -1.179383e+02
    endloop
  endfacet
  facet normal 1.017344e-15 -2.662892e-15 1.000000e+00
    outer loop
      vertex   1.086208e+01 -1.305693e+02 -1.179383e+02
      vertex   7.974282e+00 -1.263359e+02 -1.179383e+02
      vertex   9.306379e+00 -1.311636e+02 -1.179383e+02
    endloop
  endfacet
  facet normal 7.855891e-16 -2.726840e-15 1.000000e+00
    outer loop
      vertex   9.306379e+00 -1.311636e+02 -1.179383e+02
      vertex   7.974282e+00 -1.263359e+02 -1.179383e+02
      vertex   6.627306e+00 -1.267240e+02 -1.179383e+02
    endloop
  endfacet
  facet normal 7.584228e-16 -2.743233e-15 1.000000e+00
    outer loop
      vertex   9.306379e+00 -1.311636e+02 -1.179383e+02
      vertex   6.627306e+00 -1.267240e+02 -1.179383e+02
      vertex   7.701228e+00 -1.316074e+02 -1.179383e+02
    endloop
  endfacet
  facet normal 4.939609e-16 -2.801392e-15 1.000000e+00
    outer loop
      vertex   7.701228e+00 -1.316074e+02 -1.179383e+02
      vertex   6.627306e+00 -1.267240e+02 -1.179383e+02
      vertex   6.061162e+00 -1.318966e+02 -1.179383e+02
    endloop
  endfacet
  facet normal -1.000237e-14 -1.652566e-15 1.000000e+00
    outer loop
      vertex   6.061162e+00 -1.318966e+02 -1.179383e+02
      vertex   6.627306e+00 -1.267240e+02 -1.179383e+02
      vertex   5.245350e+00 -1.269588e+02 -1.179383e+02
    endloop
  endfacet
  facet normal 0.000000e+00 0.000000e+00 1.000000e+00
    outer loop
      vertex   6.061162e+00 -1.318966e+02 -1.179383e+02
      vertex   5.245350e+00 -1.269588e+02 -1.179383e+02
      vertex   4.401033e+00 -1.320286e+02 -1.179383e+02
    endloop
  endfacet
  facet normal 0.000000e+00 -0.000000e+00 1.000000e+00
    outer loop
      vertex   4.401033e+00 -1.320286e+02 -1.179383e+02
      vertex   5.245350e+00 -1.269588e+02 -1.179383e+02
      vertex   3.845794e+00 -1.270374e+02 -1.179383e+02
    endloop
  endfacet
  facet normal 0.000000e+00 0.000000e+00 1.000000e+00
    outer loop
      vertex   4.401033e+00 -1.320286e+02 -1.179383e+02
      vertex   3.845794e+00 -1.270374e+02 -1.179383e+02
      vertex   2.735876e+00 -1.320022e+02 -1.179383e+02
    endloop
  endfacet
  facet normal 0.000000e+00 -0.000000e+00 1.000000e+00
    outer loop
      vertex   2.735876e+00 -1.320022e+02 -1.179383e+02
      vertex   3.845794e+00 -1.270374e+02 -1.179383e+02
      vertex   2.446238e+00 -1.269588e+02 -1.179383e+02
    endloop
  endfacet
  facet normal 0.000000e+00 0.000000e+00 1.000000e+00
    outer loop
      vertex   2.735876e+00 -1.320022e+02 -1.179383e+02
      vertex   2.446238e+00 -1.269588e+02 -1.179383e+02
      vertex   1.080770e+00 -1.318176e+02 -1.179383e+02
    endloop
  endfacet
  facet normal 9.814513e-15 -2.758185e-15 1.000000e+00
    outer loop
      vertex   1.080770e+00 -1.318176e+02 -1.179383e+02
      vertex   2.446238e+00 -1.269588e+02 -1.179383e+02
      vertex   1.064282e+00 -1.267240e+02 -1.179383e+02
    endloop
  endfacet
  facet normal -5.841713e-16 -2.791844e-15 1.000000e+00
    outer loop
      vertex   1.080770e+00 -1.318176e+02 -1.179383e+02
      vertex   1.064282e+00 -1.267240e+02 -1.179383e+02
      vertex   -5.492957e-01 -1.314765e+02 -1.179383e+02
    endloop
  endfacet
  facet normal -7.847017e-16 -2.723760e-15 1.000000e+00
    outer loop
      vertex   -5.492957e-01 -1.314765e+02 -1.179383e+02
      vertex   1.064282e+00 -1.267240e+02 -1.179383e+02
      vertex   -2.826941e-01 -1.263359e+02 -1.179383e+02
    endloop
  endfacet
  facet normal -8.459470e-16 -2.720583e-15 1.000000e+00
    outer loop
      vertex   -5.492957e-01 -1.314765e+02 -1.179383e+02
      vertex   -2.826941e-01 -1.263359e+02 -1.179383e+02
      vertex   -2.139558e+00 -1.309820e+02 -1.179383e+02
    endloop
  endfacet
  facet normal -1.086998e-15 -2.624244e-15 1.000000e+00
    outer loop
      vertex   -2.139558e+00 -1.309820e+02 -1.179383e+02
      vertex   -2.826941e-01 -1.263359e+02 -1.179383e+02
      vertex   -1.577753e+00 -1.257995e+02 -1.179383e+02
    endloop
  endfacet
  facet normal -1.098683e-15 -2.622978e-15 1.000000e+00
    outer loop
      vertex   -2.139558e+00 -1.309820e+02 -1.179383e+02
      vertex   -1.577753e+00 -1.257995e+02 -1.179383e+02
      vertex   -3.675617e+00 -1.303386e+02 -1.179383e+02
    endloop
  endfacet
  facet normal -1.344489e-15 -2.509372e-15 1.000000e+00
    outer loop
      vertex   -3.675617e+00 -1.303386e+02 -1.179383e+02
      vertex   -1.577753e+00 -1.257995e+02 -1.179383e+02
      vertex   -5.143560e+00 -1.295521e+02 -1.179383e+02
    endloop
  endfacet
  facet normal -1.372284e-15 -2.482961e-15 1.000000e+00
    outer loop
      vertex   -5.143560e+00 -1.295521e+02 -1.179383e+02
      vertex   -1.577753e+00 -1.257995e+02 -1.179383e+02
      vertex   -2.804607e+00 -1.251214e+02 -1.179383e+02
    endloop
  endfacet
  facet normal -1.579255e-15 -2.373700e-15 1.000000e+00
    outer loop
      vertex   -5.143560e+00 -1.295521e+02 -1.179383e+02
      vertex   -2.804607e+00 -1.251214e+02 -1.179383e+02
      vertex   -6.530095e+00 -1.286296e+02 -1.179383e+02
    endloop
  endfacet
  facet normal -1.639121e-15 -2.310125e-15 1.000000e+00
    outer loop
      vertex   -6.530095e+00 -1.286296e+02 -1.179383e+02
      vertex   -2.804607e+00 -1.251214e+02 -1.179383e+02
      vertex   -3.947828e+00 -1.243103e+02 -1.179383e+02
    endloop
  endfacet
  facet normal -1.799086e-15 -2.214492e-15 1.000000e+00
    outer loop
      vertex   -6.530095e+00 -1.286296e+02 -1.179383e+02
      vertex   -3.947828e+00 -1.243103e+02 -1.179383e+02
      vertex   -7.822663e+00 -1.275795e+02 -1.179383e+02
    endloop
  endfacet
  facet normal -1.886453e-15 -2.110941e-15 1.000000e+00
    outer loop
      vertex   -7.822663e+00 -1.275795e+02 -1.179383e+02
      vertex   -3.947828e+00 -1.243103e+02 -1.179383e+02
      vertex   -4.993041e+00 -1.233762e+02 -1.179383e+02
    endloop
  endfacet
  facet normal -2.001489e-15 -2.033500e-15 1.000000e+00
    outer loop
      vertex   -7.822663e+00 -1.275795e+02 -1.179383e+02
      vertex   -4.993041e+00 -1.233762e+02 -1.179383e+02
      vertex   -9.009561e+00 -1.264113e+02 -1.179383e+02
    endloop
  endfacet
  facet normal -2.111934e-15 -1.887340e-15 1.000000e+00
    outer loop
      vertex   -9.009561e+00 -1.264113e+02 -1.179383e+02
      vertex   -4.993041e+00 -1.233762e+02 -1.179383e+02
      vertex   -5.927099e+00 -1.223310e+02 -1.179383e+02
    endloop
  endfacet
  facet normal -2.184191e-15 -1.832754e-15 1.000000e+00
    outer loop
      vertex   -9.009561e+00 -1.264113e+02 -1.179383e+02
      vertex   -5.927099e+00 -1.223310e+02 -1.179383e+02
      vertex   -1.008004e+01 -1.251356e+02 -1.179383e+02
    endloop
  endfacet
  facet normal -2.313390e-15 -1.641438e-15 1.000000e+00
    outer loop
      vertex   -1.008004e+01 -1.251356e+02 -1.179383e+02
      vertex   -5.927099e+00 -1.223310e+02 -1.179383e+02
      vertex   -6.738258e+00 -1.211878e+02 -1.179383e+02
    endloop
  endfacet
  facet normal -2.345173e-15 -1.614533e-15 1.000000e+00
    outer loop
      vertex   -1.008004e+01 -1.251356e+02 -1.179383e+02
      vertex   -6.738258e+00 -1.211878e+02 -1.179383e+02
      vertex   -1.102440e+01 -1.237638e+02 -1.179383e+02
    endloop
  endfacet
  facet normal 6.311740e-15 -1.601831e-14 1.000000e+00
    outer loop
      vertex   -1.102440e+01 -1.237638e+02 -1.179383e+02
      vertex   -6.738258e+00 -1.211878e+02 -1.179383e+02
      vertex   -1.183410e+01 -1.223086e+02 -1.179383e+02
    endloop
  endfacet
  facet normal 2.486474e-15 1.374226e-15 1.000000e+00
    outer loop
      vertex   -1.183410e+01 -1.223086e+02 -1.179383e+02
      vertex   -6.738258e+00 -1.211878e+02 -1.179383e+02
      vertex   -7.416317e+00 -1.199609e+02 -1.179383e+02
    endloop
  endfacet
  facet normal 2.609793e-15 1.142163e-15 1.000000e+00
    outer loop
      vertex   -1.183410e+01 -1.223086e+02 -1.179383e+02
      vertex   -7.416317e+00 -1.199609e+02 -1.179383e+02
      vertex   -1.250179e+01 -1.207829e+02 -1.179383e+02
    endloop
  endfacet
  facet normal 2.619056e-15 1.084849e-15 1.000000e+00
    outer loop
      vertex   -1.250179e+01 -1.207829e+02 -1.179383e+02
      vertex   -7.416317e+00 -1.199609e+02 -1.179383e+02
      vertex   -7.952748e+00 -1.186659e+02 -1.179383e+02
    endloop
  endfacet
  facet normal 2.709750e-15 8.899676e-16 1.000000e+00
    outer loop
      vertex   -1.250179e+01 -1.207829e+02 -1.179383e+02
      vertex   -7.952748e+00 -1.186659e+02 -1.179383e+02
      vertex   -1.302144e+01 -1.192007e+02 -1.179383e+02
    endloop
  endfacet
  facet normal 3.801264e-15 -9.455061e-15 1.000000e+00
    outer loop
      vertex   -1.302144e+01 -1.192007e+02 -1.179383e+02
      vertex   -7.952748e+00 -1.186659e+02 -1.179383e+02
      vertex   -8.340805e+00 -1.173189e+02 -1.179383e+02
    endloop
  endfacet
  facet normal 0.000000e+00 -0.000000e+00 1.000000e+00
    outer loop
      vertex   -1.302144e+01 -1.192007e+02 -1.179383e+02
      vertex   -8.340805e+00 -1.173189e+02 -1.179383e+02
      vertex   -1.338834e+01 -1.175762e+02 -1.179383e+02
    endloop
  endfacet
  facet normal 0.000000e+00 0.000000e+00 1.000000e+00
    outer loop
      vertex   -1.338834e+01 -1.175762e+02 -1.179383e+02
      vertex   -8.340805e+00 -1.173189e+02 -1.179383e+02
      vertex   -8.575608e+00 -1.159370e+02 -1.179383e+02
    endloop
  endfacet
  facet normal 0.000000e+00 -0.000000e+00 1.000000e+00
    outer loop
      vertex   -1.338834e+01 -1.175762e+02 -1.179383e+02
      vertex   -8.575608e+00 -1.159370e+02 -1.179383e+02
      vertex   -1.359916e+01 -1.159243e+02 -1.179383e+02
    endloop
  endfacet
  facet normal -0.000000e+00 0.000000e+00 1.000000e+00
    outer loop
      vertex   -1.359916e+01 -1.159243e+02 -1.179383e+02
      vertex   -8.575608e+00 -1.159370e+02 -1.179383e+02
      vertex   -8.654206e+00 -1.145374e+02 -1.179383e+02
    endloop
  endfacet
  facet normal 0.000000e+00 -0.000000e+00 1.000000e+00
    outer loop
      vertex   -1.359916e+01 -1.159243e+02 -1.179383e+02
      vertex   -8.654206e+00 -1.145374e+02 -1.179383e+02
      vertex   -1.365200e+01 -1.142597e+02 -1.179383e+02
    endloop
  endfacet
  facet normal -0.000000e+00 0.000000e+00 1.000000e+00
    outer loop
      vertex   -1.365200e+01 -1.142597e+02 -1.179383e+02
      vertex   -8.654206e+00 -1.145374e+02 -1.179383e+02
      vertex   -8.575608e+00 -1.131378e+02 -1.179383e+02
    endloop
  endfacet
  facet normal 1.916584e-15 -8.672184e-15 1.000000e+00
    outer loop
      vertex   -1.365200e+01 -1.142597e+02 -1.179383e+02
      vertex   -8.575608e+00 -1.131378e+02 -1.179383e+02
      vertex   -1.354638e+01 -1.125977e+02 -1.179383e+02
    endloop
  endfacet
  facet normal 2.810027e-15 -4.496362e-16 1.000000e+00
    outer loop
      vertex   -1.354638e+01 -1.125977e+02 -1.179383e+02
      vertex   -8.575608e+00 -1.131378e+02 -1.179383e+02
      vertex   -1.328325e+01 -1.109533e+02 -1.179383e+02
    endloop
  endfacet
  facet normal 2.798067e-15 -4.754107e-16 1.000000e+00
    outer loop
      vertex   -1.328325e+01 -1.109533e+02 -1.179383e+02
      vertex   -8.575608e+00 -1.131378e+02 -1.179383e+02
      vertex   -8.340805e+00 -1.117559e+02 -1.179383e+02
    endloop
  endfacet
  facet normal 2.759019e-15 -7.158665e-16 1.000000e+00
    outer loop
      vertex   -1.328325e+01 -1.109533e+02 -1.179383e+02
      vertex   -8.340805e+00 -1.117559e+02 -1.179383e+02
      vertex   -1.286500e+01 -1.093413e+02 -1.179383e+02
    endloop
  endfacet
  facet normal -2.157846e-15 -9.928522e-15 1.000000e+00
    outer loop
      vertex   -1.286500e+01 -1.093413e+02 -1.179383e+02
      vertex   -8.340805e+00 -1.117559e+02 -1.179383e+02
      vertex   -7.952748e+00 -1.104089e+02 -1.179383e+02
    endloop
  endfacet
  facet normal -0.000000e+00 0.000000e+00 1.000000e+00
    outer loop
      vertex   -1.286500e+01 -1.093413e+02 -1.179383e+02
      vertex   -7.952748e+00 -1.104089e+02 -1.179383e+02
      vertex   -1.229541e+01 -1.077764e+02 -1.179383e+02
    endloop
  endfacet
  facet normal 0.000000e+00 0.000000e+00 1.000000e+00
    outer loop
      vertex   -1.229541e+01 -1.077764e+02 -1.179383e+02
      vertex   -7.952748e+00 -1.104089e+02 -1.179383e+02
      vertex   -7.416317e+00 -1.091138e+02 -1.179383e+02
    endloop
  endfacet
  facet normal -0.000000e+00 0.000000e+00 1.000000e+00
    outer loop
      vertex   -1.229541e+01 -1.077764e+02 -1.179383e+02
      vertex   -7.416317e+00 -1.091138e+02 -1.179383e+02
      vertex   -1.157964e+01 -1.062727e+02 -1.179383e+02
    endloop
  endfacet
  facet normal 0.000000e+00 0.000000e+00 1.000000e+00
    outer loop
      vertex   -1.157964e+01 -1.062727e+02 -1.179383e+02
      vertex   -7.416317e+00 -1.091138e+02 -1.179383e+02
      vertex   -6.738258e+00 -1.078870e+02 -1.179383e+02
    endloop
  endfacet
  facet normal -0.000000e+00 0.000000e+00 1.000000e+00
    outer loop
      vertex   -1.157964e+01 -1.062727e+02 -1.179383e+02
      vertex   -6.738258e+00 -1.078870e+02 -1.179383e+02
      vertex   -1.072418e+01 -1.048438e+02 -1.179383e+02
    endloop
  endfacet
  facet normal 0.000000e+00 0.000000e+00 1.000000e+00
    outer loop
      vertex   -1.072418e+01 -1.048438e+02 -1.179383e+02
      vertex   -6.738258e+00 -1.078870e+02 -1.179383e+02
      vertex   -5.927099e+00 -1.067438e+02 -1.179383e+02
    endloop
  endfacet
  facet normal -6.498837e-15 -1.640831e-14 1.000000e+00
    outer loop
      vertex   -1.072418e+01 -1.048438e+02 -1.179383e+02
      vertex   -5.927099e+00 -1.067438e+02 -1.179383e+02
      vertex   -9.736769e+00 -1.035027e+02 -1.179383e+02
    endloop
  endfacet
  facet normal 4.238220e-15 -3.787505e-15 1.000000e+00
    outer loop
      vertex   -9.736769e+00 -1.035027e+02 -1.179383e+02
      vertex   -5.927099e+00 -1.067438e+02 -1.179383e+02
      vertex   -4.993041e+00 -1.056986e+02 -1.179383e+02
    endloop
  endfacet
  facet normal 4.236806e-15 -3.790561e-15 1.000000e+00
    outer loop
      vertex   -9.736769e+00 -1.035027e+02 -1.179383e+02
      vertex   -4.993041e+00 -1.056986e+02 -1.179383e+02
      vertex   -8.626354e+00 -1.022616e+02 -1.179383e+02
    endloop
  endfacet
  facet normal 3.864600e-15 -4.184029e-15 1.000000e+00
    outer loop
      vertex   -8.626354e+00 -1.022616e+02 -1.179383e+02
      vertex   -4.993041e+00 -1.056986e+02 -1.179383e+02
      vertex   -7.402989e+00 -1.011316e+02 -1.179383e+02
    endloop
  endfacet
  facet normal 3.779302e-15 -4.229041e-15 1.000000e+00
    outer loop
      vertex   -7.402989e+00 -1.011316e+02 -1.179383e+02
      vertex   -4.993041e+00 -1.056986e+02 -1.179383e+02
      vertex   -3.947828e+00 -1.047645e+02 -1.179383e+02
    endloop
  endfacet
  facet normal 3.453967e-15 -4.538460e-15 1.000000e+00
    outer loop
      vertex   -7.402989e+00 -1.011316e+02 -1.179383e+02
      vertex   -3.947828e+00 -1.047645e+02 -1.179383e+02
      vertex   -6.077753e+00 -1.001231e+02 -1.179383e+02
    endloop
  endfacet
  facet normal 3.277626e-15 -4.619381e-15 1.000000e+00
    outer loop
      vertex   -6.077753e+00 -1.001231e+02 -1.179383e+02
      vertex   -3.947828e+00 -1.047645e+02 -1.179383e+02
      vertex   -2.804607e+00 -1.039533e+02 -1.179383e+02
    endloop
  endfacet
  facet normal 3.008737e-15 -4.849159e-15 1.000000e+00
    outer loop
      vertex   -6.077753e+00 -1.001231e+02 -1.179383e+02
      vertex   -2.804607e+00 -1.039533e+02 -1.179383e+02
      vertex   -4.662649e+00 -9.924503e+01 -1.179383e+02
    endloop
  endfacet
  facet normal 2.738890e-15 -4.955648e-15 1.000000e+00
    outer loop
      vertex   -4.662649e+00 -9.924503e+01 -1.179383e+02
      vertex   -2.804607e+00 -1.039533e+02 -1.179383e+02
      vertex   -1.577753e+00 -1.032753e+02 -1.179383e+02
    endloop
  endfacet
  facet normal 2.533865e-15 -5.112582e-15 1.000000e+00
    outer loop
      vertex   -4.662649e+00 -9.924503e+01 -1.179383e+02
      vertex   -1.577753e+00 -1.032753e+02 -1.179383e+02
      vertex   -3.170490e+00 -9.850550e+01 -1.179383e+02
    endloop
  endfacet
  facet normal 2.168268e-15 -5.234663e-15 1.000000e+00
    outer loop
      vertex   -3.170490e+00 -9.850550e+01 -1.179383e+02
      vertex   -1.577753e+00 -1.032753e+02 -1.179383e+02
      vertex   -2.826941e-01 -1.027389e+02 -1.179383e+02
    endloop
  endfacet
  facet normal 2.034688e-15 -5.325785e-15 1.000000e+00
    outer loop
      vertex   -3.170490e+00 -9.850550e+01 -1.179383e+02
      vertex   -2.826941e-01 -1.027389e+02 -1.179383e+02
      vertex   -1.614791e+00 -9.791115e+01 -1.179383e+02
    endloop
  endfacet
  facet normal 1.571178e-15 -5.453680e-15 1.000000e+00
    outer loop
      vertex   -1.614791e+00 -9.791115e+01 -1.179383e+02
      vertex   -2.826941e-01 -1.027389e+02 -1.179383e+02
      vertex   1.064282e+00 -1.023508e+02 -1.179383e+02
    endloop
  endfacet
  facet normal 1.516846e-15 -5.486467e-15 1.000000e+00
    outer loop
      vertex   -1.614791e+00 -9.791115e+01 -1.179383e+02
      vertex   1.064282e+00 -1.023508e+02 -1.179383e+02
      vertex   -9.640199e-03 -9.746737e+01 -1.179383e+02
    endloop
  endfacet
  facet normal 9.879219e-16 -5.602783e-15 1.000000e+00
    outer loop
      vertex   -9.640199e-03 -9.746737e+01 -1.179383e+02
      vertex   1.064282e+00 -1.023508e+02 -1.179383e+02
      vertex   1.630426e+00 -9.717819e+01 -1.179383e+02
    endloop
  endfacet
  facet normal -2.000473e-14 -3.305131e-15 1.000000e+00
    outer loop
      vertex   1.630426e+00 -9.717819e+01 -1.179383e+02
      vertex   1.064282e+00 -1.023508e+02 -1.179383e+02
      vertex   2.446238e+00 -1.021160e+02 -1.179383e+02
    endloop
  endfacet
  facet normal -0.000000e+00 0.000000e+00 1.000000e+00
    outer loop
      vertex   1.630426e+00 -9.717819e+01 -1.179383e+02
      vertex   2.446238e+00 -1.021160e+02 -1.179383e+02
      vertex   3.290555e+00 -9.704621e+01 -1.179383e+02
    endloop
  endfacet
  facet normal 0.000000e+00 0.000000e+00 1.000000e+00
    outer loop
      vertex   3.290555e+00 -9.704621e+01 -1.179383e+02
      vertex   2.446238e+00 -1.021160e+02 -1.179383e+02
      vertex   3.845794e+00 -1.020374e+02 -1.179383e+02
    endloop
  endfacet
  facet normal 0.000000e+00 0.000000e+00 1.000000e+00
    outer loop
      vertex   3.290555e+00 -9.704621e+01 -1.179383e+02
      vertex   3.845794e+00 -1.020374e+02 -1.179383e+02
      vertex   4.955713e+00 -9.707263e+01 -1.179383e+02
    endloop
  endfacet
  facet normal 0.000000e+00 0.000000e+00 1.000000e+00
    outer loop
      vertex   4.955713e+00 -9.707263e+01 -1.179383e+02
      vertex   3.845794e+00 -1.020374e+02 -1.179383e+02
      vertex   5.245350e+00 -1.021160e+02 -1.179383e+02
    endloop
  endfacet
  facet normal 0.000000e+00 0.000000e+00 1.000000e+00
    outer loop
      vertex   4.955713e+00 -9.707263e+01 -1.179383e+02
      vertex   5.245350e+00 -1.021160e+02 -1.179383e+02
      vertex   6.610819e+00 -9.725721e+01 -1.179383e+02
    endloop
  endfacet
  facet normal 1.962903e-14 -5.516370e-15 1.000000e+00
    outer loop
      vertex   6.610819e+00 -9.725721e+01 -1.179383e+02
      vertex   5.245350e+00 -1.021160e+02 -1.179383e+02
      vertex   6.627306e+00 -1.023508e+02 -1.179383e+02
    endloop
  endfacet
  facet normal -1.168343e-15 -5.583688e-15 1.000000e+00
    outer loop
      vertex   6.610819e+00 -9.725721e+01 -1.179383e+02
      vertex   6.627306e+00 -1.023508e+02 -1.179383e+02
      vertex   8.240884e+00 -9.759829e+01 -1.179383e+02
    endloop
  endfacet
  facet normal -1.569403e-15 -5.447519e-15 1.000000e+00
    outer loop
      vertex   8.240884e+00 -9.759829e+01 -1.179383e+02
      vertex   6.627306e+00 -1.023508e+02 -1.179383e+02
      vertex   7.974282e+00 -1.027389e+02 -1.179383e+02
    endloop
  endfacet
  facet normal 6.866289e-14 -9.089931e-15 1.000000e+00
    outer loop
      vertex   8.240884e+00 -9.759829e+01 -1.179383e+02
      vertex   7.974282e+00 -1.027389e+02 -1.179383e+02
      vertex   9.831147e+00 -9.809277e+01 -1.179383e+02
    endloop
  endfacet
  facet normal 6.521986e-15 1.574547e-14 1.000000e+00
    outer loop
      vertex   9.831147e+00 -9.809277e+01 -1.179383e+02
      vertex   7.974282e+00 -1.027389e+02 -1.179383e+02
      vertex   9.269341e+00 -1.032753e+02 -1.179383e+02
    endloop
  endfacet
  facet normal -6.420525e-14 2.341260e-14 1.000000e+00
    outer loop
      vertex   9.831147e+00 -9.809277e+01 -1.179383e+02
      vertex   9.269341e+00 -1.032753e+02 -1.179383e+02
      vertex   1.136721e+01 -9.873618e+01 -1.179383e+02
    endloop
  endfacet
  facet normal -2.688977e-15 -5.018744e-15 1.000000e+00
    outer loop
      vertex   1.136721e+01 -9.873618e+01 -1.179383e+02
      vertex   9.269341e+00 -1.032753e+02 -1.179383e+02
      vertex   1.283515e+01 -9.952269e+01 -1.179383e+02
    endloop
  endfacet
  facet normal -2.744568e-15 -4.965921e-15 1.000000e+00
    outer loop
      vertex   1.283515e+01 -9.952269e+01 -1.179383e+02
      vertex   9.269341e+00 -1.032753e+02 -1.179383e+02
      vertex   1.049620e+01 -1.039533e+02 -1.179383e+02
    endloop
  endfacet
  facet normal -3.158510e-15 -4.747400e-15 1.000000e+00
    outer loop
      vertex   1.283515e+01 -9.952269e+01 -1.179383e+02
      vertex   1.049620e+01 -1.039533e+02 -1.179383e+02
      vertex   1.422168e+01 -1.004452e+02 -1.179383e+02
    endloop
  endfacet
  facet normal -3.278243e-15 -4.620251e-15 1.000000e+00
    outer loop
      vertex   1.422168e+01 -1.004452e+02 -1.179383e+02
      vertex   1.049620e+01 -1.039533e+02 -1.179383e+02
      vertex   1.163942e+01 -1.047645e+02 -1.179383e+02
    endloop
  endfacet
  facet normal -3.598171e-15 -4.428985e-15 1.000000e+00
    outer loop
      vertex   1.422168e+01 -1.004452e+02 -1.179383e+02
      vertex   1.163942e+01 -1.047645e+02 -1.179383e+02
      vertex   1.551425e+01 -1.014953e+02 -1.179383e+02
    endloop
  endfacet
  facet normal -3.772905e-15 -4.221883e-15 1.000000e+00
    outer loop
      vertex   1.551425e+01 -1.014953e+02 -1.179383e+02
      vertex   1.163942e+01 -1.047645e+02 -1.179383e+02
      vertex   1.268463e+01 -1.056986e+02 -1.179383e+02
    endloop
  endfacet
  facet normal -4.002977e-15 -4.067000e-15 1.000000e+00
    outer loop
      vertex   1.551425e+01 -1.014953e+02 -1.179383e+02
      vertex   1.268463e+01 -1.056986e+02 -1.179383e+02
      vertex   1.670115e+01 -1.026635e+02 -1.179383e+02
    endloop
  endfacet
  facet normal -4.223869e-15 -3.774680e-15 1.000000e+00
    outer loop
      vertex   1.670115e+01 -1.026635e+02 -1.179383e+02
      vertex   1.268463e+01 -1.056986e+02 -1.179383e+02
      vertex   1.361869e+01 -1.067438e+02 -1.179383e+02
    endloop
  endfacet
  facet normal -4.368382e-15 -3.665507e-15 1.000000e+00
    outer loop
      vertex   1.670115e+01 -1.026635e+02 -1.179383e+02
      vertex   1.361869e+01 -1.067438e+02 -1.179383e+02
      vertex   1.777163e+01 -1.039392e+02 -1.179383e+02
    endloop
  endfacet
  facet normal -4.626780e-15 -3.282875e-15 1.000000e+00
    outer loop
      vertex   1.777163e+01 -1.039392e+02 -1.179383e+02
      vertex   1.361869e+01 -1.067438e+02 -1.179383e+02
      vertex   1.442985e+01 -1.078870e+02 -1.179383e+02
    endloop
  endfacet
  facet normal -3.930415e-15 1.859241e-14 -1.000000e+00
    outer loop
      vertex   -1.043599e+01 -1.246508e+02 -1.429383e+02
      vertex   -4.325655e+00 -1.203017e+02 -1.429383e+02
      vertex   -9.409984e+00 -1.259626e+02 -1.429383e+02
    endloop
  endfacet
  facet normal -8.211812e-15 2.243778e-14 -1.000000e+00
    outer loop
      vertex   -9.409984e+00 -1.259626e+02 -1.429383e+02
      vertex   -4.325655e+00 -1.203017e+02 -1.429383e+02
      vertex   -3.538759e+00 -1.212804e+02 -1.429383e+02
    endloop
  endfacet
  facet normal 1.619222e-14 -8.163943e-15 -1.000000e+00
    outer loop
      vertex   -9.409984e+00 -1.259626e+02 -1.429383e+02
      vertex   -3.538759e+00 -1.212804e+02 -1.429383e+02
      vertex   -8.263930e+00 -1.271709e+02 -1.429383e+02
    endloop
  endfacet
  facet normal 2.625585e-15 2.718872e-15 -1.000000e+00
    outer loop
      vertex   -8.263930e+00 -1.271709e+02 -1.429383e+02
      vertex   -3.538759e+00 -1.212804e+02 -1.429383e+02
      vertex   -2.635405e+00 -1.221528e+02 -1.429383e+02
    endloop
  endfacet
  facet normal 2.495550e-15 2.864726e-15 -1.000000e+00
    outer loop
      vertex   -8.263930e+00 -1.271709e+02 -1.429383e+02
      vertex   -2.635405e+00 -1.221528e+02 -1.429383e+02
      vertex   -7.008208e+00 -1.282648e+02 -1.429383e+02
    endloop
  endfacet
  facet normal 2.265967e-15 3.028980e-15 -1.000000e+00
    outer loop
      vertex   -7.008208e+00 -1.282648e+02 -1.429383e+02
      vertex   -2.635405e+00 -1.221528e+02 -1.429383e+02
      vertex   -1.629838e+00 -1.229050e+02 -1.429383e+02
    endloop
  endfacet
  facet normal 2.209533e-15 3.085610e-15 -1.000000e+00
    outer loop
      vertex   -7.008208e+00 -1.282648e+02 -1.429383e+02
      vertex   -1.629838e+00 -1.229050e+02 -1.429383e+02
      vertex   -5.654191e+00 -1.292343e+02 -1.429383e+02
    endloop
  endfacet
  facet normal 1.904863e-15 3.279328e-15 -1.000000e+00
    outer loop
      vertex   -5.654191e+00 -1.292343e+02 -1.429383e+02
      vertex   -1.629838e+00 -1.229050e+02 -1.429383e+02
      vertex   -4.214141e+00 -1.300708e+02 -1.429383e+02
    endloop
  endfacet
  facet normal 1.870050e-15 3.291883e-15 -1.000000e+00
    outer loop
      vertex   -4.214141e+00 -1.300708e+02 -1.429383e+02
      vertex   -1.629838e+00 -1.229050e+02 -1.429383e+02
      vertex   -5.379173e-01 -1.235253e+02 -1.429383e+02
    endloop
  endfacet
  facet normal 1.586968e-15 3.450874e-15 -1.000000e+00
    outer loop
      vertex   -4.214141e+00 -1.300708e+02 -1.429383e+02
      vertex   -5.379173e-01 -1.235253e+02 -1.429383e+02
      vertex   -2.701098e+00 -1.307666e+02 -1.429383e+02
    endloop
  endfacet
  facet normal 1.440395e-15 3.494660e-15 -1.000000e+00
    outer loop
      vertex   -2.701098e+00 -1.307666e+02 -1.429383e+02
      vertex   -5.379173e-01 -1.235253e+02 -1.429383e+02
      vertex   6.231372e-01 -1.240039e+02 -1.429383e+02
    endloop
  endfacet
  facet normal 1.252138e-15 3.587197e-15 -1.000000e+00
    outer loop
      vertex   -2.701098e+00 -1.307666e+02 -1.429383e+02
      vertex   6.231372e-01 -1.240039e+02 -1.429383e+02
      vertex   -1.128766e+00 -1.313155e+02 -1.429383e+02
    endloop
  endfacet
  facet normal 9.915821e-16 3.649628e-15 -1.000000e+00
    outer loop
      vertex   -1.128766e+00 -1.313155e+02 -1.429383e+02
      vertex   6.231372e-01 -1.240039e+02 -1.429383e+02
      vertex   1.835015e+00 -1.243331e+02 -1.429383e+02
    endloop
  endfacet
  facet normal 9.046387e-16 3.686533e-15 -1.000000e+00
    outer loop
      vertex   -1.128766e+00 -1.313155e+02 -1.429383e+02
      vertex   1.835015e+00 -1.243331e+02 -1.429383e+02
      vertex   4.886160e-01 -1.317124e+02 -1.429383e+02
    endloop
  endfacet
  facet normal 5.494571e-16 3.751339e-15 -1.000000e+00
    outer loop
      vertex   4.886160e-01 -1.317124e+02 -1.429383e+02
      vertex   1.835015e+00 -1.243331e+02 -1.429383e+02
      vertex   2.136402e+00 -1.319537e+02 -1.429383e+02
    endloop
  endfacet
  facet normal 5.270920e-16 3.750455e-15 -1.000000e+00
    outer loop
      vertex   2.136402e+00 -1.319537e+02 -1.429383e+02
      vertex   1.835015e+00 -1.243331e+02 -1.429383e+02
      vertex   3.078604e+00 -1.245079e+02 -1.429383e+02
    endloop
  endfacet
  facet normal 1.907055e-16 3.793021e-15 -1.000000e+00
    outer loop
      vertex   2.136402e+00 -1.319537e+02 -1.429383e+02
      vertex   3.078604e+00 -1.245079e+02 -1.429383e+02
      vertex   3.799668e+00 -1.320373e+02 -1.429383e+02
    endloop
  endfacet
  facet normal 5.277957e-17 3.779813e-15 -1.000000e+00
    outer loop
      vertex   3.799668e+00 -1.320373e+02 -1.429383e+02
      vertex   3.078604e+00 -1.245079e+02 -1.429383e+02
      vertex   4.334292e+00 -1.245255e+02 -1.429383e+02
    endloop
  endfacet
  facet normal -1.707864e-16 3.795724e-15 -1.000000e+00
    outer loop
      vertex   3.799668e+00 -1.320373e+02 -1.429383e+02
      vertex   4.334292e+00 -1.245255e+02 -1.429383e+02
      vertex   5.463352e+00 -1.319625e+02 -1.429383e+02
    endloop
  endfacet
  facet normal -4.520703e-14 -3.041504e-15 -1.000000e+00
    outer loop
      vertex   5.463352e+00 -1.319625e+02 -1.429383e+02
      vertex   4.334292e+00 -1.245255e+02 -1.429383e+02
      vertex   5.582276e+00 -1.243855e+02 -1.429383e+02
    endloop
  endfacet
  facet normal 5.304062e-16 -3.759373e-15 -1.000000e+00
    outer loop
      vertex   5.463352e+00 -1.319625e+02 -1.429383e+02
      vertex   5.582276e+00 -1.243855e+02 -1.429383e+02
      vertex   7.112387e+00 -1.317298e+02 -1.429383e+02
    endloop
  endfacet
  facet normal 8.838691e-16 -3.685733e-15 -1.000000e+00
    outer loop
      vertex   7.112387e+00 -1.317298e+02 -1.429383e+02
      vertex   5.582276e+00 -1.243855e+02 -1.429383e+02
      vertex   8.731839e+00 -1.313415e+02 -1.429383e+02
    endloop
  endfacet
  facet normal 4.286335e-14 1.532192e-14 -1.000000e+00
    outer loop
      vertex   8.731839e+00 -1.313415e+02 -1.429383e+02
      vertex   5.582276e+00 -1.243855e+02 -1.429383e+02
      vertex   6.802875e+00 -1.240902e+02 -1.429383e+02
    endloop
  endfacet
  facet normal -1.232500e-15 3.591677e-15 -1.000000e+00
    outer loop
      vertex   8.731839e+00 -1.313415e+02 -1.429383e+02
      vertex   6.802875e+00 -1.240902e+02 -1.429383e+02
      vertex   1.030704e+01 -1.308009e+02 -1.429383e+02
    endloop
  endfacet
  facet normal -1.342526e-15 3.534225e-15 -1.000000e+00
    outer loop
      vertex   1.030704e+01 -1.308009e+02 -1.429383e+02
      vertex   6.802875e+00 -1.240902e+02 -1.429383e+02
      vertex   7.976838e+00 -1.236442e+02 -1.429383e+02
    endloop
  endfacet
  facet normal 1.475898e-14 8.776844e-15 -1.000000e+00
    outer loop
      vertex   1.030704e+01 -1.308009e+02 -1.429383e+02
      vertex   7.976838e+00 -1.236442e+02 -1.429383e+02
      vertex   1.182373e+01 -1.301131e+02 -1.429383e+02
    endloop
  endfacet
  facet normal 0.000000e+00 0.000000e+00 -1.000000e+00
    outer loop
      vertex   1.182373e+01 -1.301131e+02 -1.429383e+02
      vertex   7.976838e+00 -1.236442e+02 -1.429383e+02
      vertex   9.085653e+00 -1.230547e+02 -1.429383e+02
    endloop
  endfacet
  facet normal -1.609406e-14 -6.243141e-15 -1.000000e+00
    outer loop
      vertex   1.182373e+01 -1.301131e+02 -1.429383e+02
      vertex   9.085653e+00 -1.230547e+02 -1.429383e+02
      vertex   1.326817e+01 -1.292842e+02 -1.429383e+02
    endloop
  endfacet
  facet normal -2.184022e-15 3.096048e-15 -1.000000e+00
    outer loop
      vertex   1.326817e+01 -1.292842e+02 -1.429383e+02
      vertex   9.085653e+00 -1.230547e+02 -1.429383e+02
      vertex   1.011183e+01 -1.223308e+02 -1.429383e+02
    endloop
  endfacet
  facet normal -2.190370e-15 3.093166e-15 -1.000000e+00
    outer loop
      vertex   1.326817e+01 -1.292842e+02 -1.429383e+02
      vertex   1.011183e+01 -1.223308e+02 -1.429383e+02
      vertex   1.462728e+01 -1.283218e+02 -1.429383e+02
    endloop
  endfacet
  facet normal -2.478699e-15 2.875852e-15 -1.000000e+00
    outer loop
      vertex   1.462728e+01 -1.283218e+02 -1.429383e+02
      vertex   1.011183e+01 -1.223308e+02 -1.429383e+02
      vertex   1.588875e+01 -1.272345e+02 -1.429383e+02
    endloop
  endfacet
  facet normal -2.549669e-15 2.792244e-15 -1.000000e+00
    outer loop
      vertex   1.588875e+01 -1.272345e+02 -1.429383e+02
      vertex   1.011183e+01 -1.223308e+02 -1.429383e+02
      vertex   1.103919e+01 -1.214840e+02 -1.429383e+02
    endloop
  endfacet
  facet normal -2.742956e-15 2.629241e-15 -1.000000e+00
    outer loop
      vertex   1.588875e+01 -1.272345e+02 -1.429383e+02
      vertex   1.103919e+01 -1.214840e+02 -1.429383e+02
      vertex   1.704116e+01 -1.260323e+02 -1.429383e+02
    endloop
  endfacet
  facet normal -2.878768e-15 2.450023e-15 -1.000000e+00
    outer loop
      vertex   1.704116e+01 -1.260323e+02 -1.429383e+02
      vertex   1.103919e+01 -1.214840e+02 -1.429383e+02
      vertex   1.185311e+01 -1.205276e+02 -1.429383e+02
    endloop
  endfacet
  facet normal -2.979063e-15 2.355496e-15 -1.000000e+00
    outer loop
      vertex   1.704116e+01 -1.260323e+02 -1.429383e+02
      vertex   1.185311e+01 -1.205276e+02 -1.429383e+02
      vertex   1.807407e+01 -1.247259e+02 -1.429383e+02
    endloop
  endfacet
  facet normal -3.169148e-15 2.073832e-15 -1.000000e+00
    outer loop
      vertex   1.807407e+01 -1.247259e+02 -1.429383e+02
      vertex   1.185311e+01 -1.205276e+02 -1.429383e+02
      vertex   1.254074e+01 -1.194768e+02 -1.429383e+02
    endloop
  endfacet
  facet normal 8.765891e-15 1.465508e-14 -1.000000e+00
    outer loop
      vertex   1.807407e+01 -1.247259e+02 -1.429383e+02
      vertex   1.254074e+01 -1.194768e+02 -1.429383e+02
      vertex   1.897812e+01 -1.233273e+02 -1.429383e+02
    endloop
  endfacet
  facet normal 0.000000e+00 0.000000e+00 -1.000000e+00
    outer loop
      vertex   1.897812e+01 -1.233273e+02 -1.429383e+02
      vertex   1.254074e+01 -1.194768e+02 -1.429383e+02
      vertex   1.974514e+01 -1.218491e+02 -1.429383e+02
    endloop
  endfacet
  facet normal 0.000000e+00 0.000000e+00 -1.000000e+00
    outer loop
      vertex   1.974514e+01 -1.218491e+02 -1.429383e+02
      vertex   1.254074e+01 -1.194768e+02 -1.429383e+02
      vertex   1.309125e+01 -1.183481e+02 -1.429383e+02
    endloop
  endfacet
  facet normal 0.000000e+00 0.000000e+00 -1.000000e+00
    outer loop
      vertex   1.974514e+01 -1.218491e+02 -1.429383e+02
      vertex   1.309125e+01 -1.183481e+02 -1.429383e+02
      vertex   2.036816e+01 -1.203047e+02 -1.429383e+02
    endloop
  endfacet
  facet normal 5.889059e-15 2.190286e-14 -1.000000e+00
    outer loop
      vertex   2.036816e+01 -1.203047e+02 -1.429383e+02
      vertex   1.309125e+01 -1.183481e+02 -1.429383e+02
      vertex   1.349596e+01 -1.171593e+02 -1.429383e+02
    endloop
  endfacet
  facet normal -3.641577e-15 1.079698e-15 -1.000000e+00
    outer loop
      vertex   2.036816e+01 -1.203047e+02 -1.429383e+02
      vertex   1.349596e+01 -1.171593e+02 -1.429383e+02
      vertex   2.084156e+01 -1.187080e+02 -1.429383e+02
    endloop
  endfacet
  facet normal -3.708708e-15 7.612885e-16 -1.000000e+00
    outer loop
      vertex   2.084156e+01 -1.187080e+02 -1.429383e+02
      vertex   1.349596e+01 -1.171593e+02 -1.429383e+02
      vertex   1.374847e+01 -1.159291e+02 -1.429383e+02
    endloop
  endfacet
  facet normal -3.721936e-15 7.275242e-16 -1.000000e+00
    outer loop
      vertex   2.084156e+01 -1.187080e+02 -1.429383e+02
      vertex   1.374847e+01 -1.159291e+02 -1.429383e+02
      vertex   2.116104e+01 -1.170736e+02 -1.429383e+02
    endloop
  endfacet
  facet normal -1.169012e-15 1.726308e-14 -1.000000e+00
    outer loop
      vertex   2.116104e+01 -1.170736e+02 -1.429383e+02
      vertex   1.374847e+01 -1.159291e+02 -1.429383e+02
      vertex   2.132372e+01 -1.154161e+02 -1.429383e+02
    endloop
  endfacet
  facet normal -0.000000e+00 0.000000e+00 -1.000000e+00
    outer loop
      vertex   2.132372e+01 -1.154161e+02 -1.429383e+02
      vertex   1.374847e+01 -1.159291e+02 -1.429383e+02
      vertex   1.384482e+01 -1.146770e+02 -1.429383e+02
    endloop
  endfacet
  facet normal 0.000000e+00 0.000000e+00 -1.000000e+00
    outer loop
      vertex   2.132372e+01 -1.154161e+02 -1.429383e+02
      vertex   1.384482e+01 -1.146770e+02 -1.429383e+02
      vertex   2.132811e+01 -1.137508e+02 -1.429383e+02
    endloop
  endfacet
  facet normal -0.000000e+00 0.000000e+00 -1.000000e+00
    outer loop
      vertex   2.132811e+01 -1.137508e+02 -1.429383e+02
      vertex   1.384482e+01 -1.146770e+02 -1.429383e+02
      vertex   1.378347e+01 -1.134227e+02 -1.429383e+02
    endloop
  endfacet
  facet normal 0.000000e+00 0.000000e+00 -1.000000e+00
    outer loop
      vertex   2.132811e+01 -1.137508e+02 -1.429383e+02
      vertex   1.378347e+01 -1.134227e+02 -1.429383e+02
      vertex   2.117417e+01 -1.120926e+02 -1.429383e+02
    endloop
  endfacet
  facet normal 0.000000e+00 0.000000e+00 -1.000000e+00
    outer loop
      vertex   2.117417e+01 -1.120926e+02 -1.429383e+02
      vertex   1.378347e+01 -1.134227e+02 -1.429383e+02
      vertex   1.356540e+01 -1.121860e+02 -1.429383e+02
    endloop
  endfacet
  facet normal -0.000000e+00 0.000000e+00 -1.000000e+00
    outer loop
      vertex   2.117417e+01 -1.120926e+02 -1.429383e+02
      vertex   1.356540e+01 -1.121860e+02 -1.429383e+02
      vertex   2.086331e+01 -1.104565e+02 -1.429383e+02
    endloop
  endfacet
  facet normal -0.000000e+00 0.000000e+00 -1.000000e+00
    outer loop
      vertex   2.086331e+01 -1.104565e+02 -1.429383e+02
      vertex   1.356540e+01 -1.121860e+02 -1.429383e+02
      vertex   2.039834e+01 -1.088573e+02 -1.429383e+02
    endloop
  endfacet
  facet normal 0.000000e+00 0.000000e+00 -1.000000e+00
    outer loop
      vertex   2.039834e+01 -1.088573e+02 -1.429383e+02
      vertex   1.356540e+01 -1.121860e+02 -1.429383e+02
      vertex   1.319405e+01 -1.109863e+02 -1.429383e+02
    endloop
  endfacet
  facet normal -0.000000e+00 0.000000e+00 -1.000000e+00
    outer loop
      vertex   2.039834e+01 -1.088573e+02 -1.429383e+02
      vertex   1.319405e+01 -1.109863e+02 -1.429383e+02
      vertex   1.978346e+01 -1.073096e+02 -1.429383e+02
    endloop
  endfacet
  facet normal 0.000000e+00 0.000000e+00 -1.000000e+00
    outer loop
      vertex   1.978346e+01 -1.073096e+02 -1.429383e+02
      vertex   1.319405e+01 -1.109863e+02 -1.429383e+02
      vertex   1.267527e+01 -1.098427e+02 -1.429383e+02
    endloop
  endfacet
  facet normal -5.778381e-15 1.621508e-14 -1.000000e+00
    outer loop
      vertex   1.978346e+01 -1.073096e+02 -1.429383e+02
      vertex   1.267527e+01 -1.098427e+02 -1.429383e+02
      vertex   1.902425e+01 -1.058274e+02 -1.429383e+02
    endloop
  endfacet
  facet normal 3.222704e-15 1.982621e-15 -1.000000e+00
    outer loop
      vertex   1.902425e+01 -1.058274e+02 -1.429383e+02
      vertex   1.267527e+01 -1.098427e+02 -1.429383e+02
      vertex   1.201724e+01 -1.087731e+02 -1.429383e+02
    endloop
  endfacet
  facet normal 3.197352e-15 2.042925e-15 -1.000000e+00
    outer loop
      vertex   1.902425e+01 -1.058274e+02 -1.429383e+02
      vertex   1.201724e+01 -1.087731e+02 -1.429383e+02
      vertex   1.812758e+01 -1.044240e+02 -1.429383e+02
    endloop
  endfacet
  facet normal 2.987996e-15 2.337066e-15 -1.000000e+00
    outer loop
      vertex   1.812758e+01 -1.044240e+02 -1.429383e+02
      vertex   1.201724e+01 -1.087731e+02 -1.429383e+02
      vertex   1.710157e+01 -1.031122e+02 -1.429383e+02
    endloop
  endfacet
  facet normal 2.949607e-15 2.371545e-15 -1.000000e+00
    outer loop
      vertex   1.710157e+01 -1.031122e+02 -1.429383e+02
      vertex   1.201724e+01 -1.087731e+02 -1.429383e+02
      vertex   1.123035e+01 -1.077944e+02 -1.429383e+02
    endloop
  endfacet
  facet normal 2.756143e-15 2.614142e-15 -1.000000e+00
    outer loop
      vertex   1.710157e+01 -1.031122e+02 -1.429383e+02
      vertex   1.123035e+01 -1.077944e+02 -1.429383e+02
      vertex   1.595552e+01 -1.019039e+02 -1.429383e+02
    endloop
  endfacet
  facet normal 2.625585e-15 2.718872e-15 -1.000000e+00
    outer loop
      vertex   1.595552e+01 -1.019039e+02 -1.429383e+02
      vertex   1.123035e+01 -1.077944e+02 -1.429383e+02
      vertex   1.032699e+01 -1.069220e+02 -1.429383e+02
    endloop
  endfacet
  facet normal 2.495550e-15 2.864726e-15 -1.000000e+00
    outer loop
      vertex   1.595552e+01 -1.019039e+02 -1.429383e+02
      vertex   1.032699e+01 -1.069220e+02 -1.429383e+02
      vertex   1.469980e+01 -1.008100e+02 -1.429383e+02
    endloop
  endfacet
  facet normal 2.265967e-15 3.028980e-15 -1.000000e+00
    outer loop
      vertex   1.469980e+01 -1.008100e+02 -1.429383e+02
      vertex   1.032699e+01 -1.069220e+02 -1.429383e+02
      vertex   9.321426e+00 -1.061698e+02 -1.429383e+02
    endloop
  endfacet
  facet normal 2.209533e-15 3.085610e-15 -1.000000e+00
    outer loop
      vertex   1.469980e+01 -1.008100e+02 -1.429383e+02
      vertex   9.321426e+00 -1.061698e+02 -1.429383e+02
      vertex   1.334578e+01 -9.984045e+01 -1.429383e+02
    endloop
  endfacet
  facet normal 1.904863e-15 3.279328e-15 -1.000000e+00
    outer loop
      vertex   1.334578e+01 -9.984045e+01 -1.429383e+02
      vertex   9.321426e+00 -1.061698e+02 -1.429383e+02
      vertex   1.190573e+01 -9.900397e+01 -1.429383e+02
    endloop
  endfacet
  facet normal 1.870050e-15 3.291883e-15 -1.000000e+00
    outer loop
      vertex   1.190573e+01 -9.900397e+01 -1.429383e+02
      vertex   9.321426e+00 -1.061698e+02 -1.429383e+02
      vertex   8.229506e+00 -1.055495e+02 -1.429383e+02
    endloop
  endfacet
  facet normal 1.586968e-15 3.450874e-15 -1.000000e+00
    outer loop
      vertex   1.190573e+01 -9.900397e+01 -1.429383e+02
      vertex   8.229506e+00 -1.055495e+02 -1.429383e+02
      vertex   1.039269e+01 -9.830816e+01 -1.429383e+02
    endloop
  endfacet
  facet normal 1.440395e-15 3.494660e-15 -1.000000e+00
    outer loop
      vertex   1.039269e+01 -9.830816e+01 -1.429383e+02
      vertex   8.229506e+00 -1.055495e+02 -1.429383e+02
      vertex   7.068451e+00 -1.050709e+02 -1.429383e+02
    endloop
  endfacet
  facet normal 1.252138e-15 3.587197e-15 -1.000000e+00
    outer loop
      vertex   1.039269e+01 -9.830816e+01 -1.429383e+02
      vertex   7.068451e+00 -1.050709e+02 -1.429383e+02
      vertex   8.820355e+00 -9.775932e+01 -1.429383e+02
    endloop
  endfacet
  facet normal 9.915821e-16 3.649628e-15 -1.000000e+00
    outer loop
      vertex   8.820355e+00 -9.775932e+01 -1.429383e+02
      vertex   7.068451e+00 -1.050709e+02 -1.429383e+02
      vertex   5.856573e+00 -1.047416e+02 -1.429383e+02
    endloop
  endfacet
  facet normal 9.046387e-16 3.686533e-15 -1.000000e+00
    outer loop
      vertex   8.820355e+00 -9.775932e+01 -1.429383e+02
      vertex   5.856573e+00 -1.047416e+02 -1.429383e+02
      vertex   7.202972e+00 -9.736243e+01 -1.429383e+02
    endloop
  endfacet
  facet normal 5.494571e-16 3.751339e-15 -1.000000e+00
    outer loop
      vertex   7.202972e+00 -9.736243e+01 -1.429383e+02
      vertex   5.856573e+00 -1.047416e+02 -1.429383e+02
      vertex   5.555187e+00 -9.712108e+01 -1.429383e+02
    endloop
  endfacet
  facet normal 5.270920e-16 3.750455e-15 -1.000000e+00
    outer loop
      vertex   5.555187e+00 -9.712108e+01 -1.429383e+02
      vertex   5.856573e+00 -1.047416e+02 -1.429383e+02
      vertex   4.612984e+00 -1.045669e+02 -1.429383e+02
    endloop
  endfacet
  facet normal 1.907055e-16 3.793021e-15 -1.000000e+00
    outer loop
      vertex   5.555187e+00 -9.712108e+01 -1.429383e+02
      vertex   4.612984e+00 -1.045669e+02 -1.429383e+02
      vertex   3.891920e+00 -9.703746e+01 -1.429383e+02
    endloop
  endfacet
  facet normal 5.277957e-17 3.779813e-15 -1.000000e+00
    outer loop
      vertex   3.891920e+00 -9.703746e+01 -1.429383e+02
      vertex   4.612984e+00 -1.045669e+02 -1.429383e+02
      vertex   3.357296e+00 -1.045493e+02 -1.429383e+02
    endloop
  endfacet
  facet normal -1.707864e-16 3.795724e-15 -1.000000e+00
    outer loop
      vertex   3.891920e+00 -9.703746e+01 -1.429383e+02
      vertex   3.357296e+00 -1.045493e+02 -1.429383e+02
      vertex   2.228237e+00 -9.711231e+01 -1.429383e+02
    endloop
  endfacet
  facet normal -4.214895e-16 3.757663e-15 -1.000000e+00
    outer loop
      vertex   2.228237e+00 -9.711231e+01 -1.429383e+02
      vertex   3.357296e+00 -1.045493e+02 -1.429383e+02
      vertex   2.109312e+00 -1.046893e+02 -1.429383e+02
    endloop
  endfacet
  facet normal -5.304062e-16 3.759373e-15 -1.000000e+00
    outer loop
      vertex   2.228237e+00 -9.711231e+01 -1.429383e+02
      vertex   2.109312e+00 -1.046893e+02 -1.429383e+02
      vertex   5.792017e-01 -9.734497e+01 -1.429383e+02
    endloop
  endfacet
  facet normal -8.838691e-16 3.685733e-15 -1.000000e+00
    outer loop
      vertex   5.792017e-01 -9.734497e+01 -1.429383e+02
      vertex   2.109312e+00 -1.046893e+02 -1.429383e+02
      vertex   -1.040251e+00 -9.773333e+01 -1.429383e+02
    endloop
  endfacet
  facet normal -8.909022e-16 3.682548e-15 -1.000000e+00
    outer loop
      vertex   -1.040251e+00 -9.773333e+01 -1.429383e+02
      vertex   2.109312e+00 -1.046893e+02 -1.429383e+02
      vertex   8.887136e-01 -1.049846e+02 -1.429383e+02
    endloop
  endfacet
  facet normal -1.232500e-15 3.591677e-15 -1.000000e+00
    outer loop
      vertex   -1.040251e+00 -9.773333e+01 -1.429383e+02
      vertex   8.887136e-01 -1.049846e+02 -1.429383e+02
      vertex   -2.615454e+00 -9.827387e+01 -1.429383e+02
    endloop
  endfacet
  facet normal -1.342526e-15 3.534225e-15 -1.000000e+00
    outer loop
      vertex   -2.615454e+00 -9.827387e+01 -1.429383e+02
      vertex   8.887136e-01 -1.049846e+02 -1.429383e+02
      vertex   -2.852502e-01 -1.054306e+02 -1.429383e+02
    endloop
  endfacet
  facet normal 1.475898e-14 8.776844e-15 -1.000000e+00
    outer loop
      vertex   -2.615454e+00 -9.827387e+01 -1.429383e+02
      vertex   -2.852502e-01 -1.054306e+02 -1.429383e+02
      vertex   -4.132143e+00 -9.896169e+01 -1.429383e+02
    endloop
  endfacet
  facet normal 0.000000e+00 0.000000e+00 -1.000000e+00
    outer loop
      vertex   -4.132143e+00 -9.896169e+01 -1.429383e+02
      vertex   -2.852502e-01 -1.054306e+02 -1.429383e+02
      vertex   -1.394065e+00 -1.060201e+02 -1.429383e+02
    endloop
  endfacet
  facet normal -1.609406e-14 -6.243141e-15 -1.000000e+00
    outer loop
      vertex   -4.132143e+00 -9.896169e+01 -1.429383e+02
      vertex   -1.394065e+00 -1.060201e+02 -1.429383e+02
      vertex   -5.576583e+00 -9.979057e+01 -1.429383e+02
    endloop
  endfacet
  facet normal -2.184022e-15 3.096048e-15 -1.000000e+00
    outer loop
      vertex   -5.576583e+00 -9.979057e+01 -1.429383e+02
      vertex   -1.394065e+00 -1.060201e+02 -1.429383e+02
      vertex   -2.420244e+00 -1.067440e+02 -1.429383e+02
    endloop
  endfacet
  facet normal -2.190370e-15 3.093166e-15 -1.000000e+00
    outer loop
      vertex   -5.576583e+00 -9.979057e+01 -1.429383e+02
      vertex   -2.420244e+00 -1.067440e+02 -1.429383e+02
      vertex   -6.935693e+00 -1.007530e+02 -1.429383e+02
    endloop
  endfacet
  facet normal -2.478699e-15 2.875852e-15 -1.000000e+00
    outer loop
      vertex   -6.935693e+00 -1.007530e+02 -1.429383e+02
      vertex   -2.420244e+00 -1.067440e+02 -1.429383e+02
      vertex   -8.197163e+00 -1.018403e+02 -1.429383e+02
    endloop
  endfacet
  facet normal -2.549669e-15 2.792244e-15 -1.000000e+00
    outer loop
      vertex   -8.197163e+00 -1.018403e+02 -1.429383e+02
      vertex   -2.420244e+00 -1.067440e+02 -1.429383e+02
      vertex   -3.347604e+00 -1.075908e+02 -1.429383e+02
    endloop
  endfacet
  facet normal -2.742956e-15 2.629241e-15 -1.000000e+00
    outer loop
      vertex   -8.197163e+00 -1.018403e+02 -1.429383e+02
      vertex   -3.347604e+00 -1.075908e+02 -1.429383e+02
      vertex   -9.349571e+00 -1.030425e+02 -1.429383e+02
    endloop
  endfacet
  facet normal -2.878768e-15 2.450023e-15 -1.000000e+00
    outer loop
      vertex   -9.349571e+00 -1.030425e+02 -1.429383e+02
      vertex   -3.347604e+00 -1.075908e+02 -1.429383e+02
      vertex   -4.161520e+00 -1.085472e+02 -1.429383e+02
    endloop
  endfacet
  facet normal -2.979063e-15 2.355496e-15 -1.000000e+00
    outer loop
      vertex   -9.349571e+00 -1.030425e+02 -1.429383e+02
      vertex   -4.161520e+00 -1.085472e+02 -1.429383e+02
      vertex   -1.038248e+01 -1.043489e+02 -1.429383e+02
    endloop
  endfacet
  facet normal -3.169148e-15 2.073832e-15 -1.000000e+00
    outer loop
      vertex   -1.038248e+01 -1.043489e+02 -1.429383e+02
      vertex   -4.161520e+00 -1.085472e+02 -1.429383e+02
      vertex   -4.849155e+00 -1.095980e+02 -1.429383e+02
    endloop
  endfacet
  facet normal 8.765891e-15 1.465508e-14 -1.000000e+00
    outer loop
      vertex   -1.038248e+01 -1.043489e+02 -1.429383e+02
      vertex   -4.849155e+00 -1.095980e+02 -1.429383e+02
      vertex   -1.128653e+01 -1.057475e+02 -1.429383e+02
    endloop
  endfacet
  facet normal 0.000000e+00 -0.000000e+00 -1.000000e+00
    outer loop
      vertex   -1.128653e+01 -1.057475e+02 -1.429383e+02
      vertex   -4.849155e+00 -1.095980e+02 -1.429383e+02
      vertex   -1.205355e+01 -1.072257e+02 -1.429383e+02
    endloop
  endfacet
  facet normal 0.000000e+00 0.000000e+00 -1.000000e+00
    outer loop
      vertex   -1.205355e+01 -1.072257e+02 -1.429383e+02
      vertex   -4.849155e+00 -1.095980e+02 -1.429383e+02
      vertex   -5.399666e+00 -1.107267e+02 -1.429383e+02
    endloop
  endfacet
  facet normal 0.000000e+00 -0.000000e+00 -1.000000e+00
    outer loop
      vertex   -1.205355e+01 -1.072257e+02 -1.429383e+02
      vertex   -5.399666e+00 -1.107267e+02 -1.429383e+02
      vertex   -1.267658e+01 -1.087701e+02 -1.429383e+02
    endloop
  endfacet
  facet normal 0.000000e+00 0.000000e+00 -1.000000e+00
    outer loop
      vertex   -1.267658e+01 -1.087701e+02 -1.429383e+02
      vertex   -5.399666e+00 -1.107267e+02 -1.429383e+02
      vertex   -5.804371e+00 -1.119155e+02 -1.429383e+02
    endloop
  endfacet
  facet normal 0.000000e+00 -0.000000e+00 -1.000000e+00
    outer loop
      vertex   -1.267658e+01 -1.087701e+02 -1.429383e+02
      vertex   -5.804371e+00 -1.119155e+02 -1.429383e+02
      vertex   -1.314997e+01 -1.103668e+02 -1.429383e+02
    endloop
  endfacet
  facet normal 0.000000e+00 0.000000e+00 -1.000000e+00
    outer loop
      vertex   -1.314997e+01 -1.103668e+02 -1.429383e+02
      vertex   -5.804371e+00 -1.119155e+02 -1.429383e+02
      vertex   -6.056887e+00 -1.131457e+02 -1.429383e+02
    endloop
  endfacet
  facet normal 0.000000e+00 -0.000000e+00 -1.000000e+00
    outer loop
      vertex   -1.314997e+01 -1.103668e+02 -1.429383e+02
      vertex   -6.056887e+00 -1.131457e+02 -1.429383e+02
      vertex   -1.346946e+01 -1.120012e+02 -1.429383e+02
    endloop
  endfacet
  facet normal 0.000000e+00 -0.000000e+00 -1.000000e+00
    outer loop
      vertex   -1.346946e+01 -1.120012e+02 -1.429383e+02
      vertex   -6.056887e+00 -1.131457e+02 -1.429383e+02
      vertex   -1.363213e+01 -1.136586e+02 -1.429383e+02
    endloop
  endfacet
  facet normal 0.000000e+00 0.000000e+00 -1.000000e+00
    outer loop
      vertex   -1.363213e+01 -1.136586e+02 -1.429383e+02
      vertex   -6.056887e+00 -1.131457e+02 -1.429383e+02
      vertex   -6.153231e+00 -1.143978e+02 -1.429383e+02
    endloop
  endfacet
  facet normal 0.000000e+00 -0.000000e+00 -1.000000e+00
    outer loop
      vertex   -1.363213e+01 -1.136586e+02 -1.429383e+02
      vertex   -6.153231e+00 -1.143978e+02 -1.429383e+02
      vertex   -1.363652e+01 -1.153240e+02 -1.429383e+02
    endloop
  endfacet
  facet normal 0.000000e+00 0.000000e+00 -1.000000e+00
    outer loop
      vertex   -1.363652e+01 -1.153240e+02 -1.429383e+02
      vertex   -6.153231e+00 -1.143978e+02 -1.429383e+02
      vertex   -6.091885e+00 -1.156521e+02 -1.429383e+02
    endloop
  endfacet
  facet normal 0.000000e+00 0.000000e+00 -1.000000e+00
    outer loop
      vertex   -1.363652e+01 -1.153240e+02 -1.429383e+02
      vertex   -6.091885e+00 -1.156521e+02 -1.429383e+02
      vertex   -1.348259e+01 -1.169822e+02 -1.429383e+02
    endloop
  endfacet
  facet normal 0.000000e+00 0.000000e+00 -1.000000e+00
    outer loop
      vertex   -1.348259e+01 -1.169822e+02 -1.429383e+02
      vertex   -6.091885e+00 -1.156521e+02 -1.429383e+02
      vertex   -5.873816e+00 -1.168888e+02 -1.429383e+02
    endloop
  endfacet
  facet normal 0.000000e+00 0.000000e+00 -1.000000e+00
    outer loop
      vertex   -1.348259e+01 -1.169822e+02 -1.429383e+02
      vertex   -5.873816e+00 -1.168888e+02 -1.429383e+02
      vertex   -1.317172e+01 -1.186183e+02 -1.429383e+02
    endloop
  endfacet
  facet normal 0.000000e+00 0.000000e+00 -1.000000e+00
    outer loop
      vertex   -1.317172e+01 -1.186183e+02 -1.429383e+02
      vertex   -5.873816e+00 -1.168888e+02 -1.429383e+02
      vertex   -1.270675e+01 -1.202175e+02 -1.429383e+02
    endloop
  endfacet
  facet normal 0.000000e+00 0.000000e+00 -1.000000e+00
    outer loop
      vertex   -1.270675e+01 -1.202175e+02 -1.429383e+02
      vertex   -5.873816e+00 -1.168888e+02 -1.429383e+02
      vertex   -5.502463e+00 -1.180885e+02 -1.429383e+02
    endloop
  endfacet
  facet normal -4.856681e-15 1.643436e-14 -1.000000e+00
    outer loop
      vertex   -1.270675e+01 -1.202175e+02 -1.429383e+02
      vertex   -5.502463e+00 -1.180885e+02 -1.429383e+02
      vertex   -1.209187e+01 -1.217652e+02 -1.429383e+02
    endloop
  endfacet
  facet normal 3.442035e-15 1.561377e-15 -1.000000e+00
    outer loop
      vertex   -1.209187e+01 -1.217652e+02 -1.429383e+02
      vertex   -5.502463e+00 -1.180885e+02 -1.429383e+02
      vertex   -4.983682e+00 -1.192321e+02 -1.429383e+02
    endloop
  endfacet
  facet normal -2.397113e-15 1.794698e-14 -1.000000e+00
    outer loop
      vertex   -1.209187e+01 -1.217652e+02 -1.429383e+02
      vertex   -4.983682e+00 -1.192321e+02 -1.429383e+02
      vertex   -1.133266e+01 -1.232474e+02 -1.429383e+02
    endloop
  endfacet
  facet normal 6.445407e-15 3.965241e-15 -1.000000e+00
    outer loop
      vertex   -1.133266e+01 -1.232474e+02 -1.429383e+02
      vertex   -4.983682e+00 -1.192321e+02 -1.429383e+02
      vertex   -4.325655e+00 -1.203017e+02 -1.429383e+02
    endloop
  endfacet
  facet normal 6.394704e-15 4.085850e-15 -1.000000e+00
    outer loop
      vertex   -1.133266e+01 -1.232474e+02 -1.429383e+02
      vertex   -4.325655e+00 -1.203017e+02 -1.429383e+02
      vertex   -1.043599e+01 -1.246508e+02 -1.429383e+02
    endloop
  endfacet
endsolid
