solid ASCII
  facet normal 9.986295e-01 1.478361e-13 5.233596e-02
    outer loop
      vertex   7.419144e+00 -2.150330e+02 -1.301080e+02
      vertex   7.419144e+00 -2.160330e+02 -1.301080e+02
      vertex   7.439687e+00 -2.150330e+02 -1.305000e+02
    endloop
  endfacet
  facet normal 9.986295e-01 1.478361e-13 5.233596e-02
    outer loop
      vertex   7.439687e+00 -2.150330e+02 -1.305000e+02
      vertex   7.419144e+00 -2.160330e+02 -1.301080e+02
      vertex   7.439687e+00 -2.160330e+02 -1.305000e+02
    endloop
  endfacet
  facet normal 9.986295e-01 1.448611e-13 -5.233596e-02
    outer loop
      vertex   7.439687e+00 -2.150330e+02 -1.305000e+02
      vertex   7.439687e+00 -2.160330e+02 -1.305000e+02
      vertex   7.419144e+00 -2.150330e+02 -1.308920e+02
    endloop
  endfacet
  facet normal 9.986295e-01 1.448611e-13 -5.233596e-02
    outer loop
      vertex   7.419144e+00 -2.150330e+02 -1.308920e+02
      vertex   7.439687e+00 -2.160330e+02 -1.305000e+02
      vertex   7.419144e+00 -2.160330e+02 -1.308920e+02
    endloop
  endfacet
  facet normal 9.876883e-01 1.402990e-13 -1.564345e-01
    outer loop
      vertex   7.419144e+00 -2.150330e+02 -1.308920e+02
      vertex   7.419144e+00 -2.160330e+02 -1.308920e+02
      vertex   7.357740e+00 -2.150330e+02 -1.312797e+02
    endloop
  endfacet
  facet normal 9.876883e-01 1.367301e-13 -1.564345e-01
    outer loop
      vertex   7.357740e+00 -2.150330e+02 -1.312797e+02
      vertex   7.419144e+00 -2.160330e+02 -1.308920e+02
      vertex   7.357740e+00 -2.160330e+02 -1.312797e+02
    endloop
  endfacet
  facet normal 9.659258e-01 1.277016e-13 -2.588190e-01
    outer loop
      vertex   7.357740e+00 -2.150330e+02 -1.312797e+02
      vertex   7.357740e+00 -2.160330e+02 -1.312797e+02
      vertex   7.256149e+00 -2.150330e+02 -1.316588e+02
    endloop
  endfacet
  facet normal 9.659258e-01 1.406980e-13 -2.588190e-01
    outer loop
      vertex   7.256149e+00 -2.150330e+02 -1.316588e+02
      vertex   7.357740e+00 -2.160330e+02 -1.312797e+02
      vertex   7.256149e+00 -2.160330e+02 -1.316588e+02
    endloop
  endfacet
  facet normal 9.335804e-01 1.359865e-13 -3.583679e-01
    outer loop
      vertex   7.256149e+00 -2.150330e+02 -1.316588e+02
      vertex   7.256149e+00 -2.160330e+02 -1.316588e+02
      vertex   7.115482e+00 -2.150330e+02 -1.320253e+02
    endloop
  endfacet
  facet normal 9.335804e-01 1.258011e-13 -3.583679e-01
    outer loop
      vertex   7.115482e+00 -2.150330e+02 -1.320253e+02
      vertex   7.256149e+00 -2.160330e+02 -1.316588e+02
      vertex   7.115482e+00 -2.160330e+02 -1.320253e+02
    endloop
  endfacet
  facet normal 8.910065e-01 1.168819e-13 -4.539905e-01
    outer loop
      vertex   7.115482e+00 -2.150330e+02 -1.320253e+02
      vertex   7.115482e+00 -2.160330e+02 -1.320253e+02
      vertex   6.937282e+00 -2.150330e+02 -1.323750e+02
    endloop
  endfacet
  facet normal 8.910065e-01 1.184647e-13 -4.539905e-01
    outer loop
      vertex   6.937282e+00 -2.150330e+02 -1.323750e+02
      vertex   7.115482e+00 -2.160330e+02 -1.320253e+02
      vertex   6.937282e+00 -2.160330e+02 -1.323750e+02
    endloop
  endfacet
  facet normal 8.386706e-01 1.081720e-13 -5.446390e-01
    outer loop
      vertex   6.937282e+00 -2.150330e+02 -1.323750e+02
      vertex   6.937282e+00 -2.160330e+02 -1.323750e+02
      vertex   6.723501e+00 -2.150330e+02 -1.327042e+02
    endloop
  endfacet
  facet normal 8.386706e-01 1.066822e-13 -5.446390e-01
    outer loop
      vertex   6.723501e+00 -2.150330e+02 -1.327042e+02
      vertex   6.937282e+00 -2.160330e+02 -1.323750e+02
      vertex   6.723501e+00 -2.160330e+02 -1.327042e+02
    endloop
  endfacet
  facet normal 7.771460e-01 9.531370e-14 -6.293204e-01
    outer loop
      vertex   6.723501e+00 -2.150330e+02 -1.327042e+02
      vertex   6.723501e+00 -2.160330e+02 -1.327042e+02
      vertex   6.476480e+00 -2.150330e+02 -1.330092e+02
    endloop
  endfacet
  facet normal 7.771460e-01 1.152708e-13 -6.293204e-01
    outer loop
      vertex   6.476480e+00 -2.150330e+02 -1.330092e+02
      vertex   6.723501e+00 -2.160330e+02 -1.327042e+02
      vertex   6.476480e+00 -2.160330e+02 -1.330092e+02
    endloop
  endfacet
  facet normal 7.071068e-01 1.048822e-13 -7.071068e-01
    outer loop
      vertex   6.476480e+00 -2.150330e+02 -1.330092e+02
      vertex   6.476480e+00 -2.160330e+02 -1.330092e+02
      vertex   6.198927e+00 -2.150330e+02 -1.332868e+02
    endloop
  endfacet
  facet normal 7.071068e-01 8.415696e-14 -7.071068e-01
    outer loop
      vertex   6.198927e+00 -2.150330e+02 -1.332868e+02
      vertex   6.476480e+00 -2.160330e+02 -1.330092e+02
      vertex   6.198927e+00 -2.160330e+02 -1.332868e+02
    endloop
  endfacet
  facet normal 6.293204e-01 7.069768e-14 -7.771460e-01
    outer loop
      vertex   6.198927e+00 -2.150330e+02 -1.332868e+02
      vertex   6.198927e+00 -2.160330e+02 -1.332868e+02
      vertex   5.893882e+00 -2.150330e+02 -1.335338e+02
    endloop
  endfacet
  facet normal 6.293204e-01 9.278550e-14 -7.771460e-01
    outer loop
      vertex   5.893882e+00 -2.150330e+02 -1.335338e+02
      vertex   6.198927e+00 -2.160330e+02 -1.332868e+02
      vertex   5.893882e+00 -2.160330e+02 -1.335338e+02
    endloop
  endfacet
  facet normal 5.446390e-01 8.030028e-14 -8.386706e-01
    outer loop
      vertex   5.893882e+00 -2.150330e+02 -1.335338e+02
      vertex   5.893882e+00 -2.160330e+02 -1.335338e+02
      vertex   5.564687e+00 -2.150330e+02 -1.337476e+02
    endloop
  endfacet
  facet normal 5.446390e-01 8.175149e-14 -8.386706e-01
    outer loop
      vertex   5.564687e+00 -2.150330e+02 -1.337476e+02
      vertex   5.893882e+00 -2.160330e+02 -1.335338e+02
      vertex   5.564687e+00 -2.160330e+02 -1.337476e+02
    endloop
  endfacet
  facet normal 4.539905e-01 6.814495e-14 -8.910065e-01
    outer loop
      vertex   5.564687e+00 -2.150330e+02 -1.337476e+02
      vertex   5.564687e+00 -2.160330e+02 -1.337476e+02
      vertex   5.214949e+00 -2.150330e+02 -1.339258e+02
    endloop
  endfacet
  facet normal 4.539905e-01 4.161135e-14 -8.910065e-01
    outer loop
      vertex   5.214949e+00 -2.150330e+02 -1.339258e+02
      vertex   5.564687e+00 -2.160330e+02 -1.337476e+02
      vertex   5.214949e+00 -2.160330e+02 -1.339258e+02
    endloop
  endfacet
  facet normal 3.583679e-01 2.630297e-14 -9.335804e-01
    outer loop
      vertex   5.214949e+00 -2.150330e+02 -1.339258e+02
      vertex   5.214949e+00 -2.160330e+02 -1.339258e+02
      vertex   4.848501e+00 -2.150330e+02 -1.340665e+02
    endloop
  endfacet
  facet normal 3.583679e-01 2.598467e-14 -9.335804e-01
    outer loop
      vertex   4.848501e+00 -2.150330e+02 -1.340665e+02
      vertex   5.214949e+00 -2.160330e+02 -1.339258e+02
      vertex   4.848501e+00 -2.160330e+02 -1.340665e+02
    endloop
  endfacet
  facet normal 2.588190e-01 1.047652e-14 -9.659258e-01
    outer loop
      vertex   4.848501e+00 -2.150330e+02 -1.340665e+02
      vertex   4.848501e+00 -2.160330e+02 -1.340665e+02
      vertex   4.469356e+00 -2.150330e+02 -1.341681e+02
    endloop
  endfacet
  facet normal 2.588190e-01 1.093628e-14 -9.659258e-01
    outer loop
      vertex   4.469356e+00 -2.150330e+02 -1.341681e+02
      vertex   4.848501e+00 -2.160330e+02 -1.340665e+02
      vertex   4.469356e+00 -2.160330e+02 -1.341681e+02
    endloop
  endfacet
  facet normal 1.564345e-01 -4.868524e-15 -9.876883e-01
    outer loop
      vertex   4.469356e+00 -2.150330e+02 -1.341681e+02
      vertex   4.469356e+00 -2.160330e+02 -1.341681e+02
      vertex   4.081669e+00 -2.150330e+02 -1.342295e+02
    endloop
  endfacet
  facet normal 1.564345e-01 2.320327e-14 -9.876883e-01
    outer loop
      vertex   4.081669e+00 -2.150330e+02 -1.342295e+02
      vertex   4.469356e+00 -2.160330e+02 -1.341681e+02
      vertex   4.081669e+00 -2.160330e+02 -1.342295e+02
    endloop
  endfacet
  facet normal 5.233596e-02 7.762772e-15 -9.986295e-01
    outer loop
      vertex   4.081669e+00 -2.150330e+02 -1.342295e+02
      vertex   4.081669e+00 -2.160330e+02 -1.342295e+02
      vertex   3.689687e+00 -2.150330e+02 -1.342500e+02
    endloop
  endfacet
  facet normal 5.233596e-02 -2.071295e-14 -9.986295e-01
    outer loop
      vertex   3.689687e+00 -2.150330e+02 -1.342500e+02
      vertex   4.081669e+00 -2.160330e+02 -1.342295e+02
      vertex   3.689687e+00 -2.160330e+02 -1.342500e+02
    endloop
  endfacet
  facet normal -5.233596e-02 -3.605256e-14 -9.986295e-01
    outer loop
      vertex   3.689687e+00 -2.150330e+02 -1.342500e+02
      vertex   3.689687e+00 -2.160330e+02 -1.342500e+02
      vertex   3.297705e+00 -2.150330e+02 -1.342295e+02
    endloop
  endfacet
  facet normal -5.233596e-02 -7.786014e-15 -9.986295e-01
    outer loop
      vertex   3.297705e+00 -2.150330e+02 -1.342295e+02
      vertex   3.689687e+00 -2.160330e+02 -1.342500e+02
      vertex   3.297705e+00 -2.160330e+02 -1.342295e+02
    endloop
  endfacet
  facet normal -1.564345e-01 -2.327274e-14 -9.876883e-01
    outer loop
      vertex   3.297705e+00 -2.150330e+02 -1.342295e+02
      vertex   3.297705e+00 -2.160330e+02 -1.342295e+02
      vertex   2.910018e+00 -2.150330e+02 -1.341681e+02
    endloop
  endfacet
  facet normal -1.564345e-01 -5.113612e-14 -9.876883e-01
    outer loop
      vertex   2.910018e+00 -2.150330e+02 -1.341681e+02
      vertex   3.297705e+00 -2.160330e+02 -1.342295e+02
      vertex   2.910018e+00 -2.160330e+02 -1.341681e+02
    endloop
  endfacet
  facet normal -2.588190e-01 -6.561293e-14 -9.659258e-01
    outer loop
      vertex   2.910018e+00 -2.150330e+02 -1.341681e+02
      vertex   2.910018e+00 -2.160330e+02 -1.341681e+02
      vertex   2.530873e+00 -2.150330e+02 -1.340665e+02
    endloop
  endfacet
  facet normal -2.588190e-01 -6.538305e-14 -9.659258e-01
    outer loop
      vertex   2.530873e+00 -2.150330e+02 -1.340665e+02
      vertex   2.910018e+00 -2.160330e+02 -1.341681e+02
      vertex   2.530873e+00 -2.160330e+02 -1.340665e+02
    endloop
  endfacet
  facet normal -3.583679e-01 -7.905257e-14 -9.335804e-01
    outer loop
      vertex   2.530873e+00 -2.150330e+02 -1.340665e+02
      vertex   2.530873e+00 -2.160330e+02 -1.340665e+02
      vertex   2.164425e+00 -2.150330e+02 -1.339258e+02
    endloop
  endfacet
  facet normal -3.583679e-01 -5.331436e-14 -9.335804e-01
    outer loop
      vertex   2.164425e+00 -2.150330e+02 -1.339258e+02
      vertex   2.530873e+00 -2.160330e+02 -1.340665e+02
      vertex   2.164425e+00 -2.160330e+02 -1.339258e+02
    endloop
  endfacet
  facet normal -4.539905e-01 -6.754011e-14 -8.910065e-01
    outer loop
      vertex   2.164425e+00 -2.150330e+02 -1.339258e+02
      vertex   2.164425e+00 -2.160330e+02 -1.339258e+02
      vertex   1.814687e+00 -2.150330e+02 -1.337476e+02
    endloop
  endfacet
  facet normal -4.539905e-01 -6.733850e-14 -8.910065e-01
    outer loop
      vertex   1.814687e+00 -2.150330e+02 -1.337476e+02
      vertex   2.164425e+00 -2.160330e+02 -1.339258e+02
      vertex   1.814687e+00 -2.160330e+02 -1.337476e+02
    endloop
  endfacet
  facet normal -5.446390e-01 -8.078402e-14 -8.386706e-01
    outer loop
      vertex   1.814687e+00 -2.150330e+02 -1.337476e+02
      vertex   1.814687e+00 -2.160330e+02 -1.337476e+02
      vertex   1.485492e+00 -2.150330e+02 -1.335338e+02
    endloop
  endfacet
  facet normal -5.446390e-01 -7.981655e-14 -8.386706e-01
    outer loop
      vertex   1.485492e+00 -2.150330e+02 -1.335338e+02
      vertex   1.814687e+00 -2.160330e+02 -1.337476e+02
      vertex   1.485492e+00 -2.160330e+02 -1.335338e+02
    endloop
  endfacet
  facet normal -6.293204e-01 -9.222655e-14 -7.771460e-01
    outer loop
      vertex   1.485492e+00 -2.150330e+02 -1.335338e+02
      vertex   1.485492e+00 -2.160330e+02 -1.335338e+02
      vertex   1.180447e+00 -2.150330e+02 -1.332868e+02
    endloop
  endfacet
  facet normal -6.293204e-01 -1.152925e-13 -7.771460e-01
    outer loop
      vertex   1.180447e+00 -2.150330e+02 -1.332868e+02
      vertex   1.485492e+00 -2.160330e+02 -1.335338e+02
      vertex   1.180447e+00 -2.160330e+02 -1.332868e+02
    endloop
  endfacet
  facet normal -7.071068e-01 -1.248224e-13 -7.071068e-01
    outer loop
      vertex   1.180447e+00 -2.150330e+02 -1.332868e+02
      vertex   1.180447e+00 -2.160330e+02 -1.332868e+02
      vertex   9.028939e-01 -2.150330e+02 -1.330092e+02
    endloop
  endfacet
  facet normal -7.071068e-01 -1.044111e-13 -7.071068e-01
    outer loop
      vertex   9.028939e-01 -2.150330e+02 -1.330092e+02
      vertex   1.180447e+00 -2.160330e+02 -1.332868e+02
      vertex   9.028939e-01 -2.160330e+02 -1.330092e+02
    endloop
  endfacet
  facet normal -7.771460e-01 -1.147531e-13 -6.293204e-01
    outer loop
      vertex   9.028939e-01 -2.150330e+02 -1.330092e+02
      vertex   9.028939e-01 -2.160330e+02 -1.330092e+02
      vertex   6.558733e-01 -2.150330e+02 -1.327042e+02
    endloop
  endfacet
  facet normal -7.771460e-01 -1.317767e-13 -6.293204e-01
    outer loop
      vertex   6.558733e-01 -2.150330e+02 -1.327042e+02
      vertex   9.028939e-01 -2.160330e+02 -1.330092e+02
      vertex   6.558733e-01 -2.160330e+02 -1.327042e+02
    endloop
  endfacet
  facet normal -8.386706e-01 -1.383863e-13 -5.446390e-01
    outer loop
      vertex   6.558733e-01 -2.150330e+02 -1.327042e+02
      vertex   6.558733e-01 -2.160330e+02 -1.327042e+02
      vertex   4.420917e-01 -2.150330e+02 -1.323750e+02
    endloop
  endfacet
  facet normal -8.386706e-01 -1.388518e-13 -5.446390e-01
    outer loop
      vertex   4.420917e-01 -2.150330e+02 -1.323750e+02
      vertex   6.558733e-01 -2.160330e+02 -1.327042e+02
      vertex   4.420917e-01 -2.160330e+02 -1.323750e+02
    endloop
  endfacet
  facet normal -8.910065e-01 -1.439743e-13 -4.539905e-01
    outer loop
      vertex   4.420917e-01 -2.150330e+02 -1.323750e+02
      vertex   4.420917e-01 -2.160330e+02 -1.323750e+02
      vertex   2.638915e-01 -2.150330e+02 -1.320253e+02
    endloop
  endfacet
  facet normal -8.910065e-01 -1.434797e-13 -4.539905e-01
    outer loop
      vertex   2.638915e-01 -2.150330e+02 -1.320253e+02
      vertex   4.420917e-01 -2.160330e+02 -1.323750e+02
      vertex   2.638915e-01 -2.160330e+02 -1.320253e+02
    endloop
  endfacet
  facet normal -9.335804e-01 -1.470011e-13 -3.583679e-01
    outer loop
      vertex   2.638915e-01 -2.150330e+02 -1.320253e+02
      vertex   2.638915e-01 -2.160330e+02 -1.320253e+02
      vertex   1.232250e-01 -2.150330e+02 -1.316588e+02
    endloop
  endfacet
  facet normal -9.335804e-01 -1.368157e-13 -3.583679e-01
    outer loop
      vertex   1.232250e-01 -2.150330e+02 -1.316588e+02
      vertex   2.638915e-01 -2.160330e+02 -1.320253e+02
      vertex   1.232250e-01 -2.160330e+02 -1.316588e+02
    endloop
  endfacet
  facet normal -9.659258e-01 -1.415559e-13 -2.588190e-01
    outer loop
      vertex   1.232250e-01 -2.150330e+02 -1.316588e+02
      vertex   1.232250e-01 -2.160330e+02 -1.316588e+02
      vertex   2.163348e-02 -2.150330e+02 -1.312797e+02
    endloop
  endfacet
  facet normal -9.659258e-01 -1.420921e-13 -2.588190e-01
    outer loop
      vertex   2.163348e-02 -2.150330e+02 -1.312797e+02
      vertex   1.232250e-01 -2.160330e+02 -1.316588e+02
      vertex   2.163348e-02 -2.160330e+02 -1.312797e+02
    endloop
  endfacet
  facet normal -9.876883e-01 -1.452934e-13 -1.564345e-01
    outer loop
      vertex   2.163348e-02 -2.150330e+02 -1.312797e+02
      vertex   2.163348e-02 -2.160330e+02 -1.312797e+02
      vertex   -3.977012e-02 -2.150330e+02 -1.308920e+02
    endloop
  endfacet
  facet normal -9.876883e-01 -1.497396e-13 -1.564345e-01
    outer loop
      vertex   -3.977012e-02 -2.150330e+02 -1.308920e+02
      vertex   2.163348e-02 -2.160330e+02 -1.312797e+02
      vertex   -3.977012e-02 -2.160330e+02 -1.308920e+02
    endloop
  endfacet
  facet normal -9.986295e-01 -1.483904e-13 -5.233596e-02
    outer loop
      vertex   -3.977012e-02 -2.150330e+02 -1.308920e+02
      vertex   -3.977012e-02 -2.160330e+02 -1.308920e+02
      vertex   -6.031302e-02 -2.150330e+02 -1.305000e+02
    endloop
  endfacet
  facet normal -9.986295e-01 -1.478361e-13 -5.233596e-02
    outer loop
      vertex   -6.031302e-02 -2.150330e+02 -1.305000e+02
      vertex   -3.977012e-02 -2.160330e+02 -1.308920e+02
      vertex   -6.031302e-02 -2.160330e+02 -1.305000e+02
    endloop
  endfacet
  facet normal -9.986295e-01 -1.448611e-13 5.233596e-02
    outer loop
      vertex   -6.031302e-02 -2.150330e+02 -1.305000e+02
      vertex   -6.031302e-02 -2.160330e+02 -1.305000e+02
      vertex   -3.977012e-02 -2.150330e+02 -1.301080e+02
    endloop
  endfacet
  facet normal -9.986295e-01 -1.443068e-13 5.233596e-02
    outer loop
      vertex   -3.977012e-02 -2.150330e+02 -1.301080e+02
      vertex   -6.031302e-02 -2.160330e+02 -1.305000e+02
      vertex   -3.977012e-02 -2.160330e+02 -1.301080e+02
    endloop
  endfacet
  facet normal -9.876883e-01 -1.397508e-13 1.564345e-01
    outer loop
      vertex   -3.977012e-02 -2.150330e+02 -1.301080e+02
      vertex   -3.977012e-02 -2.160330e+02 -1.301080e+02
      vertex   2.163348e-02 -2.150330e+02 -1.297203e+02
    endloop
  endfacet
  facet normal -9.876883e-01 -1.397508e-13 1.564345e-01
    outer loop
      vertex   2.163348e-02 -2.150330e+02 -1.297203e+02
      vertex   -3.977012e-02 -2.160330e+02 -1.301080e+02
      vertex   2.163348e-02 -2.160330e+02 -1.297203e+02
    endloop
  endfacet
  facet normal -9.659258e-01 -1.336636e-13 2.588190e-01
    outer loop
      vertex   2.163348e-02 -2.150330e+02 -1.297203e+02
      vertex   2.163348e-02 -2.160330e+02 -1.297203e+02
      vertex   1.232250e-01 -2.150330e+02 -1.293412e+02
    endloop
  endfacet
  facet normal -9.659258e-01 -1.415559e-13 2.588190e-01
    outer loop
      vertex   1.232250e-01 -2.150330e+02 -1.293412e+02
      vertex   2.163348e-02 -2.160330e+02 -1.297203e+02
      vertex   1.232250e-01 -2.160330e+02 -1.293412e+02
    endloop
  endfacet
  facet normal -9.335804e-01 -1.368157e-13 3.583679e-01
    outer loop
      vertex   1.232250e-01 -2.150330e+02 -1.293412e+02
      vertex   1.232250e-01 -2.160330e+02 -1.293412e+02
      vertex   2.638915e-01 -2.150330e+02 -1.289747e+02
    endloop
  endfacet
  facet normal -9.335804e-01 -1.266303e-13 3.583679e-01
    outer loop
      vertex   2.638915e-01 -2.150330e+02 -1.289747e+02
      vertex   1.232250e-01 -2.160330e+02 -1.293412e+02
      vertex   2.638915e-01 -2.160330e+02 -1.289747e+02
    endloop
  endfacet
  facet normal -8.910065e-01 -1.176733e-13 4.539905e-01
    outer loop
      vertex   2.638915e-01 -2.150330e+02 -1.289747e+02
      vertex   2.638915e-01 -2.160330e+02 -1.289747e+02
      vertex   4.420917e-01 -2.150330e+02 -1.286250e+02
    endloop
  endfacet
  facet normal -8.910065e-01 -1.171787e-13 4.539905e-01
    outer loop
      vertex   4.420917e-01 -2.150330e+02 -1.286250e+02
      vertex   2.638915e-01 -2.160330e+02 -1.289747e+02
      vertex   4.420917e-01 -2.160330e+02 -1.286250e+02
    endloop
  endfacet
  facet normal -8.386706e-01 -1.069616e-13 5.446390e-01
    outer loop
      vertex   4.420917e-01 -2.150330e+02 -1.286250e+02
      vertex   4.420917e-01 -2.160330e+02 -1.286250e+02
      vertex   6.558733e-01 -2.150330e+02 -1.282958e+02
    endloop
  endfacet
  facet normal -8.386706e-01 -1.074271e-13 5.446390e-01
    outer loop
      vertex   6.558733e-01 -2.150330e+02 -1.282958e+02
      vertex   4.420917e-01 -2.160330e+02 -1.286250e+02
      vertex   6.558733e-01 -2.160330e+02 -1.282958e+02
    endloop
  endfacet
  facet normal -7.771460e-01 -9.600394e-14 6.293204e-01
    outer loop
      vertex   6.558733e-01 -2.150330e+02 -1.282958e+02
      vertex   6.558733e-01 -2.160330e+02 -1.282958e+02
      vertex   9.028939e-01 -2.150330e+02 -1.279908e+02
    endloop
  endfacet
  facet normal -7.771460e-01 -1.040843e-13 6.293204e-01
    outer loop
      vertex   9.028939e-01 -2.150330e+02 -1.279908e+02
      vertex   6.558733e-01 -2.160330e+02 -1.282958e+02
      vertex   9.028939e-01 -2.160330e+02 -1.279908e+02
    endloop
  endfacet
  facet normal -7.071068e-01 -9.279246e-14 7.071068e-01
    outer loop
      vertex   9.028939e-01 -2.150330e+02 -1.279908e+02
      vertex   9.028939e-01 -2.160330e+02 -1.279908e+02
      vertex   1.180447e+00 -2.150330e+02 -1.277132e+02
    endloop
  endfacet
  facet normal -7.071068e-01 -9.247845e-14 7.071068e-01
    outer loop
      vertex   1.180447e+00 -2.150330e+02 -1.277132e+02
      vertex   9.028939e-01 -2.160330e+02 -1.279908e+02
      vertex   1.180447e+00 -2.160330e+02 -1.277132e+02
    endloop
  endfacet
  facet normal -6.293204e-01 -8.020448e-14 7.771460e-01
    outer loop
      vertex   1.180447e+00 -2.150330e+02 -1.277132e+02
      vertex   1.180447e+00 -2.160330e+02 -1.277132e+02
      vertex   1.485492e+00 -2.150330e+02 -1.274662e+02
    endloop
  endfacet
  facet normal -6.293204e-01 -8.118264e-14 7.771460e-01
    outer loop
      vertex   1.485492e+00 -2.150330e+02 -1.274662e+02
      vertex   1.180447e+00 -2.160330e+02 -1.277132e+02
      vertex   1.485492e+00 -2.160330e+02 -1.274662e+02
    endloop
  endfacet
  facet normal -5.446390e-01 -6.789832e-14 8.386706e-01
    outer loop
      vertex   1.485492e+00 -2.150330e+02 -1.274662e+02
      vertex   1.485492e+00 -2.160330e+02 -1.274662e+02
      vertex   1.814687e+00 -2.150330e+02 -1.272524e+02
    endloop
  endfacet
  facet normal -5.446390e-01 -6.693085e-14 8.386706e-01
    outer loop
      vertex   1.814687e+00 -2.150330e+02 -1.272524e+02
      vertex   1.485492e+00 -2.160330e+02 -1.274662e+02
      vertex   1.814687e+00 -2.160330e+02 -1.272524e+02
    endloop
  endfacet
  facet normal -4.539905e-01 -5.306364e-14 8.910065e-01
    outer loop
      vertex   1.814687e+00 -2.150330e+02 -1.272524e+02
      vertex   1.814687e+00 -2.160330e+02 -1.272524e+02
      vertex   2.164425e+00 -2.150330e+02 -1.270742e+02
    endloop
  endfacet
  facet normal -4.539905e-01 -4.020006e-14 8.910065e-01
    outer loop
      vertex   2.164425e+00 -2.150330e+02 -1.270742e+02
      vertex   1.814687e+00 -2.160330e+02 -1.272524e+02
      vertex   2.164425e+00 -2.160330e+02 -1.270742e+02
    endloop
  endfacet
  facet normal -3.583679e-01 -2.518893e-14 9.335804e-01
    outer loop
      vertex   2.164425e+00 -2.150330e+02 -1.270742e+02
      vertex   2.164425e+00 -2.160330e+02 -1.270742e+02
      vertex   2.530873e+00 -2.150330e+02 -1.269335e+02
    endloop
  endfacet
  facet normal -3.583679e-01 -3.925165e-14 9.335804e-01
    outer loop
      vertex   2.530873e+00 -2.150330e+02 -1.269335e+02
      vertex   2.164425e+00 -2.160330e+02 -1.270742e+02
      vertex   2.530873e+00 -2.160330e+02 -1.269335e+02
    endloop
  endfacet
  facet normal -2.588190e-01 -2.420315e-14 9.659258e-01
    outer loop
      vertex   2.530873e+00 -2.150330e+02 -1.269335e+02
      vertex   2.530873e+00 -2.160330e+02 -1.269335e+02
      vertex   2.910018e+00 -2.150330e+02 -1.268319e+02
    endloop
  endfacet
  facet normal -2.588190e-01 -2.397328e-14 9.659258e-01
    outer loop
      vertex   2.910018e+00 -2.150330e+02 -1.268319e+02
      vertex   2.530873e+00 -2.160330e+02 -1.269335e+02
      vertex   2.910018e+00 -2.160330e+02 -1.268319e+02
    endloop
  endfacet
  facet normal -1.564345e-01 -8.750546e-15 9.876883e-01
    outer loop
      vertex   2.910018e+00 -2.150330e+02 -1.268319e+02
      vertex   2.910018e+00 -2.160330e+02 -1.268319e+02
      vertex   3.297705e+00 -2.150330e+02 -1.267705e+02
    endloop
  endfacet
  facet normal -1.564345e-01 -8.542133e-15 9.876883e-01
    outer loop
      vertex   3.297705e+00 -2.150330e+02 -1.267705e+02
      vertex   2.910018e+00 -2.160330e+02 -1.268319e+02
      vertex   3.297705e+00 -2.160330e+02 -1.267705e+02
    endloop
  endfacet
  facet normal -5.233596e-02 6.637783e-15 9.986295e-01
    outer loop
      vertex   3.297705e+00 -2.150330e+02 -1.267705e+02
      vertex   3.297705e+00 -2.160330e+02 -1.267705e+02
      vertex   3.689687e+00 -2.150330e+02 -1.267500e+02
    endloop
  endfacet
  facet normal -5.233596e-02 2.071295e-14 9.986295e-01
    outer loop
      vertex   3.689687e+00 -2.150330e+02 -1.267500e+02
      vertex   3.297705e+00 -2.160330e+02 -1.267705e+02
      vertex   3.689687e+00 -2.160330e+02 -1.267500e+02
    endloop
  endfacet
  facet normal 5.233596e-02 3.605256e-14 9.986295e-01
    outer loop
      vertex   3.689687e+00 -2.150330e+02 -1.267500e+02
      vertex   3.689687e+00 -2.160330e+02 -1.267500e+02
      vertex   4.081669e+00 -2.150330e+02 -1.267705e+02
    endloop
  endfacet
  facet normal 5.233596e-02 2.176822e-14 9.986295e-01
    outer loop
      vertex   4.081669e+00 -2.150330e+02 -1.267705e+02
      vertex   3.689687e+00 -2.160330e+02 -1.267500e+02
      vertex   4.081669e+00 -2.160330e+02 -1.267705e+02
    endloop
  endfacet
  facet normal 1.564345e-01 3.668340e-14 9.876883e-01
    outer loop
      vertex   4.081669e+00 -2.150330e+02 -1.267705e+02
      vertex   4.081669e+00 -2.160330e+02 -1.267705e+02
      vertex   4.469356e+00 -2.150330e+02 -1.268319e+02
    endloop
  endfacet
  facet normal 1.564345e-01 3.654445e-14 9.876883e-01
    outer loop
      vertex   4.469356e+00 -2.150330e+02 -1.268319e+02
      vertex   4.081669e+00 -2.160330e+02 -1.267705e+02
      vertex   4.469356e+00 -2.160330e+02 -1.268319e+02
    endloop
  endfacet
  facet normal 2.588190e-01 5.096679e-14 9.659258e-01
    outer loop
      vertex   4.469356e+00 -2.150330e+02 -1.268319e+02
      vertex   4.469356e+00 -2.160330e+02 -1.268319e+02
      vertex   4.848501e+00 -2.150330e+02 -1.269335e+02
    endloop
  endfacet
  facet normal 2.588190e-01 5.165642e-14 9.659258e-01
    outer loop
      vertex   4.848501e+00 -2.150330e+02 -1.269335e+02
      vertex   4.469356e+00 -2.160330e+02 -1.268319e+02
      vertex   4.848501e+00 -2.160330e+02 -1.269335e+02
    endloop
  endfacet
  facet normal 3.583679e-01 6.578560e-14 9.335804e-01
    outer loop
      vertex   4.848501e+00 -2.150330e+02 -1.269335e+02
      vertex   4.848501e+00 -2.160330e+02 -1.269335e+02
      vertex   5.214949e+00 -2.150330e+02 -1.270742e+02
    endloop
  endfacet
  facet normal 3.583679e-01 9.168296e-14 9.335804e-01
    outer loop
      vertex   5.214949e+00 -2.150330e+02 -1.270742e+02
      vertex   4.848501e+00 -2.160330e+02 -1.269335e+02
      vertex   5.214949e+00 -2.160330e+02 -1.270742e+02
    endloop
  endfacet
  facet normal 4.539905e-01 1.037115e-13 8.910065e-01
    outer loop
      vertex   5.214949e+00 -2.150330e+02 -1.270742e+02
      vertex   5.214949e+00 -2.160330e+02 -1.270742e+02
      vertex   5.564687e+00 -2.150330e+02 -1.272524e+02
    endloop
  endfacet
  facet normal 4.539905e-01 7.758112e-14 8.910065e-01
    outer loop
      vertex   5.564687e+00 -2.150330e+02 -1.272524e+02
      vertex   5.214949e+00 -2.160330e+02 -1.270742e+02
      vertex   5.564687e+00 -2.160330e+02 -1.272524e+02
    endloop
  endfacet
  facet normal 5.446390e-01 8.979982e-14 8.386706e-01
    outer loop
      vertex   5.564687e+00 -2.150330e+02 -1.272524e+02
      vertex   5.564687e+00 -2.160330e+02 -1.272524e+02
      vertex   5.893882e+00 -2.150330e+02 -1.274662e+02
    endloop
  endfacet
  facet normal 5.446390e-01 9.221851e-14 8.386706e-01
    outer loop
      vertex   5.893882e+00 -2.150330e+02 -1.274662e+02
      vertex   5.564687e+00 -2.160330e+02 -1.272524e+02
      vertex   5.893882e+00 -2.160330e+02 -1.274662e+02
    endloop
  endfacet
  facet normal 6.293204e-01 1.038294e-13 7.771460e-01
    outer loop
      vertex   5.893882e+00 -2.150330e+02 -1.274662e+02
      vertex   5.893882e+00 -2.160330e+02 -1.274662e+02
      vertex   6.198927e+00 -2.150330e+02 -1.277132e+02
    endloop
  endfacet
  facet normal 6.293204e-01 1.027115e-13 7.771460e-01
    outer loop
      vertex   6.198927e+00 -2.150330e+02 -1.277132e+02
      vertex   5.893882e+00 -2.160330e+02 -1.274662e+02
      vertex   6.198927e+00 -2.160330e+02 -1.277132e+02
    endloop
  endfacet
  facet normal 7.071068e-01 1.130467e-13 7.071068e-01
    outer loop
      vertex   6.198927e+00 -2.150330e+02 -1.277132e+02
      vertex   6.198927e+00 -2.160330e+02 -1.277132e+02
      vertex   6.476480e+00 -2.150330e+02 -1.279908e+02
    endloop
  endfacet
  facet normal 7.071068e-01 1.117906e-13 7.071068e-01
    outer loop
      vertex   6.476480e+00 -2.150330e+02 -1.279908e+02
      vertex   6.198927e+00 -2.160330e+02 -1.277132e+02
      vertex   6.476480e+00 -2.160330e+02 -1.279908e+02
    endloop
  endfacet
  facet normal 7.771460e-01 1.207628e-13 6.293204e-01
    outer loop
      vertex   6.476480e+00 -2.150330e+02 -1.279908e+02
      vertex   6.476480e+00 -2.160330e+02 -1.279908e+02
      vertex   6.723501e+00 -2.150330e+02 -1.282958e+02
    endloop
  endfacet
  facet normal 7.771460e-01 1.310864e-13 6.293204e-01
    outer loop
      vertex   6.723501e+00 -2.150330e+02 -1.282958e+02
      vertex   6.476480e+00 -2.160330e+02 -1.279908e+02
      vertex   6.723501e+00 -2.160330e+02 -1.282958e+02
    endloop
  endfacet
  facet normal 8.386706e-01 1.376414e-13 5.446390e-01
    outer loop
      vertex   6.723501e+00 -2.150330e+02 -1.282958e+02
      vertex   6.723501e+00 -2.160330e+02 -1.282958e+02
      vertex   6.937282e+00 -2.150330e+02 -1.286250e+02
    endloop
  endfacet
  facet normal 8.386706e-01 1.368965e-13 5.446390e-01
    outer loop
      vertex   6.937282e+00 -2.150330e+02 -1.286250e+02
      vertex   6.723501e+00 -2.160330e+02 -1.282958e+02
      vertex   6.937282e+00 -2.160330e+02 -1.286250e+02
    endloop
  endfacet
  facet normal 8.910065e-01 1.418969e-13 4.539905e-01
    outer loop
      vertex   6.937282e+00 -2.150330e+02 -1.286250e+02
      vertex   6.937282e+00 -2.160330e+02 -1.286250e+02
      vertex   7.115482e+00 -2.150330e+02 -1.289747e+02
    endloop
  endfacet
  facet normal 8.910065e-01 1.297851e-13 4.539905e-01
    outer loop
      vertex   7.115482e+00 -2.150330e+02 -1.289747e+02
      vertex   6.937282e+00 -2.160330e+02 -1.286250e+02
      vertex   7.115482e+00 -2.160330e+02 -1.289747e+02
    endloop
  endfacet
  facet normal 9.335804e-01 1.359865e-13 3.583679e-01
    outer loop
      vertex   7.115482e+00 -2.150330e+02 -1.289747e+02
      vertex   7.115482e+00 -2.160330e+02 -1.289747e+02
      vertex   7.256149e+00 -2.150330e+02 -1.293412e+02
    endloop
  endfacet
  facet normal 9.335804e-01 1.359865e-13 3.583679e-01
    outer loop
      vertex   7.256149e+00 -2.150330e+02 -1.293412e+02
      vertex   7.115482e+00 -2.160330e+02 -1.289747e+02
      vertex   7.256149e+00 -2.160330e+02 -1.293412e+02
    endloop
  endfacet
  facet normal 9.659258e-01 1.406980e-13 2.588190e-01
    outer loop
      vertex   7.256149e+00 -2.150330e+02 -1.293412e+02
      vertex   7.256149e+00 -2.160330e+02 -1.293412e+02
      vertex   7.357740e+00 -2.150330e+02 -1.297203e+02
    endloop
  endfacet
  facet normal 9.659258e-01 1.471961e-13 2.588190e-01
    outer loop
      vertex   7.357740e+00 -2.150330e+02 -1.297203e+02
      vertex   7.256149e+00 -2.160330e+02 -1.293412e+02
      vertex   7.357740e+00 -2.160330e+02 -1.297203e+02
    endloop
  endfacet
  facet normal 9.876883e-01 1.474368e-13 1.564345e-01
    outer loop
      vertex   7.357740e+00 -2.150330e+02 -1.297203e+02
      vertex   7.357740e+00 -2.160330e+02 -1.297203e+02
      vertex   7.419144e+00 -2.150330e+02 -1.301080e+02
    endloop
  endfacet
  facet normal 9.876883e-01 1.491913e-13 1.564345e-01
    outer loop
      vertex   7.419144e+00 -2.150330e+02 -1.301080e+02
      vertex   7.357740e+00 -2.160330e+02 -1.297203e+02
      vertex   7.419144e+00 -2.160330e+02 -1.301080e+02
    endloop
  endfacet
  facet normal -9.986741e-01 0.000000e+00 -5.147875e-02
    outer loop
      vertex   7.544149e+00 -2.160330e+02 -1.301016e+02
      vertex   7.544149e+00 -2.100330e+02 -1.301016e+02
      vertex   7.564687e+00 -2.160330e+02 -1.305000e+02
    endloop
  endfacet
  facet normal -9.986741e-01 0.000000e+00 -5.147875e-02
    outer loop
      vertex   7.564687e+00 -2.160330e+02 -1.305000e+02
      vertex   7.544149e+00 -2.100330e+02 -1.301016e+02
      vertex   7.564687e+00 -2.100330e+02 -1.305000e+02
    endloop
  endfacet
  facet normal -9.986741e-01 0.000000e+00 5.147875e-02
    outer loop
      vertex   7.564687e+00 -2.160330e+02 -1.305000e+02
      vertex   7.564687e+00 -2.100330e+02 -1.305000e+02
      vertex   7.544149e+00 -2.160330e+02 -1.308984e+02
    endloop
  endfacet
  facet normal -9.986741e-01 0.000000e+00 5.147875e-02
    outer loop
      vertex   7.544149e+00 -2.160330e+02 -1.308984e+02
      vertex   7.564687e+00 -2.100330e+02 -1.305000e+02
      vertex   7.544149e+00 -2.100330e+02 -1.308984e+02
    endloop
  endfacet
  facet normal -9.880879e-01 0.000000e+00 1.538906e-01
    outer loop
      vertex   7.544149e+00 -2.160330e+02 -1.308984e+02
      vertex   7.544149e+00 -2.100330e+02 -1.308984e+02
      vertex   7.482753e+00 -2.160330e+02 -1.312926e+02
    endloop
  endfacet
  facet normal -9.880879e-01 0.000000e+00 1.538906e-01
    outer loop
      vertex   7.482753e+00 -2.160330e+02 -1.312926e+02
      vertex   7.544149e+00 -2.100330e+02 -1.308984e+02
      vertex   7.482753e+00 -2.100330e+02 -1.312926e+02
    endloop
  endfacet
  facet normal -9.670277e-01 0.000000e+00 2.546711e-01
    outer loop
      vertex   7.482753e+00 -2.160330e+02 -1.312926e+02
      vertex   7.482753e+00 -2.100330e+02 -1.312926e+02
      vertex   7.381149e+00 -2.160330e+02 -1.316784e+02
    endloop
  endfacet
  facet normal -9.670277e-01 0.000000e+00 2.546711e-01
    outer loop
      vertex   7.381149e+00 -2.160330e+02 -1.316784e+02
      vertex   7.482753e+00 -2.100330e+02 -1.312926e+02
      vertex   7.381149e+00 -2.100330e+02 -1.316784e+02
    endloop
  endfacet
  facet normal -9.357168e-01 0.000000e+00 3.527521e-01
    outer loop
      vertex   7.381149e+00 -2.160330e+02 -1.316784e+02
      vertex   7.381149e+00 -2.100330e+02 -1.316784e+02
      vertex   7.240415e+00 -2.160330e+02 -1.320518e+02
    endloop
  endfacet
  facet normal -9.357168e-01 0.000000e+00 3.527521e-01
    outer loop
      vertex   7.240415e+00 -2.160330e+02 -1.320518e+02
      vertex   7.381149e+00 -2.100330e+02 -1.316784e+02
      vertex   7.240415e+00 -2.100330e+02 -1.320518e+02
    endloop
  endfacet
  facet normal -8.944871e-01 0.000000e+00 4.470938e-01
    outer loop
      vertex   7.240415e+00 -2.160330e+02 -1.320518e+02
      vertex   7.240415e+00 -2.100330e+02 -1.320518e+02
      vertex   7.062042e+00 -2.160330e+02 -1.324086e+02
    endloop
  endfacet
  facet normal -8.944871e-01 0.000000e+00 4.470938e-01
    outer loop
      vertex   7.062042e+00 -2.160330e+02 -1.324086e+02
      vertex   7.240415e+00 -2.100330e+02 -1.320518e+02
      vertex   7.062042e+00 -2.100330e+02 -1.324086e+02
    endloop
  endfacet
  facet normal -8.437756e-01 0.000000e+00 5.366962e-01
    outer loop
      vertex   7.062042e+00 -2.160330e+02 -1.324086e+02
      vertex   7.062042e+00 -2.100330e+02 -1.324086e+02
      vertex   6.847922e+00 -2.160330e+02 -1.327453e+02
    endloop
  endfacet
  facet normal -8.437756e-01 0.000000e+00 5.366962e-01
    outer loop
      vertex   6.847922e+00 -2.160330e+02 -1.327453e+02
      vertex   7.062042e+00 -2.100330e+02 -1.324086e+02
      vertex   6.847922e+00 -2.100330e+02 -1.327453e+02
    endloop
  endfacet
  facet normal -7.841198e-01 0.000000e+00 6.206095e-01
    outer loop
      vertex   6.847922e+00 -2.160330e+02 -1.327453e+02
      vertex   6.847922e+00 -2.100330e+02 -1.327453e+02
      vertex   6.600323e+00 -2.160330e+02 -1.330581e+02
    endloop
  endfacet
  facet normal -7.841198e-01 0.000000e+00 6.206095e-01
    outer loop
      vertex   6.600323e+00 -2.160330e+02 -1.330581e+02
      vertex   6.847922e+00 -2.100330e+02 -1.327453e+02
      vertex   6.600323e+00 -2.100330e+02 -1.330581e+02
    endloop
  endfacet
  facet normal -7.161522e-01 0.000000e+00 6.979442e-01
    outer loop
      vertex   6.600323e+00 -2.160330e+02 -1.330581e+02
      vertex   6.600323e+00 -2.100330e+02 -1.330581e+02
      vertex   6.321871e+00 -2.160330e+02 -1.333438e+02
    endloop
  endfacet
  facet normal -7.161522e-01 0.000000e+00 6.979442e-01
    outer loop
      vertex   6.321871e+00 -2.160330e+02 -1.333438e+02
      vertex   6.600323e+00 -2.100330e+02 -1.330581e+02
      vertex   6.321871e+00 -2.100330e+02 -1.333438e+02
    endloop
  endfacet
  facet normal -6.405932e-01 0.000000e+00 7.678804e-01
    outer loop
      vertex   6.321871e+00 -2.160330e+02 -1.333438e+02
      vertex   6.321871e+00 -2.100330e+02 -1.333438e+02
      vertex   6.015517e+00 -2.160330e+02 -1.335994e+02
    endloop
  endfacet
  facet normal -6.405932e-01 0.000000e+00 7.678804e-01
    outer loop
      vertex   6.015517e+00 -2.160330e+02 -1.335994e+02
      vertex   6.321871e+00 -2.100330e+02 -1.333438e+02
      vertex   6.015517e+00 -2.100330e+02 -1.335994e+02
    endloop
  endfacet
  facet normal -5.582437e-01 0.000000e+00 8.296770e-01
    outer loop
      vertex   6.015517e+00 -2.160330e+02 -1.335994e+02
      vertex   6.015517e+00 -2.100330e+02 -1.335994e+02
      vertex   5.684509e+00 -2.160330e+02 -1.338221e+02
    endloop
  endfacet
  facet normal -5.582437e-01 0.000000e+00 8.296770e-01
    outer loop
      vertex   5.684509e+00 -2.160330e+02 -1.338221e+02
      vertex   6.015517e+00 -2.100330e+02 -1.335994e+02
      vertex   5.684509e+00 -2.100330e+02 -1.338221e+02
    endloop
  endfacet
  facet normal -4.699767e-01 0.000000e+00 8.826788e-01
    outer loop
      vertex   5.684509e+00 -2.160330e+02 -1.338221e+02
      vertex   5.684509e+00 -2.100330e+02 -1.338221e+02
      vertex   5.332355e+00 -2.160330e+02 -1.340096e+02
    endloop
  endfacet
  facet normal -4.699767e-01 0.000000e+00 8.826788e-01
    outer loop
      vertex   5.332355e+00 -2.160330e+02 -1.340096e+02
      vertex   5.684509e+00 -2.100330e+02 -1.338221e+02
      vertex   5.332355e+00 -2.100330e+02 -1.340096e+02
    endloop
  endfacet
  facet normal -3.767279e-01 0.000000e+00 9.263240e-01
    outer loop
      vertex   5.332355e+00 -2.160330e+02 -1.340096e+02
      vertex   5.332355e+00 -2.100330e+02 -1.340096e+02
      vertex   4.962789e+00 -2.160330e+02 -1.341599e+02
    endloop
  endfacet
  facet normal -3.767279e-01 0.000000e+00 9.263240e-01
    outer loop
      vertex   4.962789e+00 -2.160330e+02 -1.341599e+02
      vertex   5.332355e+00 -2.100330e+02 -1.340096e+02
      vertex   4.962789e+00 -2.100330e+02 -1.341599e+02
    endloop
  endfacet
  facet normal -2.794856e-01 0.000000e+00 9.601499e-01
    outer loop
      vertex   4.962789e+00 -2.160330e+02 -1.341599e+02
      vertex   4.962789e+00 -2.100330e+02 -1.341599e+02
      vertex   4.579727e+00 -2.160330e+02 -1.342714e+02
    endloop
  endfacet
  facet normal -2.794856e-01 0.000000e+00 9.601499e-01
    outer loop
      vertex   4.579727e+00 -2.160330e+02 -1.342714e+02
      vertex   4.962789e+00 -2.100330e+02 -1.341599e+02
      vertex   4.579727e+00 -2.100330e+02 -1.342714e+02
    endloop
  endfacet
  facet normal -1.792808e-01 0.000000e+00 9.837980e-01
    outer loop
      vertex   4.579727e+00 -2.160330e+02 -1.342714e+02
      vertex   4.579727e+00 -2.100330e+02 -1.342714e+02
      vertex   4.187231e+00 -2.160330e+02 -1.343429e+02
    endloop
  endfacet
  facet normal -1.792808e-01 0.000000e+00 9.837980e-01
    outer loop
      vertex   4.187231e+00 -2.160330e+02 -1.343429e+02
      vertex   4.579727e+00 -2.100330e+02 -1.342714e+02
      vertex   4.187231e+00 -2.100330e+02 -1.343429e+02
    endloop
  endfacet
  facet normal -7.717546e-02 0.000000e+00 9.970175e-01
    outer loop
      vertex   4.187231e+00 -2.160330e+02 -1.343429e+02
      vertex   4.187231e+00 -2.100330e+02 -1.343429e+02
      vertex   3.789460e+00 -2.160330e+02 -1.343737e+02
    endloop
  endfacet
  facet normal -7.717546e-02 0.000000e+00 9.970175e-01
    outer loop
      vertex   3.789460e+00 -2.160330e+02 -1.343737e+02
      vertex   4.187231e+00 -2.100330e+02 -1.343429e+02
      vertex   3.789460e+00 -2.100330e+02 -1.343737e+02
    endloop
  endfacet
  facet normal 2.574791e-02 -0.000000e+00 9.996685e-01
    outer loop
      vertex   3.789460e+00 -2.160330e+02 -1.343737e+02
      vertex   3.789460e+00 -2.100330e+02 -1.343737e+02
      vertex   3.390632e+00 -2.160330e+02 -1.343634e+02
    endloop
  endfacet
  facet normal 2.574791e-02 -0.000000e+00 9.996685e-01
    outer loop
      vertex   3.390632e+00 -2.160330e+02 -1.343634e+02
      vertex   3.789460e+00 -2.100330e+02 -1.343737e+02
      vertex   3.390632e+00 -2.100330e+02 -1.343634e+02
    endloop
  endfacet
  facet normal 1.283984e-01 -0.000000e+00 9.917227e-01
    outer loop
      vertex   3.390632e+00 -2.160330e+02 -1.343634e+02
      vertex   3.390632e+00 -2.100330e+02 -1.343634e+02
      vertex   2.994974e+00 -2.160330e+02 -1.343122e+02
    endloop
  endfacet
  facet normal 1.283984e-01 -0.000000e+00 9.917227e-01
    outer loop
      vertex   2.994974e+00 -2.160330e+02 -1.343122e+02
      vertex   3.390632e+00 -2.100330e+02 -1.343634e+02
      vertex   2.994974e+00 -2.100330e+02 -1.343122e+02
    endloop
  endfacet
  facet normal 2.296877e-01 -0.000000e+00 9.732644e-01
    outer loop
      vertex   2.994974e+00 -2.160330e+02 -1.343122e+02
      vertex   2.994974e+00 -2.100330e+02 -1.343122e+02
      vertex   2.606680e+00 -2.160330e+02 -1.342206e+02
    endloop
  endfacet
  facet normal 2.296877e-01 -0.000000e+00 9.732644e-01
    outer loop
      vertex   2.606680e+00 -2.160330e+02 -1.342206e+02
      vertex   2.994974e+00 -2.100330e+02 -1.343122e+02
      vertex   2.606680e+00 -2.100330e+02 -1.342206e+02
    endloop
  endfacet
  facet normal 3.285424e-01 -0.000000e+00 9.444892e-01
    outer loop
      vertex   2.606680e+00 -2.160330e+02 -1.342206e+02
      vertex   2.606680e+00 -2.100330e+02 -1.342206e+02
      vertex   2.229866e+00 -2.160330e+02 -1.340895e+02
    endloop
  endfacet
  facet normal 3.285424e-01 -0.000000e+00 9.444892e-01
    outer loop
      vertex   2.229866e+00 -2.160330e+02 -1.340895e+02
      vertex   2.606680e+00 -2.100330e+02 -1.342206e+02
      vertex   2.229866e+00 -2.100330e+02 -1.340895e+02
    endloop
  endfacet
  facet normal 4.239144e-01 -0.000000e+00 9.057023e-01
    outer loop
      vertex   2.229866e+00 -2.160330e+02 -1.340895e+02
      vertex   2.229866e+00 -2.100330e+02 -1.340895e+02
      vertex   1.868527e+00 -2.160330e+02 -1.339204e+02
    endloop
  endfacet
  facet normal 4.239144e-01 -0.000000e+00 9.057023e-01
    outer loop
      vertex   1.868527e+00 -2.160330e+02 -1.339204e+02
      vertex   2.229866e+00 -2.100330e+02 -1.340895e+02
      vertex   1.868527e+00 -2.100330e+02 -1.339204e+02
    endloop
  endfacet
  facet normal 5.147928e-01 -0.000000e+00 8.573146e-01
    outer loop
      vertex   1.868527e+00 -2.160330e+02 -1.339204e+02
      vertex   1.868527e+00 -2.100330e+02 -1.339204e+02
      vertex   1.526493e+00 -2.160330e+02 -1.337150e+02
    endloop
  endfacet
  facet normal 5.147928e-01 -0.000000e+00 8.573146e-01
    outer loop
      vertex   1.526493e+00 -2.160330e+02 -1.337150e+02
      vertex   1.868527e+00 -2.100330e+02 -1.339204e+02
      vertex   1.526493e+00 -2.100330e+02 -1.337150e+02
    endloop
  endfacet
  facet normal 6.002143e-01 -0.000000e+00 7.998392e-01
    outer loop
      vertex   1.526493e+00 -2.160330e+02 -1.337150e+02
      vertex   1.526493e+00 -2.100330e+02 -1.337150e+02
      vertex   1.207388e+00 -2.160330e+02 -1.334755e+02
    endloop
  endfacet
  facet normal 6.002143e-01 -0.000000e+00 7.998392e-01
    outer loop
      vertex   1.207388e+00 -2.160330e+02 -1.334755e+02
      vertex   1.526493e+00 -2.100330e+02 -1.337150e+02
      vertex   1.207388e+00 -2.100330e+02 -1.334755e+02
    endloop
  endfacet
  facet normal 6.792733e-01 -0.000000e+00 7.338854e-01
    outer loop
      vertex   1.207388e+00 -2.160330e+02 -1.334755e+02
      vertex   1.207388e+00 -2.100330e+02 -1.334755e+02
      vertex   9.145973e-01 -2.160330e+02 -1.332045e+02
    endloop
  endfacet
  facet normal 6.792733e-01 -0.000000e+00 7.338854e-01
    outer loop
      vertex   9.145973e-01 -2.160330e+02 -1.332045e+02
      vertex   1.207388e+00 -2.100330e+02 -1.334755e+02
      vertex   9.145973e-01 -2.100330e+02 -1.332045e+02
    endloop
  endfacet
  facet normal 7.511319e-01 -0.000000e+00 6.601521e-01
    outer loop
      vertex   9.145973e-01 -2.160330e+02 -1.332045e+02
      vertex   9.145973e-01 -2.100330e+02 -1.332045e+02
      vertex   6.512227e-01 -2.160330e+02 -1.329049e+02
    endloop
  endfacet
  facet normal 7.511319e-01 -0.000000e+00 6.601521e-01
    outer loop
      vertex   6.512227e-01 -2.160330e+02 -1.329049e+02
      vertex   9.145973e-01 -2.100330e+02 -1.332045e+02
      vertex   6.512227e-01 -2.100330e+02 -1.329049e+02
    endloop
  endfacet
  facet normal 8.150283e-01 -0.000000e+00 5.794211e-01
    outer loop
      vertex   6.512227e-01 -2.160330e+02 -1.329049e+02
      vertex   6.512227e-01 -2.100330e+02 -1.329049e+02
      vertex   4.200567e-01 -2.160330e+02 -1.325797e+02
    endloop
  endfacet
  facet normal 8.150283e-01 -0.000000e+00 5.794211e-01
    outer loop
      vertex   4.200567e-01 -2.160330e+02 -1.325797e+02
      vertex   6.512227e-01 -2.100330e+02 -1.329049e+02
      vertex   4.200567e-01 -2.100330e+02 -1.325797e+02
    endloop
  endfacet
  facet normal 8.702852e-01 -0.000000e+00 4.925481e-01
    outer loop
      vertex   4.200567e-01 -2.160330e+02 -1.325797e+02
      vertex   4.200567e-01 -2.100330e+02 -1.325797e+02
      vertex   2.235495e-01 -2.160330e+02 -1.322325e+02
    endloop
  endfacet
  facet normal 8.702852e-01 -0.000000e+00 4.925481e-01
    outer loop
      vertex   2.235495e-01 -2.160330e+02 -1.322325e+02
      vertex   4.200567e-01 -2.100330e+02 -1.325797e+02
      vertex   2.235495e-01 -2.100330e+02 -1.322325e+02
    endloop
  endfacet
  facet normal 9.163169e-01 -0.000000e+00 4.004539e-01
    outer loop
      vertex   2.235495e-01 -2.160330e+02 -1.322325e+02
      vertex   2.235495e-01 -2.100330e+02 -1.322325e+02
      vertex   6.378431e-02 -2.160330e+02 -1.318669e+02
    endloop
  endfacet
  facet normal 9.163169e-01 -0.000000e+00 4.004539e-01
    outer loop
      vertex   6.378431e-02 -2.160330e+02 -1.318669e+02
      vertex   2.235495e-01 -2.100330e+02 -1.322325e+02
      vertex   6.378431e-02 -2.100330e+02 -1.318669e+02
    endloop
  endfacet
  facet normal 9.526354e-01 -0.000000e+00 3.041148e-01
    outer loop
      vertex   6.378431e-02 -2.160330e+02 -1.318669e+02
      vertex   6.378431e-02 -2.100330e+02 -1.318669e+02
      vertex   -5.754545e-02 -2.160330e+02 -1.314869e+02
    endloop
  endfacet
  facet normal 9.526354e-01 -0.000000e+00 3.041148e-01
    outer loop
      vertex   -5.754545e-02 -2.160330e+02 -1.314869e+02
      vertex   6.378431e-02 -2.100330e+02 -1.318669e+02
      vertex   -5.754545e-02 -2.100330e+02 -1.314869e+02
    endloop
  endfacet
  facet normal 9.788557e-01 -0.000000e+00 2.045521e-01
    outer loop
      vertex   -5.754545e-02 -2.160330e+02 -1.314869e+02
      vertex   -5.754545e-02 -2.100330e+02 -1.314869e+02
      vertex   -1.391536e-01 -2.160330e+02 -1.310963e+02
    endloop
  endfacet
  facet normal 9.788557e-01 -0.000000e+00 2.045521e-01
    outer loop
      vertex   -1.391536e-01 -2.160330e+02 -1.310963e+02
      vertex   -5.754545e-02 -2.100330e+02 -1.314869e+02
      vertex   -1.391536e-01 -2.100330e+02 -1.310963e+02
    endloop
  endfacet
  facet normal 9.946999e-01 -0.000000e+00 1.028210e-01
    outer loop
      vertex   -1.391536e-01 -2.160330e+02 -1.310963e+02
      vertex   -1.391536e-01 -2.100330e+02 -1.310963e+02
      vertex   -1.801751e-01 -2.160330e+02 -1.306995e+02
    endloop
  endfacet
  facet normal 9.946999e-01 -0.000000e+00 1.028210e-01
    outer loop
      vertex   -1.801751e-01 -2.160330e+02 -1.306995e+02
      vertex   -1.391536e-01 -2.100330e+02 -1.310963e+02
      vertex   -1.801751e-01 -2.100330e+02 -1.306995e+02
    endloop
  endfacet
  facet normal 1.000000e+00 0.000000e+00 0.000000e+00
    outer loop
      vertex   -1.801751e-01 -2.160330e+02 -1.306995e+02
      vertex   -1.801751e-01 -2.100330e+02 -1.306995e+02
      vertex   -1.801751e-01 -2.160330e+02 -1.303005e+02
    endloop
  endfacet
  facet normal 1.000000e+00 -0.000000e+00 0.000000e+00
    outer loop
      vertex   -1.801751e-01 -2.160330e+02 -1.303005e+02
      vertex   -1.801751e-01 -2.100330e+02 -1.306995e+02
      vertex   -1.801751e-01 -2.100330e+02 -1.303005e+02
    endloop
  endfacet
  facet normal 9.946999e-01 0.000000e+00 -1.028210e-01
    outer loop
      vertex   -1.801751e-01 -2.160330e+02 -1.303005e+02
      vertex   -1.801751e-01 -2.100330e+02 -1.303005e+02
      vertex   -1.391536e-01 -2.160330e+02 -1.299037e+02
    endloop
  endfacet
  facet normal 9.946999e-01 0.000000e+00 -1.028210e-01
    outer loop
      vertex   -1.391536e-01 -2.160330e+02 -1.299037e+02
      vertex   -1.801751e-01 -2.100330e+02 -1.303005e+02
      vertex   -1.391536e-01 -2.100330e+02 -1.299037e+02
    endloop
  endfacet
  facet normal 9.788557e-01 0.000000e+00 -2.045521e-01
    outer loop
      vertex   -1.391536e-01 -2.160330e+02 -1.299037e+02
      vertex   -1.391536e-01 -2.100330e+02 -1.299037e+02
      vertex   -5.754545e-02 -2.160330e+02 -1.295132e+02
    endloop
  endfacet
  facet normal 9.788557e-01 0.000000e+00 -2.045521e-01
    outer loop
      vertex   -5.754545e-02 -2.160330e+02 -1.295132e+02
      vertex   -1.391536e-01 -2.100330e+02 -1.299037e+02
      vertex   -5.754545e-02 -2.100330e+02 -1.295132e+02
    endloop
  endfacet
  facet normal 9.526354e-01 0.000000e+00 -3.041148e-01
    outer loop
      vertex   -5.754545e-02 -2.160330e+02 -1.295132e+02
      vertex   -5.754545e-02 -2.100330e+02 -1.295132e+02
      vertex   6.378431e-02 -2.160330e+02 -1.291331e+02
    endloop
  endfacet
  facet normal 9.526354e-01 0.000000e+00 -3.041148e-01
    outer loop
      vertex   6.378431e-02 -2.160330e+02 -1.291331e+02
      vertex   -5.754545e-02 -2.100330e+02 -1.295132e+02
      vertex   6.378431e-02 -2.100330e+02 -1.291331e+02
    endloop
  endfacet
  facet normal 9.163169e-01 0.000000e+00 -4.004539e-01
    outer loop
      vertex   6.378431e-02 -2.160330e+02 -1.291331e+02
      vertex   6.378431e-02 -2.100330e+02 -1.291331e+02
      vertex   2.235495e-01 -2.160330e+02 -1.287675e+02
    endloop
  endfacet
  facet normal 9.163169e-01 0.000000e+00 -4.004539e-01
    outer loop
      vertex   2.235495e-01 -2.160330e+02 -1.287675e+02
      vertex   6.378431e-02 -2.100330e+02 -1.291331e+02
      vertex   2.235495e-01 -2.100330e+02 -1.287675e+02
    endloop
  endfacet
  facet normal 8.702852e-01 0.000000e+00 -4.925481e-01
    outer loop
      vertex   2.235495e-01 -2.160330e+02 -1.287675e+02
      vertex   2.235495e-01 -2.100330e+02 -1.287675e+02
      vertex   4.200567e-01 -2.160330e+02 -1.284203e+02
    endloop
  endfacet
  facet normal 8.702852e-01 0.000000e+00 -4.925481e-01
    outer loop
      vertex   4.200567e-01 -2.160330e+02 -1.284203e+02
      vertex   2.235495e-01 -2.100330e+02 -1.287675e+02
      vertex   4.200567e-01 -2.100330e+02 -1.284203e+02
    endloop
  endfacet
  facet normal 8.150283e-01 0.000000e+00 -5.794211e-01
    outer loop
      vertex   4.200567e-01 -2.160330e+02 -1.284203e+02
      vertex   4.200567e-01 -2.100330e+02 -1.284203e+02
      vertex   6.512227e-01 -2.160330e+02 -1.280951e+02
    endloop
  endfacet
  facet normal 8.150283e-01 0.000000e+00 -5.794211e-01
    outer loop
      vertex   6.512227e-01 -2.160330e+02 -1.280951e+02
      vertex   4.200567e-01 -2.100330e+02 -1.284203e+02
      vertex   6.512227e-01 -2.100330e+02 -1.280951e+02
    endloop
  endfacet
  facet normal 7.511319e-01 0.000000e+00 -6.601521e-01
    outer loop
      vertex   6.512227e-01 -2.160330e+02 -1.280951e+02
      vertex   6.512227e-01 -2.100330e+02 -1.280951e+02
      vertex   9.145973e-01 -2.160330e+02 -1.277955e+02
    endloop
  endfacet
  facet normal 7.511319e-01 0.000000e+00 -6.601521e-01
    outer loop
      vertex   9.145973e-01 -2.160330e+02 -1.277955e+02
      vertex   6.512227e-01 -2.100330e+02 -1.280951e+02
      vertex   9.145973e-01 -2.100330e+02 -1.277955e+02
    endloop
  endfacet
  facet normal 6.792733e-01 0.000000e+00 -7.338854e-01
    outer loop
      vertex   9.145973e-01 -2.160330e+02 -1.277955e+02
      vertex   9.145973e-01 -2.100330e+02 -1.277955e+02
      vertex   1.207388e+00 -2.160330e+02 -1.275245e+02
    endloop
  endfacet
  facet normal 6.792733e-01 0.000000e+00 -7.338854e-01
    outer loop
      vertex   1.207388e+00 -2.160330e+02 -1.275245e+02
      vertex   9.145973e-01 -2.100330e+02 -1.277955e+02
      vertex   1.207388e+00 -2.100330e+02 -1.275245e+02
    endloop
  endfacet
  facet normal 6.002143e-01 0.000000e+00 -7.998392e-01
    outer loop
      vertex   1.207388e+00 -2.160330e+02 -1.275245e+02
      vertex   1.207388e+00 -2.100330e+02 -1.275245e+02
      vertex   1.526493e+00 -2.160330e+02 -1.272850e+02
    endloop
  endfacet
  facet normal 6.002143e-01 0.000000e+00 -7.998392e-01
    outer loop
      vertex   1.526493e+00 -2.160330e+02 -1.272850e+02
      vertex   1.207388e+00 -2.100330e+02 -1.275245e+02
      vertex   1.526493e+00 -2.100330e+02 -1.272850e+02
    endloop
  endfacet
  facet normal 5.147928e-01 0.000000e+00 -8.573146e-01
    outer loop
      vertex   1.526493e+00 -2.160330e+02 -1.272850e+02
      vertex   1.526493e+00 -2.100330e+02 -1.272850e+02
      vertex   1.868527e+00 -2.160330e+02 -1.270796e+02
    endloop
  endfacet
  facet normal 5.147928e-01 0.000000e+00 -8.573146e-01
    outer loop
      vertex   1.868527e+00 -2.160330e+02 -1.270796e+02
      vertex   1.526493e+00 -2.100330e+02 -1.272850e+02
      vertex   1.868527e+00 -2.100330e+02 -1.270796e+02
    endloop
  endfacet
  facet normal 4.239144e-01 0.000000e+00 -9.057023e-01
    outer loop
      vertex   1.868527e+00 -2.160330e+02 -1.270796e+02
      vertex   1.868527e+00 -2.100330e+02 -1.270796e+02
      vertex   2.229866e+00 -2.160330e+02 -1.269105e+02
    endloop
  endfacet
  facet normal 4.239144e-01 0.000000e+00 -9.057023e-01
    outer loop
      vertex   2.229866e+00 -2.160330e+02 -1.269105e+02
      vertex   1.868527e+00 -2.100330e+02 -1.270796e+02
      vertex   2.229866e+00 -2.100330e+02 -1.269105e+02
    endloop
  endfacet
  facet normal 3.285424e-01 0.000000e+00 -9.444892e-01
    outer loop
      vertex   2.229866e+00 -2.160330e+02 -1.269105e+02
      vertex   2.229866e+00 -2.100330e+02 -1.269105e+02
      vertex   2.606680e+00 -2.160330e+02 -1.267794e+02
    endloop
  endfacet
  facet normal 3.285424e-01 0.000000e+00 -9.444892e-01
    outer loop
      vertex   2.606680e+00 -2.160330e+02 -1.267794e+02
      vertex   2.229866e+00 -2.100330e+02 -1.269105e+02
      vertex   2.606680e+00 -2.100330e+02 -1.267794e+02
    endloop
  endfacet
  facet normal 2.296877e-01 0.000000e+00 -9.732644e-01
    outer loop
      vertex   2.606680e+00 -2.160330e+02 -1.267794e+02
      vertex   2.606680e+00 -2.100330e+02 -1.267794e+02
      vertex   2.994974e+00 -2.160330e+02 -1.266878e+02
    endloop
  endfacet
  facet normal 2.296877e-01 0.000000e+00 -9.732644e-01
    outer loop
      vertex   2.994974e+00 -2.160330e+02 -1.266878e+02
      vertex   2.606680e+00 -2.100330e+02 -1.267794e+02
      vertex   2.994974e+00 -2.100330e+02 -1.266878e+02
    endloop
  endfacet
  facet normal 1.283984e-01 0.000000e+00 -9.917227e-01
    outer loop
      vertex   2.994974e+00 -2.160330e+02 -1.266878e+02
      vertex   2.994974e+00 -2.100330e+02 -1.266878e+02
      vertex   3.390632e+00 -2.160330e+02 -1.266366e+02
    endloop
  endfacet
  facet normal 1.283984e-01 0.000000e+00 -9.917227e-01
    outer loop
      vertex   3.390632e+00 -2.160330e+02 -1.266366e+02
      vertex   2.994974e+00 -2.100330e+02 -1.266878e+02
      vertex   3.390632e+00 -2.100330e+02 -1.266366e+02
    endloop
  endfacet
  facet normal 2.574791e-02 0.000000e+00 -9.996685e-01
    outer loop
      vertex   3.390632e+00 -2.160330e+02 -1.266366e+02
      vertex   3.390632e+00 -2.100330e+02 -1.266366e+02
      vertex   3.789460e+00 -2.160330e+02 -1.266263e+02
    endloop
  endfacet
  facet normal 2.574791e-02 0.000000e+00 -9.996685e-01
    outer loop
      vertex   3.789460e+00 -2.160330e+02 -1.266263e+02
      vertex   3.390632e+00 -2.100330e+02 -1.266366e+02
      vertex   3.789460e+00 -2.100330e+02 -1.266263e+02
    endloop
  endfacet
  facet normal -7.717546e-02 0.000000e+00 -9.970175e-01
    outer loop
      vertex   3.789460e+00 -2.160330e+02 -1.266263e+02
      vertex   3.789460e+00 -2.100330e+02 -1.266263e+02
      vertex   4.187231e+00 -2.160330e+02 -1.266571e+02
    endloop
  endfacet
  facet normal -7.717546e-02 0.000000e+00 -9.970175e-01
    outer loop
      vertex   4.187231e+00 -2.160330e+02 -1.266571e+02
      vertex   3.789460e+00 -2.100330e+02 -1.266263e+02
      vertex   4.187231e+00 -2.100330e+02 -1.266571e+02
    endloop
  endfacet
  facet normal -1.792808e-01 0.000000e+00 -9.837980e-01
    outer loop
      vertex   4.187231e+00 -2.160330e+02 -1.266571e+02
      vertex   4.187231e+00 -2.100330e+02 -1.266571e+02
      vertex   4.579727e+00 -2.160330e+02 -1.267286e+02
    endloop
  endfacet
  facet normal -1.792808e-01 0.000000e+00 -9.837980e-01
    outer loop
      vertex   4.579727e+00 -2.160330e+02 -1.267286e+02
      vertex   4.187231e+00 -2.100330e+02 -1.266571e+02
      vertex   4.579727e+00 -2.100330e+02 -1.267286e+02
    endloop
  endfacet
  facet normal -2.794856e-01 0.000000e+00 -9.601499e-01
    outer loop
      vertex   4.579727e+00 -2.160330e+02 -1.267286e+02
      vertex   4.579727e+00 -2.100330e+02 -1.267286e+02
      vertex   4.962789e+00 -2.160330e+02 -1.268401e+02
    endloop
  endfacet
  facet normal -2.794856e-01 0.000000e+00 -9.601499e-01
    outer loop
      vertex   4.962789e+00 -2.160330e+02 -1.268401e+02
      vertex   4.579727e+00 -2.100330e+02 -1.267286e+02
      vertex   4.962789e+00 -2.100330e+02 -1.268401e+02
    endloop
  endfacet
  facet normal -3.767279e-01 0.000000e+00 -9.263240e-01
    outer loop
      vertex   4.962789e+00 -2.160330e+02 -1.268401e+02
      vertex   4.962789e+00 -2.100330e+02 -1.268401e+02
      vertex   5.332355e+00 -2.160330e+02 -1.269904e+02
    endloop
  endfacet
  facet normal -3.767279e-01 0.000000e+00 -9.263240e-01
    outer loop
      vertex   5.332355e+00 -2.160330e+02 -1.269904e+02
      vertex   4.962789e+00 -2.100330e+02 -1.268401e+02
      vertex   5.332355e+00 -2.100330e+02 -1.269904e+02
    endloop
  endfacet
  facet normal -4.699767e-01 0.000000e+00 -8.826788e-01
    outer loop
      vertex   5.332355e+00 -2.160330e+02 -1.269904e+02
      vertex   5.332355e+00 -2.100330e+02 -1.269904e+02
      vertex   5.684509e+00 -2.160330e+02 -1.271779e+02
    endloop
  endfacet
  facet normal -4.699767e-01 0.000000e+00 -8.826788e-01
    outer loop
      vertex   5.684509e+00 -2.160330e+02 -1.271779e+02
      vertex   5.332355e+00 -2.100330e+02 -1.269904e+02
      vertex   5.684509e+00 -2.100330e+02 -1.271779e+02
    endloop
  endfacet
  facet normal -5.582437e-01 0.000000e+00 -8.296770e-01
    outer loop
      vertex   5.684509e+00 -2.160330e+02 -1.271779e+02
      vertex   5.684509e+00 -2.100330e+02 -1.271779e+02
      vertex   6.015517e+00 -2.160330e+02 -1.274006e+02
    endloop
  endfacet
  facet normal -5.582437e-01 0.000000e+00 -8.296770e-01
    outer loop
      vertex   6.015517e+00 -2.160330e+02 -1.274006e+02
      vertex   5.684509e+00 -2.100330e+02 -1.271779e+02
      vertex   6.015517e+00 -2.100330e+02 -1.274006e+02
    endloop
  endfacet
  facet normal -6.405932e-01 0.000000e+00 -7.678804e-01
    outer loop
      vertex   6.015517e+00 -2.160330e+02 -1.274006e+02
      vertex   6.015517e+00 -2.100330e+02 -1.274006e+02
      vertex   6.321871e+00 -2.160330e+02 -1.276562e+02
    endloop
  endfacet
  facet normal -6.405932e-01 0.000000e+00 -7.678804e-01
    outer loop
      vertex   6.321871e+00 -2.160330e+02 -1.276562e+02
      vertex   6.015517e+00 -2.100330e+02 -1.274006e+02
      vertex   6.321871e+00 -2.100330e+02 -1.276562e+02
    endloop
  endfacet
  facet normal -7.161522e-01 0.000000e+00 -6.979442e-01
    outer loop
      vertex   6.321871e+00 -2.160330e+02 -1.276562e+02
      vertex   6.321871e+00 -2.100330e+02 -1.276562e+02
      vertex   6.600323e+00 -2.160330e+02 -1.279419e+02
    endloop
  endfacet
  facet normal -7.161522e-01 0.000000e+00 -6.979442e-01
    outer loop
      vertex   6.600323e+00 -2.160330e+02 -1.279419e+02
      vertex   6.321871e+00 -2.100330e+02 -1.276562e+02
      vertex   6.600323e+00 -2.100330e+02 -1.279419e+02
    endloop
  endfacet
  facet normal -7.841198e-01 0.000000e+00 -6.206095e-01
    outer loop
      vertex   6.600323e+00 -2.160330e+02 -1.279419e+02
      vertex   6.600323e+00 -2.100330e+02 -1.279419e+02
      vertex   6.847922e+00 -2.160330e+02 -1.282547e+02
    endloop
  endfacet
  facet normal -7.841198e-01 0.000000e+00 -6.206095e-01
    outer loop
      vertex   6.847922e+00 -2.160330e+02 -1.282547e+02
      vertex   6.600323e+00 -2.100330e+02 -1.279419e+02
      vertex   6.847922e+00 -2.100330e+02 -1.282547e+02
    endloop
  endfacet
  facet normal -8.437756e-01 0.000000e+00 -5.366962e-01
    outer loop
      vertex   6.847922e+00 -2.160330e+02 -1.282547e+02
      vertex   6.847922e+00 -2.100330e+02 -1.282547e+02
      vertex   7.062042e+00 -2.160330e+02 -1.285914e+02
    endloop
  endfacet
  facet normal -8.437756e-01 0.000000e+00 -5.366962e-01
    outer loop
      vertex   7.062042e+00 -2.160330e+02 -1.285914e+02
      vertex   6.847922e+00 -2.100330e+02 -1.282547e+02
      vertex   7.062042e+00 -2.100330e+02 -1.285914e+02
    endloop
  endfacet
  facet normal -8.944871e-01 0.000000e+00 -4.470938e-01
    outer loop
      vertex   7.062042e+00 -2.160330e+02 -1.285914e+02
      vertex   7.062042e+00 -2.100330e+02 -1.285914e+02
      vertex   7.240415e+00 -2.160330e+02 -1.289482e+02
    endloop
  endfacet
  facet normal -8.944871e-01 0.000000e+00 -4.470938e-01
    outer loop
      vertex   7.240415e+00 -2.160330e+02 -1.289482e+02
      vertex   7.062042e+00 -2.100330e+02 -1.285914e+02
      vertex   7.240415e+00 -2.100330e+02 -1.289482e+02
    endloop
  endfacet
  facet normal -9.357168e-01 0.000000e+00 -3.527521e-01
    outer loop
      vertex   7.240415e+00 -2.160330e+02 -1.289482e+02
      vertex   7.240415e+00 -2.100330e+02 -1.289482e+02
      vertex   7.381149e+00 -2.160330e+02 -1.293216e+02
    endloop
  endfacet
  facet normal -9.357168e-01 0.000000e+00 -3.527521e-01
    outer loop
      vertex   7.381149e+00 -2.160330e+02 -1.293216e+02
      vertex   7.240415e+00 -2.100330e+02 -1.289482e+02
      vertex   7.381149e+00 -2.100330e+02 -1.293216e+02
    endloop
  endfacet
  facet normal -9.670277e-01 0.000000e+00 -2.546711e-01
    outer loop
      vertex   7.381149e+00 -2.160330e+02 -1.293216e+02
      vertex   7.381149e+00 -2.100330e+02 -1.293216e+02
      vertex   7.482753e+00 -2.160330e+02 -1.297074e+02
    endloop
  endfacet
  facet normal -9.670277e-01 0.000000e+00 -2.546711e-01
    outer loop
      vertex   7.482753e+00 -2.160330e+02 -1.297074e+02
      vertex   7.381149e+00 -2.100330e+02 -1.293216e+02
      vertex   7.482753e+00 -2.100330e+02 -1.297074e+02
    endloop
  endfacet
  facet normal -9.880879e-01 0.000000e+00 -1.538906e-01
    outer loop
      vertex   7.482753e+00 -2.160330e+02 -1.297074e+02
      vertex   7.482753e+00 -2.100330e+02 -1.297074e+02
      vertex   7.544149e+00 -2.160330e+02 -1.301016e+02
    endloop
  endfacet
  facet normal -9.880879e-01 0.000000e+00 -1.538906e-01
    outer loop
      vertex   7.544149e+00 -2.160330e+02 -1.301016e+02
      vertex   7.482753e+00 -2.100330e+02 -1.297074e+02
      vertex   7.544149e+00 -2.100330e+02 -1.301016e+02
    endloop
  endfacet
  facet normal -0.000000e+00 1.000000e+00 0.000000e+00
    outer loop
      vertex   7.419144e+00 -2.160330e+02 -1.301080e+02
      vertex   7.544149e+00 -2.160330e+02 -1.301016e+02
      vertex   7.439687e+00 -2.160330e+02 -1.305000e+02
    endloop
  endfacet
  facet normal 0.000000e+00 1.000000e+00 0.000000e+00
    outer loop
      vertex   7.439687e+00 -2.160330e+02 -1.305000e+02
      vertex   7.544149e+00 -2.160330e+02 -1.301016e+02
      vertex   7.564687e+00 -2.160330e+02 -1.305000e+02
    endloop
  endfacet
  facet normal -0.000000e+00 1.000000e+00 0.000000e+00
    outer loop
      vertex   7.439687e+00 -2.160330e+02 -1.305000e+02
      vertex   7.564687e+00 -2.160330e+02 -1.305000e+02
      vertex   7.544149e+00 -2.160330e+02 -1.308984e+02
    endloop
  endfacet
  facet normal 0.000000e+00 1.000000e+00 0.000000e+00
    outer loop
      vertex   7.544149e+00 -2.160330e+02 -1.301016e+02
      vertex   7.419144e+00 -2.160330e+02 -1.301080e+02
      vertex   7.482753e+00 -2.160330e+02 -1.297074e+02
    endloop
  endfacet
  facet normal 0.000000e+00 1.000000e+00 0.000000e+00
    outer loop
      vertex   7.482753e+00 -2.160330e+02 -1.297074e+02
      vertex   7.419144e+00 -2.160330e+02 -1.301080e+02
      vertex   7.357740e+00 -2.160330e+02 -1.297203e+02
    endloop
  endfacet
  facet normal 0.000000e+00 1.000000e+00 0.000000e+00
    outer loop
      vertex   7.482753e+00 -2.160330e+02 -1.297074e+02
      vertex   7.357740e+00 -2.160330e+02 -1.297203e+02
      vertex   7.381149e+00 -2.160330e+02 -1.293216e+02
    endloop
  endfacet
  facet normal 0.000000e+00 1.000000e+00 0.000000e+00
    outer loop
      vertex   7.381149e+00 -2.160330e+02 -1.293216e+02
      vertex   7.357740e+00 -2.160330e+02 -1.297203e+02
      vertex   7.256149e+00 -2.160330e+02 -1.293412e+02
    endloop
  endfacet
  facet normal 0.000000e+00 1.000000e+00 0.000000e+00
    outer loop
      vertex   7.381149e+00 -2.160330e+02 -1.293216e+02
      vertex   7.256149e+00 -2.160330e+02 -1.293412e+02
      vertex   7.240415e+00 -2.160330e+02 -1.289482e+02
    endloop
  endfacet
  facet normal 0.000000e+00 1.000000e+00 0.000000e+00
    outer loop
      vertex   7.240415e+00 -2.160330e+02 -1.289482e+02
      vertex   7.256149e+00 -2.160330e+02 -1.293412e+02
      vertex   7.115482e+00 -2.160330e+02 -1.289747e+02
    endloop
  endfacet
  facet normal 0.000000e+00 1.000000e+00 0.000000e+00
    outer loop
      vertex   7.240415e+00 -2.160330e+02 -1.289482e+02
      vertex   7.115482e+00 -2.160330e+02 -1.289747e+02
      vertex   7.062042e+00 -2.160330e+02 -1.285914e+02
    endloop
  endfacet
  facet normal 0.000000e+00 1.000000e+00 0.000000e+00
    outer loop
      vertex   7.062042e+00 -2.160330e+02 -1.285914e+02
      vertex   7.115482e+00 -2.160330e+02 -1.289747e+02
      vertex   6.937282e+00 -2.160330e+02 -1.286250e+02
    endloop
  endfacet
  facet normal 0.000000e+00 1.000000e+00 0.000000e+00
    outer loop
      vertex   7.062042e+00 -2.160330e+02 -1.285914e+02
      vertex   6.937282e+00 -2.160330e+02 -1.286250e+02
      vertex   6.847922e+00 -2.160330e+02 -1.282547e+02
    endloop
  endfacet
  facet normal 0.000000e+00 1.000000e+00 0.000000e+00
    outer loop
      vertex   6.847922e+00 -2.160330e+02 -1.282547e+02
      vertex   6.937282e+00 -2.160330e+02 -1.286250e+02
      vertex   6.723501e+00 -2.160330e+02 -1.282958e+02
    endloop
  endfacet
  facet normal 0.000000e+00 1.000000e+00 0.000000e+00
    outer loop
      vertex   6.847922e+00 -2.160330e+02 -1.282547e+02
      vertex   6.723501e+00 -2.160330e+02 -1.282958e+02
      vertex   6.600323e+00 -2.160330e+02 -1.279419e+02
    endloop
  endfacet
  facet normal 0.000000e+00 1.000000e+00 0.000000e+00
    outer loop
      vertex   6.600323e+00 -2.160330e+02 -1.279419e+02
      vertex   6.723501e+00 -2.160330e+02 -1.282958e+02
      vertex   6.476480e+00 -2.160330e+02 -1.279908e+02
    endloop
  endfacet
  facet normal 0.000000e+00 1.000000e+00 0.000000e+00
    outer loop
      vertex   6.600323e+00 -2.160330e+02 -1.279419e+02
      vertex   6.476480e+00 -2.160330e+02 -1.279908e+02
      vertex   6.321871e+00 -2.160330e+02 -1.276562e+02
    endloop
  endfacet
  facet normal 0.000000e+00 1.000000e+00 0.000000e+00
    outer loop
      vertex   6.321871e+00 -2.160330e+02 -1.276562e+02
      vertex   6.476480e+00 -2.160330e+02 -1.279908e+02
      vertex   6.198927e+00 -2.160330e+02 -1.277132e+02
    endloop
  endfacet
  facet normal 0.000000e+00 1.000000e+00 0.000000e+00
    outer loop
      vertex   6.321871e+00 -2.160330e+02 -1.276562e+02
      vertex   6.198927e+00 -2.160330e+02 -1.277132e+02
      vertex   6.015517e+00 -2.160330e+02 -1.274006e+02
    endloop
  endfacet
  facet normal 0.000000e+00 1.000000e+00 0.000000e+00
    outer loop
      vertex   6.015517e+00 -2.160330e+02 -1.274006e+02
      vertex   6.198927e+00 -2.160330e+02 -1.277132e+02
      vertex   5.893882e+00 -2.160330e+02 -1.274662e+02
    endloop
  endfacet
  facet normal 0.000000e+00 1.000000e+00 0.000000e+00
    outer loop
      vertex   6.015517e+00 -2.160330e+02 -1.274006e+02
      vertex   5.893882e+00 -2.160330e+02 -1.274662e+02
      vertex   5.684509e+00 -2.160330e+02 -1.271779e+02
    endloop
  endfacet
  facet normal 0.000000e+00 1.000000e+00 0.000000e+00
    outer loop
      vertex   5.684509e+00 -2.160330e+02 -1.271779e+02
      vertex   5.893882e+00 -2.160330e+02 -1.274662e+02
      vertex   5.564687e+00 -2.160330e+02 -1.272524e+02
    endloop
  endfacet
  facet normal 0.000000e+00 1.000000e+00 0.000000e+00
    outer loop
      vertex   5.684509e+00 -2.160330e+02 -1.271779e+02
      vertex   5.564687e+00 -2.160330e+02 -1.272524e+02
      vertex   5.332355e+00 -2.160330e+02 -1.269904e+02
    endloop
  endfacet
  facet normal 0.000000e+00 1.000000e+00 0.000000e+00
    outer loop
      vertex   5.332355e+00 -2.160330e+02 -1.269904e+02
      vertex   5.564687e+00 -2.160330e+02 -1.272524e+02
      vertex   5.214949e+00 -2.160330e+02 -1.270742e+02
    endloop
  endfacet
  facet normal 0.000000e+00 1.000000e+00 0.000000e+00
    outer loop
      vertex   5.332355e+00 -2.160330e+02 -1.269904e+02
      vertex   5.214949e+00 -2.160330e+02 -1.270742e+02
      vertex   4.962789e+00 -2.160330e+02 -1.268401e+02
    endloop
  endfacet
  facet normal 0.000000e+00 1.000000e+00 0.000000e+00
    outer loop
      vertex   4.962789e+00 -2.160330e+02 -1.268401e+02
      vertex   5.214949e+00 -2.160330e+02 -1.270742e+02
      vertex   4.848501e+00 -2.160330e+02 -1.269335e+02
    endloop
  endfacet
  facet normal 0.000000e+00 1.000000e+00 0.000000e+00
    outer loop
      vertex   4.962789e+00 -2.160330e+02 -1.268401e+02
      vertex   4.848501e+00 -2.160330e+02 -1.269335e+02
      vertex   4.579727e+00 -2.160330e+02 -1.267286e+02
    endloop
  endfacet
  facet normal 0.000000e+00 1.000000e+00 0.000000e+00
    outer loop
      vertex   4.579727e+00 -2.160330e+02 -1.267286e+02
      vertex   4.848501e+00 -2.160330e+02 -1.269335e+02
      vertex   4.469356e+00 -2.160330e+02 -1.268319e+02
    endloop
  endfacet
  facet normal 0.000000e+00 1.000000e+00 0.000000e+00
    outer loop
      vertex   4.579727e+00 -2.160330e+02 -1.267286e+02
      vertex   4.469356e+00 -2.160330e+02 -1.268319e+02
      vertex   4.187231e+00 -2.160330e+02 -1.266571e+02
    endloop
  endfacet
  facet normal 0.000000e+00 1.000000e+00 0.000000e+00
    outer loop
      vertex   4.187231e+00 -2.160330e+02 -1.266571e+02
      vertex   4.469356e+00 -2.160330e+02 -1.268319e+02
      vertex   4.081669e+00 -2.160330e+02 -1.267705e+02
    endloop
  endfacet
  facet normal 0.000000e+00 1.000000e+00 0.000000e+00
    outer loop
      vertex   4.187231e+00 -2.160330e+02 -1.266571e+02
      vertex   4.081669e+00 -2.160330e+02 -1.267705e+02
      vertex   3.789460e+00 -2.160330e+02 -1.266263e+02
    endloop
  endfacet
  facet normal 0.000000e+00 1.000000e+00 0.000000e+00
    outer loop
      vertex   3.789460e+00 -2.160330e+02 -1.266263e+02
      vertex   4.081669e+00 -2.160330e+02 -1.267705e+02
      vertex   3.689687e+00 -2.160330e+02 -1.267500e+02
    endloop
  endfacet
  facet normal 0.000000e+00 1.000000e+00 0.000000e+00
    outer loop
      vertex   3.789460e+00 -2.160330e+02 -1.266263e+02
      vertex   3.689687e+00 -2.160330e+02 -1.267500e+02
      vertex   3.390632e+00 -2.160330e+02 -1.266366e+02
    endloop
  endfacet
  facet normal 0.000000e+00 1.000000e+00 0.000000e+00
    outer loop
      vertex   3.390632e+00 -2.160330e+02 -1.266366e+02
      vertex   3.689687e+00 -2.160330e+02 -1.267500e+02
      vertex   3.297705e+00 -2.160330e+02 -1.267705e+02
    endloop
  endfacet
  facet normal 0.000000e+00 1.000000e+00 0.000000e+00
    outer loop
      vertex   3.390632e+00 -2.160330e+02 -1.266366e+02
      vertex   3.297705e+00 -2.160330e+02 -1.267705e+02
      vertex   2.994974e+00 -2.160330e+02 -1.266878e+02
    endloop
  endfacet
  facet normal 0.000000e+00 1.000000e+00 0.000000e+00
    outer loop
      vertex   2.994974e+00 -2.160330e+02 -1.266878e+02
      vertex   3.297705e+00 -2.160330e+02 -1.267705e+02
      vertex   2.910018e+00 -2.160330e+02 -1.268319e+02
    endloop
  endfacet
  facet normal 0.000000e+00 1.000000e+00 0.000000e+00
    outer loop
      vertex   2.994974e+00 -2.160330e+02 -1.266878e+02
      vertex   2.910018e+00 -2.160330e+02 -1.268319e+02
      vertex   2.606680e+00 -2.160330e+02 -1.267794e+02
    endloop
  endfacet
  facet normal 0.000000e+00 1.000000e+00 0.000000e+00
    outer loop
      vertex   2.606680e+00 -2.160330e+02 -1.267794e+02
      vertex   2.910018e+00 -2.160330e+02 -1.268319e+02
      vertex   2.530873e+00 -2.160330e+02 -1.269335e+02
    endloop
  endfacet
  facet normal 0.000000e+00 1.000000e+00 0.000000e+00
    outer loop
      vertex   2.606680e+00 -2.160330e+02 -1.267794e+02
      vertex   2.530873e+00 -2.160330e+02 -1.269335e+02
      vertex   2.229866e+00 -2.160330e+02 -1.269105e+02
    endloop
  endfacet
  facet normal 0.000000e+00 1.000000e+00 0.000000e+00
    outer loop
      vertex   2.229866e+00 -2.160330e+02 -1.269105e+02
      vertex   2.530873e+00 -2.160330e+02 -1.269335e+02
      vertex   2.164425e+00 -2.160330e+02 -1.270742e+02
    endloop
  endfacet
  facet normal 0.000000e+00 1.000000e+00 0.000000e+00
    outer loop
      vertex   2.229866e+00 -2.160330e+02 -1.269105e+02
      vertex   2.164425e+00 -2.160330e+02 -1.270742e+02
      vertex   1.868527e+00 -2.160330e+02 -1.270796e+02
    endloop
  endfacet
  facet normal -0.000000e+00 1.000000e+00 0.000000e+00
    outer loop
      vertex   1.868527e+00 -2.160330e+02 -1.270796e+02
      vertex   2.164425e+00 -2.160330e+02 -1.270742e+02
      vertex   1.814687e+00 -2.160330e+02 -1.272524e+02
    endloop
  endfacet
  facet normal 0.000000e+00 1.000000e+00 0.000000e+00
    outer loop
      vertex   1.868527e+00 -2.160330e+02 -1.270796e+02
      vertex   1.814687e+00 -2.160330e+02 -1.272524e+02
      vertex   1.526493e+00 -2.160330e+02 -1.272850e+02
    endloop
  endfacet
  facet normal -0.000000e+00 1.000000e+00 0.000000e+00
    outer loop
      vertex   1.526493e+00 -2.160330e+02 -1.272850e+02
      vertex   1.814687e+00 -2.160330e+02 -1.272524e+02
      vertex   1.485492e+00 -2.160330e+02 -1.274662e+02
    endloop
  endfacet
  facet normal 0.000000e+00 1.000000e+00 0.000000e+00
    outer loop
      vertex   1.526493e+00 -2.160330e+02 -1.272850e+02
      vertex   1.485492e+00 -2.160330e+02 -1.274662e+02
      vertex   1.207388e+00 -2.160330e+02 -1.275245e+02
    endloop
  endfacet
  facet normal -0.000000e+00 1.000000e+00 0.000000e+00
    outer loop
      vertex   1.207388e+00 -2.160330e+02 -1.275245e+02
      vertex   1.485492e+00 -2.160330e+02 -1.274662e+02
      vertex   1.180447e+00 -2.160330e+02 -1.277132e+02
    endloop
  endfacet
  facet normal 0.000000e+00 1.000000e+00 0.000000e+00
    outer loop
      vertex   1.207388e+00 -2.160330e+02 -1.275245e+02
      vertex   1.180447e+00 -2.160330e+02 -1.277132e+02
      vertex   9.145973e-01 -2.160330e+02 -1.277955e+02
    endloop
  endfacet
  facet normal -0.000000e+00 1.000000e+00 0.000000e+00
    outer loop
      vertex   9.145973e-01 -2.160330e+02 -1.277955e+02
      vertex   1.180447e+00 -2.160330e+02 -1.277132e+02
      vertex   9.028939e-01 -2.160330e+02 -1.279908e+02
    endloop
  endfacet
  facet normal 0.000000e+00 1.000000e+00 0.000000e+00
    outer loop
      vertex   9.145973e-01 -2.160330e+02 -1.277955e+02
      vertex   9.028939e-01 -2.160330e+02 -1.279908e+02
      vertex   6.512227e-01 -2.160330e+02 -1.280951e+02
    endloop
  endfacet
  facet normal -0.000000e+00 1.000000e+00 0.000000e+00
    outer loop
      vertex   6.512227e-01 -2.160330e+02 -1.280951e+02
      vertex   9.028939e-01 -2.160330e+02 -1.279908e+02
      vertex   6.558733e-01 -2.160330e+02 -1.282958e+02
    endloop
  endfacet
  facet normal 0.000000e+00 1.000000e+00 0.000000e+00
    outer loop
      vertex   6.512227e-01 -2.160330e+02 -1.280951e+02
      vertex   6.558733e-01 -2.160330e+02 -1.282958e+02
      vertex   4.200567e-01 -2.160330e+02 -1.284203e+02
    endloop
  endfacet
  facet normal -0.000000e+00 1.000000e+00 0.000000e+00
    outer loop
      vertex   4.200567e-01 -2.160330e+02 -1.284203e+02
      vertex   6.558733e-01 -2.160330e+02 -1.282958e+02
      vertex   4.420917e-01 -2.160330e+02 -1.286250e+02
    endloop
  endfacet
  facet normal 0.000000e+00 1.000000e+00 0.000000e+00
    outer loop
      vertex   4.200567e-01 -2.160330e+02 -1.284203e+02
      vertex   4.420917e-01 -2.160330e+02 -1.286250e+02
      vertex   2.235495e-01 -2.160330e+02 -1.287675e+02
    endloop
  endfacet
  facet normal -0.000000e+00 1.000000e+00 0.000000e+00
    outer loop
      vertex   2.235495e-01 -2.160330e+02 -1.287675e+02
      vertex   4.420917e-01 -2.160330e+02 -1.286250e+02
      vertex   2.638915e-01 -2.160330e+02 -1.289747e+02
    endloop
  endfacet
  facet normal 0.000000e+00 1.000000e+00 0.000000e+00
    outer loop
      vertex   2.235495e-01 -2.160330e+02 -1.287675e+02
      vertex   2.638915e-01 -2.160330e+02 -1.289747e+02
      vertex   6.378431e-02 -2.160330e+02 -1.291331e+02
    endloop
  endfacet
  facet normal -0.000000e+00 1.000000e+00 0.000000e+00
    outer loop
      vertex   6.378431e-02 -2.160330e+02 -1.291331e+02
      vertex   2.638915e-01 -2.160330e+02 -1.289747e+02
      vertex   1.232250e-01 -2.160330e+02 -1.293412e+02
    endloop
  endfacet
  facet normal 0.000000e+00 1.000000e+00 0.000000e+00
    outer loop
      vertex   6.378431e-02 -2.160330e+02 -1.291331e+02
      vertex   1.232250e-01 -2.160330e+02 -1.293412e+02
      vertex   -5.754545e-02 -2.160330e+02 -1.295132e+02
    endloop
  endfacet
  facet normal -0.000000e+00 1.000000e+00 0.000000e+00
    outer loop
      vertex   -5.754545e-02 -2.160330e+02 -1.295132e+02
      vertex   1.232250e-01 -2.160330e+02 -1.293412e+02
      vertex   2.163348e-02 -2.160330e+02 -1.297203e+02
    endloop
  endfacet
  facet normal 0.000000e+00 1.000000e+00 0.000000e+00
    outer loop
      vertex   -5.754545e-02 -2.160330e+02 -1.295132e+02
      vertex   2.163348e-02 -2.160330e+02 -1.297203e+02
      vertex   -1.391536e-01 -2.160330e+02 -1.299037e+02
    endloop
  endfacet
  facet normal -0.000000e+00 1.000000e+00 0.000000e+00
    outer loop
      vertex   -1.391536e-01 -2.160330e+02 -1.299037e+02
      vertex   2.163348e-02 -2.160330e+02 -1.297203e+02
      vertex   -3.977012e-02 -2.160330e+02 -1.301080e+02
    endloop
  endfacet
  facet normal 0.000000e+00 1.000000e+00 0.000000e+00
    outer loop
      vertex   -1.391536e-01 -2.160330e+02 -1.299037e+02
      vertex   -3.977012e-02 -2.160330e+02 -1.301080e+02
      vertex   -1.801751e-01 -2.160330e+02 -1.303005e+02
    endloop
  endfacet
  facet normal -0.000000e+00 1.000000e+00 0.000000e+00
    outer loop
      vertex   -1.801751e-01 -2.160330e+02 -1.303005e+02
      vertex   -3.977012e-02 -2.160330e+02 -1.301080e+02
      vertex   -6.031302e-02 -2.160330e+02 -1.305000e+02
    endloop
  endfacet
  facet normal 0.000000e+00 1.000000e+00 0.000000e+00
    outer loop
      vertex   -1.801751e-01 -2.160330e+02 -1.303005e+02
      vertex   -6.031302e-02 -2.160330e+02 -1.305000e+02
      vertex   -1.801751e-01 -2.160330e+02 -1.306995e+02
    endloop
  endfacet
  facet normal -0.000000e+00 1.000000e+00 0.000000e+00
    outer loop
      vertex   -1.801751e-01 -2.160330e+02 -1.306995e+02
      vertex   -6.031302e-02 -2.160330e+02 -1.305000e+02
      vertex   -3.977012e-02 -2.160330e+02 -1.308920e+02
    endloop
  endfacet
  facet normal 0.000000e+00 1.000000e+00 0.000000e+00
    outer loop
      vertex   -1.801751e-01 -2.160330e+02 -1.306995e+02
      vertex   -3.977012e-02 -2.160330e+02 -1.308920e+02
      vertex   -1.391536e-01 -2.160330e+02 -1.310963e+02
    endloop
  endfacet
  facet normal -0.000000e+00 1.000000e+00 0.000000e+00
    outer loop
      vertex   -1.391536e-01 -2.160330e+02 -1.310963e+02
      vertex   -3.977012e-02 -2.160330e+02 -1.308920e+02
      vertex   2.163348e-02 -2.160330e+02 -1.312797e+02
    endloop
  endfacet
  facet normal 0.000000e+00 1.000000e+00 0.000000e+00
    outer loop
      vertex   -1.391536e-01 -2.160330e+02 -1.310963e+02
      vertex   2.163348e-02 -2.160330e+02 -1.312797e+02
      vertex   -5.754545e-02 -2.160330e+02 -1.314869e+02
    endloop
  endfacet
  facet normal -0.000000e+00 1.000000e+00 0.000000e+00
    outer loop
      vertex   -5.754545e-02 -2.160330e+02 -1.314869e+02
      vertex   2.163348e-02 -2.160330e+02 -1.312797e+02
      vertex   1.232250e-01 -2.160330e+02 -1.316588e+02
    endloop
  endfacet
  facet normal 0.000000e+00 1.000000e+00 0.000000e+00
    outer loop
      vertex   -5.754545e-02 -2.160330e+02 -1.314869e+02
      vertex   1.232250e-01 -2.160330e+02 -1.316588e+02
      vertex   6.378431e-02 -2.160330e+02 -1.318669e+02
    endloop
  endfacet
  facet normal -0.000000e+00 1.000000e+00 0.000000e+00
    outer loop
      vertex   6.378431e-02 -2.160330e+02 -1.318669e+02
      vertex   1.232250e-01 -2.160330e+02 -1.316588e+02
      vertex   2.638915e-01 -2.160330e+02 -1.320253e+02
    endloop
  endfacet
  facet normal 0.000000e+00 1.000000e+00 0.000000e+00
    outer loop
      vertex   6.378431e-02 -2.160330e+02 -1.318669e+02
      vertex   2.638915e-01 -2.160330e+02 -1.320253e+02
      vertex   2.235495e-01 -2.160330e+02 -1.322325e+02
    endloop
  endfacet
  facet normal -0.000000e+00 1.000000e+00 0.000000e+00
    outer loop
      vertex   2.235495e-01 -2.160330e+02 -1.322325e+02
      vertex   2.638915e-01 -2.160330e+02 -1.320253e+02
      vertex   4.420917e-01 -2.160330e+02 -1.323750e+02
    endloop
  endfacet
  facet normal 0.000000e+00 1.000000e+00 0.000000e+00
    outer loop
      vertex   2.235495e-01 -2.160330e+02 -1.322325e+02
      vertex   4.420917e-01 -2.160330e+02 -1.323750e+02
      vertex   4.200567e-01 -2.160330e+02 -1.325797e+02
    endloop
  endfacet
  facet normal -0.000000e+00 1.000000e+00 0.000000e+00
    outer loop
      vertex   4.200567e-01 -2.160330e+02 -1.325797e+02
      vertex   4.420917e-01 -2.160330e+02 -1.323750e+02
      vertex   6.558733e-01 -2.160330e+02 -1.327042e+02
    endloop
  endfacet
  facet normal 0.000000e+00 1.000000e+00 0.000000e+00
    outer loop
      vertex   4.200567e-01 -2.160330e+02 -1.325797e+02
      vertex   6.558733e-01 -2.160330e+02 -1.327042e+02
      vertex   6.512227e-01 -2.160330e+02 -1.329049e+02
    endloop
  endfacet
  facet normal -0.000000e+00 1.000000e+00 0.000000e+00
    outer loop
      vertex   6.512227e-01 -2.160330e+02 -1.329049e+02
      vertex   6.558733e-01 -2.160330e+02 -1.327042e+02
      vertex   9.028939e-01 -2.160330e+02 -1.330092e+02
    endloop
  endfacet
  facet normal 0.000000e+00 1.000000e+00 0.000000e+00
    outer loop
      vertex   6.512227e-01 -2.160330e+02 -1.329049e+02
      vertex   9.028939e-01 -2.160330e+02 -1.330092e+02
      vertex   9.145973e-01 -2.160330e+02 -1.332045e+02
    endloop
  endfacet
  facet normal -0.000000e+00 1.000000e+00 -0.000000e+00
    outer loop
      vertex   9.145973e-01 -2.160330e+02 -1.332045e+02
      vertex   9.028939e-01 -2.160330e+02 -1.330092e+02
      vertex   1.180447e+00 -2.160330e+02 -1.332868e+02
    endloop
  endfacet
  facet normal 0.000000e+00 1.000000e+00 0.000000e+00
    outer loop
      vertex   9.145973e-01 -2.160330e+02 -1.332045e+02
      vertex   1.180447e+00 -2.160330e+02 -1.332868e+02
      vertex   1.207388e+00 -2.160330e+02 -1.334755e+02
    endloop
  endfacet
  facet normal -0.000000e+00 1.000000e+00 -0.000000e+00
    outer loop
      vertex   1.207388e+00 -2.160330e+02 -1.334755e+02
      vertex   1.180447e+00 -2.160330e+02 -1.332868e+02
      vertex   1.485492e+00 -2.160330e+02 -1.335338e+02
    endloop
  endfacet
  facet normal 0.000000e+00 1.000000e+00 0.000000e+00
    outer loop
      vertex   1.207388e+00 -2.160330e+02 -1.334755e+02
      vertex   1.485492e+00 -2.160330e+02 -1.335338e+02
      vertex   1.526493e+00 -2.160330e+02 -1.337150e+02
    endloop
  endfacet
  facet normal -0.000000e+00 1.000000e+00 -0.000000e+00
    outer loop
      vertex   1.526493e+00 -2.160330e+02 -1.337150e+02
      vertex   1.485492e+00 -2.160330e+02 -1.335338e+02
      vertex   1.814687e+00 -2.160330e+02 -1.337476e+02
    endloop
  endfacet
  facet normal 0.000000e+00 1.000000e+00 0.000000e+00
    outer loop
      vertex   1.526493e+00 -2.160330e+02 -1.337150e+02
      vertex   1.814687e+00 -2.160330e+02 -1.337476e+02
      vertex   1.868527e+00 -2.160330e+02 -1.339204e+02
    endloop
  endfacet
  facet normal -0.000000e+00 1.000000e+00 -0.000000e+00
    outer loop
      vertex   1.868527e+00 -2.160330e+02 -1.339204e+02
      vertex   1.814687e+00 -2.160330e+02 -1.337476e+02
      vertex   2.164425e+00 -2.160330e+02 -1.339258e+02
    endloop
  endfacet
  facet normal 0.000000e+00 1.000000e+00 0.000000e+00
    outer loop
      vertex   1.868527e+00 -2.160330e+02 -1.339204e+02
      vertex   2.164425e+00 -2.160330e+02 -1.339258e+02
      vertex   2.229866e+00 -2.160330e+02 -1.340895e+02
    endloop
  endfacet
  facet normal 0.000000e+00 1.000000e+00 -0.000000e+00
    outer loop
      vertex   2.229866e+00 -2.160330e+02 -1.340895e+02
      vertex   2.164425e+00 -2.160330e+02 -1.339258e+02
      vertex   2.530873e+00 -2.160330e+02 -1.340665e+02
    endloop
  endfacet
  facet normal -0.000000e+00 1.000000e+00 0.000000e+00
    outer loop
      vertex   2.229866e+00 -2.160330e+02 -1.340895e+02
      vertex   2.530873e+00 -2.160330e+02 -1.340665e+02
      vertex   2.606680e+00 -2.160330e+02 -1.342206e+02
    endloop
  endfacet
  facet normal 0.000000e+00 1.000000e+00 -0.000000e+00
    outer loop
      vertex   2.606680e+00 -2.160330e+02 -1.342206e+02
      vertex   2.530873e+00 -2.160330e+02 -1.340665e+02
      vertex   2.910018e+00 -2.160330e+02 -1.341681e+02
    endloop
  endfacet
  facet normal -0.000000e+00 1.000000e+00 0.000000e+00
    outer loop
      vertex   2.606680e+00 -2.160330e+02 -1.342206e+02
      vertex   2.910018e+00 -2.160330e+02 -1.341681e+02
      vertex   2.994974e+00 -2.160330e+02 -1.343122e+02
    endloop
  endfacet
  facet normal 0.000000e+00 1.000000e+00 -0.000000e+00
    outer loop
      vertex   2.994974e+00 -2.160330e+02 -1.343122e+02
      vertex   2.910018e+00 -2.160330e+02 -1.341681e+02
      vertex   3.297705e+00 -2.160330e+02 -1.342295e+02
    endloop
  endfacet
  facet normal -0.000000e+00 1.000000e+00 0.000000e+00
    outer loop
      vertex   2.994974e+00 -2.160330e+02 -1.343122e+02
      vertex   3.297705e+00 -2.160330e+02 -1.342295e+02
      vertex   3.390632e+00 -2.160330e+02 -1.343634e+02
    endloop
  endfacet
  facet normal 0.000000e+00 1.000000e+00 -0.000000e+00
    outer loop
      vertex   3.390632e+00 -2.160330e+02 -1.343634e+02
      vertex   3.297705e+00 -2.160330e+02 -1.342295e+02
      vertex   3.689687e+00 -2.160330e+02 -1.342500e+02
    endloop
  endfacet
  facet normal -0.000000e+00 1.000000e+00 0.000000e+00
    outer loop
      vertex   3.390632e+00 -2.160330e+02 -1.343634e+02
      vertex   3.689687e+00 -2.160330e+02 -1.342500e+02
      vertex   3.789460e+00 -2.160330e+02 -1.343737e+02
    endloop
  endfacet
  facet normal 0.000000e+00 1.000000e+00 -0.000000e+00
    outer loop
      vertex   3.789460e+00 -2.160330e+02 -1.343737e+02
      vertex   3.689687e+00 -2.160330e+02 -1.342500e+02
      vertex   4.081669e+00 -2.160330e+02 -1.342295e+02
    endloop
  endfacet
  facet normal 0.000000e+00 1.000000e+00 0.000000e+00
    outer loop
      vertex   3.789460e+00 -2.160330e+02 -1.343737e+02
      vertex   4.081669e+00 -2.160330e+02 -1.342295e+02
      vertex   4.187231e+00 -2.160330e+02 -1.343429e+02
    endloop
  endfacet
  facet normal 0.000000e+00 1.000000e+00 -0.000000e+00
    outer loop
      vertex   4.187231e+00 -2.160330e+02 -1.343429e+02
      vertex   4.081669e+00 -2.160330e+02 -1.342295e+02
      vertex   4.469356e+00 -2.160330e+02 -1.341681e+02
    endloop
  endfacet
  facet normal 0.000000e+00 1.000000e+00 0.000000e+00
    outer loop
      vertex   4.187231e+00 -2.160330e+02 -1.343429e+02
      vertex   4.469356e+00 -2.160330e+02 -1.341681e+02
      vertex   4.579727e+00 -2.160330e+02 -1.342714e+02
    endloop
  endfacet
  facet normal 0.000000e+00 1.000000e+00 -0.000000e+00
    outer loop
      vertex   4.579727e+00 -2.160330e+02 -1.342714e+02
      vertex   4.469356e+00 -2.160330e+02 -1.341681e+02
      vertex   4.848501e+00 -2.160330e+02 -1.340665e+02
    endloop
  endfacet
  facet normal 0.000000e+00 1.000000e+00 0.000000e+00
    outer loop
      vertex   4.579727e+00 -2.160330e+02 -1.342714e+02
      vertex   4.848501e+00 -2.160330e+02 -1.340665e+02
      vertex   4.962789e+00 -2.160330e+02 -1.341599e+02
    endloop
  endfacet
  facet normal 0.000000e+00 1.000000e+00 -0.000000e+00
    outer loop
      vertex   4.962789e+00 -2.160330e+02 -1.341599e+02
      vertex   4.848501e+00 -2.160330e+02 -1.340665e+02
      vertex   5.214949e+00 -2.160330e+02 -1.339258e+02
    endloop
  endfacet
  facet normal 0.000000e+00 1.000000e+00 0.000000e+00
    outer loop
      vertex   4.962789e+00 -2.160330e+02 -1.341599e+02
      vertex   5.214949e+00 -2.160330e+02 -1.339258e+02
      vertex   5.332355e+00 -2.160330e+02 -1.340096e+02
    endloop
  endfacet
  facet normal 0.000000e+00 1.000000e+00 -0.000000e+00
    outer loop
      vertex   5.332355e+00 -2.160330e+02 -1.340096e+02
      vertex   5.214949e+00 -2.160330e+02 -1.339258e+02
      vertex   5.564687e+00 -2.160330e+02 -1.337476e+02
    endloop
  endfacet
  facet normal 0.000000e+00 1.000000e+00 0.000000e+00
    outer loop
      vertex   5.332355e+00 -2.160330e+02 -1.340096e+02
      vertex   5.564687e+00 -2.160330e+02 -1.337476e+02
      vertex   5.684509e+00 -2.160330e+02 -1.338221e+02
    endloop
  endfacet
  facet normal 0.000000e+00 1.000000e+00 -0.000000e+00
    outer loop
      vertex   5.684509e+00 -2.160330e+02 -1.338221e+02
      vertex   5.564687e+00 -2.160330e+02 -1.337476e+02
      vertex   5.893882e+00 -2.160330e+02 -1.335338e+02
    endloop
  endfacet
  facet normal 0.000000e+00 1.000000e+00 0.000000e+00
    outer loop
      vertex   5.684509e+00 -2.160330e+02 -1.338221e+02
      vertex   5.893882e+00 -2.160330e+02 -1.335338e+02
      vertex   6.015517e+00 -2.160330e+02 -1.335994e+02
    endloop
  endfacet
  facet normal 0.000000e+00 1.000000e+00 -0.000000e+00
    outer loop
      vertex   6.015517e+00 -2.160330e+02 -1.335994e+02
      vertex   5.893882e+00 -2.160330e+02 -1.335338e+02
      vertex   6.198927e+00 -2.160330e+02 -1.332868e+02
    endloop
  endfacet
  facet normal 0.000000e+00 1.000000e+00 0.000000e+00
    outer loop
      vertex   6.015517e+00 -2.160330e+02 -1.335994e+02
      vertex   6.198927e+00 -2.160330e+02 -1.332868e+02
      vertex   6.321871e+00 -2.160330e+02 -1.333438e+02
    endloop
  endfacet
  facet normal 0.000000e+00 1.000000e+00 -0.000000e+00
    outer loop
      vertex   6.321871e+00 -2.160330e+02 -1.333438e+02
      vertex   6.198927e+00 -2.160330e+02 -1.332868e+02
      vertex   6.476480e+00 -2.160330e+02 -1.330092e+02
    endloop
  endfacet
  facet normal 0.000000e+00 1.000000e+00 0.000000e+00
    outer loop
      vertex   6.321871e+00 -2.160330e+02 -1.333438e+02
      vertex   6.476480e+00 -2.160330e+02 -1.330092e+02
      vertex   6.600323e+00 -2.160330e+02 -1.330581e+02
    endloop
  endfacet
  facet normal 0.000000e+00 1.000000e+00 -0.000000e+00
    outer loop
      vertex   6.600323e+00 -2.160330e+02 -1.330581e+02
      vertex   6.476480e+00 -2.160330e+02 -1.330092e+02
      vertex   6.723501e+00 -2.160330e+02 -1.327042e+02
    endloop
  endfacet
  facet normal 0.000000e+00 1.000000e+00 0.000000e+00
    outer loop
      vertex   6.600323e+00 -2.160330e+02 -1.330581e+02
      vertex   6.723501e+00 -2.160330e+02 -1.327042e+02
      vertex   6.847922e+00 -2.160330e+02 -1.327453e+02
    endloop
  endfacet
  facet normal 0.000000e+00 1.000000e+00 -0.000000e+00
    outer loop
      vertex   6.847922e+00 -2.160330e+02 -1.327453e+02
      vertex   6.723501e+00 -2.160330e+02 -1.327042e+02
      vertex   6.937282e+00 -2.160330e+02 -1.323750e+02
    endloop
  endfacet
  facet normal 0.000000e+00 1.000000e+00 0.000000e+00
    outer loop
      vertex   6.847922e+00 -2.160330e+02 -1.327453e+02
      vertex   6.937282e+00 -2.160330e+02 -1.323750e+02
      vertex   7.062042e+00 -2.160330e+02 -1.324086e+02
    endloop
  endfacet
  facet normal 0.000000e+00 1.000000e+00 -0.000000e+00
    outer loop
      vertex   7.062042e+00 -2.160330e+02 -1.324086e+02
      vertex   6.937282e+00 -2.160330e+02 -1.323750e+02
      vertex   7.115482e+00 -2.160330e+02 -1.320253e+02
    endloop
  endfacet
  facet normal 0.000000e+00 1.000000e+00 0.000000e+00
    outer loop
      vertex   7.062042e+00 -2.160330e+02 -1.324086e+02
      vertex   7.115482e+00 -2.160330e+02 -1.320253e+02
      vertex   7.240415e+00 -2.160330e+02 -1.320518e+02
    endloop
  endfacet
  facet normal 0.000000e+00 1.000000e+00 -0.000000e+00
    outer loop
      vertex   7.240415e+00 -2.160330e+02 -1.320518e+02
      vertex   7.115482e+00 -2.160330e+02 -1.320253e+02
      vertex   7.256149e+00 -2.160330e+02 -1.316588e+02
    endloop
  endfacet
  facet normal 0.000000e+00 1.000000e+00 0.000000e+00
    outer loop
      vertex   7.240415e+00 -2.160330e+02 -1.320518e+02
      vertex   7.256149e+00 -2.160330e+02 -1.316588e+02
      vertex   7.381149e+00 -2.160330e+02 -1.316784e+02
    endloop
  endfacet
  facet normal 0.000000e+00 1.000000e+00 0.000000e+00
    outer loop
      vertex   7.381149e+00 -2.160330e+02 -1.316784e+02
      vertex   7.256149e+00 -2.160330e+02 -1.316588e+02
      vertex   7.357740e+00 -2.160330e+02 -1.312797e+02
    endloop
  endfacet
  facet normal 0.000000e+00 1.000000e+00 -0.000000e+00
    outer loop
      vertex   7.381149e+00 -2.160330e+02 -1.316784e+02
      vertex   7.357740e+00 -2.160330e+02 -1.312797e+02
      vertex   7.482753e+00 -2.160330e+02 -1.312926e+02
    endloop
  endfacet
  facet normal 0.000000e+00 1.000000e+00 0.000000e+00
    outer loop
      vertex   7.482753e+00 -2.160330e+02 -1.312926e+02
      vertex   7.357740e+00 -2.160330e+02 -1.312797e+02
      vertex   7.419144e+00 -2.160330e+02 -1.308920e+02
    endloop
  endfacet
  facet normal 0.000000e+00 1.000000e+00 -0.000000e+00
    outer loop
      vertex   7.482753e+00 -2.160330e+02 -1.312926e+02
      vertex   7.419144e+00 -2.160330e+02 -1.308920e+02
      vertex   7.544149e+00 -2.160330e+02 -1.308984e+02
    endloop
  endfacet
  facet normal 0.000000e+00 1.000000e+00 0.000000e+00
    outer loop
      vertex   7.544149e+00 -2.160330e+02 -1.308984e+02
      vertex   7.419144e+00 -2.160330e+02 -1.308920e+02
      vertex   7.439687e+00 -2.160330e+02 -1.305000e+02
    endloop
  endfacet
  facet normal 0.000000e+00 1.000000e+00 -0.000000e+00
    outer loop
      vertex   7.419144e+00 -2.150330e+02 -1.308920e+02
      vertex   -3.977012e-02 -2.150330e+02 -1.308920e+02
      vertex   7.439687e+00 -2.150330e+02 -1.305000e+02
    endloop
  endfacet
  facet normal 0.000000e+00 1.000000e+00 0.000000e+00
    outer loop
      vertex   7.439687e+00 -2.150330e+02 -1.305000e+02
      vertex   -3.977012e-02 -2.150330e+02 -1.308920e+02
      vertex   -6.031302e-02 -2.150330e+02 -1.305000e+02
    endloop
  endfacet
  facet normal 0.000000e+00 1.000000e+00 0.000000e+00
    outer loop
      vertex   7.439687e+00 -2.150330e+02 -1.305000e+02
      vertex   -6.031302e-02 -2.150330e+02 -1.305000e+02
      vertex   7.419144e+00 -2.150330e+02 -1.301080e+02
    endloop
  endfacet
  facet normal 0.000000e+00 1.000000e+00 0.000000e+00
    outer loop
      vertex   7.419144e+00 -2.150330e+02 -1.301080e+02
      vertex   -6.031302e-02 -2.150330e+02 -1.305000e+02
      vertex   -3.977012e-02 -2.150330e+02 -1.301080e+02
    endloop
  endfacet
  facet normal 0.000000e+00 1.000000e+00 0.000000e+00
    outer loop
      vertex   7.419144e+00 -2.150330e+02 -1.301080e+02
      vertex   -3.977012e-02 -2.150330e+02 -1.301080e+02
      vertex   7.357740e+00 -2.150330e+02 -1.297203e+02
    endloop
  endfacet
  facet normal 0.000000e+00 1.000000e+00 0.000000e+00
    outer loop
      vertex   7.357740e+00 -2.150330e+02 -1.297203e+02
      vertex   -3.977012e-02 -2.150330e+02 -1.301080e+02
      vertex   2.163348e-02 -2.150330e+02 -1.297203e+02
    endloop
  endfacet
  facet normal 0.000000e+00 1.000000e+00 0.000000e+00
    outer loop
      vertex   7.357740e+00 -2.150330e+02 -1.297203e+02
      vertex   2.163348e-02 -2.150330e+02 -1.297203e+02
      vertex   7.256149e+00 -2.150330e+02 -1.293412e+02
    endloop
  endfacet
  facet normal 0.000000e+00 1.000000e+00 0.000000e+00
    outer loop
      vertex   7.256149e+00 -2.150330e+02 -1.293412e+02
      vertex   2.163348e-02 -2.150330e+02 -1.297203e+02
      vertex   1.232250e-01 -2.150330e+02 -1.293412e+02
    endloop
  endfacet
  facet normal 0.000000e+00 1.000000e+00 0.000000e+00
    outer loop
      vertex   7.256149e+00 -2.150330e+02 -1.293412e+02
      vertex   1.232250e-01 -2.150330e+02 -1.293412e+02
      vertex   7.115482e+00 -2.150330e+02 -1.289747e+02
    endloop
  endfacet
  facet normal 0.000000e+00 1.000000e+00 0.000000e+00
    outer loop
      vertex   7.115482e+00 -2.150330e+02 -1.289747e+02
      vertex   1.232250e-01 -2.150330e+02 -1.293412e+02
      vertex   2.638915e-01 -2.150330e+02 -1.289747e+02
    endloop
  endfacet
  facet normal 0.000000e+00 1.000000e+00 0.000000e+00
    outer loop
      vertex   7.115482e+00 -2.150330e+02 -1.289747e+02
      vertex   2.638915e-01 -2.150330e+02 -1.289747e+02
      vertex   6.937282e+00 -2.150330e+02 -1.286250e+02
    endloop
  endfacet
  facet normal 0.000000e+00 1.000000e+00 0.000000e+00
    outer loop
      vertex   6.937282e+00 -2.150330e+02 -1.286250e+02
      vertex   2.638915e-01 -2.150330e+02 -1.289747e+02
      vertex   4.420917e-01 -2.150330e+02 -1.286250e+02
    endloop
  endfacet
  facet normal 0.000000e+00 1.000000e+00 0.000000e+00
    outer loop
      vertex   6.937282e+00 -2.150330e+02 -1.286250e+02
      vertex   4.420917e-01 -2.150330e+02 -1.286250e+02
      vertex   6.723501e+00 -2.150330e+02 -1.282958e+02
    endloop
  endfacet
  facet normal 0.000000e+00 1.000000e+00 0.000000e+00
    outer loop
      vertex   6.723501e+00 -2.150330e+02 -1.282958e+02
      vertex   4.420917e-01 -2.150330e+02 -1.286250e+02
      vertex   6.558733e-01 -2.150330e+02 -1.282958e+02
    endloop
  endfacet
  facet normal 0.000000e+00 1.000000e+00 0.000000e+00
    outer loop
      vertex   6.723501e+00 -2.150330e+02 -1.282958e+02
      vertex   6.558733e-01 -2.150330e+02 -1.282958e+02
      vertex   6.476480e+00 -2.150330e+02 -1.279908e+02
    endloop
  endfacet
  facet normal 0.000000e+00 1.000000e+00 0.000000e+00
    outer loop
      vertex   6.476480e+00 -2.150330e+02 -1.279908e+02
      vertex   6.558733e-01 -2.150330e+02 -1.282958e+02
      vertex   9.028939e-01 -2.150330e+02 -1.279908e+02
    endloop
  endfacet
  facet normal 0.000000e+00 1.000000e+00 0.000000e+00
    outer loop
      vertex   6.476480e+00 -2.150330e+02 -1.279908e+02
      vertex   9.028939e-01 -2.150330e+02 -1.279908e+02
      vertex   6.198927e+00 -2.150330e+02 -1.277132e+02
    endloop
  endfacet
  facet normal 0.000000e+00 1.000000e+00 0.000000e+00
    outer loop
      vertex   6.198927e+00 -2.150330e+02 -1.277132e+02
      vertex   9.028939e-01 -2.150330e+02 -1.279908e+02
      vertex   1.180447e+00 -2.150330e+02 -1.277132e+02
    endloop
  endfacet
  facet normal 0.000000e+00 1.000000e+00 0.000000e+00
    outer loop
      vertex   6.198927e+00 -2.150330e+02 -1.277132e+02
      vertex   1.180447e+00 -2.150330e+02 -1.277132e+02
      vertex   5.893882e+00 -2.150330e+02 -1.274662e+02
    endloop
  endfacet
  facet normal 0.000000e+00 1.000000e+00 0.000000e+00
    outer loop
      vertex   5.893882e+00 -2.150330e+02 -1.274662e+02
      vertex   1.180447e+00 -2.150330e+02 -1.277132e+02
      vertex   1.485492e+00 -2.150330e+02 -1.274662e+02
    endloop
  endfacet
  facet normal 0.000000e+00 1.000000e+00 0.000000e+00
    outer loop
      vertex   5.893882e+00 -2.150330e+02 -1.274662e+02
      vertex   1.485492e+00 -2.150330e+02 -1.274662e+02
      vertex   5.564687e+00 -2.150330e+02 -1.272524e+02
    endloop
  endfacet
  facet normal 0.000000e+00 1.000000e+00 0.000000e+00
    outer loop
      vertex   5.564687e+00 -2.150330e+02 -1.272524e+02
      vertex   1.485492e+00 -2.150330e+02 -1.274662e+02
      vertex   1.814687e+00 -2.150330e+02 -1.272524e+02
    endloop
  endfacet
  facet normal 0.000000e+00 1.000000e+00 0.000000e+00
    outer loop
      vertex   5.564687e+00 -2.150330e+02 -1.272524e+02
      vertex   1.814687e+00 -2.150330e+02 -1.272524e+02
      vertex   5.214949e+00 -2.150330e+02 -1.270742e+02
    endloop
  endfacet
  facet normal 0.000000e+00 1.000000e+00 0.000000e+00
    outer loop
      vertex   5.214949e+00 -2.150330e+02 -1.270742e+02
      vertex   1.814687e+00 -2.150330e+02 -1.272524e+02
      vertex   2.164425e+00 -2.150330e+02 -1.270742e+02
    endloop
  endfacet
  facet normal 0.000000e+00 1.000000e+00 0.000000e+00
    outer loop
      vertex   5.214949e+00 -2.150330e+02 -1.270742e+02
      vertex   2.164425e+00 -2.150330e+02 -1.270742e+02
      vertex   4.848501e+00 -2.150330e+02 -1.269335e+02
    endloop
  endfacet
  facet normal 0.000000e+00 1.000000e+00 0.000000e+00
    outer loop
      vertex   4.848501e+00 -2.150330e+02 -1.269335e+02
      vertex   2.164425e+00 -2.150330e+02 -1.270742e+02
      vertex   2.530873e+00 -2.150330e+02 -1.269335e+02
    endloop
  endfacet
  facet normal 0.000000e+00 1.000000e+00 0.000000e+00
    outer loop
      vertex   4.848501e+00 -2.150330e+02 -1.269335e+02
      vertex   2.530873e+00 -2.150330e+02 -1.269335e+02
      vertex   4.469356e+00 -2.150330e+02 -1.268319e+02
    endloop
  endfacet
  facet normal 0.000000e+00 1.000000e+00 0.000000e+00
    outer loop
      vertex   4.469356e+00 -2.150330e+02 -1.268319e+02
      vertex   2.530873e+00 -2.150330e+02 -1.269335e+02
      vertex   2.910018e+00 -2.150330e+02 -1.268319e+02
    endloop
  endfacet
  facet normal 0.000000e+00 1.000000e+00 0.000000e+00
    outer loop
      vertex   4.469356e+00 -2.150330e+02 -1.268319e+02
      vertex   2.910018e+00 -2.150330e+02 -1.268319e+02
      vertex   4.081669e+00 -2.150330e+02 -1.267705e+02
    endloop
  endfacet
  facet normal 0.000000e+00 1.000000e+00 0.000000e+00
    outer loop
      vertex   4.081669e+00 -2.150330e+02 -1.267705e+02
      vertex   2.910018e+00 -2.150330e+02 -1.268319e+02
      vertex   3.297705e+00 -2.150330e+02 -1.267705e+02
    endloop
  endfacet
  facet normal 0.000000e+00 1.000000e+00 0.000000e+00
    outer loop
      vertex   4.081669e+00 -2.150330e+02 -1.267705e+02
      vertex   3.297705e+00 -2.150330e+02 -1.267705e+02
      vertex   3.689687e+00 -2.150330e+02 -1.267500e+02
    endloop
  endfacet
  facet normal -0.000000e+00 1.000000e+00 0.000000e+00
    outer loop
      vertex   -3.977012e-02 -2.150330e+02 -1.308920e+02
      vertex   7.419144e+00 -2.150330e+02 -1.308920e+02
      vertex   2.163348e-02 -2.150330e+02 -1.312797e+02
    endloop
  endfacet
  facet normal -0.000000e+00 1.000000e+00 0.000000e+00
    outer loop
      vertex   2.163348e-02 -2.150330e+02 -1.312797e+02
      vertex   7.419144e+00 -2.150330e+02 -1.308920e+02
      vertex   7.357740e+00 -2.150330e+02 -1.312797e+02
    endloop
  endfacet
  facet normal 0.000000e+00 1.000000e+00 0.000000e+00
    outer loop
      vertex   2.163348e-02 -2.150330e+02 -1.312797e+02
      vertex   7.357740e+00 -2.150330e+02 -1.312797e+02
      vertex   1.232250e-01 -2.150330e+02 -1.316588e+02
    endloop
  endfacet
  facet normal 0.000000e+00 1.000000e+00 0.000000e+00
    outer loop
      vertex   1.232250e-01 -2.150330e+02 -1.316588e+02
      vertex   7.357740e+00 -2.150330e+02 -1.312797e+02
      vertex   7.256149e+00 -2.150330e+02 -1.316588e+02
    endloop
  endfacet
  facet normal -0.000000e+00 1.000000e+00 0.000000e+00
    outer loop
      vertex   1.232250e-01 -2.150330e+02 -1.316588e+02
      vertex   7.256149e+00 -2.150330e+02 -1.316588e+02
      vertex   2.638915e-01 -2.150330e+02 -1.320253e+02
    endloop
  endfacet
  facet normal 0.000000e+00 1.000000e+00 0.000000e+00
    outer loop
      vertex   2.638915e-01 -2.150330e+02 -1.320253e+02
      vertex   7.256149e+00 -2.150330e+02 -1.316588e+02
      vertex   7.115482e+00 -2.150330e+02 -1.320253e+02
    endloop
  endfacet
  facet normal -0.000000e+00 1.000000e+00 0.000000e+00
    outer loop
      vertex   2.638915e-01 -2.150330e+02 -1.320253e+02
      vertex   7.115482e+00 -2.150330e+02 -1.320253e+02
      vertex   4.420917e-01 -2.150330e+02 -1.323750e+02
    endloop
  endfacet
  facet normal 0.000000e+00 1.000000e+00 0.000000e+00
    outer loop
      vertex   4.420917e-01 -2.150330e+02 -1.323750e+02
      vertex   7.115482e+00 -2.150330e+02 -1.320253e+02
      vertex   6.937282e+00 -2.150330e+02 -1.323750e+02
    endloop
  endfacet
  facet normal -0.000000e+00 1.000000e+00 0.000000e+00
    outer loop
      vertex   4.420917e-01 -2.150330e+02 -1.323750e+02
      vertex   6.937282e+00 -2.150330e+02 -1.323750e+02
      vertex   6.558733e-01 -2.150330e+02 -1.327042e+02
    endloop
  endfacet
  facet normal 0.000000e+00 1.000000e+00 0.000000e+00
    outer loop
      vertex   6.558733e-01 -2.150330e+02 -1.327042e+02
      vertex   6.937282e+00 -2.150330e+02 -1.323750e+02
      vertex   6.723501e+00 -2.150330e+02 -1.327042e+02
    endloop
  endfacet
  facet normal -0.000000e+00 1.000000e+00 0.000000e+00
    outer loop
      vertex   6.558733e-01 -2.150330e+02 -1.327042e+02
      vertex   6.723501e+00 -2.150330e+02 -1.327042e+02
      vertex   9.028939e-01 -2.150330e+02 -1.330092e+02
    endloop
  endfacet
  facet normal 0.000000e+00 1.000000e+00 0.000000e+00
    outer loop
      vertex   9.028939e-01 -2.150330e+02 -1.330092e+02
      vertex   6.723501e+00 -2.150330e+02 -1.327042e+02
      vertex   6.476480e+00 -2.150330e+02 -1.330092e+02
    endloop
  endfacet
  facet normal -0.000000e+00 1.000000e+00 0.000000e+00
    outer loop
      vertex   9.028939e-01 -2.150330e+02 -1.330092e+02
      vertex   6.476480e+00 -2.150330e+02 -1.330092e+02
      vertex   1.180447e+00 -2.150330e+02 -1.332868e+02
    endloop
  endfacet
  facet normal 0.000000e+00 1.000000e+00 0.000000e+00
    outer loop
      vertex   1.180447e+00 -2.150330e+02 -1.332868e+02
      vertex   6.476480e+00 -2.150330e+02 -1.330092e+02
      vertex   6.198927e+00 -2.150330e+02 -1.332868e+02
    endloop
  endfacet
  facet normal -0.000000e+00 1.000000e+00 0.000000e+00
    outer loop
      vertex   1.180447e+00 -2.150330e+02 -1.332868e+02
      vertex   6.198927e+00 -2.150330e+02 -1.332868e+02
      vertex   1.485492e+00 -2.150330e+02 -1.335338e+02
    endloop
  endfacet
  facet normal 0.000000e+00 1.000000e+00 0.000000e+00
    outer loop
      vertex   1.485492e+00 -2.150330e+02 -1.335338e+02
      vertex   6.198927e+00 -2.150330e+02 -1.332868e+02
      vertex   5.893882e+00 -2.150330e+02 -1.335338e+02
    endloop
  endfacet
  facet normal -0.000000e+00 1.000000e+00 0.000000e+00
    outer loop
      vertex   1.485492e+00 -2.150330e+02 -1.335338e+02
      vertex   5.893882e+00 -2.150330e+02 -1.335338e+02
      vertex   1.814687e+00 -2.150330e+02 -1.337476e+02
    endloop
  endfacet
  facet normal 0.000000e+00 1.000000e+00 0.000000e+00
    outer loop
      vertex   1.814687e+00 -2.150330e+02 -1.337476e+02
      vertex   5.893882e+00 -2.150330e+02 -1.335338e+02
      vertex   5.564687e+00 -2.150330e+02 -1.337476e+02
    endloop
  endfacet
  facet normal -0.000000e+00 1.000000e+00 0.000000e+00
    outer loop
      vertex   1.814687e+00 -2.150330e+02 -1.337476e+02
      vertex   5.564687e+00 -2.150330e+02 -1.337476e+02
      vertex   2.164425e+00 -2.150330e+02 -1.339258e+02
    endloop
  endfacet
  facet normal -0.000000e+00 1.000000e+00 0.000000e+00
    outer loop
      vertex   2.164425e+00 -2.150330e+02 -1.339258e+02
      vertex   5.564687e+00 -2.150330e+02 -1.337476e+02
      vertex   5.214949e+00 -2.150330e+02 -1.339258e+02
    endloop
  endfacet
  facet normal 0.000000e+00 1.000000e+00 0.000000e+00
    outer loop
      vertex   2.164425e+00 -2.150330e+02 -1.339258e+02
      vertex   5.214949e+00 -2.150330e+02 -1.339258e+02
      vertex   2.530873e+00 -2.150330e+02 -1.340665e+02
    endloop
  endfacet
  facet normal 0.000000e+00 1.000000e+00 0.000000e+00
    outer loop
      vertex   2.530873e+00 -2.150330e+02 -1.340665e+02
      vertex   5.214949e+00 -2.150330e+02 -1.339258e+02
      vertex   4.848501e+00 -2.150330e+02 -1.340665e+02
    endloop
  endfacet
  facet normal -0.000000e+00 1.000000e+00 0.000000e+00
    outer loop
      vertex   2.530873e+00 -2.150330e+02 -1.340665e+02
      vertex   4.848501e+00 -2.150330e+02 -1.340665e+02
      vertex   2.910018e+00 -2.150330e+02 -1.341681e+02
    endloop
  endfacet
  facet normal 0.000000e+00 1.000000e+00 0.000000e+00
    outer loop
      vertex   2.910018e+00 -2.150330e+02 -1.341681e+02
      vertex   4.848501e+00 -2.150330e+02 -1.340665e+02
      vertex   4.469356e+00 -2.150330e+02 -1.341681e+02
    endloop
  endfacet
  facet normal -0.000000e+00 1.000000e+00 0.000000e+00
    outer loop
      vertex   2.910018e+00 -2.150330e+02 -1.341681e+02
      vertex   4.469356e+00 -2.150330e+02 -1.341681e+02
      vertex   3.297705e+00 -2.150330e+02 -1.342295e+02
    endloop
  endfacet
  facet normal 0.000000e+00 1.000000e+00 0.000000e+00
    outer loop
      vertex   3.297705e+00 -2.150330e+02 -1.342295e+02
      vertex   4.469356e+00 -2.150330e+02 -1.341681e+02
      vertex   4.081669e+00 -2.150330e+02 -1.342295e+02
    endloop
  endfacet
  facet normal -0.000000e+00 1.000000e+00 0.000000e+00
    outer loop
      vertex   3.297705e+00 -2.150330e+02 -1.342295e+02
      vertex   4.081669e+00 -2.150330e+02 -1.342295e+02
      vertex   3.689687e+00 -2.150330e+02 -1.342500e+02
    endloop
  endfacet
  facet normal -6.499337e-01 -3.939193e-01 6.499337e-01
    outer loop
      vertex   -3.067673e+00 -2.200330e+02 -1.250000e+02
      vertex   -4.310313e+00 -2.130330e+02 -1.220000e+02
      vertex   -6.310313e+00 -2.200330e+02 -1.282426e+02
    endloop
  endfacet
  facet normal -6.499337e-01 -3.939193e-01 6.499337e-01
    outer loop
      vertex   -6.310313e+00 -2.200330e+02 -1.282426e+02
      vertex   -4.310313e+00 -2.130330e+02 -1.220000e+02
      vertex   -9.310313e+00 -2.130330e+02 -1.270000e+02
    endloop
  endfacet
  facet normal 1.242630e-15 -3.939193e-01 9.191450e-01
    outer loop
      vertex   -3.067673e+00 -2.200330e+02 -1.250000e+02
      vertex   1.044705e+01 -2.200330e+02 -1.250000e+02
      vertex   -4.310313e+00 -2.130330e+02 -1.220000e+02
    endloop
  endfacet
  facet normal 3.032212e-15 -3.939193e-01 9.191450e-01
    outer loop
      vertex   -4.310313e+00 -2.130330e+02 -1.220000e+02
      vertex   1.044705e+01 -2.200330e+02 -1.250000e+02
      vertex   1.168969e+01 -2.130330e+02 -1.220000e+02
    endloop
  endfacet
  facet normal 6.499337e-01 -3.939193e-01 6.499337e-01
    outer loop
      vertex   1.044705e+01 -2.200330e+02 -1.250000e+02
      vertex   1.368969e+01 -2.200330e+02 -1.282426e+02
      vertex   1.168969e+01 -2.130330e+02 -1.220000e+02
    endloop
  endfacet
  facet normal 6.499337e-01 -3.939193e-01 6.499337e-01
    outer loop
      vertex   1.168969e+01 -2.130330e+02 -1.220000e+02
      vertex   1.368969e+01 -2.200330e+02 -1.282426e+02
      vertex   1.668969e+01 -2.130330e+02 -1.270000e+02
    endloop
  endfacet
  facet normal 9.191450e-01 -3.939193e-01 -3.616459e-15
    outer loop
      vertex   1.368969e+01 -2.200330e+02 -1.282426e+02
      vertex   1.368969e+01 -2.200330e+02 -1.327574e+02
      vertex   1.668969e+01 -2.130330e+02 -1.270000e+02
    endloop
  endfacet
  facet normal 9.191450e-01 -3.939193e-01 -4.398373e-15
    outer loop
      vertex   1.668969e+01 -2.130330e+02 -1.270000e+02
      vertex   1.368969e+01 -2.200330e+02 -1.327574e+02
      vertex   1.668969e+01 -2.130330e+02 -1.340000e+02
    endloop
  endfacet
  facet normal 6.499337e-01 -3.939193e-01 -6.499337e-01
    outer loop
      vertex   1.044705e+01 -2.200330e+02 -1.360000e+02
      vertex   1.168969e+01 -2.130330e+02 -1.390000e+02
      vertex   1.368969e+01 -2.200330e+02 -1.327574e+02
    endloop
  endfacet
  facet normal 6.499337e-01 -3.939193e-01 -6.499337e-01
    outer loop
      vertex   1.368969e+01 -2.200330e+02 -1.327574e+02
      vertex   1.168969e+01 -2.130330e+02 -1.390000e+02
      vertex   1.668969e+01 -2.130330e+02 -1.340000e+02
    endloop
  endfacet
  facet normal -1.632730e-15 -3.939193e-01 -9.191450e-01
    outer loop
      vertex   -4.310313e+00 -2.130330e+02 -1.390000e+02
      vertex   1.168969e+01 -2.130330e+02 -1.390000e+02
      vertex   -3.067673e+00 -2.200330e+02 -1.360000e+02
    endloop
  endfacet
  facet normal 2.209119e-15 -3.939193e-01 -9.191450e-01
    outer loop
      vertex   -3.067673e+00 -2.200330e+02 -1.360000e+02
      vertex   1.168969e+01 -2.130330e+02 -1.390000e+02
      vertex   1.044705e+01 -2.200330e+02 -1.360000e+02
    endloop
  endfacet
  facet normal -6.499337e-01 -3.939193e-01 -6.499337e-01
    outer loop
      vertex   -9.310313e+00 -2.130330e+02 -1.340000e+02
      vertex   -4.310313e+00 -2.130330e+02 -1.390000e+02
      vertex   -6.310313e+00 -2.200330e+02 -1.327574e+02
    endloop
  endfacet
  facet normal -6.499337e-01 -3.939193e-01 -6.499337e-01
    outer loop
      vertex   -6.310313e+00 -2.200330e+02 -1.327574e+02
      vertex   -4.310313e+00 -2.130330e+02 -1.390000e+02
      vertex   -3.067673e+00 -2.200330e+02 -1.360000e+02
    endloop
  endfacet
  facet normal -9.191450e-01 -3.939193e-01 1.632730e-15
    outer loop
      vertex   -9.310313e+00 -2.130330e+02 -1.270000e+02
      vertex   -9.310313e+00 -2.130330e+02 -1.340000e+02
      vertex   -6.310313e+00 -2.200330e+02 -1.282426e+02
    endloop
  endfacet
  facet normal -9.191450e-01 -3.939193e-01 -4.520574e-15
    outer loop
      vertex   -6.310313e+00 -2.200330e+02 -1.282426e+02
      vertex   -9.310313e+00 -2.130330e+02 -1.340000e+02
      vertex   -6.310313e+00 -2.200330e+02 -1.327574e+02
    endloop
  endfacet
  facet normal -1.776357e-15 1.051815e-29 -1.000000e+00
    outer loop
      vertex   1.168969e+01 -2.130330e+02 -1.390000e+02
      vertex   -4.310313e+00 -2.130330e+02 -1.390000e+02
      vertex   1.168969e+01 -2.100330e+02 -1.390000e+02
    endloop
  endfacet
  facet normal -1.776357e-15 4.207258e-30 -1.000000e+00
    outer loop
      vertex   1.168969e+01 -2.100330e+02 -1.390000e+02
      vertex   -4.310313e+00 -2.130330e+02 -1.390000e+02
      vertex   -4.310313e+00 -2.100330e+02 -1.390000e+02
    endloop
  endfacet
  facet normal -7.071068e-01 2.093457e-15 -7.071068e-01
    outer loop
      vertex   -4.310313e+00 -2.130330e+02 -1.390000e+02
      vertex   -9.310313e+00 -2.130330e+02 -1.340000e+02
      vertex   -4.310313e+00 -2.100330e+02 -1.390000e+02
    endloop
  endfacet
  facet normal -7.071068e-01 0.000000e+00 -7.071068e-01
    outer loop
      vertex   -4.310313e+00 -2.100330e+02 -1.390000e+02
      vertex   -9.310313e+00 -2.130330e+02 -1.340000e+02
      vertex   -9.310313e+00 -2.100330e+02 -1.340000e+02
    endloop
  endfacet
  facet normal -1.000000e+00 0.000000e+00 1.776357e-15
    outer loop
      vertex   -9.310313e+00 -2.130330e+02 -1.340000e+02
      vertex   -9.310313e+00 -2.130330e+02 -1.270000e+02
      vertex   -9.310313e+00 -2.100330e+02 -1.340000e+02
    endloop
  endfacet
  facet normal -1.000000e+00 0.000000e+00 1.776357e-15
    outer loop
      vertex   -9.310313e+00 -2.100330e+02 -1.340000e+02
      vertex   -9.310313e+00 -2.130330e+02 -1.270000e+02
      vertex   -9.310313e+00 -2.100330e+02 -1.270000e+02
    endloop
  endfacet
  facet normal -7.071068e-01 0.000000e+00 7.071068e-01
    outer loop
      vertex   -9.310313e+00 -2.130330e+02 -1.270000e+02
      vertex   -4.310313e+00 -2.130330e+02 -1.220000e+02
      vertex   -9.310313e+00 -2.100330e+02 -1.270000e+02
    endloop
  endfacet
  facet normal -7.071068e-01 -1.055102e-14 7.071068e-01
    outer loop
      vertex   -9.310313e+00 -2.100330e+02 -1.270000e+02
      vertex   -4.310313e+00 -2.130330e+02 -1.220000e+02
      vertex   -4.310313e+00 -2.100330e+02 -1.220000e+02
    endloop
  endfacet
  facet normal -4.206038e-15 -1.000000e+00 -4.206038e-15
    outer loop
      vertex   1.044705e+01 -2.200330e+02 -1.250000e+02
      vertex   -3.067673e+00 -2.200330e+02 -1.250000e+02
      vertex   1.368969e+01 -2.200330e+02 -1.282426e+02
    endloop
  endfacet
  facet normal -4.263256e-15 -1.000000e+00 -4.501733e-15
    outer loop
      vertex   1.368969e+01 -2.200330e+02 -1.282426e+02
      vertex   -3.067673e+00 -2.200330e+02 -1.250000e+02
      vertex   -6.310313e+00 -2.200330e+02 -1.282426e+02
    endloop
  endfacet
  facet normal -4.263256e-15 -1.000000e+00 -2.012900e-29
    outer loop
      vertex   1.368969e+01 -2.200330e+02 -1.282426e+02
      vertex   -6.310313e+00 -2.200330e+02 -1.282426e+02
      vertex   -6.310313e+00 -2.200330e+02 -1.327574e+02
    endloop
  endfacet
  facet normal -4.263256e-15 -1.000000e+00 1.677417e-29
    outer loop
      vertex   1.368969e+01 -2.200330e+02 -1.282426e+02
      vertex   -6.310313e+00 -2.200330e+02 -1.327574e+02
      vertex   1.368969e+01 -2.200330e+02 -1.327574e+02
    endloop
  endfacet
  facet normal -4.263256e-15 -1.000000e+00 3.079670e-14
    outer loop
      vertex   1.368969e+01 -2.200330e+02 -1.327574e+02
      vertex   -6.310313e+00 -2.200330e+02 -1.327574e+02
      vertex   -3.067673e+00 -2.200330e+02 -1.360000e+02
    endloop
  endfacet
  facet normal 1.051509e-14 -1.000000e+00 -4.557505e-14
    outer loop
      vertex   1.368969e+01 -2.200330e+02 -1.327574e+02
      vertex   -3.067673e+00 -2.200330e+02 -1.360000e+02
      vertex   1.044705e+01 -2.200330e+02 -1.360000e+02
    endloop
  endfacet
  facet normal 1.000000e+00 -4.736952e-15 -3.045183e-15
    outer loop
      vertex   1.668969e+01 -2.130330e+02 -1.270000e+02
      vertex   1.668969e+01 -2.130330e+02 -1.340000e+02
      vertex   1.668969e+01 -2.100330e+02 -1.270000e+02
    endloop
  endfacet
  facet normal 1.000000e+00 -7.105427e-15 -2.030122e-15
    outer loop
      vertex   1.668969e+01 -2.100330e+02 -1.270000e+02
      vertex   1.668969e+01 -2.130330e+02 -1.340000e+02
      vertex   1.668969e+01 -2.100330e+02 -1.340000e+02
    endloop
  endfacet
  facet normal 7.071068e-01 -5.024296e-15 -7.071068e-01
    outer loop
      vertex   1.668969e+01 -2.130330e+02 -1.340000e+02
      vertex   1.168969e+01 -2.130330e+02 -1.390000e+02
      vertex   1.668969e+01 -2.100330e+02 -1.340000e+02
    endloop
  endfacet
  facet normal 7.071068e-01 -4.186913e-15 -7.071068e-01
    outer loop
      vertex   1.668969e+01 -2.100330e+02 -1.340000e+02
      vertex   1.168969e+01 -2.130330e+02 -1.390000e+02
      vertex   1.168969e+01 -2.100330e+02 -1.390000e+02
    endloop
  endfacet
  facet normal 1.776357e-15 2.629536e-29 1.000000e+00
    outer loop
      vertex   -4.310313e+00 -2.130330e+02 -1.220000e+02
      vertex   1.168969e+01 -2.130330e+02 -1.220000e+02
      vertex   -4.310313e+00 -2.100330e+02 -1.220000e+02
    endloop
  endfacet
  facet normal 1.776357e-15 -2.103629e-29 1.000000e+00
    outer loop
      vertex   -4.310313e+00 -2.100330e+02 -1.220000e+02
      vertex   1.168969e+01 -2.130330e+02 -1.220000e+02
      vertex   1.168969e+01 -2.100330e+02 -1.220000e+02
    endloop
  endfacet
  facet normal 7.071068e-01 -8.373826e-15 7.071068e-01
    outer loop
      vertex   1.168969e+01 -2.130330e+02 -1.220000e+02
      vertex   1.668969e+01 -2.130330e+02 -1.270000e+02
      vertex   1.168969e+01 -2.100330e+02 -1.220000e+02
    endloop
  endfacet
  facet normal 7.071068e-01 -3.349531e-15 7.071068e-01
    outer loop
      vertex   1.168969e+01 -2.100330e+02 -1.220000e+02
      vertex   1.668969e+01 -2.130330e+02 -1.270000e+02
      vertex   1.668969e+01 -2.100330e+02 -1.270000e+02
    endloop
  endfacet
  facet normal 6.108639e-15 1.000000e+00 3.148826e-16
    outer loop
      vertex   7.544149e+00 -2.100330e+02 -1.301016e+02
      vertex   1.668969e+01 -2.100330e+02 -1.270000e+02
      vertex   7.564687e+00 -2.100330e+02 -1.305000e+02
    endloop
  endfacet
  facet normal 6.229416e-15 1.000000e+00 -1.264647e-29
    outer loop
      vertex   7.564687e+00 -2.100330e+02 -1.305000e+02
      vertex   1.668969e+01 -2.100330e+02 -1.270000e+02
      vertex   1.668969e+01 -2.100330e+02 -1.340000e+02
    endloop
  endfacet
  facet normal 6.108639e-15 1.000000e+00 -3.148826e-16
    outer loop
      vertex   7.564687e+00 -2.100330e+02 -1.305000e+02
      vertex   1.668969e+01 -2.100330e+02 -1.340000e+02
      vertex   7.544149e+00 -2.100330e+02 -1.308984e+02
    endloop
  endfacet
  facet normal 5.903605e-15 1.000000e+00 -9.194619e-16
    outer loop
      vertex   7.544149e+00 -2.100330e+02 -1.308984e+02
      vertex   1.668969e+01 -2.100330e+02 -1.340000e+02
      vertex   7.482753e+00 -2.100330e+02 -1.312926e+02
    endloop
  endfacet
  facet normal 5.730224e-15 1.000000e+00 -1.509080e-15
    outer loop
      vertex   7.482753e+00 -2.100330e+02 -1.312926e+02
      vertex   1.668969e+01 -2.100330e+02 -1.340000e+02
      vertex   7.381149e+00 -2.100330e+02 -1.316784e+02
    endloop
  endfacet
  facet normal 5.581787e-15 1.000000e+00 -2.104255e-15
    outer loop
      vertex   7.381149e+00 -2.100330e+02 -1.316784e+02
      vertex   1.668969e+01 -2.100330e+02 -1.340000e+02
      vertex   7.240415e+00 -2.100330e+02 -1.320518e+02
    endloop
  endfacet
  facet normal 5.453618e-15 1.000000e+00 -2.725896e-15
    outer loop
      vertex   7.240415e+00 -2.100330e+02 -1.320518e+02
      vertex   1.668969e+01 -2.100330e+02 -1.340000e+02
      vertex   7.062042e+00 -2.100330e+02 -1.324086e+02
    endloop
  endfacet
  facet normal 5.342495e-15 1.000000e+00 -3.398175e-15
    outer loop
      vertex   7.062042e+00 -2.100330e+02 -1.324086e+02
      vertex   1.668969e+01 -2.100330e+02 -1.340000e+02
      vertex   6.847922e+00 -2.100330e+02 -1.327453e+02
    endloop
  endfacet
  facet normal 5.246345e-15 1.000000e+00 -4.152339e-15
    outer loop
      vertex   6.847922e+00 -2.100330e+02 -1.327453e+02
      vertex   1.668969e+01 -2.100330e+02 -1.340000e+02
      vertex   6.600323e+00 -2.100330e+02 -1.330581e+02
    endloop
  endfacet
  facet normal 5.164144e-15 1.000000e+00 -5.032847e-15
    outer loop
      vertex   6.600323e+00 -2.100330e+02 -1.330581e+02
      vertex   1.668969e+01 -2.100330e+02 -1.340000e+02
      vertex   6.321871e+00 -2.100330e+02 -1.333438e+02
    endloop
  endfacet
  facet normal 6.509750e-15 1.000000e+00 1.622762e-14
    outer loop
      vertex   6.321871e+00 -2.100330e+02 -1.333438e+02
      vertex   1.668969e+01 -2.100330e+02 -1.340000e+02
      vertex   1.168969e+01 -2.100330e+02 -1.390000e+02
    endloop
  endfacet
  facet normal -4.679276e-15 1.000000e+00 5.609059e-15
    outer loop
      vertex   6.321871e+00 -2.100330e+02 -1.333438e+02
      vertex   1.168969e+01 -2.100330e+02 -1.390000e+02
      vertex   6.015517e+00 -2.100330e+02 -1.335994e+02
    endloop
  endfacet
  facet normal -4.148936e-15 1.000000e+00 6.166261e-15
    outer loop
      vertex   6.015517e+00 -2.100330e+02 -1.335994e+02
      vertex   1.168969e+01 -2.100330e+02 -1.390000e+02
      vertex   5.684509e+00 -2.100330e+02 -1.338221e+02
    endloop
  endfacet
  facet normal -3.613701e-15 1.000000e+00 6.787011e-15
    outer loop
      vertex   5.684509e+00 -2.100330e+02 -1.338221e+02
      vertex   1.168969e+01 -2.100330e+02 -1.390000e+02
      vertex   5.332355e+00 -2.100330e+02 -1.340096e+02
    endloop
  endfacet
  facet normal -3.051492e-15 1.000000e+00 7.503215e-15
    outer loop
      vertex   5.332355e+00 -2.100330e+02 -1.340096e+02
      vertex   1.168969e+01 -2.100330e+02 -1.390000e+02
      vertex   4.962789e+00 -2.100330e+02 -1.341599e+02
    endloop
  endfacet
  facet normal -2.433920e-15 1.000000e+00 8.361532e-15
    outer loop
      vertex   4.962789e+00 -2.100330e+02 -1.341599e+02
      vertex   1.168969e+01 -2.100330e+02 -1.390000e+02
      vertex   4.579727e+00 -2.100330e+02 -1.342714e+02
    endloop
  endfacet
  facet normal -1.719505e-15 1.000000e+00 9.435732e-15
    outer loop
      vertex   4.579727e+00 -2.100330e+02 -1.342714e+02
      vertex   1.168969e+01 -2.100330e+02 -1.390000e+02
      vertex   4.187231e+00 -2.100330e+02 -1.343429e+02
    endloop
  endfacet
  facet normal -8.400530e-16 1.000000e+00 1.085251e-14
    outer loop
      vertex   4.187231e+00 -2.100330e+02 -1.343429e+02
      vertex   1.168969e+01 -2.100330e+02 -1.390000e+02
      vertex   3.789460e+00 -2.100330e+02 -1.343737e+02
    endloop
  endfacet
  facet normal 2.182619e-29 1.000000e+00 1.228706e-14
    outer loop
      vertex   3.789460e+00 -2.100330e+02 -1.343737e+02
      vertex   1.168969e+01 -2.100330e+02 -1.390000e+02
      vertex   -4.310313e+00 -2.100330e+02 -1.390000e+02
    endloop
  endfacet
  facet normal 3.028156e-16 1.000000e+00 1.175688e-14
    outer loop
      vertex   3.789460e+00 -2.100330e+02 -1.343737e+02
      vertex   -4.310313e+00 -2.100330e+02 -1.390000e+02
      vertex   3.390632e+00 -2.100330e+02 -1.343634e+02
    endloop
  endfacet
  facet normal 1.306362e-15 1.000000e+00 1.009007e-14
    outer loop
      vertex   3.390632e+00 -2.100330e+02 -1.343634e+02
      vertex   -4.310313e+00 -2.100330e+02 -1.390000e+02
      vertex   2.994974e+00 -2.100330e+02 -1.343122e+02
    endloop
  endfacet
  facet normal 2.092216e-15 1.000000e+00 8.865423e-15
    outer loop
      vertex   2.994974e+00 -2.100330e+02 -1.343122e+02
      vertex   -4.310313e+00 -2.100330e+02 -1.390000e+02
      vertex   2.606680e+00 -2.100330e+02 -1.342206e+02
    endloop
  endfacet
  facet normal 2.751801e-15 1.000000e+00 7.910841e-15
    outer loop
      vertex   2.606680e+00 -2.100330e+02 -1.342206e+02
      vertex   -4.310313e+00 -2.100330e+02 -1.390000e+02
      vertex   2.229866e+00 -2.100330e+02 -1.340895e+02
    endloop
  endfacet
  facet normal 3.337535e-15 1.000000e+00 7.130716e-15
    outer loop
      vertex   2.229866e+00 -2.100330e+02 -1.340895e+02
      vertex   -4.310313e+00 -2.100330e+02 -1.390000e+02
      vertex   1.868527e+00 -2.100330e+02 -1.339204e+02
    endloop
  endfacet
  facet normal 3.883217e-15 1.000000e+00 6.466949e-15
    outer loop
      vertex   1.868527e+00 -2.100330e+02 -1.339204e+02
      vertex   -4.310313e+00 -2.100330e+02 -1.390000e+02
      vertex   1.526493e+00 -2.100330e+02 -1.337150e+02
    endloop
  endfacet
  facet normal 4.413465e-15 1.000000e+00 5.881338e-15
    outer loop
      vertex   1.526493e+00 -2.100330e+02 -1.337150e+02
      vertex   -4.310313e+00 -2.100330e+02 -1.390000e+02
      vertex   1.207388e+00 -2.100330e+02 -1.334755e+02
    endloop
  endfacet
  facet normal 4.948793e-15 1.000000e+00 5.346665e-15
    outer loop
      vertex   1.207388e+00 -2.100330e+02 -1.334755e+02
      vertex   -4.310313e+00 -2.100330e+02 -1.390000e+02
      vertex   9.145973e-01 -2.100330e+02 -1.332045e+02
    endloop
  endfacet
  facet normal -3.809926e-15 1.000000e+00 1.324310e-14
    outer loop
      vertex   9.145973e-01 -2.100330e+02 -1.332045e+02
      vertex   -4.310313e+00 -2.100330e+02 -1.390000e+02
      vertex   -9.310313e+00 -2.100330e+02 -1.340000e+02
    endloop
  endfacet
  facet normal -2.601761e-15 1.000000e+00 -2.286626e-15
    outer loop
      vertex   9.145973e-01 -2.100330e+02 -1.332045e+02
      vertex   -9.310313e+00 -2.100330e+02 -1.340000e+02
      vertex   6.512227e-01 -2.100330e+02 -1.329049e+02
    endloop
  endfacet
  facet normal -2.646319e-15 1.000000e+00 -1.881325e-15
    outer loop
      vertex   6.512227e-01 -2.100330e+02 -1.329049e+02
      vertex   -9.310313e+00 -2.100330e+02 -1.340000e+02
      vertex   4.200567e-01 -2.100330e+02 -1.325797e+02
    endloop
  endfacet
  facet normal -2.698040e-15 1.000000e+00 -1.526987e-15
    outer loop
      vertex   4.200567e-01 -2.100330e+02 -1.325797e+02
      vertex   -9.310313e+00 -2.100330e+02 -1.340000e+02
      vertex   2.235495e-01 -2.100330e+02 -1.322325e+02
    endloop
  endfacet
  facet normal -2.757700e-15 1.000000e+00 -1.205185e-15
    outer loop
      vertex   2.235495e-01 -2.100330e+02 -1.322325e+02
      vertex   -9.310313e+00 -2.100330e+02 -1.340000e+02
      vertex   6.378431e-02 -2.100330e+02 -1.318669e+02
    endloop
  endfacet
  facet normal -2.826609e-15 1.000000e+00 -9.023535e-16
    outer loop
      vertex   6.378431e-02 -2.100330e+02 -1.318669e+02
      vertex   -9.310313e+00 -2.100330e+02 -1.340000e+02
      vertex   -5.754545e-02 -2.100330e+02 -1.314869e+02
    endloop
  endfacet
  facet normal -2.906717e-15 1.000000e+00 -6.074184e-16
    outer loop
      vertex   -5.754545e-02 -2.100330e+02 -1.314869e+02
      vertex   -9.310313e+00 -2.100330e+02 -1.340000e+02
      vertex   -1.391536e-01 -2.100330e+02 -1.310963e+02
    endloop
  endfacet
  facet normal -3.000822e-15 1.000000e+00 -3.101915e-16
    outer loop
      vertex   -1.391536e-01 -2.100330e+02 -1.310963e+02
      vertex   -9.310313e+00 -2.100330e+02 -1.340000e+02
      vertex   -1.801751e-01 -2.100330e+02 -1.306995e+02
    endloop
  endfacet
  facet normal -3.112955e-15 1.000000e+00 5.529719e-30
    outer loop
      vertex   -1.801751e-01 -2.100330e+02 -1.306995e+02
      vertex   -9.310313e+00 -2.100330e+02 -1.340000e+02
      vertex   -9.310313e+00 -2.100330e+02 -1.270000e+02
    endloop
  endfacet
  facet normal -3.112955e-15 1.000000e+00 0.000000e+00
    outer loop
      vertex   -1.801751e-01 -2.100330e+02 -1.306995e+02
      vertex   -9.310313e+00 -2.100330e+02 -1.270000e+02
      vertex   -1.801751e-01 -2.100330e+02 -1.303005e+02
    endloop
  endfacet
  facet normal -3.000822e-15 1.000000e+00 3.101915e-16
    outer loop
      vertex   -1.801751e-01 -2.100330e+02 -1.303005e+02
      vertex   -9.310313e+00 -2.100330e+02 -1.270000e+02
      vertex   -1.391536e-01 -2.100330e+02 -1.299037e+02
    endloop
  endfacet
  facet normal -2.906717e-15 1.000000e+00 6.074184e-16
    outer loop
      vertex   -1.391536e-01 -2.100330e+02 -1.299037e+02
      vertex   -9.310313e+00 -2.100330e+02 -1.270000e+02
      vertex   -5.754545e-02 -2.100330e+02 -1.295132e+02
    endloop
  endfacet
  facet normal -2.826609e-15 1.000000e+00 9.023535e-16
    outer loop
      vertex   -5.754545e-02 -2.100330e+02 -1.295132e+02
      vertex   -9.310313e+00 -2.100330e+02 -1.270000e+02
      vertex   6.378431e-02 -2.100330e+02 -1.291331e+02
    endloop
  endfacet
  facet normal -2.757700e-15 1.000000e+00 1.205185e-15
    outer loop
      vertex   6.378431e-02 -2.100330e+02 -1.291331e+02
      vertex   -9.310313e+00 -2.100330e+02 -1.270000e+02
      vertex   2.235495e-01 -2.100330e+02 -1.287675e+02
    endloop
  endfacet
  facet normal -2.698040e-15 1.000000e+00 1.526987e-15
    outer loop
      vertex   2.235495e-01 -2.100330e+02 -1.287675e+02
      vertex   -9.310313e+00 -2.100330e+02 -1.270000e+02
      vertex   4.200567e-01 -2.100330e+02 -1.284203e+02
    endloop
  endfacet
  facet normal -2.646319e-15 1.000000e+00 1.881325e-15
    outer loop
      vertex   4.200567e-01 -2.100330e+02 -1.284203e+02
      vertex   -9.310313e+00 -2.100330e+02 -1.270000e+02
      vertex   6.512227e-01 -2.100330e+02 -1.280951e+02
    endloop
  endfacet
  facet normal -2.601761e-15 1.000000e+00 2.286626e-15
    outer loop
      vertex   6.512227e-01 -2.100330e+02 -1.280951e+02
      vertex   -9.310313e+00 -2.100330e+02 -1.270000e+02
      vertex   9.145973e-01 -2.100330e+02 -1.277955e+02
    endloop
  endfacet
  facet normal -2.989318e-15 1.000000e+00 -2.695024e-15
    outer loop
      vertex   9.145973e-01 -2.100330e+02 -1.277955e+02
      vertex   -9.310313e+00 -2.100330e+02 -1.270000e+02
      vertex   -4.310313e+00 -2.100330e+02 -1.220000e+02
    endloop
  endfacet
  facet normal 0.000000e+00 1.000000e+00 -0.000000e+00
    outer loop
      vertex   9.145973e-01 -2.100330e+02 -1.277955e+02
      vertex   -4.310313e+00 -2.100330e+02 -1.220000e+02
      vertex   1.207388e+00 -2.100330e+02 -1.275245e+02
    endloop
  endfacet
  facet normal 0.000000e+00 1.000000e+00 -0.000000e+00
    outer loop
      vertex   1.207388e+00 -2.100330e+02 -1.275245e+02
      vertex   -4.310313e+00 -2.100330e+02 -1.220000e+02
      vertex   1.526493e+00 -2.100330e+02 -1.272850e+02
    endloop
  endfacet
  facet normal 0.000000e+00 1.000000e+00 -0.000000e+00
    outer loop
      vertex   1.526493e+00 -2.100330e+02 -1.272850e+02
      vertex   -4.310313e+00 -2.100330e+02 -1.220000e+02
      vertex   1.868527e+00 -2.100330e+02 -1.270796e+02
    endloop
  endfacet
  facet normal 0.000000e+00 1.000000e+00 -0.000000e+00
    outer loop
      vertex   1.868527e+00 -2.100330e+02 -1.270796e+02
      vertex   -4.310313e+00 -2.100330e+02 -1.220000e+02
      vertex   2.229866e+00 -2.100330e+02 -1.269105e+02
    endloop
  endfacet
  facet normal 0.000000e+00 1.000000e+00 -0.000000e+00
    outer loop
      vertex   2.229866e+00 -2.100330e+02 -1.269105e+02
      vertex   -4.310313e+00 -2.100330e+02 -1.220000e+02
      vertex   2.606680e+00 -2.100330e+02 -1.267794e+02
    endloop
  endfacet
  facet normal 0.000000e+00 1.000000e+00 -0.000000e+00
    outer loop
      vertex   2.606680e+00 -2.100330e+02 -1.267794e+02
      vertex   -4.310313e+00 -2.100330e+02 -1.220000e+02
      vertex   2.994974e+00 -2.100330e+02 -1.266878e+02
    endloop
  endfacet
  facet normal 0.000000e+00 1.000000e+00 -0.000000e+00
    outer loop
      vertex   2.994974e+00 -2.100330e+02 -1.266878e+02
      vertex   -4.310313e+00 -2.100330e+02 -1.220000e+02
      vertex   3.390632e+00 -2.100330e+02 -1.266366e+02
    endloop
  endfacet
  facet normal 0.000000e+00 1.000000e+00 -0.000000e+00
    outer loop
      vertex   3.390632e+00 -2.100330e+02 -1.266366e+02
      vertex   -4.310313e+00 -2.100330e+02 -1.220000e+02
      vertex   3.789460e+00 -2.100330e+02 -1.266263e+02
    endloop
  endfacet
  facet normal 0.000000e+00 1.000000e+00 -0.000000e+00
    outer loop
      vertex   3.789460e+00 -2.100330e+02 -1.266263e+02
      vertex   -4.310313e+00 -2.100330e+02 -1.220000e+02
      vertex   1.168969e+01 -2.100330e+02 -1.220000e+02
    endloop
  endfacet
  facet normal -0.000000e+00 1.000000e+00 0.000000e+00
    outer loop
      vertex   3.789460e+00 -2.100330e+02 -1.266263e+02
      vertex   1.168969e+01 -2.100330e+02 -1.220000e+02
      vertex   4.187231e+00 -2.100330e+02 -1.266571e+02
    endloop
  endfacet
  facet normal -0.000000e+00 1.000000e+00 0.000000e+00
    outer loop
      vertex   4.187231e+00 -2.100330e+02 -1.266571e+02
      vertex   1.168969e+01 -2.100330e+02 -1.220000e+02
      vertex   4.579727e+00 -2.100330e+02 -1.267286e+02
    endloop
  endfacet
  facet normal -0.000000e+00 1.000000e+00 0.000000e+00
    outer loop
      vertex   4.579727e+00 -2.100330e+02 -1.267286e+02
      vertex   1.168969e+01 -2.100330e+02 -1.220000e+02
      vertex   4.962789e+00 -2.100330e+02 -1.268401e+02
    endloop
  endfacet
  facet normal -0.000000e+00 1.000000e+00 0.000000e+00
    outer loop
      vertex   4.962789e+00 -2.100330e+02 -1.268401e+02
      vertex   1.168969e+01 -2.100330e+02 -1.220000e+02
      vertex   5.332355e+00 -2.100330e+02 -1.269904e+02
    endloop
  endfacet
  facet normal -0.000000e+00 1.000000e+00 0.000000e+00
    outer loop
      vertex   5.332355e+00 -2.100330e+02 -1.269904e+02
      vertex   1.168969e+01 -2.100330e+02 -1.220000e+02
      vertex   5.684509e+00 -2.100330e+02 -1.271779e+02
    endloop
  endfacet
  facet normal -0.000000e+00 1.000000e+00 0.000000e+00
    outer loop
      vertex   5.684509e+00 -2.100330e+02 -1.271779e+02
      vertex   1.168969e+01 -2.100330e+02 -1.220000e+02
      vertex   6.015517e+00 -2.100330e+02 -1.274006e+02
    endloop
  endfacet
  facet normal -0.000000e+00 1.000000e+00 0.000000e+00
    outer loop
      vertex   6.015517e+00 -2.100330e+02 -1.274006e+02
      vertex   1.168969e+01 -2.100330e+02 -1.220000e+02
      vertex   6.321871e+00 -2.100330e+02 -1.276562e+02
    endloop
  endfacet
  facet normal 5.833039e-15 1.000000e+00 -5.535645e-15
    outer loop
      vertex   6.321871e+00 -2.100330e+02 -1.276562e+02
      vertex   1.168969e+01 -2.100330e+02 -1.220000e+02
      vertex   1.668969e+01 -2.100330e+02 -1.270000e+02
    endloop
  endfacet
  facet normal 5.164144e-15 1.000000e+00 5.032847e-15
    outer loop
      vertex   6.321871e+00 -2.100330e+02 -1.276562e+02
      vertex   1.668969e+01 -2.100330e+02 -1.270000e+02
      vertex   6.600323e+00 -2.100330e+02 -1.279419e+02
    endloop
  endfacet
  facet normal 5.246345e-15 1.000000e+00 4.152339e-15
    outer loop
      vertex   6.600323e+00 -2.100330e+02 -1.279419e+02
      vertex   1.668969e+01 -2.100330e+02 -1.270000e+02
      vertex   6.847922e+00 -2.100330e+02 -1.282547e+02
    endloop
  endfacet
  facet normal 5.342495e-15 1.000000e+00 3.398175e-15
    outer loop
      vertex   6.847922e+00 -2.100330e+02 -1.282547e+02
      vertex   1.668969e+01 -2.100330e+02 -1.270000e+02
      vertex   7.062042e+00 -2.100330e+02 -1.285914e+02
    endloop
  endfacet
  facet normal 5.453618e-15 1.000000e+00 2.725896e-15
    outer loop
      vertex   7.062042e+00 -2.100330e+02 -1.285914e+02
      vertex   1.668969e+01 -2.100330e+02 -1.270000e+02
      vertex   7.240415e+00 -2.100330e+02 -1.289482e+02
    endloop
  endfacet
  facet normal 5.581787e-15 1.000000e+00 2.104255e-15
    outer loop
      vertex   7.240415e+00 -2.100330e+02 -1.289482e+02
      vertex   1.668969e+01 -2.100330e+02 -1.270000e+02
      vertex   7.381149e+00 -2.100330e+02 -1.293216e+02
    endloop
  endfacet
  facet normal 5.730224e-15 1.000000e+00 1.509080e-15
    outer loop
      vertex   7.381149e+00 -2.100330e+02 -1.293216e+02
      vertex   1.668969e+01 -2.100330e+02 -1.270000e+02
      vertex   7.482753e+00 -2.100330e+02 -1.297074e+02
    endloop
  endfacet
  facet normal 5.903605e-15 1.000000e+00 9.194619e-16
    outer loop
      vertex   7.482753e+00 -2.100330e+02 -1.297074e+02
      vertex   1.668969e+01 -2.100330e+02 -1.270000e+02
      vertex   7.544149e+00 -2.100330e+02 -1.301016e+02
    endloop
  endfacet
endsolid
