ISO-10303-21;
HEADER;
/* Generated by software containing ST-Developer
 * from STEP Tools, Inc. (www.steptools.com) 
 */

FILE_DESCRIPTION(
/* description */ (
'Spur Gear; Module: 1.0; Num Teeth: 16; Pressure Angle: 20.0; Backlash
: 0.00 mm'),
/* implementation_level */ '2;1');

FILE_NAME(
/* name */ 'right leg 3.step',
/* time_stamp */ '2026-08-17T14:43:42-04:00',
/* author */ (''),
/* organization */ (''),
/* preprocessor_version */ 'ST-DEVELOPER v20.1',
/* originating_system */ 'Autodesk Translation Framework v15.8.0.0',
/* authorisation */ '');

FILE_SCHEMA (('AUTOMOTIVE_DESIGN { 1 0 10303 214 3 1 1 }'));
ENDSEC;

DATA;
#10=MECHANICAL_DESIGN_GEOMETRIC_PRESENTATION_REPRESENTATION('',(#13),#1568);
#11=SHAPE_REPRESENTATION_RELATIONSHIP('SRR','None',#1575,#12);
#12=ADVANCED_BREP_SHAPE_REPRESENTATION('',(#14),#1567);
#13=STYLED_ITEM('',(#1584),#14);
#14=MANIFOLD_SOLID_BREP('Body20',#848);
#15=B_SPLINE_SURFACE_WITH_KNOTS('',3,1,((#1348,#1349),(#1350,#1351),(#1352,
#1353),(#1354,#1355),(#1356,#1357),(#1358,#1359),(#1360,#1361),(#1362,#1363),
(#1364,#1365),(#1366,#1367),(#1368,#1369),(#1370,#1371)),.UNSPECIFIED.,
 .F.,.F.,.F.,(4,2,2,2,2,4),(2,2),(-2.27656646368123,-2.09508845737977,-1.89994924098482,
-1.4561231032806,-0.822127650292227,0.),(0.,0.5),.UNSPECIFIED.);
#16=B_SPLINE_SURFACE_WITH_KNOTS('',3,1,((#1390,#1391),(#1392,#1393),(#1394,
#1395),(#1396,#1397),(#1398,#1399),(#1400,#1401),(#1402,#1403),(#1404,#1405),
(#1406,#1407),(#1408,#1409),(#1410,#1411),(#1412,#1413)),.UNSPECIFIED.,
 .F.,.F.,.F.,(4,2,2,2,2,4),(2,2),(-1.96965092509455,-1.51099084546053,-1.0422421662706,
-0.600332635032384,-0.278897619518362,0.),(0.,0.5),.UNSPECIFIED.);
#17=B_SPLINE_SURFACE_WITH_KNOTS('',3,3,((#1439,#1440,#1441,#1442),(#1443,
#1444,#1445,#1446),(#1447,#1448,#1449,#1450),(#1451,#1452,#1453,#1454),
(#1455,#1456,#1457,#1458),(#1459,#1460,#1461,#1462),(#1463,#1464,#1465,
#1466)),.UNSPECIFIED.,.F.,.F.,.F.,(4,1,1,1,4),(4,4),(0.,0.285714285714286,
0.571428571428571,0.857142857142857,1.),(-0.2,0.500000000000001),
 .UNSPECIFIED.);
#18=B_SPLINE_SURFACE_WITH_KNOTS('',3,3,((#1488,#1489,#1490,#1491),(#1492,
#1493,#1494,#1495),(#1496,#1497,#1498,#1499),(#1500,#1501,#1502,#1503),
(#1504,#1505,#1506,#1507),(#1508,#1509,#1510,#1511),(#1512,#1513,#1514,
#1515)),.UNSPECIFIED.,.F.,.F.,.F.,(4,1,1,1,4),(4,4),(0.,0.285714285714286,
0.571428571428571,0.857142857142857,1.),(-0.500000000000001,0.200000000000001),
 .UNSPECIFIED.);
#19=FACE_BOUND('',#126,.T.);
#20=FACE_BOUND('',#134,.T.);
#21=FACE_BOUND('',#137,.T.);
#22=FACE_BOUND('',#138,.T.);
#23=FACE_BOUND('',#139,.T.);
#24=FACE_BOUND('',#140,.T.);
#25=FACE_BOUND('',#141,.T.);
#26=FACE_BOUND('',#147,.T.);
#27=FACE_BOUND('',#157,.T.);
#28=FACE_BOUND('',#158,.T.);
#29=FACE_BOUND('',#159,.T.);
#30=FACE_BOUND('',#160,.T.);
#31=FACE_BOUND('',#161,.T.);
#32=CYLINDRICAL_SURFACE('',#884,17.5);
#33=CYLINDRICAL_SURFACE('',#893,11.25);
#34=CYLINDRICAL_SURFACE('',#903,10.);
#35=CYLINDRICAL_SURFACE('',#911,1.5);
#36=CYLINDRICAL_SURFACE('',#913,1.5);
#37=CYLINDRICAL_SURFACE('',#915,1.5);
#38=CYLINDRICAL_SURFACE('',#917,1.49999999999999);
#39=CYLINDRICAL_SURFACE('',#919,1.5);
#40=CIRCLE('',#879,17.5);
#41=CIRCLE('',#881,17.5);
#42=CIRCLE('',#885,17.5);
#43=CIRCLE('',#886,17.5);
#44=CIRCLE('',#887,17.5);
#45=CIRCLE('',#889,10.);
#46=CIRCLE('',#894,11.25);
#47=CIRCLE('',#895,11.25);
#48=CIRCLE('',#898,1.5);
#49=CIRCLE('',#899,1.5);
#50=CIRCLE('',#900,1.49999999999999);
#51=CIRCLE('',#901,1.5);
#52=CIRCLE('',#904,10.);
#53=CIRCLE('',#907,1.5);
#54=CIRCLE('',#912,1.5);
#55=CIRCLE('',#914,1.5);
#56=CIRCLE('',#916,1.5);
#57=CIRCLE('',#918,1.49999999999999);
#58=CIRCLE('',#920,1.5);
#59=FACE_OUTER_BOUND('',#104,.T.);
#60=FACE_OUTER_BOUND('',#105,.T.);
#61=FACE_OUTER_BOUND('',#106,.T.);
#62=FACE_OUTER_BOUND('',#107,.T.);
#63=FACE_OUTER_BOUND('',#108,.T.);
#64=FACE_OUTER_BOUND('',#109,.T.);
#65=FACE_OUTER_BOUND('',#110,.T.);
#66=FACE_OUTER_BOUND('',#111,.T.);
#67=FACE_OUTER_BOUND('',#112,.T.);
#68=FACE_OUTER_BOUND('',#113,.T.);
#69=FACE_OUTER_BOUND('',#114,.T.);
#70=FACE_OUTER_BOUND('',#115,.T.);
#71=FACE_OUTER_BOUND('',#116,.T.);
#72=FACE_OUTER_BOUND('',#117,.T.);
#73=FACE_OUTER_BOUND('',#118,.T.);
#74=FACE_OUTER_BOUND('',#119,.T.);
#75=FACE_OUTER_BOUND('',#120,.T.);
#76=FACE_OUTER_BOUND('',#121,.T.);
#77=FACE_OUTER_BOUND('',#122,.T.);
#78=FACE_OUTER_BOUND('',#123,.T.);
#79=FACE_OUTER_BOUND('',#124,.T.);
#80=FACE_OUTER_BOUND('',#125,.T.);
#81=FACE_OUTER_BOUND('',#127,.T.);
#82=FACE_OUTER_BOUND('',#128,.T.);
#83=FACE_OUTER_BOUND('',#129,.T.);
#84=FACE_OUTER_BOUND('',#130,.T.);
#85=FACE_OUTER_BOUND('',#131,.T.);
#86=FACE_OUTER_BOUND('',#132,.T.);
#87=FACE_OUTER_BOUND('',#133,.T.);
#88=FACE_OUTER_BOUND('',#135,.T.);
#89=FACE_OUTER_BOUND('',#136,.T.);
#90=FACE_OUTER_BOUND('',#142,.T.);
#91=FACE_OUTER_BOUND('',#143,.T.);
#92=FACE_OUTER_BOUND('',#144,.T.);
#93=FACE_OUTER_BOUND('',#145,.T.);
#94=FACE_OUTER_BOUND('',#146,.T.);
#95=FACE_OUTER_BOUND('',#148,.T.);
#96=FACE_OUTER_BOUND('',#149,.T.);
#97=FACE_OUTER_BOUND('',#150,.T.);
#98=FACE_OUTER_BOUND('',#151,.T.);
#99=FACE_OUTER_BOUND('',#152,.T.);
#100=FACE_OUTER_BOUND('',#153,.T.);
#101=FACE_OUTER_BOUND('',#154,.T.);
#102=FACE_OUTER_BOUND('',#155,.T.);
#103=FACE_OUTER_BOUND('',#156,.T.);
#104=EDGE_LOOP('',(#538,#539,#540,#541,#542,#543,#544));
#105=EDGE_LOOP('',(#545,#546,#547,#548));
#106=EDGE_LOOP('',(#549,#550,#551,#552,#553,#554,#555,#556,#557,#558,#559,
#560,#561));
#107=EDGE_LOOP('',(#562,#563,#564,#565,#566));
#108=EDGE_LOOP('',(#567,#568,#569,#570));
#109=EDGE_LOOP('',(#571,#572,#573,#574,#575,#576,#577,#578));
#110=EDGE_LOOP('',(#579,#580,#581,#582,#583,#584,#585,#586));
#111=EDGE_LOOP('',(#587,#588,#589,#590));
#112=EDGE_LOOP('',(#591,#592,#593,#594));
#113=EDGE_LOOP('',(#595,#596,#597,#598));
#114=EDGE_LOOP('',(#599,#600,#601,#602));
#115=EDGE_LOOP('',(#603,#604,#605,#606));
#116=EDGE_LOOP('',(#607,#608,#609,#610));
#117=EDGE_LOOP('',(#611,#612,#613,#614));
#118=EDGE_LOOP('',(#615,#616,#617,#618));
#119=EDGE_LOOP('',(#619,#620,#621,#622));
#120=EDGE_LOOP('',(#623,#624,#625,#626,#627));
#121=EDGE_LOOP('',(#628,#629,#630,#631,#632));
#122=EDGE_LOOP('',(#633,#634,#635,#636,#637,#638,#639,#640,#641,#642,#643,
#644,#645));
#123=EDGE_LOOP('',(#646,#647,#648,#649,#650));
#124=EDGE_LOOP('',(#651,#652,#653,#654,#655,#656,#657,#658));
#125=EDGE_LOOP('',(#659,#660,#661));
#126=EDGE_LOOP('',(#662));
#127=EDGE_LOOP('',(#663,#664,#665,#666,#667,#668));
#128=EDGE_LOOP('',(#669,#670,#671,#672,#673,#674,#675));
#129=EDGE_LOOP('',(#676,#677,#678,#679,#680,#681));
#130=EDGE_LOOP('',(#682,#683,#684,#685));
#131=EDGE_LOOP('',(#686,#687,#688,#689));
#132=EDGE_LOOP('',(#690,#691,#692,#693));
#133=EDGE_LOOP('',(#694));
#134=EDGE_LOOP('',(#695));
#135=EDGE_LOOP('',(#696,#697,#698,#699));
#136=EDGE_LOOP('',(#700));
#137=EDGE_LOOP('',(#701));
#138=EDGE_LOOP('',(#702));
#139=EDGE_LOOP('',(#703));
#140=EDGE_LOOP('',(#704,#705,#706,#707));
#141=EDGE_LOOP('',(#708));
#142=EDGE_LOOP('',(#709,#710,#711,#712));
#143=EDGE_LOOP('',(#713,#714,#715,#716,#717,#718));
#144=EDGE_LOOP('',(#719,#720,#721,#722));
#145=EDGE_LOOP('',(#723,#724,#725,#726));
#146=EDGE_LOOP('',(#727,#728,#729,#730));
#147=EDGE_LOOP('',(#731));
#148=EDGE_LOOP('',(#732,#733,#734,#735));
#149=EDGE_LOOP('',(#736,#737,#738,#739));
#150=EDGE_LOOP('',(#740,#741,#742,#743));
#151=EDGE_LOOP('',(#744,#745,#746,#747));
#152=EDGE_LOOP('',(#748,#749,#750,#751));
#153=EDGE_LOOP('',(#752,#753,#754,#755));
#154=EDGE_LOOP('',(#756,#757,#758,#759));
#155=EDGE_LOOP('',(#760,#761,#762,#763));
#156=EDGE_LOOP('',(#764));
#157=EDGE_LOOP('',(#765));
#158=EDGE_LOOP('',(#766));
#159=EDGE_LOOP('',(#767));
#160=EDGE_LOOP('',(#768));
#161=EDGE_LOOP('',(#769));
#162=B_SPLINE_CURVE_WITH_KNOTS('',3,(#1143,#1144,#1145,#1146),
 .UNSPECIFIED.,.F.,.F.,(4,4),(-0.2,0.500000000000001),.UNSPECIFIED.);
#163=B_SPLINE_CURVE_WITH_KNOTS('',3,(#1275,#1276,#1277,#1278,#1279,#1280,
#1281,#1282,#1283,#1284,#1285,#1286,#1287,#1288,#1289,#1290),
 .UNSPECIFIED.,.F.,.F.,(4,3,3,3,3,4),(0.,0.278897619518362,0.600332635032384,
1.0422421662706,1.51099084546053,1.96965092509455),.UNSPECIFIED.);
#164=B_SPLINE_CURVE_WITH_KNOTS('',3,(#1293,#1294,#1295,#1296,#1297,#1298,
#1299,#1300,#1301,#1302,#1303,#1304,#1305,#1306,#1307,#1308),
 .UNSPECIFIED.,.F.,.F.,(4,3,3,3,3,4),(0.,0.822127650292227,1.4561231032806,
1.89994924098482,2.09508845737977,2.27656646368123),.UNSPECIFIED.);
#165=B_SPLINE_CURVE_WITH_KNOTS('',3,(#1313,#1314,#1315,#1316),
 .UNSPECIFIED.,.F.,.F.,(4,4),(-0.500000000000001,0.200000000000001),
 .UNSPECIFIED.);
#166=B_SPLINE_CURVE_WITH_KNOTS('',3,(#1320,#1321,#1322,#1323,#1324,#1325,
#1326,#1327,#1328,#1329,#1330,#1331,#1332),.UNSPECIFIED.,.F.,.F.,(4,3,3,
3,4),(0.,0.562757407169782,1.12551481433956,1.68827222150935,1.96965092509424),
 .UNSPECIFIED.);
#167=B_SPLINE_CURVE_WITH_KNOTS('',3,(#1335,#1336,#1337,#1338,#1339,#1340,
#1341,#1342,#1343,#1344,#1345,#1346,#1347),.UNSPECIFIED.,.F.,.F.,(4,3,3,
3,4),(0.,0.325223780525998,0.975671341577994,1.62611890262999,2.27656646368199),
 .UNSPECIFIED.);
#168=B_SPLINE_CURVE_WITH_KNOTS('',3,(#1373,#1374,#1375,#1376,#1377,#1378,
#1379,#1380,#1381,#1382,#1383,#1384,#1385,#1386,#1387,#1388),
 .UNSPECIFIED.,.F.,.F.,(4,3,3,3,3,4),(0.,0.822127650292227,1.4561231032806,
1.89994924098482,2.09508845737977,2.27656646368123),.UNSPECIFIED.);
#169=B_SPLINE_CURVE_WITH_KNOTS('',3,(#1415,#1416,#1417,#1418,#1419,#1420,
#1421,#1422,#1423,#1424,#1425,#1426,#1427,#1428,#1429,#1430),
 .UNSPECIFIED.,.F.,.F.,(4,3,3,3,3,4),(0.,0.278897619518362,0.600332635032384,
1.0422421662706,1.51099084546053,1.96965092509455),.UNSPECIFIED.);
#170=B_SPLINE_CURVE_WITH_KNOTS('',3,(#1467,#1468,#1469,#1470),
 .UNSPECIFIED.,.F.,.F.,(4,4),(-0.500000000000001,0.2),.UNSPECIFIED.);
#171=B_SPLINE_CURVE_WITH_KNOTS('',3,(#1516,#1517,#1518,#1519),
 .UNSPECIFIED.,.F.,.F.,(4,4),(-0.200000000000001,0.500000000000001),
 .UNSPECIFIED.);
#172=LINE('',#1135,#259);
#173=LINE('',#1137,#260);
#174=LINE('',#1139,#261);
#175=LINE('',#1141,#262);
#176=LINE('',#1148,#263);
#177=LINE('',#1149,#264);
#178=LINE('',#1153,#265);
#179=LINE('',#1155,#266);
#180=LINE('',#1157,#267);
#181=LINE('',#1158,#268);
#182=LINE('',#1162,#269);
#183=LINE('',#1164,#270);
#184=LINE('',#1166,#271);
#185=LINE('',#1168,#272);
#186=LINE('',#1170,#273);
#187=LINE('',#1172,#274);
#188=LINE('',#1173,#275);
#189=LINE('',#1175,#276);
#190=LINE('',#1177,#277);
#191=LINE('',#1179,#278);
#192=LINE('',#1181,#279);
#193=LINE('',#1182,#280);
#194=LINE('',#1185,#281);
#195=LINE('',#1187,#282);
#196=LINE('',#1188,#283);
#197=LINE('',#1191,#284);
#198=LINE('',#1192,#285);
#199=LINE('',#1195,#286);
#200=LINE('',#1196,#287);
#201=LINE('',#1198,#288);
#202=LINE('',#1200,#289);
#203=LINE('',#1201,#290);
#204=LINE('',#1204,#291);
#205=LINE('',#1206,#292);
#206=LINE('',#1207,#293);
#207=LINE('',#1208,#294);
#208=LINE('',#1211,#295);
#209=LINE('',#1212,#296);
#210=LINE('',#1216,#297);
#211=LINE('',#1218,#298);
#212=LINE('',#1220,#299);
#213=LINE('',#1221,#300);
#214=LINE('',#1223,#301);
#215=LINE('',#1224,#302);
#216=LINE('',#1227,#303);
#217=LINE('',#1229,#304);
#218=LINE('',#1230,#305);
#219=LINE('',#1232,#306);
#220=LINE('',#1235,#307);
#221=LINE('',#1236,#308);
#222=LINE('',#1239,#309);
#223=LINE('',#1240,#310);
#224=LINE('',#1243,#311);
#225=LINE('',#1244,#312);
#226=LINE('',#1247,#313);
#227=LINE('',#1248,#314);
#228=LINE('',#1252,#315);
#229=LINE('',#1255,#316);
#230=LINE('',#1258,#317);
#231=LINE('',#1259,#318);
#232=LINE('',#1265,#319);
#233=LINE('',#1273,#320);
#234=LINE('',#1292,#321);
#235=LINE('',#1311,#322);
#236=LINE('',#1317,#323);
#237=LINE('',#1334,#324);
#238=LINE('',#1389,#325);
#239=LINE('',#1431,#326);
#240=LINE('',#1436,#327);
#241=LINE('',#1480,#328);
#242=LINE('',#1482,#329);
#243=LINE('',#1484,#330);
#244=LINE('',#1485,#331);
#245=LINE('',#1523,#332);
#246=LINE('',#1527,#333);
#247=LINE('',#1529,#334);
#248=LINE('',#1530,#335);
#249=LINE('',#1533,#336);
#250=LINE('',#1535,#337);
#251=LINE('',#1536,#338);
#252=LINE('',#1540,#339);
#253=LINE('',#1541,#340);
#254=LINE('',#1547,#341);
#255=LINE('',#1551,#342);
#256=LINE('',#1555,#343);
#257=LINE('',#1559,#344);
#258=LINE('',#1563,#345);
#259=VECTOR('',#926,10.);
#260=VECTOR('',#927,10.);
#261=VECTOR('',#928,10.);
#262=VECTOR('',#929,10.);
#263=VECTOR('',#930,10.);
#264=VECTOR('',#931,10.);
#265=VECTOR('',#934,10.);
#266=VECTOR('',#935,10.);
#267=VECTOR('',#936,10.);
#268=VECTOR('',#937,10.);
#269=VECTOR('',#940,10.);
#270=VECTOR('',#941,10.);
#271=VECTOR('',#942,10.);
#272=VECTOR('',#943,10.);
#273=VECTOR('',#944,10.);
#274=VECTOR('',#945,10.);
#275=VECTOR('',#946,10.);
#276=VECTOR('',#947,10.);
#277=VECTOR('',#948,10.);
#278=VECTOR('',#949,10.);
#279=VECTOR('',#950,10.);
#280=VECTOR('',#951,10.);
#281=VECTOR('',#954,10.);
#282=VECTOR('',#955,10.);
#283=VECTOR('',#956,10.);
#284=VECTOR('',#959,10.);
#285=VECTOR('',#960,10.);
#286=VECTOR('',#963,10.);
#287=VECTOR('',#964,10.);
#288=VECTOR('',#965,10.);
#289=VECTOR('',#966,10.);
#290=VECTOR('',#967,10.);
#291=VECTOR('',#970,10.);
#292=VECTOR('',#971,10.);
#293=VECTOR('',#972,10.);
#294=VECTOR('',#973,10.);
#295=VECTOR('',#976,10.);
#296=VECTOR('',#977,10.);
#297=VECTOR('',#980,10.);
#298=VECTOR('',#981,10.);
#299=VECTOR('',#982,10.);
#300=VECTOR('',#983,10.);
#301=VECTOR('',#986,10.);
#302=VECTOR('',#987,10.);
#303=VECTOR('',#990,10.);
#304=VECTOR('',#991,10.);
#305=VECTOR('',#992,10.);
#306=VECTOR('',#995,10.);
#307=VECTOR('',#998,10.);
#308=VECTOR('',#999,10.);
#309=VECTOR('',#1002,10.);
#310=VECTOR('',#1003,10.);
#311=VECTOR('',#1006,10.);
#312=VECTOR('',#1007,10.);
#313=VECTOR('',#1010,10.);
#314=VECTOR('',#1011,10.);
#315=VECTOR('',#1016,10.);
#316=VECTOR('',#1019,10.);
#317=VECTOR('',#1024,10.);
#318=VECTOR('',#1025,10.);
#319=VECTOR('',#1032,17.5);
#320=VECTOR('',#1043,10.);
#321=VECTOR('',#1044,10.);
#322=VECTOR('',#1047,10.);
#323=VECTOR('',#1048,10.);
#324=VECTOR('',#1051,10.);
#325=VECTOR('',#1052,10.);
#326=VECTOR('',#1053,10.);
#327=VECTOR('',#1058,11.25);
#328=VECTOR('',#1071,10.);
#329=VECTOR('',#1072,10.);
#330=VECTOR('',#1073,10.);
#331=VECTOR('',#1074,10.);
#332=VECTOR('',#1081,10.);
#333=VECTOR('',#1086,10.);
#334=VECTOR('',#1087,10.);
#335=VECTOR('',#1088,10.);
#336=VECTOR('',#1091,10.);
#337=VECTOR('',#1092,10.);
#338=VECTOR('',#1093,10.);
#339=VECTOR('',#1098,10.);
#340=VECTOR('',#1099,10.);
#341=VECTOR('',#1108,1.5);
#342=VECTOR('',#1113,1.5);
#343=VECTOR('',#1118,1.5);
#344=VECTOR('',#1123,1.49999999999999);
#345=VECTOR('',#1128,1.5);
#346=VERTEX_POINT('',#1133);
#347=VERTEX_POINT('',#1134);
#348=VERTEX_POINT('',#1136);
#349=VERTEX_POINT('',#1138);
#350=VERTEX_POINT('',#1140);
#351=VERTEX_POINT('',#1142);
#352=VERTEX_POINT('',#1147);
#353=VERTEX_POINT('',#1151);
#354=VERTEX_POINT('',#1152);
#355=VERTEX_POINT('',#1154);
#356=VERTEX_POINT('',#1156);
#357=VERTEX_POINT('',#1160);
#358=VERTEX_POINT('',#1161);
#359=VERTEX_POINT('',#1163);
#360=VERTEX_POINT('',#1165);
#361=VERTEX_POINT('',#1167);
#362=VERTEX_POINT('',#1169);
#363=VERTEX_POINT('',#1171);
#364=VERTEX_POINT('',#1174);
#365=VERTEX_POINT('',#1176);
#366=VERTEX_POINT('',#1178);
#367=VERTEX_POINT('',#1180);
#368=VERTEX_POINT('',#1184);
#369=VERTEX_POINT('',#1186);
#370=VERTEX_POINT('',#1190);
#371=VERTEX_POINT('',#1194);
#372=VERTEX_POINT('',#1197);
#373=VERTEX_POINT('',#1199);
#374=VERTEX_POINT('',#1203);
#375=VERTEX_POINT('',#1205);
#376=VERTEX_POINT('',#1210);
#377=VERTEX_POINT('',#1214);
#378=VERTEX_POINT('',#1215);
#379=VERTEX_POINT('',#1217);
#380=VERTEX_POINT('',#1219);
#381=VERTEX_POINT('',#1226);
#382=VERTEX_POINT('',#1228);
#383=VERTEX_POINT('',#1234);
#384=VERTEX_POINT('',#1238);
#385=VERTEX_POINT('',#1242);
#386=VERTEX_POINT('',#1246);
#387=VERTEX_POINT('',#1250);
#388=VERTEX_POINT('',#1254);
#389=VERTEX_POINT('',#1262);
#390=VERTEX_POINT('',#1264);
#391=VERTEX_POINT('',#1269);
#392=VERTEX_POINT('',#1272);
#393=VERTEX_POINT('',#1274);
#394=VERTEX_POINT('',#1291);
#395=VERTEX_POINT('',#1310);
#396=VERTEX_POINT('',#1312);
#397=VERTEX_POINT('',#1319);
#398=VERTEX_POINT('',#1333);
#399=VERTEX_POINT('',#1372);
#400=VERTEX_POINT('',#1414);
#401=VERTEX_POINT('',#1433);
#402=VERTEX_POINT('',#1435);
#403=VERTEX_POINT('',#1472);
#404=VERTEX_POINT('',#1474);
#405=VERTEX_POINT('',#1476);
#406=VERTEX_POINT('',#1478);
#407=VERTEX_POINT('',#1479);
#408=VERTEX_POINT('',#1481);
#409=VERTEX_POINT('',#1483);
#410=VERTEX_POINT('',#1486);
#411=VERTEX_POINT('',#1522);
#412=VERTEX_POINT('',#1526);
#413=VERTEX_POINT('',#1528);
#414=VERTEX_POINT('',#1532);
#415=VERTEX_POINT('',#1534);
#416=VERTEX_POINT('',#1537);
#417=VERTEX_POINT('',#1545);
#418=VERTEX_POINT('',#1549);
#419=VERTEX_POINT('',#1553);
#420=VERTEX_POINT('',#1557);
#421=VERTEX_POINT('',#1561);
#422=EDGE_CURVE('',#346,#347,#172,.T.);
#423=EDGE_CURVE('',#348,#346,#173,.T.);
#424=EDGE_CURVE('',#349,#348,#174,.T.);
#425=EDGE_CURVE('',#350,#349,#175,.T.);
#426=EDGE_CURVE('',#351,#350,#162,.T.);
#427=EDGE_CURVE('',#352,#351,#176,.T.);
#428=EDGE_CURVE('',#347,#352,#177,.T.);
#429=EDGE_CURVE('',#353,#354,#178,.T.);
#430=EDGE_CURVE('',#354,#355,#179,.T.);
#431=EDGE_CURVE('',#355,#356,#180,.T.);
#432=EDGE_CURVE('',#356,#353,#181,.T.);
#433=EDGE_CURVE('',#357,#358,#182,.T.);
#434=EDGE_CURVE('',#357,#359,#183,.T.);
#435=EDGE_CURVE('',#360,#359,#184,.T.);
#436=EDGE_CURVE('',#360,#361,#185,.T.);
#437=EDGE_CURVE('',#361,#362,#186,.T.);
#438=EDGE_CURVE('',#363,#362,#187,.T.);
#439=EDGE_CURVE('',#354,#363,#188,.T.);
#440=EDGE_CURVE('',#364,#353,#189,.T.);
#441=EDGE_CURVE('',#365,#364,#190,.T.);
#442=EDGE_CURVE('',#365,#366,#191,.T.);
#443=EDGE_CURVE('',#367,#366,#192,.T.);
#444=EDGE_CURVE('',#358,#367,#193,.T.);
#445=EDGE_CURVE('',#368,#356,#194,.T.);
#446=EDGE_CURVE('',#369,#368,#195,.T.);
#447=EDGE_CURVE('',#364,#369,#196,.T.);
#448=EDGE_CURVE('',#370,#363,#197,.T.);
#449=EDGE_CURVE('',#370,#355,#198,.T.);
#450=EDGE_CURVE('',#371,#370,#199,.T.);
#451=EDGE_CURVE('',#362,#347,#200,.T.);
#452=EDGE_CURVE('',#352,#372,#201,.T.);
#453=EDGE_CURVE('',#372,#373,#202,.T.);
#454=EDGE_CURVE('',#373,#371,#203,.T.);
#455=EDGE_CURVE('',#371,#374,#204,.T.);
#456=EDGE_CURVE('',#373,#375,#205,.T.);
#457=EDGE_CURVE('',#346,#375,#206,.T.);
#458=EDGE_CURVE('',#361,#374,#207,.T.);
#459=EDGE_CURVE('',#375,#376,#208,.T.);
#460=EDGE_CURVE('',#376,#348,#209,.T.);
#461=EDGE_CURVE('',#377,#378,#210,.T.);
#462=EDGE_CURVE('',#378,#379,#211,.T.);
#463=EDGE_CURVE('',#379,#380,#212,.T.);
#464=EDGE_CURVE('',#380,#377,#213,.T.);
#465=EDGE_CURVE('',#377,#360,#214,.T.);
#466=EDGE_CURVE('',#359,#378,#215,.T.);
#467=EDGE_CURVE('',#378,#381,#216,.T.);
#468=EDGE_CURVE('',#382,#381,#217,.T.);
#469=EDGE_CURVE('',#379,#382,#218,.T.);
#470=EDGE_CURVE('',#381,#357,#219,.T.);
#471=EDGE_CURVE('',#369,#383,#220,.T.);
#472=EDGE_CURVE('',#383,#365,#221,.T.);
#473=EDGE_CURVE('',#368,#384,#222,.T.);
#474=EDGE_CURVE('',#384,#383,#223,.T.);
#475=EDGE_CURVE('',#385,#383,#224,.T.);
#476=EDGE_CURVE('',#366,#385,#225,.T.);
#477=EDGE_CURVE('',#386,#384,#226,.T.);
#478=EDGE_CURVE('',#385,#386,#227,.T.);
#479=EDGE_CURVE('',#387,#358,#40,.T.);
#480=EDGE_CURVE('',#387,#382,#228,.T.);
#481=EDGE_CURVE('',#386,#388,#229,.T.);
#482=EDGE_CURVE('',#367,#388,#41,.T.);
#483=EDGE_CURVE('',#388,#387,#230,.T.);
#484=EDGE_CURVE('',#374,#380,#231,.T.);
#485=EDGE_CURVE('',#389,#389,#42,.T.);
#486=EDGE_CURVE('',#389,#390,#232,.T.);
#487=EDGE_CURVE('',#358,#390,#43,.T.);
#488=EDGE_CURVE('',#390,#387,#44,.T.);
#489=EDGE_CURVE('',#391,#391,#45,.T.);
#490=EDGE_CURVE('',#376,#392,#233,.T.);
#491=EDGE_CURVE('',#392,#393,#163,.F.);
#492=EDGE_CURVE('',#393,#394,#234,.T.);
#493=EDGE_CURVE('',#394,#349,#164,.F.);
#494=EDGE_CURVE('',#395,#372,#235,.T.);
#495=EDGE_CURVE('',#396,#395,#165,.T.);
#496=EDGE_CURVE('',#396,#392,#236,.T.);
#497=EDGE_CURVE('',#397,#351,#166,.T.);
#498=EDGE_CURVE('',#397,#398,#237,.T.);
#499=EDGE_CURVE('',#395,#398,#167,.T.);
#500=EDGE_CURVE('',#350,#399,#168,.T.);
#501=EDGE_CURVE('',#399,#394,#238,.T.);
#502=EDGE_CURVE('',#400,#396,#169,.T.);
#503=EDGE_CURVE('',#400,#393,#239,.T.);
#504=EDGE_CURVE('',#401,#401,#46,.T.);
#505=EDGE_CURVE('',#401,#402,#240,.T.);
#506=EDGE_CURVE('',#402,#402,#47,.T.);
#507=EDGE_CURVE('',#399,#397,#170,.T.);
#508=EDGE_CURVE('',#403,#403,#48,.T.);
#509=EDGE_CURVE('',#404,#404,#49,.T.);
#510=EDGE_CURVE('',#405,#405,#50,.T.);
#511=EDGE_CURVE('',#406,#407,#241,.T.);
#512=EDGE_CURVE('',#406,#408,#242,.T.);
#513=EDGE_CURVE('',#409,#408,#243,.T.);
#514=EDGE_CURVE('',#407,#409,#244,.T.);
#515=EDGE_CURVE('',#410,#410,#51,.T.);
#516=EDGE_CURVE('',#398,#400,#171,.T.);
#517=EDGE_CURVE('',#391,#411,#245,.T.);
#518=EDGE_CURVE('',#411,#411,#52,.T.);
#519=EDGE_CURVE('',#407,#412,#246,.T.);
#520=EDGE_CURVE('',#412,#413,#247,.T.);
#521=EDGE_CURVE('',#413,#406,#248,.T.);
#522=EDGE_CURVE('',#414,#412,#249,.T.);
#523=EDGE_CURVE('',#415,#414,#250,.T.);
#524=EDGE_CURVE('',#413,#415,#251,.T.);
#525=EDGE_CURVE('',#416,#416,#53,.T.);
#526=EDGE_CURVE('',#415,#408,#252,.T.);
#527=EDGE_CURVE('',#409,#414,#253,.T.);
#528=EDGE_CURVE('',#417,#417,#54,.T.);
#529=EDGE_CURVE('',#417,#403,#254,.T.);
#530=EDGE_CURVE('',#418,#418,#55,.T.);
#531=EDGE_CURVE('',#418,#404,#255,.T.);
#532=EDGE_CURVE('',#419,#419,#56,.T.);
#533=EDGE_CURVE('',#419,#416,#256,.T.);
#534=EDGE_CURVE('',#420,#420,#57,.T.);
#535=EDGE_CURVE('',#420,#405,#257,.T.);
#536=EDGE_CURVE('',#421,#421,#58,.T.);
#537=EDGE_CURVE('',#421,#410,#258,.T.);
#538=ORIENTED_EDGE('',*,*,#422,.F.);
#539=ORIENTED_EDGE('',*,*,#423,.F.);
#540=ORIENTED_EDGE('',*,*,#424,.F.);
#541=ORIENTED_EDGE('',*,*,#425,.F.);
#542=ORIENTED_EDGE('',*,*,#426,.F.);
#543=ORIENTED_EDGE('',*,*,#427,.F.);
#544=ORIENTED_EDGE('',*,*,#428,.F.);
#545=ORIENTED_EDGE('',*,*,#429,.T.);
#546=ORIENTED_EDGE('',*,*,#430,.T.);
#547=ORIENTED_EDGE('',*,*,#431,.T.);
#548=ORIENTED_EDGE('',*,*,#432,.T.);
#549=ORIENTED_EDGE('',*,*,#433,.F.);
#550=ORIENTED_EDGE('',*,*,#434,.T.);
#551=ORIENTED_EDGE('',*,*,#435,.F.);
#552=ORIENTED_EDGE('',*,*,#436,.T.);
#553=ORIENTED_EDGE('',*,*,#437,.T.);
#554=ORIENTED_EDGE('',*,*,#438,.F.);
#555=ORIENTED_EDGE('',*,*,#439,.F.);
#556=ORIENTED_EDGE('',*,*,#429,.F.);
#557=ORIENTED_EDGE('',*,*,#440,.F.);
#558=ORIENTED_EDGE('',*,*,#441,.F.);
#559=ORIENTED_EDGE('',*,*,#442,.T.);
#560=ORIENTED_EDGE('',*,*,#443,.F.);
#561=ORIENTED_EDGE('',*,*,#444,.F.);
#562=ORIENTED_EDGE('',*,*,#432,.F.);
#563=ORIENTED_EDGE('',*,*,#445,.F.);
#564=ORIENTED_EDGE('',*,*,#446,.F.);
#565=ORIENTED_EDGE('',*,*,#447,.F.);
#566=ORIENTED_EDGE('',*,*,#440,.T.);
#567=ORIENTED_EDGE('',*,*,#430,.F.);
#568=ORIENTED_EDGE('',*,*,#439,.T.);
#569=ORIENTED_EDGE('',*,*,#448,.F.);
#570=ORIENTED_EDGE('',*,*,#449,.T.);
#571=ORIENTED_EDGE('',*,*,#450,.T.);
#572=ORIENTED_EDGE('',*,*,#448,.T.);
#573=ORIENTED_EDGE('',*,*,#438,.T.);
#574=ORIENTED_EDGE('',*,*,#451,.T.);
#575=ORIENTED_EDGE('',*,*,#428,.T.);
#576=ORIENTED_EDGE('',*,*,#452,.T.);
#577=ORIENTED_EDGE('',*,*,#453,.T.);
#578=ORIENTED_EDGE('',*,*,#454,.T.);
#579=ORIENTED_EDGE('',*,*,#455,.F.);
#580=ORIENTED_EDGE('',*,*,#454,.F.);
#581=ORIENTED_EDGE('',*,*,#456,.T.);
#582=ORIENTED_EDGE('',*,*,#457,.F.);
#583=ORIENTED_EDGE('',*,*,#422,.T.);
#584=ORIENTED_EDGE('',*,*,#451,.F.);
#585=ORIENTED_EDGE('',*,*,#437,.F.);
#586=ORIENTED_EDGE('',*,*,#458,.T.);
#587=ORIENTED_EDGE('',*,*,#423,.T.);
#588=ORIENTED_EDGE('',*,*,#457,.T.);
#589=ORIENTED_EDGE('',*,*,#459,.T.);
#590=ORIENTED_EDGE('',*,*,#460,.T.);
#591=ORIENTED_EDGE('',*,*,#461,.T.);
#592=ORIENTED_EDGE('',*,*,#462,.T.);
#593=ORIENTED_EDGE('',*,*,#463,.T.);
#594=ORIENTED_EDGE('',*,*,#464,.T.);
#595=ORIENTED_EDGE('',*,*,#461,.F.);
#596=ORIENTED_EDGE('',*,*,#465,.T.);
#597=ORIENTED_EDGE('',*,*,#435,.T.);
#598=ORIENTED_EDGE('',*,*,#466,.T.);
#599=ORIENTED_EDGE('',*,*,#462,.F.);
#600=ORIENTED_EDGE('',*,*,#467,.T.);
#601=ORIENTED_EDGE('',*,*,#468,.F.);
#602=ORIENTED_EDGE('',*,*,#469,.F.);
#603=ORIENTED_EDGE('',*,*,#466,.F.);
#604=ORIENTED_EDGE('',*,*,#434,.F.);
#605=ORIENTED_EDGE('',*,*,#470,.F.);
#606=ORIENTED_EDGE('',*,*,#467,.F.);
#607=ORIENTED_EDGE('',*,*,#471,.T.);
#608=ORIENTED_EDGE('',*,*,#472,.T.);
#609=ORIENTED_EDGE('',*,*,#441,.T.);
#610=ORIENTED_EDGE('',*,*,#447,.T.);
#611=ORIENTED_EDGE('',*,*,#471,.F.);
#612=ORIENTED_EDGE('',*,*,#446,.T.);
#613=ORIENTED_EDGE('',*,*,#473,.T.);
#614=ORIENTED_EDGE('',*,*,#474,.T.);
#615=ORIENTED_EDGE('',*,*,#472,.F.);
#616=ORIENTED_EDGE('',*,*,#475,.F.);
#617=ORIENTED_EDGE('',*,*,#476,.F.);
#618=ORIENTED_EDGE('',*,*,#442,.F.);
#619=ORIENTED_EDGE('',*,*,#474,.F.);
#620=ORIENTED_EDGE('',*,*,#477,.F.);
#621=ORIENTED_EDGE('',*,*,#478,.F.);
#622=ORIENTED_EDGE('',*,*,#475,.T.);
#623=ORIENTED_EDGE('',*,*,#433,.T.);
#624=ORIENTED_EDGE('',*,*,#479,.F.);
#625=ORIENTED_EDGE('',*,*,#480,.T.);
#626=ORIENTED_EDGE('',*,*,#468,.T.);
#627=ORIENTED_EDGE('',*,*,#470,.T.);
#628=ORIENTED_EDGE('',*,*,#443,.T.);
#629=ORIENTED_EDGE('',*,*,#476,.T.);
#630=ORIENTED_EDGE('',*,*,#478,.T.);
#631=ORIENTED_EDGE('',*,*,#481,.T.);
#632=ORIENTED_EDGE('',*,*,#482,.F.);
#633=ORIENTED_EDGE('',*,*,#483,.F.);
#634=ORIENTED_EDGE('',*,*,#481,.F.);
#635=ORIENTED_EDGE('',*,*,#477,.T.);
#636=ORIENTED_EDGE('',*,*,#473,.F.);
#637=ORIENTED_EDGE('',*,*,#445,.T.);
#638=ORIENTED_EDGE('',*,*,#431,.F.);
#639=ORIENTED_EDGE('',*,*,#449,.F.);
#640=ORIENTED_EDGE('',*,*,#450,.F.);
#641=ORIENTED_EDGE('',*,*,#455,.T.);
#642=ORIENTED_EDGE('',*,*,#484,.T.);
#643=ORIENTED_EDGE('',*,*,#463,.F.);
#644=ORIENTED_EDGE('',*,*,#469,.T.);
#645=ORIENTED_EDGE('',*,*,#480,.F.);
#646=ORIENTED_EDGE('',*,*,#464,.F.);
#647=ORIENTED_EDGE('',*,*,#484,.F.);
#648=ORIENTED_EDGE('',*,*,#458,.F.);
#649=ORIENTED_EDGE('',*,*,#436,.F.);
#650=ORIENTED_EDGE('',*,*,#465,.F.);
#651=ORIENTED_EDGE('',*,*,#485,.F.);
#652=ORIENTED_EDGE('',*,*,#486,.T.);
#653=ORIENTED_EDGE('',*,*,#487,.F.);
#654=ORIENTED_EDGE('',*,*,#444,.T.);
#655=ORIENTED_EDGE('',*,*,#482,.T.);
#656=ORIENTED_EDGE('',*,*,#483,.T.);
#657=ORIENTED_EDGE('',*,*,#488,.F.);
#658=ORIENTED_EDGE('',*,*,#486,.F.);
#659=ORIENTED_EDGE('',*,*,#479,.T.);
#660=ORIENTED_EDGE('',*,*,#487,.T.);
#661=ORIENTED_EDGE('',*,*,#488,.T.);
#662=ORIENTED_EDGE('',*,*,#489,.T.);
#663=ORIENTED_EDGE('',*,*,#460,.F.);
#664=ORIENTED_EDGE('',*,*,#490,.T.);
#665=ORIENTED_EDGE('',*,*,#491,.T.);
#666=ORIENTED_EDGE('',*,*,#492,.T.);
#667=ORIENTED_EDGE('',*,*,#493,.T.);
#668=ORIENTED_EDGE('',*,*,#424,.T.);
#669=ORIENTED_EDGE('',*,*,#456,.F.);
#670=ORIENTED_EDGE('',*,*,#453,.F.);
#671=ORIENTED_EDGE('',*,*,#494,.F.);
#672=ORIENTED_EDGE('',*,*,#495,.F.);
#673=ORIENTED_EDGE('',*,*,#496,.T.);
#674=ORIENTED_EDGE('',*,*,#490,.F.);
#675=ORIENTED_EDGE('',*,*,#459,.F.);
#676=ORIENTED_EDGE('',*,*,#452,.F.);
#677=ORIENTED_EDGE('',*,*,#427,.T.);
#678=ORIENTED_EDGE('',*,*,#497,.F.);
#679=ORIENTED_EDGE('',*,*,#498,.T.);
#680=ORIENTED_EDGE('',*,*,#499,.F.);
#681=ORIENTED_EDGE('',*,*,#494,.T.);
#682=ORIENTED_EDGE('',*,*,#500,.F.);
#683=ORIENTED_EDGE('',*,*,#425,.T.);
#684=ORIENTED_EDGE('',*,*,#493,.F.);
#685=ORIENTED_EDGE('',*,*,#501,.F.);
#686=ORIENTED_EDGE('',*,*,#502,.F.);
#687=ORIENTED_EDGE('',*,*,#503,.T.);
#688=ORIENTED_EDGE('',*,*,#491,.F.);
#689=ORIENTED_EDGE('',*,*,#496,.F.);
#690=ORIENTED_EDGE('',*,*,#504,.F.);
#691=ORIENTED_EDGE('',*,*,#505,.T.);
#692=ORIENTED_EDGE('',*,*,#506,.F.);
#693=ORIENTED_EDGE('',*,*,#505,.F.);
#694=ORIENTED_EDGE('',*,*,#485,.T.);
#695=ORIENTED_EDGE('',*,*,#504,.T.);
#696=ORIENTED_EDGE('',*,*,#500,.T.);
#697=ORIENTED_EDGE('',*,*,#507,.T.);
#698=ORIENTED_EDGE('',*,*,#497,.T.);
#699=ORIENTED_EDGE('',*,*,#426,.T.);
#700=ORIENTED_EDGE('',*,*,#506,.T.);
#701=ORIENTED_EDGE('',*,*,#508,.F.);
#702=ORIENTED_EDGE('',*,*,#509,.F.);
#703=ORIENTED_EDGE('',*,*,#510,.F.);
#704=ORIENTED_EDGE('',*,*,#511,.F.);
#705=ORIENTED_EDGE('',*,*,#512,.T.);
#706=ORIENTED_EDGE('',*,*,#513,.F.);
#707=ORIENTED_EDGE('',*,*,#514,.F.);
#708=ORIENTED_EDGE('',*,*,#515,.F.);
#709=ORIENTED_EDGE('',*,*,#499,.T.);
#710=ORIENTED_EDGE('',*,*,#516,.T.);
#711=ORIENTED_EDGE('',*,*,#502,.T.);
#712=ORIENTED_EDGE('',*,*,#495,.T.);
#713=ORIENTED_EDGE('',*,*,#507,.F.);
#714=ORIENTED_EDGE('',*,*,#501,.T.);
#715=ORIENTED_EDGE('',*,*,#492,.F.);
#716=ORIENTED_EDGE('',*,*,#503,.F.);
#717=ORIENTED_EDGE('',*,*,#516,.F.);
#718=ORIENTED_EDGE('',*,*,#498,.F.);
#719=ORIENTED_EDGE('',*,*,#489,.F.);
#720=ORIENTED_EDGE('',*,*,#517,.T.);
#721=ORIENTED_EDGE('',*,*,#518,.T.);
#722=ORIENTED_EDGE('',*,*,#517,.F.);
#723=ORIENTED_EDGE('',*,*,#519,.T.);
#724=ORIENTED_EDGE('',*,*,#520,.T.);
#725=ORIENTED_EDGE('',*,*,#521,.T.);
#726=ORIENTED_EDGE('',*,*,#511,.T.);
#727=ORIENTED_EDGE('',*,*,#520,.F.);
#728=ORIENTED_EDGE('',*,*,#522,.F.);
#729=ORIENTED_EDGE('',*,*,#523,.F.);
#730=ORIENTED_EDGE('',*,*,#524,.F.);
#731=ORIENTED_EDGE('',*,*,#525,.T.);
#732=ORIENTED_EDGE('',*,*,#526,.F.);
#733=ORIENTED_EDGE('',*,*,#523,.T.);
#734=ORIENTED_EDGE('',*,*,#527,.F.);
#735=ORIENTED_EDGE('',*,*,#513,.T.);
#736=ORIENTED_EDGE('',*,*,#521,.F.);
#737=ORIENTED_EDGE('',*,*,#524,.T.);
#738=ORIENTED_EDGE('',*,*,#526,.T.);
#739=ORIENTED_EDGE('',*,*,#512,.F.);
#740=ORIENTED_EDGE('',*,*,#519,.F.);
#741=ORIENTED_EDGE('',*,*,#514,.T.);
#742=ORIENTED_EDGE('',*,*,#527,.T.);
#743=ORIENTED_EDGE('',*,*,#522,.T.);
#744=ORIENTED_EDGE('',*,*,#528,.T.);
#745=ORIENTED_EDGE('',*,*,#529,.T.);
#746=ORIENTED_EDGE('',*,*,#508,.T.);
#747=ORIENTED_EDGE('',*,*,#529,.F.);
#748=ORIENTED_EDGE('',*,*,#530,.T.);
#749=ORIENTED_EDGE('',*,*,#531,.T.);
#750=ORIENTED_EDGE('',*,*,#509,.T.);
#751=ORIENTED_EDGE('',*,*,#531,.F.);
#752=ORIENTED_EDGE('',*,*,#532,.T.);
#753=ORIENTED_EDGE('',*,*,#533,.T.);
#754=ORIENTED_EDGE('',*,*,#525,.F.);
#755=ORIENTED_EDGE('',*,*,#533,.F.);
#756=ORIENTED_EDGE('',*,*,#534,.T.);
#757=ORIENTED_EDGE('',*,*,#535,.T.);
#758=ORIENTED_EDGE('',*,*,#510,.T.);
#759=ORIENTED_EDGE('',*,*,#535,.F.);
#760=ORIENTED_EDGE('',*,*,#536,.T.);
#761=ORIENTED_EDGE('',*,*,#537,.T.);
#762=ORIENTED_EDGE('',*,*,#515,.T.);
#763=ORIENTED_EDGE('',*,*,#537,.F.);
#764=ORIENTED_EDGE('',*,*,#518,.F.);
#765=ORIENTED_EDGE('',*,*,#536,.F.);
#766=ORIENTED_EDGE('',*,*,#530,.F.);
#767=ORIENTED_EDGE('',*,*,#534,.F.);
#768=ORIENTED_EDGE('',*,*,#528,.F.);
#769=ORIENTED_EDGE('',*,*,#532,.F.);
#770=PLANE('',#862);
#771=PLANE('',#863);
#772=PLANE('',#864);
#773=PLANE('',#865);
#774=PLANE('',#866);
#775=PLANE('',#867);
#776=PLANE('',#868);
#777=PLANE('',#869);
#778=PLANE('',#870);
#779=PLANE('',#871);
#780=PLANE('',#872);
#781=PLANE('',#873);
#782=PLANE('',#874);
#783=PLANE('',#875);
#784=PLANE('',#876);
#785=PLANE('',#877);
#786=PLANE('',#878);
#787=PLANE('',#880);
#788=PLANE('',#882);
#789=PLANE('',#883);
#790=PLANE('',#888);
#791=PLANE('',#890);
#792=PLANE('',#891);
#793=PLANE('',#892);
#794=PLANE('',#896);
#795=PLANE('',#897);
#796=PLANE('',#902);
#797=PLANE('',#905);
#798=PLANE('',#906);
#799=PLANE('',#908);
#800=PLANE('',#909);
#801=PLANE('',#910);
#802=PLANE('',#921);
#803=ADVANCED_FACE('',(#59),#770,.F.);
#804=ADVANCED_FACE('',(#60),#771,.T.);
#805=ADVANCED_FACE('',(#61),#772,.F.);
#806=ADVANCED_FACE('',(#62),#773,.T.);
#807=ADVANCED_FACE('',(#63),#774,.T.);
#808=ADVANCED_FACE('',(#64),#775,.T.);
#809=ADVANCED_FACE('',(#65),#776,.T.);
#810=ADVANCED_FACE('',(#66),#777,.T.);
#811=ADVANCED_FACE('',(#67),#778,.T.);
#812=ADVANCED_FACE('',(#68),#779,.T.);
#813=ADVANCED_FACE('',(#69),#780,.T.);
#814=ADVANCED_FACE('',(#70),#781,.T.);
#815=ADVANCED_FACE('',(#71),#782,.T.);
#816=ADVANCED_FACE('',(#72),#783,.T.);
#817=ADVANCED_FACE('',(#73),#784,.T.);
#818=ADVANCED_FACE('',(#74),#785,.T.);
#819=ADVANCED_FACE('',(#75),#786,.T.);
#820=ADVANCED_FACE('',(#76),#787,.F.);
#821=ADVANCED_FACE('',(#77),#788,.T.);
#822=ADVANCED_FACE('',(#78),#789,.F.);
#823=ADVANCED_FACE('',(#79),#32,.T.);
#824=ADVANCED_FACE('',(#80,#19),#790,.F.);
#825=ADVANCED_FACE('',(#81),#791,.F.);
#826=ADVANCED_FACE('',(#82),#792,.F.);
#827=ADVANCED_FACE('',(#83),#793,.T.);
#828=ADVANCED_FACE('',(#84),#15,.T.);
#829=ADVANCED_FACE('',(#85),#16,.T.);
#830=ADVANCED_FACE('',(#86),#33,.F.);
#831=ADVANCED_FACE('',(#87,#20),#794,.F.);
#832=ADVANCED_FACE('',(#88),#17,.T.);
#833=ADVANCED_FACE('',(#89,#21,#22,#23,#24,#25),#795,.T.);
#834=ADVANCED_FACE('',(#90),#18,.T.);
#835=ADVANCED_FACE('',(#91),#796,.T.);
#836=ADVANCED_FACE('',(#92),#34,.F.);
#837=ADVANCED_FACE('',(#93),#797,.F.);
#838=ADVANCED_FACE('',(#94,#26),#798,.T.);
#839=ADVANCED_FACE('',(#95),#799,.F.);
#840=ADVANCED_FACE('',(#96),#800,.F.);
#841=ADVANCED_FACE('',(#97),#801,.F.);
#842=ADVANCED_FACE('',(#98),#35,.F.);
#843=ADVANCED_FACE('',(#99),#36,.F.);
#844=ADVANCED_FACE('',(#100),#37,.F.);
#845=ADVANCED_FACE('',(#101),#38,.F.);
#846=ADVANCED_FACE('',(#102),#39,.F.);
#847=ADVANCED_FACE('',(#103,#27,#28,#29,#30,#31),#802,.F.);
#848=CLOSED_SHELL('',(#803,#804,#805,#806,#807,#808,#809,#810,#811,#812,
#813,#814,#815,#816,#817,#818,#819,#820,#821,#822,#823,#824,#825,#826,#827,
#828,#829,#830,#831,#832,#833,#834,#835,#836,#837,#838,#839,#840,#841,#842,
#843,#844,#845,#846,#847));
#849=DERIVED_UNIT_ELEMENT(#851,1.);
#850=DERIVED_UNIT_ELEMENT(#1570,-3.);
#851=(
MASS_UNIT()
NAMED_UNIT(*)
SI_UNIT(.KILO.,.GRAM.)
);
#852=DERIVED_UNIT((#849,#850));
#853=MEASURE_REPRESENTATION_ITEM('density measure',
POSITIVE_RATIO_MEASURE(7850.),#852);
#854=PROPERTY_DEFINITION_REPRESENTATION(#859,#856);
#855=PROPERTY_DEFINITION_REPRESENTATION(#860,#857);
#856=REPRESENTATION('material name',(#858),#1567);
#857=REPRESENTATION('density',(#853),#1567);
#858=DESCRIPTIVE_REPRESENTATION_ITEM('Steel','Steel');
#859=PROPERTY_DEFINITION('material property','material name',#1577);
#860=PROPERTY_DEFINITION('material property','density of part',#1577);
#861=AXIS2_PLACEMENT_3D('',#1131,#922,#923);
#862=AXIS2_PLACEMENT_3D('',#1132,#924,#925);
#863=AXIS2_PLACEMENT_3D('',#1150,#932,#933);
#864=AXIS2_PLACEMENT_3D('',#1159,#938,#939);
#865=AXIS2_PLACEMENT_3D('',#1183,#952,#953);
#866=AXIS2_PLACEMENT_3D('',#1189,#957,#958);
#867=AXIS2_PLACEMENT_3D('',#1193,#961,#962);
#868=AXIS2_PLACEMENT_3D('',#1202,#968,#969);
#869=AXIS2_PLACEMENT_3D('',#1209,#974,#975);
#870=AXIS2_PLACEMENT_3D('',#1213,#978,#979);
#871=AXIS2_PLACEMENT_3D('',#1222,#984,#985);
#872=AXIS2_PLACEMENT_3D('',#1225,#988,#989);
#873=AXIS2_PLACEMENT_3D('',#1231,#993,#994);
#874=AXIS2_PLACEMENT_3D('',#1233,#996,#997);
#875=AXIS2_PLACEMENT_3D('',#1237,#1000,#1001);
#876=AXIS2_PLACEMENT_3D('',#1241,#1004,#1005);
#877=AXIS2_PLACEMENT_3D('',#1245,#1008,#1009);
#878=AXIS2_PLACEMENT_3D('',#1249,#1012,#1013);
#879=AXIS2_PLACEMENT_3D('',#1251,#1014,#1015);
#880=AXIS2_PLACEMENT_3D('',#1253,#1017,#1018);
#881=AXIS2_PLACEMENT_3D('',#1256,#1020,#1021);
#882=AXIS2_PLACEMENT_3D('',#1257,#1022,#1023);
#883=AXIS2_PLACEMENT_3D('',#1260,#1026,#1027);
#884=AXIS2_PLACEMENT_3D('',#1261,#1028,#1029);
#885=AXIS2_PLACEMENT_3D('',#1263,#1030,#1031);
#886=AXIS2_PLACEMENT_3D('',#1266,#1033,#1034);
#887=AXIS2_PLACEMENT_3D('',#1267,#1035,#1036);
#888=AXIS2_PLACEMENT_3D('',#1268,#1037,#1038);
#889=AXIS2_PLACEMENT_3D('',#1270,#1039,#1040);
#890=AXIS2_PLACEMENT_3D('',#1271,#1041,#1042);
#891=AXIS2_PLACEMENT_3D('',#1309,#1045,#1046);
#892=AXIS2_PLACEMENT_3D('',#1318,#1049,#1050);
#893=AXIS2_PLACEMENT_3D('',#1432,#1054,#1055);
#894=AXIS2_PLACEMENT_3D('',#1434,#1056,#1057);
#895=AXIS2_PLACEMENT_3D('',#1437,#1059,#1060);
#896=AXIS2_PLACEMENT_3D('',#1438,#1061,#1062);
#897=AXIS2_PLACEMENT_3D('',#1471,#1063,#1064);
#898=AXIS2_PLACEMENT_3D('',#1473,#1065,#1066);
#899=AXIS2_PLACEMENT_3D('',#1475,#1067,#1068);
#900=AXIS2_PLACEMENT_3D('',#1477,#1069,#1070);
#901=AXIS2_PLACEMENT_3D('',#1487,#1075,#1076);
#902=AXIS2_PLACEMENT_3D('',#1520,#1077,#1078);
#903=AXIS2_PLACEMENT_3D('',#1521,#1079,#1080);
#904=AXIS2_PLACEMENT_3D('',#1524,#1082,#1083);
#905=AXIS2_PLACEMENT_3D('',#1525,#1084,#1085);
#906=AXIS2_PLACEMENT_3D('',#1531,#1089,#1090);
#907=AXIS2_PLACEMENT_3D('',#1538,#1094,#1095);
#908=AXIS2_PLACEMENT_3D('',#1539,#1096,#1097);
#909=AXIS2_PLACEMENT_3D('',#1542,#1100,#1101);
#910=AXIS2_PLACEMENT_3D('',#1543,#1102,#1103);
#911=AXIS2_PLACEMENT_3D('',#1544,#1104,#1105);
#912=AXIS2_PLACEMENT_3D('',#1546,#1106,#1107);
#913=AXIS2_PLACEMENT_3D('',#1548,#1109,#1110);
#914=AXIS2_PLACEMENT_3D('',#1550,#1111,#1112);
#915=AXIS2_PLACEMENT_3D('',#1552,#1114,#1115);
#916=AXIS2_PLACEMENT_3D('',#1554,#1116,#1117);
#917=AXIS2_PLACEMENT_3D('',#1556,#1119,#1120);
#918=AXIS2_PLACEMENT_3D('',#1558,#1121,#1122);
#919=AXIS2_PLACEMENT_3D('',#1560,#1124,#1125);
#920=AXIS2_PLACEMENT_3D('',#1562,#1126,#1127);
#921=AXIS2_PLACEMENT_3D('',#1564,#1129,#1130);
#922=DIRECTION('axis',(0.,0.,1.));
#923=DIRECTION('refdir',(1.,0.,0.));
#924=DIRECTION('center_axis',(0.90630778703665,0.422618261740699,2.18422558216097E-16));
#925=DIRECTION('ref_axis',(3.69173867810424E-17,4.37662211608075E-16,-1.));
#926=DIRECTION('',(-1.80573283103678E-16,-1.29591147772179E-16,1.));
#927=DIRECTION('',(-0.418370734222167,0.897198934878104,0.14142135623731));
#928=DIRECTION('',(-0.422618261740699,0.90630778703665,3.81054708642667E-16));
#929=DIRECTION('',(-1.22464679914735E-16,-1.17177750949987E-17,-1.));
#930=DIRECTION('',(0.422618261740699,-0.90630778703665,-3.81054708642667E-16));
#931=DIRECTION('',(0.418370734222167,-0.897198934878104,0.14142135623731));
#932=DIRECTION('center_axis',(0.0828822601314026,-0.177741580439265,0.980580675690921));
#933=DIRECTION('ref_axis',(0.996446902957048,-9.86910057544837E-19,-0.0842233316089213));
#934=DIRECTION('',(0.414411300657018,-0.888707902196341,-0.196116135138181));
#935=DIRECTION('',(0.906307787036649,0.422618261740701,-1.15942838785792E-16));
#936=DIRECTION('',(-0.414411300657018,0.888707902196341,0.196116135138181));
#937=DIRECTION('',(-0.906307787036649,-0.422618261740701,1.15942838785792E-16));
#938=DIRECTION('center_axis',(0.90630778703665,0.4226182617407,-1.15942838785792E-16));
#939=DIRECTION('ref_axis',(-1.22464679914735E-16,-1.17177750949987E-17,
-1.));
#940=DIRECTION('',(-0.4226182617407,0.906307787036649,4.11358993348552E-17));
#941=DIRECTION('',(1.22464679914735E-16,1.17177750949987E-17,1.));
#942=DIRECTION('',(-0.390259192096833,0.836913538244126,-0.383762286432142));
#943=DIRECTION('',(0.4226182617407,-0.906307787036649,-4.11358993348552E-17));
#944=DIRECTION('',(1.22464679914735E-16,1.17177750949987E-17,1.));
#945=DIRECTION('',(-0.41837073422217,0.897198934878103,-0.14142135623731));
#946=DIRECTION('',(-1.22464679914735E-16,-1.17177750949987E-17,-1.));
#947=DIRECTION('',(0.4226182617407,-0.906307787036649,-4.11358993348552E-17));
#948=DIRECTION('',(0.378980817585014,-0.812726986051432,-0.442547608790682));
#949=DIRECTION('',(1.22464679914735E-16,1.17177750949987E-17,1.));
#950=DIRECTION('',(0.422618261740699,-0.90630778703665,-4.11358993348551E-17));
#951=DIRECTION('',(-1.02908696233666E-16,-5.82040034692053E-16,1.));
#952=DIRECTION('center_axis',(1.22464679914735E-16,1.17177750949987E-17,
1.));
#953=DIRECTION('ref_axis',(1.,3.33339847926818E-34,-1.22464679914735E-16));
#954=DIRECTION('',(0.422618261740701,-0.906307787036649,-4.11358993348554E-17));
#955=DIRECTION('',(0.908132723468267,0.41868240536964,-1.16120209561993E-16));
#956=DIRECTION('',(0.905073088590897,0.425256045587285,-1.15822540793705E-16));
#957=DIRECTION('center_axis',(0.422618261740701,-0.906307787036649,-4.11358993348554E-17));
#958=DIRECTION('ref_axis',(1.22464679914735E-16,1.17177750949987E-17,1.));
#959=DIRECTION('',(-0.906307787036649,-0.422618261740701,1.5799888678625E-16));
#960=DIRECTION('',(1.22464679914735E-16,1.17177750949987E-17,1.));
#961=DIRECTION('center_axis',(-0.0597672477460243,0.128171276411158,0.989949493661166));
#962=DIRECTION('ref_axis',(0.998182455044771,7.0616357065796E-19,0.060264304864441));
#963=DIRECTION('',(0.41837073422217,-0.897198934878103,0.14142135623731));
#964=DIRECTION('',(-0.906307787036649,-0.4226182617407,3.62204670893339E-18));
#965=DIRECTION('',(0.906307787036649,0.4226182617407,-3.62204670893339E-18));
#966=DIRECTION('',(-0.418370734222167,0.897198934878104,-0.14142135623731));
#967=DIRECTION('',(-0.906307787036649,-0.4226182617407,3.62204670893339E-18));
#968=DIRECTION('center_axis',(-0.4226182617407,0.90630778703665,4.11358993348552E-17));
#969=DIRECTION('ref_axis',(-1.22464679914735E-16,-1.17177750949987E-17,
-1.));
#970=DIRECTION('',(-1.22464679914735E-16,-1.17177750949987E-17,-1.));
#971=DIRECTION('',(1.80573283103678E-16,1.29591147772179E-16,-1.));
#972=DIRECTION('',(0.906307787036649,0.4226182617407,2.18422558216098E-16));
#973=DIRECTION('',(0.90630778703665,0.4226182617407,-1.15942838785792E-16));
#974=DIRECTION('center_axis',(-0.059767247746024,0.128171276411158,-0.989949493661167));
#975=DIRECTION('ref_axis',(-0.998182455044771,7.06163570657953E-19,0.0602643048644407));
#976=DIRECTION('',(0.418370734222167,-0.897198934878104,-0.14142135623731));
#977=DIRECTION('',(-0.906307787036649,-0.4226182617407,-2.18422558216098E-16));
#978=DIRECTION('center_axis',(0.16067509826721,-0.348508350748846,-0.923431341386647));
#979=DIRECTION('ref_axis',(-0.985197641979203,-2.0086880021443E-18,-0.171422303795678));
#980=DIRECTION('',(-0.389662505917838,0.837191868285638,-0.383761523811643));
#981=DIRECTION('',(0.908132723468267,0.41868240536964,-1.16120209561993E-16));
#982=DIRECTION('',(0.390259489213087,-0.836914175411989,0.383760594737933));
#983=DIRECTION('',(-0.908132723468267,-0.41868240536964,1.16120209561993E-16));
#984=DIRECTION('center_axis',(0.16319782259094,-0.347334174026162,-0.923431341386646));
#985=DIRECTION('ref_axis',(-0.984739845428154,-2.03927792831947E-18,-0.17403286133985));
#986=DIRECTION('',(-0.905073088590897,-0.425256045587285,1.15822540793705E-16));
#987=DIRECTION('',(0.905073088590897,0.425256045587285,-1.15822540793705E-16));
#988=DIRECTION('center_axis',(0.41868240536964,-0.908132723468267,-4.06325117495146E-17));
#989=DIRECTION('ref_axis',(-0.908132723468267,-0.41868240536964,1.16120209561993E-16));
#990=DIRECTION('',(-1.22464679914735E-16,-1.17177750949987E-17,-1.));
#991=DIRECTION('',(-0.908132723468267,-0.41868240536964,1.16120209561993E-16));
#992=DIRECTION('',(-1.22464679914735E-16,-1.17177750949987E-17,-1.));
#993=DIRECTION('center_axis',(0.425256045587285,-0.905073088590896,-4.1473402608009E-17));
#994=DIRECTION('ref_axis',(-0.905073088590897,-0.425256045587285,1.15822540793705E-16));
#995=DIRECTION('',(-0.905073088590897,-0.425256045587285,1.15822540793705E-16));
#996=DIRECTION('center_axis',(0.188196687954516,-0.400539297199973,0.896744265686434));
#997=DIRECTION('ref_axis',(0.978679743423518,-2.40673971972988E-18,-0.205392209717108));
#998=DIRECTION('',(-0.378401495773234,0.812997328407342,0.442546779447216));
#999=DIRECTION('',(-0.905073088590897,-0.425256045587285,1.15822540793705E-16));
#1000=DIRECTION('center_axis',(0.185287529273286,-0.401893335916755,0.896744265686435));
#1001=DIRECTION('ref_axis',(0.979313636534352,-2.37107090853167E-18,-0.202348217926087));
#1002=DIRECTION('',(-0.378981201279954,0.812727808887886,0.44254576908688));
#1003=DIRECTION('',(-0.908132723468267,-0.41868240536964,1.16120209561993E-16));
#1004=DIRECTION('center_axis',(0.425256045587285,-0.905073088590896,-4.1473402608009E-17));
#1005=DIRECTION('ref_axis',(-0.905073088590897,-0.425256045587285,1.15822540793705E-16));
#1006=DIRECTION('',(-1.22464679914735E-16,-1.17177750949987E-17,-1.));
#1007=DIRECTION('',(0.905073088590897,0.425256045587285,-1.15822540793705E-16));
#1008=DIRECTION('center_axis',(0.41868240536964,-0.908132723468267,-4.06325117495146E-17));
#1009=DIRECTION('ref_axis',(-0.908132723468267,-0.41868240536964,1.16120209561993E-16));
#1010=DIRECTION('',(-1.22464679914735E-16,-1.17177750949987E-17,-1.));
#1011=DIRECTION('',(0.908132723468267,0.41868240536964,-1.16120209561993E-16));
#1012=DIRECTION('center_axis',(-1.22464679914735E-16,-1.17177750949987E-17,
-1.));
#1013=DIRECTION('ref_axis',(-1.,-3.33339847926818E-34,1.22464679914735E-16));
#1014=DIRECTION('center_axis',(-1.6432336773199E-16,3.43822106645758E-16,
-1.));
#1015=DIRECTION('ref_axis',(-0.573576436351047,-0.819152044288991,-5.35805287531269E-16));
#1016=DIRECTION('',(0.4226182617407,-0.906307787036649,-4.11358993348552E-17));
#1017=DIRECTION('center_axis',(-1.22464679914735E-16,-1.17177750949987E-17,
-1.));
#1018=DIRECTION('ref_axis',(-1.,-3.33339847926818E-34,1.22464679914735E-16));
#1019=DIRECTION('',(-0.4226182617407,0.90630778703665,4.11358993348552E-17));
#1020=DIRECTION('center_axis',(1.22464679914735E-16,1.17177750949987E-17,
1.));
#1021=DIRECTION('ref_axis',(-0.573576436351047,-0.819152044288991,-5.35805287531269E-16));
#1022=DIRECTION('center_axis',(0.906307787036649,0.4226182617407,-1.15942838785792E-16));
#1023=DIRECTION('ref_axis',(-1.22464679914735E-16,-1.17177750949987E-17,
-1.));
#1024=DIRECTION('',(1.02908696233666E-16,5.82040034692053E-16,-1.));
#1025=DIRECTION('',(-0.4226182617407,0.906307787036649,4.11358993348552E-17));
#1026=DIRECTION('center_axis',(1.22464679914735E-16,1.17177750949987E-17,
1.));
#1027=DIRECTION('ref_axis',(0.4226182617407,-0.90630778703665,-4.11358993348552E-17));
#1028=DIRECTION('center_axis',(-1.02908696233666E-16,-5.82040034692053E-16,
1.));
#1029=DIRECTION('ref_axis',(-0.573576436351047,-0.819152044288991,-5.35805287531269E-16));
#1030=DIRECTION('center_axis',(-1.02908696233666E-16,-5.82040034692053E-16,
1.));
#1031=DIRECTION('ref_axis',(-0.573576436351047,-0.819152044288991,-5.35805287531269E-16));
#1032=DIRECTION('',(1.02908696233666E-16,5.82040034692053E-16,-1.));
#1033=DIRECTION('center_axis',(-1.6432336773199E-16,3.43822106645758E-16,
-1.));
#1034=DIRECTION('ref_axis',(-0.573576436351047,-0.819152044288991,-5.35805287531269E-16));
#1035=DIRECTION('center_axis',(-1.6432336773199E-16,3.43822106645758E-16,
-1.));
#1036=DIRECTION('ref_axis',(-0.573576436351047,-0.819152044288991,-5.35805287531269E-16));
#1037=DIRECTION('center_axis',(-3.69173867810424E-17,-4.37662211608075E-16,
1.));
#1038=DIRECTION('ref_axis',(0.90630778703665,0.422618261740699,2.18422558216097E-16));
#1039=DIRECTION('center_axis',(-3.69173867810424E-17,-4.37662211608075E-16,
1.));
#1040=DIRECTION('ref_axis',(0.90630778703665,0.422618261740699,2.18422558216097E-16));
#1041=DIRECTION('center_axis',(-3.69173867810424E-17,-4.37662211608075E-16,
1.));
#1042=DIRECTION('ref_axis',(0.90630778703665,0.422618261740699,2.18422558216097E-16));
#1043=DIRECTION('',(0.422618261740699,-0.90630778703665,-3.81054708642667E-16));
#1044=DIRECTION('',(-0.90630778703665,-0.422618261740699,-2.18422558216097E-16));
#1045=DIRECTION('center_axis',(-0.90630778703665,-0.422618261740699,-2.18422558216097E-16));
#1046=DIRECTION('ref_axis',(-3.69173867810424E-17,-4.37662211608075E-16,
1.));
#1047=DIRECTION('',(-0.422618261740699,0.90630778703665,3.81054708642667E-16));
#1048=DIRECTION('',(-1.22464679914735E-16,-1.17177750949987E-17,-1.));
#1049=DIRECTION('center_axis',(1.6432336773199E-16,-3.43822106645758E-16,
1.));
#1050=DIRECTION('ref_axis',(0.90630778703665,0.422618261740699,-3.62204670893418E-18));
#1051=DIRECTION('',(0.90630778703665,0.422618261740699,2.18422558216097E-16));
#1052=DIRECTION('',(-1.22464679914735E-16,-1.17177750949987E-17,-1.));
#1053=DIRECTION('',(-1.22464679914735E-16,-1.17177750949987E-17,-1.));
#1054=DIRECTION('center_axis',(-1.02908696233666E-16,-5.82040034692053E-16,
1.));
#1055=DIRECTION('ref_axis',(-0.573576436351046,-0.819152044288991,-5.35805287531269E-16));
#1056=DIRECTION('center_axis',(1.02908696233666E-16,5.82040034692053E-16,
-1.));
#1057=DIRECTION('ref_axis',(-0.573576436351046,-0.819152044288991,-5.35805287531269E-16));
#1058=DIRECTION('',(1.02908696233666E-16,5.82040034692053E-16,-1.));
#1059=DIRECTION('center_axis',(1.6432336773199E-16,-3.43822106645758E-16,
1.));
#1060=DIRECTION('ref_axis',(-0.573576436351046,-0.819152044288991,-5.35805287531269E-16));
#1061=DIRECTION('center_axis',(1.02908696233666E-16,5.82040034692053E-16,
-1.));
#1062=DIRECTION('ref_axis',(-0.573576436351047,-0.819152044288992,-5.35805287531269E-16));
#1063=DIRECTION('center_axis',(1.6432336773199E-16,-3.43822106645758E-16,
1.));
#1064=DIRECTION('ref_axis',(0.90630778703665,0.422618261740699,-3.62204670893418E-18));
#1065=DIRECTION('center_axis',(1.6432336773199E-16,-3.43822106645758E-16,
1.));
#1066=DIRECTION('ref_axis',(0.90630778703665,0.422618261740699,-3.62204670893422E-18));
#1067=DIRECTION('center_axis',(1.6432336773199E-16,-3.43822106645758E-16,
1.));
#1068=DIRECTION('ref_axis',(0.90630778703665,0.422618261740698,-3.62204670893423E-18));
#1069=DIRECTION('center_axis',(1.6432336773199E-16,-3.43822106645758E-16,
1.));
#1070=DIRECTION('ref_axis',(0.90630778703665,0.422618261740699,-3.62204670893403E-18));
#1071=DIRECTION('',(0.90630778703665,0.422618261740699,-3.62204670893418E-18));
#1072=DIRECTION('',(-0.422618261740699,0.90630778703665,3.81054708642667E-16));
#1073=DIRECTION('',(-0.90630778703665,-0.422618261740699,3.62204670893418E-18));
#1074=DIRECTION('',(-0.422618261740699,0.90630778703665,3.81054708642667E-16));
#1075=DIRECTION('center_axis',(1.6432336773199E-16,-3.43822106645758E-16,
1.));
#1076=DIRECTION('ref_axis',(0.90630778703665,0.422618261740698,-3.62204670893423E-18));
#1077=DIRECTION('center_axis',(0.422618261740699,-0.90630778703665,-3.81054708642668E-16));
#1078=DIRECTION('ref_axis',(-3.69173867810424E-17,-4.37662211608075E-16,
1.));
#1079=DIRECTION('center_axis',(-3.69173867810424E-17,-4.37662211608075E-16,
1.));
#1080=DIRECTION('ref_axis',(0.90630778703665,0.422618261740699,2.18422558216097E-16));
#1081=DIRECTION('',(-3.69173867810424E-17,-4.37662211608075E-16,1.));
#1082=DIRECTION('center_axis',(1.6432336773199E-16,-3.43822106645758E-16,
1.));
#1083=DIRECTION('ref_axis',(0.90630778703665,0.422618261740699,2.18422558216097E-16));
#1084=DIRECTION('center_axis',(0.422618261740699,-0.90630778703665,-3.81054708642668E-16));
#1085=DIRECTION('ref_axis',(-1.6432336773199E-16,3.43822106645758E-16,-1.));
#1086=DIRECTION('',(-1.6432336773199E-16,3.43822106645758E-16,-1.));
#1087=DIRECTION('',(-0.90630778703665,-0.422618261740699,3.62204670893418E-18));
#1088=DIRECTION('',(1.6432336773199E-16,-3.43822106645758E-16,1.));
#1089=DIRECTION('center_axis',(1.6432336773199E-16,-3.43822106645758E-16,
1.));
#1090=DIRECTION('ref_axis',(0.90630778703665,0.422618261740699,-3.62204670893418E-18));
#1091=DIRECTION('',(0.422618261740699,-0.90630778703665,-3.81054708642667E-16));
#1092=DIRECTION('',(0.90630778703665,0.422618261740699,-3.62204670893418E-18));
#1093=DIRECTION('',(-0.422618261740699,0.90630778703665,3.81054708642667E-16));
#1094=DIRECTION('center_axis',(-1.6432336773199E-16,3.43822106645758E-16,
-1.));
#1095=DIRECTION('ref_axis',(0.90630778703665,0.422618261740699,-3.62204670893422E-18));
#1096=DIRECTION('center_axis',(-0.422618261740699,0.90630778703665,3.81054708642668E-16));
#1097=DIRECTION('ref_axis',(-0.90630778703665,-0.422618261740699,3.62204670893418E-18));
#1098=DIRECTION('',(1.6432336773199E-16,-3.43822106645758E-16,1.));
#1099=DIRECTION('',(-1.6432336773199E-16,3.43822106645758E-16,-1.));
#1100=DIRECTION('center_axis',(-0.90630778703665,-0.422618261740699,3.62204670893418E-18));
#1101=DIRECTION('ref_axis',(0.422618261740699,-0.90630778703665,-3.81054708642667E-16));
#1102=DIRECTION('center_axis',(0.90630778703665,0.422618261740699,-3.62204670893418E-18));
#1103=DIRECTION('ref_axis',(-0.422618261740699,0.90630778703665,3.81054708642667E-16));
#1104=DIRECTION('center_axis',(1.6432336773199E-16,-3.43822106645758E-16,
1.));
#1105=DIRECTION('ref_axis',(0.90630778703665,0.422618261740699,-3.62204670893422E-18));
#1106=DIRECTION('center_axis',(-1.6432336773199E-16,3.43822106645758E-16,
-1.));
#1107=DIRECTION('ref_axis',(0.90630778703665,0.422618261740699,-3.62204670893422E-18));
#1108=DIRECTION('',(1.6432336773199E-16,-3.43822106645758E-16,1.));
#1109=DIRECTION('center_axis',(1.6432336773199E-16,-3.43822106645758E-16,
1.));
#1110=DIRECTION('ref_axis',(0.90630778703665,0.422618261740698,-3.62204670893423E-18));
#1111=DIRECTION('center_axis',(-1.6432336773199E-16,3.43822106645758E-16,
-1.));
#1112=DIRECTION('ref_axis',(0.90630778703665,0.422618261740698,-3.62204670893423E-18));
#1113=DIRECTION('',(1.6432336773199E-16,-3.43822106645758E-16,1.));
#1114=DIRECTION('center_axis',(1.6432336773199E-16,-3.43822106645758E-16,
1.));
#1115=DIRECTION('ref_axis',(0.90630778703665,0.422618261740699,-3.62204670893422E-18));
#1116=DIRECTION('center_axis',(-1.6432336773199E-16,3.43822106645758E-16,
-1.));
#1117=DIRECTION('ref_axis',(0.90630778703665,0.422618261740699,-3.62204670893422E-18));
#1118=DIRECTION('',(1.6432336773199E-16,-3.43822106645758E-16,1.));
#1119=DIRECTION('center_axis',(1.6432336773199E-16,-3.43822106645758E-16,
1.));
#1120=DIRECTION('ref_axis',(0.90630778703665,0.422618261740699,-3.62204670893403E-18));
#1121=DIRECTION('center_axis',(-1.6432336773199E-16,3.43822106645758E-16,
-1.));
#1122=DIRECTION('ref_axis',(0.90630778703665,0.422618261740699,-3.62204670893403E-18));
#1123=DIRECTION('',(1.6432336773199E-16,-3.43822106645758E-16,1.));
#1124=DIRECTION('center_axis',(1.6432336773199E-16,-3.43822106645758E-16,
1.));
#1125=DIRECTION('ref_axis',(0.90630778703665,0.422618261740698,-3.62204670893423E-18));
#1126=DIRECTION('center_axis',(-1.6432336773199E-16,3.43822106645758E-16,
-1.));
#1127=DIRECTION('ref_axis',(0.90630778703665,0.422618261740698,-3.62204670893423E-18));
#1128=DIRECTION('',(1.6432336773199E-16,-3.43822106645758E-16,1.));
#1129=DIRECTION('center_axis',(1.6432336773199E-16,-3.43822106645758E-16,
1.));
#1130=DIRECTION('ref_axis',(0.90630778703665,0.422618261740699,-3.62204670893418E-18));
#1131=CARTESIAN_POINT('',(0.,0.,0.));
#1132=CARTESIAN_POINT('Origin',(-64.638866150953,-109.921802006855,83.9497474683058));
#1133=CARTESIAN_POINT('',(-72.7807581407785,-92.4614582886326,74.9497474683058));
#1134=CARTESIAN_POINT('',(-72.7807581407785,-92.4614582886326,84.9497474683058));
#1135=CARTESIAN_POINT('',(-72.7807581407785,-92.4614582886326,85.9497474683059));
#1136=CARTESIAN_POINT('',(-69.8224303085936,-98.8056127978892,73.9497474683058));
#1137=CARTESIAN_POINT('',(-72.4595575776733,-93.1502751190833,74.8411724281731));
#1138=CARTESIAN_POINT('',(-43.0851256329269,-156.143947710629,73.9497474683058));
#1139=CARTESIAN_POINT('',(-64.0155575771384,-111.258491557013,73.9497474683058));
#1140=CARTESIAN_POINT('',(-43.0851256329269,-156.143947710629,78.9497474683058));
#1141=CARTESIAN_POINT('',(-43.0851256329269,-156.143947710629,78.9497474683058));
#1142=CARTESIAN_POINT('',(-43.0851256329269,-156.143947710629,85.9497474683058));
#1143=CARTESIAN_POINT('Ctrl Pts',(-43.0851256329269,-156.143947710629,85.9497474683058));
#1144=CARTESIAN_POINT('Ctrl Pts',(-43.0851256329269,-156.143947710629,83.6164141349725));
#1145=CARTESIAN_POINT('Ctrl Pts',(-43.0851256329269,-156.143947710629,81.2830808016391));
#1146=CARTESIAN_POINT('Ctrl Pts',(-43.0851256329269,-156.143947710629,78.9497474683058));
#1147=CARTESIAN_POINT('',(-69.8224303085936,-98.8056127978892,85.9497474683058));
#1148=CARTESIAN_POINT('',(-65.0614844126937,-109.015494219818,85.9497474683058));
#1149=CARTESIAN_POINT('',(-72.2820579077422,-93.5309243896387,85.1183225084386));
#1150=CARTESIAN_POINT('Origin',(-70.0477871095662,-94.7730312038907,85.994494593885));
#1151=CARTESIAN_POINT('',(-69.2165982561871,-93.0062190774838,86.244494593885));
#1152=CARTESIAN_POINT('',(-68.1600526018354,-95.2719885450754,85.744494593885));
#1153=CARTESIAN_POINT('',(-69.7532118153827,-91.8554475861496,86.4984417645469));
#1154=CARTESIAN_POINT('',(-50.940204648139,-87.2422415720021,85.744494593885));
#1155=CARTESIAN_POINT('',(-69.5195142823903,-95.9059159376865,85.744494593885));
#1156=CARTESIAN_POINT('',(-51.9967503024908,-84.9764721044105,86.244494593885));
#1157=CARTESIAN_POINT('',(-52.5333638616864,-83.8257006130763,86.4984417645469));
#1158=CARTESIAN_POINT('',(-70.5760599367421,-93.6401464700949,86.244494593885));
#1159=CARTESIAN_POINT('Origin',(-71.1183804340203,-88.9278340358189,83.4497474683059));
#1160=CARTESIAN_POINT('',(-71.6987500838936,-87.6832273052118,73.949357770889));
#1161=CARTESIAN_POINT('',(-73.3356653881187,-84.1728511070132,73.9497474683058));
#1162=CARTESIAN_POINT('',(-71.8793348890245,-87.2959619408698,73.949357770889));
#1163=CARTESIAN_POINT('',(-71.6987500838936,-87.6832273052118,74.054357770889));
#1164=CARTESIAN_POINT('',(-71.6987500838936,-87.6832273052118,75.654357770889));
#1165=CARTESIAN_POINT('',(-70.0716628754028,-91.172527084093,75.654357770889));
#1166=CARTESIAN_POINT('',(-70.3434725759936,-90.5896293001143,75.3870730680925));
#1167=CARTESIAN_POINT('',(-70.0618347796685,-91.1936035034105,75.654357770889));
#1168=CARTESIAN_POINT('',(-72.7031989155479,-85.5291798344315,75.654357770889));
#1169=CARTESIAN_POINT('',(-70.0618347796685,-91.1936035034105,84.9497474683058));
#1170=CARTESIAN_POINT('',(-70.0618347796685,-91.1936035034105,85.6997474683058));
#1171=CARTESIAN_POINT('',(-68.1600526018354,-95.2719885450754,85.592604611163));
#1172=CARTESIAN_POINT('',(-69.2839499570499,-92.8617828888756,85.2126949395616));
#1173=CARTESIAN_POINT('',(-68.1600526018354,-95.2719885450754,85.6997474683058));
#1174=CARTESIAN_POINT('',(-70.0716628754028,-91.172527084093,86.244494593885));
#1175=CARTESIAN_POINT('',(-70.5901076068444,-90.0607187696147,86.244494593885));
#1176=CARTESIAN_POINT('',(-71.6987500838936,-87.6832273052118,88.144494593885));
#1177=CARTESIAN_POINT('',(-70.6672825479808,-89.8952165742578,86.9400180864136));
#1178=CARTESIAN_POINT('',(-71.6987500838936,-87.6832273052118,88.154357770889));
#1179=CARTESIAN_POINT('',(-71.6987500838936,-87.6832273052118,75.654357770889));
#1180=CARTESIAN_POINT('',(-73.3356653881187,-84.1728511070132,88.154357770889));
#1181=CARTESIAN_POINT('',(-70.0618347796685,-91.1936035034105,88.154357770889));
#1182=CARTESIAN_POINT('',(-73.3356653881187,-84.1728511070132,75.9497474683059));
#1183=CARTESIAN_POINT('Origin',(-70.0618347796685,-91.1936035034105,86.244494593885));
#1184=CARTESIAN_POINT('',(-52.8460901162002,-83.1550569960464,86.244494593885));
#1185=CARTESIAN_POINT('',(-52.8419868259722,-83.1638565303372,86.244494593885));
#1186=CARTESIAN_POINT('',(-61.4733990410038,-87.1325619992562,86.244494593885));
#1187=CARTESIAN_POINT('',(-61.480834854157,-87.1359901825895,86.244494593885));
#1188=CARTESIAN_POINT('',(-65.7662452392182,-89.1495911448352,86.244494593885));
#1189=CARTESIAN_POINT('Origin',(-70.8789759629453,-96.5398433302976,87.9497474683058));
#1190=CARTESIAN_POINT('',(-50.940204648139,-87.2422415720021,85.592604611163));
#1191=CARTESIAN_POINT('',(-69.2929373356312,-95.8002613722514,85.592604611163));
#1192=CARTESIAN_POINT('',(-50.940204648139,-87.2422415720021,85.6997474683058));
#1193=CARTESIAN_POINT('Origin',(-68.1295169700577,-94.1543716271684,85.4497474683058));
#1194=CARTESIAN_POINT('',(-52.8419868259722,-83.1638565303372,84.9497474683058));
#1195=CARTESIAN_POINT('',(-52.1024048679259,-84.7498951576513,85.1997474683058));
#1196=CARTESIAN_POINT('',(-69.6086808861502,-90.9822943725402,84.9497474683058));
#1197=CARTESIAN_POINT('',(-47.1642870677721,-88.2399470851211,85.9497474683058));
#1198=CARTESIAN_POINT('',(-66.6503530539653,-97.3264488817967,85.9497474683058));
#1199=CARTESIAN_POINT('',(-50.122614899957,-81.8957925758646,84.9497474683058));
#1200=CARTESIAN_POINT('',(-50.4522464599324,-81.1888954142789,84.8383225084386));
#1201=CARTESIAN_POINT('',(-69.6086808861502,-90.9822943725402,84.9497474683058));
#1202=CARTESIAN_POINT('Origin',(-72.7807581407785,-92.4614582886326,87.9497474683058));
#1203=CARTESIAN_POINT('',(-52.8419868259722,-83.1638565303372,75.654357770889));
#1204=CARTESIAN_POINT('',(-52.8419868259722,-83.1638565303372,85.6997474683058));
#1205=CARTESIAN_POINT('',(-50.122614899957,-81.8957925758646,74.9497474683058));
#1206=CARTESIAN_POINT('',(-50.122614899957,-81.8957925758646,85.9497474683059));
#1207=CARTESIAN_POINT('',(-68.4985682827507,-90.4646403641606,74.9497474683058));
#1208=CARTESIAN_POINT('',(-70.0618347796685,-91.1936035034105,75.654357770889));
#1209=CARTESIAN_POINT('Origin',(-67.0194043666583,-93.6367176187889,74.4497474683058));
#1210=CARTESIAN_POINT('',(-47.1642870677721,-88.2399470851212,73.9497474683058));
#1211=CARTESIAN_POINT('',(-50.6297461298635,-80.8082461437235,75.1211724281731));
#1212=CARTESIAN_POINT('',(-65.5402404505658,-96.8087948734172,73.9497474683058));
#1213=CARTESIAN_POINT('Origin',(-62.3064974667778,-85.3969166413427,74.854357770889));
#1214=CARTESIAN_POINT('',(-61.473399373647,-87.1325621540816,75.654357770889));
#1215=CARTESIAN_POINT('',(-63.0980020781499,-83.642095012007,74.054357770889));
#1216=CARTESIAN_POINT('',(-61.473399373647,-87.1325621540816,75.654357770889));
#1217=CARTESIAN_POINT('',(-54.4731857359767,-79.6657391791048,74.054357770889));
#1218=CARTESIAN_POINT('',(-63.1124610971144,-83.6487611486663,74.054357770889));
#1219=CARTESIAN_POINT('',(-52.8460901162002,-83.1550569960464,75.654357770889));
#1220=CARTESIAN_POINT('',(-53.1252876990898,-82.55631584735,75.3798095960959));
#1221=CARTESIAN_POINT('',(-61.5005338364413,-87.1450721340191,75.654357770889));
#1222=CARTESIAN_POINT('Origin',(-66.5716832257033,-87.4011327641255,74.854357770889));
#1223=CARTESIAN_POINT('',(-65.7530653379478,-89.143398459663,75.654357770889));
#1224=CARTESIAN_POINT('',(-67.3903011134589,-85.6588670685881,74.054357770889));
#1225=CARTESIAN_POINT('Origin',(-54.4731857359767,-79.6657391791048,75.654357770889));
#1226=CARTESIAN_POINT('',(-63.0980020781499,-83.642095012007,73.949357770889));
#1227=CARTESIAN_POINT('',(-63.0980020781499,-83.642095012007,75.654357770889));
#1228=CARTESIAN_POINT('',(-54.4731857359767,-79.6657391791048,73.949357770889));
#1229=CARTESIAN_POINT('',(-58.7280947992344,-81.6274079035069,73.949357770889));
#1230=CARTESIAN_POINT('',(-54.4731857359767,-79.6657391791048,75.654357770889));
#1231=CARTESIAN_POINT('Origin',(-63.0980020781499,-83.642095012007,75.654357770889));
#1232=CARTESIAN_POINT('',(-63.0334769811136,-83.6117773636838,73.949357770889));
#1233=CARTESIAN_POINT('Origin',(-66.5848631269737,-87.4073254492977,87.194494593885));
#1234=CARTESIAN_POINT('',(-63.0980020781499,-83.642095012007,88.144494593885));
#1235=CARTESIAN_POINT('',(-61.4733990410038,-87.1325619992562,86.244494593885));
#1236=CARTESIAN_POINT('',(-67.4034810147292,-85.6650597537602,88.144494593885));
#1237=CARTESIAN_POINT('Origin',(-62.2867984844935,-85.3878346899131,87.194494593885));
#1238=CARTESIAN_POINT('',(-54.4731857359767,-79.6657391791048,88.144494593885));
#1239=CARTESIAN_POINT('',(-53.4486671072333,-81.862826468636,86.948138724597));
#1240=CARTESIAN_POINT('',(-63.0927621148301,-83.6396791972367,88.144494593885));
#1241=CARTESIAN_POINT('Origin',(-63.0980020781499,-83.642095012007,75.654357770889));
#1242=CARTESIAN_POINT('',(-63.0980020781499,-83.642095012007,88.154357770889));
#1243=CARTESIAN_POINT('',(-63.0980020781499,-83.642095012007,86.199494593885));
#1244=CARTESIAN_POINT('',(-63.0980020781499,-83.642095012007,88.154357770889));
#1245=CARTESIAN_POINT('Origin',(-54.4731857359767,-79.6657391791048,75.654357770889));
#1246=CARTESIAN_POINT('',(-54.4731857359767,-79.6657391791048,88.154357770889));
#1247=CARTESIAN_POINT('',(-54.4731857359767,-79.6657391791048,84.8246210310954));
#1248=CARTESIAN_POINT('',(-63.0980020781499,-83.642095012007,88.154357770889));
#1249=CARTESIAN_POINT('Origin',(-63.9044255620477,-81.5904896637842,73.949357770889));
#1250=CARTESIAN_POINT('',(-56.4167500662602,-75.4977520223565,73.9497474683058));
#1251=CARTESIAN_POINT('Origin',(-71.579921598008,-66.7611491872269,73.9497474683059));
#1252=CARTESIAN_POINT('',(-54.6594869353281,-79.2662149677965,73.949357770889));
#1253=CARTESIAN_POINT('Origin',(-63.9044255620477,-81.5904896637842,88.154357770889));
#1254=CARTESIAN_POINT('',(-56.4167500662602,-75.4977520223565,88.154357770889));
#1255=CARTESIAN_POINT('',(-56.4167500662602,-75.4977520223565,88.154357770889));
#1256=CARTESIAN_POINT('Origin',(-71.579921598008,-66.7611491872269,88.154357770889));
#1257=CARTESIAN_POINT('Origin',(-53.8985324803239,-80.8980870627456,83.4497474683059));
#1258=CARTESIAN_POINT('',(-56.4167500662602,-75.4977520223565,75.9497474683059));
#1259=CARTESIAN_POINT('',(-55.4833509618516,-77.4994328613581,75.654357770889));
#1260=CARTESIAN_POINT('Origin',(-74.2880173970755,-82.130525633044,75.654357770889));
#1261=CARTESIAN_POINT('Origin',(-71.579921598008,-66.7611491872269,75.9497474683059));
#1262=CARTESIAN_POINT('',(-61.5423339618646,-52.4259884121696,93.9497474683059));
#1263=CARTESIAN_POINT('Origin',(-71.579921598008,-66.7611491872269,93.9497474683058));
#1264=CARTESIAN_POINT('',(-61.5423339618647,-52.4259884121696,73.9497474683059));
#1265=CARTESIAN_POINT('',(-61.5423339618647,-52.4259884121696,75.9497474683059));
#1266=CARTESIAN_POINT('Origin',(-71.579921598008,-66.7611491872269,73.9497474683059));
#1267=CARTESIAN_POINT('Origin',(-71.579921598008,-66.7611491872269,73.9497474683059));
#1268=CARTESIAN_POINT('Origin',(-73.8456910655996,-67.8176948415787,73.9497474683059));
#1269=CARTESIAN_POINT('',(-80.6429994683744,-70.9873318046339,73.9497474683059));
#1270=CARTESIAN_POINT('Origin',(-71.579921598008,-66.7611491872269,73.9497474683059));
#1271=CARTESIAN_POINT('Origin',(-73.8456910655996,-67.8176948415787,73.9497474683059));
#1272=CARTESIAN_POINT('',(-20.4269823921054,-145.578281997861,73.9497474683058));
#1273=CARTESIAN_POINT('',(-42.2026508597982,-98.8802102701721,73.9497474683058));
#1274=CARTESIAN_POINT('',(-23.1507863363614,-163.399081420818,73.9497474683058));
#1275=CARTESIAN_POINT('Ctrl Pts',(-23.1507863363614,-163.399081420818,73.9497474683058));
#1276=CARTESIAN_POINT('Ctrl Pts',(-22.3082293885098,-163.006190663603,73.9497474683058));
#1277=CARTESIAN_POINT('Ctrl Pts',(-21.5698795135529,-162.447573097539,73.9497474683058));
#1278=CARTESIAN_POINT('Ctrl Pts',(-20.9443229876014,-161.758765824015,73.9497474683058));
#1279=CARTESIAN_POINT('Ctrl Pts',(-20.2233567349264,-160.964901835381,73.9497474683058));
#1280=CARTESIAN_POINT('Ctrl Pts',(-19.6784005958834,-160.027957862099,73.9497474683058));
#1281=CARTESIAN_POINT('Ctrl Pts',(-19.2850458285885,-159.027576857926,73.9497474683058));
#1282=CARTESIAN_POINT('Ctrl Pts',(-18.7442608722649,-157.652250962249,73.9497474683058));
#1283=CARTESIAN_POINT('Ctrl Pts',(-18.4879312650595,-156.156357413886,73.9497474683058));
#1284=CARTESIAN_POINT('Ctrl Pts',(-18.4388291480638,-154.672835760976,73.9497474683058));
#1285=CARTESIAN_POINT('Ctrl Pts',(-18.3867448392628,-153.099213183969,73.9497474683058));
#1286=CARTESIAN_POINT('Ctrl Pts',(-18.5658472459031,-151.5029495557,73.9497474683058));
#1287=CARTESIAN_POINT('Ctrl Pts',(-18.9166741861173,-149.963853899967,73.9497474683058));
#1288=CARTESIAN_POINT('Ctrl Pts',(-19.259950486361,-148.45788328637,73.9497474683058));
#1289=CARTESIAN_POINT('Ctrl Pts',(-19.7737356965505,-146.979174057279,73.9497474683058));
#1290=CARTESIAN_POINT('Ctrl Pts',(-20.4269823921054,-145.578281997861,73.9497474683058));
#1291=CARTESIAN_POINT('',(-27.6827738364499,-165.512381898772,73.9497474683058));
#1292=CARTESIAN_POINT('',(-28.3852768071238,-165.839964413874,73.9497474683058));
#1293=CARTESIAN_POINT('Ctrl Pts',(-43.0851256329269,-156.143947710629,73.9497474683058));
#1294=CARTESIAN_POINT('Ctrl Pts',(-41.9269717712753,-158.627616681956,73.9497474683058));
#1295=CARTESIAN_POINT('Ctrl Pts',(-40.3383685674593,-160.851314465583,73.9497474683058));
#1296=CARTESIAN_POINT('Ctrl Pts',(-38.489008319412,-162.576335457441,73.9497474683058));
#1297=CARTESIAN_POINT('Ctrl Pts',(-37.0628478104172,-163.906609977169,73.9497474683058));
#1298=CARTESIAN_POINT('Ctrl Pts',(-35.5198205691393,-164.904083724102,73.9497474683058));
#1299=CARTESIAN_POINT('Ctrl Pts',(-33.9614065891521,-165.503562370769,73.9497474683058));
#1300=CARTESIAN_POINT('Ctrl Pts',(-32.8704447306376,-165.923225147738,73.9497474683058));
#1301=CARTESIAN_POINT('Ctrl Pts',(-31.714886683839,-166.169791405789,73.9497474683058));
#1302=CARTESIAN_POINT('Ctrl Pts',(-30.5496158114034,-166.153365347334,73.9497474683058));
#1303=CARTESIAN_POINT('Ctrl Pts',(-30.037275447424,-166.14614322159,73.9497474683058));
#1304=CARTESIAN_POINT('Ctrl Pts',(-29.5283895156675,-166.087963296864,73.9497474683058));
#1305=CARTESIAN_POINT('Ctrl Pts',(-29.0290363696913,-165.973613285491,73.9497474683058));
#1306=CARTESIAN_POINT('Ctrl Pts',(-28.564641692669,-165.86726863336,73.9497474683058));
#1307=CARTESIAN_POINT('Ctrl Pts',(-28.1145228704464,-165.713709779725,73.9497474683058));
#1308=CARTESIAN_POINT('Ctrl Pts',(-27.6827738364499,-165.512381898772,73.9497474683058));
#1309=CARTESIAN_POINT('Origin',(-43.6711959570943,-95.7309051459401,83.9497474683058));
#1310=CARTESIAN_POINT('',(-20.4269823921054,-145.578281997861,85.9497474683058));
#1311=CARTESIAN_POINT('',(-43.2485776953536,-96.6372129329768,85.9497474683058));
#1312=CARTESIAN_POINT('',(-20.4269823921054,-145.578281997861,78.9497474683058));
#1313=CARTESIAN_POINT('Ctrl Pts',(-20.4269823921054,-145.578281997861,78.9497474683058));
#1314=CARTESIAN_POINT('Ctrl Pts',(-20.4269823921054,-145.578281997861,81.2830808016392));
#1315=CARTESIAN_POINT('Ctrl Pts',(-20.4269823921054,-145.578281997861,83.6164141349725));
#1316=CARTESIAN_POINT('Ctrl Pts',(-20.4269823921054,-145.578281997861,85.9497474683058));
#1317=CARTESIAN_POINT('',(-20.4269823921054,-145.578281997861,78.9497474683058));
#1318=CARTESIAN_POINT('Origin',(-78.1577699435093,-64.3670081839472,85.9497474683059));
#1319=CARTESIAN_POINT('',(-27.6827738364499,-165.512381898772,85.9497474683058));
#1320=CARTESIAN_POINT('Ctrl Pts',(-27.6827738364499,-165.512381898772,85.9497474683058));
#1321=CARTESIAN_POINT('Ctrl Pts',(-28.9034526594133,-166.081593782067,85.9497474683058));
#1322=CARTESIAN_POINT('Ctrl Pts',(-30.4185154318839,-166.323944023959,85.9497474683058));
#1323=CARTESIAN_POINT('Ctrl Pts',(-32.0825299670635,-166.032768312612,85.9497474683058));
#1324=CARTESIAN_POINT('Ctrl Pts',(-33.746544502243,-165.741592601266,85.9497474683058));
#1325=CARTESIAN_POINT('Ctrl Pts',(-35.5595108001317,-164.916890936683,85.9497474683058));
#1326=CARTESIAN_POINT('Ctrl Pts',(-37.2212977503947,-163.652866973582,85.9497474683058));
#1327=CARTESIAN_POINT('Ctrl Pts',(-38.8830847006577,-162.38884301048,85.9497474683058));
#1328=CARTESIAN_POINT('Ctrl Pts',(-40.3936923032951,-160.685496748861,85.9497474683058));
#1329=CARTESIAN_POINT('Ctrl Pts',(-41.5679928889927,-158.884662754899,85.9497474683058));
#1330=CARTESIAN_POINT('Ctrl Pts',(-42.1551431818414,-157.984245757918,85.9497474683058));
#1331=CARTESIAN_POINT('Ctrl Pts',(-42.6582167204553,-157.059456827852,85.9497474683058));
#1332=CARTESIAN_POINT('Ctrl Pts',(-43.0851256329269,-156.143947710629,85.9497474683058));
#1333=CARTESIAN_POINT('',(-23.1507863363614,-163.399081420818,85.9497474683058));
#1334=CARTESIAN_POINT('',(-5.11616768211912,-154.98940063044,85.9497474683058));
#1335=CARTESIAN_POINT('Ctrl Pts',(-20.4269823921054,-145.578281997861,85.9497474683058));
#1336=CARTESIAN_POINT('Ctrl Pts',(-20.0000734796338,-146.493791115084,85.9497474683058));
#1337=CARTESIAN_POINT('Ctrl Pts',(-19.6150071076486,-147.473606064804,85.9497474683058));
#1338=CARTESIAN_POINT('Ctrl Pts',(-19.3026562381903,-148.502162892553,85.9497474683058));
#1339=CARTESIAN_POINT('Ctrl Pts',(-18.6779544992737,-150.559276548051,85.9497474683058));
#1340=CARTESIAN_POINT('Ctrl Pts',(-18.3441147704648,-152.811357715662,85.9497474683058));
#1341=CARTESIAN_POINT('Ctrl Pts',(-18.4439899204265,-154.896856461368,85.9497474683058));
#1342=CARTESIAN_POINT('Ctrl Pts',(-18.5438650703882,-156.982355207073,85.9497474683058));
#1343=CARTESIAN_POINT('Ctrl Pts',(-19.0774550991205,-158.901271530873,85.9497474683058));
#1344=CARTESIAN_POINT('Ctrl Pts',(-19.9240157098729,-160.363150113485,85.9497474683058));
#1345=CARTESIAN_POINT('Ctrl Pts',(-20.7705763206254,-161.825028696097,85.9497474683058));
#1346=CARTESIAN_POINT('Ctrl Pts',(-21.930107513398,-162.829869537522,85.9497474683058));
#1347=CARTESIAN_POINT('Ctrl Pts',(-23.1507863363614,-163.399081420818,85.9497474683058));
#1348=CARTESIAN_POINT('Ctrl Pts',(-27.6827738364499,-165.512381898772,78.9497474683058));
#1349=CARTESIAN_POINT('Ctrl Pts',(-27.6827738364499,-165.512381898772,73.9497474683058));
#1350=CARTESIAN_POINT('Ctrl Pts',(-28.1145228704464,-165.713709779725,78.9497474683058));
#1351=CARTESIAN_POINT('Ctrl Pts',(-28.1145228704464,-165.713709779725,73.9497474683058));
#1352=CARTESIAN_POINT('Ctrl Pts',(-28.564641692669,-165.86726863336,78.9497474683058));
#1353=CARTESIAN_POINT('Ctrl Pts',(-28.564641692669,-165.86726863336,73.9497474683058));
#1354=CARTESIAN_POINT('Ctrl Pts',(-29.5283895156675,-166.087963296864,78.9497474683058));
#1355=CARTESIAN_POINT('Ctrl Pts',(-29.5283895156675,-166.087963296864,73.9497474683058));
#1356=CARTESIAN_POINT('Ctrl Pts',(-30.037275447424,-166.14614322159,78.9497474683058));
#1357=CARTESIAN_POINT('Ctrl Pts',(-30.037275447424,-166.14614322159,73.9497474683058));
#1358=CARTESIAN_POINT('Ctrl Pts',(-31.714886683839,-166.169791405789,78.9497474683058));
#1359=CARTESIAN_POINT('Ctrl Pts',(-31.714886683839,-166.169791405789,73.9497474683058));
#1360=CARTESIAN_POINT('Ctrl Pts',(-32.8704447306376,-165.923225147738,78.9497474683058));
#1361=CARTESIAN_POINT('Ctrl Pts',(-32.8704447306376,-165.923225147738,73.9497474683058));
#1362=CARTESIAN_POINT('Ctrl Pts',(-35.5198205691393,-164.904083724102,78.9497474683058));
#1363=CARTESIAN_POINT('Ctrl Pts',(-35.5198205691393,-164.904083724102,73.9497474683058));
#1364=CARTESIAN_POINT('Ctrl Pts',(-37.0628478104172,-163.906609977169,78.9497474683058));
#1365=CARTESIAN_POINT('Ctrl Pts',(-37.0628478104172,-163.906609977169,73.9497474683058));
#1366=CARTESIAN_POINT('Ctrl Pts',(-40.3383685674593,-160.851314465583,78.9497474683058));
#1367=CARTESIAN_POINT('Ctrl Pts',(-40.3383685674593,-160.851314465583,73.9497474683058));
#1368=CARTESIAN_POINT('Ctrl Pts',(-41.9269717712753,-158.627616681956,78.9497474683058));
#1369=CARTESIAN_POINT('Ctrl Pts',(-41.9269717712753,-158.627616681956,73.9497474683058));
#1370=CARTESIAN_POINT('Ctrl Pts',(-43.0851256329269,-156.143947710629,78.9497474683058));
#1371=CARTESIAN_POINT('Ctrl Pts',(-43.0851256329269,-156.143947710629,73.9497474683058));
#1372=CARTESIAN_POINT('',(-27.6827738364499,-165.512381898772,78.9497474683058));
#1373=CARTESIAN_POINT('Ctrl Pts',(-43.0851256329269,-156.143947710629,78.9497474683058));
#1374=CARTESIAN_POINT('Ctrl Pts',(-41.9269717712753,-158.627616681956,78.9497474683058));
#1375=CARTESIAN_POINT('Ctrl Pts',(-40.3383685674593,-160.851314465583,78.9497474683058));
#1376=CARTESIAN_POINT('Ctrl Pts',(-38.489008319412,-162.576335457441,78.9497474683058));
#1377=CARTESIAN_POINT('Ctrl Pts',(-37.0628478104172,-163.906609977169,78.9497474683058));
#1378=CARTESIAN_POINT('Ctrl Pts',(-35.5198205691393,-164.904083724102,78.9497474683058));
#1379=CARTESIAN_POINT('Ctrl Pts',(-33.9614065891521,-165.503562370769,78.9497474683058));
#1380=CARTESIAN_POINT('Ctrl Pts',(-32.8704447306376,-165.923225147738,78.9497474683058));
#1381=CARTESIAN_POINT('Ctrl Pts',(-31.714886683839,-166.169791405789,78.9497474683058));
#1382=CARTESIAN_POINT('Ctrl Pts',(-30.5496158114034,-166.153365347334,78.9497474683058));
#1383=CARTESIAN_POINT('Ctrl Pts',(-30.037275447424,-166.14614322159,78.9497474683058));
#1384=CARTESIAN_POINT('Ctrl Pts',(-29.5283895156675,-166.087963296864,78.9497474683058));
#1385=CARTESIAN_POINT('Ctrl Pts',(-29.0290363696913,-165.973613285491,78.9497474683058));
#1386=CARTESIAN_POINT('Ctrl Pts',(-28.564641692669,-165.86726863336,78.9497474683058));
#1387=CARTESIAN_POINT('Ctrl Pts',(-28.1145228704464,-165.713709779725,78.9497474683058));
#1388=CARTESIAN_POINT('Ctrl Pts',(-27.6827738364499,-165.512381898772,78.9497474683058));
#1389=CARTESIAN_POINT('',(-27.6827738364499,-165.512381898772,78.9497474683058));
#1390=CARTESIAN_POINT('Ctrl Pts',(-20.4269823921054,-145.578281997861,78.9497474683058));
#1391=CARTESIAN_POINT('Ctrl Pts',(-20.4269823921054,-145.578281997861,73.9497474683058));
#1392=CARTESIAN_POINT('Ctrl Pts',(-19.7737356965505,-146.979174057279,78.9497474683058));
#1393=CARTESIAN_POINT('Ctrl Pts',(-19.7737356965505,-146.979174057279,73.9497474683058));
#1394=CARTESIAN_POINT('Ctrl Pts',(-19.259950486361,-148.45788328637,78.9497474683058));
#1395=CARTESIAN_POINT('Ctrl Pts',(-19.259950486361,-148.45788328637,73.9497474683058));
#1396=CARTESIAN_POINT('Ctrl Pts',(-18.5658472459031,-151.5029495557,78.9497474683058));
#1397=CARTESIAN_POINT('Ctrl Pts',(-18.5658472459031,-151.5029495557,73.9497474683058));
#1398=CARTESIAN_POINT('Ctrl Pts',(-18.3867448392628,-153.099213183969,78.9497474683058));
#1399=CARTESIAN_POINT('Ctrl Pts',(-18.3867448392628,-153.099213183969,73.9497474683058));
#1400=CARTESIAN_POINT('Ctrl Pts',(-18.4879312650595,-156.156357413886,78.9497474683058));
#1401=CARTESIAN_POINT('Ctrl Pts',(-18.4879312650595,-156.156357413886,73.9497474683058));
#1402=CARTESIAN_POINT('Ctrl Pts',(-18.7442608722649,-157.652250962249,78.9497474683058));
#1403=CARTESIAN_POINT('Ctrl Pts',(-18.7442608722649,-157.652250962249,73.9497474683058));
#1404=CARTESIAN_POINT('Ctrl Pts',(-19.6784005958834,-160.027957862099,78.9497474683058));
#1405=CARTESIAN_POINT('Ctrl Pts',(-19.6784005958834,-160.027957862099,73.9497474683058));
#1406=CARTESIAN_POINT('Ctrl Pts',(-20.2233567349264,-160.964901835381,78.9497474683058));
#1407=CARTESIAN_POINT('Ctrl Pts',(-20.2233567349264,-160.964901835381,73.9497474683058));
#1408=CARTESIAN_POINT('Ctrl Pts',(-21.5698795135529,-162.447573097539,78.9497474683058));
#1409=CARTESIAN_POINT('Ctrl Pts',(-21.5698795135529,-162.447573097539,73.9497474683058));
#1410=CARTESIAN_POINT('Ctrl Pts',(-22.3082293885098,-163.006190663603,78.9497474683058));
#1411=CARTESIAN_POINT('Ctrl Pts',(-22.3082293885098,-163.006190663603,73.9497474683058));
#1412=CARTESIAN_POINT('Ctrl Pts',(-23.1507863363614,-163.399081420818,78.9497474683058));
#1413=CARTESIAN_POINT('Ctrl Pts',(-23.1507863363614,-163.399081420818,73.9497474683058));
#1414=CARTESIAN_POINT('',(-23.1507863363614,-163.399081420818,78.9497474683058));
#1415=CARTESIAN_POINT('Ctrl Pts',(-23.1507863363614,-163.399081420818,78.9497474683058));
#1416=CARTESIAN_POINT('Ctrl Pts',(-22.3082293885098,-163.006190663603,78.9497474683058));
#1417=CARTESIAN_POINT('Ctrl Pts',(-21.5698795135529,-162.447573097539,78.9497474683058));
#1418=CARTESIAN_POINT('Ctrl Pts',(-20.9443229876014,-161.758765824015,78.9497474683058));
#1419=CARTESIAN_POINT('Ctrl Pts',(-20.2233567349264,-160.964901835381,78.9497474683058));
#1420=CARTESIAN_POINT('Ctrl Pts',(-19.6784005958834,-160.027957862099,78.9497474683058));
#1421=CARTESIAN_POINT('Ctrl Pts',(-19.2850458285885,-159.027576857926,78.9497474683058));
#1422=CARTESIAN_POINT('Ctrl Pts',(-18.7442608722649,-157.652250962249,78.9497474683058));
#1423=CARTESIAN_POINT('Ctrl Pts',(-18.4879312650595,-156.156357413886,78.9497474683058));
#1424=CARTESIAN_POINT('Ctrl Pts',(-18.4388291480638,-154.672835760976,78.9497474683058));
#1425=CARTESIAN_POINT('Ctrl Pts',(-18.3867448392628,-153.099213183969,78.9497474683058));
#1426=CARTESIAN_POINT('Ctrl Pts',(-18.5658472459031,-151.5029495557,78.9497474683058));
#1427=CARTESIAN_POINT('Ctrl Pts',(-18.9166741861173,-149.963853899967,78.9497474683058));
#1428=CARTESIAN_POINT('Ctrl Pts',(-19.259950486361,-148.45788328637,78.9497474683058));
#1429=CARTESIAN_POINT('Ctrl Pts',(-19.7737356965505,-146.979174057279,78.9497474683058));
#1430=CARTESIAN_POINT('Ctrl Pts',(-20.4269823921054,-145.578281997861,78.9497474683058));
#1431=CARTESIAN_POINT('',(-23.1507863363614,-163.399081420818,78.9497474683058));
#1432=CARTESIAN_POINT('Origin',(-71.579921598008,-66.7611491872269,75.9497474683059));
#1433=CARTESIAN_POINT('',(-65.1271866890587,-57.5456886889758,93.9497474683059));
#1434=CARTESIAN_POINT('Origin',(-71.579921598008,-66.7611491872269,93.9497474683058));
#1435=CARTESIAN_POINT('',(-65.1271866890587,-57.5456886889758,87.9497474683059));
#1436=CARTESIAN_POINT('',(-65.1271866890587,-57.5456886889758,75.9497474683059));
#1437=CARTESIAN_POINT('Origin',(-71.579921598008,-66.7611491872269,87.9497474683058));
#1438=CARTESIAN_POINT('Origin',(-71.579921598008,-66.7611491872269,93.9497474683058));
#1439=CARTESIAN_POINT('Ctrl Pts',(-27.6827738364499,-165.512381898772,85.9497474683058));
#1440=CARTESIAN_POINT('Ctrl Pts',(-27.6827738364499,-165.512381898772,83.6164141349725));
#1441=CARTESIAN_POINT('Ctrl Pts',(-27.6827738364499,-165.512381898772,81.2830808016391));
#1442=CARTESIAN_POINT('Ctrl Pts',(-27.6827738364499,-165.512381898772,78.9497474683058));
#1443=CARTESIAN_POINT('Ctrl Pts',(-28.9034526594133,-166.081593782067,85.9497474683058));
#1444=CARTESIAN_POINT('Ctrl Pts',(-28.9034526594133,-166.081593782067,83.6164141349725));
#1445=CARTESIAN_POINT('Ctrl Pts',(-28.9034526594133,-166.081593782067,81.2830808016391));
#1446=CARTESIAN_POINT('Ctrl Pts',(-28.9034526594133,-166.081593782067,78.9497474683058));
#1447=CARTESIAN_POINT('Ctrl Pts',(-31.9335782043544,-166.56629426585,85.9497474683059));
#1448=CARTESIAN_POINT('Ctrl Pts',(-31.9335782043544,-166.56629426585,83.6164141349725));
#1449=CARTESIAN_POINT('Ctrl Pts',(-31.9335782043544,-166.56629426585,81.2830808016392));
#1450=CARTESIAN_POINT('Ctrl Pts',(-31.9335782043544,-166.56629426585,78.9497474683058));
#1451=CARTESIAN_POINT('Ctrl Pts',(-37.3724770980203,-164.092189272099,85.9497474683058));
#1452=CARTESIAN_POINT('Ctrl Pts',(-37.3724770980203,-164.092189272099,83.6164141349725));
#1453=CARTESIAN_POINT('Ctrl Pts',(-37.3724770980203,-164.092189272099,81.2830808016391));
#1454=CARTESIAN_POINT('Ctrl Pts',(-37.3724770980203,-164.092189272099,78.9497474683058));
#1455=CARTESIAN_POINT('Ctrl Pts',(-41.1489961046138,-159.833823618052,85.9497474683058));
#1456=CARTESIAN_POINT('Ctrl Pts',(-41.1489961046138,-159.833823618052,83.6164141349725));
#1457=CARTESIAN_POINT('Ctrl Pts',(-41.1489961046138,-159.833823618052,81.2830808016392));
#1458=CARTESIAN_POINT('Ctrl Pts',(-41.1489961046138,-159.833823618052,78.9497474683058));
#1459=CARTESIAN_POINT('Ctrl Pts',(-42.6582167204553,-157.059456827852,85.9497474683058));
#1460=CARTESIAN_POINT('Ctrl Pts',(-42.6582167204553,-157.059456827852,83.6164141349725));
#1461=CARTESIAN_POINT('Ctrl Pts',(-42.6582167204553,-157.059456827852,81.2830808016391));
#1462=CARTESIAN_POINT('Ctrl Pts',(-42.6582167204553,-157.059456827852,78.9497474683058));
#1463=CARTESIAN_POINT('Ctrl Pts',(-43.0851256329269,-156.143947710629,85.9497474683058));
#1464=CARTESIAN_POINT('Ctrl Pts',(-43.0851256329269,-156.143947710629,83.6164141349725));
#1465=CARTESIAN_POINT('Ctrl Pts',(-43.0851256329269,-156.143947710629,81.2830808016391));
#1466=CARTESIAN_POINT('Ctrl Pts',(-43.0851256329269,-156.143947710629,78.9497474683058));
#1467=CARTESIAN_POINT('Ctrl Pts',(-27.6827738364499,-165.512381898772,78.9497474683058));
#1468=CARTESIAN_POINT('Ctrl Pts',(-27.6827738364499,-165.512381898772,81.2830808016391));
#1469=CARTESIAN_POINT('Ctrl Pts',(-27.6827738364499,-165.512381898772,83.6164141349725));
#1470=CARTESIAN_POINT('Ctrl Pts',(-27.6827738364499,-165.512381898772,85.9497474683058));
#1471=CARTESIAN_POINT('Origin',(-78.1577699435093,-64.3670081839472,87.9497474683058));
#1472=CARTESIAN_POINT('',(-70.5452422752832,-60.8172282343366,87.9497474683058));
#1473=CARTESIAN_POINT('Origin',(-69.1857805947283,-60.1833008417256,87.9497474683058));
#1474=CARTESIAN_POINT('',(-79.5172316240643,-65.0009355765583,87.9497474683058));
#1475=CARTESIAN_POINT('Origin',(-78.1577699435093,-64.3670081839472,87.9497474683058));
#1476=CARTESIAN_POINT('',(-66.3615349330616,-69.7892175831177,87.9497474683058));
#1477=CARTESIAN_POINT('Origin',(-65.0020732525066,-69.1552901905066,87.9497474683058));
#1478=CARTESIAN_POINT('',(-73.0066835506957,-70.6811454351736,87.9497474683058));
#1479=CARTESIAN_POINT('',(-67.6599253500613,-68.1879111399147,87.9497474683058));
#1480=CARTESIAN_POINT('',(-73.0066835506957,-70.6811454351736,87.9497474683058));
#1481=CARTESIAN_POINT('',(-75.4999178459546,-65.3343872345391,87.9497474683058));
#1482=CARTESIAN_POINT('',(-73.0066835506957,-70.6811454351736,87.9497474683058));
#1483=CARTESIAN_POINT('',(-70.1531596453202,-62.8411529392803,87.9497474683058));
#1484=CARTESIAN_POINT('',(-68.3405440712469,-61.9959164157989,87.9497474683058));
#1485=CARTESIAN_POINT('',(-67.6599253500613,-68.1879111399147,87.9497474683058));
#1486=CARTESIAN_POINT('',(-75.3335242818427,-73.9729249253393,87.9497474683058));
#1487=CARTESIAN_POINT('Origin',(-73.9740626012876,-73.3389975327283,87.9497474683058));
#1488=CARTESIAN_POINT('Ctrl Pts',(-23.1507863363614,-163.399081420818,78.9497474683058));
#1489=CARTESIAN_POINT('Ctrl Pts',(-23.1507863363614,-163.399081420818,81.2830808016391));
#1490=CARTESIAN_POINT('Ctrl Pts',(-23.1507863363614,-163.399081420818,83.6164141349725));
#1491=CARTESIAN_POINT('Ctrl Pts',(-23.1507863363614,-163.399081420818,85.9497474683058));
#1492=CARTESIAN_POINT('Ctrl Pts',(-21.930107513398,-162.829869537522,78.9497474683058));
#1493=CARTESIAN_POINT('Ctrl Pts',(-21.930107513398,-162.829869537522,81.2830808016391));
#1494=CARTESIAN_POINT('Ctrl Pts',(-21.930107513398,-162.829869537522,83.6164141349725));
#1495=CARTESIAN_POINT('Ctrl Pts',(-21.930107513398,-162.829869537522,85.9497474683058));
#1496=CARTESIAN_POINT('Ctrl Pts',(-19.6110451278528,-160.820187854672,78.9497474683058));
#1497=CARTESIAN_POINT('Ctrl Pts',(-19.6110451278528,-160.820187854672,81.2830808016391));
#1498=CARTESIAN_POINT('Ctrl Pts',(-19.6110451278528,-160.820187854672,83.6164141349725));
#1499=CARTESIAN_POINT('Ctrl Pts',(-19.6110451278528,-160.820187854672,85.9497474683058));
#1500=CARTESIAN_POINT('Ctrl Pts',(-18.010275041656,-155.063438883274,78.9497474683058));
#1501=CARTESIAN_POINT('Ctrl Pts',(-18.010275041656,-155.063438883274,81.2830808016391));
#1502=CARTESIAN_POINT('Ctrl Pts',(-18.010275041656,-155.063438883274,83.6164141349725));
#1503=CARTESIAN_POINT('Ctrl Pts',(-18.010275041656,-155.063438883274,85.9497474683058));
#1504=CARTESIAN_POINT('Ctrl Pts',(-18.8448743636781,-149.433235964245,78.9497474683058));
#1505=CARTESIAN_POINT('Ctrl Pts',(-18.8448743636781,-149.433235964245,81.2830808016391));
#1506=CARTESIAN_POINT('Ctrl Pts',(-18.8448743636781,-149.433235964245,83.6164141349725));
#1507=CARTESIAN_POINT('Ctrl Pts',(-18.8448743636781,-149.433235964245,85.9497474683058));
#1508=CARTESIAN_POINT('Ctrl Pts',(-20.0000734796338,-146.493791115084,78.9497474683058));
#1509=CARTESIAN_POINT('Ctrl Pts',(-20.0000734796338,-146.493791115084,81.2830808016392));
#1510=CARTESIAN_POINT('Ctrl Pts',(-20.0000734796338,-146.493791115084,83.6164141349725));
#1511=CARTESIAN_POINT('Ctrl Pts',(-20.0000734796338,-146.493791115084,85.9497474683058));
#1512=CARTESIAN_POINT('Ctrl Pts',(-20.4269823921054,-145.578281997861,78.9497474683058));
#1513=CARTESIAN_POINT('Ctrl Pts',(-20.4269823921054,-145.578281997861,81.2830808016392));
#1514=CARTESIAN_POINT('Ctrl Pts',(-20.4269823921054,-145.578281997861,83.6164141349725));
#1515=CARTESIAN_POINT('Ctrl Pts',(-20.4269823921054,-145.578281997861,85.9497474683058));
#1516=CARTESIAN_POINT('Ctrl Pts',(-23.1507863363614,-163.399081420818,85.9497474683058));
#1517=CARTESIAN_POINT('Ctrl Pts',(-23.1507863363614,-163.399081420818,83.6164141349725));
#1518=CARTESIAN_POINT('Ctrl Pts',(-23.1507863363614,-163.399081420818,81.2830808016391));
#1519=CARTESIAN_POINT('Ctrl Pts',(-23.1507863363614,-163.399081420818,78.9497474683058));
#1520=CARTESIAN_POINT('Origin',(-28.5890816234865,-165.935000160513,83.9497474683058));
#1521=CARTESIAN_POINT('Origin',(-71.579921598008,-66.7611491872269,83.9497474683058));
#1522=CARTESIAN_POINT('',(-80.6429994683744,-70.9873318046339,83.9497474683058));
#1523=CARTESIAN_POINT('',(-80.6429994683745,-70.9873318046339,83.9497474683058));
#1524=CARTESIAN_POINT('Origin',(-71.579921598008,-66.7611491872269,83.9497474683058));
#1525=CARTESIAN_POINT('Origin',(-73.0066835506957,-70.6811454351736,87.9497474683058));
#1526=CARTESIAN_POINT('',(-67.6599253500613,-68.1879111399147,85.9497474683059));
#1527=CARTESIAN_POINT('',(-67.6599253500613,-68.1879111399147,85.9497474683059));
#1528=CARTESIAN_POINT('',(-73.0066835506957,-70.6811454351736,85.9497474683059));
#1529=CARTESIAN_POINT('',(-71.6699940005371,-70.0578368613589,85.9497474683059));
#1530=CARTESIAN_POINT('',(-73.0066835506957,-70.6811454351736,85.9497474683059));
#1531=CARTESIAN_POINT('Origin',(-71.579921598008,-66.7611491872269,85.9497474683059));
#1532=CARTESIAN_POINT('',(-70.1531596453202,-62.8411529392803,85.9497474683059));
#1533=CARTESIAN_POINT('',(-68.283233923876,-66.8512215897561,85.9497474683059));
#1534=CARTESIAN_POINT('',(-75.4999178459546,-65.3343872345391,85.9497474683059));
#1535=CARTESIAN_POINT('',(-74.163228295796,-64.7110786607244,85.9497474683059));
#1536=CARTESIAN_POINT('',(-73.6299921245104,-69.344455885015,85.9497474683059));
#1537=CARTESIAN_POINT('',(-72.9393832785629,-67.395076579838,85.9497474683059));
#1538=CARTESIAN_POINT('Origin',(-71.579921598008,-66.7611491872269,85.9497474683059));
#1539=CARTESIAN_POINT('Origin',(-75.4999178459546,-65.3343872345391,83.9497474683058));
#1540=CARTESIAN_POINT('',(-75.4999178459546,-65.3343872345391,84.9497474683059));
#1541=CARTESIAN_POINT('',(-70.1531596453202,-62.8411529392803,85.9497474683059));
#1542=CARTESIAN_POINT('Origin',(-73.0066835506957,-70.6811454351736,83.9497474683058));
#1543=CARTESIAN_POINT('Origin',(-65.9694523030985,-71.8131422880613,83.9497474683058));
#1544=CARTESIAN_POINT('Origin',(-69.1857805947283,-60.1833008417256,90.9497474683059));
#1545=CARTESIAN_POINT('',(-70.5452422752832,-60.8172282343366,83.9497474683058));
#1546=CARTESIAN_POINT('Origin',(-69.1857805947283,-60.1833008417256,83.9497474683058));
#1547=CARTESIAN_POINT('',(-70.5452422752832,-60.8172282343366,90.9497474683059));
#1548=CARTESIAN_POINT('Origin',(-78.1577699435093,-64.3670081839472,90.9497474683059));
#1549=CARTESIAN_POINT('',(-79.5172316240643,-65.0009355765583,83.9497474683058));
#1550=CARTESIAN_POINT('Origin',(-78.1577699435093,-64.3670081839472,83.9497474683058));
#1551=CARTESIAN_POINT('',(-79.5172316240643,-65.0009355765583,90.9497474683059));
#1552=CARTESIAN_POINT('Origin',(-71.579921598008,-66.7611491872269,90.9497474683059));
#1553=CARTESIAN_POINT('',(-72.9393832785629,-67.395076579838,83.9497474683058));
#1554=CARTESIAN_POINT('Origin',(-71.579921598008,-66.7611491872269,83.9497474683058));
#1555=CARTESIAN_POINT('',(-72.9393832785629,-67.395076579838,90.9497474683059));
#1556=CARTESIAN_POINT('Origin',(-65.0020732525066,-69.1552901905066,90.9497474683059));
#1557=CARTESIAN_POINT('',(-66.3615349330616,-69.7892175831177,83.9497474683058));
#1558=CARTESIAN_POINT('Origin',(-65.0020732525066,-69.1552901905066,83.9497474683058));
#1559=CARTESIAN_POINT('',(-66.3615349330616,-69.7892175831176,90.9497474683059));
#1560=CARTESIAN_POINT('Origin',(-73.9740626012877,-73.3389975327283,90.9497474683059));
#1561=CARTESIAN_POINT('',(-75.3335242818427,-73.9729249253393,83.9497474683058));
#1562=CARTESIAN_POINT('Origin',(-73.9740626012876,-73.3389975327282,83.9497474683058));
#1563=CARTESIAN_POINT('',(-75.3335242818426,-73.9729249253393,90.9497474683059));
#1564=CARTESIAN_POINT('Origin',(-71.579921598008,-66.7611491872269,83.9497474683058));
#1565=UNCERTAINTY_MEASURE_WITH_UNIT(LENGTH_MEASURE(0.01),#1569,
'DISTANCE_ACCURACY_VALUE',
'Maximum model space distance between geometric entities at asserted c
onnectivities');
#1566=UNCERTAINTY_MEASURE_WITH_UNIT(LENGTH_MEASURE(0.01),#1569,
'DISTANCE_ACCURACY_VALUE',
'Maximum model space distance between geometric entities at asserted c
onnectivities');
#1567=(
GEOMETRIC_REPRESENTATION_CONTEXT(3)
GLOBAL_UNCERTAINTY_ASSIGNED_CONTEXT((#1565))
GLOBAL_UNIT_ASSIGNED_CONTEXT((#1569,#1571,#1572))
REPRESENTATION_CONTEXT('','3D')
);
#1568=(
GEOMETRIC_REPRESENTATION_CONTEXT(3)
GLOBAL_UNCERTAINTY_ASSIGNED_CONTEXT((#1566))
GLOBAL_UNIT_ASSIGNED_CONTEXT((#1569,#1571,#1572))
REPRESENTATION_CONTEXT('','3D')
);
#1569=(
LENGTH_UNIT()
NAMED_UNIT(*)
SI_UNIT(.MILLI.,.METRE.)
);
#1570=(
LENGTH_UNIT()
NAMED_UNIT(*)
SI_UNIT($,.METRE.)
);
#1571=(
NAMED_UNIT(*)
PLANE_ANGLE_UNIT()
SI_UNIT($,.RADIAN.)
);
#1572=(
NAMED_UNIT(*)
SI_UNIT($,.STERADIAN.)
SOLID_ANGLE_UNIT()
);
#1573=SHAPE_DEFINITION_REPRESENTATION(#1574,#1575);
#1574=PRODUCT_DEFINITION_SHAPE('',$,#1577);
#1575=SHAPE_REPRESENTATION('',(#861),#1567);
#1576=PRODUCT_DEFINITION_CONTEXT('part definition',#1581,'design');
#1577=PRODUCT_DEFINITION('2026-08-03-14-40-19-866','robot',#1578,#1576);
#1578=PRODUCT_DEFINITION_FORMATION('',$,#1583);
#1579=PRODUCT_RELATED_PRODUCT_CATEGORY('robot','robot',(#1583));
#1580=APPLICATION_PROTOCOL_DEFINITION('international standard',
'automotive_design',2009,#1581);
#1581=APPLICATION_CONTEXT(
'Core Data for Automotive Mechanical Design Process');
#1582=PRODUCT_CONTEXT('part definition',#1581,'mechanical');
#1583=PRODUCT('2026-08-03-14-40-19-866','robot',
'Spur Gear; Module: 1.0; Num Teeth: 16; Pressure Angle: 20.0; Backlash
: 0.00 mm',(#1582));
#1584=PRESENTATION_STYLE_ASSIGNMENT((#1610));
#1585=PRESENTATION_STYLE_ASSIGNMENT((#1611));
#1586=PRESENTATION_STYLE_ASSIGNMENT((#1612));
#1587=PRESENTATION_STYLE_ASSIGNMENT((#1613));
#1588=PRESENTATION_STYLE_ASSIGNMENT((#1614));
#1589=PRESENTATION_STYLE_ASSIGNMENT((#1615));
#1590=PRESENTATION_STYLE_ASSIGNMENT((#1616));
#1591=PRESENTATION_STYLE_ASSIGNMENT((#1617));
#1592=PRESENTATION_STYLE_ASSIGNMENT((#1618));
#1593=PRESENTATION_STYLE_ASSIGNMENT((#1619));
#1594=PRESENTATION_STYLE_ASSIGNMENT((#1620));
#1595=PRESENTATION_STYLE_ASSIGNMENT((#1621));
#1596=PRESENTATION_STYLE_ASSIGNMENT((#1622));
#1597=PRESENTATION_STYLE_ASSIGNMENT((#1623));
#1598=PRESENTATION_STYLE_ASSIGNMENT((#1624));
#1599=PRESENTATION_STYLE_ASSIGNMENT((#1625));
#1600=PRESENTATION_STYLE_ASSIGNMENT((#1626));
#1601=PRESENTATION_STYLE_ASSIGNMENT((#1627));
#1602=PRESENTATION_STYLE_ASSIGNMENT((#1628));
#1603=PRESENTATION_STYLE_ASSIGNMENT((#1629));
#1604=PRESENTATION_STYLE_ASSIGNMENT((#1630));
#1605=PRESENTATION_STYLE_ASSIGNMENT((#1631));
#1606=PRESENTATION_STYLE_ASSIGNMENT((#1632));
#1607=PRESENTATION_STYLE_ASSIGNMENT((#1633));
#1608=PRESENTATION_STYLE_ASSIGNMENT((#1634));
#1609=PRESENTATION_STYLE_ASSIGNMENT((#1635));
#1610=SURFACE_STYLE_USAGE(.BOTH.,#1636);
#1611=SURFACE_STYLE_USAGE(.BOTH.,#1637);
#1612=SURFACE_STYLE_USAGE(.BOTH.,#1638);
#1613=SURFACE_STYLE_USAGE(.BOTH.,#1639);
#1614=SURFACE_STYLE_USAGE(.BOTH.,#1640);
#1615=SURFACE_STYLE_USAGE(.BOTH.,#1641);
#1616=SURFACE_STYLE_USAGE(.BOTH.,#1642);
#1617=SURFACE_STYLE_USAGE(.BOTH.,#1643);
#1618=SURFACE_STYLE_USAGE(.BOTH.,#1644);
#1619=SURFACE_STYLE_USAGE(.BOTH.,#1645);
#1620=SURFACE_STYLE_USAGE(.BOTH.,#1646);
#1621=SURFACE_STYLE_USAGE(.BOTH.,#1647);
#1622=SURFACE_STYLE_USAGE(.BOTH.,#1648);
#1623=SURFACE_STYLE_USAGE(.BOTH.,#1649);
#1624=SURFACE_STYLE_USAGE(.BOTH.,#1650);
#1625=SURFACE_STYLE_USAGE(.BOTH.,#1651);
#1626=SURFACE_STYLE_USAGE(.BOTH.,#1652);
#1627=SURFACE_STYLE_USAGE(.BOTH.,#1653);
#1628=SURFACE_STYLE_USAGE(.BOTH.,#1654);
#1629=SURFACE_STYLE_USAGE(.BOTH.,#1655);
#1630=SURFACE_STYLE_USAGE(.BOTH.,#1656);
#1631=SURFACE_STYLE_USAGE(.BOTH.,#1657);
#1632=SURFACE_STYLE_USAGE(.BOTH.,#1658);
#1633=SURFACE_STYLE_USAGE(.BOTH.,#1659);
#1634=SURFACE_STYLE_USAGE(.BOTH.,#1660);
#1635=SURFACE_STYLE_USAGE(.BOTH.,#1661);
#1636=SURFACE_SIDE_STYLE('',(#1662));
#1637=SURFACE_SIDE_STYLE('',(#1663));
#1638=SURFACE_SIDE_STYLE('',(#1664));
#1639=SURFACE_SIDE_STYLE('',(#1665));
#1640=SURFACE_SIDE_STYLE('',(#1666));
#1641=SURFACE_SIDE_STYLE('',(#1667));
#1642=SURFACE_SIDE_STYLE('',(#1668));
#1643=SURFACE_SIDE_STYLE('',(#1669));
#1644=SURFACE_SIDE_STYLE('',(#1670));
#1645=SURFACE_SIDE_STYLE('',(#1671));
#1646=SURFACE_SIDE_STYLE('',(#1672));
#1647=SURFACE_SIDE_STYLE('',(#1673));
#1648=SURFACE_SIDE_STYLE('',(#1674));
#1649=SURFACE_SIDE_STYLE('',(#1675));
#1650=SURFACE_SIDE_STYLE('',(#1676));
#1651=SURFACE_SIDE_STYLE('',(#1677));
#1652=SURFACE_SIDE_STYLE('',(#1678));
#1653=SURFACE_SIDE_STYLE('',(#1679));
#1654=SURFACE_SIDE_STYLE('',(#1680));
#1655=SURFACE_SIDE_STYLE('',(#1681));
#1656=SURFACE_SIDE_STYLE('',(#1682));
#1657=SURFACE_SIDE_STYLE('',(#1683));
#1658=SURFACE_SIDE_STYLE('',(#1684));
#1659=SURFACE_SIDE_STYLE('',(#1685));
#1660=SURFACE_SIDE_STYLE('',(#1686));
#1661=SURFACE_SIDE_STYLE('',(#1687));
#1662=SURFACE_STYLE_FILL_AREA(#1688);
#1663=SURFACE_STYLE_FILL_AREA(#1689);
#1664=SURFACE_STYLE_FILL_AREA(#1690);
#1665=SURFACE_STYLE_FILL_AREA(#1691);
#1666=SURFACE_STYLE_FILL_AREA(#1692);
#1667=SURFACE_STYLE_FILL_AREA(#1693);
#1668=SURFACE_STYLE_FILL_AREA(#1694);
#1669=SURFACE_STYLE_FILL_AREA(#1695);
#1670=SURFACE_STYLE_FILL_AREA(#1696);
#1671=SURFACE_STYLE_FILL_AREA(#1697);
#1672=SURFACE_STYLE_FILL_AREA(#1698);
#1673=SURFACE_STYLE_FILL_AREA(#1699);
#1674=SURFACE_STYLE_FILL_AREA(#1700);
#1675=SURFACE_STYLE_FILL_AREA(#1701);
#1676=SURFACE_STYLE_FILL_AREA(#1702);
#1677=SURFACE_STYLE_FILL_AREA(#1703);
#1678=SURFACE_STYLE_FILL_AREA(#1704);
#1679=SURFACE_STYLE_FILL_AREA(#1705);
#1680=SURFACE_STYLE_FILL_AREA(#1706);
#1681=SURFACE_STYLE_FILL_AREA(#1707);
#1682=SURFACE_STYLE_FILL_AREA(#1708);
#1683=SURFACE_STYLE_FILL_AREA(#1709);
#1684=SURFACE_STYLE_FILL_AREA(#1710);
#1685=SURFACE_STYLE_FILL_AREA(#1711);
#1686=SURFACE_STYLE_FILL_AREA(#1712);
#1687=SURFACE_STYLE_FILL_AREA(#1713);
#1688=FILL_AREA_STYLE('Steel - Satin',(#1714));
#1689=FILL_AREA_STYLE('Opaque(76,76,76)',(#1715));
#1690=FILL_AREA_STYLE('Opaque(51,51,51)',(#1716));
#1691=FILL_AREA_STYLE('Opaque(223,223,223)',(#1717));
#1692=FILL_AREA_STYLE('Opaque(255,255,255)',(#1718));
#1693=FILL_AREA_STYLE('Opaque(255,202,0)',(#1719));
#1694=FILL_AREA_STYLE('Opaque(152,170,175)',(#1720));
#1695=FILL_AREA_STYLE('Opaque(153,153,153)',(#1721));
#1696=FILL_AREA_STYLE('Opaque(195,225,190)',(#1722));
#1697=FILL_AREA_STYLE('Opaque(255,153,0)',(#1723));
#1698=FILL_AREA_STYLE('Opaque(204,255,51)',(#1724));
#1699=FILL_AREA_STYLE('Opaque(0,153,0)',(#1725));
#1700=FILL_AREA_STYLE('Opaque(153,102,51)',(#1726));
#1701=FILL_AREA_STYLE('Opaque(0,153,255)',(#1727));
#1702=FILL_AREA_STYLE('Opaque(230,235,235)',(#1728));
#1703=FILL_AREA_STYLE('Opaque(255,245,227)',(#1729));
#1704=FILL_AREA_STYLE('Opaque(204,0,0)',(#1730));
#1705=FILL_AREA_STYLE('Opaque(0,0,172)',(#1731));
#1706=FILL_AREA_STYLE('Opaque(255,248,56)',(#1732));
#1707=FILL_AREA_STYLE('Opaque(112,112,112)',(#1733));
#1708=FILL_AREA_STYLE('Opaque(112,121,128)',(#1734));
#1709=FILL_AREA_STYLE('Opaque(234,234,234)',(#1735));
#1710=FILL_AREA_STYLE('Opaque(95,167,61)',(#1736));
#1711=FILL_AREA_STYLE('Opaque(131,188,104)',(#1737));
#1712=FILL_AREA_STYLE('Opaque(30,23,23)',(#1738));
#1713=FILL_AREA_STYLE('Opaque(202,209,238)',(#1739));
#1714=FILL_AREA_STYLE_COLOUR('Steel - Satin',#1740);
#1715=FILL_AREA_STYLE_COLOUR('Opaque(76,76,76)',#1741);
#1716=FILL_AREA_STYLE_COLOUR('Opaque(51,51,51)',#1742);
#1717=FILL_AREA_STYLE_COLOUR('Opaque(223,223,223)',#1743);
#1718=FILL_AREA_STYLE_COLOUR('Opaque(255,255,255)',#1744);
#1719=FILL_AREA_STYLE_COLOUR('Opaque(255,202,0)',#1745);
#1720=FILL_AREA_STYLE_COLOUR('Opaque(152,170,175)',#1746);
#1721=FILL_AREA_STYLE_COLOUR('Opaque(153,153,153)',#1747);
#1722=FILL_AREA_STYLE_COLOUR('Opaque(195,225,190)',#1748);
#1723=FILL_AREA_STYLE_COLOUR('Opaque(255,153,0)',#1749);
#1724=FILL_AREA_STYLE_COLOUR('Opaque(204,255,51)',#1750);
#1725=FILL_AREA_STYLE_COLOUR('Opaque(0,153,0)',#1751);
#1726=FILL_AREA_STYLE_COLOUR('Opaque(153,102,51)',#1752);
#1727=FILL_AREA_STYLE_COLOUR('Opaque(0,153,255)',#1753);
#1728=FILL_AREA_STYLE_COLOUR('Opaque(230,235,235)',#1754);
#1729=FILL_AREA_STYLE_COLOUR('Opaque(255,245,227)',#1755);
#1730=FILL_AREA_STYLE_COLOUR('Opaque(204,0,0)',#1756);
#1731=FILL_AREA_STYLE_COLOUR('Opaque(0,0,172)',#1757);
#1732=FILL_AREA_STYLE_COLOUR('Opaque(255,248,56)',#1758);
#1733=FILL_AREA_STYLE_COLOUR('Opaque(112,112,112)',#1759);
#1734=FILL_AREA_STYLE_COLOUR('Opaque(112,121,128)',#1760);
#1735=FILL_AREA_STYLE_COLOUR('Opaque(234,234,234)',#1761);
#1736=FILL_AREA_STYLE_COLOUR('Opaque(95,167,61)',#1762);
#1737=FILL_AREA_STYLE_COLOUR('Opaque(131,188,104)',#1763);
#1738=FILL_AREA_STYLE_COLOUR('Opaque(30,23,23)',#1764);
#1739=FILL_AREA_STYLE_COLOUR('Opaque(202,209,238)',#1765);
#1740=COLOUR_RGB('Steel - Satin',0.627450980392157,0.627450980392157,0.627450980392157);
#1741=COLOUR_RGB('Opaque(76,76,76)',0.298039215686275,0.298039215686275,
0.298039215686275);
#1742=COLOUR_RGB('Opaque(51,51,51)',0.2,0.2,0.2);
#1743=COLOUR_RGB('Opaque(223,223,223)',0.874509803921569,0.874509803921569,
0.874509803921569);
#1744=COLOUR_RGB('Opaque(255,255,255)',1.,1.,1.);
#1745=COLOUR_RGB('Opaque(255,202,0)',1.,0.792156862745098,0.);
#1746=COLOUR_RGB('Opaque(152,170,175)',0.596078431372549,0.666666666666667,
0.686274509803922);
#1747=COLOUR_RGB('Opaque(153,153,153)',0.6,0.6,0.6);
#1748=COLOUR_RGB('Opaque(195,225,190)',0.764705882352941,0.882352941176471,
0.745098039215686);
#1749=COLOUR_RGB('Opaque(255,153,0)',1.,0.6,0.);
#1750=COLOUR_RGB('Opaque(204,255,51)',0.8,1.,0.2);
#1751=COLOUR_RGB('Opaque(0,153,0)',0.,0.6,0.);
#1752=COLOUR_RGB('Opaque(153,102,51)',0.6,0.4,0.2);
#1753=COLOUR_RGB('Opaque(0,153,255)',0.,0.6,1.);
#1754=COLOUR_RGB('Opaque(230,235,235)',0.901960784313726,0.92156862745098,
0.92156862745098);
#1755=COLOUR_RGB('Opaque(255,245,227)',1.,0.96078431372549,0.890196078431372);
#1756=COLOUR_RGB('Opaque(204,0,0)',0.8,0.,0.);
#1757=COLOUR_RGB('Opaque(0,0,172)',0.,0.,0.674509803921569);
#1758=COLOUR_RGB('Opaque(255,248,56)',1.,0.972549019607843,0.219607843137255);
#1759=COLOUR_RGB('Opaque(112,112,112)',0.43921568627451,0.43921568627451,
0.43921568627451);
#1760=COLOUR_RGB('Opaque(112,121,128)',0.43921568627451,0.474509803921569,
0.501960784313725);
#1761=COLOUR_RGB('Opaque(234,234,234)',0.917647058823529,0.917647058823529,
0.917647058823529);
#1762=COLOUR_RGB('Opaque(95,167,61)',0.372549019607843,0.654901960784314,
0.23921568627451);
#1763=COLOUR_RGB('Opaque(131,188,104)',0.513725490196078,0.737254901960784,
0.407843137254902);
#1764=COLOUR_RGB('Opaque(30,23,23)',0.117647058823529,0.0901960784313725,
0.0901960784313725);
#1765=COLOUR_RGB('Opaque(202,209,238)',0.792156862745098,0.819607843137255,
0.933333333333333);
ENDSEC;
END-ISO-10303-21;
