ISO-10303-21;
HEADER;
/* Generated by software containing ST-Developer
 * from STEP Tools, Inc. (www.steptools.com) 
 */

FILE_DESCRIPTION(
/* description */ (
'Spur Gear; Module: 1.0; Num Teeth: 16; Pressure Angle: 20.0; Backlash
: 0.00 mm'),
/* implementation_level */ '2;1');

FILE_NAME(
/* name */ 'left arm 1.step',
/* time_stamp */ '2026-08-17T14:48:13-04:00',
/* author */ (''),
/* organization */ (''),
/* preprocessor_version */ 'ST-DEVELOPER v20.1',
/* originating_system */ 'Autodesk Translation Framework v15.8.0.0',
/* authorisation */ '');

FILE_SCHEMA (('AUTOMOTIVE_DESIGN { 1 0 10303 214 3 1 1 }'));
ENDSEC;

DATA;
#10=MECHANICAL_DESIGN_GEOMETRIC_PRESENTATION_REPRESENTATION('',(#13),#5070);
#11=SHAPE_REPRESENTATION_RELATIONSHIP('SRR','None',#5077,#12);
#12=ADVANCED_BREP_SHAPE_REPRESENTATION('',(#14),#5069);
#13=STYLED_ITEM('',(#5086),#14);
#14=MANIFOLD_SOLID_BREP('Body153',#2940);
#15=FACE_BOUND('',#439,.T.);
#16=FACE_BOUND('',#442,.T.);
#17=FACE_BOUND('',#446,.T.);
#18=FACE_BOUND('',#448,.T.);
#19=FACE_BOUND('',#450,.T.);
#20=FACE_BOUND('',#581,.T.);
#21=FACE_BOUND('',#583,.T.);
#22=CIRCLE('',#2961,13.9520616588831);
#23=CIRCLE('',#2962,13.9520616588831);
#24=CIRCLE('',#2963,13.9520616588831);
#25=CIRCLE('',#2964,13.9520616588831);
#26=CIRCLE('',#2965,13.9520616588831);
#27=CIRCLE('',#2971,1.29999999999999);
#28=CIRCLE('',#2974,2.5);
#29=CIRCLE('',#2975,0.05000000000001);
#30=CIRCLE('',#2976,0.100000000000085);
#31=CIRCLE('',#2977,0.0499999999999848);
#32=CIRCLE('',#2978,2.5);
#33=CIRCLE('',#2979,0.0499999999999974);
#34=CIRCLE('',#2980,0.0999999999999847);
#35=CIRCLE('',#2981,0.0500000000000249);
#36=CIRCLE('',#2982,2.5);
#37=CIRCLE('',#2983,0.0499999999999954);
#38=CIRCLE('',#2984,0.100000000000045);
#39=CIRCLE('',#2985,0.0500000000000135);
#40=CIRCLE('',#2986,2.5);
#41=CIRCLE('',#2987,0.0499999999999947);
#42=CIRCLE('',#2988,0.100000000000007);
#43=CIRCLE('',#2989,0.0500000000000016);
#44=CIRCLE('',#2990,2.5);
#45=CIRCLE('',#2991,0.0499999999999837);
#46=CIRCLE('',#2992,0.0999999999999932);
#47=CIRCLE('',#2993,0.049999999999975);
#48=CIRCLE('',#2994,2.5);
#49=CIRCLE('',#2995,0.0499999999999896);
#50=CIRCLE('',#2996,0.0999999999999761);
#51=CIRCLE('',#2997,0.0499999999999737);
#52=CIRCLE('',#2998,2.5);
#53=CIRCLE('',#2999,0.0500000000000094);
#54=CIRCLE('',#3000,0.0999999999999877);
#55=CIRCLE('',#3001,0.0499999999999883);
#56=CIRCLE('',#3002,2.5);
#57=CIRCLE('',#3003,0.0499999999999954);
#58=CIRCLE('',#3004,0.099999999999956);
#59=CIRCLE('',#3005,0.0500000000000313);
#60=CIRCLE('',#3006,2.5);
#61=CIRCLE('',#3007,0.0500000000000146);
#62=CIRCLE('',#3008,0.0999999999999904);
#63=CIRCLE('',#3009,0.0499999999999861);
#64=CIRCLE('',#3010,2.5);
#65=CIRCLE('',#3011,0.0500000000000175);
#66=CIRCLE('',#3012,0.0999999999999932);
#67=CIRCLE('',#3013,0.0500000000000488);
#68=CIRCLE('',#3014,2.5);
#69=CIRCLE('',#3015,0.0499999999999898);
#70=CIRCLE('',#3016,0.100000000000006);
#71=CIRCLE('',#3017,0.0499999999999665);
#72=CIRCLE('',#3018,2.5);
#73=CIRCLE('',#3019,0.0499999999999974);
#74=CIRCLE('',#3020,0.0999999999999653);
#75=CIRCLE('',#3021,0.0499999999999932);
#76=CIRCLE('',#3022,2.5);
#77=CIRCLE('',#3023,0.0500000000000015);
#78=CIRCLE('',#3024,0.099999999999956);
#79=CIRCLE('',#3025,0.049999999999978);
#80=CIRCLE('',#3026,2.5);
#81=CIRCLE('',#3027,0.0499999999999947);
#82=CIRCLE('',#3028,0.100000000000049);
#83=CIRCLE('',#3029,0.0499999999999895);
#84=CIRCLE('',#3030,2.5);
#85=CIRCLE('',#3031,0.0499999999999912);
#86=CIRCLE('',#3032,0.0999999999999932);
#87=CIRCLE('',#3033,0.0499999999999783);
#88=CIRCLE('',#3034,2.5);
#89=CIRCLE('',#3035,0.0499999999999796);
#90=CIRCLE('',#3036,0.100000000000068);
#91=CIRCLE('',#3037,0.0499999999999737);
#92=CIRCLE('',#3038,2.5);
#93=CIRCLE('',#3039,0.0499999999999977);
#94=CIRCLE('',#3040,0.0999999999999931);
#95=CIRCLE('',#3041,0.0500000000000242);
#96=CIRCLE('',#3042,2.5);
#97=CIRCLE('',#3043,0.0500000000000331);
#98=CIRCLE('',#3044,0.100000000000063);
#99=CIRCLE('',#3045,0.0499999999999513);
#100=CIRCLE('',#3046,2.5);
#101=CIRCLE('',#3047,0.0500000000000581);
#102=CIRCLE('',#3048,0.100000000000054);
#103=CIRCLE('',#3049,0.0500000000000037);
#104=CIRCLE('',#3050,2.5);
#105=CIRCLE('',#3051,0.0500000000000101);
#106=CIRCLE('',#3052,0.0999999999999932);
#107=CIRCLE('',#3053,0.0500000000000488);
#108=CIRCLE('',#3055,1.29999999999999);
#109=CIRCLE('',#3056,1.29999999999999);
#110=CIRCLE('',#3065,1.29999999999999);
#111=CIRCLE('',#3071,2.5);
#112=CIRCLE('',#3073,0.0499999999999898);
#113=CIRCLE('',#3076,0.100000000000006);
#114=CIRCLE('',#3079,0.0499999999999665);
#115=CIRCLE('',#3081,2.5);
#116=CIRCLE('',#3083,0.0499999999999974);
#117=CIRCLE('',#3086,0.0999999999999653);
#118=CIRCLE('',#3089,0.0499999999999932);
#119=CIRCLE('',#3091,2.5);
#120=CIRCLE('',#3093,0.0500000000000015);
#121=CIRCLE('',#3096,0.099999999999956);
#122=CIRCLE('',#3099,0.049999999999978);
#123=CIRCLE('',#3101,2.5);
#124=CIRCLE('',#3103,0.0499999999999947);
#125=CIRCLE('',#3106,0.100000000000049);
#126=CIRCLE('',#3109,0.0499999999999895);
#127=CIRCLE('',#3111,2.5);
#128=CIRCLE('',#3113,0.0499999999999912);
#129=CIRCLE('',#3116,0.0999999999999932);
#130=CIRCLE('',#3119,0.0499999999999783);
#131=CIRCLE('',#3121,2.5);
#132=CIRCLE('',#3123,0.0499999999999796);
#133=CIRCLE('',#3126,0.100000000000068);
#134=CIRCLE('',#3129,0.0499999999999737);
#135=CIRCLE('',#3131,2.5);
#136=CIRCLE('',#3133,0.0499999999999977);
#137=CIRCLE('',#3136,0.0999999999999931);
#138=CIRCLE('',#3139,0.0500000000000242);
#139=CIRCLE('',#3141,2.5);
#140=CIRCLE('',#3143,0.0500000000000331);
#141=CIRCLE('',#3146,0.100000000000063);
#142=CIRCLE('',#3149,0.0499999999999513);
#143=CIRCLE('',#3151,2.5);
#144=CIRCLE('',#3153,0.0500000000000581);
#145=CIRCLE('',#3156,0.100000000000054);
#146=CIRCLE('',#3159,0.0500000000000037);
#147=CIRCLE('',#3161,2.5);
#148=CIRCLE('',#3163,0.0500000000000101);
#149=CIRCLE('',#3166,0.0999999999999932);
#150=CIRCLE('',#3169,0.0500000000000488);
#151=CIRCLE('',#3171,0.750000000000002);
#152=CIRCLE('',#3172,0.750000000000002);
#153=CIRCLE('',#3174,2.5);
#154=CIRCLE('',#3176,0.05000000000001);
#155=CIRCLE('',#3179,0.100000000000085);
#156=CIRCLE('',#3182,0.0499999999999848);
#157=CIRCLE('',#3184,2.5);
#158=CIRCLE('',#3186,0.0499999999999974);
#159=CIRCLE('',#3189,0.0999999999999847);
#160=CIRCLE('',#3192,0.0500000000000249);
#161=CIRCLE('',#3194,2.5);
#162=CIRCLE('',#3196,0.0499999999999954);
#163=CIRCLE('',#3199,0.100000000000045);
#164=CIRCLE('',#3202,0.0500000000000135);
#165=CIRCLE('',#3204,2.5);
#166=CIRCLE('',#3206,0.0499999999999947);
#167=CIRCLE('',#3209,0.100000000000007);
#168=CIRCLE('',#3212,0.0500000000000016);
#169=CIRCLE('',#3214,2.5);
#170=CIRCLE('',#3216,0.0499999999999837);
#171=CIRCLE('',#3219,0.0999999999999932);
#172=CIRCLE('',#3222,0.049999999999975);
#173=CIRCLE('',#3224,2.5);
#174=CIRCLE('',#3226,0.0499999999999896);
#175=CIRCLE('',#3229,0.0999999999999761);
#176=CIRCLE('',#3232,0.0499999999999737);
#177=CIRCLE('',#3234,2.5);
#178=CIRCLE('',#3236,0.0500000000000094);
#179=CIRCLE('',#3239,0.0999999999999877);
#180=CIRCLE('',#3242,0.0499999999999883);
#181=CIRCLE('',#3244,2.5);
#182=CIRCLE('',#3246,0.0499999999999954);
#183=CIRCLE('',#3249,0.099999999999956);
#184=CIRCLE('',#3252,0.0500000000000313);
#185=CIRCLE('',#3254,2.5);
#186=CIRCLE('',#3256,0.0500000000000146);
#187=CIRCLE('',#3259,0.0999999999999904);
#188=CIRCLE('',#3262,0.0499999999999861);
#189=CIRCLE('',#3264,2.5);
#190=CIRCLE('',#3266,0.0500000000000175);
#191=CIRCLE('',#3269,0.0999999999999932);
#192=CIRCLE('',#3272,0.0500000000000488);
#193=CYLINDRICAL_SURFACE('',#2960,13.9520616588831);
#194=CYLINDRICAL_SURFACE('',#3054,1.29999999999999);
#195=CYLINDRICAL_SURFACE('',#3064,1.29999999999999);
#196=CYLINDRICAL_SURFACE('',#3070,2.5);
#197=CYLINDRICAL_SURFACE('',#3072,0.0499999999999898);
#198=CYLINDRICAL_SURFACE('',#3075,0.100000000000006);
#199=CYLINDRICAL_SURFACE('',#3078,0.0499999999999665);
#200=CYLINDRICAL_SURFACE('',#3080,2.5);
#201=CYLINDRICAL_SURFACE('',#3082,0.0499999999999974);
#202=CYLINDRICAL_SURFACE('',#3085,0.0999999999999653);
#203=CYLINDRICAL_SURFACE('',#3088,0.0499999999999932);
#204=CYLINDRICAL_SURFACE('',#3090,2.5);
#205=CYLINDRICAL_SURFACE('',#3092,0.0500000000000015);
#206=CYLINDRICAL_SURFACE('',#3095,0.099999999999956);
#207=CYLINDRICAL_SURFACE('',#3098,0.049999999999978);
#208=CYLINDRICAL_SURFACE('',#3100,2.5);
#209=CYLINDRICAL_SURFACE('',#3102,0.0499999999999947);
#210=CYLINDRICAL_SURFACE('',#3105,0.100000000000049);
#211=CYLINDRICAL_SURFACE('',#3108,0.0499999999999895);
#212=CYLINDRICAL_SURFACE('',#3110,2.5);
#213=CYLINDRICAL_SURFACE('',#3112,0.0499999999999912);
#214=CYLINDRICAL_SURFACE('',#3115,0.0999999999999932);
#215=CYLINDRICAL_SURFACE('',#3118,0.0499999999999783);
#216=CYLINDRICAL_SURFACE('',#3120,2.5);
#217=CYLINDRICAL_SURFACE('',#3122,0.0499999999999796);
#218=CYLINDRICAL_SURFACE('',#3125,0.100000000000068);
#219=CYLINDRICAL_SURFACE('',#3128,0.0499999999999737);
#220=CYLINDRICAL_SURFACE('',#3130,2.5);
#221=CYLINDRICAL_SURFACE('',#3132,0.0499999999999977);
#222=CYLINDRICAL_SURFACE('',#3135,0.0999999999999931);
#223=CYLINDRICAL_SURFACE('',#3138,0.0500000000000242);
#224=CYLINDRICAL_SURFACE('',#3140,2.5);
#225=CYLINDRICAL_SURFACE('',#3142,0.0500000000000331);
#226=CYLINDRICAL_SURFACE('',#3145,0.100000000000063);
#227=CYLINDRICAL_SURFACE('',#3148,0.0499999999999513);
#228=CYLINDRICAL_SURFACE('',#3150,2.5);
#229=CYLINDRICAL_SURFACE('',#3152,0.0500000000000581);
#230=CYLINDRICAL_SURFACE('',#3155,0.100000000000054);
#231=CYLINDRICAL_SURFACE('',#3158,0.0500000000000037);
#232=CYLINDRICAL_SURFACE('',#3160,2.5);
#233=CYLINDRICAL_SURFACE('',#3162,0.0500000000000101);
#234=CYLINDRICAL_SURFACE('',#3165,0.0999999999999932);
#235=CYLINDRICAL_SURFACE('',#3168,0.0500000000000488);
#236=CYLINDRICAL_SURFACE('',#3170,0.750000000000002);
#237=CYLINDRICAL_SURFACE('',#3173,2.5);
#238=CYLINDRICAL_SURFACE('',#3175,0.05000000000001);
#239=CYLINDRICAL_SURFACE('',#3178,0.100000000000085);
#240=CYLINDRICAL_SURFACE('',#3181,0.0499999999999848);
#241=CYLINDRICAL_SURFACE('',#3183,2.5);
#242=CYLINDRICAL_SURFACE('',#3185,0.0499999999999974);
#243=CYLINDRICAL_SURFACE('',#3188,0.0999999999999847);
#244=CYLINDRICAL_SURFACE('',#3191,0.0500000000000249);
#245=CYLINDRICAL_SURFACE('',#3193,2.5);
#246=CYLINDRICAL_SURFACE('',#3195,0.0499999999999954);
#247=CYLINDRICAL_SURFACE('',#3198,0.100000000000045);
#248=CYLINDRICAL_SURFACE('',#3201,0.0500000000000135);
#249=CYLINDRICAL_SURFACE('',#3203,2.5);
#250=CYLINDRICAL_SURFACE('',#3205,0.0499999999999947);
#251=CYLINDRICAL_SURFACE('',#3208,0.100000000000007);
#252=CYLINDRICAL_SURFACE('',#3211,0.0500000000000016);
#253=CYLINDRICAL_SURFACE('',#3213,2.5);
#254=CYLINDRICAL_SURFACE('',#3215,0.0499999999999837);
#255=CYLINDRICAL_SURFACE('',#3218,0.0999999999999932);
#256=CYLINDRICAL_SURFACE('',#3221,0.049999999999975);
#257=CYLINDRICAL_SURFACE('',#3223,2.5);
#258=CYLINDRICAL_SURFACE('',#3225,0.0499999999999896);
#259=CYLINDRICAL_SURFACE('',#3228,0.0999999999999761);
#260=CYLINDRICAL_SURFACE('',#3231,0.0499999999999737);
#261=CYLINDRICAL_SURFACE('',#3233,2.5);
#262=CYLINDRICAL_SURFACE('',#3235,0.0500000000000094);
#263=CYLINDRICAL_SURFACE('',#3238,0.0999999999999877);
#264=CYLINDRICAL_SURFACE('',#3241,0.0499999999999883);
#265=CYLINDRICAL_SURFACE('',#3243,2.5);
#266=CYLINDRICAL_SURFACE('',#3245,0.0499999999999954);
#267=CYLINDRICAL_SURFACE('',#3248,0.099999999999956);
#268=CYLINDRICAL_SURFACE('',#3251,0.0500000000000313);
#269=CYLINDRICAL_SURFACE('',#3253,2.5);
#270=CYLINDRICAL_SURFACE('',#3255,0.0500000000000146);
#271=CYLINDRICAL_SURFACE('',#3258,0.0999999999999904);
#272=CYLINDRICAL_SURFACE('',#3261,0.0499999999999861);
#273=CYLINDRICAL_SURFACE('',#3263,2.5);
#274=CYLINDRICAL_SURFACE('',#3265,0.0500000000000175);
#275=CYLINDRICAL_SURFACE('',#3268,0.0999999999999932);
#276=CYLINDRICAL_SURFACE('',#3271,0.0500000000000488);
#277=FACE_OUTER_BOUND('',#427,.T.);
#278=FACE_OUTER_BOUND('',#428,.T.);
#279=FACE_OUTER_BOUND('',#429,.T.);
#280=FACE_OUTER_BOUND('',#430,.T.);
#281=FACE_OUTER_BOUND('',#431,.T.);
#282=FACE_OUTER_BOUND('',#432,.T.);
#283=FACE_OUTER_BOUND('',#433,.T.);
#284=FACE_OUTER_BOUND('',#434,.T.);
#285=FACE_OUTER_BOUND('',#435,.T.);
#286=FACE_OUTER_BOUND('',#436,.T.);
#287=FACE_OUTER_BOUND('',#437,.T.);
#288=FACE_OUTER_BOUND('',#438,.T.);
#289=FACE_OUTER_BOUND('',#440,.T.);
#290=FACE_OUTER_BOUND('',#441,.T.);
#291=FACE_OUTER_BOUND('',#443,.T.);
#292=FACE_OUTER_BOUND('',#444,.T.);
#293=FACE_OUTER_BOUND('',#445,.T.);
#294=FACE_OUTER_BOUND('',#447,.T.);
#295=FACE_OUTER_BOUND('',#449,.T.);
#296=FACE_OUTER_BOUND('',#451,.T.);
#297=FACE_OUTER_BOUND('',#452,.T.);
#298=FACE_OUTER_BOUND('',#453,.T.);
#299=FACE_OUTER_BOUND('',#454,.T.);
#300=FACE_OUTER_BOUND('',#455,.T.);
#301=FACE_OUTER_BOUND('',#456,.T.);
#302=FACE_OUTER_BOUND('',#457,.T.);
#303=FACE_OUTER_BOUND('',#458,.T.);
#304=FACE_OUTER_BOUND('',#459,.T.);
#305=FACE_OUTER_BOUND('',#460,.T.);
#306=FACE_OUTER_BOUND('',#461,.T.);
#307=FACE_OUTER_BOUND('',#462,.T.);
#308=FACE_OUTER_BOUND('',#463,.T.);
#309=FACE_OUTER_BOUND('',#464,.T.);
#310=FACE_OUTER_BOUND('',#465,.T.);
#311=FACE_OUTER_BOUND('',#466,.T.);
#312=FACE_OUTER_BOUND('',#467,.T.);
#313=FACE_OUTER_BOUND('',#468,.T.);
#314=FACE_OUTER_BOUND('',#469,.T.);
#315=FACE_OUTER_BOUND('',#470,.T.);
#316=FACE_OUTER_BOUND('',#471,.T.);
#317=FACE_OUTER_BOUND('',#472,.T.);
#318=FACE_OUTER_BOUND('',#473,.T.);
#319=FACE_OUTER_BOUND('',#474,.T.);
#320=FACE_OUTER_BOUND('',#475,.T.);
#321=FACE_OUTER_BOUND('',#476,.T.);
#322=FACE_OUTER_BOUND('',#477,.T.);
#323=FACE_OUTER_BOUND('',#478,.T.);
#324=FACE_OUTER_BOUND('',#479,.T.);
#325=FACE_OUTER_BOUND('',#480,.T.);
#326=FACE_OUTER_BOUND('',#481,.T.);
#327=FACE_OUTER_BOUND('',#482,.T.);
#328=FACE_OUTER_BOUND('',#483,.T.);
#329=FACE_OUTER_BOUND('',#484,.T.);
#330=FACE_OUTER_BOUND('',#485,.T.);
#331=FACE_OUTER_BOUND('',#486,.T.);
#332=FACE_OUTER_BOUND('',#487,.T.);
#333=FACE_OUTER_BOUND('',#488,.T.);
#334=FACE_OUTER_BOUND('',#489,.T.);
#335=FACE_OUTER_BOUND('',#490,.T.);
#336=FACE_OUTER_BOUND('',#491,.T.);
#337=FACE_OUTER_BOUND('',#492,.T.);
#338=FACE_OUTER_BOUND('',#493,.T.);
#339=FACE_OUTER_BOUND('',#494,.T.);
#340=FACE_OUTER_BOUND('',#495,.T.);
#341=FACE_OUTER_BOUND('',#496,.T.);
#342=FACE_OUTER_BOUND('',#497,.T.);
#343=FACE_OUTER_BOUND('',#498,.T.);
#344=FACE_OUTER_BOUND('',#499,.T.);
#345=FACE_OUTER_BOUND('',#500,.T.);
#346=FACE_OUTER_BOUND('',#501,.T.);
#347=FACE_OUTER_BOUND('',#502,.T.);
#348=FACE_OUTER_BOUND('',#503,.T.);
#349=FACE_OUTER_BOUND('',#504,.T.);
#350=FACE_OUTER_BOUND('',#505,.T.);
#351=FACE_OUTER_BOUND('',#506,.T.);
#352=FACE_OUTER_BOUND('',#507,.T.);
#353=FACE_OUTER_BOUND('',#508,.T.);
#354=FACE_OUTER_BOUND('',#509,.T.);
#355=FACE_OUTER_BOUND('',#510,.T.);
#356=FACE_OUTER_BOUND('',#511,.T.);
#357=FACE_OUTER_BOUND('',#512,.T.);
#358=FACE_OUTER_BOUND('',#513,.T.);
#359=FACE_OUTER_BOUND('',#514,.T.);
#360=FACE_OUTER_BOUND('',#515,.T.);
#361=FACE_OUTER_BOUND('',#516,.T.);
#362=FACE_OUTER_BOUND('',#517,.T.);
#363=FACE_OUTER_BOUND('',#518,.T.);
#364=FACE_OUTER_BOUND('',#519,.T.);
#365=FACE_OUTER_BOUND('',#520,.T.);
#366=FACE_OUTER_BOUND('',#521,.T.);
#367=FACE_OUTER_BOUND('',#522,.T.);
#368=FACE_OUTER_BOUND('',#523,.T.);
#369=FACE_OUTER_BOUND('',#524,.T.);
#370=FACE_OUTER_BOUND('',#525,.T.);
#371=FACE_OUTER_BOUND('',#526,.T.);
#372=FACE_OUTER_BOUND('',#527,.T.);
#373=FACE_OUTER_BOUND('',#528,.T.);
#374=FACE_OUTER_BOUND('',#529,.T.);
#375=FACE_OUTER_BOUND('',#530,.T.);
#376=FACE_OUTER_BOUND('',#531,.T.);
#377=FACE_OUTER_BOUND('',#532,.T.);
#378=FACE_OUTER_BOUND('',#533,.T.);
#379=FACE_OUTER_BOUND('',#534,.T.);
#380=FACE_OUTER_BOUND('',#535,.T.);
#381=FACE_OUTER_BOUND('',#536,.T.);
#382=FACE_OUTER_BOUND('',#537,.T.);
#383=FACE_OUTER_BOUND('',#538,.T.);
#384=FACE_OUTER_BOUND('',#539,.T.);
#385=FACE_OUTER_BOUND('',#540,.T.);
#386=FACE_OUTER_BOUND('',#541,.T.);
#387=FACE_OUTER_BOUND('',#542,.T.);
#388=FACE_OUTER_BOUND('',#543,.T.);
#389=FACE_OUTER_BOUND('',#544,.T.);
#390=FACE_OUTER_BOUND('',#545,.T.);
#391=FACE_OUTER_BOUND('',#546,.T.);
#392=FACE_OUTER_BOUND('',#547,.T.);
#393=FACE_OUTER_BOUND('',#548,.T.);
#394=FACE_OUTER_BOUND('',#549,.T.);
#395=FACE_OUTER_BOUND('',#550,.T.);
#396=FACE_OUTER_BOUND('',#551,.T.);
#397=FACE_OUTER_BOUND('',#552,.T.);
#398=FACE_OUTER_BOUND('',#553,.T.);
#399=FACE_OUTER_BOUND('',#554,.T.);
#400=FACE_OUTER_BOUND('',#555,.T.);
#401=FACE_OUTER_BOUND('',#556,.T.);
#402=FACE_OUTER_BOUND('',#557,.T.);
#403=FACE_OUTER_BOUND('',#558,.T.);
#404=FACE_OUTER_BOUND('',#559,.T.);
#405=FACE_OUTER_BOUND('',#560,.T.);
#406=FACE_OUTER_BOUND('',#561,.T.);
#407=FACE_OUTER_BOUND('',#562,.T.);
#408=FACE_OUTER_BOUND('',#563,.T.);
#409=FACE_OUTER_BOUND('',#564,.T.);
#410=FACE_OUTER_BOUND('',#565,.T.);
#411=FACE_OUTER_BOUND('',#566,.T.);
#412=FACE_OUTER_BOUND('',#567,.T.);
#413=FACE_OUTER_BOUND('',#568,.T.);
#414=FACE_OUTER_BOUND('',#569,.T.);
#415=FACE_OUTER_BOUND('',#570,.T.);
#416=FACE_OUTER_BOUND('',#571,.T.);
#417=FACE_OUTER_BOUND('',#572,.T.);
#418=FACE_OUTER_BOUND('',#573,.T.);
#419=FACE_OUTER_BOUND('',#574,.T.);
#420=FACE_OUTER_BOUND('',#575,.T.);
#421=FACE_OUTER_BOUND('',#576,.T.);
#422=FACE_OUTER_BOUND('',#577,.T.);
#423=FACE_OUTER_BOUND('',#578,.T.);
#424=FACE_OUTER_BOUND('',#579,.T.);
#425=FACE_OUTER_BOUND('',#580,.T.);
#426=FACE_OUTER_BOUND('',#582,.T.);
#427=EDGE_LOOP('',(#1848,#1849,#1850,#1851));
#428=EDGE_LOOP('',(#1852,#1853,#1854,#1855));
#429=EDGE_LOOP('',(#1856,#1857,#1858,#1859));
#430=EDGE_LOOP('',(#1860,#1861,#1862,#1863));
#431=EDGE_LOOP('',(#1864,#1865,#1866,#1867));
#432=EDGE_LOOP('',(#1868,#1869,#1870,#1871));
#433=EDGE_LOOP('',(#1872,#1873,#1874,#1875,#1876,#1877,#1878,#1879,#1880,
#1881,#1882));
#434=EDGE_LOOP('',(#1883,#1884,#1885,#1886));
#435=EDGE_LOOP('',(#1887,#1888,#1889,#1890));
#436=EDGE_LOOP('',(#1891,#1892,#1893,#1894,#1895,#1896));
#437=EDGE_LOOP('',(#1897,#1898,#1899,#1900,#1901,#1902));
#438=EDGE_LOOP('',(#1903,#1904,#1905,#1906,#1907,#1908));
#439=EDGE_LOOP('',(#1909));
#440=EDGE_LOOP('',(#1910,#1911,#1912,#1913,#1914,#1915,#1916,#1917,#1918,
#1919,#1920,#1921));
#441=EDGE_LOOP('',(#1922,#1923,#1924,#1925));
#442=EDGE_LOOP('',(#1926,#1927,#1928,#1929,#1930,#1931,#1932,#1933,#1934,
#1935,#1936,#1937,#1938,#1939,#1940,#1941,#1942,#1943,#1944,#1945,#1946,
#1947,#1948,#1949,#1950,#1951,#1952,#1953,#1954,#1955,#1956,#1957,#1958,
#1959,#1960,#1961,#1962,#1963,#1964,#1965,#1966,#1967,#1968,#1969,#1970,
#1971,#1972,#1973,#1974,#1975,#1976,#1977,#1978,#1979,#1980,#1981,#1982,
#1983,#1984,#1985,#1986,#1987,#1988,#1989,#1990,#1991,#1992,#1993,#1994,
#1995,#1996,#1997,#1998,#1999,#2000,#2001,#2002,#2003,#2004,#2005,#2006,
#2007,#2008,#2009,#2010,#2011,#2012,#2013,#2014,#2015,#2016,#2017,#2018,
#2019,#2020,#2021,#2022,#2023,#2024,#2025,#2026,#2027,#2028,#2029,#2030,
#2031,#2032,#2033,#2034,#2035,#2036,#2037,#2038,#2039,#2040,#2041,#2042,
#2043,#2044,#2045));
#443=EDGE_LOOP('',(#2046,#2047,#2048,#2049));
#444=EDGE_LOOP('',(#2050));
#445=EDGE_LOOP('',(#2051,#2052,#2053,#2054,#2055,#2056));
#446=EDGE_LOOP('',(#2057,#2058,#2059,#2060));
#447=EDGE_LOOP('',(#2061,#2062,#2063,#2064));
#448=EDGE_LOOP('',(#2065,#2066,#2067,#2068));
#449=EDGE_LOOP('',(#2069,#2070,#2071,#2072,#2073,#2074));
#450=EDGE_LOOP('',(#2075));
#451=EDGE_LOOP('',(#2076,#2077,#2078,#2079));
#452=EDGE_LOOP('',(#2080,#2081,#2082,#2083));
#453=EDGE_LOOP('',(#2084,#2085,#2086,#2087));
#454=EDGE_LOOP('',(#2088,#2089,#2090,#2091));
#455=EDGE_LOOP('',(#2092));
#456=EDGE_LOOP('',(#2093,#2094,#2095,#2096));
#457=EDGE_LOOP('',(#2097,#2098,#2099,#2100,#2101,#2102,#2103,#2104,#2105,
#2106,#2107,#2108));
#458=EDGE_LOOP('',(#2109,#2110,#2111,#2112));
#459=EDGE_LOOP('',(#2113,#2114,#2115,#2116));
#460=EDGE_LOOP('',(#2117,#2118,#2119,#2120));
#461=EDGE_LOOP('',(#2121,#2122,#2123,#2124));
#462=EDGE_LOOP('',(#2125,#2126,#2127,#2128));
#463=EDGE_LOOP('',(#2129,#2130,#2131,#2132));
#464=EDGE_LOOP('',(#2133,#2134,#2135,#2136));
#465=EDGE_LOOP('',(#2137,#2138,#2139,#2140));
#466=EDGE_LOOP('',(#2141,#2142,#2143,#2144));
#467=EDGE_LOOP('',(#2145,#2146,#2147,#2148));
#468=EDGE_LOOP('',(#2149,#2150,#2151,#2152));
#469=EDGE_LOOP('',(#2153,#2154,#2155,#2156));
#470=EDGE_LOOP('',(#2157,#2158,#2159,#2160));
#471=EDGE_LOOP('',(#2161,#2162,#2163,#2164));
#472=EDGE_LOOP('',(#2165,#2166,#2167,#2168));
#473=EDGE_LOOP('',(#2169,#2170,#2171,#2172));
#474=EDGE_LOOP('',(#2173,#2174,#2175,#2176));
#475=EDGE_LOOP('',(#2177,#2178,#2179,#2180));
#476=EDGE_LOOP('',(#2181,#2182,#2183,#2184));
#477=EDGE_LOOP('',(#2185,#2186,#2187,#2188));
#478=EDGE_LOOP('',(#2189,#2190,#2191,#2192));
#479=EDGE_LOOP('',(#2193,#2194,#2195,#2196));
#480=EDGE_LOOP('',(#2197,#2198,#2199,#2200));
#481=EDGE_LOOP('',(#2201,#2202,#2203,#2204));
#482=EDGE_LOOP('',(#2205,#2206,#2207,#2208));
#483=EDGE_LOOP('',(#2209,#2210,#2211,#2212));
#484=EDGE_LOOP('',(#2213,#2214,#2215,#2216));
#485=EDGE_LOOP('',(#2217,#2218,#2219,#2220));
#486=EDGE_LOOP('',(#2221,#2222,#2223,#2224));
#487=EDGE_LOOP('',(#2225,#2226,#2227,#2228));
#488=EDGE_LOOP('',(#2229,#2230,#2231,#2232));
#489=EDGE_LOOP('',(#2233,#2234,#2235,#2236));
#490=EDGE_LOOP('',(#2237,#2238,#2239,#2240));
#491=EDGE_LOOP('',(#2241,#2242,#2243,#2244));
#492=EDGE_LOOP('',(#2245,#2246,#2247,#2248));
#493=EDGE_LOOP('',(#2249,#2250,#2251,#2252));
#494=EDGE_LOOP('',(#2253,#2254,#2255,#2256));
#495=EDGE_LOOP('',(#2257,#2258,#2259,#2260));
#496=EDGE_LOOP('',(#2261,#2262,#2263,#2264));
#497=EDGE_LOOP('',(#2265,#2266,#2267,#2268));
#498=EDGE_LOOP('',(#2269,#2270,#2271,#2272));
#499=EDGE_LOOP('',(#2273,#2274,#2275,#2276));
#500=EDGE_LOOP('',(#2277,#2278,#2279,#2280));
#501=EDGE_LOOP('',(#2281,#2282,#2283,#2284));
#502=EDGE_LOOP('',(#2285,#2286,#2287,#2288));
#503=EDGE_LOOP('',(#2289,#2290,#2291,#2292));
#504=EDGE_LOOP('',(#2293,#2294,#2295,#2296));
#505=EDGE_LOOP('',(#2297,#2298,#2299,#2300));
#506=EDGE_LOOP('',(#2301,#2302,#2303,#2304));
#507=EDGE_LOOP('',(#2305,#2306,#2307,#2308));
#508=EDGE_LOOP('',(#2309,#2310,#2311,#2312));
#509=EDGE_LOOP('',(#2313,#2314,#2315,#2316));
#510=EDGE_LOOP('',(#2317,#2318,#2319,#2320));
#511=EDGE_LOOP('',(#2321,#2322,#2323,#2324));
#512=EDGE_LOOP('',(#2325,#2326,#2327,#2328));
#513=EDGE_LOOP('',(#2329,#2330,#2331,#2332));
#514=EDGE_LOOP('',(#2333,#2334,#2335,#2336));
#515=EDGE_LOOP('',(#2337,#2338,#2339,#2340));
#516=EDGE_LOOP('',(#2341,#2342,#2343,#2344));
#517=EDGE_LOOP('',(#2345,#2346,#2347,#2348));
#518=EDGE_LOOP('',(#2349,#2350,#2351,#2352));
#519=EDGE_LOOP('',(#2353,#2354,#2355,#2356));
#520=EDGE_LOOP('',(#2357,#2358,#2359,#2360));
#521=EDGE_LOOP('',(#2361,#2362,#2363,#2364));
#522=EDGE_LOOP('',(#2365,#2366,#2367,#2368));
#523=EDGE_LOOP('',(#2369,#2370,#2371,#2372));
#524=EDGE_LOOP('',(#2373,#2374,#2375,#2376));
#525=EDGE_LOOP('',(#2377,#2378,#2379,#2380));
#526=EDGE_LOOP('',(#2381,#2382,#2383,#2384));
#527=EDGE_LOOP('',(#2385,#2386,#2387,#2388));
#528=EDGE_LOOP('',(#2389,#2390,#2391,#2392));
#529=EDGE_LOOP('',(#2393,#2394,#2395,#2396));
#530=EDGE_LOOP('',(#2397,#2398,#2399,#2400));
#531=EDGE_LOOP('',(#2401,#2402,#2403,#2404));
#532=EDGE_LOOP('',(#2405,#2406,#2407,#2408));
#533=EDGE_LOOP('',(#2409,#2410,#2411,#2412));
#534=EDGE_LOOP('',(#2413,#2414,#2415,#2416));
#535=EDGE_LOOP('',(#2417,#2418,#2419,#2420));
#536=EDGE_LOOP('',(#2421,#2422,#2423,#2424));
#537=EDGE_LOOP('',(#2425,#2426,#2427,#2428));
#538=EDGE_LOOP('',(#2429,#2430,#2431,#2432));
#539=EDGE_LOOP('',(#2433,#2434,#2435,#2436));
#540=EDGE_LOOP('',(#2437,#2438,#2439,#2440));
#541=EDGE_LOOP('',(#2441,#2442,#2443,#2444));
#542=EDGE_LOOP('',(#2445,#2446,#2447,#2448));
#543=EDGE_LOOP('',(#2449,#2450,#2451,#2452));
#544=EDGE_LOOP('',(#2453,#2454,#2455,#2456));
#545=EDGE_LOOP('',(#2457,#2458,#2459,#2460));
#546=EDGE_LOOP('',(#2461,#2462,#2463,#2464));
#547=EDGE_LOOP('',(#2465,#2466,#2467,#2468));
#548=EDGE_LOOP('',(#2469,#2470,#2471,#2472));
#549=EDGE_LOOP('',(#2473,#2474,#2475,#2476));
#550=EDGE_LOOP('',(#2477,#2478,#2479,#2480));
#551=EDGE_LOOP('',(#2481,#2482,#2483,#2484));
#552=EDGE_LOOP('',(#2485,#2486,#2487,#2488));
#553=EDGE_LOOP('',(#2489,#2490,#2491,#2492));
#554=EDGE_LOOP('',(#2493,#2494,#2495,#2496));
#555=EDGE_LOOP('',(#2497,#2498,#2499,#2500));
#556=EDGE_LOOP('',(#2501,#2502,#2503,#2504));
#557=EDGE_LOOP('',(#2505,#2506,#2507,#2508));
#558=EDGE_LOOP('',(#2509,#2510,#2511,#2512));
#559=EDGE_LOOP('',(#2513,#2514,#2515,#2516));
#560=EDGE_LOOP('',(#2517,#2518,#2519,#2520));
#561=EDGE_LOOP('',(#2521,#2522,#2523,#2524));
#562=EDGE_LOOP('',(#2525,#2526,#2527,#2528));
#563=EDGE_LOOP('',(#2529,#2530,#2531,#2532));
#564=EDGE_LOOP('',(#2533,#2534,#2535,#2536));
#565=EDGE_LOOP('',(#2537,#2538,#2539,#2540));
#566=EDGE_LOOP('',(#2541,#2542,#2543,#2544));
#567=EDGE_LOOP('',(#2545,#2546,#2547,#2548));
#568=EDGE_LOOP('',(#2549,#2550,#2551,#2552));
#569=EDGE_LOOP('',(#2553,#2554,#2555,#2556));
#570=EDGE_LOOP('',(#2557,#2558,#2559,#2560));
#571=EDGE_LOOP('',(#2561,#2562,#2563,#2564));
#572=EDGE_LOOP('',(#2565,#2566,#2567,#2568));
#573=EDGE_LOOP('',(#2569,#2570,#2571,#2572));
#574=EDGE_LOOP('',(#2573,#2574,#2575,#2576));
#575=EDGE_LOOP('',(#2577,#2578,#2579,#2580));
#576=EDGE_LOOP('',(#2581,#2582,#2583,#2584));
#577=EDGE_LOOP('',(#2585,#2586,#2587,#2588));
#578=EDGE_LOOP('',(#2589,#2590,#2591,#2592));
#579=EDGE_LOOP('',(#2593,#2594,#2595,#2596));
#580=EDGE_LOOP('',(#2597,#2598,#2599,#2600,#2601,#2602,#2603,#2604,#2605,
#2606,#2607,#2608,#2609,#2610,#2611,#2612,#2613,#2614,#2615,#2616,#2617,
#2618,#2619,#2620,#2621,#2622,#2623,#2624,#2625,#2626,#2627,#2628,#2629,
#2630,#2631,#2632,#2633,#2634,#2635,#2636,#2637,#2638,#2639,#2640,#2641,
#2642,#2643,#2644,#2645,#2646,#2647,#2648,#2649,#2650,#2651,#2652,#2653,
#2654,#2655,#2656,#2657,#2658,#2659,#2660,#2661,#2662,#2663,#2664,#2665,
#2666,#2667,#2668,#2669,#2670,#2671,#2672,#2673,#2674,#2675,#2676,#2677,
#2678,#2679,#2680,#2681,#2682,#2683,#2684,#2685,#2686,#2687,#2688,#2689,
#2690,#2691,#2692,#2693,#2694,#2695,#2696,#2697,#2698,#2699,#2700,#2701,
#2702,#2703,#2704,#2705,#2706,#2707,#2708,#2709,#2710,#2711,#2712,#2713,
#2714,#2715,#2716));
#581=EDGE_LOOP('',(#2717));
#582=EDGE_LOOP('',(#2718,#2719,#2720,#2721,#2722));
#583=EDGE_LOOP('',(#2723));
#584=LINE('',#4190,#851);
#585=LINE('',#4192,#852);
#586=LINE('',#4194,#853);
#587=LINE('',#4195,#854);
#588=LINE('',#4198,#855);
#589=LINE('',#4200,#856);
#590=LINE('',#4201,#857);
#591=LINE('',#4204,#858);
#592=LINE('',#4206,#859);
#593=LINE('',#4207,#860);
#594=LINE('',#4209,#861);
#595=LINE('',#4210,#862);
#596=LINE('',#4214,#863);
#597=LINE('',#4216,#864);
#598=LINE('',#4218,#865);
#599=LINE('',#4219,#866);
#600=LINE('',#4222,#867);
#601=LINE('',#4224,#868);
#602=LINE('',#4225,#869);
#603=LINE('',#4227,#870);
#604=LINE('',#4231,#871);
#605=LINE('',#4235,#872);
#606=LINE('',#4239,#873);
#607=LINE('',#4244,#874);
#608=LINE('',#4246,#875);
#609=LINE('',#4247,#876);
#610=LINE('',#4249,#877);
#611=LINE('',#4250,#878);
#612=LINE('',#4254,#879);
#613=LINE('',#4256,#880);
#614=LINE('',#4258,#881);
#615=LINE('',#4260,#882);
#616=LINE('',#4261,#883);
#617=LINE('',#4264,#884);
#618=LINE('',#4266,#885);
#619=LINE('',#4268,#886);
#620=LINE('',#4270,#887);
#621=LINE('',#4271,#888);
#622=LINE('',#4276,#889);
#623=LINE('',#4278,#890);
#624=LINE('',#4280,#891);
#625=LINE('',#4282,#892);
#626=LINE('',#4284,#893);
#627=LINE('',#4286,#894);
#628=LINE('',#4288,#895);
#629=LINE('',#4290,#896);
#630=LINE('',#4291,#897);
#631=LINE('',#4299,#898);
#632=LINE('',#4303,#899);
#633=LINE('',#4311,#900);
#634=LINE('',#4315,#901);
#635=LINE('',#4323,#902);
#636=LINE('',#4327,#903);
#637=LINE('',#4335,#904);
#638=LINE('',#4339,#905);
#639=LINE('',#4347,#906);
#640=LINE('',#4351,#907);
#641=LINE('',#4359,#908);
#642=LINE('',#4363,#909);
#643=LINE('',#4371,#910);
#644=LINE('',#4375,#911);
#645=LINE('',#4383,#912);
#646=LINE('',#4387,#913);
#647=LINE('',#4395,#914);
#648=LINE('',#4399,#915);
#649=LINE('',#4407,#916);
#650=LINE('',#4411,#917);
#651=LINE('',#4419,#918);
#652=LINE('',#4423,#919);
#653=LINE('',#4431,#920);
#654=LINE('',#4435,#921);
#655=LINE('',#4443,#922);
#656=LINE('',#4447,#923);
#657=LINE('',#4455,#924);
#658=LINE('',#4459,#925);
#659=LINE('',#4467,#926);
#660=LINE('',#4471,#927);
#661=LINE('',#4479,#928);
#662=LINE('',#4483,#929);
#663=LINE('',#4491,#930);
#664=LINE('',#4495,#931);
#665=LINE('',#4503,#932);
#666=LINE('',#4507,#933);
#667=LINE('',#4515,#934);
#668=LINE('',#4519,#935);
#669=LINE('',#4527,#936);
#670=LINE('',#4531,#937);
#671=LINE('',#4537,#938);
#672=LINE('',#4543,#939);
#673=LINE('',#4545,#940);
#674=LINE('',#4546,#941);
#675=LINE('',#4547,#942);
#676=LINE('',#4550,#943);
#677=LINE('',#4552,#944);
#678=LINE('',#4553,#945);
#679=LINE('',#4556,#946);
#680=LINE('',#4557,#947);
#681=LINE('',#4560,#948);
#682=LINE('',#4561,#949);
#683=LINE('',#4564,#950);
#684=LINE('',#4565,#951);
#685=LINE('',#4567,#952);
#686=LINE('',#4570,#953);
#687=LINE('',#4574,#954);
#688=LINE('',#4575,#955);
#689=LINE('',#4577,#956);
#690=LINE('',#4581,#957);
#691=LINE('',#4584,#958);
#692=LINE('',#4588,#959);
#693=LINE('',#4591,#960);
#694=LINE('',#4592,#961);
#695=LINE('',#4596,#962);
#696=LINE('',#4599,#963);
#697=LINE('',#4600,#964);
#698=LINE('',#4604,#965);
#699=LINE('',#4608,#966);
#700=LINE('',#4612,#967);
#701=LINE('',#4615,#968);
#702=LINE('',#4616,#969);
#703=LINE('',#4620,#970);
#704=LINE('',#4623,#971);
#705=LINE('',#4624,#972);
#706=LINE('',#4628,#973);
#707=LINE('',#4632,#974);
#708=LINE('',#4636,#975);
#709=LINE('',#4639,#976);
#710=LINE('',#4640,#977);
#711=LINE('',#4644,#978);
#712=LINE('',#4647,#979);
#713=LINE('',#4648,#980);
#714=LINE('',#4652,#981);
#715=LINE('',#4656,#982);
#716=LINE('',#4660,#983);
#717=LINE('',#4663,#984);
#718=LINE('',#4664,#985);
#719=LINE('',#4668,#986);
#720=LINE('',#4671,#987);
#721=LINE('',#4672,#988);
#722=LINE('',#4676,#989);
#723=LINE('',#4680,#990);
#724=LINE('',#4684,#991);
#725=LINE('',#4687,#992);
#726=LINE('',#4688,#993);
#727=LINE('',#4692,#994);
#728=LINE('',#4695,#995);
#729=LINE('',#4696,#996);
#730=LINE('',#4700,#997);
#731=LINE('',#4704,#998);
#732=LINE('',#4708,#999);
#733=LINE('',#4711,#1000);
#734=LINE('',#4712,#1001);
#735=LINE('',#4716,#1002);
#736=LINE('',#4719,#1003);
#737=LINE('',#4720,#1004);
#738=LINE('',#4724,#1005);
#739=LINE('',#4728,#1006);
#740=LINE('',#4732,#1007);
#741=LINE('',#4735,#1008);
#742=LINE('',#4736,#1009);
#743=LINE('',#4740,#1010);
#744=LINE('',#4743,#1011);
#745=LINE('',#4744,#1012);
#746=LINE('',#4748,#1013);
#747=LINE('',#4752,#1014);
#748=LINE('',#4756,#1015);
#749=LINE('',#4759,#1016);
#750=LINE('',#4760,#1017);
#751=LINE('',#4764,#1018);
#752=LINE('',#4767,#1019);
#753=LINE('',#4768,#1020);
#754=LINE('',#4772,#1021);
#755=LINE('',#4776,#1022);
#756=LINE('',#4780,#1023);
#757=LINE('',#4783,#1024);
#758=LINE('',#4784,#1025);
#759=LINE('',#4788,#1026);
#760=LINE('',#4791,#1027);
#761=LINE('',#4792,#1028);
#762=LINE('',#4796,#1029);
#763=LINE('',#4800,#1030);
#764=LINE('',#4804,#1031);
#765=LINE('',#4807,#1032);
#766=LINE('',#4808,#1033);
#767=LINE('',#4812,#1034);
#768=LINE('',#4815,#1035);
#769=LINE('',#4816,#1036);
#770=LINE('',#4820,#1037);
#771=LINE('',#4825,#1038);
#772=LINE('',#4830,#1039);
#773=LINE('',#4834,#1040);
#774=LINE('',#4837,#1041);
#775=LINE('',#4838,#1042);
#776=LINE('',#4842,#1043);
#777=LINE('',#4845,#1044);
#778=LINE('',#4846,#1045);
#779=LINE('',#4850,#1046);
#780=LINE('',#4854,#1047);
#781=LINE('',#4858,#1048);
#782=LINE('',#4861,#1049);
#783=LINE('',#4862,#1050);
#784=LINE('',#4866,#1051);
#785=LINE('',#4869,#1052);
#786=LINE('',#4870,#1053);
#787=LINE('',#4874,#1054);
#788=LINE('',#4878,#1055);
#789=LINE('',#4882,#1056);
#790=LINE('',#4885,#1057);
#791=LINE('',#4886,#1058);
#792=LINE('',#4890,#1059);
#793=LINE('',#4893,#1060);
#794=LINE('',#4894,#1061);
#795=LINE('',#4898,#1062);
#796=LINE('',#4902,#1063);
#797=LINE('',#4906,#1064);
#798=LINE('',#4909,#1065);
#799=LINE('',#4910,#1066);
#800=LINE('',#4914,#1067);
#801=LINE('',#4917,#1068);
#802=LINE('',#4918,#1069);
#803=LINE('',#4922,#1070);
#804=LINE('',#4926,#1071);
#805=LINE('',#4930,#1072);
#806=LINE('',#4933,#1073);
#807=LINE('',#4934,#1074);
#808=LINE('',#4938,#1075);
#809=LINE('',#4941,#1076);
#810=LINE('',#4942,#1077);
#811=LINE('',#4946,#1078);
#812=LINE('',#4950,#1079);
#813=LINE('',#4954,#1080);
#814=LINE('',#4957,#1081);
#815=LINE('',#4958,#1082);
#816=LINE('',#4962,#1083);
#817=LINE('',#4965,#1084);
#818=LINE('',#4966,#1085);
#819=LINE('',#4970,#1086);
#820=LINE('',#4974,#1087);
#821=LINE('',#4978,#1088);
#822=LINE('',#4981,#1089);
#823=LINE('',#4982,#1090);
#824=LINE('',#4986,#1091);
#825=LINE('',#4989,#1092);
#826=LINE('',#4990,#1093);
#827=LINE('',#4994,#1094);
#828=LINE('',#4998,#1095);
#829=LINE('',#5002,#1096);
#830=LINE('',#5005,#1097);
#831=LINE('',#5006,#1098);
#832=LINE('',#5010,#1099);
#833=LINE('',#5013,#1100);
#834=LINE('',#5014,#1101);
#835=LINE('',#5018,#1102);
#836=LINE('',#5022,#1103);
#837=LINE('',#5026,#1104);
#838=LINE('',#5029,#1105);
#839=LINE('',#5030,#1106);
#840=LINE('',#5034,#1107);
#841=LINE('',#5037,#1108);
#842=LINE('',#5038,#1109);
#843=LINE('',#5042,#1110);
#844=LINE('',#5046,#1111);
#845=LINE('',#5050,#1112);
#846=LINE('',#5053,#1113);
#847=LINE('',#5054,#1114);
#848=LINE('',#5058,#1115);
#849=LINE('',#5061,#1116);
#850=LINE('',#5062,#1117);
#851=VECTOR('',#3279,10.);
#852=VECTOR('',#3280,10.);
#853=VECTOR('',#3281,10.);
#854=VECTOR('',#3282,10.);
#855=VECTOR('',#3285,10.);
#856=VECTOR('',#3286,10.);
#857=VECTOR('',#3287,10.);
#858=VECTOR('',#3290,10.);
#859=VECTOR('',#3291,10.);
#860=VECTOR('',#3292,10.);
#861=VECTOR('',#3295,10.);
#862=VECTOR('',#3296,10.);
#863=VECTOR('',#3299,10.);
#864=VECTOR('',#3300,10.);
#865=VECTOR('',#3301,10.);
#866=VECTOR('',#3302,10.);
#867=VECTOR('',#3305,10.);
#868=VECTOR('',#3306,10.);
#869=VECTOR('',#3307,10.);
#870=VECTOR('',#3310,10.);
#871=VECTOR('',#3313,13.9520616588831);
#872=VECTOR('',#3316,10.);
#873=VECTOR('',#3319,10.);
#874=VECTOR('',#3326,10.);
#875=VECTOR('',#3327,10.);
#876=VECTOR('',#3328,10.);
#877=VECTOR('',#3331,10.);
#878=VECTOR('',#3332,10.);
#879=VECTOR('',#3337,10.);
#880=VECTOR('',#3338,10.);
#881=VECTOR('',#3339,10.);
#882=VECTOR('',#3340,10.);
#883=VECTOR('',#3341,10.);
#884=VECTOR('',#3344,10.);
#885=VECTOR('',#3345,10.);
#886=VECTOR('',#3346,10.);
#887=VECTOR('',#3347,10.);
#888=VECTOR('',#3348,10.);
#889=VECTOR('',#3353,10.);
#890=VECTOR('',#3354,10.);
#891=VECTOR('',#3355,10.);
#892=VECTOR('',#3356,10.);
#893=VECTOR('',#3357,10.);
#894=VECTOR('',#3358,10.);
#895=VECTOR('',#3359,10.);
#896=VECTOR('',#3360,10.);
#897=VECTOR('',#3361,10.);
#898=VECTOR('',#3368,10.);
#899=VECTOR('',#3371,10.);
#900=VECTOR('',#3378,10.);
#901=VECTOR('',#3381,10.);
#902=VECTOR('',#3388,10.);
#903=VECTOR('',#3391,10.);
#904=VECTOR('',#3398,10.);
#905=VECTOR('',#3401,10.);
#906=VECTOR('',#3408,10.);
#907=VECTOR('',#3411,10.);
#908=VECTOR('',#3418,10.);
#909=VECTOR('',#3421,10.);
#910=VECTOR('',#3428,10.);
#911=VECTOR('',#3431,10.);
#912=VECTOR('',#3438,10.);
#913=VECTOR('',#3441,10.);
#914=VECTOR('',#3448,10.);
#915=VECTOR('',#3451,10.);
#916=VECTOR('',#3458,10.);
#917=VECTOR('',#3461,10.);
#918=VECTOR('',#3468,10.);
#919=VECTOR('',#3471,10.);
#920=VECTOR('',#3478,10.);
#921=VECTOR('',#3481,10.);
#922=VECTOR('',#3488,10.);
#923=VECTOR('',#3491,10.);
#924=VECTOR('',#3498,10.);
#925=VECTOR('',#3501,10.);
#926=VECTOR('',#3508,10.);
#927=VECTOR('',#3511,10.);
#928=VECTOR('',#3518,10.);
#929=VECTOR('',#3521,10.);
#930=VECTOR('',#3528,10.);
#931=VECTOR('',#3531,10.);
#932=VECTOR('',#3538,10.);
#933=VECTOR('',#3541,10.);
#934=VECTOR('',#3548,10.);
#935=VECTOR('',#3551,10.);
#936=VECTOR('',#3558,10.);
#937=VECTOR('',#3561,10.);
#938=VECTOR('',#3568,1.29999999999999);
#939=VECTOR('',#3575,10.);
#940=VECTOR('',#3576,10.);
#941=VECTOR('',#3577,10.);
#942=VECTOR('',#3578,10.);
#943=VECTOR('',#3581,10.);
#944=VECTOR('',#3582,10.);
#945=VECTOR('',#3583,10.);
#946=VECTOR('',#3586,10.);
#947=VECTOR('',#3587,10.);
#948=VECTOR('',#3590,10.);
#949=VECTOR('',#3591,10.);
#950=VECTOR('',#3594,10.);
#951=VECTOR('',#3595,10.);
#952=VECTOR('',#3598,10.);
#953=VECTOR('',#3601,1.29999999999999);
#954=VECTOR('',#3608,10.);
#955=VECTOR('',#3609,10.);
#956=VECTOR('',#3612,10.);
#957=VECTOR('',#3617,10.);
#958=VECTOR('',#3620,10.);
#959=VECTOR('',#3625,10.);
#960=VECTOR('',#3628,10.);
#961=VECTOR('',#3629,10.);
#962=VECTOR('',#3634,10.);
#963=VECTOR('',#3637,10.);
#964=VECTOR('',#3638,10.);
#965=VECTOR('',#3643,10.);
#966=VECTOR('',#3648,10.);
#967=VECTOR('',#3653,10.);
#968=VECTOR('',#3656,10.);
#969=VECTOR('',#3657,10.);
#970=VECTOR('',#3662,10.);
#971=VECTOR('',#3665,10.);
#972=VECTOR('',#3666,10.);
#973=VECTOR('',#3671,10.);
#974=VECTOR('',#3676,10.);
#975=VECTOR('',#3681,10.);
#976=VECTOR('',#3684,10.);
#977=VECTOR('',#3685,10.);
#978=VECTOR('',#3690,10.);
#979=VECTOR('',#3693,10.);
#980=VECTOR('',#3694,10.);
#981=VECTOR('',#3699,10.);
#982=VECTOR('',#3704,10.);
#983=VECTOR('',#3709,10.);
#984=VECTOR('',#3712,10.);
#985=VECTOR('',#3713,10.);
#986=VECTOR('',#3718,10.);
#987=VECTOR('',#3721,10.);
#988=VECTOR('',#3722,10.);
#989=VECTOR('',#3727,10.);
#990=VECTOR('',#3732,10.);
#991=VECTOR('',#3737,10.);
#992=VECTOR('',#3740,10.);
#993=VECTOR('',#3741,10.);
#994=VECTOR('',#3746,10.);
#995=VECTOR('',#3749,10.);
#996=VECTOR('',#3750,10.);
#997=VECTOR('',#3755,10.);
#998=VECTOR('',#3760,10.);
#999=VECTOR('',#3765,10.);
#1000=VECTOR('',#3768,10.);
#1001=VECTOR('',#3769,10.);
#1002=VECTOR('',#3774,10.);
#1003=VECTOR('',#3777,10.);
#1004=VECTOR('',#3778,10.);
#1005=VECTOR('',#3783,10.);
#1006=VECTOR('',#3788,10.);
#1007=VECTOR('',#3793,10.);
#1008=VECTOR('',#3796,10.);
#1009=VECTOR('',#3797,10.);
#1010=VECTOR('',#3802,10.);
#1011=VECTOR('',#3805,10.);
#1012=VECTOR('',#3806,10.);
#1013=VECTOR('',#3811,10.);
#1014=VECTOR('',#3816,10.);
#1015=VECTOR('',#3821,10.);
#1016=VECTOR('',#3824,10.);
#1017=VECTOR('',#3825,10.);
#1018=VECTOR('',#3830,10.);
#1019=VECTOR('',#3833,10.);
#1020=VECTOR('',#3834,10.);
#1021=VECTOR('',#3839,10.);
#1022=VECTOR('',#3844,10.);
#1023=VECTOR('',#3849,10.);
#1024=VECTOR('',#3852,10.);
#1025=VECTOR('',#3853,10.);
#1026=VECTOR('',#3858,10.);
#1027=VECTOR('',#3861,10.);
#1028=VECTOR('',#3862,10.);
#1029=VECTOR('',#3867,10.);
#1030=VECTOR('',#3872,10.);
#1031=VECTOR('',#3877,10.);
#1032=VECTOR('',#3880,10.);
#1033=VECTOR('',#3881,10.);
#1034=VECTOR('',#3886,10.);
#1035=VECTOR('',#3889,10.);
#1036=VECTOR('',#3890,10.);
#1037=VECTOR('',#3895,10.);
#1038=VECTOR('',#3900,0.750000000000002);
#1039=VECTOR('',#3907,10.);
#1040=VECTOR('',#3912,10.);
#1041=VECTOR('',#3915,10.);
#1042=VECTOR('',#3916,10.);
#1043=VECTOR('',#3921,10.);
#1044=VECTOR('',#3924,10.);
#1045=VECTOR('',#3925,10.);
#1046=VECTOR('',#3930,10.);
#1047=VECTOR('',#3935,10.);
#1048=VECTOR('',#3940,10.);
#1049=VECTOR('',#3943,10.);
#1050=VECTOR('',#3944,10.);
#1051=VECTOR('',#3949,10.);
#1052=VECTOR('',#3952,10.);
#1053=VECTOR('',#3953,10.);
#1054=VECTOR('',#3958,10.);
#1055=VECTOR('',#3963,10.);
#1056=VECTOR('',#3968,10.);
#1057=VECTOR('',#3971,10.);
#1058=VECTOR('',#3972,10.);
#1059=VECTOR('',#3977,10.);
#1060=VECTOR('',#3980,10.);
#1061=VECTOR('',#3981,10.);
#1062=VECTOR('',#3986,10.);
#1063=VECTOR('',#3991,10.);
#1064=VECTOR('',#3996,10.);
#1065=VECTOR('',#3999,10.);
#1066=VECTOR('',#4000,10.);
#1067=VECTOR('',#4005,10.);
#1068=VECTOR('',#4008,10.);
#1069=VECTOR('',#4009,10.);
#1070=VECTOR('',#4014,10.);
#1071=VECTOR('',#4019,10.);
#1072=VECTOR('',#4024,10.);
#1073=VECTOR('',#4027,10.);
#1074=VECTOR('',#4028,10.);
#1075=VECTOR('',#4033,10.);
#1076=VECTOR('',#4036,10.);
#1077=VECTOR('',#4037,10.);
#1078=VECTOR('',#4042,10.);
#1079=VECTOR('',#4047,10.);
#1080=VECTOR('',#4052,10.);
#1081=VECTOR('',#4055,10.);
#1082=VECTOR('',#4056,10.);
#1083=VECTOR('',#4061,10.);
#1084=VECTOR('',#4064,10.);
#1085=VECTOR('',#4065,10.);
#1086=VECTOR('',#4070,10.);
#1087=VECTOR('',#4075,10.);
#1088=VECTOR('',#4080,10.);
#1089=VECTOR('',#4083,10.);
#1090=VECTOR('',#4084,10.);
#1091=VECTOR('',#4089,10.);
#1092=VECTOR('',#4092,10.);
#1093=VECTOR('',#4093,10.);
#1094=VECTOR('',#4098,10.);
#1095=VECTOR('',#4103,10.);
#1096=VECTOR('',#4108,10.);
#1097=VECTOR('',#4111,10.);
#1098=VECTOR('',#4112,10.);
#1099=VECTOR('',#4117,10.);
#1100=VECTOR('',#4120,10.);
#1101=VECTOR('',#4121,10.);
#1102=VECTOR('',#4126,10.);
#1103=VECTOR('',#4131,10.);
#1104=VECTOR('',#4136,10.);
#1105=VECTOR('',#4139,10.);
#1106=VECTOR('',#4140,10.);
#1107=VECTOR('',#4145,10.);
#1108=VECTOR('',#4148,10.);
#1109=VECTOR('',#4149,10.);
#1110=VECTOR('',#4154,10.);
#1111=VECTOR('',#4159,10.);
#1112=VECTOR('',#4164,10.);
#1113=VECTOR('',#4167,10.);
#1114=VECTOR('',#4168,10.);
#1115=VECTOR('',#4173,10.);
#1116=VECTOR('',#4176,10.);
#1117=VECTOR('',#4177,10.);
#1118=VERTEX_POINT('',#4188);
#1119=VERTEX_POINT('',#4189);
#1120=VERTEX_POINT('',#4191);
#1121=VERTEX_POINT('',#4193);
#1122=VERTEX_POINT('',#4197);
#1123=VERTEX_POINT('',#4199);
#1124=VERTEX_POINT('',#4203);
#1125=VERTEX_POINT('',#4205);
#1126=VERTEX_POINT('',#4212);
#1127=VERTEX_POINT('',#4213);
#1128=VERTEX_POINT('',#4215);
#1129=VERTEX_POINT('',#4217);
#1130=VERTEX_POINT('',#4221);
#1131=VERTEX_POINT('',#4223);
#1132=VERTEX_POINT('',#4228);
#1133=VERTEX_POINT('',#4230);
#1134=VERTEX_POINT('',#4232);
#1135=VERTEX_POINT('',#4234);
#1136=VERTEX_POINT('',#4236);
#1137=VERTEX_POINT('',#4238);
#1138=VERTEX_POINT('',#4243);
#1139=VERTEX_POINT('',#4245);
#1140=VERTEX_POINT('',#4253);
#1141=VERTEX_POINT('',#4255);
#1142=VERTEX_POINT('',#4257);
#1143=VERTEX_POINT('',#4259);
#1144=VERTEX_POINT('',#4263);
#1145=VERTEX_POINT('',#4265);
#1146=VERTEX_POINT('',#4267);
#1147=VERTEX_POINT('',#4269);
#1148=VERTEX_POINT('',#4272);
#1149=VERTEX_POINT('',#4275);
#1150=VERTEX_POINT('',#4277);
#1151=VERTEX_POINT('',#4279);
#1152=VERTEX_POINT('',#4281);
#1153=VERTEX_POINT('',#4283);
#1154=VERTEX_POINT('',#4285);
#1155=VERTEX_POINT('',#4287);
#1156=VERTEX_POINT('',#4289);
#1157=VERTEX_POINT('',#4293);
#1158=VERTEX_POINT('',#4294);
#1159=VERTEX_POINT('',#4296);
#1160=VERTEX_POINT('',#4298);
#1161=VERTEX_POINT('',#4300);
#1162=VERTEX_POINT('',#4302);
#1163=VERTEX_POINT('',#4304);
#1164=VERTEX_POINT('',#4306);
#1165=VERTEX_POINT('',#4308);
#1166=VERTEX_POINT('',#4310);
#1167=VERTEX_POINT('',#4312);
#1168=VERTEX_POINT('',#4314);
#1169=VERTEX_POINT('',#4316);
#1170=VERTEX_POINT('',#4318);
#1171=VERTEX_POINT('',#4320);
#1172=VERTEX_POINT('',#4322);
#1173=VERTEX_POINT('',#4324);
#1174=VERTEX_POINT('',#4326);
#1175=VERTEX_POINT('',#4328);
#1176=VERTEX_POINT('',#4330);
#1177=VERTEX_POINT('',#4332);
#1178=VERTEX_POINT('',#4334);
#1179=VERTEX_POINT('',#4336);
#1180=VERTEX_POINT('',#4338);
#1181=VERTEX_POINT('',#4340);
#1182=VERTEX_POINT('',#4342);
#1183=VERTEX_POINT('',#4344);
#1184=VERTEX_POINT('',#4346);
#1185=VERTEX_POINT('',#4348);
#1186=VERTEX_POINT('',#4350);
#1187=VERTEX_POINT('',#4352);
#1188=VERTEX_POINT('',#4354);
#1189=VERTEX_POINT('',#4356);
#1190=VERTEX_POINT('',#4358);
#1191=VERTEX_POINT('',#4360);
#1192=VERTEX_POINT('',#4362);
#1193=VERTEX_POINT('',#4364);
#1194=VERTEX_POINT('',#4366);
#1195=VERTEX_POINT('',#4368);
#1196=VERTEX_POINT('',#4370);
#1197=VERTEX_POINT('',#4372);
#1198=VERTEX_POINT('',#4374);
#1199=VERTEX_POINT('',#4376);
#1200=VERTEX_POINT('',#4378);
#1201=VERTEX_POINT('',#4380);
#1202=VERTEX_POINT('',#4382);
#1203=VERTEX_POINT('',#4384);
#1204=VERTEX_POINT('',#4386);
#1205=VERTEX_POINT('',#4388);
#1206=VERTEX_POINT('',#4390);
#1207=VERTEX_POINT('',#4392);
#1208=VERTEX_POINT('',#4394);
#1209=VERTEX_POINT('',#4396);
#1210=VERTEX_POINT('',#4398);
#1211=VERTEX_POINT('',#4400);
#1212=VERTEX_POINT('',#4402);
#1213=VERTEX_POINT('',#4404);
#1214=VERTEX_POINT('',#4406);
#1215=VERTEX_POINT('',#4408);
#1216=VERTEX_POINT('',#4410);
#1217=VERTEX_POINT('',#4412);
#1218=VERTEX_POINT('',#4414);
#1219=VERTEX_POINT('',#4416);
#1220=VERTEX_POINT('',#4418);
#1221=VERTEX_POINT('',#4420);
#1222=VERTEX_POINT('',#4422);
#1223=VERTEX_POINT('',#4424);
#1224=VERTEX_POINT('',#4426);
#1225=VERTEX_POINT('',#4428);
#1226=VERTEX_POINT('',#4430);
#1227=VERTEX_POINT('',#4432);
#1228=VERTEX_POINT('',#4434);
#1229=VERTEX_POINT('',#4436);
#1230=VERTEX_POINT('',#4438);
#1231=VERTEX_POINT('',#4440);
#1232=VERTEX_POINT('',#4442);
#1233=VERTEX_POINT('',#4444);
#1234=VERTEX_POINT('',#4446);
#1235=VERTEX_POINT('',#4448);
#1236=VERTEX_POINT('',#4450);
#1237=VERTEX_POINT('',#4452);
#1238=VERTEX_POINT('',#4454);
#1239=VERTEX_POINT('',#4456);
#1240=VERTEX_POINT('',#4458);
#1241=VERTEX_POINT('',#4460);
#1242=VERTEX_POINT('',#4462);
#1243=VERTEX_POINT('',#4464);
#1244=VERTEX_POINT('',#4466);
#1245=VERTEX_POINT('',#4468);
#1246=VERTEX_POINT('',#4470);
#1247=VERTEX_POINT('',#4472);
#1248=VERTEX_POINT('',#4474);
#1249=VERTEX_POINT('',#4476);
#1250=VERTEX_POINT('',#4478);
#1251=VERTEX_POINT('',#4480);
#1252=VERTEX_POINT('',#4482);
#1253=VERTEX_POINT('',#4484);
#1254=VERTEX_POINT('',#4486);
#1255=VERTEX_POINT('',#4488);
#1256=VERTEX_POINT('',#4490);
#1257=VERTEX_POINT('',#4492);
#1258=VERTEX_POINT('',#4494);
#1259=VERTEX_POINT('',#4496);
#1260=VERTEX_POINT('',#4498);
#1261=VERTEX_POINT('',#4500);
#1262=VERTEX_POINT('',#4502);
#1263=VERTEX_POINT('',#4504);
#1264=VERTEX_POINT('',#4506);
#1265=VERTEX_POINT('',#4508);
#1266=VERTEX_POINT('',#4510);
#1267=VERTEX_POINT('',#4512);
#1268=VERTEX_POINT('',#4514);
#1269=VERTEX_POINT('',#4516);
#1270=VERTEX_POINT('',#4518);
#1271=VERTEX_POINT('',#4520);
#1272=VERTEX_POINT('',#4522);
#1273=VERTEX_POINT('',#4524);
#1274=VERTEX_POINT('',#4526);
#1275=VERTEX_POINT('',#4528);
#1276=VERTEX_POINT('',#4530);
#1277=VERTEX_POINT('',#4534);
#1278=VERTEX_POINT('',#4536);
#1279=VERTEX_POINT('',#4541);
#1280=VERTEX_POINT('',#4542);
#1281=VERTEX_POINT('',#4544);
#1282=VERTEX_POINT('',#4549);
#1283=VERTEX_POINT('',#4551);
#1284=VERTEX_POINT('',#4555);
#1285=VERTEX_POINT('',#4559);
#1286=VERTEX_POINT('',#4563);
#1287=VERTEX_POINT('',#4569);
#1288=VERTEX_POINT('',#4580);
#1289=VERTEX_POINT('',#4582);
#1290=VERTEX_POINT('',#4586);
#1291=VERTEX_POINT('',#4590);
#1292=VERTEX_POINT('',#4594);
#1293=VERTEX_POINT('',#4598);
#1294=VERTEX_POINT('',#4602);
#1295=VERTEX_POINT('',#4606);
#1296=VERTEX_POINT('',#4610);
#1297=VERTEX_POINT('',#4614);
#1298=VERTEX_POINT('',#4618);
#1299=VERTEX_POINT('',#4622);
#1300=VERTEX_POINT('',#4626);
#1301=VERTEX_POINT('',#4630);
#1302=VERTEX_POINT('',#4634);
#1303=VERTEX_POINT('',#4638);
#1304=VERTEX_POINT('',#4642);
#1305=VERTEX_POINT('',#4646);
#1306=VERTEX_POINT('',#4650);
#1307=VERTEX_POINT('',#4654);
#1308=VERTEX_POINT('',#4658);
#1309=VERTEX_POINT('',#4662);
#1310=VERTEX_POINT('',#4666);
#1311=VERTEX_POINT('',#4670);
#1312=VERTEX_POINT('',#4674);
#1313=VERTEX_POINT('',#4678);
#1314=VERTEX_POINT('',#4682);
#1315=VERTEX_POINT('',#4686);
#1316=VERTEX_POINT('',#4690);
#1317=VERTEX_POINT('',#4694);
#1318=VERTEX_POINT('',#4698);
#1319=VERTEX_POINT('',#4702);
#1320=VERTEX_POINT('',#4706);
#1321=VERTEX_POINT('',#4710);
#1322=VERTEX_POINT('',#4714);
#1323=VERTEX_POINT('',#4718);
#1324=VERTEX_POINT('',#4722);
#1325=VERTEX_POINT('',#4726);
#1326=VERTEX_POINT('',#4730);
#1327=VERTEX_POINT('',#4734);
#1328=VERTEX_POINT('',#4738);
#1329=VERTEX_POINT('',#4742);
#1330=VERTEX_POINT('',#4746);
#1331=VERTEX_POINT('',#4750);
#1332=VERTEX_POINT('',#4754);
#1333=VERTEX_POINT('',#4758);
#1334=VERTEX_POINT('',#4762);
#1335=VERTEX_POINT('',#4766);
#1336=VERTEX_POINT('',#4770);
#1337=VERTEX_POINT('',#4774);
#1338=VERTEX_POINT('',#4778);
#1339=VERTEX_POINT('',#4782);
#1340=VERTEX_POINT('',#4786);
#1341=VERTEX_POINT('',#4790);
#1342=VERTEX_POINT('',#4794);
#1343=VERTEX_POINT('',#4798);
#1344=VERTEX_POINT('',#4802);
#1345=VERTEX_POINT('',#4806);
#1346=VERTEX_POINT('',#4810);
#1347=VERTEX_POINT('',#4814);
#1348=VERTEX_POINT('',#4818);
#1349=VERTEX_POINT('',#4822);
#1350=VERTEX_POINT('',#4824);
#1351=VERTEX_POINT('',#4828);
#1352=VERTEX_POINT('',#4832);
#1353=VERTEX_POINT('',#4836);
#1354=VERTEX_POINT('',#4840);
#1355=VERTEX_POINT('',#4844);
#1356=VERTEX_POINT('',#4848);
#1357=VERTEX_POINT('',#4852);
#1358=VERTEX_POINT('',#4856);
#1359=VERTEX_POINT('',#4860);
#1360=VERTEX_POINT('',#4864);
#1361=VERTEX_POINT('',#4868);
#1362=VERTEX_POINT('',#4872);
#1363=VERTEX_POINT('',#4876);
#1364=VERTEX_POINT('',#4880);
#1365=VERTEX_POINT('',#4884);
#1366=VERTEX_POINT('',#4888);
#1367=VERTEX_POINT('',#4892);
#1368=VERTEX_POINT('',#4896);
#1369=VERTEX_POINT('',#4900);
#1370=VERTEX_POINT('',#4904);
#1371=VERTEX_POINT('',#4908);
#1372=VERTEX_POINT('',#4912);
#1373=VERTEX_POINT('',#4916);
#1374=VERTEX_POINT('',#4920);
#1375=VERTEX_POINT('',#4924);
#1376=VERTEX_POINT('',#4928);
#1377=VERTEX_POINT('',#4932);
#1378=VERTEX_POINT('',#4936);
#1379=VERTEX_POINT('',#4940);
#1380=VERTEX_POINT('',#4944);
#1381=VERTEX_POINT('',#4948);
#1382=VERTEX_POINT('',#4952);
#1383=VERTEX_POINT('',#4956);
#1384=VERTEX_POINT('',#4960);
#1385=VERTEX_POINT('',#4964);
#1386=VERTEX_POINT('',#4968);
#1387=VERTEX_POINT('',#4972);
#1388=VERTEX_POINT('',#4976);
#1389=VERTEX_POINT('',#4980);
#1390=VERTEX_POINT('',#4984);
#1391=VERTEX_POINT('',#4988);
#1392=VERTEX_POINT('',#4992);
#1393=VERTEX_POINT('',#4996);
#1394=VERTEX_POINT('',#5000);
#1395=VERTEX_POINT('',#5004);
#1396=VERTEX_POINT('',#5008);
#1397=VERTEX_POINT('',#5012);
#1398=VERTEX_POINT('',#5016);
#1399=VERTEX_POINT('',#5020);
#1400=VERTEX_POINT('',#5024);
#1401=VERTEX_POINT('',#5028);
#1402=VERTEX_POINT('',#5032);
#1403=VERTEX_POINT('',#5036);
#1404=VERTEX_POINT('',#5040);
#1405=VERTEX_POINT('',#5044);
#1406=VERTEX_POINT('',#5048);
#1407=VERTEX_POINT('',#5052);
#1408=VERTEX_POINT('',#5056);
#1409=VERTEX_POINT('',#5060);
#1410=EDGE_CURVE('',#1118,#1119,#584,.T.);
#1411=EDGE_CURVE('',#1120,#1119,#585,.T.);
#1412=EDGE_CURVE('',#1120,#1121,#586,.T.);
#1413=EDGE_CURVE('',#1121,#1118,#587,.T.);
#1414=EDGE_CURVE('',#1119,#1122,#588,.T.);
#1415=EDGE_CURVE('',#1123,#1122,#589,.T.);
#1416=EDGE_CURVE('',#1123,#1120,#590,.T.);
#1417=EDGE_CURVE('',#1122,#1124,#591,.T.);
#1418=EDGE_CURVE('',#1125,#1124,#592,.T.);
#1419=EDGE_CURVE('',#1125,#1123,#593,.T.);
#1420=EDGE_CURVE('',#1124,#1118,#594,.T.);
#1421=EDGE_CURVE('',#1121,#1125,#595,.T.);
#1422=EDGE_CURVE('',#1126,#1127,#596,.T.);
#1423=EDGE_CURVE('',#1126,#1128,#597,.T.);
#1424=EDGE_CURVE('',#1128,#1129,#598,.T.);
#1425=EDGE_CURVE('',#1127,#1129,#599,.T.);
#1426=EDGE_CURVE('',#1127,#1130,#600,.T.);
#1427=EDGE_CURVE('',#1129,#1131,#601,.T.);
#1428=EDGE_CURVE('',#1130,#1131,#602,.T.);
#1429=EDGE_CURVE('',#1126,#1128,#603,.T.);
#1430=EDGE_CURVE('',#1128,#1132,#22,.T.);
#1431=EDGE_CURVE('',#1132,#1133,#604,.T.);
#1432=EDGE_CURVE('',#1133,#1134,#23,.T.);
#1433=EDGE_CURVE('',#1134,#1135,#605,.T.);
#1434=EDGE_CURVE('',#1135,#1136,#24,.T.);
#1435=EDGE_CURVE('',#1136,#1137,#606,.T.);
#1436=EDGE_CURVE('',#1137,#1133,#25,.T.);
#1437=EDGE_CURVE('',#1132,#1128,#26,.T.);
#1438=EDGE_CURVE('',#1138,#1130,#607,.T.);
#1439=EDGE_CURVE('',#1131,#1139,#608,.T.);
#1440=EDGE_CURVE('',#1138,#1139,#609,.T.);
#1441=EDGE_CURVE('',#1138,#1126,#610,.T.);
#1442=EDGE_CURVE('',#1139,#1128,#611,.T.);
#1443=EDGE_CURVE('',#1137,#1140,#612,.T.);
#1444=EDGE_CURVE('',#1141,#1136,#613,.T.);
#1445=EDGE_CURVE('',#1142,#1141,#614,.T.);
#1446=EDGE_CURVE('',#1143,#1142,#615,.T.);
#1447=EDGE_CURVE('',#1140,#1143,#616,.T.);
#1448=EDGE_CURVE('',#1144,#1134,#617,.T.);
#1449=EDGE_CURVE('',#1145,#1144,#618,.T.);
#1450=EDGE_CURVE('',#1146,#1145,#619,.T.);
#1451=EDGE_CURVE('',#1147,#1146,#620,.T.);
#1452=EDGE_CURVE('',#1135,#1147,#621,.T.);
#1453=EDGE_CURVE('',#1148,#1148,#27,.T.);
#1454=EDGE_CURVE('',#1149,#1147,#622,.T.);
#1455=EDGE_CURVE('',#1149,#1150,#623,.T.);
#1456=EDGE_CURVE('',#1150,#1151,#624,.T.);
#1457=EDGE_CURVE('',#1151,#1152,#625,.T.);
#1458=EDGE_CURVE('',#1152,#1153,#626,.T.);
#1459=EDGE_CURVE('',#1153,#1154,#627,.T.);
#1460=EDGE_CURVE('',#1154,#1155,#628,.T.);
#1461=EDGE_CURVE('',#1156,#1155,#629,.T.);
#1462=EDGE_CURVE('',#1141,#1156,#630,.T.);
#1463=EDGE_CURVE('',#1157,#1158,#28,.T.);
#1464=EDGE_CURVE('',#1158,#1159,#29,.T.);
#1465=EDGE_CURVE('',#1159,#1160,#631,.T.);
#1466=EDGE_CURVE('',#1160,#1161,#30,.T.);
#1467=EDGE_CURVE('',#1161,#1162,#632,.T.);
#1468=EDGE_CURVE('',#1162,#1163,#31,.T.);
#1469=EDGE_CURVE('',#1163,#1164,#32,.T.);
#1470=EDGE_CURVE('',#1164,#1165,#33,.T.);
#1471=EDGE_CURVE('',#1165,#1166,#633,.T.);
#1472=EDGE_CURVE('',#1166,#1167,#34,.T.);
#1473=EDGE_CURVE('',#1167,#1168,#634,.T.);
#1474=EDGE_CURVE('',#1168,#1169,#35,.T.);
#1475=EDGE_CURVE('',#1169,#1170,#36,.T.);
#1476=EDGE_CURVE('',#1170,#1171,#37,.T.);
#1477=EDGE_CURVE('',#1171,#1172,#635,.T.);
#1478=EDGE_CURVE('',#1172,#1173,#38,.T.);
#1479=EDGE_CURVE('',#1173,#1174,#636,.T.);
#1480=EDGE_CURVE('',#1174,#1175,#39,.T.);
#1481=EDGE_CURVE('',#1175,#1176,#40,.T.);
#1482=EDGE_CURVE('',#1176,#1177,#41,.T.);
#1483=EDGE_CURVE('',#1177,#1178,#637,.T.);
#1484=EDGE_CURVE('',#1178,#1179,#42,.T.);
#1485=EDGE_CURVE('',#1179,#1180,#638,.T.);
#1486=EDGE_CURVE('',#1180,#1181,#43,.T.);
#1487=EDGE_CURVE('',#1181,#1182,#44,.T.);
#1488=EDGE_CURVE('',#1182,#1183,#45,.T.);
#1489=EDGE_CURVE('',#1183,#1184,#639,.T.);
#1490=EDGE_CURVE('',#1184,#1185,#46,.T.);
#1491=EDGE_CURVE('',#1185,#1186,#640,.T.);
#1492=EDGE_CURVE('',#1186,#1187,#47,.T.);
#1493=EDGE_CURVE('',#1187,#1188,#48,.T.);
#1494=EDGE_CURVE('',#1188,#1189,#49,.T.);
#1495=EDGE_CURVE('',#1189,#1190,#641,.T.);
#1496=EDGE_CURVE('',#1190,#1191,#50,.T.);
#1497=EDGE_CURVE('',#1191,#1192,#642,.T.);
#1498=EDGE_CURVE('',#1192,#1193,#51,.T.);
#1499=EDGE_CURVE('',#1193,#1194,#52,.T.);
#1500=EDGE_CURVE('',#1194,#1195,#53,.T.);
#1501=EDGE_CURVE('',#1195,#1196,#643,.T.);
#1502=EDGE_CURVE('',#1196,#1197,#54,.T.);
#1503=EDGE_CURVE('',#1197,#1198,#644,.T.);
#1504=EDGE_CURVE('',#1198,#1199,#55,.T.);
#1505=EDGE_CURVE('',#1199,#1200,#56,.T.);
#1506=EDGE_CURVE('',#1200,#1201,#57,.T.);
#1507=EDGE_CURVE('',#1201,#1202,#645,.T.);
#1508=EDGE_CURVE('',#1202,#1203,#58,.T.);
#1509=EDGE_CURVE('',#1203,#1204,#646,.T.);
#1510=EDGE_CURVE('',#1204,#1205,#59,.T.);
#1511=EDGE_CURVE('',#1205,#1206,#60,.T.);
#1512=EDGE_CURVE('',#1206,#1207,#61,.T.);
#1513=EDGE_CURVE('',#1207,#1208,#647,.T.);
#1514=EDGE_CURVE('',#1208,#1209,#62,.T.);
#1515=EDGE_CURVE('',#1209,#1210,#648,.T.);
#1516=EDGE_CURVE('',#1210,#1211,#63,.T.);
#1517=EDGE_CURVE('',#1211,#1212,#64,.T.);
#1518=EDGE_CURVE('',#1212,#1213,#65,.T.);
#1519=EDGE_CURVE('',#1213,#1214,#649,.T.);
#1520=EDGE_CURVE('',#1214,#1215,#66,.T.);
#1521=EDGE_CURVE('',#1215,#1216,#650,.T.);
#1522=EDGE_CURVE('',#1216,#1217,#67,.T.);
#1523=EDGE_CURVE('',#1217,#1218,#68,.T.);
#1524=EDGE_CURVE('',#1218,#1219,#69,.T.);
#1525=EDGE_CURVE('',#1219,#1220,#651,.T.);
#1526=EDGE_CURVE('',#1220,#1221,#70,.T.);
#1527=EDGE_CURVE('',#1221,#1222,#652,.T.);
#1528=EDGE_CURVE('',#1222,#1223,#71,.T.);
#1529=EDGE_CURVE('',#1223,#1224,#72,.T.);
#1530=EDGE_CURVE('',#1224,#1225,#73,.T.);
#1531=EDGE_CURVE('',#1225,#1226,#653,.T.);
#1532=EDGE_CURVE('',#1226,#1227,#74,.T.);
#1533=EDGE_CURVE('',#1227,#1228,#654,.T.);
#1534=EDGE_CURVE('',#1228,#1229,#75,.T.);
#1535=EDGE_CURVE('',#1229,#1230,#76,.T.);
#1536=EDGE_CURVE('',#1230,#1231,#77,.T.);
#1537=EDGE_CURVE('',#1231,#1232,#655,.T.);
#1538=EDGE_CURVE('',#1232,#1233,#78,.T.);
#1539=EDGE_CURVE('',#1233,#1234,#656,.T.);
#1540=EDGE_CURVE('',#1234,#1235,#79,.T.);
#1541=EDGE_CURVE('',#1235,#1236,#80,.T.);
#1542=EDGE_CURVE('',#1236,#1237,#81,.T.);
#1543=EDGE_CURVE('',#1237,#1238,#657,.T.);
#1544=EDGE_CURVE('',#1238,#1239,#82,.T.);
#1545=EDGE_CURVE('',#1239,#1240,#658,.T.);
#1546=EDGE_CURVE('',#1240,#1241,#83,.T.);
#1547=EDGE_CURVE('',#1241,#1242,#84,.T.);
#1548=EDGE_CURVE('',#1242,#1243,#85,.T.);
#1549=EDGE_CURVE('',#1243,#1244,#659,.T.);
#1550=EDGE_CURVE('',#1244,#1245,#86,.T.);
#1551=EDGE_CURVE('',#1245,#1246,#660,.T.);
#1552=EDGE_CURVE('',#1246,#1247,#87,.T.);
#1553=EDGE_CURVE('',#1247,#1248,#88,.T.);
#1554=EDGE_CURVE('',#1248,#1249,#89,.T.);
#1555=EDGE_CURVE('',#1249,#1250,#661,.T.);
#1556=EDGE_CURVE('',#1250,#1251,#90,.T.);
#1557=EDGE_CURVE('',#1251,#1252,#662,.T.);
#1558=EDGE_CURVE('',#1252,#1253,#91,.T.);
#1559=EDGE_CURVE('',#1253,#1254,#92,.T.);
#1560=EDGE_CURVE('',#1254,#1255,#93,.T.);
#1561=EDGE_CURVE('',#1255,#1256,#663,.T.);
#1562=EDGE_CURVE('',#1256,#1257,#94,.T.);
#1563=EDGE_CURVE('',#1257,#1258,#664,.T.);
#1564=EDGE_CURVE('',#1258,#1259,#95,.T.);
#1565=EDGE_CURVE('',#1259,#1260,#96,.T.);
#1566=EDGE_CURVE('',#1260,#1261,#97,.T.);
#1567=EDGE_CURVE('',#1261,#1262,#665,.T.);
#1568=EDGE_CURVE('',#1262,#1263,#98,.T.);
#1569=EDGE_CURVE('',#1263,#1264,#666,.T.);
#1570=EDGE_CURVE('',#1264,#1265,#99,.T.);
#1571=EDGE_CURVE('',#1265,#1266,#100,.T.);
#1572=EDGE_CURVE('',#1266,#1267,#101,.T.);
#1573=EDGE_CURVE('',#1267,#1268,#667,.T.);
#1574=EDGE_CURVE('',#1268,#1269,#102,.T.);
#1575=EDGE_CURVE('',#1269,#1270,#668,.T.);
#1576=EDGE_CURVE('',#1270,#1271,#103,.T.);
#1577=EDGE_CURVE('',#1271,#1272,#104,.T.);
#1578=EDGE_CURVE('',#1272,#1273,#105,.T.);
#1579=EDGE_CURVE('',#1273,#1274,#669,.T.);
#1580=EDGE_CURVE('',#1274,#1275,#106,.T.);
#1581=EDGE_CURVE('',#1275,#1276,#670,.T.);
#1582=EDGE_CURVE('',#1276,#1157,#107,.T.);
#1583=EDGE_CURVE('',#1277,#1277,#108,.T.);
#1584=EDGE_CURVE('',#1277,#1278,#671,.T.);
#1585=EDGE_CURVE('',#1278,#1278,#109,.T.);
#1586=EDGE_CURVE('',#1279,#1280,#672,.T.);
#1587=EDGE_CURVE('',#1281,#1279,#673,.T.);
#1588=EDGE_CURVE('',#1155,#1281,#674,.T.);
#1589=EDGE_CURVE('',#1280,#1153,#675,.T.);
#1590=EDGE_CURVE('',#1150,#1282,#676,.T.);
#1591=EDGE_CURVE('',#1282,#1283,#677,.T.);
#1592=EDGE_CURVE('',#1283,#1151,#678,.T.);
#1593=EDGE_CURVE('',#1284,#1283,#679,.T.);
#1594=EDGE_CURVE('',#1284,#1280,#680,.T.);
#1595=EDGE_CURVE('',#1149,#1285,#681,.T.);
#1596=EDGE_CURVE('',#1285,#1282,#682,.T.);
#1597=EDGE_CURVE('',#1156,#1286,#683,.T.);
#1598=EDGE_CURVE('',#1142,#1286,#684,.T.);
#1599=EDGE_CURVE('',#1286,#1281,#685,.T.);
#1600=EDGE_CURVE('',#1148,#1287,#686,.T.);
#1601=EDGE_CURVE('',#1287,#1287,#110,.T.);
#1602=EDGE_CURVE('',#1143,#1145,#687,.T.);
#1603=EDGE_CURVE('',#1144,#1140,#688,.T.);
#1604=EDGE_CURVE('',#1146,#1285,#689,.T.);
#1605=EDGE_CURVE('',#1217,#1288,#690,.T.);
#1606=EDGE_CURVE('',#1289,#1288,#111,.T.);
#1607=EDGE_CURVE('',#1218,#1289,#691,.T.);
#1608=EDGE_CURVE('',#1290,#1289,#112,.T.);
#1609=EDGE_CURVE('',#1219,#1290,#692,.T.);
#1610=EDGE_CURVE('',#1291,#1290,#693,.T.);
#1611=EDGE_CURVE('',#1220,#1291,#694,.T.);
#1612=EDGE_CURVE('',#1292,#1291,#113,.T.);
#1613=EDGE_CURVE('',#1221,#1292,#695,.T.);
#1614=EDGE_CURVE('',#1293,#1292,#696,.T.);
#1615=EDGE_CURVE('',#1222,#1293,#697,.T.);
#1616=EDGE_CURVE('',#1294,#1293,#114,.T.);
#1617=EDGE_CURVE('',#1223,#1294,#698,.T.);
#1618=EDGE_CURVE('',#1295,#1294,#115,.T.);
#1619=EDGE_CURVE('',#1224,#1295,#699,.T.);
#1620=EDGE_CURVE('',#1296,#1295,#116,.T.);
#1621=EDGE_CURVE('',#1225,#1296,#700,.T.);
#1622=EDGE_CURVE('',#1297,#1296,#701,.T.);
#1623=EDGE_CURVE('',#1226,#1297,#702,.T.);
#1624=EDGE_CURVE('',#1298,#1297,#117,.T.);
#1625=EDGE_CURVE('',#1227,#1298,#703,.T.);
#1626=EDGE_CURVE('',#1299,#1298,#704,.T.);
#1627=EDGE_CURVE('',#1228,#1299,#705,.T.);
#1628=EDGE_CURVE('',#1300,#1299,#118,.T.);
#1629=EDGE_CURVE('',#1229,#1300,#706,.T.);
#1630=EDGE_CURVE('',#1301,#1300,#119,.T.);
#1631=EDGE_CURVE('',#1230,#1301,#707,.T.);
#1632=EDGE_CURVE('',#1302,#1301,#120,.T.);
#1633=EDGE_CURVE('',#1231,#1302,#708,.T.);
#1634=EDGE_CURVE('',#1303,#1302,#709,.T.);
#1635=EDGE_CURVE('',#1232,#1303,#710,.T.);
#1636=EDGE_CURVE('',#1304,#1303,#121,.T.);
#1637=EDGE_CURVE('',#1233,#1304,#711,.T.);
#1638=EDGE_CURVE('',#1305,#1304,#712,.T.);
#1639=EDGE_CURVE('',#1234,#1305,#713,.T.);
#1640=EDGE_CURVE('',#1306,#1305,#122,.T.);
#1641=EDGE_CURVE('',#1235,#1306,#714,.T.);
#1642=EDGE_CURVE('',#1307,#1306,#123,.T.);
#1643=EDGE_CURVE('',#1236,#1307,#715,.T.);
#1644=EDGE_CURVE('',#1308,#1307,#124,.T.);
#1645=EDGE_CURVE('',#1237,#1308,#716,.T.);
#1646=EDGE_CURVE('',#1309,#1308,#717,.T.);
#1647=EDGE_CURVE('',#1238,#1309,#718,.T.);
#1648=EDGE_CURVE('',#1310,#1309,#125,.T.);
#1649=EDGE_CURVE('',#1239,#1310,#719,.T.);
#1650=EDGE_CURVE('',#1311,#1310,#720,.T.);
#1651=EDGE_CURVE('',#1240,#1311,#721,.T.);
#1652=EDGE_CURVE('',#1312,#1311,#126,.T.);
#1653=EDGE_CURVE('',#1241,#1312,#722,.T.);
#1654=EDGE_CURVE('',#1313,#1312,#127,.T.);
#1655=EDGE_CURVE('',#1242,#1313,#723,.T.);
#1656=EDGE_CURVE('',#1314,#1313,#128,.T.);
#1657=EDGE_CURVE('',#1243,#1314,#724,.T.);
#1658=EDGE_CURVE('',#1315,#1314,#725,.T.);
#1659=EDGE_CURVE('',#1244,#1315,#726,.T.);
#1660=EDGE_CURVE('',#1316,#1315,#129,.T.);
#1661=EDGE_CURVE('',#1245,#1316,#727,.T.);
#1662=EDGE_CURVE('',#1317,#1316,#728,.T.);
#1663=EDGE_CURVE('',#1246,#1317,#729,.T.);
#1664=EDGE_CURVE('',#1318,#1317,#130,.T.);
#1665=EDGE_CURVE('',#1247,#1318,#730,.T.);
#1666=EDGE_CURVE('',#1319,#1318,#131,.T.);
#1667=EDGE_CURVE('',#1248,#1319,#731,.T.);
#1668=EDGE_CURVE('',#1320,#1319,#132,.T.);
#1669=EDGE_CURVE('',#1249,#1320,#732,.T.);
#1670=EDGE_CURVE('',#1321,#1320,#733,.T.);
#1671=EDGE_CURVE('',#1250,#1321,#734,.T.);
#1672=EDGE_CURVE('',#1322,#1321,#133,.T.);
#1673=EDGE_CURVE('',#1251,#1322,#735,.T.);
#1674=EDGE_CURVE('',#1323,#1322,#736,.T.);
#1675=EDGE_CURVE('',#1252,#1323,#737,.T.);
#1676=EDGE_CURVE('',#1324,#1323,#134,.T.);
#1677=EDGE_CURVE('',#1253,#1324,#738,.T.);
#1678=EDGE_CURVE('',#1325,#1324,#135,.T.);
#1679=EDGE_CURVE('',#1254,#1325,#739,.T.);
#1680=EDGE_CURVE('',#1326,#1325,#136,.T.);
#1681=EDGE_CURVE('',#1255,#1326,#740,.T.);
#1682=EDGE_CURVE('',#1327,#1326,#741,.T.);
#1683=EDGE_CURVE('',#1256,#1327,#742,.T.);
#1684=EDGE_CURVE('',#1328,#1327,#137,.T.);
#1685=EDGE_CURVE('',#1257,#1328,#743,.T.);
#1686=EDGE_CURVE('',#1329,#1328,#744,.T.);
#1687=EDGE_CURVE('',#1258,#1329,#745,.T.);
#1688=EDGE_CURVE('',#1330,#1329,#138,.T.);
#1689=EDGE_CURVE('',#1259,#1330,#746,.T.);
#1690=EDGE_CURVE('',#1331,#1330,#139,.T.);
#1691=EDGE_CURVE('',#1260,#1331,#747,.T.);
#1692=EDGE_CURVE('',#1332,#1331,#140,.T.);
#1693=EDGE_CURVE('',#1261,#1332,#748,.T.);
#1694=EDGE_CURVE('',#1333,#1332,#749,.T.);
#1695=EDGE_CURVE('',#1262,#1333,#750,.T.);
#1696=EDGE_CURVE('',#1334,#1333,#141,.T.);
#1697=EDGE_CURVE('',#1263,#1334,#751,.T.);
#1698=EDGE_CURVE('',#1335,#1334,#752,.T.);
#1699=EDGE_CURVE('',#1264,#1335,#753,.T.);
#1700=EDGE_CURVE('',#1336,#1335,#142,.T.);
#1701=EDGE_CURVE('',#1265,#1336,#754,.T.);
#1702=EDGE_CURVE('',#1337,#1336,#143,.T.);
#1703=EDGE_CURVE('',#1266,#1337,#755,.T.);
#1704=EDGE_CURVE('',#1338,#1337,#144,.T.);
#1705=EDGE_CURVE('',#1267,#1338,#756,.T.);
#1706=EDGE_CURVE('',#1339,#1338,#757,.T.);
#1707=EDGE_CURVE('',#1268,#1339,#758,.T.);
#1708=EDGE_CURVE('',#1340,#1339,#145,.T.);
#1709=EDGE_CURVE('',#1269,#1340,#759,.T.);
#1710=EDGE_CURVE('',#1341,#1340,#760,.T.);
#1711=EDGE_CURVE('',#1270,#1341,#761,.T.);
#1712=EDGE_CURVE('',#1342,#1341,#146,.T.);
#1713=EDGE_CURVE('',#1271,#1342,#762,.T.);
#1714=EDGE_CURVE('',#1343,#1342,#147,.T.);
#1715=EDGE_CURVE('',#1272,#1343,#763,.T.);
#1716=EDGE_CURVE('',#1344,#1343,#148,.T.);
#1717=EDGE_CURVE('',#1273,#1344,#764,.T.);
#1718=EDGE_CURVE('',#1345,#1344,#765,.T.);
#1719=EDGE_CURVE('',#1274,#1345,#766,.T.);
#1720=EDGE_CURVE('',#1346,#1345,#149,.T.);
#1721=EDGE_CURVE('',#1275,#1346,#767,.T.);
#1722=EDGE_CURVE('',#1347,#1346,#768,.T.);
#1723=EDGE_CURVE('',#1276,#1347,#769,.T.);
#1724=EDGE_CURVE('',#1348,#1347,#150,.T.);
#1725=EDGE_CURVE('',#1157,#1348,#770,.T.);
#1726=EDGE_CURVE('',#1349,#1349,#151,.T.);
#1727=EDGE_CURVE('',#1349,#1350,#771,.T.);
#1728=EDGE_CURVE('',#1350,#1350,#152,.T.);
#1729=EDGE_CURVE('',#1351,#1348,#153,.T.);
#1730=EDGE_CURVE('',#1158,#1351,#772,.T.);
#1731=EDGE_CURVE('',#1352,#1351,#154,.T.);
#1732=EDGE_CURVE('',#1159,#1352,#773,.T.);
#1733=EDGE_CURVE('',#1353,#1352,#774,.T.);
#1734=EDGE_CURVE('',#1160,#1353,#775,.T.);
#1735=EDGE_CURVE('',#1354,#1353,#155,.T.);
#1736=EDGE_CURVE('',#1161,#1354,#776,.T.);
#1737=EDGE_CURVE('',#1355,#1354,#777,.T.);
#1738=EDGE_CURVE('',#1162,#1355,#778,.T.);
#1739=EDGE_CURVE('',#1356,#1355,#156,.T.);
#1740=EDGE_CURVE('',#1163,#1356,#779,.T.);
#1741=EDGE_CURVE('',#1357,#1356,#157,.T.);
#1742=EDGE_CURVE('',#1164,#1357,#780,.T.);
#1743=EDGE_CURVE('',#1358,#1357,#158,.T.);
#1744=EDGE_CURVE('',#1165,#1358,#781,.T.);
#1745=EDGE_CURVE('',#1359,#1358,#782,.T.);
#1746=EDGE_CURVE('',#1166,#1359,#783,.T.);
#1747=EDGE_CURVE('',#1360,#1359,#159,.T.);
#1748=EDGE_CURVE('',#1167,#1360,#784,.T.);
#1749=EDGE_CURVE('',#1361,#1360,#785,.T.);
#1750=EDGE_CURVE('',#1168,#1361,#786,.T.);
#1751=EDGE_CURVE('',#1362,#1361,#160,.T.);
#1752=EDGE_CURVE('',#1169,#1362,#787,.T.);
#1753=EDGE_CURVE('',#1363,#1362,#161,.T.);
#1754=EDGE_CURVE('',#1170,#1363,#788,.T.);
#1755=EDGE_CURVE('',#1364,#1363,#162,.T.);
#1756=EDGE_CURVE('',#1171,#1364,#789,.T.);
#1757=EDGE_CURVE('',#1365,#1364,#790,.T.);
#1758=EDGE_CURVE('',#1172,#1365,#791,.T.);
#1759=EDGE_CURVE('',#1366,#1365,#163,.T.);
#1760=EDGE_CURVE('',#1173,#1366,#792,.T.);
#1761=EDGE_CURVE('',#1367,#1366,#793,.T.);
#1762=EDGE_CURVE('',#1174,#1367,#794,.T.);
#1763=EDGE_CURVE('',#1368,#1367,#164,.T.);
#1764=EDGE_CURVE('',#1175,#1368,#795,.T.);
#1765=EDGE_CURVE('',#1369,#1368,#165,.T.);
#1766=EDGE_CURVE('',#1176,#1369,#796,.T.);
#1767=EDGE_CURVE('',#1370,#1369,#166,.T.);
#1768=EDGE_CURVE('',#1177,#1370,#797,.T.);
#1769=EDGE_CURVE('',#1371,#1370,#798,.T.);
#1770=EDGE_CURVE('',#1178,#1371,#799,.T.);
#1771=EDGE_CURVE('',#1372,#1371,#167,.T.);
#1772=EDGE_CURVE('',#1179,#1372,#800,.T.);
#1773=EDGE_CURVE('',#1373,#1372,#801,.T.);
#1774=EDGE_CURVE('',#1180,#1373,#802,.T.);
#1775=EDGE_CURVE('',#1374,#1373,#168,.T.);
#1776=EDGE_CURVE('',#1181,#1374,#803,.T.);
#1777=EDGE_CURVE('',#1375,#1374,#169,.T.);
#1778=EDGE_CURVE('',#1182,#1375,#804,.T.);
#1779=EDGE_CURVE('',#1376,#1375,#170,.T.);
#1780=EDGE_CURVE('',#1183,#1376,#805,.T.);
#1781=EDGE_CURVE('',#1377,#1376,#806,.T.);
#1782=EDGE_CURVE('',#1184,#1377,#807,.T.);
#1783=EDGE_CURVE('',#1378,#1377,#171,.T.);
#1784=EDGE_CURVE('',#1185,#1378,#808,.T.);
#1785=EDGE_CURVE('',#1379,#1378,#809,.T.);
#1786=EDGE_CURVE('',#1186,#1379,#810,.T.);
#1787=EDGE_CURVE('',#1380,#1379,#172,.T.);
#1788=EDGE_CURVE('',#1187,#1380,#811,.T.);
#1789=EDGE_CURVE('',#1381,#1380,#173,.T.);
#1790=EDGE_CURVE('',#1188,#1381,#812,.T.);
#1791=EDGE_CURVE('',#1382,#1381,#174,.T.);
#1792=EDGE_CURVE('',#1189,#1382,#813,.T.);
#1793=EDGE_CURVE('',#1383,#1382,#814,.T.);
#1794=EDGE_CURVE('',#1190,#1383,#815,.T.);
#1795=EDGE_CURVE('',#1384,#1383,#175,.T.);
#1796=EDGE_CURVE('',#1191,#1384,#816,.T.);
#1797=EDGE_CURVE('',#1385,#1384,#817,.T.);
#1798=EDGE_CURVE('',#1192,#1385,#818,.T.);
#1799=EDGE_CURVE('',#1386,#1385,#176,.T.);
#1800=EDGE_CURVE('',#1193,#1386,#819,.T.);
#1801=EDGE_CURVE('',#1387,#1386,#177,.T.);
#1802=EDGE_CURVE('',#1194,#1387,#820,.T.);
#1803=EDGE_CURVE('',#1388,#1387,#178,.T.);
#1804=EDGE_CURVE('',#1195,#1388,#821,.T.);
#1805=EDGE_CURVE('',#1389,#1388,#822,.T.);
#1806=EDGE_CURVE('',#1196,#1389,#823,.T.);
#1807=EDGE_CURVE('',#1390,#1389,#179,.T.);
#1808=EDGE_CURVE('',#1197,#1390,#824,.T.);
#1809=EDGE_CURVE('',#1391,#1390,#825,.T.);
#1810=EDGE_CURVE('',#1198,#1391,#826,.T.);
#1811=EDGE_CURVE('',#1392,#1391,#180,.T.);
#1812=EDGE_CURVE('',#1199,#1392,#827,.T.);
#1813=EDGE_CURVE('',#1393,#1392,#181,.T.);
#1814=EDGE_CURVE('',#1200,#1393,#828,.T.);
#1815=EDGE_CURVE('',#1394,#1393,#182,.T.);
#1816=EDGE_CURVE('',#1201,#1394,#829,.T.);
#1817=EDGE_CURVE('',#1395,#1394,#830,.T.);
#1818=EDGE_CURVE('',#1202,#1395,#831,.T.);
#1819=EDGE_CURVE('',#1396,#1395,#183,.T.);
#1820=EDGE_CURVE('',#1203,#1396,#832,.T.);
#1821=EDGE_CURVE('',#1397,#1396,#833,.T.);
#1822=EDGE_CURVE('',#1204,#1397,#834,.T.);
#1823=EDGE_CURVE('',#1398,#1397,#184,.T.);
#1824=EDGE_CURVE('',#1205,#1398,#835,.T.);
#1825=EDGE_CURVE('',#1399,#1398,#185,.T.);
#1826=EDGE_CURVE('',#1206,#1399,#836,.T.);
#1827=EDGE_CURVE('',#1400,#1399,#186,.T.);
#1828=EDGE_CURVE('',#1207,#1400,#837,.T.);
#1829=EDGE_CURVE('',#1401,#1400,#838,.T.);
#1830=EDGE_CURVE('',#1208,#1401,#839,.T.);
#1831=EDGE_CURVE('',#1402,#1401,#187,.T.);
#1832=EDGE_CURVE('',#1209,#1402,#840,.T.);
#1833=EDGE_CURVE('',#1403,#1402,#841,.T.);
#1834=EDGE_CURVE('',#1210,#1403,#842,.T.);
#1835=EDGE_CURVE('',#1404,#1403,#188,.T.);
#1836=EDGE_CURVE('',#1211,#1404,#843,.T.);
#1837=EDGE_CURVE('',#1405,#1404,#189,.T.);
#1838=EDGE_CURVE('',#1212,#1405,#844,.T.);
#1839=EDGE_CURVE('',#1406,#1405,#190,.T.);
#1840=EDGE_CURVE('',#1213,#1406,#845,.T.);
#1841=EDGE_CURVE('',#1407,#1406,#846,.T.);
#1842=EDGE_CURVE('',#1214,#1407,#847,.T.);
#1843=EDGE_CURVE('',#1408,#1407,#191,.T.);
#1844=EDGE_CURVE('',#1215,#1408,#848,.T.);
#1845=EDGE_CURVE('',#1409,#1408,#849,.T.);
#1846=EDGE_CURVE('',#1216,#1409,#850,.T.);
#1847=EDGE_CURVE('',#1288,#1409,#192,.T.);
#1848=ORIENTED_EDGE('',*,*,#1410,.T.);
#1849=ORIENTED_EDGE('',*,*,#1411,.F.);
#1850=ORIENTED_EDGE('',*,*,#1412,.T.);
#1851=ORIENTED_EDGE('',*,*,#1413,.T.);
#1852=ORIENTED_EDGE('',*,*,#1414,.T.);
#1853=ORIENTED_EDGE('',*,*,#1415,.F.);
#1854=ORIENTED_EDGE('',*,*,#1416,.T.);
#1855=ORIENTED_EDGE('',*,*,#1411,.T.);
#1856=ORIENTED_EDGE('',*,*,#1417,.T.);
#1857=ORIENTED_EDGE('',*,*,#1418,.F.);
#1858=ORIENTED_EDGE('',*,*,#1419,.T.);
#1859=ORIENTED_EDGE('',*,*,#1415,.T.);
#1860=ORIENTED_EDGE('',*,*,#1420,.T.);
#1861=ORIENTED_EDGE('',*,*,#1413,.F.);
#1862=ORIENTED_EDGE('',*,*,#1421,.T.);
#1863=ORIENTED_EDGE('',*,*,#1418,.T.);
#1864=ORIENTED_EDGE('',*,*,#1422,.F.);
#1865=ORIENTED_EDGE('',*,*,#1423,.T.);
#1866=ORIENTED_EDGE('',*,*,#1424,.T.);
#1867=ORIENTED_EDGE('',*,*,#1425,.F.);
#1868=ORIENTED_EDGE('',*,*,#1426,.F.);
#1869=ORIENTED_EDGE('',*,*,#1425,.T.);
#1870=ORIENTED_EDGE('',*,*,#1427,.T.);
#1871=ORIENTED_EDGE('',*,*,#1428,.F.);
#1872=ORIENTED_EDGE('',*,*,#1423,.F.);
#1873=ORIENTED_EDGE('',*,*,#1429,.T.);
#1874=ORIENTED_EDGE('',*,*,#1430,.T.);
#1875=ORIENTED_EDGE('',*,*,#1431,.T.);
#1876=ORIENTED_EDGE('',*,*,#1432,.T.);
#1877=ORIENTED_EDGE('',*,*,#1433,.T.);
#1878=ORIENTED_EDGE('',*,*,#1434,.T.);
#1879=ORIENTED_EDGE('',*,*,#1435,.T.);
#1880=ORIENTED_EDGE('',*,*,#1436,.T.);
#1881=ORIENTED_EDGE('',*,*,#1431,.F.);
#1882=ORIENTED_EDGE('',*,*,#1437,.T.);
#1883=ORIENTED_EDGE('',*,*,#1438,.T.);
#1884=ORIENTED_EDGE('',*,*,#1428,.T.);
#1885=ORIENTED_EDGE('',*,*,#1439,.T.);
#1886=ORIENTED_EDGE('',*,*,#1440,.F.);
#1887=ORIENTED_EDGE('',*,*,#1441,.F.);
#1888=ORIENTED_EDGE('',*,*,#1440,.T.);
#1889=ORIENTED_EDGE('',*,*,#1442,.T.);
#1890=ORIENTED_EDGE('',*,*,#1429,.F.);
#1891=ORIENTED_EDGE('',*,*,#1442,.F.);
#1892=ORIENTED_EDGE('',*,*,#1439,.F.);
#1893=ORIENTED_EDGE('',*,*,#1427,.F.);
#1894=ORIENTED_EDGE('',*,*,#1424,.F.);
#1895=ORIENTED_EDGE('',*,*,#1437,.F.);
#1896=ORIENTED_EDGE('',*,*,#1430,.F.);
#1897=ORIENTED_EDGE('',*,*,#1443,.F.);
#1898=ORIENTED_EDGE('',*,*,#1435,.F.);
#1899=ORIENTED_EDGE('',*,*,#1444,.F.);
#1900=ORIENTED_EDGE('',*,*,#1445,.F.);
#1901=ORIENTED_EDGE('',*,*,#1446,.F.);
#1902=ORIENTED_EDGE('',*,*,#1447,.F.);
#1903=ORIENTED_EDGE('',*,*,#1448,.F.);
#1904=ORIENTED_EDGE('',*,*,#1449,.F.);
#1905=ORIENTED_EDGE('',*,*,#1450,.F.);
#1906=ORIENTED_EDGE('',*,*,#1451,.F.);
#1907=ORIENTED_EDGE('',*,*,#1452,.F.);
#1908=ORIENTED_EDGE('',*,*,#1433,.F.);
#1909=ORIENTED_EDGE('',*,*,#1453,.F.);
#1910=ORIENTED_EDGE('',*,*,#1434,.F.);
#1911=ORIENTED_EDGE('',*,*,#1452,.T.);
#1912=ORIENTED_EDGE('',*,*,#1454,.F.);
#1913=ORIENTED_EDGE('',*,*,#1455,.T.);
#1914=ORIENTED_EDGE('',*,*,#1456,.T.);
#1915=ORIENTED_EDGE('',*,*,#1457,.T.);
#1916=ORIENTED_EDGE('',*,*,#1458,.T.);
#1917=ORIENTED_EDGE('',*,*,#1459,.T.);
#1918=ORIENTED_EDGE('',*,*,#1460,.T.);
#1919=ORIENTED_EDGE('',*,*,#1461,.F.);
#1920=ORIENTED_EDGE('',*,*,#1462,.F.);
#1921=ORIENTED_EDGE('',*,*,#1444,.T.);
#1922=ORIENTED_EDGE('',*,*,#1438,.F.);
#1923=ORIENTED_EDGE('',*,*,#1441,.T.);
#1924=ORIENTED_EDGE('',*,*,#1422,.T.);
#1925=ORIENTED_EDGE('',*,*,#1426,.T.);
#1926=ORIENTED_EDGE('',*,*,#1463,.T.);
#1927=ORIENTED_EDGE('',*,*,#1464,.T.);
#1928=ORIENTED_EDGE('',*,*,#1465,.T.);
#1929=ORIENTED_EDGE('',*,*,#1466,.T.);
#1930=ORIENTED_EDGE('',*,*,#1467,.T.);
#1931=ORIENTED_EDGE('',*,*,#1468,.T.);
#1932=ORIENTED_EDGE('',*,*,#1469,.T.);
#1933=ORIENTED_EDGE('',*,*,#1470,.T.);
#1934=ORIENTED_EDGE('',*,*,#1471,.T.);
#1935=ORIENTED_EDGE('',*,*,#1472,.T.);
#1936=ORIENTED_EDGE('',*,*,#1473,.T.);
#1937=ORIENTED_EDGE('',*,*,#1474,.T.);
#1938=ORIENTED_EDGE('',*,*,#1475,.T.);
#1939=ORIENTED_EDGE('',*,*,#1476,.T.);
#1940=ORIENTED_EDGE('',*,*,#1477,.T.);
#1941=ORIENTED_EDGE('',*,*,#1478,.T.);
#1942=ORIENTED_EDGE('',*,*,#1479,.T.);
#1943=ORIENTED_EDGE('',*,*,#1480,.T.);
#1944=ORIENTED_EDGE('',*,*,#1481,.T.);
#1945=ORIENTED_EDGE('',*,*,#1482,.T.);
#1946=ORIENTED_EDGE('',*,*,#1483,.T.);
#1947=ORIENTED_EDGE('',*,*,#1484,.T.);
#1948=ORIENTED_EDGE('',*,*,#1485,.T.);
#1949=ORIENTED_EDGE('',*,*,#1486,.T.);
#1950=ORIENTED_EDGE('',*,*,#1487,.T.);
#1951=ORIENTED_EDGE('',*,*,#1488,.T.);
#1952=ORIENTED_EDGE('',*,*,#1489,.T.);
#1953=ORIENTED_EDGE('',*,*,#1490,.T.);
#1954=ORIENTED_EDGE('',*,*,#1491,.T.);
#1955=ORIENTED_EDGE('',*,*,#1492,.T.);
#1956=ORIENTED_EDGE('',*,*,#1493,.T.);
#1957=ORIENTED_EDGE('',*,*,#1494,.T.);
#1958=ORIENTED_EDGE('',*,*,#1495,.T.);
#1959=ORIENTED_EDGE('',*,*,#1496,.T.);
#1960=ORIENTED_EDGE('',*,*,#1497,.T.);
#1961=ORIENTED_EDGE('',*,*,#1498,.T.);
#1962=ORIENTED_EDGE('',*,*,#1499,.T.);
#1963=ORIENTED_EDGE('',*,*,#1500,.T.);
#1964=ORIENTED_EDGE('',*,*,#1501,.T.);
#1965=ORIENTED_EDGE('',*,*,#1502,.T.);
#1966=ORIENTED_EDGE('',*,*,#1503,.T.);
#1967=ORIENTED_EDGE('',*,*,#1504,.T.);
#1968=ORIENTED_EDGE('',*,*,#1505,.T.);
#1969=ORIENTED_EDGE('',*,*,#1506,.T.);
#1970=ORIENTED_EDGE('',*,*,#1507,.T.);
#1971=ORIENTED_EDGE('',*,*,#1508,.T.);
#1972=ORIENTED_EDGE('',*,*,#1509,.T.);
#1973=ORIENTED_EDGE('',*,*,#1510,.T.);
#1974=ORIENTED_EDGE('',*,*,#1511,.T.);
#1975=ORIENTED_EDGE('',*,*,#1512,.T.);
#1976=ORIENTED_EDGE('',*,*,#1513,.T.);
#1977=ORIENTED_EDGE('',*,*,#1514,.T.);
#1978=ORIENTED_EDGE('',*,*,#1515,.T.);
#1979=ORIENTED_EDGE('',*,*,#1516,.T.);
#1980=ORIENTED_EDGE('',*,*,#1517,.T.);
#1981=ORIENTED_EDGE('',*,*,#1518,.T.);
#1982=ORIENTED_EDGE('',*,*,#1519,.T.);
#1983=ORIENTED_EDGE('',*,*,#1520,.T.);
#1984=ORIENTED_EDGE('',*,*,#1521,.T.);
#1985=ORIENTED_EDGE('',*,*,#1522,.T.);
#1986=ORIENTED_EDGE('',*,*,#1523,.T.);
#1987=ORIENTED_EDGE('',*,*,#1524,.T.);
#1988=ORIENTED_EDGE('',*,*,#1525,.T.);
#1989=ORIENTED_EDGE('',*,*,#1526,.T.);
#1990=ORIENTED_EDGE('',*,*,#1527,.T.);
#1991=ORIENTED_EDGE('',*,*,#1528,.T.);
#1992=ORIENTED_EDGE('',*,*,#1529,.T.);
#1993=ORIENTED_EDGE('',*,*,#1530,.T.);
#1994=ORIENTED_EDGE('',*,*,#1531,.T.);
#1995=ORIENTED_EDGE('',*,*,#1532,.T.);
#1996=ORIENTED_EDGE('',*,*,#1533,.T.);
#1997=ORIENTED_EDGE('',*,*,#1534,.T.);
#1998=ORIENTED_EDGE('',*,*,#1535,.T.);
#1999=ORIENTED_EDGE('',*,*,#1536,.T.);
#2000=ORIENTED_EDGE('',*,*,#1537,.T.);
#2001=ORIENTED_EDGE('',*,*,#1538,.T.);
#2002=ORIENTED_EDGE('',*,*,#1539,.T.);
#2003=ORIENTED_EDGE('',*,*,#1540,.T.);
#2004=ORIENTED_EDGE('',*,*,#1541,.T.);
#2005=ORIENTED_EDGE('',*,*,#1542,.T.);
#2006=ORIENTED_EDGE('',*,*,#1543,.T.);
#2007=ORIENTED_EDGE('',*,*,#1544,.T.);
#2008=ORIENTED_EDGE('',*,*,#1545,.T.);
#2009=ORIENTED_EDGE('',*,*,#1546,.T.);
#2010=ORIENTED_EDGE('',*,*,#1547,.T.);
#2011=ORIENTED_EDGE('',*,*,#1548,.T.);
#2012=ORIENTED_EDGE('',*,*,#1549,.T.);
#2013=ORIENTED_EDGE('',*,*,#1550,.T.);
#2014=ORIENTED_EDGE('',*,*,#1551,.T.);
#2015=ORIENTED_EDGE('',*,*,#1552,.T.);
#2016=ORIENTED_EDGE('',*,*,#1553,.T.);
#2017=ORIENTED_EDGE('',*,*,#1554,.T.);
#2018=ORIENTED_EDGE('',*,*,#1555,.T.);
#2019=ORIENTED_EDGE('',*,*,#1556,.T.);
#2020=ORIENTED_EDGE('',*,*,#1557,.T.);
#2021=ORIENTED_EDGE('',*,*,#1558,.T.);
#2022=ORIENTED_EDGE('',*,*,#1559,.T.);
#2023=ORIENTED_EDGE('',*,*,#1560,.T.);
#2024=ORIENTED_EDGE('',*,*,#1561,.T.);
#2025=ORIENTED_EDGE('',*,*,#1562,.T.);
#2026=ORIENTED_EDGE('',*,*,#1563,.T.);
#2027=ORIENTED_EDGE('',*,*,#1564,.T.);
#2028=ORIENTED_EDGE('',*,*,#1565,.T.);
#2029=ORIENTED_EDGE('',*,*,#1566,.T.);
#2030=ORIENTED_EDGE('',*,*,#1567,.T.);
#2031=ORIENTED_EDGE('',*,*,#1568,.T.);
#2032=ORIENTED_EDGE('',*,*,#1569,.T.);
#2033=ORIENTED_EDGE('',*,*,#1570,.T.);
#2034=ORIENTED_EDGE('',*,*,#1571,.T.);
#2035=ORIENTED_EDGE('',*,*,#1572,.T.);
#2036=ORIENTED_EDGE('',*,*,#1573,.T.);
#2037=ORIENTED_EDGE('',*,*,#1574,.T.);
#2038=ORIENTED_EDGE('',*,*,#1575,.T.);
#2039=ORIENTED_EDGE('',*,*,#1576,.T.);
#2040=ORIENTED_EDGE('',*,*,#1577,.T.);
#2041=ORIENTED_EDGE('',*,*,#1578,.T.);
#2042=ORIENTED_EDGE('',*,*,#1579,.T.);
#2043=ORIENTED_EDGE('',*,*,#1580,.T.);
#2044=ORIENTED_EDGE('',*,*,#1581,.T.);
#2045=ORIENTED_EDGE('',*,*,#1582,.T.);
#2046=ORIENTED_EDGE('',*,*,#1583,.T.);
#2047=ORIENTED_EDGE('',*,*,#1584,.T.);
#2048=ORIENTED_EDGE('',*,*,#1585,.F.);
#2049=ORIENTED_EDGE('',*,*,#1584,.F.);
#2050=ORIENTED_EDGE('',*,*,#1585,.T.);
#2051=ORIENTED_EDGE('',*,*,#1586,.F.);
#2052=ORIENTED_EDGE('',*,*,#1587,.F.);
#2053=ORIENTED_EDGE('',*,*,#1588,.F.);
#2054=ORIENTED_EDGE('',*,*,#1460,.F.);
#2055=ORIENTED_EDGE('',*,*,#1459,.F.);
#2056=ORIENTED_EDGE('',*,*,#1589,.F.);
#2057=ORIENTED_EDGE('',*,*,#1419,.F.);
#2058=ORIENTED_EDGE('',*,*,#1421,.F.);
#2059=ORIENTED_EDGE('',*,*,#1412,.F.);
#2060=ORIENTED_EDGE('',*,*,#1416,.F.);
#2061=ORIENTED_EDGE('',*,*,#1590,.T.);
#2062=ORIENTED_EDGE('',*,*,#1591,.T.);
#2063=ORIENTED_EDGE('',*,*,#1592,.T.);
#2064=ORIENTED_EDGE('',*,*,#1456,.F.);
#2065=ORIENTED_EDGE('',*,*,#1417,.F.);
#2066=ORIENTED_EDGE('',*,*,#1414,.F.);
#2067=ORIENTED_EDGE('',*,*,#1410,.F.);
#2068=ORIENTED_EDGE('',*,*,#1420,.F.);
#2069=ORIENTED_EDGE('',*,*,#1457,.F.);
#2070=ORIENTED_EDGE('',*,*,#1592,.F.);
#2071=ORIENTED_EDGE('',*,*,#1593,.F.);
#2072=ORIENTED_EDGE('',*,*,#1594,.T.);
#2073=ORIENTED_EDGE('',*,*,#1589,.T.);
#2074=ORIENTED_EDGE('',*,*,#1458,.F.);
#2075=ORIENTED_EDGE('',*,*,#1583,.F.);
#2076=ORIENTED_EDGE('',*,*,#1590,.F.);
#2077=ORIENTED_EDGE('',*,*,#1455,.F.);
#2078=ORIENTED_EDGE('',*,*,#1595,.T.);
#2079=ORIENTED_EDGE('',*,*,#1596,.T.);
#2080=ORIENTED_EDGE('',*,*,#1445,.T.);
#2081=ORIENTED_EDGE('',*,*,#1462,.T.);
#2082=ORIENTED_EDGE('',*,*,#1597,.T.);
#2083=ORIENTED_EDGE('',*,*,#1598,.F.);
#2084=ORIENTED_EDGE('',*,*,#1461,.T.);
#2085=ORIENTED_EDGE('',*,*,#1588,.T.);
#2086=ORIENTED_EDGE('',*,*,#1599,.F.);
#2087=ORIENTED_EDGE('',*,*,#1597,.F.);
#2088=ORIENTED_EDGE('',*,*,#1453,.T.);
#2089=ORIENTED_EDGE('',*,*,#1600,.T.);
#2090=ORIENTED_EDGE('',*,*,#1601,.F.);
#2091=ORIENTED_EDGE('',*,*,#1600,.F.);
#2092=ORIENTED_EDGE('',*,*,#1601,.T.);
#2093=ORIENTED_EDGE('',*,*,#1602,.T.);
#2094=ORIENTED_EDGE('',*,*,#1449,.T.);
#2095=ORIENTED_EDGE('',*,*,#1603,.T.);
#2096=ORIENTED_EDGE('',*,*,#1447,.T.);
#2097=ORIENTED_EDGE('',*,*,#1599,.T.);
#2098=ORIENTED_EDGE('',*,*,#1587,.T.);
#2099=ORIENTED_EDGE('',*,*,#1586,.T.);
#2100=ORIENTED_EDGE('',*,*,#1594,.F.);
#2101=ORIENTED_EDGE('',*,*,#1593,.T.);
#2102=ORIENTED_EDGE('',*,*,#1591,.F.);
#2103=ORIENTED_EDGE('',*,*,#1596,.F.);
#2104=ORIENTED_EDGE('',*,*,#1604,.F.);
#2105=ORIENTED_EDGE('',*,*,#1450,.T.);
#2106=ORIENTED_EDGE('',*,*,#1602,.F.);
#2107=ORIENTED_EDGE('',*,*,#1446,.T.);
#2108=ORIENTED_EDGE('',*,*,#1598,.T.);
#2109=ORIENTED_EDGE('',*,*,#1595,.F.);
#2110=ORIENTED_EDGE('',*,*,#1454,.T.);
#2111=ORIENTED_EDGE('',*,*,#1451,.T.);
#2112=ORIENTED_EDGE('',*,*,#1604,.T.);
#2113=ORIENTED_EDGE('',*,*,#1523,.F.);
#2114=ORIENTED_EDGE('',*,*,#1605,.T.);
#2115=ORIENTED_EDGE('',*,*,#1606,.F.);
#2116=ORIENTED_EDGE('',*,*,#1607,.F.);
#2117=ORIENTED_EDGE('',*,*,#1524,.F.);
#2118=ORIENTED_EDGE('',*,*,#1607,.T.);
#2119=ORIENTED_EDGE('',*,*,#1608,.F.);
#2120=ORIENTED_EDGE('',*,*,#1609,.F.);
#2121=ORIENTED_EDGE('',*,*,#1525,.F.);
#2122=ORIENTED_EDGE('',*,*,#1609,.T.);
#2123=ORIENTED_EDGE('',*,*,#1610,.F.);
#2124=ORIENTED_EDGE('',*,*,#1611,.F.);
#2125=ORIENTED_EDGE('',*,*,#1526,.F.);
#2126=ORIENTED_EDGE('',*,*,#1611,.T.);
#2127=ORIENTED_EDGE('',*,*,#1612,.F.);
#2128=ORIENTED_EDGE('',*,*,#1613,.F.);
#2129=ORIENTED_EDGE('',*,*,#1527,.F.);
#2130=ORIENTED_EDGE('',*,*,#1613,.T.);
#2131=ORIENTED_EDGE('',*,*,#1614,.F.);
#2132=ORIENTED_EDGE('',*,*,#1615,.F.);
#2133=ORIENTED_EDGE('',*,*,#1528,.F.);
#2134=ORIENTED_EDGE('',*,*,#1615,.T.);
#2135=ORIENTED_EDGE('',*,*,#1616,.F.);
#2136=ORIENTED_EDGE('',*,*,#1617,.F.);
#2137=ORIENTED_EDGE('',*,*,#1529,.F.);
#2138=ORIENTED_EDGE('',*,*,#1617,.T.);
#2139=ORIENTED_EDGE('',*,*,#1618,.F.);
#2140=ORIENTED_EDGE('',*,*,#1619,.F.);
#2141=ORIENTED_EDGE('',*,*,#1530,.F.);
#2142=ORIENTED_EDGE('',*,*,#1619,.T.);
#2143=ORIENTED_EDGE('',*,*,#1620,.F.);
#2144=ORIENTED_EDGE('',*,*,#1621,.F.);
#2145=ORIENTED_EDGE('',*,*,#1531,.F.);
#2146=ORIENTED_EDGE('',*,*,#1621,.T.);
#2147=ORIENTED_EDGE('',*,*,#1622,.F.);
#2148=ORIENTED_EDGE('',*,*,#1623,.F.);
#2149=ORIENTED_EDGE('',*,*,#1532,.F.);
#2150=ORIENTED_EDGE('',*,*,#1623,.T.);
#2151=ORIENTED_EDGE('',*,*,#1624,.F.);
#2152=ORIENTED_EDGE('',*,*,#1625,.F.);
#2153=ORIENTED_EDGE('',*,*,#1533,.F.);
#2154=ORIENTED_EDGE('',*,*,#1625,.T.);
#2155=ORIENTED_EDGE('',*,*,#1626,.F.);
#2156=ORIENTED_EDGE('',*,*,#1627,.F.);
#2157=ORIENTED_EDGE('',*,*,#1534,.F.);
#2158=ORIENTED_EDGE('',*,*,#1627,.T.);
#2159=ORIENTED_EDGE('',*,*,#1628,.F.);
#2160=ORIENTED_EDGE('',*,*,#1629,.F.);
#2161=ORIENTED_EDGE('',*,*,#1535,.F.);
#2162=ORIENTED_EDGE('',*,*,#1629,.T.);
#2163=ORIENTED_EDGE('',*,*,#1630,.F.);
#2164=ORIENTED_EDGE('',*,*,#1631,.F.);
#2165=ORIENTED_EDGE('',*,*,#1536,.F.);
#2166=ORIENTED_EDGE('',*,*,#1631,.T.);
#2167=ORIENTED_EDGE('',*,*,#1632,.F.);
#2168=ORIENTED_EDGE('',*,*,#1633,.F.);
#2169=ORIENTED_EDGE('',*,*,#1537,.F.);
#2170=ORIENTED_EDGE('',*,*,#1633,.T.);
#2171=ORIENTED_EDGE('',*,*,#1634,.F.);
#2172=ORIENTED_EDGE('',*,*,#1635,.F.);
#2173=ORIENTED_EDGE('',*,*,#1538,.F.);
#2174=ORIENTED_EDGE('',*,*,#1635,.T.);
#2175=ORIENTED_EDGE('',*,*,#1636,.F.);
#2176=ORIENTED_EDGE('',*,*,#1637,.F.);
#2177=ORIENTED_EDGE('',*,*,#1539,.F.);
#2178=ORIENTED_EDGE('',*,*,#1637,.T.);
#2179=ORIENTED_EDGE('',*,*,#1638,.F.);
#2180=ORIENTED_EDGE('',*,*,#1639,.F.);
#2181=ORIENTED_EDGE('',*,*,#1540,.F.);
#2182=ORIENTED_EDGE('',*,*,#1639,.T.);
#2183=ORIENTED_EDGE('',*,*,#1640,.F.);
#2184=ORIENTED_EDGE('',*,*,#1641,.F.);
#2185=ORIENTED_EDGE('',*,*,#1541,.F.);
#2186=ORIENTED_EDGE('',*,*,#1641,.T.);
#2187=ORIENTED_EDGE('',*,*,#1642,.F.);
#2188=ORIENTED_EDGE('',*,*,#1643,.F.);
#2189=ORIENTED_EDGE('',*,*,#1542,.F.);
#2190=ORIENTED_EDGE('',*,*,#1643,.T.);
#2191=ORIENTED_EDGE('',*,*,#1644,.F.);
#2192=ORIENTED_EDGE('',*,*,#1645,.F.);
#2193=ORIENTED_EDGE('',*,*,#1543,.F.);
#2194=ORIENTED_EDGE('',*,*,#1645,.T.);
#2195=ORIENTED_EDGE('',*,*,#1646,.F.);
#2196=ORIENTED_EDGE('',*,*,#1647,.F.);
#2197=ORIENTED_EDGE('',*,*,#1544,.F.);
#2198=ORIENTED_EDGE('',*,*,#1647,.T.);
#2199=ORIENTED_EDGE('',*,*,#1648,.F.);
#2200=ORIENTED_EDGE('',*,*,#1649,.F.);
#2201=ORIENTED_EDGE('',*,*,#1545,.F.);
#2202=ORIENTED_EDGE('',*,*,#1649,.T.);
#2203=ORIENTED_EDGE('',*,*,#1650,.F.);
#2204=ORIENTED_EDGE('',*,*,#1651,.F.);
#2205=ORIENTED_EDGE('',*,*,#1546,.F.);
#2206=ORIENTED_EDGE('',*,*,#1651,.T.);
#2207=ORIENTED_EDGE('',*,*,#1652,.F.);
#2208=ORIENTED_EDGE('',*,*,#1653,.F.);
#2209=ORIENTED_EDGE('',*,*,#1547,.F.);
#2210=ORIENTED_EDGE('',*,*,#1653,.T.);
#2211=ORIENTED_EDGE('',*,*,#1654,.F.);
#2212=ORIENTED_EDGE('',*,*,#1655,.F.);
#2213=ORIENTED_EDGE('',*,*,#1548,.F.);
#2214=ORIENTED_EDGE('',*,*,#1655,.T.);
#2215=ORIENTED_EDGE('',*,*,#1656,.F.);
#2216=ORIENTED_EDGE('',*,*,#1657,.F.);
#2217=ORIENTED_EDGE('',*,*,#1549,.F.);
#2218=ORIENTED_EDGE('',*,*,#1657,.T.);
#2219=ORIENTED_EDGE('',*,*,#1658,.F.);
#2220=ORIENTED_EDGE('',*,*,#1659,.F.);
#2221=ORIENTED_EDGE('',*,*,#1550,.F.);
#2222=ORIENTED_EDGE('',*,*,#1659,.T.);
#2223=ORIENTED_EDGE('',*,*,#1660,.F.);
#2224=ORIENTED_EDGE('',*,*,#1661,.F.);
#2225=ORIENTED_EDGE('',*,*,#1551,.F.);
#2226=ORIENTED_EDGE('',*,*,#1661,.T.);
#2227=ORIENTED_EDGE('',*,*,#1662,.F.);
#2228=ORIENTED_EDGE('',*,*,#1663,.F.);
#2229=ORIENTED_EDGE('',*,*,#1552,.F.);
#2230=ORIENTED_EDGE('',*,*,#1663,.T.);
#2231=ORIENTED_EDGE('',*,*,#1664,.F.);
#2232=ORIENTED_EDGE('',*,*,#1665,.F.);
#2233=ORIENTED_EDGE('',*,*,#1553,.F.);
#2234=ORIENTED_EDGE('',*,*,#1665,.T.);
#2235=ORIENTED_EDGE('',*,*,#1666,.F.);
#2236=ORIENTED_EDGE('',*,*,#1667,.F.);
#2237=ORIENTED_EDGE('',*,*,#1554,.F.);
#2238=ORIENTED_EDGE('',*,*,#1667,.T.);
#2239=ORIENTED_EDGE('',*,*,#1668,.F.);
#2240=ORIENTED_EDGE('',*,*,#1669,.F.);
#2241=ORIENTED_EDGE('',*,*,#1555,.F.);
#2242=ORIENTED_EDGE('',*,*,#1669,.T.);
#2243=ORIENTED_EDGE('',*,*,#1670,.F.);
#2244=ORIENTED_EDGE('',*,*,#1671,.F.);
#2245=ORIENTED_EDGE('',*,*,#1556,.F.);
#2246=ORIENTED_EDGE('',*,*,#1671,.T.);
#2247=ORIENTED_EDGE('',*,*,#1672,.F.);
#2248=ORIENTED_EDGE('',*,*,#1673,.F.);
#2249=ORIENTED_EDGE('',*,*,#1557,.F.);
#2250=ORIENTED_EDGE('',*,*,#1673,.T.);
#2251=ORIENTED_EDGE('',*,*,#1674,.F.);
#2252=ORIENTED_EDGE('',*,*,#1675,.F.);
#2253=ORIENTED_EDGE('',*,*,#1558,.F.);
#2254=ORIENTED_EDGE('',*,*,#1675,.T.);
#2255=ORIENTED_EDGE('',*,*,#1676,.F.);
#2256=ORIENTED_EDGE('',*,*,#1677,.F.);
#2257=ORIENTED_EDGE('',*,*,#1559,.F.);
#2258=ORIENTED_EDGE('',*,*,#1677,.T.);
#2259=ORIENTED_EDGE('',*,*,#1678,.F.);
#2260=ORIENTED_EDGE('',*,*,#1679,.F.);
#2261=ORIENTED_EDGE('',*,*,#1560,.F.);
#2262=ORIENTED_EDGE('',*,*,#1679,.T.);
#2263=ORIENTED_EDGE('',*,*,#1680,.F.);
#2264=ORIENTED_EDGE('',*,*,#1681,.F.);
#2265=ORIENTED_EDGE('',*,*,#1561,.F.);
#2266=ORIENTED_EDGE('',*,*,#1681,.T.);
#2267=ORIENTED_EDGE('',*,*,#1682,.F.);
#2268=ORIENTED_EDGE('',*,*,#1683,.F.);
#2269=ORIENTED_EDGE('',*,*,#1562,.F.);
#2270=ORIENTED_EDGE('',*,*,#1683,.T.);
#2271=ORIENTED_EDGE('',*,*,#1684,.F.);
#2272=ORIENTED_EDGE('',*,*,#1685,.F.);
#2273=ORIENTED_EDGE('',*,*,#1563,.F.);
#2274=ORIENTED_EDGE('',*,*,#1685,.T.);
#2275=ORIENTED_EDGE('',*,*,#1686,.F.);
#2276=ORIENTED_EDGE('',*,*,#1687,.F.);
#2277=ORIENTED_EDGE('',*,*,#1564,.F.);
#2278=ORIENTED_EDGE('',*,*,#1687,.T.);
#2279=ORIENTED_EDGE('',*,*,#1688,.F.);
#2280=ORIENTED_EDGE('',*,*,#1689,.F.);
#2281=ORIENTED_EDGE('',*,*,#1565,.F.);
#2282=ORIENTED_EDGE('',*,*,#1689,.T.);
#2283=ORIENTED_EDGE('',*,*,#1690,.F.);
#2284=ORIENTED_EDGE('',*,*,#1691,.F.);
#2285=ORIENTED_EDGE('',*,*,#1566,.F.);
#2286=ORIENTED_EDGE('',*,*,#1691,.T.);
#2287=ORIENTED_EDGE('',*,*,#1692,.F.);
#2288=ORIENTED_EDGE('',*,*,#1693,.F.);
#2289=ORIENTED_EDGE('',*,*,#1567,.F.);
#2290=ORIENTED_EDGE('',*,*,#1693,.T.);
#2291=ORIENTED_EDGE('',*,*,#1694,.F.);
#2292=ORIENTED_EDGE('',*,*,#1695,.F.);
#2293=ORIENTED_EDGE('',*,*,#1568,.F.);
#2294=ORIENTED_EDGE('',*,*,#1695,.T.);
#2295=ORIENTED_EDGE('',*,*,#1696,.F.);
#2296=ORIENTED_EDGE('',*,*,#1697,.F.);
#2297=ORIENTED_EDGE('',*,*,#1569,.F.);
#2298=ORIENTED_EDGE('',*,*,#1697,.T.);
#2299=ORIENTED_EDGE('',*,*,#1698,.F.);
#2300=ORIENTED_EDGE('',*,*,#1699,.F.);
#2301=ORIENTED_EDGE('',*,*,#1570,.F.);
#2302=ORIENTED_EDGE('',*,*,#1699,.T.);
#2303=ORIENTED_EDGE('',*,*,#1700,.F.);
#2304=ORIENTED_EDGE('',*,*,#1701,.F.);
#2305=ORIENTED_EDGE('',*,*,#1571,.F.);
#2306=ORIENTED_EDGE('',*,*,#1701,.T.);
#2307=ORIENTED_EDGE('',*,*,#1702,.F.);
#2308=ORIENTED_EDGE('',*,*,#1703,.F.);
#2309=ORIENTED_EDGE('',*,*,#1572,.F.);
#2310=ORIENTED_EDGE('',*,*,#1703,.T.);
#2311=ORIENTED_EDGE('',*,*,#1704,.F.);
#2312=ORIENTED_EDGE('',*,*,#1705,.F.);
#2313=ORIENTED_EDGE('',*,*,#1573,.F.);
#2314=ORIENTED_EDGE('',*,*,#1705,.T.);
#2315=ORIENTED_EDGE('',*,*,#1706,.F.);
#2316=ORIENTED_EDGE('',*,*,#1707,.F.);
#2317=ORIENTED_EDGE('',*,*,#1574,.F.);
#2318=ORIENTED_EDGE('',*,*,#1707,.T.);
#2319=ORIENTED_EDGE('',*,*,#1708,.F.);
#2320=ORIENTED_EDGE('',*,*,#1709,.F.);
#2321=ORIENTED_EDGE('',*,*,#1575,.F.);
#2322=ORIENTED_EDGE('',*,*,#1709,.T.);
#2323=ORIENTED_EDGE('',*,*,#1710,.F.);
#2324=ORIENTED_EDGE('',*,*,#1711,.F.);
#2325=ORIENTED_EDGE('',*,*,#1576,.F.);
#2326=ORIENTED_EDGE('',*,*,#1711,.T.);
#2327=ORIENTED_EDGE('',*,*,#1712,.F.);
#2328=ORIENTED_EDGE('',*,*,#1713,.F.);
#2329=ORIENTED_EDGE('',*,*,#1577,.F.);
#2330=ORIENTED_EDGE('',*,*,#1713,.T.);
#2331=ORIENTED_EDGE('',*,*,#1714,.F.);
#2332=ORIENTED_EDGE('',*,*,#1715,.F.);
#2333=ORIENTED_EDGE('',*,*,#1578,.F.);
#2334=ORIENTED_EDGE('',*,*,#1715,.T.);
#2335=ORIENTED_EDGE('',*,*,#1716,.F.);
#2336=ORIENTED_EDGE('',*,*,#1717,.F.);
#2337=ORIENTED_EDGE('',*,*,#1579,.F.);
#2338=ORIENTED_EDGE('',*,*,#1717,.T.);
#2339=ORIENTED_EDGE('',*,*,#1718,.F.);
#2340=ORIENTED_EDGE('',*,*,#1719,.F.);
#2341=ORIENTED_EDGE('',*,*,#1580,.F.);
#2342=ORIENTED_EDGE('',*,*,#1719,.T.);
#2343=ORIENTED_EDGE('',*,*,#1720,.F.);
#2344=ORIENTED_EDGE('',*,*,#1721,.F.);
#2345=ORIENTED_EDGE('',*,*,#1581,.F.);
#2346=ORIENTED_EDGE('',*,*,#1721,.T.);
#2347=ORIENTED_EDGE('',*,*,#1722,.F.);
#2348=ORIENTED_EDGE('',*,*,#1723,.F.);
#2349=ORIENTED_EDGE('',*,*,#1582,.F.);
#2350=ORIENTED_EDGE('',*,*,#1723,.T.);
#2351=ORIENTED_EDGE('',*,*,#1724,.F.);
#2352=ORIENTED_EDGE('',*,*,#1725,.F.);
#2353=ORIENTED_EDGE('',*,*,#1726,.F.);
#2354=ORIENTED_EDGE('',*,*,#1727,.T.);
#2355=ORIENTED_EDGE('',*,*,#1728,.T.);
#2356=ORIENTED_EDGE('',*,*,#1727,.F.);
#2357=ORIENTED_EDGE('',*,*,#1463,.F.);
#2358=ORIENTED_EDGE('',*,*,#1725,.T.);
#2359=ORIENTED_EDGE('',*,*,#1729,.F.);
#2360=ORIENTED_EDGE('',*,*,#1730,.F.);
#2361=ORIENTED_EDGE('',*,*,#1464,.F.);
#2362=ORIENTED_EDGE('',*,*,#1730,.T.);
#2363=ORIENTED_EDGE('',*,*,#1731,.F.);
#2364=ORIENTED_EDGE('',*,*,#1732,.F.);
#2365=ORIENTED_EDGE('',*,*,#1465,.F.);
#2366=ORIENTED_EDGE('',*,*,#1732,.T.);
#2367=ORIENTED_EDGE('',*,*,#1733,.F.);
#2368=ORIENTED_EDGE('',*,*,#1734,.F.);
#2369=ORIENTED_EDGE('',*,*,#1466,.F.);
#2370=ORIENTED_EDGE('',*,*,#1734,.T.);
#2371=ORIENTED_EDGE('',*,*,#1735,.F.);
#2372=ORIENTED_EDGE('',*,*,#1736,.F.);
#2373=ORIENTED_EDGE('',*,*,#1467,.F.);
#2374=ORIENTED_EDGE('',*,*,#1736,.T.);
#2375=ORIENTED_EDGE('',*,*,#1737,.F.);
#2376=ORIENTED_EDGE('',*,*,#1738,.F.);
#2377=ORIENTED_EDGE('',*,*,#1468,.F.);
#2378=ORIENTED_EDGE('',*,*,#1738,.T.);
#2379=ORIENTED_EDGE('',*,*,#1739,.F.);
#2380=ORIENTED_EDGE('',*,*,#1740,.F.);
#2381=ORIENTED_EDGE('',*,*,#1469,.F.);
#2382=ORIENTED_EDGE('',*,*,#1740,.T.);
#2383=ORIENTED_EDGE('',*,*,#1741,.F.);
#2384=ORIENTED_EDGE('',*,*,#1742,.F.);
#2385=ORIENTED_EDGE('',*,*,#1470,.F.);
#2386=ORIENTED_EDGE('',*,*,#1742,.T.);
#2387=ORIENTED_EDGE('',*,*,#1743,.F.);
#2388=ORIENTED_EDGE('',*,*,#1744,.F.);
#2389=ORIENTED_EDGE('',*,*,#1471,.F.);
#2390=ORIENTED_EDGE('',*,*,#1744,.T.);
#2391=ORIENTED_EDGE('',*,*,#1745,.F.);
#2392=ORIENTED_EDGE('',*,*,#1746,.F.);
#2393=ORIENTED_EDGE('',*,*,#1472,.F.);
#2394=ORIENTED_EDGE('',*,*,#1746,.T.);
#2395=ORIENTED_EDGE('',*,*,#1747,.F.);
#2396=ORIENTED_EDGE('',*,*,#1748,.F.);
#2397=ORIENTED_EDGE('',*,*,#1473,.F.);
#2398=ORIENTED_EDGE('',*,*,#1748,.T.);
#2399=ORIENTED_EDGE('',*,*,#1749,.F.);
#2400=ORIENTED_EDGE('',*,*,#1750,.F.);
#2401=ORIENTED_EDGE('',*,*,#1474,.F.);
#2402=ORIENTED_EDGE('',*,*,#1750,.T.);
#2403=ORIENTED_EDGE('',*,*,#1751,.F.);
#2404=ORIENTED_EDGE('',*,*,#1752,.F.);
#2405=ORIENTED_EDGE('',*,*,#1475,.F.);
#2406=ORIENTED_EDGE('',*,*,#1752,.T.);
#2407=ORIENTED_EDGE('',*,*,#1753,.F.);
#2408=ORIENTED_EDGE('',*,*,#1754,.F.);
#2409=ORIENTED_EDGE('',*,*,#1476,.F.);
#2410=ORIENTED_EDGE('',*,*,#1754,.T.);
#2411=ORIENTED_EDGE('',*,*,#1755,.F.);
#2412=ORIENTED_EDGE('',*,*,#1756,.F.);
#2413=ORIENTED_EDGE('',*,*,#1477,.F.);
#2414=ORIENTED_EDGE('',*,*,#1756,.T.);
#2415=ORIENTED_EDGE('',*,*,#1757,.F.);
#2416=ORIENTED_EDGE('',*,*,#1758,.F.);
#2417=ORIENTED_EDGE('',*,*,#1478,.F.);
#2418=ORIENTED_EDGE('',*,*,#1758,.T.);
#2419=ORIENTED_EDGE('',*,*,#1759,.F.);
#2420=ORIENTED_EDGE('',*,*,#1760,.F.);
#2421=ORIENTED_EDGE('',*,*,#1479,.F.);
#2422=ORIENTED_EDGE('',*,*,#1760,.T.);
#2423=ORIENTED_EDGE('',*,*,#1761,.F.);
#2424=ORIENTED_EDGE('',*,*,#1762,.F.);
#2425=ORIENTED_EDGE('',*,*,#1480,.F.);
#2426=ORIENTED_EDGE('',*,*,#1762,.T.);
#2427=ORIENTED_EDGE('',*,*,#1763,.F.);
#2428=ORIENTED_EDGE('',*,*,#1764,.F.);
#2429=ORIENTED_EDGE('',*,*,#1481,.F.);
#2430=ORIENTED_EDGE('',*,*,#1764,.T.);
#2431=ORIENTED_EDGE('',*,*,#1765,.F.);
#2432=ORIENTED_EDGE('',*,*,#1766,.F.);
#2433=ORIENTED_EDGE('',*,*,#1482,.F.);
#2434=ORIENTED_EDGE('',*,*,#1766,.T.);
#2435=ORIENTED_EDGE('',*,*,#1767,.F.);
#2436=ORIENTED_EDGE('',*,*,#1768,.F.);
#2437=ORIENTED_EDGE('',*,*,#1483,.F.);
#2438=ORIENTED_EDGE('',*,*,#1768,.T.);
#2439=ORIENTED_EDGE('',*,*,#1769,.F.);
#2440=ORIENTED_EDGE('',*,*,#1770,.F.);
#2441=ORIENTED_EDGE('',*,*,#1484,.F.);
#2442=ORIENTED_EDGE('',*,*,#1770,.T.);
#2443=ORIENTED_EDGE('',*,*,#1771,.F.);
#2444=ORIENTED_EDGE('',*,*,#1772,.F.);
#2445=ORIENTED_EDGE('',*,*,#1485,.F.);
#2446=ORIENTED_EDGE('',*,*,#1772,.T.);
#2447=ORIENTED_EDGE('',*,*,#1773,.F.);
#2448=ORIENTED_EDGE('',*,*,#1774,.F.);
#2449=ORIENTED_EDGE('',*,*,#1486,.F.);
#2450=ORIENTED_EDGE('',*,*,#1774,.T.);
#2451=ORIENTED_EDGE('',*,*,#1775,.F.);
#2452=ORIENTED_EDGE('',*,*,#1776,.F.);
#2453=ORIENTED_EDGE('',*,*,#1487,.F.);
#2454=ORIENTED_EDGE('',*,*,#1776,.T.);
#2455=ORIENTED_EDGE('',*,*,#1777,.F.);
#2456=ORIENTED_EDGE('',*,*,#1778,.F.);
#2457=ORIENTED_EDGE('',*,*,#1488,.F.);
#2458=ORIENTED_EDGE('',*,*,#1778,.T.);
#2459=ORIENTED_EDGE('',*,*,#1779,.F.);
#2460=ORIENTED_EDGE('',*,*,#1780,.F.);
#2461=ORIENTED_EDGE('',*,*,#1489,.F.);
#2462=ORIENTED_EDGE('',*,*,#1780,.T.);
#2463=ORIENTED_EDGE('',*,*,#1781,.F.);
#2464=ORIENTED_EDGE('',*,*,#1782,.F.);
#2465=ORIENTED_EDGE('',*,*,#1490,.F.);
#2466=ORIENTED_EDGE('',*,*,#1782,.T.);
#2467=ORIENTED_EDGE('',*,*,#1783,.F.);
#2468=ORIENTED_EDGE('',*,*,#1784,.F.);
#2469=ORIENTED_EDGE('',*,*,#1491,.F.);
#2470=ORIENTED_EDGE('',*,*,#1784,.T.);
#2471=ORIENTED_EDGE('',*,*,#1785,.F.);
#2472=ORIENTED_EDGE('',*,*,#1786,.F.);
#2473=ORIENTED_EDGE('',*,*,#1492,.F.);
#2474=ORIENTED_EDGE('',*,*,#1786,.T.);
#2475=ORIENTED_EDGE('',*,*,#1787,.F.);
#2476=ORIENTED_EDGE('',*,*,#1788,.F.);
#2477=ORIENTED_EDGE('',*,*,#1493,.F.);
#2478=ORIENTED_EDGE('',*,*,#1788,.T.);
#2479=ORIENTED_EDGE('',*,*,#1789,.F.);
#2480=ORIENTED_EDGE('',*,*,#1790,.F.);
#2481=ORIENTED_EDGE('',*,*,#1494,.F.);
#2482=ORIENTED_EDGE('',*,*,#1790,.T.);
#2483=ORIENTED_EDGE('',*,*,#1791,.F.);
#2484=ORIENTED_EDGE('',*,*,#1792,.F.);
#2485=ORIENTED_EDGE('',*,*,#1495,.F.);
#2486=ORIENTED_EDGE('',*,*,#1792,.T.);
#2487=ORIENTED_EDGE('',*,*,#1793,.F.);
#2488=ORIENTED_EDGE('',*,*,#1794,.F.);
#2489=ORIENTED_EDGE('',*,*,#1496,.F.);
#2490=ORIENTED_EDGE('',*,*,#1794,.T.);
#2491=ORIENTED_EDGE('',*,*,#1795,.F.);
#2492=ORIENTED_EDGE('',*,*,#1796,.F.);
#2493=ORIENTED_EDGE('',*,*,#1497,.F.);
#2494=ORIENTED_EDGE('',*,*,#1796,.T.);
#2495=ORIENTED_EDGE('',*,*,#1797,.F.);
#2496=ORIENTED_EDGE('',*,*,#1798,.F.);
#2497=ORIENTED_EDGE('',*,*,#1498,.F.);
#2498=ORIENTED_EDGE('',*,*,#1798,.T.);
#2499=ORIENTED_EDGE('',*,*,#1799,.F.);
#2500=ORIENTED_EDGE('',*,*,#1800,.F.);
#2501=ORIENTED_EDGE('',*,*,#1499,.F.);
#2502=ORIENTED_EDGE('',*,*,#1800,.T.);
#2503=ORIENTED_EDGE('',*,*,#1801,.F.);
#2504=ORIENTED_EDGE('',*,*,#1802,.F.);
#2505=ORIENTED_EDGE('',*,*,#1500,.F.);
#2506=ORIENTED_EDGE('',*,*,#1802,.T.);
#2507=ORIENTED_EDGE('',*,*,#1803,.F.);
#2508=ORIENTED_EDGE('',*,*,#1804,.F.);
#2509=ORIENTED_EDGE('',*,*,#1501,.F.);
#2510=ORIENTED_EDGE('',*,*,#1804,.T.);
#2511=ORIENTED_EDGE('',*,*,#1805,.F.);
#2512=ORIENTED_EDGE('',*,*,#1806,.F.);
#2513=ORIENTED_EDGE('',*,*,#1502,.F.);
#2514=ORIENTED_EDGE('',*,*,#1806,.T.);
#2515=ORIENTED_EDGE('',*,*,#1807,.F.);
#2516=ORIENTED_EDGE('',*,*,#1808,.F.);
#2517=ORIENTED_EDGE('',*,*,#1503,.F.);
#2518=ORIENTED_EDGE('',*,*,#1808,.T.);
#2519=ORIENTED_EDGE('',*,*,#1809,.F.);
#2520=ORIENTED_EDGE('',*,*,#1810,.F.);
#2521=ORIENTED_EDGE('',*,*,#1504,.F.);
#2522=ORIENTED_EDGE('',*,*,#1810,.T.);
#2523=ORIENTED_EDGE('',*,*,#1811,.F.);
#2524=ORIENTED_EDGE('',*,*,#1812,.F.);
#2525=ORIENTED_EDGE('',*,*,#1505,.F.);
#2526=ORIENTED_EDGE('',*,*,#1812,.T.);
#2527=ORIENTED_EDGE('',*,*,#1813,.F.);
#2528=ORIENTED_EDGE('',*,*,#1814,.F.);
#2529=ORIENTED_EDGE('',*,*,#1506,.F.);
#2530=ORIENTED_EDGE('',*,*,#1814,.T.);
#2531=ORIENTED_EDGE('',*,*,#1815,.F.);
#2532=ORIENTED_EDGE('',*,*,#1816,.F.);
#2533=ORIENTED_EDGE('',*,*,#1507,.F.);
#2534=ORIENTED_EDGE('',*,*,#1816,.T.);
#2535=ORIENTED_EDGE('',*,*,#1817,.F.);
#2536=ORIENTED_EDGE('',*,*,#1818,.F.);
#2537=ORIENTED_EDGE('',*,*,#1508,.F.);
#2538=ORIENTED_EDGE('',*,*,#1818,.T.);
#2539=ORIENTED_EDGE('',*,*,#1819,.F.);
#2540=ORIENTED_EDGE('',*,*,#1820,.F.);
#2541=ORIENTED_EDGE('',*,*,#1509,.F.);
#2542=ORIENTED_EDGE('',*,*,#1820,.T.);
#2543=ORIENTED_EDGE('',*,*,#1821,.F.);
#2544=ORIENTED_EDGE('',*,*,#1822,.F.);
#2545=ORIENTED_EDGE('',*,*,#1510,.F.);
#2546=ORIENTED_EDGE('',*,*,#1822,.T.);
#2547=ORIENTED_EDGE('',*,*,#1823,.F.);
#2548=ORIENTED_EDGE('',*,*,#1824,.F.);
#2549=ORIENTED_EDGE('',*,*,#1511,.F.);
#2550=ORIENTED_EDGE('',*,*,#1824,.T.);
#2551=ORIENTED_EDGE('',*,*,#1825,.F.);
#2552=ORIENTED_EDGE('',*,*,#1826,.F.);
#2553=ORIENTED_EDGE('',*,*,#1512,.F.);
#2554=ORIENTED_EDGE('',*,*,#1826,.T.);
#2555=ORIENTED_EDGE('',*,*,#1827,.F.);
#2556=ORIENTED_EDGE('',*,*,#1828,.F.);
#2557=ORIENTED_EDGE('',*,*,#1513,.F.);
#2558=ORIENTED_EDGE('',*,*,#1828,.T.);
#2559=ORIENTED_EDGE('',*,*,#1829,.F.);
#2560=ORIENTED_EDGE('',*,*,#1830,.F.);
#2561=ORIENTED_EDGE('',*,*,#1514,.F.);
#2562=ORIENTED_EDGE('',*,*,#1830,.T.);
#2563=ORIENTED_EDGE('',*,*,#1831,.F.);
#2564=ORIENTED_EDGE('',*,*,#1832,.F.);
#2565=ORIENTED_EDGE('',*,*,#1515,.F.);
#2566=ORIENTED_EDGE('',*,*,#1832,.T.);
#2567=ORIENTED_EDGE('',*,*,#1833,.F.);
#2568=ORIENTED_EDGE('',*,*,#1834,.F.);
#2569=ORIENTED_EDGE('',*,*,#1516,.F.);
#2570=ORIENTED_EDGE('',*,*,#1834,.T.);
#2571=ORIENTED_EDGE('',*,*,#1835,.F.);
#2572=ORIENTED_EDGE('',*,*,#1836,.F.);
#2573=ORIENTED_EDGE('',*,*,#1517,.F.);
#2574=ORIENTED_EDGE('',*,*,#1836,.T.);
#2575=ORIENTED_EDGE('',*,*,#1837,.F.);
#2576=ORIENTED_EDGE('',*,*,#1838,.F.);
#2577=ORIENTED_EDGE('',*,*,#1518,.F.);
#2578=ORIENTED_EDGE('',*,*,#1838,.T.);
#2579=ORIENTED_EDGE('',*,*,#1839,.F.);
#2580=ORIENTED_EDGE('',*,*,#1840,.F.);
#2581=ORIENTED_EDGE('',*,*,#1519,.F.);
#2582=ORIENTED_EDGE('',*,*,#1840,.T.);
#2583=ORIENTED_EDGE('',*,*,#1841,.F.);
#2584=ORIENTED_EDGE('',*,*,#1842,.F.);
#2585=ORIENTED_EDGE('',*,*,#1520,.F.);
#2586=ORIENTED_EDGE('',*,*,#1842,.T.);
#2587=ORIENTED_EDGE('',*,*,#1843,.F.);
#2588=ORIENTED_EDGE('',*,*,#1844,.F.);
#2589=ORIENTED_EDGE('',*,*,#1521,.F.);
#2590=ORIENTED_EDGE('',*,*,#1844,.T.);
#2591=ORIENTED_EDGE('',*,*,#1845,.F.);
#2592=ORIENTED_EDGE('',*,*,#1846,.F.);
#2593=ORIENTED_EDGE('',*,*,#1522,.F.);
#2594=ORIENTED_EDGE('',*,*,#1846,.T.);
#2595=ORIENTED_EDGE('',*,*,#1847,.F.);
#2596=ORIENTED_EDGE('',*,*,#1605,.F.);
#2597=ORIENTED_EDGE('',*,*,#1724,.T.);
#2598=ORIENTED_EDGE('',*,*,#1722,.T.);
#2599=ORIENTED_EDGE('',*,*,#1720,.T.);
#2600=ORIENTED_EDGE('',*,*,#1718,.T.);
#2601=ORIENTED_EDGE('',*,*,#1716,.T.);
#2602=ORIENTED_EDGE('',*,*,#1714,.T.);
#2603=ORIENTED_EDGE('',*,*,#1712,.T.);
#2604=ORIENTED_EDGE('',*,*,#1710,.T.);
#2605=ORIENTED_EDGE('',*,*,#1708,.T.);
#2606=ORIENTED_EDGE('',*,*,#1706,.T.);
#2607=ORIENTED_EDGE('',*,*,#1704,.T.);
#2608=ORIENTED_EDGE('',*,*,#1702,.T.);
#2609=ORIENTED_EDGE('',*,*,#1700,.T.);
#2610=ORIENTED_EDGE('',*,*,#1698,.T.);
#2611=ORIENTED_EDGE('',*,*,#1696,.T.);
#2612=ORIENTED_EDGE('',*,*,#1694,.T.);
#2613=ORIENTED_EDGE('',*,*,#1692,.T.);
#2614=ORIENTED_EDGE('',*,*,#1690,.T.);
#2615=ORIENTED_EDGE('',*,*,#1688,.T.);
#2616=ORIENTED_EDGE('',*,*,#1686,.T.);
#2617=ORIENTED_EDGE('',*,*,#1684,.T.);
#2618=ORIENTED_EDGE('',*,*,#1682,.T.);
#2619=ORIENTED_EDGE('',*,*,#1680,.T.);
#2620=ORIENTED_EDGE('',*,*,#1678,.T.);
#2621=ORIENTED_EDGE('',*,*,#1676,.T.);
#2622=ORIENTED_EDGE('',*,*,#1674,.T.);
#2623=ORIENTED_EDGE('',*,*,#1672,.T.);
#2624=ORIENTED_EDGE('',*,*,#1670,.T.);
#2625=ORIENTED_EDGE('',*,*,#1668,.T.);
#2626=ORIENTED_EDGE('',*,*,#1666,.T.);
#2627=ORIENTED_EDGE('',*,*,#1664,.T.);
#2628=ORIENTED_EDGE('',*,*,#1662,.T.);
#2629=ORIENTED_EDGE('',*,*,#1660,.T.);
#2630=ORIENTED_EDGE('',*,*,#1658,.T.);
#2631=ORIENTED_EDGE('',*,*,#1656,.T.);
#2632=ORIENTED_EDGE('',*,*,#1654,.T.);
#2633=ORIENTED_EDGE('',*,*,#1652,.T.);
#2634=ORIENTED_EDGE('',*,*,#1650,.T.);
#2635=ORIENTED_EDGE('',*,*,#1648,.T.);
#2636=ORIENTED_EDGE('',*,*,#1646,.T.);
#2637=ORIENTED_EDGE('',*,*,#1644,.T.);
#2638=ORIENTED_EDGE('',*,*,#1642,.T.);
#2639=ORIENTED_EDGE('',*,*,#1640,.T.);
#2640=ORIENTED_EDGE('',*,*,#1638,.T.);
#2641=ORIENTED_EDGE('',*,*,#1636,.T.);
#2642=ORIENTED_EDGE('',*,*,#1634,.T.);
#2643=ORIENTED_EDGE('',*,*,#1632,.T.);
#2644=ORIENTED_EDGE('',*,*,#1630,.T.);
#2645=ORIENTED_EDGE('',*,*,#1628,.T.);
#2646=ORIENTED_EDGE('',*,*,#1626,.T.);
#2647=ORIENTED_EDGE('',*,*,#1624,.T.);
#2648=ORIENTED_EDGE('',*,*,#1622,.T.);
#2649=ORIENTED_EDGE('',*,*,#1620,.T.);
#2650=ORIENTED_EDGE('',*,*,#1618,.T.);
#2651=ORIENTED_EDGE('',*,*,#1616,.T.);
#2652=ORIENTED_EDGE('',*,*,#1614,.T.);
#2653=ORIENTED_EDGE('',*,*,#1612,.T.);
#2654=ORIENTED_EDGE('',*,*,#1610,.T.);
#2655=ORIENTED_EDGE('',*,*,#1608,.T.);
#2656=ORIENTED_EDGE('',*,*,#1606,.T.);
#2657=ORIENTED_EDGE('',*,*,#1847,.T.);
#2658=ORIENTED_EDGE('',*,*,#1845,.T.);
#2659=ORIENTED_EDGE('',*,*,#1843,.T.);
#2660=ORIENTED_EDGE('',*,*,#1841,.T.);
#2661=ORIENTED_EDGE('',*,*,#1839,.T.);
#2662=ORIENTED_EDGE('',*,*,#1837,.T.);
#2663=ORIENTED_EDGE('',*,*,#1835,.T.);
#2664=ORIENTED_EDGE('',*,*,#1833,.T.);
#2665=ORIENTED_EDGE('',*,*,#1831,.T.);
#2666=ORIENTED_EDGE('',*,*,#1829,.T.);
#2667=ORIENTED_EDGE('',*,*,#1827,.T.);
#2668=ORIENTED_EDGE('',*,*,#1825,.T.);
#2669=ORIENTED_EDGE('',*,*,#1823,.T.);
#2670=ORIENTED_EDGE('',*,*,#1821,.T.);
#2671=ORIENTED_EDGE('',*,*,#1819,.T.);
#2672=ORIENTED_EDGE('',*,*,#1817,.T.);
#2673=ORIENTED_EDGE('',*,*,#1815,.T.);
#2674=ORIENTED_EDGE('',*,*,#1813,.T.);
#2675=ORIENTED_EDGE('',*,*,#1811,.T.);
#2676=ORIENTED_EDGE('',*,*,#1809,.T.);
#2677=ORIENTED_EDGE('',*,*,#1807,.T.);
#2678=ORIENTED_EDGE('',*,*,#1805,.T.);
#2679=ORIENTED_EDGE('',*,*,#1803,.T.);
#2680=ORIENTED_EDGE('',*,*,#1801,.T.);
#2681=ORIENTED_EDGE('',*,*,#1799,.T.);
#2682=ORIENTED_EDGE('',*,*,#1797,.T.);
#2683=ORIENTED_EDGE('',*,*,#1795,.T.);
#2684=ORIENTED_EDGE('',*,*,#1793,.T.);
#2685=ORIENTED_EDGE('',*,*,#1791,.T.);
#2686=ORIENTED_EDGE('',*,*,#1789,.T.);
#2687=ORIENTED_EDGE('',*,*,#1787,.T.);
#2688=ORIENTED_EDGE('',*,*,#1785,.T.);
#2689=ORIENTED_EDGE('',*,*,#1783,.T.);
#2690=ORIENTED_EDGE('',*,*,#1781,.T.);
#2691=ORIENTED_EDGE('',*,*,#1779,.T.);
#2692=ORIENTED_EDGE('',*,*,#1777,.T.);
#2693=ORIENTED_EDGE('',*,*,#1775,.T.);
#2694=ORIENTED_EDGE('',*,*,#1773,.T.);
#2695=ORIENTED_EDGE('',*,*,#1771,.T.);
#2696=ORIENTED_EDGE('',*,*,#1769,.T.);
#2697=ORIENTED_EDGE('',*,*,#1767,.T.);
#2698=ORIENTED_EDGE('',*,*,#1765,.T.);
#2699=ORIENTED_EDGE('',*,*,#1763,.T.);
#2700=ORIENTED_EDGE('',*,*,#1761,.T.);
#2701=ORIENTED_EDGE('',*,*,#1759,.T.);
#2702=ORIENTED_EDGE('',*,*,#1757,.T.);
#2703=ORIENTED_EDGE('',*,*,#1755,.T.);
#2704=ORIENTED_EDGE('',*,*,#1753,.T.);
#2705=ORIENTED_EDGE('',*,*,#1751,.T.);
#2706=ORIENTED_EDGE('',*,*,#1749,.T.);
#2707=ORIENTED_EDGE('',*,*,#1747,.T.);
#2708=ORIENTED_EDGE('',*,*,#1745,.T.);
#2709=ORIENTED_EDGE('',*,*,#1743,.T.);
#2710=ORIENTED_EDGE('',*,*,#1741,.T.);
#2711=ORIENTED_EDGE('',*,*,#1739,.T.);
#2712=ORIENTED_EDGE('',*,*,#1737,.T.);
#2713=ORIENTED_EDGE('',*,*,#1735,.T.);
#2714=ORIENTED_EDGE('',*,*,#1733,.T.);
#2715=ORIENTED_EDGE('',*,*,#1731,.T.);
#2716=ORIENTED_EDGE('',*,*,#1729,.T.);
#2717=ORIENTED_EDGE('',*,*,#1726,.T.);
#2718=ORIENTED_EDGE('',*,*,#1436,.F.);
#2719=ORIENTED_EDGE('',*,*,#1443,.T.);
#2720=ORIENTED_EDGE('',*,*,#1603,.F.);
#2721=ORIENTED_EDGE('',*,*,#1448,.T.);
#2722=ORIENTED_EDGE('',*,*,#1432,.F.);
#2723=ORIENTED_EDGE('',*,*,#1728,.F.);
#2724=PLANE('',#2954);
#2725=PLANE('',#2955);
#2726=PLANE('',#2956);
#2727=PLANE('',#2957);
#2728=PLANE('',#2958);
#2729=PLANE('',#2959);
#2730=PLANE('',#2966);
#2731=PLANE('',#2967);
#2732=PLANE('',#2968);
#2733=PLANE('',#2969);
#2734=PLANE('',#2970);
#2735=PLANE('',#2972);
#2736=PLANE('',#2973);
#2737=PLANE('',#3057);
#2738=PLANE('',#3058);
#2739=PLANE('',#3059);
#2740=PLANE('',#3060);
#2741=PLANE('',#3061);
#2742=PLANE('',#3062);
#2743=PLANE('',#3063);
#2744=PLANE('',#3066);
#2745=PLANE('',#3067);
#2746=PLANE('',#3068);
#2747=PLANE('',#3069);
#2748=PLANE('',#3074);
#2749=PLANE('',#3077);
#2750=PLANE('',#3084);
#2751=PLANE('',#3087);
#2752=PLANE('',#3094);
#2753=PLANE('',#3097);
#2754=PLANE('',#3104);
#2755=PLANE('',#3107);
#2756=PLANE('',#3114);
#2757=PLANE('',#3117);
#2758=PLANE('',#3124);
#2759=PLANE('',#3127);
#2760=PLANE('',#3134);
#2761=PLANE('',#3137);
#2762=PLANE('',#3144);
#2763=PLANE('',#3147);
#2764=PLANE('',#3154);
#2765=PLANE('',#3157);
#2766=PLANE('',#3164);
#2767=PLANE('',#3167);
#2768=PLANE('',#3177);
#2769=PLANE('',#3180);
#2770=PLANE('',#3187);
#2771=PLANE('',#3190);
#2772=PLANE('',#3197);
#2773=PLANE('',#3200);
#2774=PLANE('',#3207);
#2775=PLANE('',#3210);
#2776=PLANE('',#3217);
#2777=PLANE('',#3220);
#2778=PLANE('',#3227);
#2779=PLANE('',#3230);
#2780=PLANE('',#3237);
#2781=PLANE('',#3240);
#2782=PLANE('',#3247);
#2783=PLANE('',#3250);
#2784=PLANE('',#3257);
#2785=PLANE('',#3260);
#2786=PLANE('',#3267);
#2787=PLANE('',#3270);
#2788=PLANE('',#3273);
#2789=PLANE('',#3274);
#2790=ADVANCED_FACE('',(#277),#2724,.T.);
#2791=ADVANCED_FACE('',(#278),#2725,.T.);
#2792=ADVANCED_FACE('',(#279),#2726,.T.);
#2793=ADVANCED_FACE('',(#280),#2727,.T.);
#2794=ADVANCED_FACE('',(#281),#2728,.F.);
#2795=ADVANCED_FACE('',(#282),#2729,.F.);
#2796=ADVANCED_FACE('',(#283),#193,.T.);
#2797=ADVANCED_FACE('',(#284),#2730,.F.);
#2798=ADVANCED_FACE('',(#285),#2731,.F.);
#2799=ADVANCED_FACE('',(#286),#2732,.T.);
#2800=ADVANCED_FACE('',(#287),#2733,.F.);
#2801=ADVANCED_FACE('',(#288,#15),#2734,.F.);
#2802=ADVANCED_FACE('',(#289),#2735,.T.);
#2803=ADVANCED_FACE('',(#290,#16),#2736,.T.);
#2804=ADVANCED_FACE('',(#291),#194,.F.);
#2805=ADVANCED_FACE('',(#292),#2737,.F.);
#2806=ADVANCED_FACE('',(#293,#17),#2738,.F.);
#2807=ADVANCED_FACE('',(#294,#18),#2739,.F.);
#2808=ADVANCED_FACE('',(#295,#19),#2740,.F.);
#2809=ADVANCED_FACE('',(#296),#2741,.F.);
#2810=ADVANCED_FACE('',(#297),#2742,.F.);
#2811=ADVANCED_FACE('',(#298),#2743,.F.);
#2812=ADVANCED_FACE('',(#299),#195,.F.);
#2813=ADVANCED_FACE('',(#300),#2744,.F.);
#2814=ADVANCED_FACE('',(#301),#2745,.F.);
#2815=ADVANCED_FACE('',(#302),#2746,.F.);
#2816=ADVANCED_FACE('',(#303),#2747,.F.);
#2817=ADVANCED_FACE('',(#304),#196,.F.);
#2818=ADVANCED_FACE('',(#305),#197,.F.);
#2819=ADVANCED_FACE('',(#306),#2748,.T.);
#2820=ADVANCED_FACE('',(#307),#198,.T.);
#2821=ADVANCED_FACE('',(#308),#2749,.T.);
#2822=ADVANCED_FACE('',(#309),#199,.F.);
#2823=ADVANCED_FACE('',(#310),#200,.F.);
#2824=ADVANCED_FACE('',(#311),#201,.F.);
#2825=ADVANCED_FACE('',(#312),#2750,.T.);
#2826=ADVANCED_FACE('',(#313),#202,.T.);
#2827=ADVANCED_FACE('',(#314),#2751,.T.);
#2828=ADVANCED_FACE('',(#315),#203,.F.);
#2829=ADVANCED_FACE('',(#316),#204,.F.);
#2830=ADVANCED_FACE('',(#317),#205,.F.);
#2831=ADVANCED_FACE('',(#318),#2752,.T.);
#2832=ADVANCED_FACE('',(#319),#206,.T.);
#2833=ADVANCED_FACE('',(#320),#2753,.T.);
#2834=ADVANCED_FACE('',(#321),#207,.F.);
#2835=ADVANCED_FACE('',(#322),#208,.F.);
#2836=ADVANCED_FACE('',(#323),#209,.F.);
#2837=ADVANCED_FACE('',(#324),#2754,.T.);
#2838=ADVANCED_FACE('',(#325),#210,.T.);
#2839=ADVANCED_FACE('',(#326),#2755,.T.);
#2840=ADVANCED_FACE('',(#327),#211,.F.);
#2841=ADVANCED_FACE('',(#328),#212,.F.);
#2842=ADVANCED_FACE('',(#329),#213,.F.);
#2843=ADVANCED_FACE('',(#330),#2756,.T.);
#2844=ADVANCED_FACE('',(#331),#214,.T.);
#2845=ADVANCED_FACE('',(#332),#2757,.T.);
#2846=ADVANCED_FACE('',(#333),#215,.F.);
#2847=ADVANCED_FACE('',(#334),#216,.F.);
#2848=ADVANCED_FACE('',(#335),#217,.F.);
#2849=ADVANCED_FACE('',(#336),#2758,.T.);
#2850=ADVANCED_FACE('',(#337),#218,.T.);
#2851=ADVANCED_FACE('',(#338),#2759,.T.);
#2852=ADVANCED_FACE('',(#339),#219,.F.);
#2853=ADVANCED_FACE('',(#340),#220,.F.);
#2854=ADVANCED_FACE('',(#341),#221,.F.);
#2855=ADVANCED_FACE('',(#342),#2760,.T.);
#2856=ADVANCED_FACE('',(#343),#222,.T.);
#2857=ADVANCED_FACE('',(#344),#2761,.T.);
#2858=ADVANCED_FACE('',(#345),#223,.F.);
#2859=ADVANCED_FACE('',(#346),#224,.F.);
#2860=ADVANCED_FACE('',(#347),#225,.F.);
#2861=ADVANCED_FACE('',(#348),#2762,.T.);
#2862=ADVANCED_FACE('',(#349),#226,.T.);
#2863=ADVANCED_FACE('',(#350),#2763,.T.);
#2864=ADVANCED_FACE('',(#351),#227,.F.);
#2865=ADVANCED_FACE('',(#352),#228,.F.);
#2866=ADVANCED_FACE('',(#353),#229,.F.);
#2867=ADVANCED_FACE('',(#354),#2764,.T.);
#2868=ADVANCED_FACE('',(#355),#230,.T.);
#2869=ADVANCED_FACE('',(#356),#2765,.T.);
#2870=ADVANCED_FACE('',(#357),#231,.F.);
#2871=ADVANCED_FACE('',(#358),#232,.F.);
#2872=ADVANCED_FACE('',(#359),#233,.F.);
#2873=ADVANCED_FACE('',(#360),#2766,.T.);
#2874=ADVANCED_FACE('',(#361),#234,.T.);
#2875=ADVANCED_FACE('',(#362),#2767,.T.);
#2876=ADVANCED_FACE('',(#363),#235,.F.);
#2877=ADVANCED_FACE('',(#364),#236,.F.);
#2878=ADVANCED_FACE('',(#365),#237,.F.);
#2879=ADVANCED_FACE('',(#366),#238,.F.);
#2880=ADVANCED_FACE('',(#367),#2768,.T.);
#2881=ADVANCED_FACE('',(#368),#239,.T.);
#2882=ADVANCED_FACE('',(#369),#2769,.T.);
#2883=ADVANCED_FACE('',(#370),#240,.F.);
#2884=ADVANCED_FACE('',(#371),#241,.F.);
#2885=ADVANCED_FACE('',(#372),#242,.F.);
#2886=ADVANCED_FACE('',(#373),#2770,.T.);
#2887=ADVANCED_FACE('',(#374),#243,.T.);
#2888=ADVANCED_FACE('',(#375),#2771,.T.);
#2889=ADVANCED_FACE('',(#376),#244,.F.);
#2890=ADVANCED_FACE('',(#377),#245,.F.);
#2891=ADVANCED_FACE('',(#378),#246,.F.);
#2892=ADVANCED_FACE('',(#379),#2772,.T.);
#2893=ADVANCED_FACE('',(#380),#247,.T.);
#2894=ADVANCED_FACE('',(#381),#2773,.T.);
#2895=ADVANCED_FACE('',(#382),#248,.F.);
#2896=ADVANCED_FACE('',(#383),#249,.F.);
#2897=ADVANCED_FACE('',(#384),#250,.F.);
#2898=ADVANCED_FACE('',(#385),#2774,.T.);
#2899=ADVANCED_FACE('',(#386),#251,.T.);
#2900=ADVANCED_FACE('',(#387),#2775,.T.);
#2901=ADVANCED_FACE('',(#388),#252,.F.);
#2902=ADVANCED_FACE('',(#389),#253,.F.);
#2903=ADVANCED_FACE('',(#390),#254,.F.);
#2904=ADVANCED_FACE('',(#391),#2776,.T.);
#2905=ADVANCED_FACE('',(#392),#255,.T.);
#2906=ADVANCED_FACE('',(#393),#2777,.T.);
#2907=ADVANCED_FACE('',(#394),#256,.F.);
#2908=ADVANCED_FACE('',(#395),#257,.F.);
#2909=ADVANCED_FACE('',(#396),#258,.F.);
#2910=ADVANCED_FACE('',(#397),#2778,.T.);
#2911=ADVANCED_FACE('',(#398),#259,.T.);
#2912=ADVANCED_FACE('',(#399),#2779,.T.);
#2913=ADVANCED_FACE('',(#400),#260,.F.);
#2914=ADVANCED_FACE('',(#401),#261,.F.);
#2915=ADVANCED_FACE('',(#402),#262,.F.);
#2916=ADVANCED_FACE('',(#403),#2780,.T.);
#2917=ADVANCED_FACE('',(#404),#263,.T.);
#2918=ADVANCED_FACE('',(#405),#2781,.T.);
#2919=ADVANCED_FACE('',(#406),#264,.F.);
#2920=ADVANCED_FACE('',(#407),#265,.F.);
#2921=ADVANCED_FACE('',(#408),#266,.F.);
#2922=ADVANCED_FACE('',(#409),#2782,.T.);
#2923=ADVANCED_FACE('',(#410),#267,.T.);
#2924=ADVANCED_FACE('',(#411),#2783,.T.);
#2925=ADVANCED_FACE('',(#412),#268,.F.);
#2926=ADVANCED_FACE('',(#413),#269,.F.);
#2927=ADVANCED_FACE('',(#414),#270,.F.);
#2928=ADVANCED_FACE('',(#415),#2784,.T.);
#2929=ADVANCED_FACE('',(#416),#271,.T.);
#2930=ADVANCED_FACE('',(#417),#2785,.T.);
#2931=ADVANCED_FACE('',(#418),#272,.F.);
#2932=ADVANCED_FACE('',(#419),#273,.F.);
#2933=ADVANCED_FACE('',(#420),#274,.F.);
#2934=ADVANCED_FACE('',(#421),#2786,.T.);
#2935=ADVANCED_FACE('',(#422),#275,.T.);
#2936=ADVANCED_FACE('',(#423),#2787,.T.);
#2937=ADVANCED_FACE('',(#424),#276,.F.);
#2938=ADVANCED_FACE('',(#425,#20),#2788,.F.);
#2939=ADVANCED_FACE('',(#426,#21),#2789,.F.);
#2940=CLOSED_SHELL('',(#2790,#2791,#2792,#2793,#2794,#2795,#2796,#2797,
#2798,#2799,#2800,#2801,#2802,#2803,#2804,#2805,#2806,#2807,#2808,#2809,
#2810,#2811,#2812,#2813,#2814,#2815,#2816,#2817,#2818,#2819,#2820,#2821,
#2822,#2823,#2824,#2825,#2826,#2827,#2828,#2829,#2830,#2831,#2832,#2833,
#2834,#2835,#2836,#2837,#2838,#2839,#2840,#2841,#2842,#2843,#2844,#2845,
#2846,#2847,#2848,#2849,#2850,#2851,#2852,#2853,#2854,#2855,#2856,#2857,
#2858,#2859,#2860,#2861,#2862,#2863,#2864,#2865,#2866,#2867,#2868,#2869,
#2870,#2871,#2872,#2873,#2874,#2875,#2876,#2877,#2878,#2879,#2880,#2881,
#2882,#2883,#2884,#2885,#2886,#2887,#2888,#2889,#2890,#2891,#2892,#2893,
#2894,#2895,#2896,#2897,#2898,#2899,#2900,#2901,#2902,#2903,#2904,#2905,
#2906,#2907,#2908,#2909,#2910,#2911,#2912,#2913,#2914,#2915,#2916,#2917,
#2918,#2919,#2920,#2921,#2922,#2923,#2924,#2925,#2926,#2927,#2928,#2929,
#2930,#2931,#2932,#2933,#2934,#2935,#2936,#2937,#2938,#2939));
#2941=DERIVED_UNIT_ELEMENT(#2943,1.);
#2942=DERIVED_UNIT_ELEMENT(#5072,-3.);
#2943=(
MASS_UNIT()
NAMED_UNIT(*)
SI_UNIT(.KILO.,.GRAM.)
);
#2944=DERIVED_UNIT((#2941,#2942));
#2945=MEASURE_REPRESENTATION_ITEM('density measure',
POSITIVE_RATIO_MEASURE(7850.),#2944);
#2946=PROPERTY_DEFINITION_REPRESENTATION(#2951,#2948);
#2947=PROPERTY_DEFINITION_REPRESENTATION(#2952,#2949);
#2948=REPRESENTATION('material name',(#2950),#5069);
#2949=REPRESENTATION('density',(#2945),#5069);
#2950=DESCRIPTIVE_REPRESENTATION_ITEM('Steel','Steel');
#2951=PROPERTY_DEFINITION('material property','material name',#5079);
#2952=PROPERTY_DEFINITION('material property','density of part',#5079);
#2953=AXIS2_PLACEMENT_3D('',#4186,#3275,#3276);
#2954=AXIS2_PLACEMENT_3D('',#4187,#3277,#3278);
#2955=AXIS2_PLACEMENT_3D('',#4196,#3283,#3284);
#2956=AXIS2_PLACEMENT_3D('',#4202,#3288,#3289);
#2957=AXIS2_PLACEMENT_3D('',#4208,#3293,#3294);
#2958=AXIS2_PLACEMENT_3D('',#4211,#3297,#3298);
#2959=AXIS2_PLACEMENT_3D('',#4220,#3303,#3304);
#2960=AXIS2_PLACEMENT_3D('',#4226,#3308,#3309);
#2961=AXIS2_PLACEMENT_3D('',#4229,#3311,#3312);
#2962=AXIS2_PLACEMENT_3D('',#4233,#3314,#3315);
#2963=AXIS2_PLACEMENT_3D('',#4237,#3317,#3318);
#2964=AXIS2_PLACEMENT_3D('',#4240,#3320,#3321);
#2965=AXIS2_PLACEMENT_3D('',#4241,#3322,#3323);
#2966=AXIS2_PLACEMENT_3D('',#4242,#3324,#3325);
#2967=AXIS2_PLACEMENT_3D('',#4248,#3329,#3330);
#2968=AXIS2_PLACEMENT_3D('',#4251,#3333,#3334);
#2969=AXIS2_PLACEMENT_3D('',#4252,#3335,#3336);
#2970=AXIS2_PLACEMENT_3D('',#4262,#3342,#3343);
#2971=AXIS2_PLACEMENT_3D('',#4273,#3349,#3350);
#2972=AXIS2_PLACEMENT_3D('',#4274,#3351,#3352);
#2973=AXIS2_PLACEMENT_3D('',#4292,#3362,#3363);
#2974=AXIS2_PLACEMENT_3D('',#4295,#3364,#3365);
#2975=AXIS2_PLACEMENT_3D('',#4297,#3366,#3367);
#2976=AXIS2_PLACEMENT_3D('',#4301,#3369,#3370);
#2977=AXIS2_PLACEMENT_3D('',#4305,#3372,#3373);
#2978=AXIS2_PLACEMENT_3D('',#4307,#3374,#3375);
#2979=AXIS2_PLACEMENT_3D('',#4309,#3376,#3377);
#2980=AXIS2_PLACEMENT_3D('',#4313,#3379,#3380);
#2981=AXIS2_PLACEMENT_3D('',#4317,#3382,#3383);
#2982=AXIS2_PLACEMENT_3D('',#4319,#3384,#3385);
#2983=AXIS2_PLACEMENT_3D('',#4321,#3386,#3387);
#2984=AXIS2_PLACEMENT_3D('',#4325,#3389,#3390);
#2985=AXIS2_PLACEMENT_3D('',#4329,#3392,#3393);
#2986=AXIS2_PLACEMENT_3D('',#4331,#3394,#3395);
#2987=AXIS2_PLACEMENT_3D('',#4333,#3396,#3397);
#2988=AXIS2_PLACEMENT_3D('',#4337,#3399,#3400);
#2989=AXIS2_PLACEMENT_3D('',#4341,#3402,#3403);
#2990=AXIS2_PLACEMENT_3D('',#4343,#3404,#3405);
#2991=AXIS2_PLACEMENT_3D('',#4345,#3406,#3407);
#2992=AXIS2_PLACEMENT_3D('',#4349,#3409,#3410);
#2993=AXIS2_PLACEMENT_3D('',#4353,#3412,#3413);
#2994=AXIS2_PLACEMENT_3D('',#4355,#3414,#3415);
#2995=AXIS2_PLACEMENT_3D('',#4357,#3416,#3417);
#2996=AXIS2_PLACEMENT_3D('',#4361,#3419,#3420);
#2997=AXIS2_PLACEMENT_3D('',#4365,#3422,#3423);
#2998=AXIS2_PLACEMENT_3D('',#4367,#3424,#3425);
#2999=AXIS2_PLACEMENT_3D('',#4369,#3426,#3427);
#3000=AXIS2_PLACEMENT_3D('',#4373,#3429,#3430);
#3001=AXIS2_PLACEMENT_3D('',#4377,#3432,#3433);
#3002=AXIS2_PLACEMENT_3D('',#4379,#3434,#3435);
#3003=AXIS2_PLACEMENT_3D('',#4381,#3436,#3437);
#3004=AXIS2_PLACEMENT_3D('',#4385,#3439,#3440);
#3005=AXIS2_PLACEMENT_3D('',#4389,#3442,#3443);
#3006=AXIS2_PLACEMENT_3D('',#4391,#3444,#3445);
#3007=AXIS2_PLACEMENT_3D('',#4393,#3446,#3447);
#3008=AXIS2_PLACEMENT_3D('',#4397,#3449,#3450);
#3009=AXIS2_PLACEMENT_3D('',#4401,#3452,#3453);
#3010=AXIS2_PLACEMENT_3D('',#4403,#3454,#3455);
#3011=AXIS2_PLACEMENT_3D('',#4405,#3456,#3457);
#3012=AXIS2_PLACEMENT_3D('',#4409,#3459,#3460);
#3013=AXIS2_PLACEMENT_3D('',#4413,#3462,#3463);
#3014=AXIS2_PLACEMENT_3D('',#4415,#3464,#3465);
#3015=AXIS2_PLACEMENT_3D('',#4417,#3466,#3467);
#3016=AXIS2_PLACEMENT_3D('',#4421,#3469,#3470);
#3017=AXIS2_PLACEMENT_3D('',#4425,#3472,#3473);
#3018=AXIS2_PLACEMENT_3D('',#4427,#3474,#3475);
#3019=AXIS2_PLACEMENT_3D('',#4429,#3476,#3477);
#3020=AXIS2_PLACEMENT_3D('',#4433,#3479,#3480);
#3021=AXIS2_PLACEMENT_3D('',#4437,#3482,#3483);
#3022=AXIS2_PLACEMENT_3D('',#4439,#3484,#3485);
#3023=AXIS2_PLACEMENT_3D('',#4441,#3486,#3487);
#3024=AXIS2_PLACEMENT_3D('',#4445,#3489,#3490);
#3025=AXIS2_PLACEMENT_3D('',#4449,#3492,#3493);
#3026=AXIS2_PLACEMENT_3D('',#4451,#3494,#3495);
#3027=AXIS2_PLACEMENT_3D('',#4453,#3496,#3497);
#3028=AXIS2_PLACEMENT_3D('',#4457,#3499,#3500);
#3029=AXIS2_PLACEMENT_3D('',#4461,#3502,#3503);
#3030=AXIS2_PLACEMENT_3D('',#4463,#3504,#3505);
#3031=AXIS2_PLACEMENT_3D('',#4465,#3506,#3507);
#3032=AXIS2_PLACEMENT_3D('',#4469,#3509,#3510);
#3033=AXIS2_PLACEMENT_3D('',#4473,#3512,#3513);
#3034=AXIS2_PLACEMENT_3D('',#4475,#3514,#3515);
#3035=AXIS2_PLACEMENT_3D('',#4477,#3516,#3517);
#3036=AXIS2_PLACEMENT_3D('',#4481,#3519,#3520);
#3037=AXIS2_PLACEMENT_3D('',#4485,#3522,#3523);
#3038=AXIS2_PLACEMENT_3D('',#4487,#3524,#3525);
#3039=AXIS2_PLACEMENT_3D('',#4489,#3526,#3527);
#3040=AXIS2_PLACEMENT_3D('',#4493,#3529,#3530);
#3041=AXIS2_PLACEMENT_3D('',#4497,#3532,#3533);
#3042=AXIS2_PLACEMENT_3D('',#4499,#3534,#3535);
#3043=AXIS2_PLACEMENT_3D('',#4501,#3536,#3537);
#3044=AXIS2_PLACEMENT_3D('',#4505,#3539,#3540);
#3045=AXIS2_PLACEMENT_3D('',#4509,#3542,#3543);
#3046=AXIS2_PLACEMENT_3D('',#4511,#3544,#3545);
#3047=AXIS2_PLACEMENT_3D('',#4513,#3546,#3547);
#3048=AXIS2_PLACEMENT_3D('',#4517,#3549,#3550);
#3049=AXIS2_PLACEMENT_3D('',#4521,#3552,#3553);
#3050=AXIS2_PLACEMENT_3D('',#4523,#3554,#3555);
#3051=AXIS2_PLACEMENT_3D('',#4525,#3556,#3557);
#3052=AXIS2_PLACEMENT_3D('',#4529,#3559,#3560);
#3053=AXIS2_PLACEMENT_3D('',#4532,#3562,#3563);
#3054=AXIS2_PLACEMENT_3D('',#4533,#3564,#3565);
#3055=AXIS2_PLACEMENT_3D('',#4535,#3566,#3567);
#3056=AXIS2_PLACEMENT_3D('',#4538,#3569,#3570);
#3057=AXIS2_PLACEMENT_3D('',#4539,#3571,#3572);
#3058=AXIS2_PLACEMENT_3D('',#4540,#3573,#3574);
#3059=AXIS2_PLACEMENT_3D('',#4548,#3579,#3580);
#3060=AXIS2_PLACEMENT_3D('',#4554,#3584,#3585);
#3061=AXIS2_PLACEMENT_3D('',#4558,#3588,#3589);
#3062=AXIS2_PLACEMENT_3D('',#4562,#3592,#3593);
#3063=AXIS2_PLACEMENT_3D('',#4566,#3596,#3597);
#3064=AXIS2_PLACEMENT_3D('',#4568,#3599,#3600);
#3065=AXIS2_PLACEMENT_3D('',#4571,#3602,#3603);
#3066=AXIS2_PLACEMENT_3D('',#4572,#3604,#3605);
#3067=AXIS2_PLACEMENT_3D('',#4573,#3606,#3607);
#3068=AXIS2_PLACEMENT_3D('',#4576,#3610,#3611);
#3069=AXIS2_PLACEMENT_3D('',#4578,#3613,#3614);
#3070=AXIS2_PLACEMENT_3D('',#4579,#3615,#3616);
#3071=AXIS2_PLACEMENT_3D('',#4583,#3618,#3619);
#3072=AXIS2_PLACEMENT_3D('',#4585,#3621,#3622);
#3073=AXIS2_PLACEMENT_3D('',#4587,#3623,#3624);
#3074=AXIS2_PLACEMENT_3D('',#4589,#3626,#3627);
#3075=AXIS2_PLACEMENT_3D('',#4593,#3630,#3631);
#3076=AXIS2_PLACEMENT_3D('',#4595,#3632,#3633);
#3077=AXIS2_PLACEMENT_3D('',#4597,#3635,#3636);
#3078=AXIS2_PLACEMENT_3D('',#4601,#3639,#3640);
#3079=AXIS2_PLACEMENT_3D('',#4603,#3641,#3642);
#3080=AXIS2_PLACEMENT_3D('',#4605,#3644,#3645);
#3081=AXIS2_PLACEMENT_3D('',#4607,#3646,#3647);
#3082=AXIS2_PLACEMENT_3D('',#4609,#3649,#3650);
#3083=AXIS2_PLACEMENT_3D('',#4611,#3651,#3652);
#3084=AXIS2_PLACEMENT_3D('',#4613,#3654,#3655);
#3085=AXIS2_PLACEMENT_3D('',#4617,#3658,#3659);
#3086=AXIS2_PLACEMENT_3D('',#4619,#3660,#3661);
#3087=AXIS2_PLACEMENT_3D('',#4621,#3663,#3664);
#3088=AXIS2_PLACEMENT_3D('',#4625,#3667,#3668);
#3089=AXIS2_PLACEMENT_3D('',#4627,#3669,#3670);
#3090=AXIS2_PLACEMENT_3D('',#4629,#3672,#3673);
#3091=AXIS2_PLACEMENT_3D('',#4631,#3674,#3675);
#3092=AXIS2_PLACEMENT_3D('',#4633,#3677,#3678);
#3093=AXIS2_PLACEMENT_3D('',#4635,#3679,#3680);
#3094=AXIS2_PLACEMENT_3D('',#4637,#3682,#3683);
#3095=AXIS2_PLACEMENT_3D('',#4641,#3686,#3687);
#3096=AXIS2_PLACEMENT_3D('',#4643,#3688,#3689);
#3097=AXIS2_PLACEMENT_3D('',#4645,#3691,#3692);
#3098=AXIS2_PLACEMENT_3D('',#4649,#3695,#3696);
#3099=AXIS2_PLACEMENT_3D('',#4651,#3697,#3698);
#3100=AXIS2_PLACEMENT_3D('',#4653,#3700,#3701);
#3101=AXIS2_PLACEMENT_3D('',#4655,#3702,#3703);
#3102=AXIS2_PLACEMENT_3D('',#4657,#3705,#3706);
#3103=AXIS2_PLACEMENT_3D('',#4659,#3707,#3708);
#3104=AXIS2_PLACEMENT_3D('',#4661,#3710,#3711);
#3105=AXIS2_PLACEMENT_3D('',#4665,#3714,#3715);
#3106=AXIS2_PLACEMENT_3D('',#4667,#3716,#3717);
#3107=AXIS2_PLACEMENT_3D('',#4669,#3719,#3720);
#3108=AXIS2_PLACEMENT_3D('',#4673,#3723,#3724);
#3109=AXIS2_PLACEMENT_3D('',#4675,#3725,#3726);
#3110=AXIS2_PLACEMENT_3D('',#4677,#3728,#3729);
#3111=AXIS2_PLACEMENT_3D('',#4679,#3730,#3731);
#3112=AXIS2_PLACEMENT_3D('',#4681,#3733,#3734);
#3113=AXIS2_PLACEMENT_3D('',#4683,#3735,#3736);
#3114=AXIS2_PLACEMENT_3D('',#4685,#3738,#3739);
#3115=AXIS2_PLACEMENT_3D('',#4689,#3742,#3743);
#3116=AXIS2_PLACEMENT_3D('',#4691,#3744,#3745);
#3117=AXIS2_PLACEMENT_3D('',#4693,#3747,#3748);
#3118=AXIS2_PLACEMENT_3D('',#4697,#3751,#3752);
#3119=AXIS2_PLACEMENT_3D('',#4699,#3753,#3754);
#3120=AXIS2_PLACEMENT_3D('',#4701,#3756,#3757);
#3121=AXIS2_PLACEMENT_3D('',#4703,#3758,#3759);
#3122=AXIS2_PLACEMENT_3D('',#4705,#3761,#3762);
#3123=AXIS2_PLACEMENT_3D('',#4707,#3763,#3764);
#3124=AXIS2_PLACEMENT_3D('',#4709,#3766,#3767);
#3125=AXIS2_PLACEMENT_3D('',#4713,#3770,#3771);
#3126=AXIS2_PLACEMENT_3D('',#4715,#3772,#3773);
#3127=AXIS2_PLACEMENT_3D('',#4717,#3775,#3776);
#3128=AXIS2_PLACEMENT_3D('',#4721,#3779,#3780);
#3129=AXIS2_PLACEMENT_3D('',#4723,#3781,#3782);
#3130=AXIS2_PLACEMENT_3D('',#4725,#3784,#3785);
#3131=AXIS2_PLACEMENT_3D('',#4727,#3786,#3787);
#3132=AXIS2_PLACEMENT_3D('',#4729,#3789,#3790);
#3133=AXIS2_PLACEMENT_3D('',#4731,#3791,#3792);
#3134=AXIS2_PLACEMENT_3D('',#4733,#3794,#3795);
#3135=AXIS2_PLACEMENT_3D('',#4737,#3798,#3799);
#3136=AXIS2_PLACEMENT_3D('',#4739,#3800,#3801);
#3137=AXIS2_PLACEMENT_3D('',#4741,#3803,#3804);
#3138=AXIS2_PLACEMENT_3D('',#4745,#3807,#3808);
#3139=AXIS2_PLACEMENT_3D('',#4747,#3809,#3810);
#3140=AXIS2_PLACEMENT_3D('',#4749,#3812,#3813);
#3141=AXIS2_PLACEMENT_3D('',#4751,#3814,#3815);
#3142=AXIS2_PLACEMENT_3D('',#4753,#3817,#3818);
#3143=AXIS2_PLACEMENT_3D('',#4755,#3819,#3820);
#3144=AXIS2_PLACEMENT_3D('',#4757,#3822,#3823);
#3145=AXIS2_PLACEMENT_3D('',#4761,#3826,#3827);
#3146=AXIS2_PLACEMENT_3D('',#4763,#3828,#3829);
#3147=AXIS2_PLACEMENT_3D('',#4765,#3831,#3832);
#3148=AXIS2_PLACEMENT_3D('',#4769,#3835,#3836);
#3149=AXIS2_PLACEMENT_3D('',#4771,#3837,#3838);
#3150=AXIS2_PLACEMENT_3D('',#4773,#3840,#3841);
#3151=AXIS2_PLACEMENT_3D('',#4775,#3842,#3843);
#3152=AXIS2_PLACEMENT_3D('',#4777,#3845,#3846);
#3153=AXIS2_PLACEMENT_3D('',#4779,#3847,#3848);
#3154=AXIS2_PLACEMENT_3D('',#4781,#3850,#3851);
#3155=AXIS2_PLACEMENT_3D('',#4785,#3854,#3855);
#3156=AXIS2_PLACEMENT_3D('',#4787,#3856,#3857);
#3157=AXIS2_PLACEMENT_3D('',#4789,#3859,#3860);
#3158=AXIS2_PLACEMENT_3D('',#4793,#3863,#3864);
#3159=AXIS2_PLACEMENT_3D('',#4795,#3865,#3866);
#3160=AXIS2_PLACEMENT_3D('',#4797,#3868,#3869);
#3161=AXIS2_PLACEMENT_3D('',#4799,#3870,#3871);
#3162=AXIS2_PLACEMENT_3D('',#4801,#3873,#3874);
#3163=AXIS2_PLACEMENT_3D('',#4803,#3875,#3876);
#3164=AXIS2_PLACEMENT_3D('',#4805,#3878,#3879);
#3165=AXIS2_PLACEMENT_3D('',#4809,#3882,#3883);
#3166=AXIS2_PLACEMENT_3D('',#4811,#3884,#3885);
#3167=AXIS2_PLACEMENT_3D('',#4813,#3887,#3888);
#3168=AXIS2_PLACEMENT_3D('',#4817,#3891,#3892);
#3169=AXIS2_PLACEMENT_3D('',#4819,#3893,#3894);
#3170=AXIS2_PLACEMENT_3D('',#4821,#3896,#3897);
#3171=AXIS2_PLACEMENT_3D('',#4823,#3898,#3899);
#3172=AXIS2_PLACEMENT_3D('',#4826,#3901,#3902);
#3173=AXIS2_PLACEMENT_3D('',#4827,#3903,#3904);
#3174=AXIS2_PLACEMENT_3D('',#4829,#3905,#3906);
#3175=AXIS2_PLACEMENT_3D('',#4831,#3908,#3909);
#3176=AXIS2_PLACEMENT_3D('',#4833,#3910,#3911);
#3177=AXIS2_PLACEMENT_3D('',#4835,#3913,#3914);
#3178=AXIS2_PLACEMENT_3D('',#4839,#3917,#3918);
#3179=AXIS2_PLACEMENT_3D('',#4841,#3919,#3920);
#3180=AXIS2_PLACEMENT_3D('',#4843,#3922,#3923);
#3181=AXIS2_PLACEMENT_3D('',#4847,#3926,#3927);
#3182=AXIS2_PLACEMENT_3D('',#4849,#3928,#3929);
#3183=AXIS2_PLACEMENT_3D('',#4851,#3931,#3932);
#3184=AXIS2_PLACEMENT_3D('',#4853,#3933,#3934);
#3185=AXIS2_PLACEMENT_3D('',#4855,#3936,#3937);
#3186=AXIS2_PLACEMENT_3D('',#4857,#3938,#3939);
#3187=AXIS2_PLACEMENT_3D('',#4859,#3941,#3942);
#3188=AXIS2_PLACEMENT_3D('',#4863,#3945,#3946);
#3189=AXIS2_PLACEMENT_3D('',#4865,#3947,#3948);
#3190=AXIS2_PLACEMENT_3D('',#4867,#3950,#3951);
#3191=AXIS2_PLACEMENT_3D('',#4871,#3954,#3955);
#3192=AXIS2_PLACEMENT_3D('',#4873,#3956,#3957);
#3193=AXIS2_PLACEMENT_3D('',#4875,#3959,#3960);
#3194=AXIS2_PLACEMENT_3D('',#4877,#3961,#3962);
#3195=AXIS2_PLACEMENT_3D('',#4879,#3964,#3965);
#3196=AXIS2_PLACEMENT_3D('',#4881,#3966,#3967);
#3197=AXIS2_PLACEMENT_3D('',#4883,#3969,#3970);
#3198=AXIS2_PLACEMENT_3D('',#4887,#3973,#3974);
#3199=AXIS2_PLACEMENT_3D('',#4889,#3975,#3976);
#3200=AXIS2_PLACEMENT_3D('',#4891,#3978,#3979);
#3201=AXIS2_PLACEMENT_3D('',#4895,#3982,#3983);
#3202=AXIS2_PLACEMENT_3D('',#4897,#3984,#3985);
#3203=AXIS2_PLACEMENT_3D('',#4899,#3987,#3988);
#3204=AXIS2_PLACEMENT_3D('',#4901,#3989,#3990);
#3205=AXIS2_PLACEMENT_3D('',#4903,#3992,#3993);
#3206=AXIS2_PLACEMENT_3D('',#4905,#3994,#3995);
#3207=AXIS2_PLACEMENT_3D('',#4907,#3997,#3998);
#3208=AXIS2_PLACEMENT_3D('',#4911,#4001,#4002);
#3209=AXIS2_PLACEMENT_3D('',#4913,#4003,#4004);
#3210=AXIS2_PLACEMENT_3D('',#4915,#4006,#4007);
#3211=AXIS2_PLACEMENT_3D('',#4919,#4010,#4011);
#3212=AXIS2_PLACEMENT_3D('',#4921,#4012,#4013);
#3213=AXIS2_PLACEMENT_3D('',#4923,#4015,#4016);
#3214=AXIS2_PLACEMENT_3D('',#4925,#4017,#4018);
#3215=AXIS2_PLACEMENT_3D('',#4927,#4020,#4021);
#3216=AXIS2_PLACEMENT_3D('',#4929,#4022,#4023);
#3217=AXIS2_PLACEMENT_3D('',#4931,#4025,#4026);
#3218=AXIS2_PLACEMENT_3D('',#4935,#4029,#4030);
#3219=AXIS2_PLACEMENT_3D('',#4937,#4031,#4032);
#3220=AXIS2_PLACEMENT_3D('',#4939,#4034,#4035);
#3221=AXIS2_PLACEMENT_3D('',#4943,#4038,#4039);
#3222=AXIS2_PLACEMENT_3D('',#4945,#4040,#4041);
#3223=AXIS2_PLACEMENT_3D('',#4947,#4043,#4044);
#3224=AXIS2_PLACEMENT_3D('',#4949,#4045,#4046);
#3225=AXIS2_PLACEMENT_3D('',#4951,#4048,#4049);
#3226=AXIS2_PLACEMENT_3D('',#4953,#4050,#4051);
#3227=AXIS2_PLACEMENT_3D('',#4955,#4053,#4054);
#3228=AXIS2_PLACEMENT_3D('',#4959,#4057,#4058);
#3229=AXIS2_PLACEMENT_3D('',#4961,#4059,#4060);
#3230=AXIS2_PLACEMENT_3D('',#4963,#4062,#4063);
#3231=AXIS2_PLACEMENT_3D('',#4967,#4066,#4067);
#3232=AXIS2_PLACEMENT_3D('',#4969,#4068,#4069);
#3233=AXIS2_PLACEMENT_3D('',#4971,#4071,#4072);
#3234=AXIS2_PLACEMENT_3D('',#4973,#4073,#4074);
#3235=AXIS2_PLACEMENT_3D('',#4975,#4076,#4077);
#3236=AXIS2_PLACEMENT_3D('',#4977,#4078,#4079);
#3237=AXIS2_PLACEMENT_3D('',#4979,#4081,#4082);
#3238=AXIS2_PLACEMENT_3D('',#4983,#4085,#4086);
#3239=AXIS2_PLACEMENT_3D('',#4985,#4087,#4088);
#3240=AXIS2_PLACEMENT_3D('',#4987,#4090,#4091);
#3241=AXIS2_PLACEMENT_3D('',#4991,#4094,#4095);
#3242=AXIS2_PLACEMENT_3D('',#4993,#4096,#4097);
#3243=AXIS2_PLACEMENT_3D('',#4995,#4099,#4100);
#3244=AXIS2_PLACEMENT_3D('',#4997,#4101,#4102);
#3245=AXIS2_PLACEMENT_3D('',#4999,#4104,#4105);
#3246=AXIS2_PLACEMENT_3D('',#5001,#4106,#4107);
#3247=AXIS2_PLACEMENT_3D('',#5003,#4109,#4110);
#3248=AXIS2_PLACEMENT_3D('',#5007,#4113,#4114);
#3249=AXIS2_PLACEMENT_3D('',#5009,#4115,#4116);
#3250=AXIS2_PLACEMENT_3D('',#5011,#4118,#4119);
#3251=AXIS2_PLACEMENT_3D('',#5015,#4122,#4123);
#3252=AXIS2_PLACEMENT_3D('',#5017,#4124,#4125);
#3253=AXIS2_PLACEMENT_3D('',#5019,#4127,#4128);
#3254=AXIS2_PLACEMENT_3D('',#5021,#4129,#4130);
#3255=AXIS2_PLACEMENT_3D('',#5023,#4132,#4133);
#3256=AXIS2_PLACEMENT_3D('',#5025,#4134,#4135);
#3257=AXIS2_PLACEMENT_3D('',#5027,#4137,#4138);
#3258=AXIS2_PLACEMENT_3D('',#5031,#4141,#4142);
#3259=AXIS2_PLACEMENT_3D('',#5033,#4143,#4144);
#3260=AXIS2_PLACEMENT_3D('',#5035,#4146,#4147);
#3261=AXIS2_PLACEMENT_3D('',#5039,#4150,#4151);
#3262=AXIS2_PLACEMENT_3D('',#5041,#4152,#4153);
#3263=AXIS2_PLACEMENT_3D('',#5043,#4155,#4156);
#3264=AXIS2_PLACEMENT_3D('',#5045,#4157,#4158);
#3265=AXIS2_PLACEMENT_3D('',#5047,#4160,#4161);
#3266=AXIS2_PLACEMENT_3D('',#5049,#4162,#4163);
#3267=AXIS2_PLACEMENT_3D('',#5051,#4165,#4166);
#3268=AXIS2_PLACEMENT_3D('',#5055,#4169,#4170);
#3269=AXIS2_PLACEMENT_3D('',#5057,#4171,#4172);
#3270=AXIS2_PLACEMENT_3D('',#5059,#4174,#4175);
#3271=AXIS2_PLACEMENT_3D('',#5063,#4178,#4179);
#3272=AXIS2_PLACEMENT_3D('',#5064,#4180,#4181);
#3273=AXIS2_PLACEMENT_3D('',#5065,#4182,#4183);
#3274=AXIS2_PLACEMENT_3D('',#5066,#4184,#4185);
#3275=DIRECTION('axis',(0.,0.,1.));
#3276=DIRECTION('refdir',(1.,0.,0.));
#3277=DIRECTION('center_axis',(0.,-1.,0.));
#3278=DIRECTION('ref_axis',(0.,0.,-1.));
#3279=DIRECTION('',(1.09476442525376E-47,0.,1.));
#3280=DIRECTION('',(1.,0.,0.));
#3281=DIRECTION('',(-1.09476442525376E-47,0.,-1.));
#3282=DIRECTION('',(1.,0.,0.));
#3283=DIRECTION('center_axis',(0.,0.,-1.));
#3284=DIRECTION('ref_axis',(0.,1.,0.));
#3285=DIRECTION('',(0.,-1.,0.));
#3286=DIRECTION('',(1.,0.,0.));
#3287=DIRECTION('',(0.,1.,0.));
#3288=DIRECTION('center_axis',(0.,1.,0.));
#3289=DIRECTION('ref_axis',(0.,0.,1.));
#3290=DIRECTION('',(-1.09476442525376E-47,0.,-1.));
#3291=DIRECTION('',(1.,0.,0.));
#3292=DIRECTION('',(1.09476442525376E-47,0.,1.));
#3293=DIRECTION('center_axis',(0.,0.,1.));
#3294=DIRECTION('ref_axis',(0.,-1.,0.));
#3295=DIRECTION('',(0.,1.,0.));
#3296=DIRECTION('',(0.,-1.,0.));
#3297=DIRECTION('center_axis',(1.,0.,0.));
#3298=DIRECTION('ref_axis',(0.,0.,1.));
#3299=DIRECTION('',(1.09476442525376E-47,0.,1.));
#3300=DIRECTION('',(0.,-1.,0.));
#3301=DIRECTION('',(0.,0.,1.));
#3302=DIRECTION('',(0.,-1.,0.));
#3303=DIRECTION('center_axis',(0.,0.,1.));
#3304=DIRECTION('ref_axis',(-1.,0.,0.));
#3305=DIRECTION('',(-1.,0.,1.09476442525376E-47));
#3306=DIRECTION('',(-1.,0.,0.));
#3307=DIRECTION('',(0.,-1.,0.));
#3308=DIRECTION('center_axis',(0.,1.,0.));
#3309=DIRECTION('ref_axis',(-1.,0.,0.));
#3310=DIRECTION('',(0.,-1.,0.));
#3311=DIRECTION('center_axis',(0.,1.,0.));
#3312=DIRECTION('ref_axis',(-1.,0.,0.));
#3313=DIRECTION('',(0.,1.,0.));
#3314=DIRECTION('center_axis',(0.,-1.,0.));
#3315=DIRECTION('ref_axis',(-1.,0.,0.));
#3316=DIRECTION('',(0.,-1.,0.));
#3317=DIRECTION('center_axis',(0.,-1.,0.));
#3318=DIRECTION('ref_axis',(-1.,0.,0.));
#3319=DIRECTION('',(0.,1.,0.));
#3320=DIRECTION('center_axis',(0.,-1.,0.));
#3321=DIRECTION('ref_axis',(-1.,0.,0.));
#3322=DIRECTION('center_axis',(0.,1.,0.));
#3323=DIRECTION('ref_axis',(-1.,0.,0.));
#3324=DIRECTION('center_axis',(-1.,0.,0.));
#3325=DIRECTION('ref_axis',(0.,0.,-1.));
#3326=DIRECTION('',(0.,0.,1.));
#3327=DIRECTION('',(0.,0.,-1.));
#3328=DIRECTION('',(0.,-1.,0.));
#3329=DIRECTION('center_axis',(0.,0.,-1.));
#3330=DIRECTION('ref_axis',(1.,0.,0.));
#3331=DIRECTION('',(1.,0.,-1.09476442525376E-47));
#3332=DIRECTION('',(1.,0.,0.));
#3333=DIRECTION('center_axis',(0.,-1.,0.));
#3334=DIRECTION('ref_axis',(-1.,0.,0.));
#3335=DIRECTION('center_axis',(1.09476442525376E-47,0.,1.));
#3336=DIRECTION('ref_axis',(1.,0.,-1.09476442525376E-47));
#3337=DIRECTION('',(1.,0.,-1.09476442525376E-47));
#3338=DIRECTION('',(1.,0.,-1.09476442525376E-47));
#3339=DIRECTION('',(0.,-1.,0.));
#3340=DIRECTION('',(-1.,0.,1.09476442525376E-47));
#3341=DIRECTION('',(-0.707106781186548,0.707106781186548,7.74115348898729E-48));
#3342=DIRECTION('center_axis',(-1.09476442525376E-47,0.,-1.));
#3343=DIRECTION('ref_axis',(-1.,0.,1.09476442525376E-47));
#3344=DIRECTION('',(-1.,0.,1.09476442525376E-47));
#3345=DIRECTION('',(0.707106781186548,-0.707106781186548,-7.74115348898729E-48));
#3346=DIRECTION('',(1.,0.,-1.09476442525376E-47));
#3347=DIRECTION('',(0.,1.,0.));
#3348=DIRECTION('',(-1.,0.,1.09476442525376E-47));
#3349=DIRECTION('center_axis',(1.09476442525376E-47,0.,1.));
#3350=DIRECTION('ref_axis',(-1.,0.,1.09476442525376E-47));
#3351=DIRECTION('center_axis',(0.,-1.,0.));
#3352=DIRECTION('ref_axis',(-1.09476442525376E-47,0.,-1.));
#3353=DIRECTION('',(1.09476442525376E-47,0.,1.));
#3354=DIRECTION('',(-1.,0.,1.09476442525376E-47));
#3355=DIRECTION('',(1.09476442525376E-47,0.,1.));
#3356=DIRECTION('',(-1.,0.,1.09476442525376E-47));
#3357=DIRECTION('',(-1.,0.,1.09476442525376E-47));
#3358=DIRECTION('',(-1.09476442525376E-47,0.,-1.));
#3359=DIRECTION('',(-1.09476442525376E-47,0.,-1.));
#3360=DIRECTION('',(-1.,0.,1.09476442525376E-47));
#3361=DIRECTION('',(-1.09476442525376E-47,0.,-1.));
#3362=DIRECTION('center_axis',(0.,-1.,0.));
#3363=DIRECTION('ref_axis',(-1.09476442525376E-47,0.,-1.));
#3364=DIRECTION('center_axis',(0.,1.,0.));
#3365=DIRECTION('ref_axis',(0.150355560714999,0.,0.9886319868192));
#3366=DIRECTION('center_axis',(0.,1.,0.));
#3367=DIRECTION('ref_axis',(0.162507449332206,0.,0.986707316741667));
#3368=DIRECTION('',(0.308822555440161,0.,-0.951119671361816));
#3369=DIRECTION('center_axis',(0.,-1.,0.));
#3370=DIRECTION('ref_axis',(0.587950634152744,0.,-0.808896811589331));
#3371=DIRECTION('',(0.808896811589108,0.,0.587950634153051));
#3372=DIRECTION('center_axis',(0.,1.,0.));
#3373=DIRECTION('ref_axis',(-0.587950634151824,0.,0.80889681159));
#3374=DIRECTION('center_axis',(0.,1.,0.));
#3375=DIRECTION('ref_axis',(0.448500720889029,0.,0.893782469822507));
#3376=DIRECTION('center_axis',(0.,1.,0.));
#3377=DIRECTION('ref_axis',(0.45946309797993,0.,0.888196859707737));
#3378=DIRECTION('',(-0.000204438404757738,0.,-0.999999979102469));
#3379=DIRECTION('center_axis',(0.,-1.,0.));
#3380=DIRECTION('ref_axis',(0.309211420394154,0.,-0.950993321479089));
#3381=DIRECTION('',(0.950993321479094,0.,0.309211420394138));
#3382=DIRECTION('center_axis',(0.,1.,0.));
#3383=DIRECTION('ref_axis',(-0.309211420393598,0.,0.95099332147927));
#3384=DIRECTION('center_axis',(0.,1.,0.));
#3385=DIRECTION('ref_axis',(0.70274350561415,0.,0.71144329733095));
#3386=DIRECTION('center_axis',(0.,1.,0.));
#3387=DIRECTION('ref_axis',(0.711443297331615,0.,0.702743505613477));
#3388=DIRECTION('',(-0.309211420394272,0.,-0.950993321479051));
#3389=DIRECTION('center_axis',(0.,-1.,0.));
#3390=DIRECTION('ref_axis',(0.000204438405049154,0.,-0.999999979102469));
#3391=DIRECTION('',(0.999999979102469,0.,0.000204438404926825));
#3392=DIRECTION('center_axis',(0.,1.,0.));
#3393=DIRECTION('ref_axis',(-0.000204438403628105,0.,0.999999979102469));
#3394=DIRECTION('center_axis',(0.,1.,0.));
#3395=DIRECTION('ref_axis',(0.888196859707845,0.,0.459463097979721));
#3396=DIRECTION('center_axis',(0.,1.,0.));
#3397=DIRECTION('ref_axis',(0.893782469822308,0.,0.448500720889425));
#3398=DIRECTION('',(-0.587950634152913,0.,-0.808896811589209));
#3399=DIRECTION('center_axis',(0.,-1.,0.));
#3400=DIRECTION('ref_axis',(-0.30882255543998,0.,-0.951119671361875));
#3401=DIRECTION('',(0.951119671361816,0.,-0.308822555440159));
#3402=DIRECTION('center_axis',(0.,1.,0.));
#3403=DIRECTION('ref_axis',(0.308822555438217,0.,0.951119671362447));
#3404=DIRECTION('center_axis',(0.,1.,0.));
#3405=DIRECTION('ref_axis',(0.986707316741938,0.,0.162507449330562));
#3406=DIRECTION('center_axis',(0.,1.,0.));
#3407=DIRECTION('ref_axis',(0.988631986819366,0.,0.150355560713904));
#3408=DIRECTION('',(-0.809137143347831,0.,-0.587619845865429));
#3409=DIRECTION('center_axis',(0.,-1.,0.));
#3410=DIRECTION('ref_axis',(-0.587619845865146,0.,-0.809137143348037));
#3411=DIRECTION('',(0.809137143347781,0.,-0.587619845865498));
#3412=DIRECTION('center_axis',(0.,1.,0.));
#3413=DIRECTION('ref_axis',(0.587619845865399,0.,0.809137143347853));
#3414=DIRECTION('center_axis',(0.,1.,0.));
#3415=DIRECTION('ref_axis',(0.9886319868192,0.,-0.150355560714999));
#3416=DIRECTION('center_axis',(0.,1.,0.));
#3417=DIRECTION('ref_axis',(0.986707316741715,0.,-0.162507449331917));
#3418=DIRECTION('',(-0.951119671361794,0.,-0.308822555440229));
#3419=DIRECTION('center_axis',(0.,-1.,0.));
#3420=DIRECTION('ref_axis',(-0.808896811589059,0.,-0.587950634153119));
#3421=DIRECTION('',(0.587950634152857,0.,-0.808896811589249));
#3422=DIRECTION('center_axis',(0.,1.,0.));
#3423=DIRECTION('ref_axis',(0.808896811589647,0.,0.58795063415231));
#3424=DIRECTION('center_axis',(0.,1.,0.));
#3425=DIRECTION('ref_axis',(0.893782469822504,0.,-0.448500720889036));
#3426=DIRECTION('center_axis',(0.,1.,0.));
#3427=DIRECTION('ref_axis',(0.888196859707702,0.,-0.459463097979998));
#3428=DIRECTION('',(-0.999999979102469,0.,0.000204438404757786));
#3429=DIRECTION('center_axis',(0.,-1.,0.));
#3430=DIRECTION('ref_axis',(-0.95099332147915,0.,-0.309211420393967));
#3431=DIRECTION('',(0.309211420394158,0.,-0.950993321479088));
#3432=DIRECTION('center_axis',(0.,1.,0.));
#3433=DIRECTION('ref_axis',(0.950993321479254,0.,0.309211420393646));
#3434=DIRECTION('center_axis',(0.,1.,0.));
#3435=DIRECTION('ref_axis',(0.71144329733095,0.,-0.70274350561415));
#3436=DIRECTION('center_axis',(0.,1.,0.));
#3437=DIRECTION('ref_axis',(0.702743505613477,0.,-0.711443297331615));
#3438=DIRECTION('',(-0.950993321479038,0.,0.30921142039431));
#3439=DIRECTION('center_axis',(0.,-1.,0.));
#3440=DIRECTION('ref_axis',(-0.999999979102469,0.,-0.000204438405049335));
#3441=DIRECTION('',(0.000204438404715526,0.,-0.999999979102469));
#3442=DIRECTION('center_axis',(0.,1.,0.));
#3443=DIRECTION('ref_axis',(0.999999979102469,0.,0.000204438403628032));
#3444=DIRECTION('center_axis',(0.,1.,0.));
#3445=DIRECTION('ref_axis',(0.459463097979722,0.,-0.888196859707844));
#3446=DIRECTION('center_axis',(0.,1.,0.));
#3447=DIRECTION('ref_axis',(0.44850072088978,0.,-0.89378246982213));
#3448=DIRECTION('',(-0.808896811589234,0.,0.587950634152879));
#3449=DIRECTION('center_axis',(0.,-1.,0.));
#3450=DIRECTION('ref_axis',(-0.951119671361858,0.,0.308822555440032));
#3451=DIRECTION('',(-0.308822555440263,0.,-0.951119671361783));
#3452=DIRECTION('center_axis',(0.,1.,0.));
#3453=DIRECTION('ref_axis',(0.95111967136132,0.,-0.308822555441687));
#3454=DIRECTION('center_axis',(0.,1.,0.));
#3455=DIRECTION('ref_axis',(0.162507449330597,0.,-0.986707316741932));
#3456=DIRECTION('center_axis',(0.,1.,0.));
#3457=DIRECTION('ref_axis',(0.150355560713625,0.,-0.988631986819409));
#3458=DIRECTION('',(-0.587619845865401,0.,0.809137143347852));
#3459=DIRECTION('center_axis',(0.,-1.,0.));
#3460=DIRECTION('ref_axis',(-0.809137143348037,0.,0.587619845865146));
#3461=DIRECTION('',(-0.587619845865502,0.,-0.809137143347779));
#3462=DIRECTION('center_axis',(0.,1.,0.));
#3463=DIRECTION('ref_axis',(0.809137143347192,0.,-0.587619845866309));
#3464=DIRECTION('center_axis',(0.,1.,0.));
#3465=DIRECTION('ref_axis',(-0.150355560715006,0.,-0.988631986819199));
#3466=DIRECTION('center_axis',(0.,1.,0.));
#3467=DIRECTION('ref_axis',(-0.162507449329785,0.,-0.986707316742066));
#3468=DIRECTION('',(-0.30882255544018,0.,0.95111967136181));
#3469=DIRECTION('center_axis',(0.,-1.,0.));
#3470=DIRECTION('ref_axis',(-0.587950634153208,0.,0.808896811588994));
#3471=DIRECTION('',(-0.808896811589234,0.,-0.587950634152877));
#3472=DIRECTION('center_axis',(0.,1.,0.));
#3473=DIRECTION('ref_axis',(0.587950634152395,0.,-0.808896811589585));
#3474=DIRECTION('center_axis',(0.,1.,0.));
#3475=DIRECTION('ref_axis',(-0.448500720889036,0.,-0.893782469822504));
#3476=DIRECTION('center_axis',(0.,1.,0.));
#3477=DIRECTION('ref_axis',(-0.45946309797993,0.,-0.888196859707737));
#3478=DIRECTION('',(0.000204438404757786,0.,0.999999979102469));
#3479=DIRECTION('center_axis',(0.,-1.,0.));
#3480=DIRECTION('ref_axis',(-0.309211420393859,0.,0.950993321479185));
#3481=DIRECTION('',(-0.950993321479107,0.,-0.309211420394099));
#3482=DIRECTION('center_axis',(0.,1.,0.));
#3483=DIRECTION('ref_axis',(0.30921142039557,0.,-0.950993321478629));
#3484=DIRECTION('center_axis',(0.,1.,0.));
#3485=DIRECTION('ref_axis',(-0.702743505614152,0.,-0.711443297330949));
#3486=DIRECTION('center_axis',(0.,1.,0.));
#3487=DIRECTION('ref_axis',(-0.711443297331349,0.,-0.702743505613746));
#3488=DIRECTION('',(0.309211420394278,0.,0.950993321479049));
#3489=DIRECTION('center_axis',(0.,-1.,0.));
#3490=DIRECTION('ref_axis',(-0.000204438405049335,0.,0.999999979102469));
#3491=DIRECTION('',(-0.999999979102469,0.,-0.000204438404694404));
#3492=DIRECTION('center_axis',(0.,1.,0.));
#3493=DIRECTION('ref_axis',(0.000204438404694064,0.,-0.999999979102469));
#3494=DIRECTION('center_axis',(0.,1.,0.));
#3495=DIRECTION('ref_axis',(-0.888196859707844,0.,-0.459463097979722));
#3496=DIRECTION('center_axis',(0.,1.,0.));
#3497=DIRECTION('ref_axis',(-0.893782469822308,0.,-0.448500720889425));
#3498=DIRECTION('',(0.587950634152924,0.,0.8088968115892));
#3499=DIRECTION('center_axis',(0.,-1.,0.));
#3500=DIRECTION('ref_axis',(0.308822555440918,0.,0.95111967136157));
#3501=DIRECTION('',(-0.951119671361828,0.,0.308822555440123));
#3502=DIRECTION('center_axis',(0.,1.,0.));
#3503=DIRECTION('ref_axis',(-0.308822555440245,0.,-0.951119671361789));
#3504=DIRECTION('center_axis',(0.,1.,0.));
#3505=DIRECTION('ref_axis',(-0.986707316741938,0.,-0.162507449330562));
#3506=DIRECTION('center_axis',(0.,1.,0.));
#3507=DIRECTION('ref_axis',(-0.988631986819397,0.,-0.150355560713704));
#3508=DIRECTION('',(0.809137143347822,0.,0.587619845865443));
#3509=DIRECTION('center_axis',(0.,-1.,0.));
#3510=DIRECTION('ref_axis',(0.587619845865146,0.,0.809137143348037));
#3511=DIRECTION('',(-0.809137143347767,0.,0.587619845865518));
#3512=DIRECTION('center_axis',(0.,1.,0.));
#3513=DIRECTION('ref_axis',(-0.587619845865716,0.,-0.809137143347623));
#3514=DIRECTION('center_axis',(0.,1.,0.));
#3515=DIRECTION('ref_axis',(-0.9886319868192,0.,0.150355560714999));
#3516=DIRECTION('center_axis',(0.,1.,0.));
#3517=DIRECTION('ref_axis',(-0.98670731674209,0.,0.162507449329641));
#3518=DIRECTION('',(0.951119671361791,0.,0.308822555440237));
#3519=DIRECTION('center_axis',(0.,-1.,0.));
#3520=DIRECTION('ref_axis',(0.808896811589385,0.,0.58795063415267));
#3521=DIRECTION('',(-0.587950634153023,0.,0.808896811589128));
#3522=DIRECTION('center_axis',(0.,1.,0.));
#3523=DIRECTION('ref_axis',(-0.808896811589647,0.,-0.58795063415231));
#3524=DIRECTION('center_axis',(0.,1.,0.));
#3525=DIRECTION('ref_axis',(-0.893782469822507,0.,0.448500720889029));
#3526=DIRECTION('center_axis',(0.,1.,0.));
#3527=DIRECTION('ref_axis',(-0.888196859707554,0.,0.459463097980283));
#3528=DIRECTION('',(0.999999979102469,0.,-0.000204438404757781));
#3529=DIRECTION('center_axis',(0.,-1.,0.));
#3530=DIRECTION('ref_axis',(0.950993321479097,0.,0.309211420394128));
#3531=DIRECTION('',(-0.309211420394162,0.,0.950993321479086));
#3532=DIRECTION('center_axis',(0.,1.,0.));
#3533=DIRECTION('ref_axis',(-0.950993321478749,0.,-0.3092114203952));
#3534=DIRECTION('center_axis',(0.,1.,0.));
#3535=DIRECTION('ref_axis',(-0.71144329733095,0.,0.70274350561415));
#3536=DIRECTION('center_axis',(0.,1.,0.));
#3537=DIRECTION('ref_axis',(-0.702743505613302,0.,0.711443297331788));
#3538=DIRECTION('',(0.950993321479024,0.,-0.309211420394353));
#3539=DIRECTION('center_axis',(0.,-1.,0.));
#3540=DIRECTION('ref_axis',(0.999999979102469,0.,0.000204438404072121));
#3541=DIRECTION('',(-0.000204438404947908,0.,0.999999979102469));
#3542=DIRECTION('center_axis',(0.,1.,0.));
#3543=DIRECTION('ref_axis',(-0.999999979102469,0.,-0.000204438404516537));
#3544=DIRECTION('center_axis',(0.,1.,0.));
#3545=DIRECTION('ref_axis',(-0.459463097979722,0.,0.888196859707844));
#3546=DIRECTION('center_axis',(0.,1.,0.));
#3547=DIRECTION('ref_axis',(-0.448500720888501,0.,0.893782469822772));
#3548=DIRECTION('',(0.808896811589152,0.,-0.58795063415299));
#3549=DIRECTION('center_axis',(0.,-1.,0.));
#3550=DIRECTION('ref_axis',(0.951119671361605,0.,-0.308822555440812));
#3551=DIRECTION('',(0.308822555440116,0.,0.95111967136183));
#3552=DIRECTION('center_axis',(0.,1.,0.));
#3553=DIRECTION('ref_axis',(-0.951119671361875,0.,0.30882255543998));
#3554=DIRECTION('center_axis',(0.,1.,0.));
#3555=DIRECTION('ref_axis',(-0.162507449330562,0.,0.986707316741938));
#3556=DIRECTION('center_axis',(0.,1.,0.));
#3557=DIRECTION('ref_axis',(-0.150355560713825,0.,0.988631986819378));
#3558=DIRECTION('',(0.587619845865474,0.,-0.809137143347799));
#3559=DIRECTION('center_axis',(0.,-1.,0.));
#3560=DIRECTION('ref_axis',(0.809137143348037,0.,-0.587619845865146));
#3561=DIRECTION('',(0.587619845865447,0.,0.809137143347819));
#3562=DIRECTION('center_axis',(0.,1.,0.));
#3563=DIRECTION('ref_axis',(-0.809137143347192,0.,0.587619845866309));
#3564=DIRECTION('center_axis',(1.09476442525376E-47,0.,1.));
#3565=DIRECTION('ref_axis',(-1.,0.,1.09476442525376E-47));
#3566=DIRECTION('center_axis',(1.09476442525376E-47,0.,1.));
#3567=DIRECTION('ref_axis',(-1.,0.,1.09476442525376E-47));
#3568=DIRECTION('',(-1.09476442525376E-47,0.,-1.));
#3569=DIRECTION('center_axis',(1.09476442525376E-47,0.,1.));
#3570=DIRECTION('ref_axis',(-1.,0.,1.09476442525376E-47));
#3571=DIRECTION('center_axis',(-1.09476442525376E-47,0.,-1.));
#3572=DIRECTION('ref_axis',(-1.,0.,1.09476442525376E-47));
#3573=DIRECTION('center_axis',(1.,0.,-1.09476442525376E-47));
#3574=DIRECTION('ref_axis',(-1.09476442525376E-47,0.,-1.));
#3575=DIRECTION('',(1.09476442525376E-47,0.,1.));
#3576=DIRECTION('',(1.09476442525376E-47,0.,1.));
#3577=DIRECTION('',(0.,1.,0.));
#3578=DIRECTION('',(0.,-1.,0.));
#3579=DIRECTION('center_axis',(-1.,0.,1.09476442525376E-47));
#3580=DIRECTION('ref_axis',(0.,-1.,0.));
#3581=DIRECTION('',(0.,1.,0.));
#3582=DIRECTION('',(1.09476442525376E-47,0.,1.));
#3583=DIRECTION('',(0.,-1.,0.));
#3584=DIRECTION('center_axis',(-1.09476442525376E-47,0.,-1.));
#3585=DIRECTION('ref_axis',(-1.,0.,1.09476442525376E-47));
#3586=DIRECTION('',(1.,0.,-1.09476442525376E-47));
#3587=DIRECTION('',(-1.,0.,1.09476442525376E-47));
#3588=DIRECTION('center_axis',(-1.09476442525376E-47,0.,-1.));
#3589=DIRECTION('ref_axis',(0.,-1.,0.));
#3590=DIRECTION('',(0.,1.,0.));
#3591=DIRECTION('',(-1.,0.,1.09476442525376E-47));
#3592=DIRECTION('center_axis',(-1.,0.,1.09476442525376E-47));
#3593=DIRECTION('ref_axis',(0.,1.,0.));
#3594=DIRECTION('',(0.,1.,0.));
#3595=DIRECTION('',(-1.09476442525376E-47,0.,-1.));
#3596=DIRECTION('center_axis',(1.09476442525376E-47,0.,1.));
#3597=DIRECTION('ref_axis',(1.,0.,-1.09476442525376E-47));
#3598=DIRECTION('',(-1.,0.,1.09476442525376E-47));
#3599=DIRECTION('center_axis',(1.09476442525376E-47,0.,1.));
#3600=DIRECTION('ref_axis',(-1.,0.,1.09476442525376E-47));
#3601=DIRECTION('',(-1.09476442525376E-47,0.,-1.));
#3602=DIRECTION('center_axis',(1.09476442525376E-47,0.,1.));
#3603=DIRECTION('ref_axis',(-1.,0.,1.09476442525376E-47));
#3604=DIRECTION('center_axis',(-1.09476442525376E-47,0.,-1.));
#3605=DIRECTION('ref_axis',(-1.,0.,1.09476442525376E-47));
#3606=DIRECTION('center_axis',(-0.707106781186548,-0.707106781186548,7.74115348898729E-48));
#3607=DIRECTION('ref_axis',(1.09476442525376E-47,0.,1.));
#3608=DIRECTION('',(1.09476442525376E-47,0.,1.));
#3609=DIRECTION('',(-1.09476442525376E-47,0.,-1.));
#3610=DIRECTION('center_axis',(0.,-1.,0.));
#3611=DIRECTION('ref_axis',(1.09476442525376E-47,0.,1.));
#3612=DIRECTION('',(-1.09476442525376E-47,0.,-1.));
#3613=DIRECTION('center_axis',(1.,0.,-1.09476442525376E-47));
#3614=DIRECTION('ref_axis',(-1.09476442525376E-47,0.,-1.));
#3615=DIRECTION('center_axis',(0.,-1.,0.));
#3616=DIRECTION('ref_axis',(-0.150355560715006,0.,-0.988631986819199));
#3617=DIRECTION('',(0.,1.,0.));
#3618=DIRECTION('center_axis',(0.,-1.,0.));
#3619=DIRECTION('ref_axis',(-0.150355560715006,0.,-0.988631986819199));
#3620=DIRECTION('',(0.,1.,0.));
#3621=DIRECTION('center_axis',(0.,-1.,0.));
#3622=DIRECTION('ref_axis',(-0.162507449329785,0.,-0.986707316742066));
#3623=DIRECTION('center_axis',(0.,-1.,0.));
#3624=DIRECTION('ref_axis',(-0.162507449329785,0.,-0.986707316742066));
#3625=DIRECTION('',(0.,1.,0.));
#3626=DIRECTION('center_axis',(0.95111967136181,0.,0.30882255544018));
#3627=DIRECTION('ref_axis',(0.30882255544018,0.,-0.95111967136181));
#3628=DIRECTION('',(0.30882255544018,0.,-0.95111967136181));
#3629=DIRECTION('',(0.,1.,0.));
#3630=DIRECTION('center_axis',(0.,-1.,0.));
#3631=DIRECTION('ref_axis',(-0.587950634153208,0.,0.808896811588994));
#3632=DIRECTION('center_axis',(0.,1.,0.));
#3633=DIRECTION('ref_axis',(-0.587950634153208,0.,0.808896811588994));
#3634=DIRECTION('',(0.,1.,0.));
#3635=DIRECTION('center_axis',(-0.587950634152877,0.,0.808896811589234));
#3636=DIRECTION('ref_axis',(0.808896811589234,0.,0.587950634152877));
#3637=DIRECTION('',(0.808896811589234,0.,0.587950634152877));
#3638=DIRECTION('',(0.,1.,0.));
#3639=DIRECTION('center_axis',(0.,-1.,0.));
#3640=DIRECTION('ref_axis',(0.587950634152395,0.,-0.808896811589585));
#3641=DIRECTION('center_axis',(0.,-1.,0.));
#3642=DIRECTION('ref_axis',(0.587950634152395,0.,-0.808896811589585));
#3643=DIRECTION('',(0.,1.,0.));
#3644=DIRECTION('center_axis',(0.,-1.,0.));
#3645=DIRECTION('ref_axis',(-0.448500720889036,0.,-0.893782469822504));
#3646=DIRECTION('center_axis',(0.,-1.,0.));
#3647=DIRECTION('ref_axis',(-0.448500720889036,0.,-0.893782469822504));
#3648=DIRECTION('',(0.,1.,0.));
#3649=DIRECTION('center_axis',(0.,-1.,0.));
#3650=DIRECTION('ref_axis',(-0.45946309797993,0.,-0.888196859707737));
#3651=DIRECTION('center_axis',(0.,-1.,0.));
#3652=DIRECTION('ref_axis',(-0.45946309797993,0.,-0.888196859707737));
#3653=DIRECTION('',(0.,1.,0.));
#3654=DIRECTION('center_axis',(0.999999979102469,0.,-0.000204438404757786));
#3655=DIRECTION('ref_axis',(-0.000204438404757786,0.,-0.999999979102469));
#3656=DIRECTION('',(-0.000204438404757785,0.,-0.999999979102469));
#3657=DIRECTION('',(0.,1.,0.));
#3658=DIRECTION('center_axis',(0.,-1.,0.));
#3659=DIRECTION('ref_axis',(-0.309211420393859,0.,0.950993321479185));
#3660=DIRECTION('center_axis',(0.,1.,0.));
#3661=DIRECTION('ref_axis',(-0.309211420393859,0.,0.950993321479185));
#3662=DIRECTION('',(0.,1.,0.));
#3663=DIRECTION('center_axis',(-0.309211420394099,0.,0.950993321479107));
#3664=DIRECTION('ref_axis',(0.950993321479107,0.,0.309211420394099));
#3665=DIRECTION('',(0.950993321479107,0.,0.309211420394099));
#3666=DIRECTION('',(0.,1.,0.));
#3667=DIRECTION('center_axis',(0.,-1.,0.));
#3668=DIRECTION('ref_axis',(0.30921142039557,0.,-0.950993321478629));
#3669=DIRECTION('center_axis',(0.,-1.,0.));
#3670=DIRECTION('ref_axis',(0.30921142039557,0.,-0.950993321478629));
#3671=DIRECTION('',(0.,1.,0.));
#3672=DIRECTION('center_axis',(0.,-1.,0.));
#3673=DIRECTION('ref_axis',(-0.702743505614152,0.,-0.711443297330949));
#3674=DIRECTION('center_axis',(0.,-1.,0.));
#3675=DIRECTION('ref_axis',(-0.702743505614152,0.,-0.711443297330949));
#3676=DIRECTION('',(0.,1.,0.));
#3677=DIRECTION('center_axis',(0.,-1.,0.));
#3678=DIRECTION('ref_axis',(-0.711443297331349,0.,-0.702743505613746));
#3679=DIRECTION('center_axis',(0.,-1.,0.));
#3680=DIRECTION('ref_axis',(-0.711443297331349,0.,-0.702743505613746));
#3681=DIRECTION('',(0.,1.,0.));
#3682=DIRECTION('center_axis',(0.950993321479049,0.,-0.309211420394278));
#3683=DIRECTION('ref_axis',(-0.309211420394278,0.,-0.950993321479049));
#3684=DIRECTION('',(-0.309211420394278,0.,-0.950993321479048));
#3685=DIRECTION('',(0.,1.,0.));
#3686=DIRECTION('center_axis',(0.,-1.,0.));
#3687=DIRECTION('ref_axis',(-0.000204438405049335,0.,0.999999979102469));
#3688=DIRECTION('center_axis',(0.,1.,0.));
#3689=DIRECTION('ref_axis',(-0.000204438405049335,0.,0.999999979102469));
#3690=DIRECTION('',(0.,1.,0.));
#3691=DIRECTION('center_axis',(-0.000204438404694404,0.,0.999999979102469));
#3692=DIRECTION('ref_axis',(0.999999979102469,0.,0.000204438404694404));
#3693=DIRECTION('',(0.999999979102469,0.,0.000204438404694404));
#3694=DIRECTION('',(0.,1.,0.));
#3695=DIRECTION('center_axis',(0.,-1.,0.));
#3696=DIRECTION('ref_axis',(0.000204438404694064,0.,-0.999999979102469));
#3697=DIRECTION('center_axis',(0.,-1.,0.));
#3698=DIRECTION('ref_axis',(0.000204438404694064,0.,-0.999999979102469));
#3699=DIRECTION('',(0.,1.,0.));
#3700=DIRECTION('center_axis',(0.,-1.,0.));
#3701=DIRECTION('ref_axis',(-0.888196859707844,0.,-0.459463097979722));
#3702=DIRECTION('center_axis',(0.,-1.,0.));
#3703=DIRECTION('ref_axis',(-0.888196859707844,0.,-0.459463097979722));
#3704=DIRECTION('',(0.,1.,0.));
#3705=DIRECTION('center_axis',(0.,-1.,0.));
#3706=DIRECTION('ref_axis',(-0.893782469822308,0.,-0.448500720889425));
#3707=DIRECTION('center_axis',(0.,-1.,0.));
#3708=DIRECTION('ref_axis',(-0.893782469822308,0.,-0.448500720889425));
#3709=DIRECTION('',(0.,1.,0.));
#3710=DIRECTION('center_axis',(0.808896811589201,0.,-0.587950634152924));
#3711=DIRECTION('ref_axis',(-0.587950634152924,0.,-0.8088968115892));
#3712=DIRECTION('',(-0.587950634152924,0.,-0.808896811589201));
#3713=DIRECTION('',(0.,1.,0.));
#3714=DIRECTION('center_axis',(0.,-1.,0.));
#3715=DIRECTION('ref_axis',(0.308822555440918,0.,0.95111967136157));
#3716=DIRECTION('center_axis',(0.,1.,0.));
#3717=DIRECTION('ref_axis',(0.308822555440918,0.,0.95111967136157));
#3718=DIRECTION('',(0.,1.,0.));
#3719=DIRECTION('center_axis',(0.308822555440123,0.,0.951119671361828));
#3720=DIRECTION('ref_axis',(0.951119671361828,0.,-0.308822555440123));
#3721=DIRECTION('',(0.951119671361828,0.,-0.308822555440123));
#3722=DIRECTION('',(0.,1.,0.));
#3723=DIRECTION('center_axis',(0.,-1.,0.));
#3724=DIRECTION('ref_axis',(-0.308822555440245,0.,-0.951119671361789));
#3725=DIRECTION('center_axis',(0.,-1.,0.));
#3726=DIRECTION('ref_axis',(-0.308822555440245,0.,-0.951119671361789));
#3727=DIRECTION('',(0.,1.,0.));
#3728=DIRECTION('center_axis',(0.,-1.,0.));
#3729=DIRECTION('ref_axis',(-0.986707316741938,0.,-0.162507449330562));
#3730=DIRECTION('center_axis',(0.,-1.,0.));
#3731=DIRECTION('ref_axis',(-0.986707316741938,0.,-0.162507449330562));
#3732=DIRECTION('',(0.,1.,0.));
#3733=DIRECTION('center_axis',(0.,-1.,0.));
#3734=DIRECTION('ref_axis',(-0.988631986819397,0.,-0.150355560713704));
#3735=DIRECTION('center_axis',(0.,-1.,0.));
#3736=DIRECTION('ref_axis',(-0.988631986819397,0.,-0.150355560713704));
#3737=DIRECTION('',(0.,1.,0.));
#3738=DIRECTION('center_axis',(0.587619845865443,0.,-0.809137143347821));
#3739=DIRECTION('ref_axis',(-0.809137143347822,0.,-0.587619845865443));
#3740=DIRECTION('',(-0.809137143347822,0.,-0.587619845865443));
#3741=DIRECTION('',(0.,1.,0.));
#3742=DIRECTION('center_axis',(0.,-1.,0.));
#3743=DIRECTION('ref_axis',(0.587619845865146,0.,0.809137143348037));
#3744=DIRECTION('center_axis',(0.,1.,0.));
#3745=DIRECTION('ref_axis',(0.587619845865146,0.,0.809137143348037));
#3746=DIRECTION('',(0.,1.,0.));
#3747=DIRECTION('center_axis',(0.587619845865518,0.,0.809137143347767));
#3748=DIRECTION('ref_axis',(0.809137143347767,0.,-0.587619845865518));
#3749=DIRECTION('',(0.809137143347767,0.,-0.587619845865518));
#3750=DIRECTION('',(0.,1.,0.));
#3751=DIRECTION('center_axis',(0.,-1.,0.));
#3752=DIRECTION('ref_axis',(-0.587619845865716,0.,-0.809137143347623));
#3753=DIRECTION('center_axis',(0.,-1.,0.));
#3754=DIRECTION('ref_axis',(-0.587619845865716,0.,-0.809137143347623));
#3755=DIRECTION('',(0.,1.,0.));
#3756=DIRECTION('center_axis',(0.,-1.,0.));
#3757=DIRECTION('ref_axis',(-0.9886319868192,0.,0.150355560714999));
#3758=DIRECTION('center_axis',(0.,-1.,0.));
#3759=DIRECTION('ref_axis',(-0.9886319868192,0.,0.150355560714999));
#3760=DIRECTION('',(0.,1.,0.));
#3761=DIRECTION('center_axis',(0.,-1.,0.));
#3762=DIRECTION('ref_axis',(-0.98670731674209,0.,0.162507449329641));
#3763=DIRECTION('center_axis',(0.,-1.,0.));
#3764=DIRECTION('ref_axis',(-0.98670731674209,0.,0.162507449329641));
#3765=DIRECTION('',(0.,1.,0.));
#3766=DIRECTION('center_axis',(0.308822555440237,0.,-0.951119671361791));
#3767=DIRECTION('ref_axis',(-0.951119671361791,0.,-0.308822555440237));
#3768=DIRECTION('',(-0.951119671361791,0.,-0.308822555440237));
#3769=DIRECTION('',(0.,1.,0.));
#3770=DIRECTION('center_axis',(0.,-1.,0.));
#3771=DIRECTION('ref_axis',(0.808896811589385,0.,0.58795063415267));
#3772=DIRECTION('center_axis',(0.,1.,0.));
#3773=DIRECTION('ref_axis',(0.808896811589385,0.,0.58795063415267));
#3774=DIRECTION('',(0.,1.,0.));
#3775=DIRECTION('center_axis',(0.808896811589128,0.,0.587950634153023));
#3776=DIRECTION('ref_axis',(0.587950634153023,0.,-0.808896811589128));
#3777=DIRECTION('',(0.587950634153023,0.,-0.808896811589128));
#3778=DIRECTION('',(0.,1.,0.));
#3779=DIRECTION('center_axis',(0.,-1.,0.));
#3780=DIRECTION('ref_axis',(-0.808896811589647,0.,-0.58795063415231));
#3781=DIRECTION('center_axis',(0.,-1.,0.));
#3782=DIRECTION('ref_axis',(-0.808896811589647,0.,-0.58795063415231));
#3783=DIRECTION('',(0.,1.,0.));
#3784=DIRECTION('center_axis',(0.,-1.,0.));
#3785=DIRECTION('ref_axis',(-0.893782469822507,0.,0.448500720889029));
#3786=DIRECTION('center_axis',(0.,-1.,0.));
#3787=DIRECTION('ref_axis',(-0.893782469822507,0.,0.448500720889029));
#3788=DIRECTION('',(0.,1.,0.));
#3789=DIRECTION('center_axis',(0.,-1.,0.));
#3790=DIRECTION('ref_axis',(-0.888196859707554,0.,0.459463097980283));
#3791=DIRECTION('center_axis',(0.,-1.,0.));
#3792=DIRECTION('ref_axis',(-0.888196859707554,0.,0.459463097980283));
#3793=DIRECTION('',(0.,1.,0.));
#3794=DIRECTION('center_axis',(-0.000204438404757781,0.,-0.999999979102469));
#3795=DIRECTION('ref_axis',(-0.999999979102469,0.,0.000204438404757781));
#3796=DIRECTION('',(-0.999999979102469,0.,0.000204438404757781));
#3797=DIRECTION('',(0.,1.,0.));
#3798=DIRECTION('center_axis',(0.,-1.,0.));
#3799=DIRECTION('ref_axis',(0.950993321479097,0.,0.309211420394128));
#3800=DIRECTION('center_axis',(0.,1.,0.));
#3801=DIRECTION('ref_axis',(0.950993321479097,0.,0.309211420394128));
#3802=DIRECTION('',(0.,1.,0.));
#3803=DIRECTION('center_axis',(0.950993321479086,0.,0.309211420394162));
#3804=DIRECTION('ref_axis',(0.309211420394162,0.,-0.950993321479086));
#3805=DIRECTION('',(0.309211420394162,0.,-0.950993321479086));
#3806=DIRECTION('',(0.,1.,0.));
#3807=DIRECTION('center_axis',(0.,-1.,0.));
#3808=DIRECTION('ref_axis',(-0.950993321478749,0.,-0.3092114203952));
#3809=DIRECTION('center_axis',(0.,-1.,0.));
#3810=DIRECTION('ref_axis',(-0.950993321478749,0.,-0.3092114203952));
#3811=DIRECTION('',(0.,1.,0.));
#3812=DIRECTION('center_axis',(0.,-1.,0.));
#3813=DIRECTION('ref_axis',(-0.71144329733095,0.,0.70274350561415));
#3814=DIRECTION('center_axis',(0.,-1.,0.));
#3815=DIRECTION('ref_axis',(-0.71144329733095,0.,0.70274350561415));
#3816=DIRECTION('',(0.,1.,0.));
#3817=DIRECTION('center_axis',(0.,-1.,0.));
#3818=DIRECTION('ref_axis',(-0.702743505613302,0.,0.711443297331788));
#3819=DIRECTION('center_axis',(0.,-1.,0.));
#3820=DIRECTION('ref_axis',(-0.702743505613302,0.,0.711443297331788));
#3821=DIRECTION('',(0.,1.,0.));
#3822=DIRECTION('center_axis',(-0.309211420394353,0.,-0.950993321479024));
#3823=DIRECTION('ref_axis',(-0.950993321479024,0.,0.309211420394353));
#3824=DIRECTION('',(-0.950993321479024,0.,0.309211420394353));
#3825=DIRECTION('',(0.,1.,0.));
#3826=DIRECTION('center_axis',(0.,-1.,0.));
#3827=DIRECTION('ref_axis',(0.999999979102469,0.,0.000204438404072121));
#3828=DIRECTION('center_axis',(0.,1.,0.));
#3829=DIRECTION('ref_axis',(0.999999979102469,0.,0.000204438404072121));
#3830=DIRECTION('',(0.,1.,0.));
#3831=DIRECTION('center_axis',(0.999999979102469,0.,0.000204438404947908));
#3832=DIRECTION('ref_axis',(0.000204438404947908,0.,-0.999999979102469));
#3833=DIRECTION('',(0.000204438404947908,0.,-0.999999979102469));
#3834=DIRECTION('',(0.,1.,0.));
#3835=DIRECTION('center_axis',(0.,-1.,0.));
#3836=DIRECTION('ref_axis',(-0.999999979102469,0.,-0.000204438404516537));
#3837=DIRECTION('center_axis',(0.,-1.,0.));
#3838=DIRECTION('ref_axis',(-0.999999979102469,0.,-0.000204438404516537));
#3839=DIRECTION('',(0.,1.,0.));
#3840=DIRECTION('center_axis',(0.,-1.,0.));
#3841=DIRECTION('ref_axis',(-0.459463097979722,0.,0.888196859707844));
#3842=DIRECTION('center_axis',(0.,-1.,0.));
#3843=DIRECTION('ref_axis',(-0.459463097979722,0.,0.888196859707844));
#3844=DIRECTION('',(0.,1.,0.));
#3845=DIRECTION('center_axis',(0.,-1.,0.));
#3846=DIRECTION('ref_axis',(-0.448500720888501,0.,0.893782469822772));
#3847=DIRECTION('center_axis',(0.,-1.,0.));
#3848=DIRECTION('ref_axis',(-0.448500720888501,0.,0.893782469822772));
#3849=DIRECTION('',(0.,1.,0.));
#3850=DIRECTION('center_axis',(-0.587950634152991,0.,-0.808896811589152));
#3851=DIRECTION('ref_axis',(-0.808896811589152,0.,0.58795063415299));
#3852=DIRECTION('',(-0.808896811589152,0.,0.58795063415299));
#3853=DIRECTION('',(0.,1.,0.));
#3854=DIRECTION('center_axis',(0.,-1.,0.));
#3855=DIRECTION('ref_axis',(0.951119671361605,0.,-0.308822555440812));
#3856=DIRECTION('center_axis',(0.,1.,0.));
#3857=DIRECTION('ref_axis',(0.951119671361605,0.,-0.308822555440812));
#3858=DIRECTION('',(0.,1.,0.));
#3859=DIRECTION('center_axis',(0.95111967136183,0.,-0.308822555440116));
#3860=DIRECTION('ref_axis',(-0.308822555440116,0.,-0.95111967136183));
#3861=DIRECTION('',(-0.308822555440116,0.,-0.95111967136183));
#3862=DIRECTION('',(0.,1.,0.));
#3863=DIRECTION('center_axis',(0.,-1.,0.));
#3864=DIRECTION('ref_axis',(-0.951119671361875,0.,0.30882255543998));
#3865=DIRECTION('center_axis',(0.,-1.,0.));
#3866=DIRECTION('ref_axis',(-0.951119671361875,0.,0.30882255543998));
#3867=DIRECTION('',(0.,1.,0.));
#3868=DIRECTION('center_axis',(0.,-1.,0.));
#3869=DIRECTION('ref_axis',(-0.162507449330562,0.,0.986707316741938));
#3870=DIRECTION('center_axis',(0.,-1.,0.));
#3871=DIRECTION('ref_axis',(-0.162507449330562,0.,0.986707316741938));
#3872=DIRECTION('',(0.,1.,0.));
#3873=DIRECTION('center_axis',(0.,-1.,0.));
#3874=DIRECTION('ref_axis',(-0.150355560713825,0.,0.988631986819378));
#3875=DIRECTION('center_axis',(0.,-1.,0.));
#3876=DIRECTION('ref_axis',(-0.150355560713825,0.,0.988631986819378));
#3877=DIRECTION('',(0.,1.,0.));
#3878=DIRECTION('center_axis',(-0.809137143347799,0.,-0.587619845865474));
#3879=DIRECTION('ref_axis',(-0.587619845865474,0.,0.809137143347799));
#3880=DIRECTION('',(-0.587619845865474,0.,0.809137143347799));
#3881=DIRECTION('',(0.,1.,0.));
#3882=DIRECTION('center_axis',(0.,-1.,0.));
#3883=DIRECTION('ref_axis',(0.809137143348037,0.,-0.587619845865146));
#3884=DIRECTION('center_axis',(0.,1.,0.));
#3885=DIRECTION('ref_axis',(0.809137143348037,0.,-0.587619845865146));
#3886=DIRECTION('',(0.,1.,0.));
#3887=DIRECTION('center_axis',(0.809137143347819,0.,-0.587619845865447));
#3888=DIRECTION('ref_axis',(-0.587619845865447,0.,-0.809137143347819));
#3889=DIRECTION('',(-0.587619845865447,0.,-0.809137143347819));
#3890=DIRECTION('',(0.,1.,0.));
#3891=DIRECTION('center_axis',(0.,-1.,0.));
#3892=DIRECTION('ref_axis',(-0.809137143347192,0.,0.587619845866309));
#3893=DIRECTION('center_axis',(0.,-1.,0.));
#3894=DIRECTION('ref_axis',(-0.809137143347192,0.,0.587619845866309));
#3895=DIRECTION('',(0.,1.,0.));
#3896=DIRECTION('center_axis',(0.,-1.,0.));
#3897=DIRECTION('ref_axis',(1.,0.,-1.09476442525376E-47));
#3898=DIRECTION('center_axis',(0.,1.,0.));
#3899=DIRECTION('ref_axis',(1.,0.,-1.09476442525376E-47));
#3900=DIRECTION('',(0.,1.,0.));
#3901=DIRECTION('center_axis',(0.,1.,0.));
#3902=DIRECTION('ref_axis',(1.,0.,-1.09476442525376E-47));
#3903=DIRECTION('center_axis',(0.,-1.,0.));
#3904=DIRECTION('ref_axis',(0.150355560714999,0.,0.9886319868192));
#3905=DIRECTION('center_axis',(0.,-1.,0.));
#3906=DIRECTION('ref_axis',(0.150355560714999,0.,0.9886319868192));
#3907=DIRECTION('',(0.,1.,0.));
#3908=DIRECTION('center_axis',(0.,-1.,0.));
#3909=DIRECTION('ref_axis',(0.162507449332206,0.,0.986707316741667));
#3910=DIRECTION('center_axis',(0.,-1.,0.));
#3911=DIRECTION('ref_axis',(0.162507449332206,0.,0.986707316741667));
#3912=DIRECTION('',(0.,1.,0.));
#3913=DIRECTION('center_axis',(-0.951119671361816,0.,-0.308822555440161));
#3914=DIRECTION('ref_axis',(-0.308822555440161,0.,0.951119671361816));
#3915=DIRECTION('',(-0.308822555440161,0.,0.951119671361816));
#3916=DIRECTION('',(0.,1.,0.));
#3917=DIRECTION('center_axis',(0.,-1.,0.));
#3918=DIRECTION('ref_axis',(0.587950634152744,0.,-0.808896811589331));
#3919=DIRECTION('center_axis',(0.,1.,0.));
#3920=DIRECTION('ref_axis',(0.587950634152744,0.,-0.808896811589331));
#3921=DIRECTION('',(0.,1.,0.));
#3922=DIRECTION('center_axis',(0.587950634153051,0.,-0.808896811589108));
#3923=DIRECTION('ref_axis',(-0.808896811589108,0.,-0.587950634153051));
#3924=DIRECTION('',(-0.808896811589108,0.,-0.587950634153051));
#3925=DIRECTION('',(0.,1.,0.));
#3926=DIRECTION('center_axis',(0.,-1.,0.));
#3927=DIRECTION('ref_axis',(-0.587950634151824,0.,0.80889681159));
#3928=DIRECTION('center_axis',(0.,-1.,0.));
#3929=DIRECTION('ref_axis',(-0.587950634151824,0.,0.80889681159));
#3930=DIRECTION('',(0.,1.,0.));
#3931=DIRECTION('center_axis',(0.,-1.,0.));
#3932=DIRECTION('ref_axis',(0.448500720889029,0.,0.893782469822507));
#3933=DIRECTION('center_axis',(0.,-1.,0.));
#3934=DIRECTION('ref_axis',(0.448500720889029,0.,0.893782469822507));
#3935=DIRECTION('',(0.,1.,0.));
#3936=DIRECTION('center_axis',(0.,-1.,0.));
#3937=DIRECTION('ref_axis',(0.45946309797993,0.,0.888196859707737));
#3938=DIRECTION('center_axis',(0.,-1.,0.));
#3939=DIRECTION('ref_axis',(0.45946309797993,0.,0.888196859707737));
#3940=DIRECTION('',(0.,1.,0.));
#3941=DIRECTION('center_axis',(-0.999999979102469,0.,0.000204438404757738));
#3942=DIRECTION('ref_axis',(0.000204438404757738,0.,0.999999979102469));
#3943=DIRECTION('',(0.000204438404757738,0.,0.999999979102469));
#3944=DIRECTION('',(0.,1.,0.));
#3945=DIRECTION('center_axis',(0.,-1.,0.));
#3946=DIRECTION('ref_axis',(0.309211420394154,0.,-0.950993321479089));
#3947=DIRECTION('center_axis',(0.,1.,0.));
#3948=DIRECTION('ref_axis',(0.309211420394154,0.,-0.950993321479089));
#3949=DIRECTION('',(0.,1.,0.));
#3950=DIRECTION('center_axis',(0.309211420394138,0.,-0.950993321479094));
#3951=DIRECTION('ref_axis',(-0.950993321479094,0.,-0.309211420394138));
#3952=DIRECTION('',(-0.950993321479094,0.,-0.309211420394138));
#3953=DIRECTION('',(0.,1.,0.));
#3954=DIRECTION('center_axis',(0.,-1.,0.));
#3955=DIRECTION('ref_axis',(-0.309211420393598,0.,0.95099332147927));
#3956=DIRECTION('center_axis',(0.,-1.,0.));
#3957=DIRECTION('ref_axis',(-0.309211420393598,0.,0.95099332147927));
#3958=DIRECTION('',(0.,1.,0.));
#3959=DIRECTION('center_axis',(0.,-1.,0.));
#3960=DIRECTION('ref_axis',(0.70274350561415,0.,0.71144329733095));
#3961=DIRECTION('center_axis',(0.,-1.,0.));
#3962=DIRECTION('ref_axis',(0.70274350561415,0.,0.71144329733095));
#3963=DIRECTION('',(0.,1.,0.));
#3964=DIRECTION('center_axis',(0.,-1.,0.));
#3965=DIRECTION('ref_axis',(0.711443297331615,0.,0.702743505613477));
#3966=DIRECTION('center_axis',(0.,-1.,0.));
#3967=DIRECTION('ref_axis',(0.711443297331615,0.,0.702743505613477));
#3968=DIRECTION('',(0.,1.,0.));
#3969=DIRECTION('center_axis',(-0.950993321479051,0.,0.309211420394272));
#3970=DIRECTION('ref_axis',(0.309211420394272,0.,0.950993321479051));
#3971=DIRECTION('',(0.309211420394272,0.,0.950993321479051));
#3972=DIRECTION('',(0.,1.,0.));
#3973=DIRECTION('center_axis',(0.,-1.,0.));
#3974=DIRECTION('ref_axis',(0.000204438405049154,0.,-0.999999979102469));
#3975=DIRECTION('center_axis',(0.,1.,0.));
#3976=DIRECTION('ref_axis',(0.000204438405049154,0.,-0.999999979102469));
#3977=DIRECTION('',(0.,1.,0.));
#3978=DIRECTION('center_axis',(0.000204438404926825,0.,-0.999999979102469));
#3979=DIRECTION('ref_axis',(-0.999999979102469,0.,-0.000204438404926825));
#3980=DIRECTION('',(-0.999999979102469,0.,-0.000204438404926825));
#3981=DIRECTION('',(0.,1.,0.));
#3982=DIRECTION('center_axis',(0.,-1.,0.));
#3983=DIRECTION('ref_axis',(-0.000204438403628105,0.,0.999999979102469));
#3984=DIRECTION('center_axis',(0.,-1.,0.));
#3985=DIRECTION('ref_axis',(-0.000204438403628105,0.,0.999999979102469));
#3986=DIRECTION('',(0.,1.,0.));
#3987=DIRECTION('center_axis',(0.,-1.,0.));
#3988=DIRECTION('ref_axis',(0.888196859707845,0.,0.459463097979721));
#3989=DIRECTION('center_axis',(0.,-1.,0.));
#3990=DIRECTION('ref_axis',(0.888196859707845,0.,0.459463097979721));
#3991=DIRECTION('',(0.,1.,0.));
#3992=DIRECTION('center_axis',(0.,-1.,0.));
#3993=DIRECTION('ref_axis',(0.893782469822308,0.,0.448500720889425));
#3994=DIRECTION('center_axis',(0.,-1.,0.));
#3995=DIRECTION('ref_axis',(0.893782469822308,0.,0.448500720889425));
#3996=DIRECTION('',(0.,1.,0.));
#3997=DIRECTION('center_axis',(-0.808896811589209,0.,0.587950634152913));
#3998=DIRECTION('ref_axis',(0.587950634152913,0.,0.808896811589209));
#3999=DIRECTION('',(0.587950634152913,0.,0.808896811589209));
#4000=DIRECTION('',(0.,1.,0.));
#4001=DIRECTION('center_axis',(0.,-1.,0.));
#4002=DIRECTION('ref_axis',(-0.30882255543998,0.,-0.951119671361875));
#4003=DIRECTION('center_axis',(0.,1.,0.));
#4004=DIRECTION('ref_axis',(-0.30882255543998,0.,-0.951119671361875));
#4005=DIRECTION('',(0.,1.,0.));
#4006=DIRECTION('center_axis',(-0.308822555440159,0.,-0.951119671361817));
#4007=DIRECTION('ref_axis',(-0.951119671361816,0.,0.308822555440159));
#4008=DIRECTION('',(-0.951119671361816,0.,0.308822555440159));
#4009=DIRECTION('',(0.,1.,0.));
#4010=DIRECTION('center_axis',(0.,-1.,0.));
#4011=DIRECTION('ref_axis',(0.308822555438217,0.,0.951119671362447));
#4012=DIRECTION('center_axis',(0.,-1.,0.));
#4013=DIRECTION('ref_axis',(0.308822555438217,0.,0.951119671362447));
#4014=DIRECTION('',(0.,1.,0.));
#4015=DIRECTION('center_axis',(0.,-1.,0.));
#4016=DIRECTION('ref_axis',(0.986707316741938,0.,0.162507449330562));
#4017=DIRECTION('center_axis',(0.,-1.,0.));
#4018=DIRECTION('ref_axis',(0.986707316741938,0.,0.162507449330562));
#4019=DIRECTION('',(0.,1.,0.));
#4020=DIRECTION('center_axis',(0.,-1.,0.));
#4021=DIRECTION('ref_axis',(0.988631986819366,0.,0.150355560713904));
#4022=DIRECTION('center_axis',(0.,-1.,0.));
#4023=DIRECTION('ref_axis',(0.988631986819366,0.,0.150355560713904));
#4024=DIRECTION('',(0.,1.,0.));
#4025=DIRECTION('center_axis',(-0.587619845865429,0.,0.809137143347832));
#4026=DIRECTION('ref_axis',(0.809137143347831,0.,0.587619845865429));
#4027=DIRECTION('',(0.809137143347831,0.,0.587619845865429));
#4028=DIRECTION('',(0.,1.,0.));
#4029=DIRECTION('center_axis',(0.,-1.,0.));
#4030=DIRECTION('ref_axis',(-0.587619845865146,0.,-0.809137143348037));
#4031=DIRECTION('center_axis',(0.,1.,0.));
#4032=DIRECTION('ref_axis',(-0.587619845865146,0.,-0.809137143348037));
#4033=DIRECTION('',(0.,1.,0.));
#4034=DIRECTION('center_axis',(-0.587619845865498,0.,-0.809137143347781));
#4035=DIRECTION('ref_axis',(-0.809137143347781,0.,0.587619845865498));
#4036=DIRECTION('',(-0.809137143347781,0.,0.587619845865498));
#4037=DIRECTION('',(0.,1.,0.));
#4038=DIRECTION('center_axis',(0.,-1.,0.));
#4039=DIRECTION('ref_axis',(0.587619845865399,0.,0.809137143347853));
#4040=DIRECTION('center_axis',(0.,-1.,0.));
#4041=DIRECTION('ref_axis',(0.587619845865399,0.,0.809137143347853));
#4042=DIRECTION('',(0.,1.,0.));
#4043=DIRECTION('center_axis',(0.,-1.,0.));
#4044=DIRECTION('ref_axis',(0.9886319868192,0.,-0.150355560714999));
#4045=DIRECTION('center_axis',(0.,-1.,0.));
#4046=DIRECTION('ref_axis',(0.9886319868192,0.,-0.150355560714999));
#4047=DIRECTION('',(0.,1.,0.));
#4048=DIRECTION('center_axis',(0.,-1.,0.));
#4049=DIRECTION('ref_axis',(0.986707316741715,0.,-0.162507449331917));
#4050=DIRECTION('center_axis',(0.,-1.,0.));
#4051=DIRECTION('ref_axis',(0.986707316741715,0.,-0.162507449331917));
#4052=DIRECTION('',(0.,1.,0.));
#4053=DIRECTION('center_axis',(-0.308822555440229,0.,0.951119671361794));
#4054=DIRECTION('ref_axis',(0.951119671361794,0.,0.308822555440229));
#4055=DIRECTION('',(0.951119671361794,0.,0.308822555440229));
#4056=DIRECTION('',(0.,1.,0.));
#4057=DIRECTION('center_axis',(0.,-1.,0.));
#4058=DIRECTION('ref_axis',(-0.808896811589059,0.,-0.587950634153119));
#4059=DIRECTION('center_axis',(0.,1.,0.));
#4060=DIRECTION('ref_axis',(-0.808896811589059,0.,-0.587950634153119));
#4061=DIRECTION('',(0.,1.,0.));
#4062=DIRECTION('center_axis',(-0.808896811589249,0.,-0.587950634152857));
#4063=DIRECTION('ref_axis',(-0.587950634152857,0.,0.808896811589249));
#4064=DIRECTION('',(-0.587950634152857,0.,0.808896811589249));
#4065=DIRECTION('',(0.,1.,0.));
#4066=DIRECTION('center_axis',(0.,-1.,0.));
#4067=DIRECTION('ref_axis',(0.808896811589647,0.,0.58795063415231));
#4068=DIRECTION('center_axis',(0.,-1.,0.));
#4069=DIRECTION('ref_axis',(0.808896811589647,0.,0.58795063415231));
#4070=DIRECTION('',(0.,1.,0.));
#4071=DIRECTION('center_axis',(0.,-1.,0.));
#4072=DIRECTION('ref_axis',(0.893782469822504,0.,-0.448500720889036));
#4073=DIRECTION('center_axis',(0.,-1.,0.));
#4074=DIRECTION('ref_axis',(0.893782469822504,0.,-0.448500720889036));
#4075=DIRECTION('',(0.,1.,0.));
#4076=DIRECTION('center_axis',(0.,-1.,0.));
#4077=DIRECTION('ref_axis',(0.888196859707702,0.,-0.459463097979998));
#4078=DIRECTION('center_axis',(0.,-1.,0.));
#4079=DIRECTION('ref_axis',(0.888196859707702,0.,-0.459463097979998));
#4080=DIRECTION('',(0.,1.,0.));
#4081=DIRECTION('center_axis',(0.000204438404757786,0.,0.999999979102469));
#4082=DIRECTION('ref_axis',(0.999999979102469,0.,-0.000204438404757786));
#4083=DIRECTION('',(0.999999979102469,0.,-0.000204438404757785));
#4084=DIRECTION('',(0.,1.,0.));
#4085=DIRECTION('center_axis',(0.,-1.,0.));
#4086=DIRECTION('ref_axis',(-0.95099332147915,0.,-0.309211420393967));
#4087=DIRECTION('center_axis',(0.,1.,0.));
#4088=DIRECTION('ref_axis',(-0.95099332147915,0.,-0.309211420393967));
#4089=DIRECTION('',(0.,1.,0.));
#4090=DIRECTION('center_axis',(-0.950993321479088,0.,-0.309211420394158));
#4091=DIRECTION('ref_axis',(-0.309211420394158,0.,0.950993321479088));
#4092=DIRECTION('',(-0.309211420394158,0.,0.950993321479088));
#4093=DIRECTION('',(0.,1.,0.));
#4094=DIRECTION('center_axis',(0.,-1.,0.));
#4095=DIRECTION('ref_axis',(0.950993321479254,0.,0.309211420393646));
#4096=DIRECTION('center_axis',(0.,-1.,0.));
#4097=DIRECTION('ref_axis',(0.950993321479254,0.,0.309211420393646));
#4098=DIRECTION('',(0.,1.,0.));
#4099=DIRECTION('center_axis',(0.,-1.,0.));
#4100=DIRECTION('ref_axis',(0.71144329733095,0.,-0.70274350561415));
#4101=DIRECTION('center_axis',(0.,-1.,0.));
#4102=DIRECTION('ref_axis',(0.71144329733095,0.,-0.70274350561415));
#4103=DIRECTION('',(0.,1.,0.));
#4104=DIRECTION('center_axis',(0.,-1.,0.));
#4105=DIRECTION('ref_axis',(0.702743505613477,0.,-0.711443297331615));
#4106=DIRECTION('center_axis',(0.,-1.,0.));
#4107=DIRECTION('ref_axis',(0.702743505613477,0.,-0.711443297331615));
#4108=DIRECTION('',(0.,1.,0.));
#4109=DIRECTION('center_axis',(0.30921142039431,0.,0.950993321479038));
#4110=DIRECTION('ref_axis',(0.950993321479038,0.,-0.30921142039431));
#4111=DIRECTION('',(0.950993321479038,0.,-0.30921142039431));
#4112=DIRECTION('',(0.,1.,0.));
#4113=DIRECTION('center_axis',(0.,-1.,0.));
#4114=DIRECTION('ref_axis',(-0.999999979102469,0.,-0.000204438405049335));
#4115=DIRECTION('center_axis',(0.,1.,0.));
#4116=DIRECTION('ref_axis',(-0.999999979102469,0.,-0.000204438405049335));
#4117=DIRECTION('',(0.,1.,0.));
#4118=DIRECTION('center_axis',(-0.999999979102469,0.,-0.000204438404715526));
#4119=DIRECTION('ref_axis',(-0.000204438404715526,0.,0.999999979102469));
#4120=DIRECTION('',(-0.000204438404715526,0.,0.999999979102469));
#4121=DIRECTION('',(0.,1.,0.));
#4122=DIRECTION('center_axis',(0.,-1.,0.));
#4123=DIRECTION('ref_axis',(0.999999979102469,0.,0.000204438403628032));
#4124=DIRECTION('center_axis',(0.,-1.,0.));
#4125=DIRECTION('ref_axis',(0.999999979102469,0.,0.000204438403628032));
#4126=DIRECTION('',(0.,1.,0.));
#4127=DIRECTION('center_axis',(0.,-1.,0.));
#4128=DIRECTION('ref_axis',(0.459463097979722,0.,-0.888196859707844));
#4129=DIRECTION('center_axis',(0.,-1.,0.));
#4130=DIRECTION('ref_axis',(0.459463097979722,0.,-0.888196859707844));
#4131=DIRECTION('',(0.,1.,0.));
#4132=DIRECTION('center_axis',(0.,-1.,0.));
#4133=DIRECTION('ref_axis',(0.44850072088978,0.,-0.89378246982213));
#4134=DIRECTION('center_axis',(0.,-1.,0.));
#4135=DIRECTION('ref_axis',(0.44850072088978,0.,-0.89378246982213));
#4136=DIRECTION('',(0.,1.,0.));
#4137=DIRECTION('center_axis',(0.587950634152879,0.,0.808896811589233));
#4138=DIRECTION('ref_axis',(0.808896811589234,0.,-0.587950634152879));
#4139=DIRECTION('',(0.808896811589234,0.,-0.587950634152879));
#4140=DIRECTION('',(0.,1.,0.));
#4141=DIRECTION('center_axis',(0.,-1.,0.));
#4142=DIRECTION('ref_axis',(-0.951119671361858,0.,0.308822555440032));
#4143=DIRECTION('center_axis',(0.,1.,0.));
#4144=DIRECTION('ref_axis',(-0.951119671361858,0.,0.308822555440032));
#4145=DIRECTION('',(0.,1.,0.));
#4146=DIRECTION('center_axis',(-0.951119671361783,0.,0.308822555440263));
#4147=DIRECTION('ref_axis',(0.308822555440263,0.,0.951119671361783));
#4148=DIRECTION('',(0.308822555440263,0.,0.951119671361783));
#4149=DIRECTION('',(0.,1.,0.));
#4150=DIRECTION('center_axis',(0.,-1.,0.));
#4151=DIRECTION('ref_axis',(0.95111967136132,0.,-0.308822555441687));
#4152=DIRECTION('center_axis',(0.,-1.,0.));
#4153=DIRECTION('ref_axis',(0.95111967136132,0.,-0.308822555441687));
#4154=DIRECTION('',(0.,1.,0.));
#4155=DIRECTION('center_axis',(0.,-1.,0.));
#4156=DIRECTION('ref_axis',(0.162507449330597,0.,-0.986707316741932));
#4157=DIRECTION('center_axis',(0.,-1.,0.));
#4158=DIRECTION('ref_axis',(0.162507449330597,0.,-0.986707316741932));
#4159=DIRECTION('',(0.,1.,0.));
#4160=DIRECTION('center_axis',(0.,-1.,0.));
#4161=DIRECTION('ref_axis',(0.150355560713625,0.,-0.988631986819409));
#4162=DIRECTION('center_axis',(0.,-1.,0.));
#4163=DIRECTION('ref_axis',(0.150355560713625,0.,-0.988631986819409));
#4164=DIRECTION('',(0.,1.,0.));
#4165=DIRECTION('center_axis',(0.809137143347852,0.,0.587619845865401));
#4166=DIRECTION('ref_axis',(0.587619845865401,0.,-0.809137143347852));
#4167=DIRECTION('',(0.587619845865401,0.,-0.809137143347852));
#4168=DIRECTION('',(0.,1.,0.));
#4169=DIRECTION('center_axis',(0.,-1.,0.));
#4170=DIRECTION('ref_axis',(-0.809137143348037,0.,0.587619845865146));
#4171=DIRECTION('center_axis',(0.,1.,0.));
#4172=DIRECTION('ref_axis',(-0.809137143348037,0.,0.587619845865146));
#4173=DIRECTION('',(0.,1.,0.));
#4174=DIRECTION('center_axis',(-0.809137143347779,0.,0.587619845865502));
#4175=DIRECTION('ref_axis',(0.587619845865502,0.,0.809137143347779));
#4176=DIRECTION('',(0.587619845865502,0.,0.809137143347779));
#4177=DIRECTION('',(0.,1.,0.));
#4178=DIRECTION('center_axis',(0.,-1.,0.));
#4179=DIRECTION('ref_axis',(0.809137143347192,0.,-0.587619845866309));
#4180=DIRECTION('center_axis',(0.,-1.,0.));
#4181=DIRECTION('ref_axis',(0.809137143347192,0.,-0.587619845866309));
#4182=DIRECTION('center_axis',(0.,1.,0.));
#4183=DIRECTION('ref_axis',(1.,0.,-1.09476442525376E-47));
#4184=DIRECTION('center_axis',(0.,-1.,0.));
#4185=DIRECTION('ref_axis',(-1.09476442525376E-47,0.,-1.));
#4186=CARTESIAN_POINT('',(0.,0.,0.));
#4187=CARTESIAN_POINT('Origin',(-3.70000002905726,130.000001937151,42.1123585132864));
#4188=CARTESIAN_POINT('',(0.299999970942739,130.000001937151,36.0000005364418));
#4189=CARTESIAN_POINT('',(0.299999970942739,130.000001937151,42.1123585132864));
#4190=CARTESIAN_POINT('',(0.299999970942739,130.000001937151,38.5561795323147));
#4191=CARTESIAN_POINT('',(-3.70000002905726,130.000001937151,42.1123585132864));
#4192=CARTESIAN_POINT('',(-3.70000002905726,130.000001937151,42.1123585132864));
#4193=CARTESIAN_POINT('',(-3.70000002905726,130.000001937151,36.0000005364418));
#4194=CARTESIAN_POINT('',(-3.70000002905726,130.000001937151,38.5561795323147));
#4195=CARTESIAN_POINT('',(-3.70000002905726,130.000001937151,36.0000005364418));
#4196=CARTESIAN_POINT('Origin',(-3.70000002905726,123.3637692064,42.1123585132864));
#4197=CARTESIAN_POINT('',(0.299999970942739,123.3637692064,42.1123585132864));
#4198=CARTESIAN_POINT('',(0.299999970942739,127.681883150337,42.1123585132864));
#4199=CARTESIAN_POINT('',(-3.70000002905726,123.3637692064,42.1123585132864));
#4200=CARTESIAN_POINT('',(-3.70000002905726,123.3637692064,42.1123585132864));
#4201=CARTESIAN_POINT('',(-3.70000002905726,122.181883150337,42.1123585132864));
#4202=CARTESIAN_POINT('Origin',(-3.70000002905726,123.3637692064,36.0000005364418));
#4203=CARTESIAN_POINT('',(0.299999970942739,123.3637692064,36.0000005364418));
#4204=CARTESIAN_POINT('',(0.299999970942739,123.3637692064,35.5000005438924));
#4205=CARTESIAN_POINT('',(-3.70000002905726,123.3637692064,36.0000005364418));
#4206=CARTESIAN_POINT('',(-3.70000002905726,123.3637692064,36.0000005364418));
#4207=CARTESIAN_POINT('',(-3.70000002905726,123.3637692064,35.5000005438924));
#4208=CARTESIAN_POINT('Origin',(-3.70000002905726,130.000001937151,36.0000005364418));
#4209=CARTESIAN_POINT('',(0.299999970942739,130.999999515712,36.0000005364418));
#4210=CARTESIAN_POINT('',(-3.70000002905726,125.499999515712,36.0000005364418));
#4211=CARTESIAN_POINT('Origin',(86.0000014454126,127.,37.000000551343));
#4212=CARTESIAN_POINT('',(86.0000014454126,121.,37.000000551343));
#4213=CARTESIAN_POINT('',(86.0000014454126,121.,52.0000007152557));
#4214=CARTESIAN_POINT('',(86.0000014454126,121.,41.7500005923212));
#4215=CARTESIAN_POINT('',(86.0000014454126,120.,37.000000551343));
#4216=CARTESIAN_POINT('',(86.0000014454126,127.,37.000000551343));
#4217=CARTESIAN_POINT('',(86.0000014454126,120.,52.0000007152557));
#4218=CARTESIAN_POINT('',(86.0000014454126,120.,37.000000551343));
#4219=CARTESIAN_POINT('',(86.0000014454126,127.,52.0000007152557));
#4220=CARTESIAN_POINT('Origin',(86.0000014454126,127.,52.0000007152557));
#4221=CARTESIAN_POINT('',(64.0000009685755,121.,52.0000007152557));
#4222=CARTESIAN_POINT('',(64.0000009685755,121.,52.0000007152557));
#4223=CARTESIAN_POINT('',(64.0000009685755,120.,52.0000007152557));
#4224=CARTESIAN_POINT('',(86.0000014454126,120.,52.0000007152557));
#4225=CARTESIAN_POINT('',(64.0000009685755,127.,52.0000007152557));
#4226=CARTESIAN_POINT('Origin',(74.5,127.,44.9));
#4227=CARTESIAN_POINT('',(86.0000014454126,127.,37.000000551343));
#4228=CARTESIAN_POINT('',(88.4520616588831,120.,44.9));
#4229=CARTESIAN_POINT('Origin',(74.5,120.,44.9));
#4230=CARTESIAN_POINT('',(88.4520616588831,127.,44.9));
#4231=CARTESIAN_POINT('',(88.4520616588831,127.,44.9));
#4232=CARTESIAN_POINT('',(62.4895872520282,127.,52.0000007152557));
#4233=CARTESIAN_POINT('Origin',(74.5,127.,44.9));
#4234=CARTESIAN_POINT('',(62.4895872520282,121.,52.0000007152557));
#4235=CARTESIAN_POINT('',(62.4895872520282,127.,52.0000007152557));
#4236=CARTESIAN_POINT('',(62.9999985545874,121.,37.000000551343));
#4237=CARTESIAN_POINT('Origin',(74.5,121.,44.9));
#4238=CARTESIAN_POINT('',(62.9999985545874,127.,37.000000551343));
#4239=CARTESIAN_POINT('',(62.9999985545874,127.,37.000000551343));
#4240=CARTESIAN_POINT('Origin',(74.5,127.,44.9));
#4241=CARTESIAN_POINT('Origin',(74.5,120.,44.9));
#4242=CARTESIAN_POINT('Origin',(64.0000009685755,127.,52.0000007152557));
#4243=CARTESIAN_POINT('',(64.0000009685755,121.,37.000000551343));
#4244=CARTESIAN_POINT('',(64.0000009685755,121.,48.2500006742775));
#4245=CARTESIAN_POINT('',(64.0000009685755,120.,37.000000551343));
#4246=CARTESIAN_POINT('',(64.0000009685755,120.,52.0000007152557));
#4247=CARTESIAN_POINT('',(64.0000009685755,127.,37.000000551343));
#4248=CARTESIAN_POINT('Origin',(64.0000009685755,127.,37.000000551343));
#4249=CARTESIAN_POINT('',(72.0000010877848,121.,37.000000551343));
#4250=CARTESIAN_POINT('',(64.0000009685755,120.,37.000000551343));
#4251=CARTESIAN_POINT('Origin',(74.5,120.,44.9));
#4252=CARTESIAN_POINT('Origin',(64.0000009685755,-13.,37.000000551343));
#4253=CARTESIAN_POINT('',(64.0000009685755,127.,37.000000551343));
#4254=CARTESIAN_POINT('',(69.2500004842877,127.,37.000000551343));
#4255=CARTESIAN_POINT('',(27.0000004172325,121.000001773238,37.000000551343));
#4256=CARTESIAN_POINT('',(72.0000010877848,121.,37.000000551343));
#4257=CARTESIAN_POINT('',(27.0000004172325,132.000002160668,37.000000551343));
#4258=CARTESIAN_POINT('',(27.0000004172325,54.0000008866191,37.000000551343));
#4259=CARTESIAN_POINT('',(59.0000009685755,132.000002160668,37.000000551343));
#4260=CARTESIAN_POINT('',(64.0000009685755,132.000002160668,37.000000551343));
#4261=CARTESIAN_POINT('',(97.7500015087426,93.2500016205013,37.000000551343));
#4262=CARTESIAN_POINT('Origin',(96.0000014454126,-13.,52.0000007152557));
#4263=CARTESIAN_POINT('',(64.0000009685755,127.,52.0000007152557));
#4264=CARTESIAN_POINT('',(85.2500007227063,127.,52.0000007152557));
#4265=CARTESIAN_POINT('',(59.0000009685755,132.000002160668,52.0000007152557));
#4266=CARTESIAN_POINT('',(105.750001627952,85.250001501292,52.0000007152557));
#4267=CARTESIAN_POINT('',(24.0000009685755,132.000002160668,52.0000007152557));
#4268=CARTESIAN_POINT('',(64.0000009685755,132.000002160668,52.0000007152557));
#4269=CARTESIAN_POINT('',(24.0000009685755,121.,52.0000007152557));
#4270=CARTESIAN_POINT('',(24.0000009685755,132.000002160668,52.0000007152557));
#4271=CARTESIAN_POINT('',(64.0000009685755,121.,52.0000007152557));
#4272=CARTESIAN_POINT('',(27.2,126.603880332065,52.0000007152557));
#4273=CARTESIAN_POINT('Origin',(25.9,126.603880332065,52.0000007152557));
#4274=CARTESIAN_POINT('Origin',(80.0000012069941,121.,44.5000006332993));
#4275=CARTESIAN_POINT('',(24.0000009685755,121.000001521163,35.0000005513429));
#4276=CARTESIAN_POINT('',(24.0000009685755,121.,50.0000007152557));
#4277=CARTESIAN_POINT('',(0.299999970942739,120.999997094274,35.0000005513429));
#4278=CARTESIAN_POINT('',(24.0000009685755,121.000001521163,35.0000005513429));
#4279=CARTESIAN_POINT('',(0.299999970942739,120.999997094274,52.000000551343));
#4280=CARTESIAN_POINT('',(0.299999970942739,120.999997094274,35.0000005513429));
#4281=CARTESIAN_POINT('',(-2.70000002905726,120.999997094274,52.000000551343));
#4282=CARTESIAN_POINT('',(-2.70000002905726,120.999997094274,52.000000551343));
#4283=CARTESIAN_POINT('',(-3.70000002905726,120.999997094274,52.000000551343));
#4284=CARTESIAN_POINT('',(-2.70000002905726,120.999997094274,52.000000551343));
#4285=CARTESIAN_POINT('',(-3.70000002905726,120.999997094274,35.0000005513429));
#4286=CARTESIAN_POINT('',(-3.70000002905726,120.999997094274,35.0000005513429));
#4287=CARTESIAN_POINT('',(-3.69999903142452,121.000001521163,32.000000551343));
#4288=CARTESIAN_POINT('',(-3.69999903142452,121.,39.0000005923211));
#4289=CARTESIAN_POINT('',(27.0000004172325,121.000001773238,32.000000551343));
#4290=CARTESIAN_POINT('',(-2.69999903142452,121.000001521163,32.000000551343));
#4291=CARTESIAN_POINT('',(27.0000004172325,121.000001773238,37.000000551343));
#4292=CARTESIAN_POINT('Origin',(80.0000012069941,121.,44.5000006332993));
#4293=CARTESIAN_POINT('',(74.8758889017875,121.,47.371579967048));
#4294=CARTESIAN_POINT('',(74.9062686233265,121.,47.3667682918549));
#4295=CARTESIAN_POINT('Origin',(74.5,121.,44.9));
#4296=CARTESIAN_POINT('',(74.945699234428,121.,47.3328740537897));
#4297=CARTESIAN_POINT('Origin',(74.8981432508599,121.,47.3174329260177));
#4298=CARTESIAN_POINT('',(75.0755099313906,121.,46.9330797212211));
#4299=CARTESIAN_POINT('',(75.6676684359747,121.,45.1093346859164));
#4300=CARTESIAN_POINT('',(75.2294169619421,121.,46.8830722956062));
#4301=CARTESIAN_POINT('Origin',(75.1706218985268,121.,46.9639619767652));
#4302=CARTESIAN_POINT('',(75.5694292344705,121.,47.1302118916446));
#4303=CARTESIAN_POINT('',(76.3934690654699,121.,47.7291693040885));
#4304=CARTESIAN_POINT('',(75.6212518022225,121.,47.1344561745563));
#4305=CARTESIAN_POINT('Origin',(75.5988267661781,121.,47.0897670510652));
#4306=CARTESIAN_POINT('',(75.6486577449493,121.,47.1204921492697));
#4307=CARTESIAN_POINT('Origin',(74.5,121.,44.9));
#4308=CARTESIAN_POINT('',(75.6756845890054,121.,47.076072084364));
#4309=CARTESIAN_POINT('Origin',(75.6256845900503,121.,47.0760823062842));
#4310=CARTESIAN_POINT('',(75.675598655218,121.,46.6557313677836));
#4311=CARTESIAN_POINT('',(75.6753783885158,121.,45.5783080825613));
#4312=CARTESIAN_POINT('',(75.8065197951677,121.,46.5606115917953));
#4313=CARTESIAN_POINT('Origin',(75.7755986531283,121.,46.6557109239432));
#4314=CARTESIAN_POINT('',(76.206261017735,121.,46.6905857445348));
#4315=CARTESIAN_POINT('',(77.5996885995597,121.,47.143652776722));
#4316=CARTESIAN_POINT('',(76.2568587640354,121.,46.6786082433274));
#4317=CARTESIAN_POINT('Origin',(76.2217215887547,121.,46.6430360784608));
#4318=CARTESIAN_POINT('',(76.2786082433274,121.,46.6568587640354));
#4319=CARTESIAN_POINT('Origin',(74.5,121.,44.9));
#4320=CARTESIAN_POINT('',(76.2905857445347,121.,46.6062610177351));
#4321=CARTESIAN_POINT('Origin',(76.2430360784608,121.,46.6217215887547));
#4322=CARTESIAN_POINT('',(76.1606115917953,121.,46.2065197951677));
#4323=CARTESIAN_POINT('',(76.0932490784362,121.,45.9993434229598));
#4324=CARTESIAN_POINT('',(76.2557313677837,121.,46.075598655218));
#4325=CARTESIAN_POINT('Origin',(76.2557109239432,121.,46.1755986531283));
#4326=CARTESIAN_POINT('',(76.676072084364,121.,46.0756845890055));
#4327=CARTESIAN_POINT('',(78.3378755110632,121.,46.0760243254544));
#4328=CARTESIAN_POINT('',(76.7204921492696,121.,46.0486577449493));
#4329=CARTESIAN_POINT('Origin',(76.6760823062842,121.,46.0256845900503));
#4330=CARTESIAN_POINT('',(76.7344561745563,121.,46.0212518022226));
#4331=CARTESIAN_POINT('Origin',(74.5,121.,44.9));
#4332=CARTESIAN_POINT('',(76.7302118916446,121.,45.9694292344705));
#4333=CARTESIAN_POINT('Origin',(76.6897670510651,121.,45.9988267661781));
#4334=CARTESIAN_POINT('',(76.4830722956063,121.,45.6294169619421));
#4335=CARTESIAN_POINT('',(76.8223784056512,121.,46.09623103548));
#4336=CARTESIAN_POINT('',(76.5330797212212,121.,45.4755099313906));
#4337=CARTESIAN_POINT('Origin',(76.5639619767652,121.,45.5706218985268));
#4338=CARTESIAN_POINT('',(76.9328740537897,121.,45.3456992344281));
#4339=CARTESIAN_POINT('',(78.4443819141837,121.,44.8549221702271));
#4340=CARTESIAN_POINT('',(76.9667682918549,121.,45.3062686233265));
#4341=CARTESIAN_POINT('Origin',(76.9174329260178,121.,45.2981432508599));
#4342=CARTESIAN_POINT('',(76.971579967048,121.,45.2758889017875));
#4343=CARTESIAN_POINT('Origin',(74.5,121.,44.9));
#4344=CARTESIAN_POINT('',(76.9515293600003,121.,45.2279142665844));
#4345=CARTESIAN_POINT('Origin',(76.922148367707,121.,45.2683711237518));
#4346=CARTESIAN_POINT('',(76.6114160662462,121.,44.9809137143349));
#4347=CARTESIAN_POINT('',(77.6063456744025,121.,45.703461662848));
#4348=CARTESIAN_POINT('',(76.6114160662462,121.,44.8190862856652));
#4349=CARTESIAN_POINT('Origin',(76.6701780508327,121.,44.9));
#4350=CARTESIAN_POINT('',(76.9515293600003,121.,44.5720857334156));
#4351=CARTESIAN_POINT('',(77.9665880375509,121.,43.8349194464017));
#4352=CARTESIAN_POINT('',(76.971579967048,121.,44.5241110982125));
#4353=CARTESIAN_POINT('Origin',(76.922148367707,121.,44.5316288762482));
#4354=CARTESIAN_POINT('',(76.9667682918548,121.,44.4937313766735));
#4355=CARTESIAN_POINT('Origin',(74.5,121.,44.9));
#4356=CARTESIAN_POINT('',(76.9328740537897,121.,44.454300765572));
#4357=CARTESIAN_POINT('Origin',(76.9174329260178,121.,44.5018567491401));
#4358=CARTESIAN_POINT('',(76.5330797212212,121.,44.3244900686094));
#4359=CARTESIAN_POINT('',(78.1269940509409,121.,44.842023993391));
#4360=CARTESIAN_POINT('',(76.4830722956063,121.,44.1705830380579));
#4361=CARTESIAN_POINT('Origin',(76.5639619767652,121.,44.2293781014732));
#4362=CARTESIAN_POINT('',(76.7302118916446,121.,43.8305707655295));
#4363=CARTESIAN_POINT('',(77.1361844598138,121.,43.2720376219129));
#4364=CARTESIAN_POINT('',(76.7344561745562,121.,43.7787481977775));
#4365=CARTESIAN_POINT('Origin',(76.6897670510651,121.,43.8011732338219));
#4366=CARTESIAN_POINT('',(76.7204921492696,121.,43.7513422550507));
#4367=CARTESIAN_POINT('Origin',(74.5,121.,44.9));
#4368=CARTESIAN_POINT('',(76.676072084364,121.,43.7243154109946));
#4369=CARTESIAN_POINT('Origin',(76.6760823062842,121.,43.7743154099497));
#4370=CARTESIAN_POINT('',(76.2557313677837,121.,43.724401344782));
#4371=CARTESIAN_POINT('',(78.1277869280039,121.,43.7240186247216));
#4372=CARTESIAN_POINT('',(76.1606115917953,121.,43.5934802048323));
#4373=CARTESIAN_POINT('Origin',(76.2557109239432,121.,43.6244013468717));
#4374=CARTESIAN_POINT('',(76.2905857445348,121.,43.193738982265));
#4375=CARTESIAN_POINT('',(76.2758591668671,121.,43.2390312195062));
#4376=CARTESIAN_POINT('',(76.2786082433274,121.,43.1431412359647));
#4377=CARTESIAN_POINT('Origin',(76.2430360784608,121.,43.1782784112453));
#4378=CARTESIAN_POINT('',(76.2568587640354,121.,43.1213917566727));
#4379=CARTESIAN_POINT('Origin',(74.5,121.,44.9));
#4380=CARTESIAN_POINT('',(76.206261017735,121.,43.1094142554653));
#4381=CARTESIAN_POINT('Origin',(76.2217215887547,121.,43.1569639215392));
#4382=CARTESIAN_POINT('',(75.8065197951677,121.,43.2393884082048));
#4383=CARTESIAN_POINT('',(77.517441000337,121.,42.6830896791976));
#4384=CARTESIAN_POINT('',(75.6755986552181,121.,43.1442686322164));
#4385=CARTESIAN_POINT('Origin',(75.7755986531283,121.,43.1442890760569));
#4386=CARTESIAN_POINT('',(75.6756845890054,121.,42.7239279156361));
#4387=CARTESIAN_POINT('',(75.6755031306402,121.,43.611522209166));
#4388=CARTESIAN_POINT('',(75.6486577449493,121.,42.6795078507305));
#4389=CARTESIAN_POINT('Origin',(75.6256845900503,121.,42.7239176937159));
#4390=CARTESIAN_POINT('',(75.6212518022226,121.,42.6655438254438));
#4391=CARTESIAN_POINT('Origin',(74.5,121.,44.9));
#4392=CARTESIAN_POINT('',(75.5694292344704,121.,42.6697881083554));
#4393=CARTESIAN_POINT('Origin',(75.5988267661781,121.,42.7102329489349));
#4394=CARTESIAN_POINT('',(75.2294169619421,121.,42.9169277043938));
#4395=CARTESIAN_POINT('',(76.4136991853498,121.,42.056126333573));
#4396=CARTESIAN_POINT('',(75.0755099313906,121.,42.8669202787788));
#4397=CARTESIAN_POINT('Origin',(75.1706218985268,121.,42.8360380232348));
#4398=CARTESIAN_POINT('',(74.9456992344279,121.,42.4671259462103));
#4399=CARTESIAN_POINT('',(75.4852723905351,121.,44.1289172689996));
#4400=CARTESIAN_POINT('',(74.9062686233265,121.,42.4332317081453));
#4401=CARTESIAN_POINT('Origin',(74.8981432508599,121.,42.4825670739823));
#4402=CARTESIAN_POINT('',(74.8758889017875,121.,42.428420032952));
#4403=CARTESIAN_POINT('Origin',(74.5,121.,44.9));
#4404=CARTESIAN_POINT('',(74.8279142665844,121.,42.4484706399998));
#4405=CARTESIAN_POINT('Origin',(74.8683711237518,121.,42.4778516322931));
#4406=CARTESIAN_POINT('',(74.5809137143348,121.,42.7885839337538));
#4407=CARTESIAN_POINT('',(75.1096518591818,121.,42.0605253511332));
#4408=CARTESIAN_POINT('',(74.4190862856652,121.,42.7885839337539));
#4409=CARTESIAN_POINT('Origin',(74.5,121.,42.7298219491673));
#4410=CARTESIAN_POINT('',(74.1720857334156,121.,42.4484706399998));
#4411=CARTESIAN_POINT('',(75.6659822393671,121.,44.5055270171588));
#4412=CARTESIAN_POINT('',(74.1241110982125,121.,42.4284200329521));
#4413=CARTESIAN_POINT('Origin',(74.1316288762482,121.,42.4778516322931));
#4414=CARTESIAN_POINT('',(74.0937313766736,121.,42.4332317081452));
#4415=CARTESIAN_POINT('Origin',(74.5,121.,44.9));
#4416=CARTESIAN_POINT('',(74.054300765572,121.,42.4671259462103));
#4417=CARTESIAN_POINT('Origin',(74.1018567491401,121.,42.4825670739823));
#4418=CARTESIAN_POINT('',(73.9244900686094,121.,42.8669202787788));
#4419=CARTESIAN_POINT('',(73.9743649152137,121.,42.7133144398402));
#4420=CARTESIAN_POINT('',(73.7705830380579,121.,42.9169277043938));
#4421=CARTESIAN_POINT('Origin',(73.8293781014732,121.,42.8360380232348));
#4422=CARTESIAN_POINT('',(73.4305707655295,121.,42.6697881083555));
#4423=CARTESIAN_POINT('',(76.0150227530349,121.,44.5483097729496));
#4424=CARTESIAN_POINT('',(73.3787481977774,121.,42.6655438254438));
#4425=CARTESIAN_POINT('Origin',(73.4011732338219,121.,42.7102329489349));
#4426=CARTESIAN_POINT('',(73.3513422550507,121.,42.6795078507304));
#4427=CARTESIAN_POINT('Origin',(74.5,121.,44.9));
#4428=CARTESIAN_POINT('',(73.3243154109946,121.,42.7239279156361));
#4429=CARTESIAN_POINT('Origin',(73.3743154099497,121.,42.7239176937158));
#4430=CARTESIAN_POINT('',(73.3244013447819,121.,43.1442686322164));
#4431=CARTESIAN_POINT('',(73.3245400661264,121.,43.8228169789055));
#4432=CARTESIAN_POINT('',(73.1934802048323,121.,43.2393884082047));
#4433=CARTESIAN_POINT('Origin',(73.2244013468717,121.,43.1442890760569));
#4434=CARTESIAN_POINT('',(72.7937389822651,121.,43.1094142554653));
#4435=CARTESIAN_POINT('',(76.2568251162086,121.,44.2354219342136));
#4436=CARTESIAN_POINT('',(72.7431412359646,121.,43.1213917566727));
#4437=CARTESIAN_POINT('Origin',(72.7782784112453,121.,43.1569639215393));
#4438=CARTESIAN_POINT('',(72.7213917566727,121.,43.1431412359646));
#4439=CARTESIAN_POINT('Origin',(74.5,121.,44.9));
#4440=CARTESIAN_POINT('',(72.7094142554652,121.,43.193738982265));
#4441=CARTESIAN_POINT('Origin',(72.7569639215392,121.,43.1782784112453));
#4442=CARTESIAN_POINT('',(72.8393884082047,121.,43.5934802048323));
#4443=CARTESIAN_POINT('',(73.3149923886676,121.,45.056221162176));
#4444=CARTESIAN_POINT('',(72.7442686322163,121.,43.724401344782));
#4445=CARTESIAN_POINT('Origin',(72.7442890760568,121.,43.6244013468717));
#4446=CARTESIAN_POINT('',(72.323927915636,121.,43.7243154109946));
#4447=CARTESIAN_POINT('',(76.1620436908271,121.,43.7251000692771));
#4448=CARTESIAN_POINT('',(72.2795078507304,121.,43.7513422550507));
#4449=CARTESIAN_POINT('Origin',(72.3239176937158,121.,43.7743154099497));
#4450=CARTESIAN_POINT('',(72.2655438254437,121.,43.7787481977775));
#4451=CARTESIAN_POINT('Origin',(74.5,121.,44.9));
#4452=CARTESIAN_POINT('',(72.2697881083554,121.,43.8305707655296));
#4453=CARTESIAN_POINT('Origin',(72.3102329489349,121.,43.801173233822));
#4454=CARTESIAN_POINT('',(72.5169277043937,121.,44.170583038058));
#4455=CARTESIAN_POINT('',(73.8886584705506,121.,46.0577969955729));
#4456=CARTESIAN_POINT('',(72.4669202787789,121.,44.3244900686094));
#4457=CARTESIAN_POINT('Origin',(72.4360380232348,121.,44.2293781014732));
#4458=CARTESIAN_POINT('',(72.0671259462103,121.,44.454300765572));
#4459=CARTESIAN_POINT('',(75.648567335539,121.,43.2914293464288));
#4460=CARTESIAN_POINT('',(72.0332317081452,121.,44.4937313766736));
#4461=CARTESIAN_POINT('Origin',(72.0825670739823,121.,44.5018567491401));
#4462=CARTESIAN_POINT('',(72.028420032952,121.,44.5241110982126));
#4463=CARTESIAN_POINT('Origin',(74.5,121.,44.9));
#4464=CARTESIAN_POINT('',(72.0484706399997,121.,44.5720857334156));
#4465=CARTESIAN_POINT('Origin',(72.077851632293,121.,44.5316288762482));
#4466=CARTESIAN_POINT('',(72.3885839337538,121.,44.8190862856652));
#4467=CARTESIAN_POINT('',(74.8043354416464,121.,46.5734780354293));
#4468=CARTESIAN_POINT('',(72.3885839337538,121.,44.9809137143348));
#4469=CARTESIAN_POINT('Origin',(72.3298219491673,121.,44.9));
#4470=CARTESIAN_POINT('',(72.0484706399997,121.,45.2279142665845));
#4471=CARTESIAN_POINT('',(74.8244645110406,121.,43.2119036260699));
#4472=CARTESIAN_POINT('',(72.028420032952,121.,45.2758889017875));
#4473=CARTESIAN_POINT('Origin',(72.077851632293,121.,45.2683711237518));
#4474=CARTESIAN_POINT('',(72.0332317081452,121.,45.3062686233264));
#4475=CARTESIAN_POINT('Origin',(74.5,121.,44.9));
#4476=CARTESIAN_POINT('',(72.0671259462103,121.,45.345699234428));
#4477=CARTESIAN_POINT('Origin',(72.0825670739823,121.,45.29814325086));
#4478=CARTESIAN_POINT('',(72.4669202787789,121.,45.4755099313907));
#4479=CARTESIAN_POINT('',(75.7309738048645,121.,46.5353275141521));
#4480=CARTESIAN_POINT('',(72.5169277043938,121.,45.6294169619421));
#4481=CARTESIAN_POINT('Origin',(72.4360380232348,121.,45.5706218985268));
#4482=CARTESIAN_POINT('',(72.2697881083554,121.,45.9694292344705));
#4483=CARTESIAN_POINT('',(73.9553249286755,121.,43.6504839343483));
#4484=CARTESIAN_POINT('',(72.2655438254438,121.,46.0212518022226));
#4485=CARTESIAN_POINT('Origin',(72.3102329489348,121.,45.9988267661781));
#4486=CARTESIAN_POINT('',(72.2795078507304,121.,46.0486577449493));
#4487=CARTESIAN_POINT('Origin',(74.5,121.,44.9));
#4488=CARTESIAN_POINT('',(72.323927915636,121.,46.0756845890054));
#4489=CARTESIAN_POINT('Origin',(72.3239176937158,121.,46.0256845900503));
#4490=CARTESIAN_POINT('',(72.7442686322163,121.,46.0755986552181));
#4491=CARTESIAN_POINT('',(76.372295824348,121.,46.074856947111));
#4492=CARTESIAN_POINT('',(72.8393884082047,121.,46.2065197951677));
#4493=CARTESIAN_POINT('Origin',(72.7442890760568,121.,46.1755986531283));
#4494=CARTESIAN_POINT('',(72.7094142554653,121.,46.606261017735));
#4495=CARTESIAN_POINT('',(73.3676283243589,121.,44.5818947028574));
#4496=CARTESIAN_POINT('',(72.7213917566726,121.,46.6568587640354));
#4497=CARTESIAN_POINT('Origin',(72.7569639215392,121.,46.6217215887547));
#4498=CARTESIAN_POINT('',(72.7431412359646,121.,46.6786082433274));
#4499=CARTESIAN_POINT('Origin',(74.5,121.,44.9));
#4500=CARTESIAN_POINT('',(72.793738982265,121.,46.6905857445348));
#4501=CARTESIAN_POINT('Origin',(72.7782784112453,121.,46.6430360784608));
#4502=CARTESIAN_POINT('',(73.1934802048323,121.,46.5606115917953));
#4503=CARTESIAN_POINT('',(76.5743187395531,121.,45.4613463689658));
#4504=CARTESIAN_POINT('',(73.324401344782,121.,46.6557313677836));
#4505=CARTESIAN_POINT('Origin',(73.2244013468717,121.,46.6557109239432));
#4506=CARTESIAN_POINT('',(73.3243154109946,121.,47.076072084364));
#4507=CARTESIAN_POINT('',(73.3245788744637,121.,45.7873540294015));
#4508=CARTESIAN_POINT('',(73.3513422550507,121.,47.1204921492696));
#4509=CARTESIAN_POINT('Origin',(73.3743154099496,121.,47.0760823062843));
#4510=CARTESIAN_POINT('',(73.3787481977774,121.,47.1344561745563));
#4511=CARTESIAN_POINT('Origin',(74.5,121.,44.9));
#4512=CARTESIAN_POINT('',(73.4305707655295,121.,47.1302118916446));
#4513=CARTESIAN_POINT('Origin',(73.4011732338219,121.,47.0897670510651));
#4514=CARTESIAN_POINT('',(73.7705830380579,121.,46.8830722956063));
#4515=CARTESIAN_POINT('',(76.3752651454423,121.,44.9898462686734));
#4516=CARTESIAN_POINT('',(73.9244900686094,121.,46.9330797212211));
#4517=CARTESIAN_POINT('Origin',(73.8293781014732,121.,46.9639619767652));
#4518=CARTESIAN_POINT('',(74.054300765572,121.,47.3328740537897));
#4519=CARTESIAN_POINT('',(73.9217795667365,121.,46.924731847644));
#4520=CARTESIAN_POINT('',(74.0937313766736,121.,47.3667682918548));
#4521=CARTESIAN_POINT('Origin',(74.1018567491401,121.,47.3174329260177));
#4522=CARTESIAN_POINT('',(74.1241110982125,121.,47.371579967048));
#4523=CARTESIAN_POINT('Origin',(74.5,121.,44.9));
#4524=CARTESIAN_POINT('',(74.1720857334156,121.,47.3515293600003));
#4525=CARTESIAN_POINT('Origin',(74.1316288762482,121.,47.322148367707));
#4526=CARTESIAN_POINT('',(74.4190862856652,121.,47.0114160662462));
#4527=CARTESIAN_POINT('',(75.9796682317634,121.,44.8625355838891));
#4528=CARTESIAN_POINT('',(74.5809137143348,121.,47.0114160662462));
#4529=CARTESIAN_POINT('Origin',(74.5,121.,47.0701780508327));
#4530=CARTESIAN_POINT('',(74.8279142665844,121.,47.3515293600003));
#4531=CARTESIAN_POINT('',(75.0429664190352,121.,47.6476505436689));
#4532=CARTESIAN_POINT('Origin',(74.8683711237518,121.,47.322148367707));
#4533=CARTESIAN_POINT('Origin',(-1.90000000000003,126.603880332065,52.000000551343));
#4534=CARTESIAN_POINT('',(-0.600000000000041,126.603880332065,52.000000551343));
#4535=CARTESIAN_POINT('Origin',(-1.90000000000003,126.603880332065,52.000000551343));
#4536=CARTESIAN_POINT('',(-0.600000000000041,126.603880332065,47.000000551343));
#4537=CARTESIAN_POINT('',(-0.600000000000041,126.603880332065,52.000000551343));
#4538=CARTESIAN_POINT('Origin',(-1.90000000000003,126.603880332065,47.000000551343));
#4539=CARTESIAN_POINT('Origin',(-1.90000000000003,126.603880332065,47.000000551343));
#4540=CARTESIAN_POINT('Origin',(-3.70000002905726,120.999997094274,35.0000005513429));
#4541=CARTESIAN_POINT('',(-3.70000002905726,131.999997094274,35.0000005513429));
#4542=CARTESIAN_POINT('',(-3.70000002905726,131.999997094274,52.000000551343));
#4543=CARTESIAN_POINT('',(-3.70000002905726,131.999997094274,35.0000005513429));
#4544=CARTESIAN_POINT('',(-3.69999903142452,132.000002160668,32.000000551343));
#4545=CARTESIAN_POINT('',(-3.69999903142452,132.000002160668,36.2500005513429));
#4546=CARTESIAN_POINT('',(-3.69999903142452,126.500001903934,32.000000551343));
#4547=CARTESIAN_POINT('',(-3.70000002905726,131.999997094274,52.000000551343));
#4548=CARTESIAN_POINT('Origin',(0.299999970942739,131.999997094274,35.0000005513429));
#4549=CARTESIAN_POINT('',(0.299999970942739,131.999997094274,35.0000005513429));
#4550=CARTESIAN_POINT('',(0.299999970942739,131.999999627471,35.0000005513429));
#4551=CARTESIAN_POINT('',(0.299999970942739,131.999997094274,52.000000551343));
#4552=CARTESIAN_POINT('',(0.299999970942739,131.999997094274,35.0000005513429));
#4553=CARTESIAN_POINT('',(0.299999970942739,120.999997094274,52.000000551343));
#4554=CARTESIAN_POINT('Origin',(-1.20000002905726,126.499997094274,52.000000551343));
#4555=CARTESIAN_POINT('',(-2.70000002905726,131.999997094274,52.000000551343));
#4556=CARTESIAN_POINT('',(0.299999970942739,131.999997094274,52.000000551343));
#4557=CARTESIAN_POINT('',(-2.70000002905726,131.999997094274,52.000000551343));
#4558=CARTESIAN_POINT('Origin',(24.0000009685755,132.000002160668,35.0000005513429));
#4559=CARTESIAN_POINT('',(24.0000009685755,132.000002160668,35.0000005513429));
#4560=CARTESIAN_POINT('',(24.0000009685755,129.250001620501,35.0000005513429));
#4561=CARTESIAN_POINT('',(24.0000009685755,132.000002160668,35.0000005513429));
#4562=CARTESIAN_POINT('Origin',(27.0000004172325,121.000001773238,37.000000551343));
#4563=CARTESIAN_POINT('',(27.0000004172325,132.000002160668,32.000000551343));
#4564=CARTESIAN_POINT('',(27.0000004172325,132.000002160668,32.000000551343));
#4565=CARTESIAN_POINT('',(27.0000004172325,132.000002160668,37.000000551343));
#4566=CARTESIAN_POINT('Origin',(25.500000692904,126.500001966953,32.000000551343));
#4567=CARTESIAN_POINT('',(24.0000009685755,132.000002160668,32.000000551343));
#4568=CARTESIAN_POINT('Origin',(25.9,126.603880332065,52.0000007152557));
#4569=CARTESIAN_POINT('',(27.2,126.603880332065,47.0000007152557));
#4570=CARTESIAN_POINT('',(27.2,126.603880332065,52.0000007152557));
#4571=CARTESIAN_POINT('Origin',(25.9,126.603880332065,47.0000007152557));
#4572=CARTESIAN_POINT('Origin',(25.9,126.603880332065,47.0000007152557));
#4573=CARTESIAN_POINT('Origin',(61.5000009685755,129.500002160668,41.7500005923212));
#4574=CARTESIAN_POINT('',(59.0000009685755,132.000002160668,50.0000007152557));
#4575=CARTESIAN_POINT('',(64.0000009685755,127.,39.000000551343));
#4576=CARTESIAN_POINT('Origin',(64.0000009685755,132.000002160668,39.000000551343));
#4577=CARTESIAN_POINT('',(24.0000009685755,132.000002160668,39.000000551343));
#4578=CARTESIAN_POINT('Origin',(24.0000009685755,126.500001080334,44.5000006332993));
#4579=CARTESIAN_POINT('Origin',(74.5,117.,44.9));
#4580=CARTESIAN_POINT('',(74.1241110982125,125.,42.4284200329521));
#4581=CARTESIAN_POINT('',(74.1241110982125,117.,42.4284200329521));
#4582=CARTESIAN_POINT('',(74.0937313766736,125.,42.4332317081452));
#4583=CARTESIAN_POINT('Origin',(74.5,125.,44.9));
#4584=CARTESIAN_POINT('',(74.0937313766736,117.,42.4332317081452));
#4585=CARTESIAN_POINT('Origin',(74.1018567491401,117.,42.4825670739823));
#4586=CARTESIAN_POINT('',(74.054300765572,125.,42.4671259462103));
#4587=CARTESIAN_POINT('Origin',(74.1018567491401,125.,42.4825670739823));
#4588=CARTESIAN_POINT('',(74.054300765572,117.,42.4671259462103));
#4589=CARTESIAN_POINT('Origin',(73.9244900686094,117.,42.8669202787788));
#4590=CARTESIAN_POINT('',(73.9244900686094,125.,42.8669202787788));
#4591=CARTESIAN_POINT('',(73.9244900686094,125.,42.8669202787788));
#4592=CARTESIAN_POINT('',(73.9244900686094,117.,42.8669202787788));
#4593=CARTESIAN_POINT('Origin',(73.8293781014732,117.,42.8360380232348));
#4594=CARTESIAN_POINT('',(73.7705830380579,125.,42.9169277043938));
#4595=CARTESIAN_POINT('Origin',(73.8293781014732,125.,42.8360380232348));
#4596=CARTESIAN_POINT('',(73.7705830380579,117.,42.9169277043938));
#4597=CARTESIAN_POINT('Origin',(73.4305707655295,117.,42.6697881083555));
#4598=CARTESIAN_POINT('',(73.4305707655295,125.,42.6697881083555));
#4599=CARTESIAN_POINT('',(73.4305707655295,125.,42.6697881083555));
#4600=CARTESIAN_POINT('',(73.4305707655295,117.,42.6697881083555));
#4601=CARTESIAN_POINT('Origin',(73.4011732338219,117.,42.7102329489349));
#4602=CARTESIAN_POINT('',(73.3787481977774,125.,42.6655438254438));
#4603=CARTESIAN_POINT('Origin',(73.4011732338219,125.,42.7102329489349));
#4604=CARTESIAN_POINT('',(73.3787481977774,117.,42.6655438254438));
#4605=CARTESIAN_POINT('Origin',(74.5,117.,44.9));
#4606=CARTESIAN_POINT('',(73.3513422550507,125.,42.6795078507304));
#4607=CARTESIAN_POINT('Origin',(74.5,125.,44.9));
#4608=CARTESIAN_POINT('',(73.3513422550507,117.,42.6795078507304));
#4609=CARTESIAN_POINT('Origin',(73.3743154099497,117.,42.7239176937158));
#4610=CARTESIAN_POINT('',(73.3243154109946,125.,42.7239279156361));
#4611=CARTESIAN_POINT('Origin',(73.3743154099497,125.,42.7239176937158));
#4612=CARTESIAN_POINT('',(73.3243154109946,117.,42.7239279156361));
#4613=CARTESIAN_POINT('Origin',(73.3244013447819,117.,43.1442686322164));
#4614=CARTESIAN_POINT('',(73.3244013447819,125.,43.1442686322164));
#4615=CARTESIAN_POINT('',(73.3244013447819,125.,43.1442686322164));
#4616=CARTESIAN_POINT('',(73.3244013447819,117.,43.1442686322164));
#4617=CARTESIAN_POINT('Origin',(73.2244013468717,117.,43.1442890760569));
#4618=CARTESIAN_POINT('',(73.1934802048323,125.,43.2393884082047));
#4619=CARTESIAN_POINT('Origin',(73.2244013468717,125.,43.1442890760569));
#4620=CARTESIAN_POINT('',(73.1934802048323,117.,43.2393884082047));
#4621=CARTESIAN_POINT('Origin',(72.7937389822651,117.,43.1094142554653));
#4622=CARTESIAN_POINT('',(72.7937389822651,125.,43.1094142554653));
#4623=CARTESIAN_POINT('',(72.7937389822651,125.,43.1094142554653));
#4624=CARTESIAN_POINT('',(72.7937389822651,117.,43.1094142554653));
#4625=CARTESIAN_POINT('Origin',(72.7782784112453,117.,43.1569639215393));
#4626=CARTESIAN_POINT('',(72.7431412359646,125.,43.1213917566727));
#4627=CARTESIAN_POINT('Origin',(72.7782784112453,125.,43.1569639215393));
#4628=CARTESIAN_POINT('',(72.7431412359646,117.,43.1213917566727));
#4629=CARTESIAN_POINT('Origin',(74.5,117.,44.9));
#4630=CARTESIAN_POINT('',(72.7213917566727,125.,43.1431412359646));
#4631=CARTESIAN_POINT('Origin',(74.5,125.,44.9));
#4632=CARTESIAN_POINT('',(72.7213917566727,117.,43.1431412359646));
#4633=CARTESIAN_POINT('Origin',(72.7569639215392,117.,43.1782784112453));
#4634=CARTESIAN_POINT('',(72.7094142554652,125.,43.193738982265));
#4635=CARTESIAN_POINT('Origin',(72.7569639215392,125.,43.1782784112453));
#4636=CARTESIAN_POINT('',(72.7094142554652,117.,43.193738982265));
#4637=CARTESIAN_POINT('Origin',(72.8393884082047,117.,43.5934802048323));
#4638=CARTESIAN_POINT('',(72.8393884082047,125.,43.5934802048323));
#4639=CARTESIAN_POINT('',(72.8393884082047,125.,43.5934802048323));
#4640=CARTESIAN_POINT('',(72.8393884082047,117.,43.5934802048323));
#4641=CARTESIAN_POINT('Origin',(72.7442890760568,117.,43.6244013468717));
#4642=CARTESIAN_POINT('',(72.7442686322163,125.,43.724401344782));
#4643=CARTESIAN_POINT('Origin',(72.7442890760568,125.,43.6244013468717));
#4644=CARTESIAN_POINT('',(72.7442686322163,117.,43.724401344782));
#4645=CARTESIAN_POINT('Origin',(72.323927915636,117.,43.7243154109946));
#4646=CARTESIAN_POINT('',(72.323927915636,125.,43.7243154109946));
#4647=CARTESIAN_POINT('',(72.323927915636,125.,43.7243154109946));
#4648=CARTESIAN_POINT('',(72.323927915636,117.,43.7243154109946));
#4649=CARTESIAN_POINT('Origin',(72.3239176937158,117.,43.7743154099497));
#4650=CARTESIAN_POINT('',(72.2795078507304,125.,43.7513422550507));
#4651=CARTESIAN_POINT('Origin',(72.3239176937158,125.,43.7743154099497));
#4652=CARTESIAN_POINT('',(72.2795078507304,117.,43.7513422550507));
#4653=CARTESIAN_POINT('Origin',(74.5,117.,44.9));
#4654=CARTESIAN_POINT('',(72.2655438254437,125.,43.7787481977775));
#4655=CARTESIAN_POINT('Origin',(74.5,125.,44.9));
#4656=CARTESIAN_POINT('',(72.2655438254437,117.,43.7787481977775));
#4657=CARTESIAN_POINT('Origin',(72.3102329489349,117.,43.801173233822));
#4658=CARTESIAN_POINT('',(72.2697881083554,125.,43.8305707655296));
#4659=CARTESIAN_POINT('Origin',(72.3102329489349,125.,43.801173233822));
#4660=CARTESIAN_POINT('',(72.2697881083554,117.,43.8305707655296));
#4661=CARTESIAN_POINT('Origin',(72.5169277043937,117.,44.170583038058));
#4662=CARTESIAN_POINT('',(72.5169277043937,125.,44.170583038058));
#4663=CARTESIAN_POINT('',(72.5169277043937,125.,44.170583038058));
#4664=CARTESIAN_POINT('',(72.5169277043937,117.,44.170583038058));
#4665=CARTESIAN_POINT('Origin',(72.4360380232348,117.,44.2293781014732));
#4666=CARTESIAN_POINT('',(72.4669202787789,125.,44.3244900686094));
#4667=CARTESIAN_POINT('Origin',(72.4360380232348,125.,44.2293781014732));
#4668=CARTESIAN_POINT('',(72.4669202787789,117.,44.3244900686094));
#4669=CARTESIAN_POINT('Origin',(72.0671259462103,117.,44.454300765572));
#4670=CARTESIAN_POINT('',(72.0671259462103,125.,44.454300765572));
#4671=CARTESIAN_POINT('',(72.0671259462103,125.,44.454300765572));
#4672=CARTESIAN_POINT('',(72.0671259462103,117.,44.454300765572));
#4673=CARTESIAN_POINT('Origin',(72.0825670739823,117.,44.5018567491401));
#4674=CARTESIAN_POINT('',(72.0332317081452,125.,44.4937313766736));
#4675=CARTESIAN_POINT('Origin',(72.0825670739823,125.,44.5018567491401));
#4676=CARTESIAN_POINT('',(72.0332317081452,117.,44.4937313766736));
#4677=CARTESIAN_POINT('Origin',(74.5,117.,44.9));
#4678=CARTESIAN_POINT('',(72.028420032952,125.,44.5241110982126));
#4679=CARTESIAN_POINT('Origin',(74.5,125.,44.9));
#4680=CARTESIAN_POINT('',(72.028420032952,117.,44.5241110982126));
#4681=CARTESIAN_POINT('Origin',(72.077851632293,117.,44.5316288762482));
#4682=CARTESIAN_POINT('',(72.0484706399997,125.,44.5720857334156));
#4683=CARTESIAN_POINT('Origin',(72.077851632293,125.,44.5316288762482));
#4684=CARTESIAN_POINT('',(72.0484706399997,117.,44.5720857334156));
#4685=CARTESIAN_POINT('Origin',(72.3885839337538,117.,44.8190862856652));
#4686=CARTESIAN_POINT('',(72.3885839337538,125.,44.8190862856652));
#4687=CARTESIAN_POINT('',(72.3885839337538,125.,44.8190862856652));
#4688=CARTESIAN_POINT('',(72.3885839337538,117.,44.8190862856652));
#4689=CARTESIAN_POINT('Origin',(72.3298219491673,117.,44.9));
#4690=CARTESIAN_POINT('',(72.3885839337538,125.,44.9809137143348));
#4691=CARTESIAN_POINT('Origin',(72.3298219491673,125.,44.9));
#4692=CARTESIAN_POINT('',(72.3885839337538,117.,44.9809137143348));
#4693=CARTESIAN_POINT('Origin',(72.0484706399997,117.,45.2279142665845));
#4694=CARTESIAN_POINT('',(72.0484706399997,125.,45.2279142665845));
#4695=CARTESIAN_POINT('',(72.0484706399997,125.,45.2279142665845));
#4696=CARTESIAN_POINT('',(72.0484706399997,117.,45.2279142665845));
#4697=CARTESIAN_POINT('Origin',(72.077851632293,117.,45.2683711237518));
#4698=CARTESIAN_POINT('',(72.028420032952,125.,45.2758889017875));
#4699=CARTESIAN_POINT('Origin',(72.077851632293,125.,45.2683711237518));
#4700=CARTESIAN_POINT('',(72.028420032952,117.,45.2758889017875));
#4701=CARTESIAN_POINT('Origin',(74.5,117.,44.9));
#4702=CARTESIAN_POINT('',(72.0332317081452,125.,45.3062686233264));
#4703=CARTESIAN_POINT('Origin',(74.5,125.,44.9));
#4704=CARTESIAN_POINT('',(72.0332317081452,117.,45.3062686233264));
#4705=CARTESIAN_POINT('Origin',(72.0825670739823,117.,45.29814325086));
#4706=CARTESIAN_POINT('',(72.0671259462103,125.,45.345699234428));
#4707=CARTESIAN_POINT('Origin',(72.0825670739823,125.,45.29814325086));
#4708=CARTESIAN_POINT('',(72.0671259462103,117.,45.345699234428));
#4709=CARTESIAN_POINT('Origin',(72.4669202787789,117.,45.4755099313907));
#4710=CARTESIAN_POINT('',(72.4669202787789,125.,45.4755099313907));
#4711=CARTESIAN_POINT('',(72.4669202787789,125.,45.4755099313907));
#4712=CARTESIAN_POINT('',(72.4669202787789,117.,45.4755099313907));
#4713=CARTESIAN_POINT('Origin',(72.4360380232348,117.,45.5706218985268));
#4714=CARTESIAN_POINT('',(72.5169277043938,125.,45.6294169619421));
#4715=CARTESIAN_POINT('Origin',(72.4360380232348,125.,45.5706218985268));
#4716=CARTESIAN_POINT('',(72.5169277043938,117.,45.6294169619421));
#4717=CARTESIAN_POINT('Origin',(72.2697881083554,117.,45.9694292344705));
#4718=CARTESIAN_POINT('',(72.2697881083554,125.,45.9694292344705));
#4719=CARTESIAN_POINT('',(72.2697881083554,125.,45.9694292344705));
#4720=CARTESIAN_POINT('',(72.2697881083554,117.,45.9694292344705));
#4721=CARTESIAN_POINT('Origin',(72.3102329489348,117.,45.9988267661781));
#4722=CARTESIAN_POINT('',(72.2655438254438,125.,46.0212518022226));
#4723=CARTESIAN_POINT('Origin',(72.3102329489348,125.,45.9988267661781));
#4724=CARTESIAN_POINT('',(72.2655438254438,117.,46.0212518022226));
#4725=CARTESIAN_POINT('Origin',(74.5,117.,44.9));
#4726=CARTESIAN_POINT('',(72.2795078507304,125.,46.0486577449493));
#4727=CARTESIAN_POINT('Origin',(74.5,125.,44.9));
#4728=CARTESIAN_POINT('',(72.2795078507304,117.,46.0486577449493));
#4729=CARTESIAN_POINT('Origin',(72.3239176937158,117.,46.0256845900503));
#4730=CARTESIAN_POINT('',(72.323927915636,125.,46.0756845890054));
#4731=CARTESIAN_POINT('Origin',(72.3239176937158,125.,46.0256845900503));
#4732=CARTESIAN_POINT('',(72.323927915636,117.,46.0756845890054));
#4733=CARTESIAN_POINT('Origin',(72.7442686322163,117.,46.0755986552181));
#4734=CARTESIAN_POINT('',(72.7442686322163,125.,46.0755986552181));
#4735=CARTESIAN_POINT('',(72.7442686322163,125.,46.0755986552181));
#4736=CARTESIAN_POINT('',(72.7442686322163,117.,46.0755986552181));
#4737=CARTESIAN_POINT('Origin',(72.7442890760568,117.,46.1755986531283));
#4738=CARTESIAN_POINT('',(72.8393884082047,125.,46.2065197951677));
#4739=CARTESIAN_POINT('Origin',(72.7442890760568,125.,46.1755986531283));
#4740=CARTESIAN_POINT('',(72.8393884082047,117.,46.2065197951677));
#4741=CARTESIAN_POINT('Origin',(72.7094142554653,117.,46.606261017735));
#4742=CARTESIAN_POINT('',(72.7094142554653,125.,46.606261017735));
#4743=CARTESIAN_POINT('',(72.7094142554653,125.,46.606261017735));
#4744=CARTESIAN_POINT('',(72.7094142554653,117.,46.606261017735));
#4745=CARTESIAN_POINT('Origin',(72.7569639215392,117.,46.6217215887547));
#4746=CARTESIAN_POINT('',(72.7213917566726,125.,46.6568587640354));
#4747=CARTESIAN_POINT('Origin',(72.7569639215392,125.,46.6217215887547));
#4748=CARTESIAN_POINT('',(72.7213917566726,117.,46.6568587640354));
#4749=CARTESIAN_POINT('Origin',(74.5,117.,44.9));
#4750=CARTESIAN_POINT('',(72.7431412359646,125.,46.6786082433274));
#4751=CARTESIAN_POINT('Origin',(74.5,125.,44.9));
#4752=CARTESIAN_POINT('',(72.7431412359646,117.,46.6786082433274));
#4753=CARTESIAN_POINT('Origin',(72.7782784112453,117.,46.6430360784608));
#4754=CARTESIAN_POINT('',(72.793738982265,125.,46.6905857445348));
#4755=CARTESIAN_POINT('Origin',(72.7782784112453,125.,46.6430360784608));
#4756=CARTESIAN_POINT('',(72.793738982265,117.,46.6905857445348));
#4757=CARTESIAN_POINT('Origin',(73.1934802048323,117.,46.5606115917953));
#4758=CARTESIAN_POINT('',(73.1934802048323,125.,46.5606115917953));
#4759=CARTESIAN_POINT('',(73.1934802048323,125.,46.5606115917953));
#4760=CARTESIAN_POINT('',(73.1934802048323,117.,46.5606115917953));
#4761=CARTESIAN_POINT('Origin',(73.2244013468717,117.,46.6557109239432));
#4762=CARTESIAN_POINT('',(73.324401344782,125.,46.6557313677836));
#4763=CARTESIAN_POINT('Origin',(73.2244013468717,125.,46.6557109239432));
#4764=CARTESIAN_POINT('',(73.324401344782,117.,46.6557313677836));
#4765=CARTESIAN_POINT('Origin',(73.3243154109946,117.,47.076072084364));
#4766=CARTESIAN_POINT('',(73.3243154109946,125.,47.076072084364));
#4767=CARTESIAN_POINT('',(73.3243154109946,125.,47.076072084364));
#4768=CARTESIAN_POINT('',(73.3243154109946,117.,47.076072084364));
#4769=CARTESIAN_POINT('Origin',(73.3743154099496,117.,47.0760823062843));
#4770=CARTESIAN_POINT('',(73.3513422550507,125.,47.1204921492696));
#4771=CARTESIAN_POINT('Origin',(73.3743154099496,125.,47.0760823062843));
#4772=CARTESIAN_POINT('',(73.3513422550507,117.,47.1204921492696));
#4773=CARTESIAN_POINT('Origin',(74.5,117.,44.9));
#4774=CARTESIAN_POINT('',(73.3787481977774,125.,47.1344561745563));
#4775=CARTESIAN_POINT('Origin',(74.5,125.,44.9));
#4776=CARTESIAN_POINT('',(73.3787481977774,117.,47.1344561745563));
#4777=CARTESIAN_POINT('Origin',(73.4011732338219,117.,47.0897670510651));
#4778=CARTESIAN_POINT('',(73.4305707655295,125.,47.1302118916446));
#4779=CARTESIAN_POINT('Origin',(73.4011732338219,125.,47.0897670510651));
#4780=CARTESIAN_POINT('',(73.4305707655295,117.,47.1302118916446));
#4781=CARTESIAN_POINT('Origin',(73.7705830380579,117.,46.8830722956063));
#4782=CARTESIAN_POINT('',(73.7705830380579,125.,46.8830722956063));
#4783=CARTESIAN_POINT('',(73.7705830380579,125.,46.8830722956063));
#4784=CARTESIAN_POINT('',(73.7705830380579,117.,46.8830722956063));
#4785=CARTESIAN_POINT('Origin',(73.8293781014732,117.,46.9639619767652));
#4786=CARTESIAN_POINT('',(73.9244900686094,125.,46.9330797212211));
#4787=CARTESIAN_POINT('Origin',(73.8293781014732,125.,46.9639619767652));
#4788=CARTESIAN_POINT('',(73.9244900686094,117.,46.9330797212211));
#4789=CARTESIAN_POINT('Origin',(74.054300765572,117.,47.3328740537897));
#4790=CARTESIAN_POINT('',(74.054300765572,125.,47.3328740537897));
#4791=CARTESIAN_POINT('',(74.054300765572,125.,47.3328740537897));
#4792=CARTESIAN_POINT('',(74.054300765572,117.,47.3328740537897));
#4793=CARTESIAN_POINT('Origin',(74.1018567491401,117.,47.3174329260177));
#4794=CARTESIAN_POINT('',(74.0937313766736,125.,47.3667682918548));
#4795=CARTESIAN_POINT('Origin',(74.1018567491401,125.,47.3174329260177));
#4796=CARTESIAN_POINT('',(74.0937313766736,117.,47.3667682918548));
#4797=CARTESIAN_POINT('Origin',(74.5,117.,44.9));
#4798=CARTESIAN_POINT('',(74.1241110982125,125.,47.371579967048));
#4799=CARTESIAN_POINT('Origin',(74.5,125.,44.9));
#4800=CARTESIAN_POINT('',(74.1241110982125,117.,47.371579967048));
#4801=CARTESIAN_POINT('Origin',(74.1316288762482,117.,47.322148367707));
#4802=CARTESIAN_POINT('',(74.1720857334156,125.,47.3515293600003));
#4803=CARTESIAN_POINT('Origin',(74.1316288762482,125.,47.322148367707));
#4804=CARTESIAN_POINT('',(74.1720857334156,117.,47.3515293600003));
#4805=CARTESIAN_POINT('Origin',(74.4190862856652,117.,47.0114160662462));
#4806=CARTESIAN_POINT('',(74.4190862856652,125.,47.0114160662462));
#4807=CARTESIAN_POINT('',(74.4190862856652,125.,47.0114160662462));
#4808=CARTESIAN_POINT('',(74.4190862856652,117.,47.0114160662462));
#4809=CARTESIAN_POINT('Origin',(74.5,117.,47.0701780508327));
#4810=CARTESIAN_POINT('',(74.5809137143348,125.,47.0114160662462));
#4811=CARTESIAN_POINT('Origin',(74.5,125.,47.0701780508327));
#4812=CARTESIAN_POINT('',(74.5809137143348,117.,47.0114160662462));
#4813=CARTESIAN_POINT('Origin',(74.8279142665844,117.,47.3515293600003));
#4814=CARTESIAN_POINT('',(74.8279142665844,125.,47.3515293600003));
#4815=CARTESIAN_POINT('',(74.8279142665844,125.,47.3515293600003));
#4816=CARTESIAN_POINT('',(74.8279142665844,117.,47.3515293600003));
#4817=CARTESIAN_POINT('Origin',(74.8683711237518,117.,47.322148367707));
#4818=CARTESIAN_POINT('',(74.8758889017875,125.,47.371579967048));
#4819=CARTESIAN_POINT('Origin',(74.8683711237518,125.,47.322148367707));
#4820=CARTESIAN_POINT('',(74.8758889017875,117.,47.371579967048));
#4821=CARTESIAN_POINT('Origin',(74.5,117.,44.9));
#4822=CARTESIAN_POINT('',(73.75,125.,44.9));
#4823=CARTESIAN_POINT('Origin',(74.5,125.,44.9));
#4824=CARTESIAN_POINT('',(73.75,127.,44.9));
#4825=CARTESIAN_POINT('',(73.75,117.,44.9));
#4826=CARTESIAN_POINT('Origin',(74.5,127.,44.9));
#4827=CARTESIAN_POINT('Origin',(74.5,117.,44.9));
#4828=CARTESIAN_POINT('',(74.9062686233265,125.,47.3667682918549));
#4829=CARTESIAN_POINT('Origin',(74.5,125.,44.9));
#4830=CARTESIAN_POINT('',(74.9062686233265,117.,47.3667682918549));
#4831=CARTESIAN_POINT('Origin',(74.8981432508599,117.,47.3174329260177));
#4832=CARTESIAN_POINT('',(74.945699234428,125.,47.3328740537897));
#4833=CARTESIAN_POINT('Origin',(74.8981432508599,125.,47.3174329260177));
#4834=CARTESIAN_POINT('',(74.945699234428,117.,47.3328740537897));
#4835=CARTESIAN_POINT('Origin',(75.0755099313906,117.,46.9330797212211));
#4836=CARTESIAN_POINT('',(75.0755099313906,125.,46.9330797212211));
#4837=CARTESIAN_POINT('',(75.0755099313906,125.,46.9330797212211));
#4838=CARTESIAN_POINT('',(75.0755099313906,117.,46.9330797212211));
#4839=CARTESIAN_POINT('Origin',(75.1706218985268,117.,46.9639619767652));
#4840=CARTESIAN_POINT('',(75.2294169619421,125.,46.8830722956062));
#4841=CARTESIAN_POINT('Origin',(75.1706218985268,125.,46.9639619767652));
#4842=CARTESIAN_POINT('',(75.2294169619421,117.,46.8830722956062));
#4843=CARTESIAN_POINT('Origin',(75.5694292344705,117.,47.1302118916446));
#4844=CARTESIAN_POINT('',(75.5694292344705,125.,47.1302118916446));
#4845=CARTESIAN_POINT('',(75.5694292344705,125.,47.1302118916446));
#4846=CARTESIAN_POINT('',(75.5694292344705,117.,47.1302118916446));
#4847=CARTESIAN_POINT('Origin',(75.5988267661781,117.,47.0897670510652));
#4848=CARTESIAN_POINT('',(75.6212518022225,125.,47.1344561745563));
#4849=CARTESIAN_POINT('Origin',(75.5988267661781,125.,47.0897670510652));
#4850=CARTESIAN_POINT('',(75.6212518022225,117.,47.1344561745563));
#4851=CARTESIAN_POINT('Origin',(74.5,117.,44.9));
#4852=CARTESIAN_POINT('',(75.6486577449493,125.,47.1204921492697));
#4853=CARTESIAN_POINT('Origin',(74.5,125.,44.9));
#4854=CARTESIAN_POINT('',(75.6486577449493,117.,47.1204921492697));
#4855=CARTESIAN_POINT('Origin',(75.6256845900503,117.,47.0760823062842));
#4856=CARTESIAN_POINT('',(75.6756845890054,125.,47.076072084364));
#4857=CARTESIAN_POINT('Origin',(75.6256845900503,125.,47.0760823062842));
#4858=CARTESIAN_POINT('',(75.6756845890054,117.,47.076072084364));
#4859=CARTESIAN_POINT('Origin',(75.675598655218,117.,46.6557313677836));
#4860=CARTESIAN_POINT('',(75.675598655218,125.,46.6557313677836));
#4861=CARTESIAN_POINT('',(75.675598655218,125.,46.6557313677836));
#4862=CARTESIAN_POINT('',(75.675598655218,117.,46.6557313677836));
#4863=CARTESIAN_POINT('Origin',(75.7755986531283,117.,46.6557109239432));
#4864=CARTESIAN_POINT('',(75.8065197951677,125.,46.5606115917953));
#4865=CARTESIAN_POINT('Origin',(75.7755986531283,125.,46.6557109239432));
#4866=CARTESIAN_POINT('',(75.8065197951677,117.,46.5606115917953));
#4867=CARTESIAN_POINT('Origin',(76.206261017735,117.,46.6905857445348));
#4868=CARTESIAN_POINT('',(76.206261017735,125.,46.6905857445348));
#4869=CARTESIAN_POINT('',(76.206261017735,125.,46.6905857445348));
#4870=CARTESIAN_POINT('',(76.206261017735,117.,46.6905857445348));
#4871=CARTESIAN_POINT('Origin',(76.2217215887547,117.,46.6430360784608));
#4872=CARTESIAN_POINT('',(76.2568587640354,125.,46.6786082433274));
#4873=CARTESIAN_POINT('Origin',(76.2217215887547,125.,46.6430360784608));
#4874=CARTESIAN_POINT('',(76.2568587640354,117.,46.6786082433274));
#4875=CARTESIAN_POINT('Origin',(74.5,117.,44.9));
#4876=CARTESIAN_POINT('',(76.2786082433274,125.,46.6568587640354));
#4877=CARTESIAN_POINT('Origin',(74.5,125.,44.9));
#4878=CARTESIAN_POINT('',(76.2786082433274,117.,46.6568587640354));
#4879=CARTESIAN_POINT('Origin',(76.2430360784608,117.,46.6217215887547));
#4880=CARTESIAN_POINT('',(76.2905857445347,125.,46.6062610177351));
#4881=CARTESIAN_POINT('Origin',(76.2430360784608,125.,46.6217215887547));
#4882=CARTESIAN_POINT('',(76.2905857445347,117.,46.6062610177351));
#4883=CARTESIAN_POINT('Origin',(76.1606115917953,117.,46.2065197951677));
#4884=CARTESIAN_POINT('',(76.1606115917953,125.,46.2065197951677));
#4885=CARTESIAN_POINT('',(76.1606115917953,125.,46.2065197951677));
#4886=CARTESIAN_POINT('',(76.1606115917953,117.,46.2065197951677));
#4887=CARTESIAN_POINT('Origin',(76.2557109239432,117.,46.1755986531283));
#4888=CARTESIAN_POINT('',(76.2557313677837,125.,46.075598655218));
#4889=CARTESIAN_POINT('Origin',(76.2557109239432,125.,46.1755986531283));
#4890=CARTESIAN_POINT('',(76.2557313677837,117.,46.075598655218));
#4891=CARTESIAN_POINT('Origin',(76.676072084364,117.,46.0756845890055));
#4892=CARTESIAN_POINT('',(76.676072084364,125.,46.0756845890055));
#4893=CARTESIAN_POINT('',(76.676072084364,125.,46.0756845890055));
#4894=CARTESIAN_POINT('',(76.676072084364,117.,46.0756845890055));
#4895=CARTESIAN_POINT('Origin',(76.6760823062842,117.,46.0256845900503));
#4896=CARTESIAN_POINT('',(76.7204921492696,125.,46.0486577449493));
#4897=CARTESIAN_POINT('Origin',(76.6760823062842,125.,46.0256845900503));
#4898=CARTESIAN_POINT('',(76.7204921492696,117.,46.0486577449493));
#4899=CARTESIAN_POINT('Origin',(74.5,117.,44.9));
#4900=CARTESIAN_POINT('',(76.7344561745563,125.,46.0212518022226));
#4901=CARTESIAN_POINT('Origin',(74.5,125.,44.9));
#4902=CARTESIAN_POINT('',(76.7344561745563,117.,46.0212518022226));
#4903=CARTESIAN_POINT('Origin',(76.6897670510651,117.,45.9988267661781));
#4904=CARTESIAN_POINT('',(76.7302118916446,125.,45.9694292344705));
#4905=CARTESIAN_POINT('Origin',(76.6897670510651,125.,45.9988267661781));
#4906=CARTESIAN_POINT('',(76.7302118916446,117.,45.9694292344705));
#4907=CARTESIAN_POINT('Origin',(76.4830722956063,117.,45.6294169619421));
#4908=CARTESIAN_POINT('',(76.4830722956063,125.,45.6294169619421));
#4909=CARTESIAN_POINT('',(76.4830722956063,125.,45.6294169619421));
#4910=CARTESIAN_POINT('',(76.4830722956063,117.,45.6294169619421));
#4911=CARTESIAN_POINT('Origin',(76.5639619767652,117.,45.5706218985268));
#4912=CARTESIAN_POINT('',(76.5330797212212,125.,45.4755099313906));
#4913=CARTESIAN_POINT('Origin',(76.5639619767652,125.,45.5706218985268));
#4914=CARTESIAN_POINT('',(76.5330797212212,117.,45.4755099313906));
#4915=CARTESIAN_POINT('Origin',(76.9328740537897,117.,45.3456992344281));
#4916=CARTESIAN_POINT('',(76.9328740537897,125.,45.3456992344281));
#4917=CARTESIAN_POINT('',(76.9328740537897,125.,45.3456992344281));
#4918=CARTESIAN_POINT('',(76.9328740537897,117.,45.3456992344281));
#4919=CARTESIAN_POINT('Origin',(76.9174329260178,117.,45.2981432508599));
#4920=CARTESIAN_POINT('',(76.9667682918549,125.,45.3062686233265));
#4921=CARTESIAN_POINT('Origin',(76.9174329260178,125.,45.2981432508599));
#4922=CARTESIAN_POINT('',(76.9667682918549,117.,45.3062686233265));
#4923=CARTESIAN_POINT('Origin',(74.5,117.,44.9));
#4924=CARTESIAN_POINT('',(76.971579967048,125.,45.2758889017875));
#4925=CARTESIAN_POINT('Origin',(74.5,125.,44.9));
#4926=CARTESIAN_POINT('',(76.971579967048,117.,45.2758889017875));
#4927=CARTESIAN_POINT('Origin',(76.922148367707,117.,45.2683711237518));
#4928=CARTESIAN_POINT('',(76.9515293600003,125.,45.2279142665844));
#4929=CARTESIAN_POINT('Origin',(76.922148367707,125.,45.2683711237518));
#4930=CARTESIAN_POINT('',(76.9515293600003,117.,45.2279142665844));
#4931=CARTESIAN_POINT('Origin',(76.6114160662462,117.,44.9809137143349));
#4932=CARTESIAN_POINT('',(76.6114160662462,125.,44.9809137143349));
#4933=CARTESIAN_POINT('',(76.6114160662462,125.,44.9809137143349));
#4934=CARTESIAN_POINT('',(76.6114160662462,117.,44.9809137143349));
#4935=CARTESIAN_POINT('Origin',(76.6701780508327,117.,44.9));
#4936=CARTESIAN_POINT('',(76.6114160662462,125.,44.8190862856652));
#4937=CARTESIAN_POINT('Origin',(76.6701780508327,125.,44.9));
#4938=CARTESIAN_POINT('',(76.6114160662462,117.,44.8190862856652));
#4939=CARTESIAN_POINT('Origin',(76.9515293600003,117.,44.5720857334156));
#4940=CARTESIAN_POINT('',(76.9515293600003,125.,44.5720857334156));
#4941=CARTESIAN_POINT('',(76.9515293600003,125.,44.5720857334156));
#4942=CARTESIAN_POINT('',(76.9515293600003,117.,44.5720857334156));
#4943=CARTESIAN_POINT('Origin',(76.922148367707,117.,44.5316288762482));
#4944=CARTESIAN_POINT('',(76.971579967048,125.,44.5241110982125));
#4945=CARTESIAN_POINT('Origin',(76.922148367707,125.,44.5316288762482));
#4946=CARTESIAN_POINT('',(76.971579967048,117.,44.5241110982125));
#4947=CARTESIAN_POINT('Origin',(74.5,117.,44.9));
#4948=CARTESIAN_POINT('',(76.9667682918548,125.,44.4937313766735));
#4949=CARTESIAN_POINT('Origin',(74.5,125.,44.9));
#4950=CARTESIAN_POINT('',(76.9667682918548,117.,44.4937313766735));
#4951=CARTESIAN_POINT('Origin',(76.9174329260178,117.,44.5018567491401));
#4952=CARTESIAN_POINT('',(76.9328740537897,125.,44.454300765572));
#4953=CARTESIAN_POINT('Origin',(76.9174329260178,125.,44.5018567491401));
#4954=CARTESIAN_POINT('',(76.9328740537897,117.,44.454300765572));
#4955=CARTESIAN_POINT('Origin',(76.5330797212212,117.,44.3244900686094));
#4956=CARTESIAN_POINT('',(76.5330797212212,125.,44.3244900686094));
#4957=CARTESIAN_POINT('',(76.5330797212212,125.,44.3244900686094));
#4958=CARTESIAN_POINT('',(76.5330797212212,117.,44.3244900686094));
#4959=CARTESIAN_POINT('Origin',(76.5639619767652,117.,44.2293781014732));
#4960=CARTESIAN_POINT('',(76.4830722956063,125.,44.1705830380579));
#4961=CARTESIAN_POINT('Origin',(76.5639619767652,125.,44.2293781014732));
#4962=CARTESIAN_POINT('',(76.4830722956063,117.,44.1705830380579));
#4963=CARTESIAN_POINT('Origin',(76.7302118916446,117.,43.8305707655295));
#4964=CARTESIAN_POINT('',(76.7302118916446,125.,43.8305707655295));
#4965=CARTESIAN_POINT('',(76.7302118916446,125.,43.8305707655295));
#4966=CARTESIAN_POINT('',(76.7302118916446,117.,43.8305707655295));
#4967=CARTESIAN_POINT('Origin',(76.6897670510651,117.,43.8011732338219));
#4968=CARTESIAN_POINT('',(76.7344561745562,125.,43.7787481977775));
#4969=CARTESIAN_POINT('Origin',(76.6897670510651,125.,43.8011732338219));
#4970=CARTESIAN_POINT('',(76.7344561745562,117.,43.7787481977775));
#4971=CARTESIAN_POINT('Origin',(74.5,117.,44.9));
#4972=CARTESIAN_POINT('',(76.7204921492696,125.,43.7513422550507));
#4973=CARTESIAN_POINT('Origin',(74.5,125.,44.9));
#4974=CARTESIAN_POINT('',(76.7204921492696,117.,43.7513422550507));
#4975=CARTESIAN_POINT('Origin',(76.6760823062842,117.,43.7743154099497));
#4976=CARTESIAN_POINT('',(76.676072084364,125.,43.7243154109946));
#4977=CARTESIAN_POINT('Origin',(76.6760823062842,125.,43.7743154099497));
#4978=CARTESIAN_POINT('',(76.676072084364,117.,43.7243154109946));
#4979=CARTESIAN_POINT('Origin',(76.2557313677837,117.,43.724401344782));
#4980=CARTESIAN_POINT('',(76.2557313677837,125.,43.724401344782));
#4981=CARTESIAN_POINT('',(76.2557313677837,125.,43.724401344782));
#4982=CARTESIAN_POINT('',(76.2557313677837,117.,43.724401344782));
#4983=CARTESIAN_POINT('Origin',(76.2557109239432,117.,43.6244013468717));
#4984=CARTESIAN_POINT('',(76.1606115917953,125.,43.5934802048323));
#4985=CARTESIAN_POINT('Origin',(76.2557109239432,125.,43.6244013468717));
#4986=CARTESIAN_POINT('',(76.1606115917953,117.,43.5934802048323));
#4987=CARTESIAN_POINT('Origin',(76.2905857445348,117.,43.193738982265));
#4988=CARTESIAN_POINT('',(76.2905857445348,125.,43.193738982265));
#4989=CARTESIAN_POINT('',(76.2905857445348,125.,43.193738982265));
#4990=CARTESIAN_POINT('',(76.2905857445348,117.,43.193738982265));
#4991=CARTESIAN_POINT('Origin',(76.2430360784608,117.,43.1782784112453));
#4992=CARTESIAN_POINT('',(76.2786082433274,125.,43.1431412359647));
#4993=CARTESIAN_POINT('Origin',(76.2430360784608,125.,43.1782784112453));
#4994=CARTESIAN_POINT('',(76.2786082433274,117.,43.1431412359647));
#4995=CARTESIAN_POINT('Origin',(74.5,117.,44.9));
#4996=CARTESIAN_POINT('',(76.2568587640354,125.,43.1213917566727));
#4997=CARTESIAN_POINT('Origin',(74.5,125.,44.9));
#4998=CARTESIAN_POINT('',(76.2568587640354,117.,43.1213917566727));
#4999=CARTESIAN_POINT('Origin',(76.2217215887547,117.,43.1569639215392));
#5000=CARTESIAN_POINT('',(76.206261017735,125.,43.1094142554653));
#5001=CARTESIAN_POINT('Origin',(76.2217215887547,125.,43.1569639215392));
#5002=CARTESIAN_POINT('',(76.206261017735,117.,43.1094142554653));
#5003=CARTESIAN_POINT('Origin',(75.8065197951677,117.,43.2393884082048));
#5004=CARTESIAN_POINT('',(75.8065197951677,125.,43.2393884082048));
#5005=CARTESIAN_POINT('',(75.8065197951677,125.,43.2393884082048));
#5006=CARTESIAN_POINT('',(75.8065197951677,117.,43.2393884082048));
#5007=CARTESIAN_POINT('Origin',(75.7755986531283,117.,43.1442890760569));
#5008=CARTESIAN_POINT('',(75.6755986552181,125.,43.1442686322164));
#5009=CARTESIAN_POINT('Origin',(75.7755986531283,125.,43.1442890760569));
#5010=CARTESIAN_POINT('',(75.6755986552181,117.,43.1442686322164));
#5011=CARTESIAN_POINT('Origin',(75.6756845890054,117.,42.7239279156361));
#5012=CARTESIAN_POINT('',(75.6756845890054,125.,42.7239279156361));
#5013=CARTESIAN_POINT('',(75.6756845890054,125.,42.7239279156361));
#5014=CARTESIAN_POINT('',(75.6756845890054,117.,42.7239279156361));
#5015=CARTESIAN_POINT('Origin',(75.6256845900503,117.,42.7239176937159));
#5016=CARTESIAN_POINT('',(75.6486577449493,125.,42.6795078507305));
#5017=CARTESIAN_POINT('Origin',(75.6256845900503,125.,42.7239176937159));
#5018=CARTESIAN_POINT('',(75.6486577449493,117.,42.6795078507305));
#5019=CARTESIAN_POINT('Origin',(74.5,117.,44.9));
#5020=CARTESIAN_POINT('',(75.6212518022226,125.,42.6655438254438));
#5021=CARTESIAN_POINT('Origin',(74.5,125.,44.9));
#5022=CARTESIAN_POINT('',(75.6212518022226,117.,42.6655438254438));
#5023=CARTESIAN_POINT('Origin',(75.5988267661781,117.,42.7102329489349));
#5024=CARTESIAN_POINT('',(75.5694292344704,125.,42.6697881083554));
#5025=CARTESIAN_POINT('Origin',(75.5988267661781,125.,42.7102329489349));
#5026=CARTESIAN_POINT('',(75.5694292344704,117.,42.6697881083554));
#5027=CARTESIAN_POINT('Origin',(75.2294169619421,117.,42.9169277043938));
#5028=CARTESIAN_POINT('',(75.2294169619421,125.,42.9169277043938));
#5029=CARTESIAN_POINT('',(75.2294169619421,125.,42.9169277043938));
#5030=CARTESIAN_POINT('',(75.2294169619421,117.,42.9169277043938));
#5031=CARTESIAN_POINT('Origin',(75.1706218985268,117.,42.8360380232348));
#5032=CARTESIAN_POINT('',(75.0755099313906,125.,42.8669202787788));
#5033=CARTESIAN_POINT('Origin',(75.1706218985268,125.,42.8360380232348));
#5034=CARTESIAN_POINT('',(75.0755099313906,117.,42.8669202787788));
#5035=CARTESIAN_POINT('Origin',(74.9456992344279,117.,42.4671259462103));
#5036=CARTESIAN_POINT('',(74.9456992344279,125.,42.4671259462103));
#5037=CARTESIAN_POINT('',(74.9456992344279,125.,42.4671259462103));
#5038=CARTESIAN_POINT('',(74.9456992344279,117.,42.4671259462103));
#5039=CARTESIAN_POINT('Origin',(74.8981432508599,117.,42.4825670739823));
#5040=CARTESIAN_POINT('',(74.9062686233265,125.,42.4332317081453));
#5041=CARTESIAN_POINT('Origin',(74.8981432508599,125.,42.4825670739823));
#5042=CARTESIAN_POINT('',(74.9062686233265,117.,42.4332317081453));
#5043=CARTESIAN_POINT('Origin',(74.5,117.,44.9));
#5044=CARTESIAN_POINT('',(74.8758889017875,125.,42.428420032952));
#5045=CARTESIAN_POINT('Origin',(74.5,125.,44.9));
#5046=CARTESIAN_POINT('',(74.8758889017875,117.,42.428420032952));
#5047=CARTESIAN_POINT('Origin',(74.8683711237518,117.,42.4778516322931));
#5048=CARTESIAN_POINT('',(74.8279142665844,125.,42.4484706399998));
#5049=CARTESIAN_POINT('Origin',(74.8683711237518,125.,42.4778516322931));
#5050=CARTESIAN_POINT('',(74.8279142665844,117.,42.4484706399998));
#5051=CARTESIAN_POINT('Origin',(74.5809137143348,117.,42.7885839337538));
#5052=CARTESIAN_POINT('',(74.5809137143348,125.,42.7885839337538));
#5053=CARTESIAN_POINT('',(74.5809137143348,125.,42.7885839337538));
#5054=CARTESIAN_POINT('',(74.5809137143348,117.,42.7885839337538));
#5055=CARTESIAN_POINT('Origin',(74.5,117.,42.7298219491673));
#5056=CARTESIAN_POINT('',(74.4190862856652,125.,42.7885839337539));
#5057=CARTESIAN_POINT('Origin',(74.5,125.,42.7298219491673));
#5058=CARTESIAN_POINT('',(74.4190862856652,117.,42.7885839337539));
#5059=CARTESIAN_POINT('Origin',(74.1720857334156,117.,42.4484706399998));
#5060=CARTESIAN_POINT('',(74.1720857334156,125.,42.4484706399998));
#5061=CARTESIAN_POINT('',(74.1720857334156,125.,42.4484706399998));
#5062=CARTESIAN_POINT('',(74.1720857334156,117.,42.4484706399998));
#5063=CARTESIAN_POINT('Origin',(74.1316288762482,117.,42.4778516322931));
#5064=CARTESIAN_POINT('Origin',(74.1316288762482,125.,42.4778516322931));
#5065=CARTESIAN_POINT('Origin',(74.5,125.,44.9));
#5066=CARTESIAN_POINT('Origin',(80.0000012069941,127.,44.5000006332993));
#5067=UNCERTAINTY_MEASURE_WITH_UNIT(LENGTH_MEASURE(0.01),#5071,
'DISTANCE_ACCURACY_VALUE',
'Maximum model space distance between geometric entities at asserted c
onnectivities');
#5068=UNCERTAINTY_MEASURE_WITH_UNIT(LENGTH_MEASURE(0.01),#5071,
'DISTANCE_ACCURACY_VALUE',
'Maximum model space distance between geometric entities at asserted c
onnectivities');
#5069=(
GEOMETRIC_REPRESENTATION_CONTEXT(3)
GLOBAL_UNCERTAINTY_ASSIGNED_CONTEXT((#5067))
GLOBAL_UNIT_ASSIGNED_CONTEXT((#5071,#5073,#5074))
REPRESENTATION_CONTEXT('','3D')
);
#5070=(
GEOMETRIC_REPRESENTATION_CONTEXT(3)
GLOBAL_UNCERTAINTY_ASSIGNED_CONTEXT((#5068))
GLOBAL_UNIT_ASSIGNED_CONTEXT((#5071,#5073,#5074))
REPRESENTATION_CONTEXT('','3D')
);
#5071=(
LENGTH_UNIT()
NAMED_UNIT(*)
SI_UNIT(.MILLI.,.METRE.)
);
#5072=(
LENGTH_UNIT()
NAMED_UNIT(*)
SI_UNIT($,.METRE.)
);
#5073=(
NAMED_UNIT(*)
PLANE_ANGLE_UNIT()
SI_UNIT($,.RADIAN.)
);
#5074=(
NAMED_UNIT(*)
SI_UNIT($,.STERADIAN.)
SOLID_ANGLE_UNIT()
);
#5075=SHAPE_DEFINITION_REPRESENTATION(#5076,#5077);
#5076=PRODUCT_DEFINITION_SHAPE('',$,#5079);
#5077=SHAPE_REPRESENTATION('',(#2953),#5069);
#5078=PRODUCT_DEFINITION_CONTEXT('part definition',#5083,'design');
#5079=PRODUCT_DEFINITION('2026-08-03-14-40-19-866','robot',#5080,#5078);
#5080=PRODUCT_DEFINITION_FORMATION('',$,#5085);
#5081=PRODUCT_RELATED_PRODUCT_CATEGORY('robot','robot',(#5085));
#5082=APPLICATION_PROTOCOL_DEFINITION('international standard',
'automotive_design',2009,#5083);
#5083=APPLICATION_CONTEXT(
'Core Data for Automotive Mechanical Design Process');
#5084=PRODUCT_CONTEXT('part definition',#5083,'mechanical');
#5085=PRODUCT('2026-08-03-14-40-19-866','robot',
'Spur Gear; Module: 1.0; Num Teeth: 16; Pressure Angle: 20.0; Backlash
: 0.00 mm',(#5084));
#5086=PRESENTATION_STYLE_ASSIGNMENT((#5112));
#5087=PRESENTATION_STYLE_ASSIGNMENT((#5113));
#5088=PRESENTATION_STYLE_ASSIGNMENT((#5114));
#5089=PRESENTATION_STYLE_ASSIGNMENT((#5115));
#5090=PRESENTATION_STYLE_ASSIGNMENT((#5116));
#5091=PRESENTATION_STYLE_ASSIGNMENT((#5117));
#5092=PRESENTATION_STYLE_ASSIGNMENT((#5118));
#5093=PRESENTATION_STYLE_ASSIGNMENT((#5119));
#5094=PRESENTATION_STYLE_ASSIGNMENT((#5120));
#5095=PRESENTATION_STYLE_ASSIGNMENT((#5121));
#5096=PRESENTATION_STYLE_ASSIGNMENT((#5122));
#5097=PRESENTATION_STYLE_ASSIGNMENT((#5123));
#5098=PRESENTATION_STYLE_ASSIGNMENT((#5124));
#5099=PRESENTATION_STYLE_ASSIGNMENT((#5125));
#5100=PRESENTATION_STYLE_ASSIGNMENT((#5126));
#5101=PRESENTATION_STYLE_ASSIGNMENT((#5127));
#5102=PRESENTATION_STYLE_ASSIGNMENT((#5128));
#5103=PRESENTATION_STYLE_ASSIGNMENT((#5129));
#5104=PRESENTATION_STYLE_ASSIGNMENT((#5130));
#5105=PRESENTATION_STYLE_ASSIGNMENT((#5131));
#5106=PRESENTATION_STYLE_ASSIGNMENT((#5132));
#5107=PRESENTATION_STYLE_ASSIGNMENT((#5133));
#5108=PRESENTATION_STYLE_ASSIGNMENT((#5134));
#5109=PRESENTATION_STYLE_ASSIGNMENT((#5135));
#5110=PRESENTATION_STYLE_ASSIGNMENT((#5136));
#5111=PRESENTATION_STYLE_ASSIGNMENT((#5137));
#5112=SURFACE_STYLE_USAGE(.BOTH.,#5138);
#5113=SURFACE_STYLE_USAGE(.BOTH.,#5139);
#5114=SURFACE_STYLE_USAGE(.BOTH.,#5140);
#5115=SURFACE_STYLE_USAGE(.BOTH.,#5141);
#5116=SURFACE_STYLE_USAGE(.BOTH.,#5142);
#5117=SURFACE_STYLE_USAGE(.BOTH.,#5143);
#5118=SURFACE_STYLE_USAGE(.BOTH.,#5144);
#5119=SURFACE_STYLE_USAGE(.BOTH.,#5145);
#5120=SURFACE_STYLE_USAGE(.BOTH.,#5146);
#5121=SURFACE_STYLE_USAGE(.BOTH.,#5147);
#5122=SURFACE_STYLE_USAGE(.BOTH.,#5148);
#5123=SURFACE_STYLE_USAGE(.BOTH.,#5149);
#5124=SURFACE_STYLE_USAGE(.BOTH.,#5150);
#5125=SURFACE_STYLE_USAGE(.BOTH.,#5151);
#5126=SURFACE_STYLE_USAGE(.BOTH.,#5152);
#5127=SURFACE_STYLE_USAGE(.BOTH.,#5153);
#5128=SURFACE_STYLE_USAGE(.BOTH.,#5154);
#5129=SURFACE_STYLE_USAGE(.BOTH.,#5155);
#5130=SURFACE_STYLE_USAGE(.BOTH.,#5156);
#5131=SURFACE_STYLE_USAGE(.BOTH.,#5157);
#5132=SURFACE_STYLE_USAGE(.BOTH.,#5158);
#5133=SURFACE_STYLE_USAGE(.BOTH.,#5159);
#5134=SURFACE_STYLE_USAGE(.BOTH.,#5160);
#5135=SURFACE_STYLE_USAGE(.BOTH.,#5161);
#5136=SURFACE_STYLE_USAGE(.BOTH.,#5162);
#5137=SURFACE_STYLE_USAGE(.BOTH.,#5163);
#5138=SURFACE_SIDE_STYLE('',(#5164));
#5139=SURFACE_SIDE_STYLE('',(#5165));
#5140=SURFACE_SIDE_STYLE('',(#5166));
#5141=SURFACE_SIDE_STYLE('',(#5167));
#5142=SURFACE_SIDE_STYLE('',(#5168));
#5143=SURFACE_SIDE_STYLE('',(#5169));
#5144=SURFACE_SIDE_STYLE('',(#5170));
#5145=SURFACE_SIDE_STYLE('',(#5171));
#5146=SURFACE_SIDE_STYLE('',(#5172));
#5147=SURFACE_SIDE_STYLE('',(#5173));
#5148=SURFACE_SIDE_STYLE('',(#5174));
#5149=SURFACE_SIDE_STYLE('',(#5175));
#5150=SURFACE_SIDE_STYLE('',(#5176));
#5151=SURFACE_SIDE_STYLE('',(#5177));
#5152=SURFACE_SIDE_STYLE('',(#5178));
#5153=SURFACE_SIDE_STYLE('',(#5179));
#5154=SURFACE_SIDE_STYLE('',(#5180));
#5155=SURFACE_SIDE_STYLE('',(#5181));
#5156=SURFACE_SIDE_STYLE('',(#5182));
#5157=SURFACE_SIDE_STYLE('',(#5183));
#5158=SURFACE_SIDE_STYLE('',(#5184));
#5159=SURFACE_SIDE_STYLE('',(#5185));
#5160=SURFACE_SIDE_STYLE('',(#5186));
#5161=SURFACE_SIDE_STYLE('',(#5187));
#5162=SURFACE_SIDE_STYLE('',(#5188));
#5163=SURFACE_SIDE_STYLE('',(#5189));
#5164=SURFACE_STYLE_FILL_AREA(#5190);
#5165=SURFACE_STYLE_FILL_AREA(#5191);
#5166=SURFACE_STYLE_FILL_AREA(#5192);
#5167=SURFACE_STYLE_FILL_AREA(#5193);
#5168=SURFACE_STYLE_FILL_AREA(#5194);
#5169=SURFACE_STYLE_FILL_AREA(#5195);
#5170=SURFACE_STYLE_FILL_AREA(#5196);
#5171=SURFACE_STYLE_FILL_AREA(#5197);
#5172=SURFACE_STYLE_FILL_AREA(#5198);
#5173=SURFACE_STYLE_FILL_AREA(#5199);
#5174=SURFACE_STYLE_FILL_AREA(#5200);
#5175=SURFACE_STYLE_FILL_AREA(#5201);
#5176=SURFACE_STYLE_FILL_AREA(#5202);
#5177=SURFACE_STYLE_FILL_AREA(#5203);
#5178=SURFACE_STYLE_FILL_AREA(#5204);
#5179=SURFACE_STYLE_FILL_AREA(#5205);
#5180=SURFACE_STYLE_FILL_AREA(#5206);
#5181=SURFACE_STYLE_FILL_AREA(#5207);
#5182=SURFACE_STYLE_FILL_AREA(#5208);
#5183=SURFACE_STYLE_FILL_AREA(#5209);
#5184=SURFACE_STYLE_FILL_AREA(#5210);
#5185=SURFACE_STYLE_FILL_AREA(#5211);
#5186=SURFACE_STYLE_FILL_AREA(#5212);
#5187=SURFACE_STYLE_FILL_AREA(#5213);
#5188=SURFACE_STYLE_FILL_AREA(#5214);
#5189=SURFACE_STYLE_FILL_AREA(#5215);
#5190=FILL_AREA_STYLE('Steel - Satin',(#5216));
#5191=FILL_AREA_STYLE('Opaque(76,76,76)',(#5217));
#5192=FILL_AREA_STYLE('Opaque(51,51,51)',(#5218));
#5193=FILL_AREA_STYLE('Opaque(223,223,223)',(#5219));
#5194=FILL_AREA_STYLE('Opaque(255,255,255)',(#5220));
#5195=FILL_AREA_STYLE('Opaque(255,202,0)',(#5221));
#5196=FILL_AREA_STYLE('Opaque(152,170,175)',(#5222));
#5197=FILL_AREA_STYLE('Opaque(153,153,153)',(#5223));
#5198=FILL_AREA_STYLE('Opaque(195,225,190)',(#5224));
#5199=FILL_AREA_STYLE('Opaque(255,153,0)',(#5225));
#5200=FILL_AREA_STYLE('Opaque(204,255,51)',(#5226));
#5201=FILL_AREA_STYLE('Opaque(0,153,0)',(#5227));
#5202=FILL_AREA_STYLE('Opaque(153,102,51)',(#5228));
#5203=FILL_AREA_STYLE('Opaque(0,153,255)',(#5229));
#5204=FILL_AREA_STYLE('Opaque(230,235,235)',(#5230));
#5205=FILL_AREA_STYLE('Opaque(255,245,227)',(#5231));
#5206=FILL_AREA_STYLE('Opaque(204,0,0)',(#5232));
#5207=FILL_AREA_STYLE('Opaque(0,0,172)',(#5233));
#5208=FILL_AREA_STYLE('Opaque(255,248,56)',(#5234));
#5209=FILL_AREA_STYLE('Opaque(112,112,112)',(#5235));
#5210=FILL_AREA_STYLE('Opaque(112,121,128)',(#5236));
#5211=FILL_AREA_STYLE('Opaque(234,234,234)',(#5237));
#5212=FILL_AREA_STYLE('Opaque(95,167,61)',(#5238));
#5213=FILL_AREA_STYLE('Opaque(131,188,104)',(#5239));
#5214=FILL_AREA_STYLE('Opaque(30,23,23)',(#5240));
#5215=FILL_AREA_STYLE('Opaque(202,209,238)',(#5241));
#5216=FILL_AREA_STYLE_COLOUR('Steel - Satin',#5242);
#5217=FILL_AREA_STYLE_COLOUR('Opaque(76,76,76)',#5243);
#5218=FILL_AREA_STYLE_COLOUR('Opaque(51,51,51)',#5244);
#5219=FILL_AREA_STYLE_COLOUR('Opaque(223,223,223)',#5245);
#5220=FILL_AREA_STYLE_COLOUR('Opaque(255,255,255)',#5246);
#5221=FILL_AREA_STYLE_COLOUR('Opaque(255,202,0)',#5247);
#5222=FILL_AREA_STYLE_COLOUR('Opaque(152,170,175)',#5248);
#5223=FILL_AREA_STYLE_COLOUR('Opaque(153,153,153)',#5249);
#5224=FILL_AREA_STYLE_COLOUR('Opaque(195,225,190)',#5250);
#5225=FILL_AREA_STYLE_COLOUR('Opaque(255,153,0)',#5251);
#5226=FILL_AREA_STYLE_COLOUR('Opaque(204,255,51)',#5252);
#5227=FILL_AREA_STYLE_COLOUR('Opaque(0,153,0)',#5253);
#5228=FILL_AREA_STYLE_COLOUR('Opaque(153,102,51)',#5254);
#5229=FILL_AREA_STYLE_COLOUR('Opaque(0,153,255)',#5255);
#5230=FILL_AREA_STYLE_COLOUR('Opaque(230,235,235)',#5256);
#5231=FILL_AREA_STYLE_COLOUR('Opaque(255,245,227)',#5257);
#5232=FILL_AREA_STYLE_COLOUR('Opaque(204,0,0)',#5258);
#5233=FILL_AREA_STYLE_COLOUR('Opaque(0,0,172)',#5259);
#5234=FILL_AREA_STYLE_COLOUR('Opaque(255,248,56)',#5260);
#5235=FILL_AREA_STYLE_COLOUR('Opaque(112,112,112)',#5261);
#5236=FILL_AREA_STYLE_COLOUR('Opaque(112,121,128)',#5262);
#5237=FILL_AREA_STYLE_COLOUR('Opaque(234,234,234)',#5263);
#5238=FILL_AREA_STYLE_COLOUR('Opaque(95,167,61)',#5264);
#5239=FILL_AREA_STYLE_COLOUR('Opaque(131,188,104)',#5265);
#5240=FILL_AREA_STYLE_COLOUR('Opaque(30,23,23)',#5266);
#5241=FILL_AREA_STYLE_COLOUR('Opaque(202,209,238)',#5267);
#5242=COLOUR_RGB('Steel - Satin',0.627450980392157,0.627450980392157,0.627450980392157);
#5243=COLOUR_RGB('Opaque(76,76,76)',0.298039215686275,0.298039215686275,
0.298039215686275);
#5244=COLOUR_RGB('Opaque(51,51,51)',0.2,0.2,0.2);
#5245=COLOUR_RGB('Opaque(223,223,223)',0.874509803921569,0.874509803921569,
0.874509803921569);
#5246=COLOUR_RGB('Opaque(255,255,255)',1.,1.,1.);
#5247=COLOUR_RGB('Opaque(255,202,0)',1.,0.792156862745098,0.);
#5248=COLOUR_RGB('Opaque(152,170,175)',0.596078431372549,0.666666666666667,
0.686274509803922);
#5249=COLOUR_RGB('Opaque(153,153,153)',0.6,0.6,0.6);
#5250=COLOUR_RGB('Opaque(195,225,190)',0.764705882352941,0.882352941176471,
0.745098039215686);
#5251=COLOUR_RGB('Opaque(255,153,0)',1.,0.6,0.);
#5252=COLOUR_RGB('Opaque(204,255,51)',0.8,1.,0.2);
#5253=COLOUR_RGB('Opaque(0,153,0)',0.,0.6,0.);
#5254=COLOUR_RGB('Opaque(153,102,51)',0.6,0.4,0.2);
#5255=COLOUR_RGB('Opaque(0,153,255)',0.,0.6,1.);
#5256=COLOUR_RGB('Opaque(230,235,235)',0.901960784313726,0.92156862745098,
0.92156862745098);
#5257=COLOUR_RGB('Opaque(255,245,227)',1.,0.96078431372549,0.890196078431372);
#5258=COLOUR_RGB('Opaque(204,0,0)',0.8,0.,0.);
#5259=COLOUR_RGB('Opaque(0,0,172)',0.,0.,0.674509803921569);
#5260=COLOUR_RGB('Opaque(255,248,56)',1.,0.972549019607843,0.219607843137255);
#5261=COLOUR_RGB('Opaque(112,112,112)',0.43921568627451,0.43921568627451,
0.43921568627451);
#5262=COLOUR_RGB('Opaque(112,121,128)',0.43921568627451,0.474509803921569,
0.501960784313725);
#5263=COLOUR_RGB('Opaque(234,234,234)',0.917647058823529,0.917647058823529,
0.917647058823529);
#5264=COLOUR_RGB('Opaque(95,167,61)',0.372549019607843,0.654901960784314,
0.23921568627451);
#5265=COLOUR_RGB('Opaque(131,188,104)',0.513725490196078,0.737254901960784,
0.407843137254902);
#5266=COLOUR_RGB('Opaque(30,23,23)',0.117647058823529,0.0901960784313725,
0.0901960784313725);
#5267=COLOUR_RGB('Opaque(202,209,238)',0.792156862745098,0.819607843137255,
0.933333333333333);
ENDSEC;
END-ISO-10303-21;
