ISO-10303-21;
HEADER;
/* Generated by software containing ST-Developer
 * from STEP Tools, Inc. (www.steptools.com) 
 */

FILE_DESCRIPTION(
/* description */ (
'Spur Gear; Module: 1.0; Num Teeth: 16; Pressure Angle: 20.0; Backlash
: 0.00 mm'),
/* implementation_level */ '2;1');

FILE_NAME(
/* name */ 'right straight gear.step',
/* time_stamp */ '2026-08-17T14:46:42-04:00',
/* author */ (''),
/* organization */ (''),
/* preprocessor_version */ 'ST-DEVELOPER v20.1',
/* originating_system */ 'Autodesk Translation Framework v15.8.0.0',
/* authorisation */ '');

FILE_SCHEMA (('AUTOMOTIVE_DESIGN { 1 0 10303 214 3 1 1 }'));
ENDSEC;

DATA;
#10=MECHANICAL_DESIGN_GEOMETRIC_PRESENTATION_REPRESENTATION('',(#13),#3087);
#11=SHAPE_REPRESENTATION_RELATIONSHIP('SRR','None',#3094,#12);
#12=ADVANCED_BREP_SHAPE_REPRESENTATION('',(#14),#3086);
#13=STYLED_ITEM('',(#3103),#14);
#14=MANIFOLD_SOLID_BREP('Body1 (5) (1) (1)',#1955);
#15=FACE_OUTER_BOUND('',#109,.T.);
#16=FACE_OUTER_BOUND('',#110,.T.);
#17=FACE_OUTER_BOUND('',#111,.T.);
#18=FACE_OUTER_BOUND('',#112,.T.);
#19=FACE_OUTER_BOUND('',#113,.T.);
#20=FACE_OUTER_BOUND('',#114,.T.);
#21=FACE_OUTER_BOUND('',#115,.T.);
#22=FACE_OUTER_BOUND('',#116,.T.);
#23=FACE_OUTER_BOUND('',#117,.T.);
#24=FACE_OUTER_BOUND('',#118,.T.);
#25=FACE_OUTER_BOUND('',#119,.T.);
#26=FACE_OUTER_BOUND('',#120,.T.);
#27=FACE_OUTER_BOUND('',#121,.T.);
#28=FACE_OUTER_BOUND('',#122,.T.);
#29=FACE_OUTER_BOUND('',#123,.T.);
#30=FACE_OUTER_BOUND('',#124,.T.);
#31=FACE_OUTER_BOUND('',#125,.T.);
#32=FACE_OUTER_BOUND('',#126,.T.);
#33=FACE_OUTER_BOUND('',#127,.T.);
#34=FACE_OUTER_BOUND('',#128,.T.);
#35=FACE_OUTER_BOUND('',#129,.T.);
#36=FACE_OUTER_BOUND('',#130,.T.);
#37=FACE_OUTER_BOUND('',#131,.T.);
#38=FACE_OUTER_BOUND('',#132,.T.);
#39=FACE_OUTER_BOUND('',#133,.T.);
#40=FACE_OUTER_BOUND('',#134,.T.);
#41=FACE_OUTER_BOUND('',#135,.T.);
#42=FACE_OUTER_BOUND('',#136,.T.);
#43=FACE_OUTER_BOUND('',#137,.T.);
#44=FACE_OUTER_BOUND('',#138,.T.);
#45=FACE_OUTER_BOUND('',#139,.T.);
#46=FACE_OUTER_BOUND('',#140,.T.);
#47=FACE_OUTER_BOUND('',#141,.T.);
#48=FACE_OUTER_BOUND('',#142,.T.);
#49=FACE_OUTER_BOUND('',#143,.T.);
#50=FACE_OUTER_BOUND('',#144,.T.);
#51=FACE_OUTER_BOUND('',#145,.T.);
#52=FACE_OUTER_BOUND('',#146,.T.);
#53=FACE_OUTER_BOUND('',#147,.T.);
#54=FACE_OUTER_BOUND('',#148,.T.);
#55=FACE_OUTER_BOUND('',#149,.T.);
#56=FACE_OUTER_BOUND('',#150,.T.);
#57=FACE_OUTER_BOUND('',#151,.T.);
#58=FACE_OUTER_BOUND('',#152,.T.);
#59=FACE_OUTER_BOUND('',#153,.T.);
#60=FACE_OUTER_BOUND('',#154,.T.);
#61=FACE_OUTER_BOUND('',#155,.T.);
#62=FACE_OUTER_BOUND('',#156,.T.);
#63=FACE_OUTER_BOUND('',#157,.T.);
#64=FACE_OUTER_BOUND('',#158,.T.);
#65=FACE_OUTER_BOUND('',#159,.T.);
#66=FACE_OUTER_BOUND('',#160,.T.);
#67=FACE_OUTER_BOUND('',#161,.T.);
#68=FACE_OUTER_BOUND('',#162,.T.);
#69=FACE_OUTER_BOUND('',#163,.T.);
#70=FACE_OUTER_BOUND('',#164,.T.);
#71=FACE_OUTER_BOUND('',#165,.T.);
#72=FACE_OUTER_BOUND('',#166,.T.);
#73=FACE_OUTER_BOUND('',#167,.T.);
#74=FACE_OUTER_BOUND('',#168,.T.);
#75=FACE_OUTER_BOUND('',#169,.T.);
#76=FACE_OUTER_BOUND('',#170,.T.);
#77=FACE_OUTER_BOUND('',#171,.T.);
#78=FACE_OUTER_BOUND('',#172,.T.);
#79=FACE_OUTER_BOUND('',#173,.T.);
#80=FACE_OUTER_BOUND('',#174,.T.);
#81=FACE_OUTER_BOUND('',#175,.T.);
#82=FACE_OUTER_BOUND('',#176,.T.);
#83=FACE_OUTER_BOUND('',#177,.T.);
#84=FACE_OUTER_BOUND('',#178,.T.);
#85=FACE_OUTER_BOUND('',#179,.T.);
#86=FACE_OUTER_BOUND('',#180,.T.);
#87=FACE_OUTER_BOUND('',#181,.T.);
#88=FACE_OUTER_BOUND('',#182,.T.);
#89=FACE_OUTER_BOUND('',#183,.T.);
#90=FACE_OUTER_BOUND('',#184,.T.);
#91=FACE_OUTER_BOUND('',#185,.T.);
#92=FACE_OUTER_BOUND('',#186,.T.);
#93=FACE_OUTER_BOUND('',#187,.T.);
#94=FACE_OUTER_BOUND('',#188,.T.);
#95=FACE_OUTER_BOUND('',#189,.T.);
#96=FACE_OUTER_BOUND('',#190,.T.);
#97=FACE_OUTER_BOUND('',#191,.T.);
#98=FACE_OUTER_BOUND('',#192,.T.);
#99=FACE_OUTER_BOUND('',#193,.T.);
#100=FACE_OUTER_BOUND('',#194,.T.);
#101=FACE_OUTER_BOUND('',#195,.T.);
#102=FACE_OUTER_BOUND('',#196,.T.);
#103=FACE_OUTER_BOUND('',#197,.T.);
#104=FACE_OUTER_BOUND('',#198,.T.);
#105=FACE_OUTER_BOUND('',#199,.T.);
#106=FACE_OUTER_BOUND('',#200,.T.);
#107=FACE_OUTER_BOUND('',#201,.T.);
#108=FACE_OUTER_BOUND('',#202,.T.);
#109=EDGE_LOOP('',(#1215,#1216,#1217,#1218));
#110=EDGE_LOOP('',(#1219,#1220,#1221,#1222));
#111=EDGE_LOOP('',(#1223,#1224,#1225,#1226));
#112=EDGE_LOOP('',(#1227,#1228,#1229,#1230,#1231,#1232,#1233,#1234,#1235,
#1236));
#113=EDGE_LOOP('',(#1237,#1238,#1239,#1240));
#114=EDGE_LOOP('',(#1241,#1242,#1243,#1244));
#115=EDGE_LOOP('',(#1245,#1246,#1247,#1248));
#116=EDGE_LOOP('',(#1249,#1250,#1251,#1252));
#117=EDGE_LOOP('',(#1253,#1254,#1255,#1256,#1257,#1258,#1259,#1260,#1261,
#1262));
#118=EDGE_LOOP('',(#1263,#1264,#1265,#1266));
#119=EDGE_LOOP('',(#1267,#1268,#1269,#1270));
#120=EDGE_LOOP('',(#1271,#1272,#1273,#1274));
#121=EDGE_LOOP('',(#1275,#1276,#1277,#1278));
#122=EDGE_LOOP('',(#1279,#1280,#1281,#1282));
#123=EDGE_LOOP('',(#1283,#1284,#1285,#1286));
#124=EDGE_LOOP('',(#1287,#1288,#1289,#1290));
#125=EDGE_LOOP('',(#1291,#1292,#1293,#1294));
#126=EDGE_LOOP('',(#1295,#1296,#1297,#1298));
#127=EDGE_LOOP('',(#1299,#1300,#1301,#1302));
#128=EDGE_LOOP('',(#1303,#1304,#1305,#1306));
#129=EDGE_LOOP('',(#1307,#1308,#1309,#1310));
#130=EDGE_LOOP('',(#1311,#1312,#1313,#1314));
#131=EDGE_LOOP('',(#1315,#1316,#1317,#1318));
#132=EDGE_LOOP('',(#1319,#1320,#1321,#1322));
#133=EDGE_LOOP('',(#1323,#1324,#1325,#1326));
#134=EDGE_LOOP('',(#1327,#1328,#1329,#1330));
#135=EDGE_LOOP('',(#1331,#1332,#1333,#1334));
#136=EDGE_LOOP('',(#1335,#1336,#1337,#1338));
#137=EDGE_LOOP('',(#1339,#1340,#1341,#1342));
#138=EDGE_LOOP('',(#1343,#1344,#1345,#1346));
#139=EDGE_LOOP('',(#1347,#1348,#1349,#1350));
#140=EDGE_LOOP('',(#1351,#1352,#1353,#1354));
#141=EDGE_LOOP('',(#1355,#1356,#1357,#1358));
#142=EDGE_LOOP('',(#1359,#1360,#1361,#1362));
#143=EDGE_LOOP('',(#1363,#1364,#1365,#1366));
#144=EDGE_LOOP('',(#1367,#1368,#1369,#1370));
#145=EDGE_LOOP('',(#1371,#1372,#1373,#1374));
#146=EDGE_LOOP('',(#1375,#1376,#1377,#1378));
#147=EDGE_LOOP('',(#1379,#1380,#1381,#1382));
#148=EDGE_LOOP('',(#1383,#1384,#1385,#1386));
#149=EDGE_LOOP('',(#1387,#1388,#1389,#1390));
#150=EDGE_LOOP('',(#1391,#1392,#1393,#1394));
#151=EDGE_LOOP('',(#1395,#1396,#1397,#1398));
#152=EDGE_LOOP('',(#1399,#1400,#1401,#1402));
#153=EDGE_LOOP('',(#1403,#1404,#1405,#1406));
#154=EDGE_LOOP('',(#1407,#1408,#1409,#1410));
#155=EDGE_LOOP('',(#1411,#1412,#1413,#1414));
#156=EDGE_LOOP('',(#1415,#1416,#1417,#1418));
#157=EDGE_LOOP('',(#1419,#1420,#1421,#1422));
#158=EDGE_LOOP('',(#1423,#1424,#1425,#1426));
#159=EDGE_LOOP('',(#1427,#1428,#1429,#1430));
#160=EDGE_LOOP('',(#1431,#1432,#1433,#1434,#1435,#1436,#1437,#1438,#1439,
#1440,#1441,#1442,#1443,#1444,#1445,#1446,#1447,#1448,#1449,#1450,#1451,
#1452,#1453,#1454,#1455,#1456,#1457,#1458,#1459,#1460,#1461,#1462,#1463,
#1464,#1465,#1466,#1467,#1468,#1469,#1470,#1471,#1472,#1473,#1474,#1475,
#1476,#1477,#1478,#1479,#1480,#1481,#1482,#1483,#1484,#1485,#1486,#1487,
#1488,#1489,#1490,#1491,#1492,#1493,#1494,#1495,#1496,#1497,#1498,#1499,
#1500,#1501,#1502,#1503,#1504,#1505,#1506,#1507,#1508,#1509,#1510,#1511,
#1512,#1513,#1514,#1515,#1516));
#161=EDGE_LOOP('',(#1517,#1518,#1519,#1520));
#162=EDGE_LOOP('',(#1521,#1522,#1523,#1524));
#163=EDGE_LOOP('',(#1525,#1526,#1527,#1528));
#164=EDGE_LOOP('',(#1529,#1530,#1531,#1532));
#165=EDGE_LOOP('',(#1533,#1534,#1535,#1536));
#166=EDGE_LOOP('',(#1537,#1538,#1539,#1540));
#167=EDGE_LOOP('',(#1541,#1542,#1543,#1544));
#168=EDGE_LOOP('',(#1545,#1546,#1547,#1548));
#169=EDGE_LOOP('',(#1549,#1550,#1551,#1552));
#170=EDGE_LOOP('',(#1553,#1554,#1555,#1556));
#171=EDGE_LOOP('',(#1557,#1558,#1559,#1560));
#172=EDGE_LOOP('',(#1561,#1562,#1563,#1564));
#173=EDGE_LOOP('',(#1565,#1566,#1567,#1568));
#174=EDGE_LOOP('',(#1569,#1570,#1571,#1572));
#175=EDGE_LOOP('',(#1573,#1574,#1575,#1576));
#176=EDGE_LOOP('',(#1577,#1578,#1579,#1580));
#177=EDGE_LOOP('',(#1581,#1582,#1583,#1584));
#178=EDGE_LOOP('',(#1585,#1586,#1587,#1588));
#179=EDGE_LOOP('',(#1589,#1590,#1591,#1592));
#180=EDGE_LOOP('',(#1593,#1594,#1595,#1596));
#181=EDGE_LOOP('',(#1597,#1598,#1599,#1600));
#182=EDGE_LOOP('',(#1601,#1602,#1603,#1604));
#183=EDGE_LOOP('',(#1605,#1606,#1607,#1608));
#184=EDGE_LOOP('',(#1609,#1610,#1611,#1612));
#185=EDGE_LOOP('',(#1613,#1614,#1615,#1616));
#186=EDGE_LOOP('',(#1617,#1618,#1619,#1620));
#187=EDGE_LOOP('',(#1621,#1622,#1623,#1624));
#188=EDGE_LOOP('',(#1625,#1626,#1627,#1628));
#189=EDGE_LOOP('',(#1629,#1630,#1631,#1632));
#190=EDGE_LOOP('',(#1633,#1634,#1635,#1636));
#191=EDGE_LOOP('',(#1637,#1638,#1639,#1640));
#192=EDGE_LOOP('',(#1641,#1642,#1643,#1644));
#193=EDGE_LOOP('',(#1645,#1646,#1647,#1648));
#194=EDGE_LOOP('',(#1649,#1650,#1651,#1652));
#195=EDGE_LOOP('',(#1653,#1654,#1655,#1656));
#196=EDGE_LOOP('',(#1657,#1658,#1659,#1660));
#197=EDGE_LOOP('',(#1661,#1662,#1663,#1664));
#198=EDGE_LOOP('',(#1665,#1666,#1667,#1668));
#199=EDGE_LOOP('',(#1669,#1670,#1671,#1672));
#200=EDGE_LOOP('',(#1673,#1674,#1675,#1676));
#201=EDGE_LOOP('',(#1677,#1678,#1679,#1680));
#202=EDGE_LOOP('',(#1681,#1682,#1683,#1684,#1685,#1686,#1687,#1688,#1689,
#1690,#1691,#1692,#1693,#1694,#1695,#1696,#1697,#1698,#1699,#1700,#1701,
#1702,#1703,#1704,#1705,#1706,#1707,#1708,#1709,#1710,#1711,#1712,#1713,
#1714,#1715,#1716,#1717,#1718,#1719,#1720,#1721,#1722,#1723,#1724,#1725,
#1726,#1727,#1728,#1729,#1730,#1731,#1732,#1733,#1734,#1735,#1736,#1737,
#1738,#1739,#1740,#1741,#1742,#1743,#1744,#1745,#1746,#1747,#1748,#1749,
#1750,#1751,#1752,#1753,#1754,#1755,#1756,#1757,#1758,#1759,#1760,#1761,
#1762,#1763,#1764,#1765,#1766));
#203=LINE('',#2533,#479);
#204=LINE('',#2535,#480);
#205=LINE('',#2537,#481);
#206=LINE('',#2538,#482);
#207=LINE('',#2542,#483);
#208=LINE('',#2543,#484);
#209=LINE('',#2544,#485);
#210=LINE('',#2547,#486);
#211=LINE('',#2549,#487);
#212=LINE('',#2550,#488);
#213=LINE('',#2553,#489);
#214=LINE('',#2555,#490);
#215=LINE('',#2557,#491);
#216=LINE('',#2559,#492);
#217=LINE('',#2561,#493);
#218=LINE('',#2563,#494);
#219=LINE('',#2564,#495);
#220=LINE('',#2568,#496);
#221=LINE('',#2569,#497);
#222=LINE('',#2570,#498);
#223=LINE('',#2573,#499);
#224=LINE('',#2574,#500);
#225=LINE('',#2578,#501);
#226=LINE('',#2580,#502);
#227=LINE('',#2582,#503);
#228=LINE('',#2583,#504);
#229=LINE('',#2586,#505);
#230=LINE('',#2587,#506);
#231=LINE('',#2590,#507);
#232=LINE('',#2591,#508);
#233=LINE('',#2593,#509);
#234=LINE('',#2594,#510);
#235=LINE('',#2596,#511);
#236=LINE('',#2598,#512);
#237=LINE('',#2602,#513);
#238=LINE('',#2604,#514);
#239=LINE('',#2606,#515);
#240=LINE('',#2607,#516);
#241=LINE('',#2611,#517);
#242=LINE('',#2613,#518);
#243=LINE('',#2615,#519);
#244=LINE('',#2616,#520);
#245=LINE('',#2619,#521);
#246=LINE('',#2621,#522);
#247=LINE('',#2622,#523);
#248=LINE('',#2625,#524);
#249=LINE('',#2627,#525);
#250=LINE('',#2628,#526);
#251=LINE('',#2631,#527);
#252=LINE('',#2633,#528);
#253=LINE('',#2634,#529);
#254=LINE('',#2637,#530);
#255=LINE('',#2639,#531);
#256=LINE('',#2640,#532);
#257=LINE('',#2643,#533);
#258=LINE('',#2645,#534);
#259=LINE('',#2646,#535);
#260=LINE('',#2649,#536);
#261=LINE('',#2651,#537);
#262=LINE('',#2652,#538);
#263=LINE('',#2655,#539);
#264=LINE('',#2657,#540);
#265=LINE('',#2658,#541);
#266=LINE('',#2661,#542);
#267=LINE('',#2663,#543);
#268=LINE('',#2664,#544);
#269=LINE('',#2667,#545);
#270=LINE('',#2669,#546);
#271=LINE('',#2670,#547);
#272=LINE('',#2673,#548);
#273=LINE('',#2675,#549);
#274=LINE('',#2676,#550);
#275=LINE('',#2679,#551);
#276=LINE('',#2681,#552);
#277=LINE('',#2682,#553);
#278=LINE('',#2685,#554);
#279=LINE('',#2687,#555);
#280=LINE('',#2688,#556);
#281=LINE('',#2691,#557);
#282=LINE('',#2693,#558);
#283=LINE('',#2694,#559);
#284=LINE('',#2697,#560);
#285=LINE('',#2699,#561);
#286=LINE('',#2700,#562);
#287=LINE('',#2703,#563);
#288=LINE('',#2705,#564);
#289=LINE('',#2706,#565);
#290=LINE('',#2709,#566);
#291=LINE('',#2711,#567);
#292=LINE('',#2712,#568);
#293=LINE('',#2715,#569);
#294=LINE('',#2717,#570);
#295=LINE('',#2718,#571);
#296=LINE('',#2721,#572);
#297=LINE('',#2723,#573);
#298=LINE('',#2724,#574);
#299=LINE('',#2727,#575);
#300=LINE('',#2729,#576);
#301=LINE('',#2730,#577);
#302=LINE('',#2733,#578);
#303=LINE('',#2735,#579);
#304=LINE('',#2736,#580);
#305=LINE('',#2739,#581);
#306=LINE('',#2741,#582);
#307=LINE('',#2742,#583);
#308=LINE('',#2745,#584);
#309=LINE('',#2747,#585);
#310=LINE('',#2748,#586);
#311=LINE('',#2751,#587);
#312=LINE('',#2753,#588);
#313=LINE('',#2754,#589);
#314=LINE('',#2757,#590);
#315=LINE('',#2759,#591);
#316=LINE('',#2760,#592);
#317=LINE('',#2763,#593);
#318=LINE('',#2765,#594);
#319=LINE('',#2766,#595);
#320=LINE('',#2769,#596);
#321=LINE('',#2771,#597);
#322=LINE('',#2772,#598);
#323=LINE('',#2775,#599);
#324=LINE('',#2777,#600);
#325=LINE('',#2778,#601);
#326=LINE('',#2781,#602);
#327=LINE('',#2783,#603);
#328=LINE('',#2784,#604);
#329=LINE('',#2787,#605);
#330=LINE('',#2789,#606);
#331=LINE('',#2790,#607);
#332=LINE('',#2793,#608);
#333=LINE('',#2795,#609);
#334=LINE('',#2796,#610);
#335=LINE('',#2799,#611);
#336=LINE('',#2801,#612);
#337=LINE('',#2802,#613);
#338=LINE('',#2805,#614);
#339=LINE('',#2807,#615);
#340=LINE('',#2808,#616);
#341=LINE('',#2811,#617);
#342=LINE('',#2813,#618);
#343=LINE('',#2814,#619);
#344=LINE('',#2817,#620);
#345=LINE('',#2819,#621);
#346=LINE('',#2820,#622);
#347=LINE('',#2823,#623);
#348=LINE('',#2825,#624);
#349=LINE('',#2826,#625);
#350=LINE('',#2829,#626);
#351=LINE('',#2831,#627);
#352=LINE('',#2832,#628);
#353=LINE('',#2834,#629);
#354=LINE('',#2835,#630);
#355=LINE('',#2837,#631);
#356=LINE('',#2838,#632);
#357=LINE('',#2841,#633);
#358=LINE('',#2843,#634);
#359=LINE('',#2845,#635);
#360=LINE('',#2847,#636);
#361=LINE('',#2849,#637);
#362=LINE('',#2851,#638);
#363=LINE('',#2853,#639);
#364=LINE('',#2855,#640);
#365=LINE('',#2857,#641);
#366=LINE('',#2859,#642);
#367=LINE('',#2861,#643);
#368=LINE('',#2863,#644);
#369=LINE('',#2865,#645);
#370=LINE('',#2867,#646);
#371=LINE('',#2869,#647);
#372=LINE('',#2871,#648);
#373=LINE('',#2873,#649);
#374=LINE('',#2875,#650);
#375=LINE('',#2877,#651);
#376=LINE('',#2879,#652);
#377=LINE('',#2881,#653);
#378=LINE('',#2883,#654);
#379=LINE('',#2885,#655);
#380=LINE('',#2887,#656);
#381=LINE('',#2889,#657);
#382=LINE('',#2891,#658);
#383=LINE('',#2893,#659);
#384=LINE('',#2895,#660);
#385=LINE('',#2897,#661);
#386=LINE('',#2899,#662);
#387=LINE('',#2901,#663);
#388=LINE('',#2903,#664);
#389=LINE('',#2905,#665);
#390=LINE('',#2907,#666);
#391=LINE('',#2909,#667);
#392=LINE('',#2911,#668);
#393=LINE('',#2913,#669);
#394=LINE('',#2915,#670);
#395=LINE('',#2917,#671);
#396=LINE('',#2919,#672);
#397=LINE('',#2920,#673);
#398=LINE('',#2924,#674);
#399=LINE('',#2925,#675);
#400=LINE('',#2926,#676);
#401=LINE('',#2929,#677);
#402=LINE('',#2930,#678);
#403=LINE('',#2933,#679);
#404=LINE('',#2934,#680);
#405=LINE('',#2937,#681);
#406=LINE('',#2938,#682);
#407=LINE('',#2941,#683);
#408=LINE('',#2942,#684);
#409=LINE('',#2945,#685);
#410=LINE('',#2946,#686);
#411=LINE('',#2949,#687);
#412=LINE('',#2950,#688);
#413=LINE('',#2953,#689);
#414=LINE('',#2954,#690);
#415=LINE('',#2957,#691);
#416=LINE('',#2958,#692);
#417=LINE('',#2961,#693);
#418=LINE('',#2962,#694);
#419=LINE('',#2965,#695);
#420=LINE('',#2966,#696);
#421=LINE('',#2969,#697);
#422=LINE('',#2970,#698);
#423=LINE('',#2973,#699);
#424=LINE('',#2974,#700);
#425=LINE('',#2977,#701);
#426=LINE('',#2978,#702);
#427=LINE('',#2981,#703);
#428=LINE('',#2982,#704);
#429=LINE('',#2985,#705);
#430=LINE('',#2986,#706);
#431=LINE('',#2989,#707);
#432=LINE('',#2990,#708);
#433=LINE('',#2993,#709);
#434=LINE('',#2994,#710);
#435=LINE('',#2997,#711);
#436=LINE('',#2998,#712);
#437=LINE('',#3001,#713);
#438=LINE('',#3002,#714);
#439=LINE('',#3005,#715);
#440=LINE('',#3006,#716);
#441=LINE('',#3009,#717);
#442=LINE('',#3010,#718);
#443=LINE('',#3013,#719);
#444=LINE('',#3014,#720);
#445=LINE('',#3017,#721);
#446=LINE('',#3018,#722);
#447=LINE('',#3021,#723);
#448=LINE('',#3022,#724);
#449=LINE('',#3025,#725);
#450=LINE('',#3026,#726);
#451=LINE('',#3029,#727);
#452=LINE('',#3030,#728);
#453=LINE('',#3033,#729);
#454=LINE('',#3034,#730);
#455=LINE('',#3037,#731);
#456=LINE('',#3038,#732);
#457=LINE('',#3041,#733);
#458=LINE('',#3042,#734);
#459=LINE('',#3045,#735);
#460=LINE('',#3046,#736);
#461=LINE('',#3049,#737);
#462=LINE('',#3050,#738);
#463=LINE('',#3053,#739);
#464=LINE('',#3054,#740);
#465=LINE('',#3057,#741);
#466=LINE('',#3058,#742);
#467=LINE('',#3061,#743);
#468=LINE('',#3062,#744);
#469=LINE('',#3065,#745);
#470=LINE('',#3066,#746);
#471=LINE('',#3069,#747);
#472=LINE('',#3070,#748);
#473=LINE('',#3073,#749);
#474=LINE('',#3074,#750);
#475=LINE('',#3077,#751);
#476=LINE('',#3078,#752);
#477=LINE('',#3080,#753);
#478=LINE('',#3082,#754);
#479=VECTOR('',#2067,10.);
#480=VECTOR('',#2068,10.);
#481=VECTOR('',#2069,10.);
#482=VECTOR('',#2070,10.);
#483=VECTOR('',#2073,10.);
#484=VECTOR('',#2074,10.);
#485=VECTOR('',#2075,10.);
#486=VECTOR('',#2078,10.);
#487=VECTOR('',#2079,10.);
#488=VECTOR('',#2080,10.);
#489=VECTOR('',#2083,10.);
#490=VECTOR('',#2084,10.);
#491=VECTOR('',#2085,10.);
#492=VECTOR('',#2086,10.);
#493=VECTOR('',#2087,10.);
#494=VECTOR('',#2088,10.);
#495=VECTOR('',#2089,10.);
#496=VECTOR('',#2092,10.);
#497=VECTOR('',#2093,10.);
#498=VECTOR('',#2094,10.);
#499=VECTOR('',#2097,10.);
#500=VECTOR('',#2098,10.);
#501=VECTOR('',#2101,9.);
#502=VECTOR('',#2102,10.);
#503=VECTOR('',#2103,10.);
#504=VECTOR('',#2104,10.);
#505=VECTOR('',#2107,10.);
#506=VECTOR('',#2108,10.);
#507=VECTOR('',#2111,10.);
#508=VECTOR('',#2112,10.);
#509=VECTOR('',#2113,10.);
#510=VECTOR('',#2114,10.);
#511=VECTOR('',#2117,10.);
#512=VECTOR('',#2120,10.);
#513=VECTOR('',#2123,10.);
#514=VECTOR('',#2124,10.);
#515=VECTOR('',#2125,10.);
#516=VECTOR('',#2126,10.);
#517=VECTOR('',#2129,10.);
#518=VECTOR('',#2130,9.);
#519=VECTOR('',#2131,10.);
#520=VECTOR('',#2132,9.);
#521=VECTOR('',#2135,10.);
#522=VECTOR('',#2136,9.);
#523=VECTOR('',#2137,10.);
#524=VECTOR('',#2140,10.);
#525=VECTOR('',#2141,9.);
#526=VECTOR('',#2142,10.);
#527=VECTOR('',#2145,10.);
#528=VECTOR('',#2146,9.);
#529=VECTOR('',#2147,10.);
#530=VECTOR('',#2150,10.);
#531=VECTOR('',#2151,9.);
#532=VECTOR('',#2152,10.);
#533=VECTOR('',#2155,10.);
#534=VECTOR('',#2156,9.);
#535=VECTOR('',#2157,10.);
#536=VECTOR('',#2160,10.);
#537=VECTOR('',#2161,9.);
#538=VECTOR('',#2162,10.);
#539=VECTOR('',#2165,10.);
#540=VECTOR('',#2166,9.);
#541=VECTOR('',#2167,10.);
#542=VECTOR('',#2170,10.);
#543=VECTOR('',#2171,9.);
#544=VECTOR('',#2172,10.);
#545=VECTOR('',#2175,10.);
#546=VECTOR('',#2176,9.);
#547=VECTOR('',#2177,10.);
#548=VECTOR('',#2180,10.);
#549=VECTOR('',#2181,9.);
#550=VECTOR('',#2182,10.);
#551=VECTOR('',#2185,10.);
#552=VECTOR('',#2186,9.);
#553=VECTOR('',#2187,10.);
#554=VECTOR('',#2190,10.);
#555=VECTOR('',#2191,9.);
#556=VECTOR('',#2192,10.);
#557=VECTOR('',#2195,10.);
#558=VECTOR('',#2196,9.);
#559=VECTOR('',#2197,10.);
#560=VECTOR('',#2200,10.);
#561=VECTOR('',#2201,9.);
#562=VECTOR('',#2202,10.);
#563=VECTOR('',#2205,10.);
#564=VECTOR('',#2206,9.);
#565=VECTOR('',#2207,10.);
#566=VECTOR('',#2210,10.);
#567=VECTOR('',#2211,9.);
#568=VECTOR('',#2212,10.);
#569=VECTOR('',#2215,10.);
#570=VECTOR('',#2216,9.);
#571=VECTOR('',#2217,10.);
#572=VECTOR('',#2220,10.);
#573=VECTOR('',#2221,9.);
#574=VECTOR('',#2222,10.);
#575=VECTOR('',#2225,10.);
#576=VECTOR('',#2226,9.);
#577=VECTOR('',#2227,10.);
#578=VECTOR('',#2230,10.);
#579=VECTOR('',#2231,9.);
#580=VECTOR('',#2232,10.);
#581=VECTOR('',#2235,10.);
#582=VECTOR('',#2236,9.);
#583=VECTOR('',#2237,10.);
#584=VECTOR('',#2240,10.);
#585=VECTOR('',#2241,9.);
#586=VECTOR('',#2242,10.);
#587=VECTOR('',#2245,10.);
#588=VECTOR('',#2246,9.);
#589=VECTOR('',#2247,10.);
#590=VECTOR('',#2250,10.);
#591=VECTOR('',#2251,9.);
#592=VECTOR('',#2252,10.);
#593=VECTOR('',#2255,10.);
#594=VECTOR('',#2256,9.);
#595=VECTOR('',#2257,10.);
#596=VECTOR('',#2260,10.);
#597=VECTOR('',#2261,9.);
#598=VECTOR('',#2262,10.);
#599=VECTOR('',#2265,10.);
#600=VECTOR('',#2266,9.);
#601=VECTOR('',#2267,10.);
#602=VECTOR('',#2270,10.);
#603=VECTOR('',#2271,9.);
#604=VECTOR('',#2272,10.);
#605=VECTOR('',#2275,10.);
#606=VECTOR('',#2276,9.);
#607=VECTOR('',#2277,10.);
#608=VECTOR('',#2280,10.);
#609=VECTOR('',#2281,9.);
#610=VECTOR('',#2282,10.);
#611=VECTOR('',#2285,10.);
#612=VECTOR('',#2286,9.);
#613=VECTOR('',#2287,10.);
#614=VECTOR('',#2290,10.);
#615=VECTOR('',#2291,9.);
#616=VECTOR('',#2292,10.);
#617=VECTOR('',#2295,10.);
#618=VECTOR('',#2296,9.);
#619=VECTOR('',#2297,10.);
#620=VECTOR('',#2300,10.);
#621=VECTOR('',#2301,9.);
#622=VECTOR('',#2302,10.);
#623=VECTOR('',#2305,10.);
#624=VECTOR('',#2306,9.);
#625=VECTOR('',#2307,10.);
#626=VECTOR('',#2310,10.);
#627=VECTOR('',#2311,9.);
#628=VECTOR('',#2312,10.);
#629=VECTOR('',#2315,10.);
#630=VECTOR('',#2316,10.);
#631=VECTOR('',#2319,10.);
#632=VECTOR('',#2320,10.);
#633=VECTOR('',#2323,10.);
#634=VECTOR('',#2324,10.);
#635=VECTOR('',#2325,10.);
#636=VECTOR('',#2326,10.);
#637=VECTOR('',#2327,10.);
#638=VECTOR('',#2328,10.);
#639=VECTOR('',#2329,10.);
#640=VECTOR('',#2330,10.);
#641=VECTOR('',#2331,10.);
#642=VECTOR('',#2332,10.);
#643=VECTOR('',#2333,10.);
#644=VECTOR('',#2334,10.);
#645=VECTOR('',#2335,10.);
#646=VECTOR('',#2336,10.);
#647=VECTOR('',#2337,10.);
#648=VECTOR('',#2338,10.);
#649=VECTOR('',#2339,10.);
#650=VECTOR('',#2340,10.);
#651=VECTOR('',#2341,10.);
#652=VECTOR('',#2342,10.);
#653=VECTOR('',#2343,10.);
#654=VECTOR('',#2344,10.);
#655=VECTOR('',#2345,10.);
#656=VECTOR('',#2346,10.);
#657=VECTOR('',#2347,10.);
#658=VECTOR('',#2348,10.);
#659=VECTOR('',#2349,10.);
#660=VECTOR('',#2350,10.);
#661=VECTOR('',#2351,10.);
#662=VECTOR('',#2352,10.);
#663=VECTOR('',#2353,10.);
#664=VECTOR('',#2354,10.);
#665=VECTOR('',#2355,10.);
#666=VECTOR('',#2356,10.);
#667=VECTOR('',#2357,10.);
#668=VECTOR('',#2358,10.);
#669=VECTOR('',#2359,10.);
#670=VECTOR('',#2360,10.);
#671=VECTOR('',#2361,10.);
#672=VECTOR('',#2362,10.);
#673=VECTOR('',#2363,10.);
#674=VECTOR('',#2366,10.);
#675=VECTOR('',#2367,9.);
#676=VECTOR('',#2368,9.);
#677=VECTOR('',#2371,10.);
#678=VECTOR('',#2372,9.);
#679=VECTOR('',#2375,10.);
#680=VECTOR('',#2376,9.);
#681=VECTOR('',#2379,10.);
#682=VECTOR('',#2380,9.);
#683=VECTOR('',#2383,10.);
#684=VECTOR('',#2384,9.);
#685=VECTOR('',#2387,10.);
#686=VECTOR('',#2388,9.);
#687=VECTOR('',#2391,10.);
#688=VECTOR('',#2392,9.);
#689=VECTOR('',#2395,10.);
#690=VECTOR('',#2396,9.);
#691=VECTOR('',#2399,10.);
#692=VECTOR('',#2400,9.);
#693=VECTOR('',#2403,10.);
#694=VECTOR('',#2404,9.);
#695=VECTOR('',#2407,10.);
#696=VECTOR('',#2408,9.);
#697=VECTOR('',#2411,10.);
#698=VECTOR('',#2412,9.);
#699=VECTOR('',#2415,10.);
#700=VECTOR('',#2416,9.);
#701=VECTOR('',#2419,10.);
#702=VECTOR('',#2420,9.);
#703=VECTOR('',#2423,10.);
#704=VECTOR('',#2424,9.);
#705=VECTOR('',#2427,10.);
#706=VECTOR('',#2428,9.);
#707=VECTOR('',#2431,10.);
#708=VECTOR('',#2432,9.);
#709=VECTOR('',#2435,10.);
#710=VECTOR('',#2436,9.);
#711=VECTOR('',#2439,10.);
#712=VECTOR('',#2440,9.);
#713=VECTOR('',#2443,10.);
#714=VECTOR('',#2444,9.);
#715=VECTOR('',#2447,10.);
#716=VECTOR('',#2448,9.);
#717=VECTOR('',#2451,10.);
#718=VECTOR('',#2452,9.);
#719=VECTOR('',#2455,10.);
#720=VECTOR('',#2456,9.);
#721=VECTOR('',#2459,10.);
#722=VECTOR('',#2460,9.);
#723=VECTOR('',#2463,10.);
#724=VECTOR('',#2464,9.);
#725=VECTOR('',#2467,10.);
#726=VECTOR('',#2468,9.);
#727=VECTOR('',#2471,10.);
#728=VECTOR('',#2472,9.);
#729=VECTOR('',#2475,10.);
#730=VECTOR('',#2476,9.);
#731=VECTOR('',#2479,10.);
#732=VECTOR('',#2480,9.);
#733=VECTOR('',#2483,10.);
#734=VECTOR('',#2484,9.);
#735=VECTOR('',#2487,10.);
#736=VECTOR('',#2488,9.);
#737=VECTOR('',#2491,10.);
#738=VECTOR('',#2492,9.);
#739=VECTOR('',#2495,10.);
#740=VECTOR('',#2496,9.);
#741=VECTOR('',#2499,10.);
#742=VECTOR('',#2500,9.);
#743=VECTOR('',#2503,10.);
#744=VECTOR('',#2504,9.);
#745=VECTOR('',#2507,10.);
#746=VECTOR('',#2508,9.);
#747=VECTOR('',#2511,10.);
#748=VECTOR('',#2512,9.);
#749=VECTOR('',#2515,10.);
#750=VECTOR('',#2516,9.);
#751=VECTOR('',#2519,10.);
#752=VECTOR('',#2520,9.);
#753=VECTOR('',#2523,10.);
#754=VECTOR('',#2526,10.);
#755=VERTEX_POINT('',#2531);
#756=VERTEX_POINT('',#2532);
#757=VERTEX_POINT('',#2534);
#758=VERTEX_POINT('',#2536);
#759=VERTEX_POINT('',#2540);
#760=VERTEX_POINT('',#2541);
#761=VERTEX_POINT('',#2546);
#762=VERTEX_POINT('',#2548);
#763=VERTEX_POINT('',#2552);
#764=VERTEX_POINT('',#2554);
#765=VERTEX_POINT('',#2556);
#766=VERTEX_POINT('',#2558);
#767=VERTEX_POINT('',#2560);
#768=VERTEX_POINT('',#2562);
#769=VERTEX_POINT('',#2566);
#770=VERTEX_POINT('',#2567);
#771=VERTEX_POINT('',#2572);
#772=VERTEX_POINT('',#2576);
#773=VERTEX_POINT('',#2577);
#774=VERTEX_POINT('',#2579);
#775=VERTEX_POINT('',#2581);
#776=VERTEX_POINT('',#2585);
#777=VERTEX_POINT('',#2589);
#778=VERTEX_POINT('',#2592);
#779=VERTEX_POINT('',#2600);
#780=VERTEX_POINT('',#2601);
#781=VERTEX_POINT('',#2603);
#782=VERTEX_POINT('',#2605);
#783=VERTEX_POINT('',#2609);
#784=VERTEX_POINT('',#2610);
#785=VERTEX_POINT('',#2612);
#786=VERTEX_POINT('',#2614);
#787=VERTEX_POINT('',#2618);
#788=VERTEX_POINT('',#2620);
#789=VERTEX_POINT('',#2624);
#790=VERTEX_POINT('',#2626);
#791=VERTEX_POINT('',#2630);
#792=VERTEX_POINT('',#2632);
#793=VERTEX_POINT('',#2636);
#794=VERTEX_POINT('',#2638);
#795=VERTEX_POINT('',#2642);
#796=VERTEX_POINT('',#2644);
#797=VERTEX_POINT('',#2648);
#798=VERTEX_POINT('',#2650);
#799=VERTEX_POINT('',#2654);
#800=VERTEX_POINT('',#2656);
#801=VERTEX_POINT('',#2660);
#802=VERTEX_POINT('',#2662);
#803=VERTEX_POINT('',#2666);
#804=VERTEX_POINT('',#2668);
#805=VERTEX_POINT('',#2672);
#806=VERTEX_POINT('',#2674);
#807=VERTEX_POINT('',#2678);
#808=VERTEX_POINT('',#2680);
#809=VERTEX_POINT('',#2684);
#810=VERTEX_POINT('',#2686);
#811=VERTEX_POINT('',#2690);
#812=VERTEX_POINT('',#2692);
#813=VERTEX_POINT('',#2696);
#814=VERTEX_POINT('',#2698);
#815=VERTEX_POINT('',#2702);
#816=VERTEX_POINT('',#2704);
#817=VERTEX_POINT('',#2708);
#818=VERTEX_POINT('',#2710);
#819=VERTEX_POINT('',#2714);
#820=VERTEX_POINT('',#2716);
#821=VERTEX_POINT('',#2720);
#822=VERTEX_POINT('',#2722);
#823=VERTEX_POINT('',#2726);
#824=VERTEX_POINT('',#2728);
#825=VERTEX_POINT('',#2732);
#826=VERTEX_POINT('',#2734);
#827=VERTEX_POINT('',#2738);
#828=VERTEX_POINT('',#2740);
#829=VERTEX_POINT('',#2744);
#830=VERTEX_POINT('',#2746);
#831=VERTEX_POINT('',#2750);
#832=VERTEX_POINT('',#2752);
#833=VERTEX_POINT('',#2756);
#834=VERTEX_POINT('',#2758);
#835=VERTEX_POINT('',#2762);
#836=VERTEX_POINT('',#2764);
#837=VERTEX_POINT('',#2768);
#838=VERTEX_POINT('',#2770);
#839=VERTEX_POINT('',#2774);
#840=VERTEX_POINT('',#2776);
#841=VERTEX_POINT('',#2780);
#842=VERTEX_POINT('',#2782);
#843=VERTEX_POINT('',#2786);
#844=VERTEX_POINT('',#2788);
#845=VERTEX_POINT('',#2792);
#846=VERTEX_POINT('',#2794);
#847=VERTEX_POINT('',#2798);
#848=VERTEX_POINT('',#2800);
#849=VERTEX_POINT('',#2804);
#850=VERTEX_POINT('',#2806);
#851=VERTEX_POINT('',#2810);
#852=VERTEX_POINT('',#2812);
#853=VERTEX_POINT('',#2816);
#854=VERTEX_POINT('',#2818);
#855=VERTEX_POINT('',#2822);
#856=VERTEX_POINT('',#2824);
#857=VERTEX_POINT('',#2828);
#858=VERTEX_POINT('',#2830);
#859=VERTEX_POINT('',#2840);
#860=VERTEX_POINT('',#2842);
#861=VERTEX_POINT('',#2844);
#862=VERTEX_POINT('',#2846);
#863=VERTEX_POINT('',#2848);
#864=VERTEX_POINT('',#2850);
#865=VERTEX_POINT('',#2852);
#866=VERTEX_POINT('',#2854);
#867=VERTEX_POINT('',#2856);
#868=VERTEX_POINT('',#2858);
#869=VERTEX_POINT('',#2860);
#870=VERTEX_POINT('',#2862);
#871=VERTEX_POINT('',#2864);
#872=VERTEX_POINT('',#2866);
#873=VERTEX_POINT('',#2868);
#874=VERTEX_POINT('',#2870);
#875=VERTEX_POINT('',#2872);
#876=VERTEX_POINT('',#2874);
#877=VERTEX_POINT('',#2876);
#878=VERTEX_POINT('',#2878);
#879=VERTEX_POINT('',#2880);
#880=VERTEX_POINT('',#2882);
#881=VERTEX_POINT('',#2884);
#882=VERTEX_POINT('',#2886);
#883=VERTEX_POINT('',#2888);
#884=VERTEX_POINT('',#2890);
#885=VERTEX_POINT('',#2892);
#886=VERTEX_POINT('',#2894);
#887=VERTEX_POINT('',#2896);
#888=VERTEX_POINT('',#2898);
#889=VERTEX_POINT('',#2900);
#890=VERTEX_POINT('',#2902);
#891=VERTEX_POINT('',#2904);
#892=VERTEX_POINT('',#2906);
#893=VERTEX_POINT('',#2908);
#894=VERTEX_POINT('',#2910);
#895=VERTEX_POINT('',#2912);
#896=VERTEX_POINT('',#2914);
#897=VERTEX_POINT('',#2916);
#898=VERTEX_POINT('',#2918);
#899=VERTEX_POINT('',#2922);
#900=VERTEX_POINT('',#2923);
#901=VERTEX_POINT('',#2928);
#902=VERTEX_POINT('',#2932);
#903=VERTEX_POINT('',#2936);
#904=VERTEX_POINT('',#2940);
#905=VERTEX_POINT('',#2944);
#906=VERTEX_POINT('',#2948);
#907=VERTEX_POINT('',#2952);
#908=VERTEX_POINT('',#2956);
#909=VERTEX_POINT('',#2960);
#910=VERTEX_POINT('',#2964);
#911=VERTEX_POINT('',#2968);
#912=VERTEX_POINT('',#2972);
#913=VERTEX_POINT('',#2976);
#914=VERTEX_POINT('',#2980);
#915=VERTEX_POINT('',#2984);
#916=VERTEX_POINT('',#2988);
#917=VERTEX_POINT('',#2992);
#918=VERTEX_POINT('',#2996);
#919=VERTEX_POINT('',#3000);
#920=VERTEX_POINT('',#3004);
#921=VERTEX_POINT('',#3008);
#922=VERTEX_POINT('',#3012);
#923=VERTEX_POINT('',#3016);
#924=VERTEX_POINT('',#3020);
#925=VERTEX_POINT('',#3024);
#926=VERTEX_POINT('',#3028);
#927=VERTEX_POINT('',#3032);
#928=VERTEX_POINT('',#3036);
#929=VERTEX_POINT('',#3040);
#930=VERTEX_POINT('',#3044);
#931=VERTEX_POINT('',#3048);
#932=VERTEX_POINT('',#3052);
#933=VERTEX_POINT('',#3056);
#934=VERTEX_POINT('',#3060);
#935=VERTEX_POINT('',#3064);
#936=VERTEX_POINT('',#3068);
#937=VERTEX_POINT('',#3072);
#938=VERTEX_POINT('',#3076);
#939=EDGE_CURVE('',#755,#756,#203,.T.);
#940=EDGE_CURVE('',#756,#757,#204,.T.);
#941=EDGE_CURVE('',#757,#758,#205,.T.);
#942=EDGE_CURVE('',#758,#755,#206,.T.);
#943=EDGE_CURVE('',#759,#760,#207,.T.);
#944=EDGE_CURVE('',#759,#757,#208,.T.);
#945=EDGE_CURVE('',#760,#756,#209,.T.);
#946=EDGE_CURVE('',#760,#761,#210,.T.);
#947=EDGE_CURVE('',#761,#762,#211,.T.);
#948=EDGE_CURVE('',#762,#759,#212,.T.);
#949=EDGE_CURVE('',#763,#755,#213,.T.);
#950=EDGE_CURVE('',#764,#763,#214,.T.);
#951=EDGE_CURVE('',#765,#764,#215,.T.);
#952=EDGE_CURVE('',#765,#766,#216,.T.);
#953=EDGE_CURVE('',#766,#767,#217,.T.);
#954=EDGE_CURVE('',#767,#768,#218,.T.);
#955=EDGE_CURVE('',#768,#761,#219,.T.);
#956=EDGE_CURVE('',#769,#770,#220,.T.);
#957=EDGE_CURVE('',#767,#769,#221,.T.);
#958=EDGE_CURVE('',#766,#770,#222,.T.);
#959=EDGE_CURVE('',#771,#758,#223,.T.);
#960=EDGE_CURVE('',#763,#771,#224,.T.);
#961=EDGE_CURVE('',#772,#773,#225,.T.);
#962=EDGE_CURVE('',#772,#774,#226,.T.);
#963=EDGE_CURVE('',#774,#775,#227,.T.);
#964=EDGE_CURVE('',#775,#773,#228,.T.);
#965=EDGE_CURVE('',#771,#776,#229,.T.);
#966=EDGE_CURVE('',#776,#764,#230,.T.);
#967=EDGE_CURVE('',#777,#762,#231,.T.);
#968=EDGE_CURVE('',#775,#777,#232,.T.);
#969=EDGE_CURVE('',#774,#778,#233,.T.);
#970=EDGE_CURVE('',#778,#776,#234,.T.);
#971=EDGE_CURVE('',#777,#768,#235,.T.);
#972=EDGE_CURVE('',#778,#765,#236,.T.);
#973=EDGE_CURVE('',#779,#780,#237,.T.);
#974=EDGE_CURVE('',#781,#780,#238,.T.);
#975=EDGE_CURVE('',#781,#782,#239,.T.);
#976=EDGE_CURVE('',#779,#782,#240,.T.);
#977=EDGE_CURVE('',#783,#784,#241,.T.);
#978=EDGE_CURVE('',#784,#785,#242,.T.);
#979=EDGE_CURVE('',#785,#786,#243,.T.);
#980=EDGE_CURVE('',#786,#783,#244,.T.);
#981=EDGE_CURVE('',#784,#787,#245,.T.);
#982=EDGE_CURVE('',#787,#788,#246,.T.);
#983=EDGE_CURVE('',#788,#785,#247,.T.);
#984=EDGE_CURVE('',#787,#789,#248,.T.);
#985=EDGE_CURVE('',#789,#790,#249,.T.);
#986=EDGE_CURVE('',#790,#788,#250,.T.);
#987=EDGE_CURVE('',#789,#791,#251,.T.);
#988=EDGE_CURVE('',#792,#791,#252,.T.);
#989=EDGE_CURVE('',#792,#790,#253,.T.);
#990=EDGE_CURVE('',#791,#793,#254,.T.);
#991=EDGE_CURVE('',#793,#794,#255,.T.);
#992=EDGE_CURVE('',#794,#792,#256,.T.);
#993=EDGE_CURVE('',#793,#795,#257,.T.);
#994=EDGE_CURVE('',#795,#796,#258,.T.);
#995=EDGE_CURVE('',#796,#794,#259,.T.);
#996=EDGE_CURVE('',#795,#797,#260,.T.);
#997=EDGE_CURVE('',#797,#798,#261,.T.);
#998=EDGE_CURVE('',#798,#796,#262,.T.);
#999=EDGE_CURVE('',#797,#799,#263,.T.);
#1000=EDGE_CURVE('',#800,#799,#264,.T.);
#1001=EDGE_CURVE('',#800,#798,#265,.T.);
#1002=EDGE_CURVE('',#799,#801,#266,.T.);
#1003=EDGE_CURVE('',#801,#802,#267,.T.);
#1004=EDGE_CURVE('',#802,#800,#268,.T.);
#1005=EDGE_CURVE('',#801,#803,#269,.T.);
#1006=EDGE_CURVE('',#803,#804,#270,.T.);
#1007=EDGE_CURVE('',#804,#802,#271,.T.);
#1008=EDGE_CURVE('',#803,#805,#272,.T.);
#1009=EDGE_CURVE('',#805,#806,#273,.T.);
#1010=EDGE_CURVE('',#806,#804,#274,.T.);
#1011=EDGE_CURVE('',#805,#807,#275,.T.);
#1012=EDGE_CURVE('',#808,#807,#276,.T.);
#1013=EDGE_CURVE('',#808,#806,#277,.T.);
#1014=EDGE_CURVE('',#807,#809,#278,.T.);
#1015=EDGE_CURVE('',#809,#810,#279,.T.);
#1016=EDGE_CURVE('',#810,#808,#280,.T.);
#1017=EDGE_CURVE('',#809,#811,#281,.T.);
#1018=EDGE_CURVE('',#811,#812,#282,.T.);
#1019=EDGE_CURVE('',#812,#810,#283,.T.);
#1020=EDGE_CURVE('',#811,#813,#284,.T.);
#1021=EDGE_CURVE('',#813,#814,#285,.T.);
#1022=EDGE_CURVE('',#814,#812,#286,.T.);
#1023=EDGE_CURVE('',#813,#815,#287,.T.);
#1024=EDGE_CURVE('',#816,#815,#288,.T.);
#1025=EDGE_CURVE('',#816,#814,#289,.T.);
#1026=EDGE_CURVE('',#815,#817,#290,.T.);
#1027=EDGE_CURVE('',#817,#818,#291,.T.);
#1028=EDGE_CURVE('',#818,#816,#292,.T.);
#1029=EDGE_CURVE('',#817,#819,#293,.T.);
#1030=EDGE_CURVE('',#819,#820,#294,.T.);
#1031=EDGE_CURVE('',#820,#818,#295,.T.);
#1032=EDGE_CURVE('',#819,#821,#296,.T.);
#1033=EDGE_CURVE('',#821,#822,#297,.T.);
#1034=EDGE_CURVE('',#822,#820,#298,.T.);
#1035=EDGE_CURVE('',#821,#823,#299,.T.);
#1036=EDGE_CURVE('',#824,#823,#300,.T.);
#1037=EDGE_CURVE('',#824,#822,#301,.T.);
#1038=EDGE_CURVE('',#823,#825,#302,.T.);
#1039=EDGE_CURVE('',#825,#826,#303,.T.);
#1040=EDGE_CURVE('',#826,#824,#304,.T.);
#1041=EDGE_CURVE('',#825,#827,#305,.T.);
#1042=EDGE_CURVE('',#827,#828,#306,.T.);
#1043=EDGE_CURVE('',#828,#826,#307,.T.);
#1044=EDGE_CURVE('',#827,#829,#308,.T.);
#1045=EDGE_CURVE('',#829,#830,#309,.T.);
#1046=EDGE_CURVE('',#830,#828,#310,.T.);
#1047=EDGE_CURVE('',#829,#831,#311,.T.);
#1048=EDGE_CURVE('',#832,#831,#312,.T.);
#1049=EDGE_CURVE('',#832,#830,#313,.T.);
#1050=EDGE_CURVE('',#831,#833,#314,.T.);
#1051=EDGE_CURVE('',#833,#834,#315,.T.);
#1052=EDGE_CURVE('',#834,#832,#316,.T.);
#1053=EDGE_CURVE('',#833,#835,#317,.T.);
#1054=EDGE_CURVE('',#835,#836,#318,.T.);
#1055=EDGE_CURVE('',#836,#834,#319,.T.);
#1056=EDGE_CURVE('',#835,#837,#320,.T.);
#1057=EDGE_CURVE('',#837,#838,#321,.T.);
#1058=EDGE_CURVE('',#838,#836,#322,.T.);
#1059=EDGE_CURVE('',#837,#839,#323,.T.);
#1060=EDGE_CURVE('',#840,#839,#324,.T.);
#1061=EDGE_CURVE('',#840,#838,#325,.T.);
#1062=EDGE_CURVE('',#839,#841,#326,.T.);
#1063=EDGE_CURVE('',#841,#842,#327,.T.);
#1064=EDGE_CURVE('',#842,#840,#328,.T.);
#1065=EDGE_CURVE('',#841,#843,#329,.T.);
#1066=EDGE_CURVE('',#843,#844,#330,.T.);
#1067=EDGE_CURVE('',#844,#842,#331,.T.);
#1068=EDGE_CURVE('',#843,#845,#332,.T.);
#1069=EDGE_CURVE('',#845,#846,#333,.T.);
#1070=EDGE_CURVE('',#846,#844,#334,.T.);
#1071=EDGE_CURVE('',#845,#847,#335,.T.);
#1072=EDGE_CURVE('',#848,#847,#336,.T.);
#1073=EDGE_CURVE('',#848,#846,#337,.T.);
#1074=EDGE_CURVE('',#847,#849,#338,.T.);
#1075=EDGE_CURVE('',#849,#850,#339,.T.);
#1076=EDGE_CURVE('',#850,#848,#340,.T.);
#1077=EDGE_CURVE('',#849,#851,#341,.T.);
#1078=EDGE_CURVE('',#851,#852,#342,.T.);
#1079=EDGE_CURVE('',#852,#850,#343,.T.);
#1080=EDGE_CURVE('',#851,#853,#344,.T.);
#1081=EDGE_CURVE('',#853,#854,#345,.T.);
#1082=EDGE_CURVE('',#854,#852,#346,.T.);
#1083=EDGE_CURVE('',#853,#855,#347,.T.);
#1084=EDGE_CURVE('',#856,#855,#348,.T.);
#1085=EDGE_CURVE('',#856,#854,#349,.T.);
#1086=EDGE_CURVE('',#855,#857,#350,.T.);
#1087=EDGE_CURVE('',#857,#858,#351,.T.);
#1088=EDGE_CURVE('',#858,#856,#352,.T.);
#1089=EDGE_CURVE('',#857,#772,#353,.T.);
#1090=EDGE_CURVE('',#773,#858,#354,.T.);
#1091=EDGE_CURVE('',#779,#770,#355,.T.);
#1092=EDGE_CURVE('',#769,#782,#356,.T.);
#1093=EDGE_CURVE('',#859,#781,#357,.T.);
#1094=EDGE_CURVE('',#860,#859,#358,.T.);
#1095=EDGE_CURVE('',#861,#860,#359,.T.);
#1096=EDGE_CURVE('',#862,#861,#360,.T.);
#1097=EDGE_CURVE('',#863,#862,#361,.T.);
#1098=EDGE_CURVE('',#864,#863,#362,.T.);
#1099=EDGE_CURVE('',#865,#864,#363,.T.);
#1100=EDGE_CURVE('',#866,#865,#364,.T.);
#1101=EDGE_CURVE('',#867,#866,#365,.T.);
#1102=EDGE_CURVE('',#868,#867,#366,.T.);
#1103=EDGE_CURVE('',#869,#868,#367,.T.);
#1104=EDGE_CURVE('',#870,#869,#368,.T.);
#1105=EDGE_CURVE('',#871,#870,#369,.T.);
#1106=EDGE_CURVE('',#872,#871,#370,.T.);
#1107=EDGE_CURVE('',#873,#872,#371,.T.);
#1108=EDGE_CURVE('',#874,#873,#372,.T.);
#1109=EDGE_CURVE('',#875,#874,#373,.T.);
#1110=EDGE_CURVE('',#876,#875,#374,.T.);
#1111=EDGE_CURVE('',#877,#876,#375,.T.);
#1112=EDGE_CURVE('',#878,#877,#376,.T.);
#1113=EDGE_CURVE('',#879,#878,#377,.T.);
#1114=EDGE_CURVE('',#880,#879,#378,.T.);
#1115=EDGE_CURVE('',#881,#880,#379,.T.);
#1116=EDGE_CURVE('',#882,#881,#380,.T.);
#1117=EDGE_CURVE('',#883,#882,#381,.T.);
#1118=EDGE_CURVE('',#884,#883,#382,.T.);
#1119=EDGE_CURVE('',#885,#884,#383,.T.);
#1120=EDGE_CURVE('',#886,#885,#384,.T.);
#1121=EDGE_CURVE('',#887,#886,#385,.T.);
#1122=EDGE_CURVE('',#888,#887,#386,.T.);
#1123=EDGE_CURVE('',#889,#888,#387,.T.);
#1124=EDGE_CURVE('',#890,#889,#388,.T.);
#1125=EDGE_CURVE('',#891,#890,#389,.T.);
#1126=EDGE_CURVE('',#892,#891,#390,.T.);
#1127=EDGE_CURVE('',#893,#892,#391,.T.);
#1128=EDGE_CURVE('',#894,#893,#392,.T.);
#1129=EDGE_CURVE('',#895,#894,#393,.T.);
#1130=EDGE_CURVE('',#896,#895,#394,.T.);
#1131=EDGE_CURVE('',#897,#896,#395,.T.);
#1132=EDGE_CURVE('',#898,#897,#396,.T.);
#1133=EDGE_CURVE('',#786,#898,#397,.T.);
#1134=EDGE_CURVE('',#899,#900,#398,.T.);
#1135=EDGE_CURVE('',#900,#898,#399,.T.);
#1136=EDGE_CURVE('',#899,#897,#400,.T.);
#1137=EDGE_CURVE('',#901,#899,#401,.T.);
#1138=EDGE_CURVE('',#901,#896,#402,.T.);
#1139=EDGE_CURVE('',#902,#901,#403,.T.);
#1140=EDGE_CURVE('',#895,#902,#404,.T.);
#1141=EDGE_CURVE('',#903,#902,#405,.T.);
#1142=EDGE_CURVE('',#903,#894,#406,.T.);
#1143=EDGE_CURVE('',#904,#903,#407,.T.);
#1144=EDGE_CURVE('',#904,#893,#408,.T.);
#1145=EDGE_CURVE('',#905,#904,#409,.T.);
#1146=EDGE_CURVE('',#905,#892,#410,.T.);
#1147=EDGE_CURVE('',#906,#905,#411,.T.);
#1148=EDGE_CURVE('',#891,#906,#412,.T.);
#1149=EDGE_CURVE('',#907,#906,#413,.T.);
#1150=EDGE_CURVE('',#907,#890,#414,.T.);
#1151=EDGE_CURVE('',#908,#907,#415,.T.);
#1152=EDGE_CURVE('',#908,#889,#416,.T.);
#1153=EDGE_CURVE('',#909,#908,#417,.T.);
#1154=EDGE_CURVE('',#909,#888,#418,.T.);
#1155=EDGE_CURVE('',#910,#909,#419,.T.);
#1156=EDGE_CURVE('',#887,#910,#420,.T.);
#1157=EDGE_CURVE('',#911,#910,#421,.T.);
#1158=EDGE_CURVE('',#911,#886,#422,.T.);
#1159=EDGE_CURVE('',#912,#911,#423,.T.);
#1160=EDGE_CURVE('',#912,#885,#424,.T.);
#1161=EDGE_CURVE('',#913,#912,#425,.T.);
#1162=EDGE_CURVE('',#913,#884,#426,.T.);
#1163=EDGE_CURVE('',#914,#913,#427,.T.);
#1164=EDGE_CURVE('',#883,#914,#428,.T.);
#1165=EDGE_CURVE('',#915,#914,#429,.T.);
#1166=EDGE_CURVE('',#915,#882,#430,.T.);
#1167=EDGE_CURVE('',#916,#915,#431,.T.);
#1168=EDGE_CURVE('',#916,#881,#432,.T.);
#1169=EDGE_CURVE('',#917,#916,#433,.T.);
#1170=EDGE_CURVE('',#917,#880,#434,.T.);
#1171=EDGE_CURVE('',#918,#917,#435,.T.);
#1172=EDGE_CURVE('',#879,#918,#436,.T.);
#1173=EDGE_CURVE('',#919,#918,#437,.T.);
#1174=EDGE_CURVE('',#919,#878,#438,.T.);
#1175=EDGE_CURVE('',#920,#919,#439,.T.);
#1176=EDGE_CURVE('',#920,#877,#440,.T.);
#1177=EDGE_CURVE('',#921,#920,#441,.T.);
#1178=EDGE_CURVE('',#921,#876,#442,.T.);
#1179=EDGE_CURVE('',#922,#921,#443,.T.);
#1180=EDGE_CURVE('',#875,#922,#444,.T.);
#1181=EDGE_CURVE('',#923,#922,#445,.T.);
#1182=EDGE_CURVE('',#923,#874,#446,.T.);
#1183=EDGE_CURVE('',#924,#923,#447,.T.);
#1184=EDGE_CURVE('',#924,#873,#448,.T.);
#1185=EDGE_CURVE('',#925,#924,#449,.T.);
#1186=EDGE_CURVE('',#925,#872,#450,.T.);
#1187=EDGE_CURVE('',#926,#925,#451,.T.);
#1188=EDGE_CURVE('',#871,#926,#452,.T.);
#1189=EDGE_CURVE('',#927,#926,#453,.T.);
#1190=EDGE_CURVE('',#927,#870,#454,.T.);
#1191=EDGE_CURVE('',#928,#927,#455,.T.);
#1192=EDGE_CURVE('',#928,#869,#456,.T.);
#1193=EDGE_CURVE('',#929,#928,#457,.T.);
#1194=EDGE_CURVE('',#929,#868,#458,.T.);
#1195=EDGE_CURVE('',#930,#929,#459,.T.);
#1196=EDGE_CURVE('',#867,#930,#460,.T.);
#1197=EDGE_CURVE('',#931,#930,#461,.T.);
#1198=EDGE_CURVE('',#931,#866,#462,.T.);
#1199=EDGE_CURVE('',#932,#931,#463,.T.);
#1200=EDGE_CURVE('',#932,#865,#464,.T.);
#1201=EDGE_CURVE('',#933,#932,#465,.T.);
#1202=EDGE_CURVE('',#933,#864,#466,.T.);
#1203=EDGE_CURVE('',#934,#933,#467,.T.);
#1204=EDGE_CURVE('',#863,#934,#468,.T.);
#1205=EDGE_CURVE('',#935,#934,#469,.T.);
#1206=EDGE_CURVE('',#935,#862,#470,.T.);
#1207=EDGE_CURVE('',#936,#935,#471,.T.);
#1208=EDGE_CURVE('',#936,#861,#472,.T.);
#1209=EDGE_CURVE('',#937,#936,#473,.T.);
#1210=EDGE_CURVE('',#937,#860,#474,.T.);
#1211=EDGE_CURVE('',#938,#937,#475,.T.);
#1212=EDGE_CURVE('',#938,#859,#476,.T.);
#1213=EDGE_CURVE('',#780,#938,#477,.T.);
#1214=EDGE_CURVE('',#900,#783,#478,.T.);
#1215=ORIENTED_EDGE('',*,*,#939,.T.);
#1216=ORIENTED_EDGE('',*,*,#940,.T.);
#1217=ORIENTED_EDGE('',*,*,#941,.T.);
#1218=ORIENTED_EDGE('',*,*,#942,.T.);
#1219=ORIENTED_EDGE('',*,*,#943,.F.);
#1220=ORIENTED_EDGE('',*,*,#944,.T.);
#1221=ORIENTED_EDGE('',*,*,#940,.F.);
#1222=ORIENTED_EDGE('',*,*,#945,.F.);
#1223=ORIENTED_EDGE('',*,*,#946,.T.);
#1224=ORIENTED_EDGE('',*,*,#947,.T.);
#1225=ORIENTED_EDGE('',*,*,#948,.T.);
#1226=ORIENTED_EDGE('',*,*,#943,.T.);
#1227=ORIENTED_EDGE('',*,*,#949,.F.);
#1228=ORIENTED_EDGE('',*,*,#950,.F.);
#1229=ORIENTED_EDGE('',*,*,#951,.F.);
#1230=ORIENTED_EDGE('',*,*,#952,.T.);
#1231=ORIENTED_EDGE('',*,*,#953,.T.);
#1232=ORIENTED_EDGE('',*,*,#954,.T.);
#1233=ORIENTED_EDGE('',*,*,#955,.T.);
#1234=ORIENTED_EDGE('',*,*,#946,.F.);
#1235=ORIENTED_EDGE('',*,*,#945,.T.);
#1236=ORIENTED_EDGE('',*,*,#939,.F.);
#1237=ORIENTED_EDGE('',*,*,#956,.F.);
#1238=ORIENTED_EDGE('',*,*,#957,.F.);
#1239=ORIENTED_EDGE('',*,*,#953,.F.);
#1240=ORIENTED_EDGE('',*,*,#958,.T.);
#1241=ORIENTED_EDGE('',*,*,#959,.F.);
#1242=ORIENTED_EDGE('',*,*,#960,.F.);
#1243=ORIENTED_EDGE('',*,*,#949,.T.);
#1244=ORIENTED_EDGE('',*,*,#942,.F.);
#1245=ORIENTED_EDGE('',*,*,#961,.F.);
#1246=ORIENTED_EDGE('',*,*,#962,.T.);
#1247=ORIENTED_EDGE('',*,*,#963,.T.);
#1248=ORIENTED_EDGE('',*,*,#964,.T.);
#1249=ORIENTED_EDGE('',*,*,#965,.T.);
#1250=ORIENTED_EDGE('',*,*,#966,.T.);
#1251=ORIENTED_EDGE('',*,*,#950,.T.);
#1252=ORIENTED_EDGE('',*,*,#960,.T.);
#1253=ORIENTED_EDGE('',*,*,#948,.F.);
#1254=ORIENTED_EDGE('',*,*,#967,.F.);
#1255=ORIENTED_EDGE('',*,*,#968,.F.);
#1256=ORIENTED_EDGE('',*,*,#963,.F.);
#1257=ORIENTED_EDGE('',*,*,#969,.T.);
#1258=ORIENTED_EDGE('',*,*,#970,.T.);
#1259=ORIENTED_EDGE('',*,*,#965,.F.);
#1260=ORIENTED_EDGE('',*,*,#959,.T.);
#1261=ORIENTED_EDGE('',*,*,#941,.F.);
#1262=ORIENTED_EDGE('',*,*,#944,.F.);
#1263=ORIENTED_EDGE('',*,*,#947,.F.);
#1264=ORIENTED_EDGE('',*,*,#955,.F.);
#1265=ORIENTED_EDGE('',*,*,#971,.F.);
#1266=ORIENTED_EDGE('',*,*,#967,.T.);
#1267=ORIENTED_EDGE('',*,*,#966,.F.);
#1268=ORIENTED_EDGE('',*,*,#970,.F.);
#1269=ORIENTED_EDGE('',*,*,#972,.T.);
#1270=ORIENTED_EDGE('',*,*,#951,.T.);
#1271=ORIENTED_EDGE('',*,*,#973,.T.);
#1272=ORIENTED_EDGE('',*,*,#974,.F.);
#1273=ORIENTED_EDGE('',*,*,#975,.T.);
#1274=ORIENTED_EDGE('',*,*,#976,.F.);
#1275=ORIENTED_EDGE('',*,*,#977,.T.);
#1276=ORIENTED_EDGE('',*,*,#978,.T.);
#1277=ORIENTED_EDGE('',*,*,#979,.T.);
#1278=ORIENTED_EDGE('',*,*,#980,.T.);
#1279=ORIENTED_EDGE('',*,*,#981,.T.);
#1280=ORIENTED_EDGE('',*,*,#982,.T.);
#1281=ORIENTED_EDGE('',*,*,#983,.T.);
#1282=ORIENTED_EDGE('',*,*,#978,.F.);
#1283=ORIENTED_EDGE('',*,*,#984,.T.);
#1284=ORIENTED_EDGE('',*,*,#985,.T.);
#1285=ORIENTED_EDGE('',*,*,#986,.T.);
#1286=ORIENTED_EDGE('',*,*,#982,.F.);
#1287=ORIENTED_EDGE('',*,*,#987,.T.);
#1288=ORIENTED_EDGE('',*,*,#988,.F.);
#1289=ORIENTED_EDGE('',*,*,#989,.T.);
#1290=ORIENTED_EDGE('',*,*,#985,.F.);
#1291=ORIENTED_EDGE('',*,*,#990,.T.);
#1292=ORIENTED_EDGE('',*,*,#991,.T.);
#1293=ORIENTED_EDGE('',*,*,#992,.T.);
#1294=ORIENTED_EDGE('',*,*,#988,.T.);
#1295=ORIENTED_EDGE('',*,*,#993,.T.);
#1296=ORIENTED_EDGE('',*,*,#994,.T.);
#1297=ORIENTED_EDGE('',*,*,#995,.T.);
#1298=ORIENTED_EDGE('',*,*,#991,.F.);
#1299=ORIENTED_EDGE('',*,*,#996,.T.);
#1300=ORIENTED_EDGE('',*,*,#997,.T.);
#1301=ORIENTED_EDGE('',*,*,#998,.T.);
#1302=ORIENTED_EDGE('',*,*,#994,.F.);
#1303=ORIENTED_EDGE('',*,*,#999,.T.);
#1304=ORIENTED_EDGE('',*,*,#1000,.F.);
#1305=ORIENTED_EDGE('',*,*,#1001,.T.);
#1306=ORIENTED_EDGE('',*,*,#997,.F.);
#1307=ORIENTED_EDGE('',*,*,#1002,.T.);
#1308=ORIENTED_EDGE('',*,*,#1003,.T.);
#1309=ORIENTED_EDGE('',*,*,#1004,.T.);
#1310=ORIENTED_EDGE('',*,*,#1000,.T.);
#1311=ORIENTED_EDGE('',*,*,#1005,.T.);
#1312=ORIENTED_EDGE('',*,*,#1006,.T.);
#1313=ORIENTED_EDGE('',*,*,#1007,.T.);
#1314=ORIENTED_EDGE('',*,*,#1003,.F.);
#1315=ORIENTED_EDGE('',*,*,#1008,.T.);
#1316=ORIENTED_EDGE('',*,*,#1009,.T.);
#1317=ORIENTED_EDGE('',*,*,#1010,.T.);
#1318=ORIENTED_EDGE('',*,*,#1006,.F.);
#1319=ORIENTED_EDGE('',*,*,#1011,.T.);
#1320=ORIENTED_EDGE('',*,*,#1012,.F.);
#1321=ORIENTED_EDGE('',*,*,#1013,.T.);
#1322=ORIENTED_EDGE('',*,*,#1009,.F.);
#1323=ORIENTED_EDGE('',*,*,#1014,.T.);
#1324=ORIENTED_EDGE('',*,*,#1015,.T.);
#1325=ORIENTED_EDGE('',*,*,#1016,.T.);
#1326=ORIENTED_EDGE('',*,*,#1012,.T.);
#1327=ORIENTED_EDGE('',*,*,#1017,.T.);
#1328=ORIENTED_EDGE('',*,*,#1018,.T.);
#1329=ORIENTED_EDGE('',*,*,#1019,.T.);
#1330=ORIENTED_EDGE('',*,*,#1015,.F.);
#1331=ORIENTED_EDGE('',*,*,#1020,.T.);
#1332=ORIENTED_EDGE('',*,*,#1021,.T.);
#1333=ORIENTED_EDGE('',*,*,#1022,.T.);
#1334=ORIENTED_EDGE('',*,*,#1018,.F.);
#1335=ORIENTED_EDGE('',*,*,#1023,.T.);
#1336=ORIENTED_EDGE('',*,*,#1024,.F.);
#1337=ORIENTED_EDGE('',*,*,#1025,.T.);
#1338=ORIENTED_EDGE('',*,*,#1021,.F.);
#1339=ORIENTED_EDGE('',*,*,#1026,.T.);
#1340=ORIENTED_EDGE('',*,*,#1027,.T.);
#1341=ORIENTED_EDGE('',*,*,#1028,.T.);
#1342=ORIENTED_EDGE('',*,*,#1024,.T.);
#1343=ORIENTED_EDGE('',*,*,#1029,.T.);
#1344=ORIENTED_EDGE('',*,*,#1030,.T.);
#1345=ORIENTED_EDGE('',*,*,#1031,.T.);
#1346=ORIENTED_EDGE('',*,*,#1027,.F.);
#1347=ORIENTED_EDGE('',*,*,#1032,.T.);
#1348=ORIENTED_EDGE('',*,*,#1033,.T.);
#1349=ORIENTED_EDGE('',*,*,#1034,.T.);
#1350=ORIENTED_EDGE('',*,*,#1030,.F.);
#1351=ORIENTED_EDGE('',*,*,#1035,.T.);
#1352=ORIENTED_EDGE('',*,*,#1036,.F.);
#1353=ORIENTED_EDGE('',*,*,#1037,.T.);
#1354=ORIENTED_EDGE('',*,*,#1033,.F.);
#1355=ORIENTED_EDGE('',*,*,#1038,.T.);
#1356=ORIENTED_EDGE('',*,*,#1039,.T.);
#1357=ORIENTED_EDGE('',*,*,#1040,.T.);
#1358=ORIENTED_EDGE('',*,*,#1036,.T.);
#1359=ORIENTED_EDGE('',*,*,#1041,.T.);
#1360=ORIENTED_EDGE('',*,*,#1042,.T.);
#1361=ORIENTED_EDGE('',*,*,#1043,.T.);
#1362=ORIENTED_EDGE('',*,*,#1039,.F.);
#1363=ORIENTED_EDGE('',*,*,#1044,.T.);
#1364=ORIENTED_EDGE('',*,*,#1045,.T.);
#1365=ORIENTED_EDGE('',*,*,#1046,.T.);
#1366=ORIENTED_EDGE('',*,*,#1042,.F.);
#1367=ORIENTED_EDGE('',*,*,#1047,.T.);
#1368=ORIENTED_EDGE('',*,*,#1048,.F.);
#1369=ORIENTED_EDGE('',*,*,#1049,.T.);
#1370=ORIENTED_EDGE('',*,*,#1045,.F.);
#1371=ORIENTED_EDGE('',*,*,#1050,.T.);
#1372=ORIENTED_EDGE('',*,*,#1051,.T.);
#1373=ORIENTED_EDGE('',*,*,#1052,.T.);
#1374=ORIENTED_EDGE('',*,*,#1048,.T.);
#1375=ORIENTED_EDGE('',*,*,#1053,.T.);
#1376=ORIENTED_EDGE('',*,*,#1054,.T.);
#1377=ORIENTED_EDGE('',*,*,#1055,.T.);
#1378=ORIENTED_EDGE('',*,*,#1051,.F.);
#1379=ORIENTED_EDGE('',*,*,#1056,.T.);
#1380=ORIENTED_EDGE('',*,*,#1057,.T.);
#1381=ORIENTED_EDGE('',*,*,#1058,.T.);
#1382=ORIENTED_EDGE('',*,*,#1054,.F.);
#1383=ORIENTED_EDGE('',*,*,#1059,.T.);
#1384=ORIENTED_EDGE('',*,*,#1060,.F.);
#1385=ORIENTED_EDGE('',*,*,#1061,.T.);
#1386=ORIENTED_EDGE('',*,*,#1057,.F.);
#1387=ORIENTED_EDGE('',*,*,#1062,.T.);
#1388=ORIENTED_EDGE('',*,*,#1063,.T.);
#1389=ORIENTED_EDGE('',*,*,#1064,.T.);
#1390=ORIENTED_EDGE('',*,*,#1060,.T.);
#1391=ORIENTED_EDGE('',*,*,#1065,.T.);
#1392=ORIENTED_EDGE('',*,*,#1066,.T.);
#1393=ORIENTED_EDGE('',*,*,#1067,.T.);
#1394=ORIENTED_EDGE('',*,*,#1063,.F.);
#1395=ORIENTED_EDGE('',*,*,#1068,.T.);
#1396=ORIENTED_EDGE('',*,*,#1069,.T.);
#1397=ORIENTED_EDGE('',*,*,#1070,.T.);
#1398=ORIENTED_EDGE('',*,*,#1066,.F.);
#1399=ORIENTED_EDGE('',*,*,#1071,.T.);
#1400=ORIENTED_EDGE('',*,*,#1072,.F.);
#1401=ORIENTED_EDGE('',*,*,#1073,.T.);
#1402=ORIENTED_EDGE('',*,*,#1069,.F.);
#1403=ORIENTED_EDGE('',*,*,#1074,.T.);
#1404=ORIENTED_EDGE('',*,*,#1075,.T.);
#1405=ORIENTED_EDGE('',*,*,#1076,.T.);
#1406=ORIENTED_EDGE('',*,*,#1072,.T.);
#1407=ORIENTED_EDGE('',*,*,#1077,.T.);
#1408=ORIENTED_EDGE('',*,*,#1078,.T.);
#1409=ORIENTED_EDGE('',*,*,#1079,.T.);
#1410=ORIENTED_EDGE('',*,*,#1075,.F.);
#1411=ORIENTED_EDGE('',*,*,#1080,.T.);
#1412=ORIENTED_EDGE('',*,*,#1081,.T.);
#1413=ORIENTED_EDGE('',*,*,#1082,.T.);
#1414=ORIENTED_EDGE('',*,*,#1078,.F.);
#1415=ORIENTED_EDGE('',*,*,#1083,.T.);
#1416=ORIENTED_EDGE('',*,*,#1084,.F.);
#1417=ORIENTED_EDGE('',*,*,#1085,.T.);
#1418=ORIENTED_EDGE('',*,*,#1081,.F.);
#1419=ORIENTED_EDGE('',*,*,#1086,.T.);
#1420=ORIENTED_EDGE('',*,*,#1087,.T.);
#1421=ORIENTED_EDGE('',*,*,#1088,.T.);
#1422=ORIENTED_EDGE('',*,*,#1084,.T.);
#1423=ORIENTED_EDGE('',*,*,#1089,.T.);
#1424=ORIENTED_EDGE('',*,*,#961,.T.);
#1425=ORIENTED_EDGE('',*,*,#1090,.T.);
#1426=ORIENTED_EDGE('',*,*,#1087,.F.);
#1427=ORIENTED_EDGE('',*,*,#956,.T.);
#1428=ORIENTED_EDGE('',*,*,#1091,.F.);
#1429=ORIENTED_EDGE('',*,*,#976,.T.);
#1430=ORIENTED_EDGE('',*,*,#1092,.F.);
#1431=ORIENTED_EDGE('',*,*,#1092,.T.);
#1432=ORIENTED_EDGE('',*,*,#975,.F.);
#1433=ORIENTED_EDGE('',*,*,#1093,.F.);
#1434=ORIENTED_EDGE('',*,*,#1094,.F.);
#1435=ORIENTED_EDGE('',*,*,#1095,.F.);
#1436=ORIENTED_EDGE('',*,*,#1096,.F.);
#1437=ORIENTED_EDGE('',*,*,#1097,.F.);
#1438=ORIENTED_EDGE('',*,*,#1098,.F.);
#1439=ORIENTED_EDGE('',*,*,#1099,.F.);
#1440=ORIENTED_EDGE('',*,*,#1100,.F.);
#1441=ORIENTED_EDGE('',*,*,#1101,.F.);
#1442=ORIENTED_EDGE('',*,*,#1102,.F.);
#1443=ORIENTED_EDGE('',*,*,#1103,.F.);
#1444=ORIENTED_EDGE('',*,*,#1104,.F.);
#1445=ORIENTED_EDGE('',*,*,#1105,.F.);
#1446=ORIENTED_EDGE('',*,*,#1106,.F.);
#1447=ORIENTED_EDGE('',*,*,#1107,.F.);
#1448=ORIENTED_EDGE('',*,*,#1108,.F.);
#1449=ORIENTED_EDGE('',*,*,#1109,.F.);
#1450=ORIENTED_EDGE('',*,*,#1110,.F.);
#1451=ORIENTED_EDGE('',*,*,#1111,.F.);
#1452=ORIENTED_EDGE('',*,*,#1112,.F.);
#1453=ORIENTED_EDGE('',*,*,#1113,.F.);
#1454=ORIENTED_EDGE('',*,*,#1114,.F.);
#1455=ORIENTED_EDGE('',*,*,#1115,.F.);
#1456=ORIENTED_EDGE('',*,*,#1116,.F.);
#1457=ORIENTED_EDGE('',*,*,#1117,.F.);
#1458=ORIENTED_EDGE('',*,*,#1118,.F.);
#1459=ORIENTED_EDGE('',*,*,#1119,.F.);
#1460=ORIENTED_EDGE('',*,*,#1120,.F.);
#1461=ORIENTED_EDGE('',*,*,#1121,.F.);
#1462=ORIENTED_EDGE('',*,*,#1122,.F.);
#1463=ORIENTED_EDGE('',*,*,#1123,.F.);
#1464=ORIENTED_EDGE('',*,*,#1124,.F.);
#1465=ORIENTED_EDGE('',*,*,#1125,.F.);
#1466=ORIENTED_EDGE('',*,*,#1126,.F.);
#1467=ORIENTED_EDGE('',*,*,#1127,.F.);
#1468=ORIENTED_EDGE('',*,*,#1128,.F.);
#1469=ORIENTED_EDGE('',*,*,#1129,.F.);
#1470=ORIENTED_EDGE('',*,*,#1130,.F.);
#1471=ORIENTED_EDGE('',*,*,#1131,.F.);
#1472=ORIENTED_EDGE('',*,*,#1132,.F.);
#1473=ORIENTED_EDGE('',*,*,#1133,.F.);
#1474=ORIENTED_EDGE('',*,*,#979,.F.);
#1475=ORIENTED_EDGE('',*,*,#983,.F.);
#1476=ORIENTED_EDGE('',*,*,#986,.F.);
#1477=ORIENTED_EDGE('',*,*,#989,.F.);
#1478=ORIENTED_EDGE('',*,*,#992,.F.);
#1479=ORIENTED_EDGE('',*,*,#995,.F.);
#1480=ORIENTED_EDGE('',*,*,#998,.F.);
#1481=ORIENTED_EDGE('',*,*,#1001,.F.);
#1482=ORIENTED_EDGE('',*,*,#1004,.F.);
#1483=ORIENTED_EDGE('',*,*,#1007,.F.);
#1484=ORIENTED_EDGE('',*,*,#1010,.F.);
#1485=ORIENTED_EDGE('',*,*,#1013,.F.);
#1486=ORIENTED_EDGE('',*,*,#1016,.F.);
#1487=ORIENTED_EDGE('',*,*,#1019,.F.);
#1488=ORIENTED_EDGE('',*,*,#1022,.F.);
#1489=ORIENTED_EDGE('',*,*,#1025,.F.);
#1490=ORIENTED_EDGE('',*,*,#1028,.F.);
#1491=ORIENTED_EDGE('',*,*,#1031,.F.);
#1492=ORIENTED_EDGE('',*,*,#1034,.F.);
#1493=ORIENTED_EDGE('',*,*,#1037,.F.);
#1494=ORIENTED_EDGE('',*,*,#1040,.F.);
#1495=ORIENTED_EDGE('',*,*,#1043,.F.);
#1496=ORIENTED_EDGE('',*,*,#1046,.F.);
#1497=ORIENTED_EDGE('',*,*,#1049,.F.);
#1498=ORIENTED_EDGE('',*,*,#1052,.F.);
#1499=ORIENTED_EDGE('',*,*,#1055,.F.);
#1500=ORIENTED_EDGE('',*,*,#1058,.F.);
#1501=ORIENTED_EDGE('',*,*,#1061,.F.);
#1502=ORIENTED_EDGE('',*,*,#1064,.F.);
#1503=ORIENTED_EDGE('',*,*,#1067,.F.);
#1504=ORIENTED_EDGE('',*,*,#1070,.F.);
#1505=ORIENTED_EDGE('',*,*,#1073,.F.);
#1506=ORIENTED_EDGE('',*,*,#1076,.F.);
#1507=ORIENTED_EDGE('',*,*,#1079,.F.);
#1508=ORIENTED_EDGE('',*,*,#1082,.F.);
#1509=ORIENTED_EDGE('',*,*,#1085,.F.);
#1510=ORIENTED_EDGE('',*,*,#1088,.F.);
#1511=ORIENTED_EDGE('',*,*,#1090,.F.);
#1512=ORIENTED_EDGE('',*,*,#964,.F.);
#1513=ORIENTED_EDGE('',*,*,#968,.T.);
#1514=ORIENTED_EDGE('',*,*,#971,.T.);
#1515=ORIENTED_EDGE('',*,*,#954,.F.);
#1516=ORIENTED_EDGE('',*,*,#957,.T.);
#1517=ORIENTED_EDGE('',*,*,#1134,.T.);
#1518=ORIENTED_EDGE('',*,*,#1135,.T.);
#1519=ORIENTED_EDGE('',*,*,#1132,.T.);
#1520=ORIENTED_EDGE('',*,*,#1136,.F.);
#1521=ORIENTED_EDGE('',*,*,#1137,.T.);
#1522=ORIENTED_EDGE('',*,*,#1136,.T.);
#1523=ORIENTED_EDGE('',*,*,#1131,.T.);
#1524=ORIENTED_EDGE('',*,*,#1138,.F.);
#1525=ORIENTED_EDGE('',*,*,#1139,.T.);
#1526=ORIENTED_EDGE('',*,*,#1138,.T.);
#1527=ORIENTED_EDGE('',*,*,#1130,.T.);
#1528=ORIENTED_EDGE('',*,*,#1140,.T.);
#1529=ORIENTED_EDGE('',*,*,#1141,.T.);
#1530=ORIENTED_EDGE('',*,*,#1140,.F.);
#1531=ORIENTED_EDGE('',*,*,#1129,.T.);
#1532=ORIENTED_EDGE('',*,*,#1142,.F.);
#1533=ORIENTED_EDGE('',*,*,#1143,.T.);
#1534=ORIENTED_EDGE('',*,*,#1142,.T.);
#1535=ORIENTED_EDGE('',*,*,#1128,.T.);
#1536=ORIENTED_EDGE('',*,*,#1144,.F.);
#1537=ORIENTED_EDGE('',*,*,#1145,.T.);
#1538=ORIENTED_EDGE('',*,*,#1144,.T.);
#1539=ORIENTED_EDGE('',*,*,#1127,.T.);
#1540=ORIENTED_EDGE('',*,*,#1146,.F.);
#1541=ORIENTED_EDGE('',*,*,#1147,.T.);
#1542=ORIENTED_EDGE('',*,*,#1146,.T.);
#1543=ORIENTED_EDGE('',*,*,#1126,.T.);
#1544=ORIENTED_EDGE('',*,*,#1148,.T.);
#1545=ORIENTED_EDGE('',*,*,#1149,.T.);
#1546=ORIENTED_EDGE('',*,*,#1148,.F.);
#1547=ORIENTED_EDGE('',*,*,#1125,.T.);
#1548=ORIENTED_EDGE('',*,*,#1150,.F.);
#1549=ORIENTED_EDGE('',*,*,#1151,.T.);
#1550=ORIENTED_EDGE('',*,*,#1150,.T.);
#1551=ORIENTED_EDGE('',*,*,#1124,.T.);
#1552=ORIENTED_EDGE('',*,*,#1152,.F.);
#1553=ORIENTED_EDGE('',*,*,#1153,.T.);
#1554=ORIENTED_EDGE('',*,*,#1152,.T.);
#1555=ORIENTED_EDGE('',*,*,#1123,.T.);
#1556=ORIENTED_EDGE('',*,*,#1154,.F.);
#1557=ORIENTED_EDGE('',*,*,#1155,.T.);
#1558=ORIENTED_EDGE('',*,*,#1154,.T.);
#1559=ORIENTED_EDGE('',*,*,#1122,.T.);
#1560=ORIENTED_EDGE('',*,*,#1156,.T.);
#1561=ORIENTED_EDGE('',*,*,#1157,.T.);
#1562=ORIENTED_EDGE('',*,*,#1156,.F.);
#1563=ORIENTED_EDGE('',*,*,#1121,.T.);
#1564=ORIENTED_EDGE('',*,*,#1158,.F.);
#1565=ORIENTED_EDGE('',*,*,#1159,.T.);
#1566=ORIENTED_EDGE('',*,*,#1158,.T.);
#1567=ORIENTED_EDGE('',*,*,#1120,.T.);
#1568=ORIENTED_EDGE('',*,*,#1160,.F.);
#1569=ORIENTED_EDGE('',*,*,#1161,.T.);
#1570=ORIENTED_EDGE('',*,*,#1160,.T.);
#1571=ORIENTED_EDGE('',*,*,#1119,.T.);
#1572=ORIENTED_EDGE('',*,*,#1162,.F.);
#1573=ORIENTED_EDGE('',*,*,#1163,.T.);
#1574=ORIENTED_EDGE('',*,*,#1162,.T.);
#1575=ORIENTED_EDGE('',*,*,#1118,.T.);
#1576=ORIENTED_EDGE('',*,*,#1164,.T.);
#1577=ORIENTED_EDGE('',*,*,#1165,.T.);
#1578=ORIENTED_EDGE('',*,*,#1164,.F.);
#1579=ORIENTED_EDGE('',*,*,#1117,.T.);
#1580=ORIENTED_EDGE('',*,*,#1166,.F.);
#1581=ORIENTED_EDGE('',*,*,#1167,.T.);
#1582=ORIENTED_EDGE('',*,*,#1166,.T.);
#1583=ORIENTED_EDGE('',*,*,#1116,.T.);
#1584=ORIENTED_EDGE('',*,*,#1168,.F.);
#1585=ORIENTED_EDGE('',*,*,#1169,.T.);
#1586=ORIENTED_EDGE('',*,*,#1168,.T.);
#1587=ORIENTED_EDGE('',*,*,#1115,.T.);
#1588=ORIENTED_EDGE('',*,*,#1170,.F.);
#1589=ORIENTED_EDGE('',*,*,#1171,.T.);
#1590=ORIENTED_EDGE('',*,*,#1170,.T.);
#1591=ORIENTED_EDGE('',*,*,#1114,.T.);
#1592=ORIENTED_EDGE('',*,*,#1172,.T.);
#1593=ORIENTED_EDGE('',*,*,#1173,.T.);
#1594=ORIENTED_EDGE('',*,*,#1172,.F.);
#1595=ORIENTED_EDGE('',*,*,#1113,.T.);
#1596=ORIENTED_EDGE('',*,*,#1174,.F.);
#1597=ORIENTED_EDGE('',*,*,#1175,.T.);
#1598=ORIENTED_EDGE('',*,*,#1174,.T.);
#1599=ORIENTED_EDGE('',*,*,#1112,.T.);
#1600=ORIENTED_EDGE('',*,*,#1176,.F.);
#1601=ORIENTED_EDGE('',*,*,#1177,.T.);
#1602=ORIENTED_EDGE('',*,*,#1176,.T.);
#1603=ORIENTED_EDGE('',*,*,#1111,.T.);
#1604=ORIENTED_EDGE('',*,*,#1178,.F.);
#1605=ORIENTED_EDGE('',*,*,#1179,.T.);
#1606=ORIENTED_EDGE('',*,*,#1178,.T.);
#1607=ORIENTED_EDGE('',*,*,#1110,.T.);
#1608=ORIENTED_EDGE('',*,*,#1180,.T.);
#1609=ORIENTED_EDGE('',*,*,#1181,.T.);
#1610=ORIENTED_EDGE('',*,*,#1180,.F.);
#1611=ORIENTED_EDGE('',*,*,#1109,.T.);
#1612=ORIENTED_EDGE('',*,*,#1182,.F.);
#1613=ORIENTED_EDGE('',*,*,#1183,.T.);
#1614=ORIENTED_EDGE('',*,*,#1182,.T.);
#1615=ORIENTED_EDGE('',*,*,#1108,.T.);
#1616=ORIENTED_EDGE('',*,*,#1184,.F.);
#1617=ORIENTED_EDGE('',*,*,#1185,.T.);
#1618=ORIENTED_EDGE('',*,*,#1184,.T.);
#1619=ORIENTED_EDGE('',*,*,#1107,.T.);
#1620=ORIENTED_EDGE('',*,*,#1186,.F.);
#1621=ORIENTED_EDGE('',*,*,#1187,.T.);
#1622=ORIENTED_EDGE('',*,*,#1186,.T.);
#1623=ORIENTED_EDGE('',*,*,#1106,.T.);
#1624=ORIENTED_EDGE('',*,*,#1188,.T.);
#1625=ORIENTED_EDGE('',*,*,#1189,.T.);
#1626=ORIENTED_EDGE('',*,*,#1188,.F.);
#1627=ORIENTED_EDGE('',*,*,#1105,.T.);
#1628=ORIENTED_EDGE('',*,*,#1190,.F.);
#1629=ORIENTED_EDGE('',*,*,#1191,.T.);
#1630=ORIENTED_EDGE('',*,*,#1190,.T.);
#1631=ORIENTED_EDGE('',*,*,#1104,.T.);
#1632=ORIENTED_EDGE('',*,*,#1192,.F.);
#1633=ORIENTED_EDGE('',*,*,#1193,.T.);
#1634=ORIENTED_EDGE('',*,*,#1192,.T.);
#1635=ORIENTED_EDGE('',*,*,#1103,.T.);
#1636=ORIENTED_EDGE('',*,*,#1194,.F.);
#1637=ORIENTED_EDGE('',*,*,#1195,.T.);
#1638=ORIENTED_EDGE('',*,*,#1194,.T.);
#1639=ORIENTED_EDGE('',*,*,#1102,.T.);
#1640=ORIENTED_EDGE('',*,*,#1196,.T.);
#1641=ORIENTED_EDGE('',*,*,#1197,.T.);
#1642=ORIENTED_EDGE('',*,*,#1196,.F.);
#1643=ORIENTED_EDGE('',*,*,#1101,.T.);
#1644=ORIENTED_EDGE('',*,*,#1198,.F.);
#1645=ORIENTED_EDGE('',*,*,#1199,.T.);
#1646=ORIENTED_EDGE('',*,*,#1198,.T.);
#1647=ORIENTED_EDGE('',*,*,#1100,.T.);
#1648=ORIENTED_EDGE('',*,*,#1200,.F.);
#1649=ORIENTED_EDGE('',*,*,#1201,.T.);
#1650=ORIENTED_EDGE('',*,*,#1200,.T.);
#1651=ORIENTED_EDGE('',*,*,#1099,.T.);
#1652=ORIENTED_EDGE('',*,*,#1202,.F.);
#1653=ORIENTED_EDGE('',*,*,#1203,.T.);
#1654=ORIENTED_EDGE('',*,*,#1202,.T.);
#1655=ORIENTED_EDGE('',*,*,#1098,.T.);
#1656=ORIENTED_EDGE('',*,*,#1204,.T.);
#1657=ORIENTED_EDGE('',*,*,#1205,.T.);
#1658=ORIENTED_EDGE('',*,*,#1204,.F.);
#1659=ORIENTED_EDGE('',*,*,#1097,.T.);
#1660=ORIENTED_EDGE('',*,*,#1206,.F.);
#1661=ORIENTED_EDGE('',*,*,#1207,.T.);
#1662=ORIENTED_EDGE('',*,*,#1206,.T.);
#1663=ORIENTED_EDGE('',*,*,#1096,.T.);
#1664=ORIENTED_EDGE('',*,*,#1208,.F.);
#1665=ORIENTED_EDGE('',*,*,#1209,.T.);
#1666=ORIENTED_EDGE('',*,*,#1208,.T.);
#1667=ORIENTED_EDGE('',*,*,#1095,.T.);
#1668=ORIENTED_EDGE('',*,*,#1210,.F.);
#1669=ORIENTED_EDGE('',*,*,#1211,.T.);
#1670=ORIENTED_EDGE('',*,*,#1210,.T.);
#1671=ORIENTED_EDGE('',*,*,#1094,.T.);
#1672=ORIENTED_EDGE('',*,*,#1212,.F.);
#1673=ORIENTED_EDGE('',*,*,#1213,.T.);
#1674=ORIENTED_EDGE('',*,*,#1212,.T.);
#1675=ORIENTED_EDGE('',*,*,#1093,.T.);
#1676=ORIENTED_EDGE('',*,*,#974,.T.);
#1677=ORIENTED_EDGE('',*,*,#1214,.T.);
#1678=ORIENTED_EDGE('',*,*,#980,.F.);
#1679=ORIENTED_EDGE('',*,*,#1133,.T.);
#1680=ORIENTED_EDGE('',*,*,#1135,.F.);
#1681=ORIENTED_EDGE('',*,*,#1091,.T.);
#1682=ORIENTED_EDGE('',*,*,#958,.F.);
#1683=ORIENTED_EDGE('',*,*,#952,.F.);
#1684=ORIENTED_EDGE('',*,*,#972,.F.);
#1685=ORIENTED_EDGE('',*,*,#969,.F.);
#1686=ORIENTED_EDGE('',*,*,#962,.F.);
#1687=ORIENTED_EDGE('',*,*,#1089,.F.);
#1688=ORIENTED_EDGE('',*,*,#1086,.F.);
#1689=ORIENTED_EDGE('',*,*,#1083,.F.);
#1690=ORIENTED_EDGE('',*,*,#1080,.F.);
#1691=ORIENTED_EDGE('',*,*,#1077,.F.);
#1692=ORIENTED_EDGE('',*,*,#1074,.F.);
#1693=ORIENTED_EDGE('',*,*,#1071,.F.);
#1694=ORIENTED_EDGE('',*,*,#1068,.F.);
#1695=ORIENTED_EDGE('',*,*,#1065,.F.);
#1696=ORIENTED_EDGE('',*,*,#1062,.F.);
#1697=ORIENTED_EDGE('',*,*,#1059,.F.);
#1698=ORIENTED_EDGE('',*,*,#1056,.F.);
#1699=ORIENTED_EDGE('',*,*,#1053,.F.);
#1700=ORIENTED_EDGE('',*,*,#1050,.F.);
#1701=ORIENTED_EDGE('',*,*,#1047,.F.);
#1702=ORIENTED_EDGE('',*,*,#1044,.F.);
#1703=ORIENTED_EDGE('',*,*,#1041,.F.);
#1704=ORIENTED_EDGE('',*,*,#1038,.F.);
#1705=ORIENTED_EDGE('',*,*,#1035,.F.);
#1706=ORIENTED_EDGE('',*,*,#1032,.F.);
#1707=ORIENTED_EDGE('',*,*,#1029,.F.);
#1708=ORIENTED_EDGE('',*,*,#1026,.F.);
#1709=ORIENTED_EDGE('',*,*,#1023,.F.);
#1710=ORIENTED_EDGE('',*,*,#1020,.F.);
#1711=ORIENTED_EDGE('',*,*,#1017,.F.);
#1712=ORIENTED_EDGE('',*,*,#1014,.F.);
#1713=ORIENTED_EDGE('',*,*,#1011,.F.);
#1714=ORIENTED_EDGE('',*,*,#1008,.F.);
#1715=ORIENTED_EDGE('',*,*,#1005,.F.);
#1716=ORIENTED_EDGE('',*,*,#1002,.F.);
#1717=ORIENTED_EDGE('',*,*,#999,.F.);
#1718=ORIENTED_EDGE('',*,*,#996,.F.);
#1719=ORIENTED_EDGE('',*,*,#993,.F.);
#1720=ORIENTED_EDGE('',*,*,#990,.F.);
#1721=ORIENTED_EDGE('',*,*,#987,.F.);
#1722=ORIENTED_EDGE('',*,*,#984,.F.);
#1723=ORIENTED_EDGE('',*,*,#981,.F.);
#1724=ORIENTED_EDGE('',*,*,#977,.F.);
#1725=ORIENTED_EDGE('',*,*,#1214,.F.);
#1726=ORIENTED_EDGE('',*,*,#1134,.F.);
#1727=ORIENTED_EDGE('',*,*,#1137,.F.);
#1728=ORIENTED_EDGE('',*,*,#1139,.F.);
#1729=ORIENTED_EDGE('',*,*,#1141,.F.);
#1730=ORIENTED_EDGE('',*,*,#1143,.F.);
#1731=ORIENTED_EDGE('',*,*,#1145,.F.);
#1732=ORIENTED_EDGE('',*,*,#1147,.F.);
#1733=ORIENTED_EDGE('',*,*,#1149,.F.);
#1734=ORIENTED_EDGE('',*,*,#1151,.F.);
#1735=ORIENTED_EDGE('',*,*,#1153,.F.);
#1736=ORIENTED_EDGE('',*,*,#1155,.F.);
#1737=ORIENTED_EDGE('',*,*,#1157,.F.);
#1738=ORIENTED_EDGE('',*,*,#1159,.F.);
#1739=ORIENTED_EDGE('',*,*,#1161,.F.);
#1740=ORIENTED_EDGE('',*,*,#1163,.F.);
#1741=ORIENTED_EDGE('',*,*,#1165,.F.);
#1742=ORIENTED_EDGE('',*,*,#1167,.F.);
#1743=ORIENTED_EDGE('',*,*,#1169,.F.);
#1744=ORIENTED_EDGE('',*,*,#1171,.F.);
#1745=ORIENTED_EDGE('',*,*,#1173,.F.);
#1746=ORIENTED_EDGE('',*,*,#1175,.F.);
#1747=ORIENTED_EDGE('',*,*,#1177,.F.);
#1748=ORIENTED_EDGE('',*,*,#1179,.F.);
#1749=ORIENTED_EDGE('',*,*,#1181,.F.);
#1750=ORIENTED_EDGE('',*,*,#1183,.F.);
#1751=ORIENTED_EDGE('',*,*,#1185,.F.);
#1752=ORIENTED_EDGE('',*,*,#1187,.F.);
#1753=ORIENTED_EDGE('',*,*,#1189,.F.);
#1754=ORIENTED_EDGE('',*,*,#1191,.F.);
#1755=ORIENTED_EDGE('',*,*,#1193,.F.);
#1756=ORIENTED_EDGE('',*,*,#1195,.F.);
#1757=ORIENTED_EDGE('',*,*,#1197,.F.);
#1758=ORIENTED_EDGE('',*,*,#1199,.F.);
#1759=ORIENTED_EDGE('',*,*,#1201,.F.);
#1760=ORIENTED_EDGE('',*,*,#1203,.F.);
#1761=ORIENTED_EDGE('',*,*,#1205,.F.);
#1762=ORIENTED_EDGE('',*,*,#1207,.F.);
#1763=ORIENTED_EDGE('',*,*,#1209,.F.);
#1764=ORIENTED_EDGE('',*,*,#1211,.F.);
#1765=ORIENTED_EDGE('',*,*,#1213,.F.);
#1766=ORIENTED_EDGE('',*,*,#973,.F.);
#1767=PLANE('',#1969);
#1768=PLANE('',#1970);
#1769=PLANE('',#1971);
#1770=PLANE('',#1972);
#1771=PLANE('',#1973);
#1772=PLANE('',#1974);
#1773=PLANE('',#1975);
#1774=PLANE('',#1976);
#1775=PLANE('',#1977);
#1776=PLANE('',#1978);
#1777=PLANE('',#1979);
#1778=PLANE('',#1980);
#1779=PLANE('',#1981);
#1780=PLANE('',#1982);
#1781=PLANE('',#1983);
#1782=PLANE('',#1984);
#1783=PLANE('',#1985);
#1784=PLANE('',#1986);
#1785=PLANE('',#1987);
#1786=PLANE('',#1988);
#1787=PLANE('',#1989);
#1788=PLANE('',#1990);
#1789=PLANE('',#1991);
#1790=PLANE('',#1992);
#1791=PLANE('',#1993);
#1792=PLANE('',#1994);
#1793=PLANE('',#1995);
#1794=PLANE('',#1996);
#1795=PLANE('',#1997);
#1796=PLANE('',#1998);
#1797=PLANE('',#1999);
#1798=PLANE('',#2000);
#1799=PLANE('',#2001);
#1800=PLANE('',#2002);
#1801=PLANE('',#2003);
#1802=PLANE('',#2004);
#1803=PLANE('',#2005);
#1804=PLANE('',#2006);
#1805=PLANE('',#2007);
#1806=PLANE('',#2008);
#1807=PLANE('',#2009);
#1808=PLANE('',#2010);
#1809=PLANE('',#2011);
#1810=PLANE('',#2012);
#1811=PLANE('',#2013);
#1812=PLANE('',#2014);
#1813=PLANE('',#2015);
#1814=PLANE('',#2016);
#1815=PLANE('',#2017);
#1816=PLANE('',#2018);
#1817=PLANE('',#2019);
#1818=PLANE('',#2020);
#1819=PLANE('',#2021);
#1820=PLANE('',#2022);
#1821=PLANE('',#2023);
#1822=PLANE('',#2024);
#1823=PLANE('',#2025);
#1824=PLANE('',#2026);
#1825=PLANE('',#2027);
#1826=PLANE('',#2028);
#1827=PLANE('',#2029);
#1828=PLANE('',#2030);
#1829=PLANE('',#2031);
#1830=PLANE('',#2032);
#1831=PLANE('',#2033);
#1832=PLANE('',#2034);
#1833=PLANE('',#2035);
#1834=PLANE('',#2036);
#1835=PLANE('',#2037);
#1836=PLANE('',#2038);
#1837=PLANE('',#2039);
#1838=PLANE('',#2040);
#1839=PLANE('',#2041);
#1840=PLANE('',#2042);
#1841=PLANE('',#2043);
#1842=PLANE('',#2044);
#1843=PLANE('',#2045);
#1844=PLANE('',#2046);
#1845=PLANE('',#2047);
#1846=PLANE('',#2048);
#1847=PLANE('',#2049);
#1848=PLANE('',#2050);
#1849=PLANE('',#2051);
#1850=PLANE('',#2052);
#1851=PLANE('',#2053);
#1852=PLANE('',#2054);
#1853=PLANE('',#2055);
#1854=PLANE('',#2056);
#1855=PLANE('',#2057);
#1856=PLANE('',#2058);
#1857=PLANE('',#2059);
#1858=PLANE('',#2060);
#1859=PLANE('',#2061);
#1860=PLANE('',#2062);
#1861=ADVANCED_FACE('',(#15),#1767,.T.);
#1862=ADVANCED_FACE('',(#16),#1768,.T.);
#1863=ADVANCED_FACE('',(#17),#1769,.T.);
#1864=ADVANCED_FACE('',(#18),#1770,.F.);
#1865=ADVANCED_FACE('',(#19),#1771,.T.);
#1866=ADVANCED_FACE('',(#20),#1772,.T.);
#1867=ADVANCED_FACE('',(#21),#1773,.F.);
#1868=ADVANCED_FACE('',(#22),#1774,.T.);
#1869=ADVANCED_FACE('',(#23),#1775,.T.);
#1870=ADVANCED_FACE('',(#24),#1776,.T.);
#1871=ADVANCED_FACE('',(#25),#1777,.T.);
#1872=ADVANCED_FACE('',(#26),#1778,.F.);
#1873=ADVANCED_FACE('',(#27),#1779,.T.);
#1874=ADVANCED_FACE('',(#28),#1780,.F.);
#1875=ADVANCED_FACE('',(#29),#1781,.F.);
#1876=ADVANCED_FACE('',(#30),#1782,.T.);
#1877=ADVANCED_FACE('',(#31),#1783,.T.);
#1878=ADVANCED_FACE('',(#32),#1784,.F.);
#1879=ADVANCED_FACE('',(#33),#1785,.F.);
#1880=ADVANCED_FACE('',(#34),#1786,.T.);
#1881=ADVANCED_FACE('',(#35),#1787,.T.);
#1882=ADVANCED_FACE('',(#36),#1788,.F.);
#1883=ADVANCED_FACE('',(#37),#1789,.F.);
#1884=ADVANCED_FACE('',(#38),#1790,.T.);
#1885=ADVANCED_FACE('',(#39),#1791,.T.);
#1886=ADVANCED_FACE('',(#40),#1792,.F.);
#1887=ADVANCED_FACE('',(#41),#1793,.F.);
#1888=ADVANCED_FACE('',(#42),#1794,.T.);
#1889=ADVANCED_FACE('',(#43),#1795,.T.);
#1890=ADVANCED_FACE('',(#44),#1796,.F.);
#1891=ADVANCED_FACE('',(#45),#1797,.F.);
#1892=ADVANCED_FACE('',(#46),#1798,.T.);
#1893=ADVANCED_FACE('',(#47),#1799,.T.);
#1894=ADVANCED_FACE('',(#48),#1800,.F.);
#1895=ADVANCED_FACE('',(#49),#1801,.F.);
#1896=ADVANCED_FACE('',(#50),#1802,.T.);
#1897=ADVANCED_FACE('',(#51),#1803,.T.);
#1898=ADVANCED_FACE('',(#52),#1804,.F.);
#1899=ADVANCED_FACE('',(#53),#1805,.F.);
#1900=ADVANCED_FACE('',(#54),#1806,.T.);
#1901=ADVANCED_FACE('',(#55),#1807,.T.);
#1902=ADVANCED_FACE('',(#56),#1808,.F.);
#1903=ADVANCED_FACE('',(#57),#1809,.F.);
#1904=ADVANCED_FACE('',(#58),#1810,.T.);
#1905=ADVANCED_FACE('',(#59),#1811,.T.);
#1906=ADVANCED_FACE('',(#60),#1812,.F.);
#1907=ADVANCED_FACE('',(#61),#1813,.F.);
#1908=ADVANCED_FACE('',(#62),#1814,.T.);
#1909=ADVANCED_FACE('',(#63),#1815,.T.);
#1910=ADVANCED_FACE('',(#64),#1816,.F.);
#1911=ADVANCED_FACE('',(#65),#1817,.F.);
#1912=ADVANCED_FACE('',(#66),#1818,.F.);
#1913=ADVANCED_FACE('',(#67),#1819,.F.);
#1914=ADVANCED_FACE('',(#68),#1820,.F.);
#1915=ADVANCED_FACE('',(#69),#1821,.T.);
#1916=ADVANCED_FACE('',(#70),#1822,.T.);
#1917=ADVANCED_FACE('',(#71),#1823,.F.);
#1918=ADVANCED_FACE('',(#72),#1824,.F.);
#1919=ADVANCED_FACE('',(#73),#1825,.T.);
#1920=ADVANCED_FACE('',(#74),#1826,.T.);
#1921=ADVANCED_FACE('',(#75),#1827,.F.);
#1922=ADVANCED_FACE('',(#76),#1828,.F.);
#1923=ADVANCED_FACE('',(#77),#1829,.T.);
#1924=ADVANCED_FACE('',(#78),#1830,.T.);
#1925=ADVANCED_FACE('',(#79),#1831,.F.);
#1926=ADVANCED_FACE('',(#80),#1832,.F.);
#1927=ADVANCED_FACE('',(#81),#1833,.T.);
#1928=ADVANCED_FACE('',(#82),#1834,.T.);
#1929=ADVANCED_FACE('',(#83),#1835,.F.);
#1930=ADVANCED_FACE('',(#84),#1836,.F.);
#1931=ADVANCED_FACE('',(#85),#1837,.T.);
#1932=ADVANCED_FACE('',(#86),#1838,.T.);
#1933=ADVANCED_FACE('',(#87),#1839,.F.);
#1934=ADVANCED_FACE('',(#88),#1840,.F.);
#1935=ADVANCED_FACE('',(#89),#1841,.T.);
#1936=ADVANCED_FACE('',(#90),#1842,.T.);
#1937=ADVANCED_FACE('',(#91),#1843,.F.);
#1938=ADVANCED_FACE('',(#92),#1844,.F.);
#1939=ADVANCED_FACE('',(#93),#1845,.T.);
#1940=ADVANCED_FACE('',(#94),#1846,.T.);
#1941=ADVANCED_FACE('',(#95),#1847,.F.);
#1942=ADVANCED_FACE('',(#96),#1848,.F.);
#1943=ADVANCED_FACE('',(#97),#1849,.T.);
#1944=ADVANCED_FACE('',(#98),#1850,.T.);
#1945=ADVANCED_FACE('',(#99),#1851,.F.);
#1946=ADVANCED_FACE('',(#100),#1852,.F.);
#1947=ADVANCED_FACE('',(#101),#1853,.T.);
#1948=ADVANCED_FACE('',(#102),#1854,.T.);
#1949=ADVANCED_FACE('',(#103),#1855,.F.);
#1950=ADVANCED_FACE('',(#104),#1856,.F.);
#1951=ADVANCED_FACE('',(#105),#1857,.T.);
#1952=ADVANCED_FACE('',(#106),#1858,.F.);
#1953=ADVANCED_FACE('',(#107),#1859,.T.);
#1954=ADVANCED_FACE('',(#108),#1860,.F.);
#1955=CLOSED_SHELL('',(#1861,#1862,#1863,#1864,#1865,#1866,#1867,#1868,
#1869,#1870,#1871,#1872,#1873,#1874,#1875,#1876,#1877,#1878,#1879,#1880,
#1881,#1882,#1883,#1884,#1885,#1886,#1887,#1888,#1889,#1890,#1891,#1892,
#1893,#1894,#1895,#1896,#1897,#1898,#1899,#1900,#1901,#1902,#1903,#1904,
#1905,#1906,#1907,#1908,#1909,#1910,#1911,#1912,#1913,#1914,#1915,#1916,
#1917,#1918,#1919,#1920,#1921,#1922,#1923,#1924,#1925,#1926,#1927,#1928,
#1929,#1930,#1931,#1932,#1933,#1934,#1935,#1936,#1937,#1938,#1939,#1940,
#1941,#1942,#1943,#1944,#1945,#1946,#1947,#1948,#1949,#1950,#1951,#1952,
#1953,#1954));
#1956=DERIVED_UNIT_ELEMENT(#1958,1.);
#1957=DERIVED_UNIT_ELEMENT(#3089,-3.);
#1958=(
MASS_UNIT()
NAMED_UNIT(*)
SI_UNIT(.KILO.,.GRAM.)
);
#1959=DERIVED_UNIT((#1956,#1957));
#1960=MEASURE_REPRESENTATION_ITEM('density measure',
POSITIVE_RATIO_MEASURE(7850.),#1959);
#1961=PROPERTY_DEFINITION_REPRESENTATION(#1966,#1963);
#1962=PROPERTY_DEFINITION_REPRESENTATION(#1967,#1964);
#1963=REPRESENTATION('material name',(#1965),#3086);
#1964=REPRESENTATION('density',(#1960),#3086);
#1965=DESCRIPTIVE_REPRESENTATION_ITEM('Steel','Steel');
#1966=PROPERTY_DEFINITION('material property','material name',#3096);
#1967=PROPERTY_DEFINITION('material property','density of part',#3096);
#1968=AXIS2_PLACEMENT_3D('',#2529,#2063,#2064);
#1969=AXIS2_PLACEMENT_3D('',#2530,#2065,#2066);
#1970=AXIS2_PLACEMENT_3D('',#2539,#2071,#2072);
#1971=AXIS2_PLACEMENT_3D('',#2545,#2076,#2077);
#1972=AXIS2_PLACEMENT_3D('',#2551,#2081,#2082);
#1973=AXIS2_PLACEMENT_3D('',#2565,#2090,#2091);
#1974=AXIS2_PLACEMENT_3D('',#2571,#2095,#2096);
#1975=AXIS2_PLACEMENT_3D('',#2575,#2099,#2100);
#1976=AXIS2_PLACEMENT_3D('',#2584,#2105,#2106);
#1977=AXIS2_PLACEMENT_3D('',#2588,#2109,#2110);
#1978=AXIS2_PLACEMENT_3D('',#2595,#2115,#2116);
#1979=AXIS2_PLACEMENT_3D('',#2597,#2118,#2119);
#1980=AXIS2_PLACEMENT_3D('',#2599,#2121,#2122);
#1981=AXIS2_PLACEMENT_3D('',#2608,#2127,#2128);
#1982=AXIS2_PLACEMENT_3D('',#2617,#2133,#2134);
#1983=AXIS2_PLACEMENT_3D('',#2623,#2138,#2139);
#1984=AXIS2_PLACEMENT_3D('',#2629,#2143,#2144);
#1985=AXIS2_PLACEMENT_3D('',#2635,#2148,#2149);
#1986=AXIS2_PLACEMENT_3D('',#2641,#2153,#2154);
#1987=AXIS2_PLACEMENT_3D('',#2647,#2158,#2159);
#1988=AXIS2_PLACEMENT_3D('',#2653,#2163,#2164);
#1989=AXIS2_PLACEMENT_3D('',#2659,#2168,#2169);
#1990=AXIS2_PLACEMENT_3D('',#2665,#2173,#2174);
#1991=AXIS2_PLACEMENT_3D('',#2671,#2178,#2179);
#1992=AXIS2_PLACEMENT_3D('',#2677,#2183,#2184);
#1993=AXIS2_PLACEMENT_3D('',#2683,#2188,#2189);
#1994=AXIS2_PLACEMENT_3D('',#2689,#2193,#2194);
#1995=AXIS2_PLACEMENT_3D('',#2695,#2198,#2199);
#1996=AXIS2_PLACEMENT_3D('',#2701,#2203,#2204);
#1997=AXIS2_PLACEMENT_3D('',#2707,#2208,#2209);
#1998=AXIS2_PLACEMENT_3D('',#2713,#2213,#2214);
#1999=AXIS2_PLACEMENT_3D('',#2719,#2218,#2219);
#2000=AXIS2_PLACEMENT_3D('',#2725,#2223,#2224);
#2001=AXIS2_PLACEMENT_3D('',#2731,#2228,#2229);
#2002=AXIS2_PLACEMENT_3D('',#2737,#2233,#2234);
#2003=AXIS2_PLACEMENT_3D('',#2743,#2238,#2239);
#2004=AXIS2_PLACEMENT_3D('',#2749,#2243,#2244);
#2005=AXIS2_PLACEMENT_3D('',#2755,#2248,#2249);
#2006=AXIS2_PLACEMENT_3D('',#2761,#2253,#2254);
#2007=AXIS2_PLACEMENT_3D('',#2767,#2258,#2259);
#2008=AXIS2_PLACEMENT_3D('',#2773,#2263,#2264);
#2009=AXIS2_PLACEMENT_3D('',#2779,#2268,#2269);
#2010=AXIS2_PLACEMENT_3D('',#2785,#2273,#2274);
#2011=AXIS2_PLACEMENT_3D('',#2791,#2278,#2279);
#2012=AXIS2_PLACEMENT_3D('',#2797,#2283,#2284);
#2013=AXIS2_PLACEMENT_3D('',#2803,#2288,#2289);
#2014=AXIS2_PLACEMENT_3D('',#2809,#2293,#2294);
#2015=AXIS2_PLACEMENT_3D('',#2815,#2298,#2299);
#2016=AXIS2_PLACEMENT_3D('',#2821,#2303,#2304);
#2017=AXIS2_PLACEMENT_3D('',#2827,#2308,#2309);
#2018=AXIS2_PLACEMENT_3D('',#2833,#2313,#2314);
#2019=AXIS2_PLACEMENT_3D('',#2836,#2317,#2318);
#2020=AXIS2_PLACEMENT_3D('',#2839,#2321,#2322);
#2021=AXIS2_PLACEMENT_3D('',#2921,#2364,#2365);
#2022=AXIS2_PLACEMENT_3D('',#2927,#2369,#2370);
#2023=AXIS2_PLACEMENT_3D('',#2931,#2373,#2374);
#2024=AXIS2_PLACEMENT_3D('',#2935,#2377,#2378);
#2025=AXIS2_PLACEMENT_3D('',#2939,#2381,#2382);
#2026=AXIS2_PLACEMENT_3D('',#2943,#2385,#2386);
#2027=AXIS2_PLACEMENT_3D('',#2947,#2389,#2390);
#2028=AXIS2_PLACEMENT_3D('',#2951,#2393,#2394);
#2029=AXIS2_PLACEMENT_3D('',#2955,#2397,#2398);
#2030=AXIS2_PLACEMENT_3D('',#2959,#2401,#2402);
#2031=AXIS2_PLACEMENT_3D('',#2963,#2405,#2406);
#2032=AXIS2_PLACEMENT_3D('',#2967,#2409,#2410);
#2033=AXIS2_PLACEMENT_3D('',#2971,#2413,#2414);
#2034=AXIS2_PLACEMENT_3D('',#2975,#2417,#2418);
#2035=AXIS2_PLACEMENT_3D('',#2979,#2421,#2422);
#2036=AXIS2_PLACEMENT_3D('',#2983,#2425,#2426);
#2037=AXIS2_PLACEMENT_3D('',#2987,#2429,#2430);
#2038=AXIS2_PLACEMENT_3D('',#2991,#2433,#2434);
#2039=AXIS2_PLACEMENT_3D('',#2995,#2437,#2438);
#2040=AXIS2_PLACEMENT_3D('',#2999,#2441,#2442);
#2041=AXIS2_PLACEMENT_3D('',#3003,#2445,#2446);
#2042=AXIS2_PLACEMENT_3D('',#3007,#2449,#2450);
#2043=AXIS2_PLACEMENT_3D('',#3011,#2453,#2454);
#2044=AXIS2_PLACEMENT_3D('',#3015,#2457,#2458);
#2045=AXIS2_PLACEMENT_3D('',#3019,#2461,#2462);
#2046=AXIS2_PLACEMENT_3D('',#3023,#2465,#2466);
#2047=AXIS2_PLACEMENT_3D('',#3027,#2469,#2470);
#2048=AXIS2_PLACEMENT_3D('',#3031,#2473,#2474);
#2049=AXIS2_PLACEMENT_3D('',#3035,#2477,#2478);
#2050=AXIS2_PLACEMENT_3D('',#3039,#2481,#2482);
#2051=AXIS2_PLACEMENT_3D('',#3043,#2485,#2486);
#2052=AXIS2_PLACEMENT_3D('',#3047,#2489,#2490);
#2053=AXIS2_PLACEMENT_3D('',#3051,#2493,#2494);
#2054=AXIS2_PLACEMENT_3D('',#3055,#2497,#2498);
#2055=AXIS2_PLACEMENT_3D('',#3059,#2501,#2502);
#2056=AXIS2_PLACEMENT_3D('',#3063,#2505,#2506);
#2057=AXIS2_PLACEMENT_3D('',#3067,#2509,#2510);
#2058=AXIS2_PLACEMENT_3D('',#3071,#2513,#2514);
#2059=AXIS2_PLACEMENT_3D('',#3075,#2517,#2518);
#2060=AXIS2_PLACEMENT_3D('',#3079,#2521,#2522);
#2061=AXIS2_PLACEMENT_3D('',#3081,#2524,#2525);
#2062=AXIS2_PLACEMENT_3D('',#3083,#2527,#2528);
#2063=DIRECTION('axis',(0.,0.,1.));
#2064=DIRECTION('refdir',(1.,0.,0.));
#2065=DIRECTION('center_axis',(-1.09476442525376E-47,0.,1.));
#2066=DIRECTION('ref_axis',(1.,0.,1.09476442525376E-47));
#2067=DIRECTION('',(1.,0.,1.09476442525376E-47));
#2068=DIRECTION('',(0.,1.,0.));
#2069=DIRECTION('',(-1.,0.,-1.09476442525376E-47));
#2070=DIRECTION('',(0.,-1.,0.));
#2071=DIRECTION('center_axis',(1.,0.,1.09476442525376E-47));
#2072=DIRECTION('ref_axis',(0.,1.,0.));
#2073=DIRECTION('',(0.,-1.,0.));
#2074=DIRECTION('',(-1.09476442525376E-47,0.,1.));
#2075=DIRECTION('',(-1.09476442525376E-47,0.,1.));
#2076=DIRECTION('center_axis',(0.707106781186548,0.,0.707106781186548));
#2077=DIRECTION('ref_axis',(0.707106781186548,0.,-0.707106781186548));
#2078=DIRECTION('',(0.707106781186548,2.09345661157836E-15,-0.707106781186548));
#2079=DIRECTION('',(0.,1.,0.));
#2080=DIRECTION('',(-0.707106781186548,3.85390460851129E-16,0.707106781186548));
#2081=DIRECTION('center_axis',(-3.24115379055267E-62,1.,2.96059473233374E-15));
#2082=DIRECTION('ref_axis',(-1.09476442525376E-47,-2.96059473233374E-15,
1.));
#2083=DIRECTION('',(-1.09476442525376E-47,0.,1.));
#2084=DIRECTION('',(-0.70710678118655,-2.09345661157835E-15,0.707106781186545));
#2085=DIRECTION('',(-1.,0.,-1.09476442525376E-47));
#2086=DIRECTION('',(-1.09476442525376E-47,-2.96059473233374E-15,1.));
#2087=DIRECTION('',(-1.,0.,-1.09476442525376E-47));
#2088=DIRECTION('',(1.09476442525376E-47,2.96059473233374E-15,-1.));
#2089=DIRECTION('',(-1.,0.,-1.09476442525376E-47));
#2090=DIRECTION('center_axis',(1.09476442525376E-47,0.,-1.));
#2091=DIRECTION('ref_axis',(1.,-4.78097518315755E-31,1.09476442525376E-47));
#2092=DIRECTION('',(1.,-5.45024416544883E-16,1.09476442525376E-47));
#2093=DIRECTION('',(0.,-1.,0.));
#2094=DIRECTION('',(0.,-1.,0.));
#2095=DIRECTION('center_axis',(-1.,0.,-1.09476442525376E-47));
#2096=DIRECTION('ref_axis',(-1.09476442525376E-47,0.,1.));
#2097=DIRECTION('',(-1.09476442525376E-47,0.,1.));
#2098=DIRECTION('',(0.,1.,0.));
#2099=DIRECTION('center_axis',(5.85223242666744E-17,0.107375600964205,-0.994218527446344));
#2100=DIRECTION('ref_axis',(-1.,0.,-5.88626369868497E-17));
#2101=DIRECTION('',(-1.,-1.5109441475758E-15,-2.22044604925034E-16));
#2102=DIRECTION('',(-1.17550988075855E-48,0.994218527446344,0.107375600964205));
#2103=DIRECTION('',(-1.,5.45024416544883E-16,-2.34315172813607E-30));
#2104=DIRECTION('',(1.17550988075855E-48,-0.994218527446344,-0.107375600964205));
#2105=DIRECTION('center_axis',(-0.707106781186545,0.,-0.70710678118655));
#2106=DIRECTION('ref_axis',(-0.70710678118655,0.,0.707106781186545));
#2107=DIRECTION('',(0.70710678118655,-3.8539046085113E-16,-0.707106781186545));
#2108=DIRECTION('',(0.,-1.,0.));
#2109=DIRECTION('center_axis',(5.45024416544883E-16,1.,5.96673342128027E-63));
#2110=DIRECTION('ref_axis',(1.,-5.45024416544883E-16,1.09476442525376E-47));
#2111=DIRECTION('',(-1.,0.,-1.09476442525376E-47));
#2112=DIRECTION('',(1.09476442525376E-47,0.,-1.));
#2113=DIRECTION('',(1.09476442525376E-47,0.,-1.));
#2114=DIRECTION('',(-1.,0.,-1.09476442525376E-47));
#2115=DIRECTION('center_axis',(-1.09476442525376E-47,0.,1.));
#2116=DIRECTION('ref_axis',(0.,1.,0.));
#2117=DIRECTION('',(0.,-1.,0.));
#2118=DIRECTION('center_axis',(1.09476442525376E-47,0.,-1.));
#2119=DIRECTION('ref_axis',(-1.,0.,-1.09476442525376E-47));
#2120=DIRECTION('',(0.,-1.,0.));
#2121=DIRECTION('center_axis',(-3.24115379055267E-62,1.,2.96059473233374E-15));
#2122=DIRECTION('ref_axis',(-1.09476442525376E-47,-2.96059473233374E-15,
1.));
#2123=DIRECTION('',(-1.09476442525376E-47,-2.96059473233374E-15,1.));
#2124=DIRECTION('',(1.,-6.57384087684175E-31,2.22044604925031E-16));
#2125=DIRECTION('',(1.09476442525376E-47,2.96059473233374E-15,-1.));
#2126=DIRECTION('',(-1.,1.74268412994541E-31,-5.88626369868497E-17));
#2127=DIRECTION('center_axis',(-3.82999396005269E-16,0.107375600964203,
0.994218527446344));
#2128=DIRECTION('ref_axis',(1.,1.5109441475758E-15,2.22044604925034E-16));
#2129=DIRECTION('',(1.17550988075854E-48,0.994218527446344,-0.107375600964203));
#2130=DIRECTION('',(-1.,-1.5109441475758E-15,-2.22044604925034E-16));
#2131=DIRECTION('',(-1.17550988075854E-48,-0.994218527446344,0.107375600964203));
#2132=DIRECTION('',(1.,1.5109441475758E-15,2.22044604925034E-16));
#2133=DIRECTION('center_axis',(1.5109441475758E-15,-1.,-1.5109441475758E-15));
#2134=DIRECTION('ref_axis',(1.,1.5109441475758E-15,2.22044604925034E-16));
#2135=DIRECTION('',(1.09476442525376E-47,1.5109441475758E-15,-1.));
#2136=DIRECTION('',(-1.,-1.5109441475758E-15,-2.22044604925034E-16));
#2137=DIRECTION('',(-1.09476442525376E-47,-1.5109441475758E-15,1.));
#2138=DIRECTION('center_axis',(-5.85223242666721E-17,-0.107375600964205,
0.994218527446344));
#2139=DIRECTION('ref_axis',(1.,1.5109441475758E-15,2.22044604925034E-16));
#2140=DIRECTION('',(1.17550988075855E-48,-0.994218527446344,-0.107375600964205));
#2141=DIRECTION('',(-1.,-1.5109441475758E-15,-2.22044604925034E-16));
#2142=DIRECTION('',(-1.17550988075855E-48,0.994218527446344,0.107375600964205));
#2143=DIRECTION('center_axis',(-1.5109441475758E-15,1.,1.5109441475758E-15));
#2144=DIRECTION('ref_axis',(-1.,-1.5109441475758E-15,-2.22044604925034E-16));
#2145=DIRECTION('',(1.09476442525376E-47,1.5109441475758E-15,-1.));
#2146=DIRECTION('',(1.,1.5109441475758E-15,2.22044604925034E-16));
#2147=DIRECTION('',(-1.09476442525376E-47,-1.5109441475758E-15,1.));
#2148=DIRECTION('center_axis',(-3.82999396005269E-16,0.107375600964203,
0.994218527446344));
#2149=DIRECTION('ref_axis',(1.,1.5109441475758E-15,2.22044604925034E-16));
#2150=DIRECTION('',(1.17550988075854E-48,0.994218527446344,-0.107375600964203));
#2151=DIRECTION('',(-1.,-1.5109441475758E-15,-2.22044604925034E-16));
#2152=DIRECTION('',(-1.17550988075854E-48,-0.994218527446344,0.107375600964203));
#2153=DIRECTION('center_axis',(1.5109441475758E-15,-1.,-1.5109441475758E-15));
#2154=DIRECTION('ref_axis',(1.,1.5109441475758E-15,2.22044604925034E-16));
#2155=DIRECTION('',(1.09476442525376E-47,1.5109441475758E-15,-1.));
#2156=DIRECTION('',(-1.,-1.5109441475758E-15,-2.22044604925034E-16));
#2157=DIRECTION('',(-1.09476442525376E-47,-1.5109441475758E-15,1.));
#2158=DIRECTION('center_axis',(-5.85223242666721E-17,-0.107375600964205,
0.994218527446344));
#2159=DIRECTION('ref_axis',(1.,1.5109441475758E-15,2.22044604925034E-16));
#2160=DIRECTION('',(1.17550988075855E-48,-0.994218527446344,-0.107375600964205));
#2161=DIRECTION('',(-1.,-1.5109441475758E-15,-2.22044604925034E-16));
#2162=DIRECTION('',(-1.17550988075855E-48,0.994218527446344,0.107375600964205));
#2163=DIRECTION('center_axis',(-1.5109441475758E-15,1.,1.5109441475758E-15));
#2164=DIRECTION('ref_axis',(-1.,-1.5109441475758E-15,-2.22044604925034E-16));
#2165=DIRECTION('',(1.09476442525376E-47,1.5109441475758E-15,-1.));
#2166=DIRECTION('',(1.,1.5109441475758E-15,2.22044604925034E-16));
#2167=DIRECTION('',(-1.09476442525376E-47,-1.5109441475758E-15,1.));
#2168=DIRECTION('center_axis',(-3.82999396005269E-16,0.107375600964203,
0.994218527446344));
#2169=DIRECTION('ref_axis',(1.,1.5109441475758E-15,2.22044604925034E-16));
#2170=DIRECTION('',(1.17550988075854E-48,0.994218527446344,-0.107375600964203));
#2171=DIRECTION('',(-1.,-1.5109441475758E-15,-2.22044604925034E-16));
#2172=DIRECTION('',(-1.17550988075854E-48,-0.994218527446344,0.107375600964203));
#2173=DIRECTION('center_axis',(1.5109441475758E-15,-1.,-1.5109441475758E-15));
#2174=DIRECTION('ref_axis',(1.,1.5109441475758E-15,2.22044604925034E-16));
#2175=DIRECTION('',(1.09476442525376E-47,1.5109441475758E-15,-1.));
#2176=DIRECTION('',(-1.,-1.5109441475758E-15,-2.22044604925034E-16));
#2177=DIRECTION('',(-1.09476442525376E-47,-1.5109441475758E-15,1.));
#2178=DIRECTION('center_axis',(-5.85223242666721E-17,-0.107375600964205,
0.994218527446344));
#2179=DIRECTION('ref_axis',(1.,1.5109441475758E-15,2.22044604925034E-16));
#2180=DIRECTION('',(1.17550988075855E-48,-0.994218527446344,-0.107375600964205));
#2181=DIRECTION('',(-1.,-1.5109441475758E-15,-2.22044604925034E-16));
#2182=DIRECTION('',(-1.17550988075855E-48,0.994218527446344,0.107375600964205));
#2183=DIRECTION('center_axis',(-1.5109441475758E-15,1.,1.5109441475758E-15));
#2184=DIRECTION('ref_axis',(-1.,-1.5109441475758E-15,-2.22044604925034E-16));
#2185=DIRECTION('',(1.09476442525376E-47,1.5109441475758E-15,-1.));
#2186=DIRECTION('',(1.,1.5109441475758E-15,2.22044604925034E-16));
#2187=DIRECTION('',(-1.09476442525376E-47,-1.5109441475758E-15,1.));
#2188=DIRECTION('center_axis',(-3.82999396005269E-16,0.107375600964203,
0.994218527446344));
#2189=DIRECTION('ref_axis',(1.,1.5109441475758E-15,2.22044604925034E-16));
#2190=DIRECTION('',(1.17550988075854E-48,0.994218527446344,-0.107375600964203));
#2191=DIRECTION('',(-1.,-1.5109441475758E-15,-2.22044604925034E-16));
#2192=DIRECTION('',(-1.17550988075854E-48,-0.994218527446344,0.107375600964203));
#2193=DIRECTION('center_axis',(1.5109441475758E-15,-1.,-1.5109441475758E-15));
#2194=DIRECTION('ref_axis',(1.,1.5109441475758E-15,2.22044604925034E-16));
#2195=DIRECTION('',(1.09476442525376E-47,1.5109441475758E-15,-1.));
#2196=DIRECTION('',(-1.,-1.5109441475758E-15,-2.22044604925034E-16));
#2197=DIRECTION('',(-1.09476442525376E-47,-1.5109441475758E-15,1.));
#2198=DIRECTION('center_axis',(-5.85223242666721E-17,-0.107375600964205,
0.994218527446344));
#2199=DIRECTION('ref_axis',(1.,1.5109441475758E-15,2.22044604925034E-16));
#2200=DIRECTION('',(1.17550988075855E-48,-0.994218527446344,-0.107375600964205));
#2201=DIRECTION('',(-1.,-1.5109441475758E-15,-2.22044604925034E-16));
#2202=DIRECTION('',(-1.17550988075855E-48,0.994218527446344,0.107375600964205));
#2203=DIRECTION('center_axis',(-1.5109441475758E-15,1.,1.5109441475758E-15));
#2204=DIRECTION('ref_axis',(-1.,-1.5109441475758E-15,-2.22044604925034E-16));
#2205=DIRECTION('',(1.09476442525376E-47,1.5109441475758E-15,-1.));
#2206=DIRECTION('',(1.,1.5109441475758E-15,2.22044604925034E-16));
#2207=DIRECTION('',(-1.09476442525376E-47,-1.5109441475758E-15,1.));
#2208=DIRECTION('center_axis',(-3.82999396005269E-16,0.107375600964203,
0.994218527446344));
#2209=DIRECTION('ref_axis',(1.,1.5109441475758E-15,2.22044604925034E-16));
#2210=DIRECTION('',(1.17550988075854E-48,0.994218527446344,-0.107375600964203));
#2211=DIRECTION('',(-1.,-1.5109441475758E-15,-2.22044604925034E-16));
#2212=DIRECTION('',(-1.17550988075854E-48,-0.994218527446344,0.107375600964203));
#2213=DIRECTION('center_axis',(1.5109441475758E-15,-1.,-1.5109441475758E-15));
#2214=DIRECTION('ref_axis',(1.,1.5109441475758E-15,2.22044604925034E-16));
#2215=DIRECTION('',(1.09476442525376E-47,1.5109441475758E-15,-1.));
#2216=DIRECTION('',(-1.,-1.5109441475758E-15,-2.22044604925034E-16));
#2217=DIRECTION('',(-1.09476442525376E-47,-1.5109441475758E-15,1.));
#2218=DIRECTION('center_axis',(-5.85223242666721E-17,-0.107375600964205,
0.994218527446344));
#2219=DIRECTION('ref_axis',(1.,1.5109441475758E-15,2.22044604925034E-16));
#2220=DIRECTION('',(1.17550988075855E-48,-0.994218527446344,-0.107375600964205));
#2221=DIRECTION('',(-1.,-1.5109441475758E-15,-2.22044604925034E-16));
#2222=DIRECTION('',(-1.17550988075855E-48,0.994218527446344,0.107375600964205));
#2223=DIRECTION('center_axis',(-1.5109441475758E-15,1.,1.5109441475758E-15));
#2224=DIRECTION('ref_axis',(-1.,-1.5109441475758E-15,-2.22044604925034E-16));
#2225=DIRECTION('',(1.09476442525376E-47,1.5109441475758E-15,-1.));
#2226=DIRECTION('',(1.,1.5109441475758E-15,2.22044604925034E-16));
#2227=DIRECTION('',(-1.09476442525376E-47,-1.5109441475758E-15,1.));
#2228=DIRECTION('center_axis',(-3.82999396005269E-16,0.107375600964203,
0.994218527446344));
#2229=DIRECTION('ref_axis',(1.,1.5109441475758E-15,2.22044604925034E-16));
#2230=DIRECTION('',(1.17550988075854E-48,0.994218527446344,-0.107375600964203));
#2231=DIRECTION('',(-1.,-1.5109441475758E-15,-2.22044604925034E-16));
#2232=DIRECTION('',(-1.17550988075854E-48,-0.994218527446344,0.107375600964203));
#2233=DIRECTION('center_axis',(1.5109441475758E-15,-1.,-1.5109441475758E-15));
#2234=DIRECTION('ref_axis',(1.,1.5109441475758E-15,2.22044604925034E-16));
#2235=DIRECTION('',(1.09476442525376E-47,1.5109441475758E-15,-1.));
#2236=DIRECTION('',(-1.,-1.5109441475758E-15,-2.22044604925034E-16));
#2237=DIRECTION('',(-1.09476442525376E-47,-1.5109441475758E-15,1.));
#2238=DIRECTION('center_axis',(-5.85223242666721E-17,-0.107375600964205,
0.994218527446344));
#2239=DIRECTION('ref_axis',(1.,1.5109441475758E-15,2.22044604925034E-16));
#2240=DIRECTION('',(1.17550988075855E-48,-0.994218527446344,-0.107375600964205));
#2241=DIRECTION('',(-1.,-1.5109441475758E-15,-2.22044604925034E-16));
#2242=DIRECTION('',(-1.17550988075855E-48,0.994218527446344,0.107375600964205));
#2243=DIRECTION('center_axis',(-1.5109441475758E-15,1.,1.5109441475758E-15));
#2244=DIRECTION('ref_axis',(-1.,-1.5109441475758E-15,-2.22044604925034E-16));
#2245=DIRECTION('',(1.09476442525376E-47,1.5109441475758E-15,-1.));
#2246=DIRECTION('',(1.,1.5109441475758E-15,2.22044604925034E-16));
#2247=DIRECTION('',(-1.09476442525376E-47,-1.5109441475758E-15,1.));
#2248=DIRECTION('center_axis',(-3.82999396005269E-16,0.107375600964203,
0.994218527446344));
#2249=DIRECTION('ref_axis',(1.,1.5109441475758E-15,2.22044604925034E-16));
#2250=DIRECTION('',(1.17550988075854E-48,0.994218527446344,-0.107375600964203));
#2251=DIRECTION('',(-1.,-1.5109441475758E-15,-2.22044604925034E-16));
#2252=DIRECTION('',(-1.17550988075854E-48,-0.994218527446344,0.107375600964203));
#2253=DIRECTION('center_axis',(1.5109441475758E-15,-1.,-1.5109441475758E-15));
#2254=DIRECTION('ref_axis',(1.,1.5109441475758E-15,2.22044604925034E-16));
#2255=DIRECTION('',(1.09476442525376E-47,1.5109441475758E-15,-1.));
#2256=DIRECTION('',(-1.,-1.5109441475758E-15,-2.22044604925034E-16));
#2257=DIRECTION('',(-1.09476442525376E-47,-1.5109441475758E-15,1.));
#2258=DIRECTION('center_axis',(-5.85223242666721E-17,-0.107375600964205,
0.994218527446344));
#2259=DIRECTION('ref_axis',(1.,1.5109441475758E-15,2.22044604925034E-16));
#2260=DIRECTION('',(1.17550988075855E-48,-0.994218527446344,-0.107375600964205));
#2261=DIRECTION('',(-1.,-1.5109441475758E-15,-2.22044604925034E-16));
#2262=DIRECTION('',(-1.17550988075855E-48,0.994218527446344,0.107375600964205));
#2263=DIRECTION('center_axis',(-1.5109441475758E-15,1.,1.5109441475758E-15));
#2264=DIRECTION('ref_axis',(-1.,-1.5109441475758E-15,-2.22044604925034E-16));
#2265=DIRECTION('',(1.09476442525376E-47,1.5109441475758E-15,-1.));
#2266=DIRECTION('',(1.,1.5109441475758E-15,2.22044604925034E-16));
#2267=DIRECTION('',(-1.09476442525376E-47,-1.5109441475758E-15,1.));
#2268=DIRECTION('center_axis',(-3.82999396005269E-16,0.107375600964203,
0.994218527446344));
#2269=DIRECTION('ref_axis',(1.,1.5109441475758E-15,2.22044604925034E-16));
#2270=DIRECTION('',(1.17550988075854E-48,0.994218527446344,-0.107375600964203));
#2271=DIRECTION('',(-1.,-1.5109441475758E-15,-2.22044604925034E-16));
#2272=DIRECTION('',(-1.17550988075854E-48,-0.994218527446344,0.107375600964203));
#2273=DIRECTION('center_axis',(1.5109441475758E-15,-1.,-1.5109441475758E-15));
#2274=DIRECTION('ref_axis',(1.,1.5109441475758E-15,2.22044604925034E-16));
#2275=DIRECTION('',(1.09476442525376E-47,1.5109441475758E-15,-1.));
#2276=DIRECTION('',(-1.,-1.5109441475758E-15,-2.22044604925034E-16));
#2277=DIRECTION('',(-1.09476442525376E-47,-1.5109441475758E-15,1.));
#2278=DIRECTION('center_axis',(-5.85223242666721E-17,-0.107375600964205,
0.994218527446344));
#2279=DIRECTION('ref_axis',(1.,1.5109441475758E-15,2.22044604925034E-16));
#2280=DIRECTION('',(1.17550988075855E-48,-0.994218527446344,-0.107375600964205));
#2281=DIRECTION('',(-1.,-1.5109441475758E-15,-2.22044604925034E-16));
#2282=DIRECTION('',(-1.17550988075855E-48,0.994218527446344,0.107375600964205));
#2283=DIRECTION('center_axis',(-1.5109441475758E-15,1.,1.5109441475758E-15));
#2284=DIRECTION('ref_axis',(-1.,-1.5109441475758E-15,-2.22044604925034E-16));
#2285=DIRECTION('',(1.09476442525376E-47,1.5109441475758E-15,-1.));
#2286=DIRECTION('',(1.,1.5109441475758E-15,2.22044604925034E-16));
#2287=DIRECTION('',(-1.09476442525376E-47,-1.5109441475758E-15,1.));
#2288=DIRECTION('center_axis',(-3.82999396005269E-16,0.107375600964203,
0.994218527446344));
#2289=DIRECTION('ref_axis',(1.,1.5109441475758E-15,2.22044604925034E-16));
#2290=DIRECTION('',(1.17550988075854E-48,0.994218527446344,-0.107375600964203));
#2291=DIRECTION('',(-1.,-1.5109441475758E-15,-2.22044604925034E-16));
#2292=DIRECTION('',(-1.17550988075854E-48,-0.994218527446344,0.107375600964203));
#2293=DIRECTION('center_axis',(1.5109441475758E-15,-1.,-1.5109441475758E-15));
#2294=DIRECTION('ref_axis',(1.,1.5109441475758E-15,2.22044604925034E-16));
#2295=DIRECTION('',(1.09476442525376E-47,1.5109441475758E-15,-1.));
#2296=DIRECTION('',(-1.,-1.5109441475758E-15,-2.22044604925034E-16));
#2297=DIRECTION('',(-1.09476442525376E-47,-1.5109441475758E-15,1.));
#2298=DIRECTION('center_axis',(-5.85223242666721E-17,-0.107375600964205,
0.994218527446344));
#2299=DIRECTION('ref_axis',(1.,1.5109441475758E-15,2.22044604925034E-16));
#2300=DIRECTION('',(1.17550988075855E-48,-0.994218527446344,-0.107375600964205));
#2301=DIRECTION('',(-1.,-1.5109441475758E-15,-2.22044604925034E-16));
#2302=DIRECTION('',(-1.17550988075855E-48,0.994218527446344,0.107375600964205));
#2303=DIRECTION('center_axis',(-1.5109441475758E-15,1.,1.5109441475758E-15));
#2304=DIRECTION('ref_axis',(-1.,-1.5109441475758E-15,-2.22044604925034E-16));
#2305=DIRECTION('',(1.09476442525376E-47,1.5109441475758E-15,-1.));
#2306=DIRECTION('',(1.,1.5109441475758E-15,2.22044604925034E-16));
#2307=DIRECTION('',(-1.09476442525376E-47,-1.5109441475758E-15,1.));
#2308=DIRECTION('center_axis',(-3.82999396005269E-16,0.107375600964203,
0.994218527446344));
#2309=DIRECTION('ref_axis',(1.,1.5109441475758E-15,2.22044604925034E-16));
#2310=DIRECTION('',(1.17550988075854E-48,0.994218527446344,-0.107375600964203));
#2311=DIRECTION('',(-1.,-1.5109441475758E-15,-2.22044604925034E-16));
#2312=DIRECTION('',(-1.17550988075854E-48,-0.994218527446344,0.107375600964203));
#2313=DIRECTION('center_axis',(1.5109441475758E-15,-1.,-1.5109441475758E-15));
#2314=DIRECTION('ref_axis',(1.,1.5109441475758E-15,2.22044604925034E-16));
#2315=DIRECTION('',(1.09476442525376E-47,1.5109441475758E-15,-1.));
#2316=DIRECTION('',(-1.09476442525376E-47,-1.5109441475758E-15,1.));
#2317=DIRECTION('center_axis',(-5.85223242666721E-17,-0.107375600964205,
0.994218527446344));
#2318=DIRECTION('ref_axis',(1.,1.5109441475758E-15,2.22044604925034E-16));
#2319=DIRECTION('',(-1.17550988075855E-48,0.994218527446344,0.107375600964205));
#2320=DIRECTION('',(1.17550988075855E-48,-0.994218527446344,-0.107375600964205));
#2321=DIRECTION('center_axis',(1.,0.,1.09476442525376E-47));
#2322=DIRECTION('ref_axis',(1.09476442525376E-47,0.,-1.));
#2323=DIRECTION('',(1.65412790131136E-62,-1.,-1.5109441475758E-15));
#2324=DIRECTION('',(-1.17550988075854E-48,-0.994218527446344,0.107375600964203));
#2325=DIRECTION('',(-1.09476442525376E-47,-1.5109441475758E-15,1.));
#2326=DIRECTION('',(-1.17550988075855E-48,0.994218527446344,0.107375600964205));
#2327=DIRECTION('',(-1.09476442525376E-47,-1.5109441475758E-15,1.));
#2328=DIRECTION('',(-1.17550988075854E-48,-0.994218527446344,0.107375600964203));
#2329=DIRECTION('',(-1.09476442525376E-47,-1.5109441475758E-15,1.));
#2330=DIRECTION('',(-1.17550988075855E-48,0.994218527446344,0.107375600964205));
#2331=DIRECTION('',(-1.09476442525376E-47,-1.5109441475758E-15,1.));
#2332=DIRECTION('',(-1.17550988075854E-48,-0.994218527446344,0.107375600964203));
#2333=DIRECTION('',(-1.09476442525376E-47,-1.5109441475758E-15,1.));
#2334=DIRECTION('',(-1.17550988075855E-48,0.994218527446344,0.107375600964205));
#2335=DIRECTION('',(-1.09476442525376E-47,-1.5109441475758E-15,1.));
#2336=DIRECTION('',(-1.17550988075854E-48,-0.994218527446344,0.107375600964203));
#2337=DIRECTION('',(-1.09476442525376E-47,-1.5109441475758E-15,1.));
#2338=DIRECTION('',(-1.17550988075855E-48,0.994218527446344,0.107375600964205));
#2339=DIRECTION('',(-1.09476442525376E-47,-1.5109441475758E-15,1.));
#2340=DIRECTION('',(-1.17550988075854E-48,-0.994218527446344,0.107375600964203));
#2341=DIRECTION('',(-1.09476442525376E-47,-1.5109441475758E-15,1.));
#2342=DIRECTION('',(-1.17550988075855E-48,0.994218527446344,0.107375600964205));
#2343=DIRECTION('',(-1.09476442525376E-47,-1.5109441475758E-15,1.));
#2344=DIRECTION('',(-1.17550988075854E-48,-0.994218527446344,0.107375600964203));
#2345=DIRECTION('',(-1.09476442525376E-47,-1.5109441475758E-15,1.));
#2346=DIRECTION('',(-1.17550988075855E-48,0.994218527446344,0.107375600964205));
#2347=DIRECTION('',(-1.09476442525376E-47,-1.5109441475758E-15,1.));
#2348=DIRECTION('',(-1.17550988075854E-48,-0.994218527446344,0.107375600964203));
#2349=DIRECTION('',(-1.09476442525376E-47,-1.5109441475758E-15,1.));
#2350=DIRECTION('',(-1.17550988075855E-48,0.994218527446344,0.107375600964205));
#2351=DIRECTION('',(-1.09476442525376E-47,-1.5109441475758E-15,1.));
#2352=DIRECTION('',(-1.17550988075854E-48,-0.994218527446344,0.107375600964203));
#2353=DIRECTION('',(-1.09476442525376E-47,-1.5109441475758E-15,1.));
#2354=DIRECTION('',(-1.17550988075855E-48,0.994218527446344,0.107375600964205));
#2355=DIRECTION('',(-1.09476442525376E-47,-1.5109441475758E-15,1.));
#2356=DIRECTION('',(-1.17550988075854E-48,-0.994218527446344,0.107375600964203));
#2357=DIRECTION('',(-1.09476442525376E-47,-1.5109441475758E-15,1.));
#2358=DIRECTION('',(-1.17550988075855E-48,0.994218527446344,0.107375600964205));
#2359=DIRECTION('',(-1.09476442525376E-47,-1.5109441475758E-15,1.));
#2360=DIRECTION('',(-1.17550988075854E-48,-0.994218527446344,0.107375600964203));
#2361=DIRECTION('',(-1.09476442525376E-47,-1.5109441475758E-15,1.));
#2362=DIRECTION('',(-1.17550988075855E-48,0.994218527446344,0.107375600964205));
#2363=DIRECTION('',(-1.09476442525376E-47,-1.5109441475758E-15,1.));
#2364=DIRECTION('center_axis',(-5.85223242666721E-17,-0.107375600964205,
0.994218527446344));
#2365=DIRECTION('ref_axis',(1.,1.5109441475758E-15,2.22044604925034E-16));
#2366=DIRECTION('',(1.17550988075855E-48,-0.994218527446344,-0.107375600964205));
#2367=DIRECTION('',(-1.,-1.5109441475758E-15,-2.22044604925034E-16));
#2368=DIRECTION('',(-1.,-1.5109441475758E-15,-2.22044604925034E-16));
#2369=DIRECTION('center_axis',(1.5109441475758E-15,-1.,-1.5109441475758E-15));
#2370=DIRECTION('ref_axis',(1.,1.5109441475758E-15,2.22044604925034E-16));
#2371=DIRECTION('',(1.09476442525376E-47,1.5109441475758E-15,-1.));
#2372=DIRECTION('',(-1.,-1.5109441475758E-15,-2.22044604925034E-16));
#2373=DIRECTION('center_axis',(-3.82999396005269E-16,0.107375600964203,
0.994218527446344));
#2374=DIRECTION('ref_axis',(1.,1.5109441475758E-15,2.22044604925034E-16));
#2375=DIRECTION('',(1.17550988075854E-48,0.994218527446344,-0.107375600964203));
#2376=DIRECTION('',(1.,1.5109441475758E-15,2.22044604925034E-16));
#2377=DIRECTION('center_axis',(-1.5109441475758E-15,1.,1.5109441475758E-15));
#2378=DIRECTION('ref_axis',(-1.,-1.5109441475758E-15,-2.22044604925034E-16));
#2379=DIRECTION('',(1.09476442525376E-47,1.5109441475758E-15,-1.));
#2380=DIRECTION('',(-1.,-1.5109441475758E-15,-2.22044604925034E-16));
#2381=DIRECTION('center_axis',(-5.85223242666721E-17,-0.107375600964205,
0.994218527446344));
#2382=DIRECTION('ref_axis',(1.,1.5109441475758E-15,2.22044604925034E-16));
#2383=DIRECTION('',(1.17550988075855E-48,-0.994218527446344,-0.107375600964205));
#2384=DIRECTION('',(-1.,-1.5109441475758E-15,-2.22044604925034E-16));
#2385=DIRECTION('center_axis',(1.5109441475758E-15,-1.,-1.5109441475758E-15));
#2386=DIRECTION('ref_axis',(1.,1.5109441475758E-15,2.22044604925034E-16));
#2387=DIRECTION('',(1.09476442525376E-47,1.5109441475758E-15,-1.));
#2388=DIRECTION('',(-1.,-1.5109441475758E-15,-2.22044604925034E-16));
#2389=DIRECTION('center_axis',(-3.82999396005269E-16,0.107375600964203,
0.994218527446344));
#2390=DIRECTION('ref_axis',(1.,1.5109441475758E-15,2.22044604925034E-16));
#2391=DIRECTION('',(1.17550988075854E-48,0.994218527446344,-0.107375600964203));
#2392=DIRECTION('',(1.,1.5109441475758E-15,2.22044604925034E-16));
#2393=DIRECTION('center_axis',(-1.5109441475758E-15,1.,1.5109441475758E-15));
#2394=DIRECTION('ref_axis',(-1.,-1.5109441475758E-15,-2.22044604925034E-16));
#2395=DIRECTION('',(1.09476442525376E-47,1.5109441475758E-15,-1.));
#2396=DIRECTION('',(-1.,-1.5109441475758E-15,-2.22044604925034E-16));
#2397=DIRECTION('center_axis',(-5.85223242666721E-17,-0.107375600964205,
0.994218527446344));
#2398=DIRECTION('ref_axis',(1.,1.5109441475758E-15,2.22044604925034E-16));
#2399=DIRECTION('',(1.17550988075855E-48,-0.994218527446344,-0.107375600964205));
#2400=DIRECTION('',(-1.,-1.5109441475758E-15,-2.22044604925034E-16));
#2401=DIRECTION('center_axis',(1.5109441475758E-15,-1.,-1.5109441475758E-15));
#2402=DIRECTION('ref_axis',(1.,1.5109441475758E-15,2.22044604925034E-16));
#2403=DIRECTION('',(1.09476442525376E-47,1.5109441475758E-15,-1.));
#2404=DIRECTION('',(-1.,-1.5109441475758E-15,-2.22044604925034E-16));
#2405=DIRECTION('center_axis',(-3.82999396005269E-16,0.107375600964203,
0.994218527446344));
#2406=DIRECTION('ref_axis',(1.,1.5109441475758E-15,2.22044604925034E-16));
#2407=DIRECTION('',(1.17550988075854E-48,0.994218527446344,-0.107375600964203));
#2408=DIRECTION('',(1.,1.5109441475758E-15,2.22044604925034E-16));
#2409=DIRECTION('center_axis',(-1.5109441475758E-15,1.,1.5109441475758E-15));
#2410=DIRECTION('ref_axis',(-1.,-1.5109441475758E-15,-2.22044604925034E-16));
#2411=DIRECTION('',(1.09476442525376E-47,1.5109441475758E-15,-1.));
#2412=DIRECTION('',(-1.,-1.5109441475758E-15,-2.22044604925034E-16));
#2413=DIRECTION('center_axis',(-5.85223242666721E-17,-0.107375600964205,
0.994218527446344));
#2414=DIRECTION('ref_axis',(1.,1.5109441475758E-15,2.22044604925034E-16));
#2415=DIRECTION('',(1.17550988075855E-48,-0.994218527446344,-0.107375600964205));
#2416=DIRECTION('',(-1.,-1.5109441475758E-15,-2.22044604925034E-16));
#2417=DIRECTION('center_axis',(1.5109441475758E-15,-1.,-1.5109441475758E-15));
#2418=DIRECTION('ref_axis',(1.,1.5109441475758E-15,2.22044604925034E-16));
#2419=DIRECTION('',(1.09476442525376E-47,1.5109441475758E-15,-1.));
#2420=DIRECTION('',(-1.,-1.5109441475758E-15,-2.22044604925034E-16));
#2421=DIRECTION('center_axis',(-3.82999396005269E-16,0.107375600964203,
0.994218527446344));
#2422=DIRECTION('ref_axis',(1.,1.5109441475758E-15,2.22044604925034E-16));
#2423=DIRECTION('',(1.17550988075854E-48,0.994218527446344,-0.107375600964203));
#2424=DIRECTION('',(1.,1.5109441475758E-15,2.22044604925034E-16));
#2425=DIRECTION('center_axis',(-1.5109441475758E-15,1.,1.5109441475758E-15));
#2426=DIRECTION('ref_axis',(-1.,-1.5109441475758E-15,-2.22044604925034E-16));
#2427=DIRECTION('',(1.09476442525376E-47,1.5109441475758E-15,-1.));
#2428=DIRECTION('',(-1.,-1.5109441475758E-15,-2.22044604925034E-16));
#2429=DIRECTION('center_axis',(-5.85223242666721E-17,-0.107375600964205,
0.994218527446344));
#2430=DIRECTION('ref_axis',(1.,1.5109441475758E-15,2.22044604925034E-16));
#2431=DIRECTION('',(1.17550988075855E-48,-0.994218527446344,-0.107375600964205));
#2432=DIRECTION('',(-1.,-1.5109441475758E-15,-2.22044604925034E-16));
#2433=DIRECTION('center_axis',(1.5109441475758E-15,-1.,-1.5109441475758E-15));
#2434=DIRECTION('ref_axis',(1.,1.5109441475758E-15,2.22044604925034E-16));
#2435=DIRECTION('',(1.09476442525376E-47,1.5109441475758E-15,-1.));
#2436=DIRECTION('',(-1.,-1.5109441475758E-15,-2.22044604925034E-16));
#2437=DIRECTION('center_axis',(-3.82999396005269E-16,0.107375600964203,
0.994218527446344));
#2438=DIRECTION('ref_axis',(1.,1.5109441475758E-15,2.22044604925034E-16));
#2439=DIRECTION('',(1.17550988075854E-48,0.994218527446344,-0.107375600964203));
#2440=DIRECTION('',(1.,1.5109441475758E-15,2.22044604925034E-16));
#2441=DIRECTION('center_axis',(-1.5109441475758E-15,1.,1.5109441475758E-15));
#2442=DIRECTION('ref_axis',(-1.,-1.5109441475758E-15,-2.22044604925034E-16));
#2443=DIRECTION('',(1.09476442525376E-47,1.5109441475758E-15,-1.));
#2444=DIRECTION('',(-1.,-1.5109441475758E-15,-2.22044604925034E-16));
#2445=DIRECTION('center_axis',(-5.85223242666721E-17,-0.107375600964205,
0.994218527446344));
#2446=DIRECTION('ref_axis',(1.,1.5109441475758E-15,2.22044604925034E-16));
#2447=DIRECTION('',(1.17550988075855E-48,-0.994218527446344,-0.107375600964205));
#2448=DIRECTION('',(-1.,-1.5109441475758E-15,-2.22044604925034E-16));
#2449=DIRECTION('center_axis',(1.5109441475758E-15,-1.,-1.5109441475758E-15));
#2450=DIRECTION('ref_axis',(1.,1.5109441475758E-15,2.22044604925034E-16));
#2451=DIRECTION('',(1.09476442525376E-47,1.5109441475758E-15,-1.));
#2452=DIRECTION('',(-1.,-1.5109441475758E-15,-2.22044604925034E-16));
#2453=DIRECTION('center_axis',(-3.82999396005269E-16,0.107375600964203,
0.994218527446344));
#2454=DIRECTION('ref_axis',(1.,1.5109441475758E-15,2.22044604925034E-16));
#2455=DIRECTION('',(1.17550988075854E-48,0.994218527446344,-0.107375600964203));
#2456=DIRECTION('',(1.,1.5109441475758E-15,2.22044604925034E-16));
#2457=DIRECTION('center_axis',(-1.5109441475758E-15,1.,1.5109441475758E-15));
#2458=DIRECTION('ref_axis',(-1.,-1.5109441475758E-15,-2.22044604925034E-16));
#2459=DIRECTION('',(1.09476442525376E-47,1.5109441475758E-15,-1.));
#2460=DIRECTION('',(-1.,-1.5109441475758E-15,-2.22044604925034E-16));
#2461=DIRECTION('center_axis',(-5.85223242666721E-17,-0.107375600964205,
0.994218527446344));
#2462=DIRECTION('ref_axis',(1.,1.5109441475758E-15,2.22044604925034E-16));
#2463=DIRECTION('',(1.17550988075855E-48,-0.994218527446344,-0.107375600964205));
#2464=DIRECTION('',(-1.,-1.5109441475758E-15,-2.22044604925034E-16));
#2465=DIRECTION('center_axis',(1.5109441475758E-15,-1.,-1.5109441475758E-15));
#2466=DIRECTION('ref_axis',(1.,1.5109441475758E-15,2.22044604925034E-16));
#2467=DIRECTION('',(1.09476442525376E-47,1.5109441475758E-15,-1.));
#2468=DIRECTION('',(-1.,-1.5109441475758E-15,-2.22044604925034E-16));
#2469=DIRECTION('center_axis',(-3.82999396005269E-16,0.107375600964203,
0.994218527446344));
#2470=DIRECTION('ref_axis',(1.,1.5109441475758E-15,2.22044604925034E-16));
#2471=DIRECTION('',(1.17550988075854E-48,0.994218527446344,-0.107375600964203));
#2472=DIRECTION('',(1.,1.5109441475758E-15,2.22044604925034E-16));
#2473=DIRECTION('center_axis',(-1.5109441475758E-15,1.,1.5109441475758E-15));
#2474=DIRECTION('ref_axis',(-1.,-1.5109441475758E-15,-2.22044604925034E-16));
#2475=DIRECTION('',(1.09476442525376E-47,1.5109441475758E-15,-1.));
#2476=DIRECTION('',(-1.,-1.5109441475758E-15,-2.22044604925034E-16));
#2477=DIRECTION('center_axis',(-5.85223242666721E-17,-0.107375600964205,
0.994218527446344));
#2478=DIRECTION('ref_axis',(1.,1.5109441475758E-15,2.22044604925034E-16));
#2479=DIRECTION('',(1.17550988075855E-48,-0.994218527446344,-0.107375600964205));
#2480=DIRECTION('',(-1.,-1.5109441475758E-15,-2.22044604925034E-16));
#2481=DIRECTION('center_axis',(1.5109441475758E-15,-1.,-1.5109441475758E-15));
#2482=DIRECTION('ref_axis',(1.,1.5109441475758E-15,2.22044604925034E-16));
#2483=DIRECTION('',(1.09476442525376E-47,1.5109441475758E-15,-1.));
#2484=DIRECTION('',(-1.,-1.5109441475758E-15,-2.22044604925034E-16));
#2485=DIRECTION('center_axis',(-3.82999396005269E-16,0.107375600964203,
0.994218527446344));
#2486=DIRECTION('ref_axis',(1.,1.5109441475758E-15,2.22044604925034E-16));
#2487=DIRECTION('',(1.17550988075854E-48,0.994218527446344,-0.107375600964203));
#2488=DIRECTION('',(1.,1.5109441475758E-15,2.22044604925034E-16));
#2489=DIRECTION('center_axis',(-1.5109441475758E-15,1.,1.5109441475758E-15));
#2490=DIRECTION('ref_axis',(-1.,-1.5109441475758E-15,-2.22044604925034E-16));
#2491=DIRECTION('',(1.09476442525376E-47,1.5109441475758E-15,-1.));
#2492=DIRECTION('',(-1.,-1.5109441475758E-15,-2.22044604925034E-16));
#2493=DIRECTION('center_axis',(-5.85223242666721E-17,-0.107375600964205,
0.994218527446344));
#2494=DIRECTION('ref_axis',(1.,1.5109441475758E-15,2.22044604925034E-16));
#2495=DIRECTION('',(1.17550988075855E-48,-0.994218527446344,-0.107375600964205));
#2496=DIRECTION('',(-1.,-1.5109441475758E-15,-2.22044604925034E-16));
#2497=DIRECTION('center_axis',(1.5109441475758E-15,-1.,-1.5109441475758E-15));
#2498=DIRECTION('ref_axis',(1.,1.5109441475758E-15,2.22044604925034E-16));
#2499=DIRECTION('',(1.09476442525376E-47,1.5109441475758E-15,-1.));
#2500=DIRECTION('',(-1.,-1.5109441475758E-15,-2.22044604925034E-16));
#2501=DIRECTION('center_axis',(-3.82999396005269E-16,0.107375600964203,
0.994218527446344));
#2502=DIRECTION('ref_axis',(1.,1.5109441475758E-15,2.22044604925034E-16));
#2503=DIRECTION('',(1.17550988075854E-48,0.994218527446344,-0.107375600964203));
#2504=DIRECTION('',(1.,1.5109441475758E-15,2.22044604925034E-16));
#2505=DIRECTION('center_axis',(-1.5109441475758E-15,1.,1.5109441475758E-15));
#2506=DIRECTION('ref_axis',(-1.,-1.5109441475758E-15,-2.22044604925034E-16));
#2507=DIRECTION('',(1.09476442525376E-47,1.5109441475758E-15,-1.));
#2508=DIRECTION('',(-1.,-1.5109441475758E-15,-2.22044604925034E-16));
#2509=DIRECTION('center_axis',(-5.85223242666721E-17,-0.107375600964205,
0.994218527446344));
#2510=DIRECTION('ref_axis',(1.,1.5109441475758E-15,2.22044604925034E-16));
#2511=DIRECTION('',(1.17550988075855E-48,-0.994218527446344,-0.107375600964205));
#2512=DIRECTION('',(-1.,-1.5109441475758E-15,-2.22044604925034E-16));
#2513=DIRECTION('center_axis',(1.5109441475758E-15,-1.,-1.5109441475758E-15));
#2514=DIRECTION('ref_axis',(1.,1.5109441475758E-15,2.22044604925034E-16));
#2515=DIRECTION('',(1.09476442525376E-47,1.5109441475758E-15,-1.));
#2516=DIRECTION('',(-1.,-1.5109441475758E-15,-2.22044604925034E-16));
#2517=DIRECTION('center_axis',(-3.82999396005269E-16,0.107375600964203,
0.994218527446344));
#2518=DIRECTION('ref_axis',(1.,1.5109441475758E-15,2.22044604925034E-16));
#2519=DIRECTION('',(1.17550988075854E-48,0.994218527446344,-0.107375600964203));
#2520=DIRECTION('',(-1.,-1.5109441475758E-15,-2.22044604925034E-16));
#2521=DIRECTION('center_axis',(2.22044604925031E-16,1.5109441475758E-15,
-1.));
#2522=DIRECTION('ref_axis',(-1.,-1.5109441475758E-15,-2.22044604925034E-16));
#2523=DIRECTION('',(-1.65412790131136E-62,1.,1.5109441475758E-15));
#2524=DIRECTION('center_axis',(-1.5109441475758E-15,1.,1.5109441475758E-15));
#2525=DIRECTION('ref_axis',(-1.,-1.5109441475758E-15,-2.22044604925034E-16));
#2526=DIRECTION('',(1.09476442525376E-47,1.5109441475758E-15,-1.));
#2527=DIRECTION('center_axis',(-1.,0.,-1.09476442525376E-47));
#2528=DIRECTION('ref_axis',(-1.09476442525376E-47,0.,1.));
#2529=CARTESIAN_POINT('',(0.,0.,0.));
#2530=CARTESIAN_POINT('Origin',(-174.198278205584,115.591654253837,-47.9290403645639));
#2531=CARTESIAN_POINT('',(-177.948278205584,117.860172772355,-47.9290403645639));
#2532=CARTESIAN_POINT('',(-170.448278205584,117.860172772355,-47.9290403645639));
#2533=CARTESIAN_POINT('',(-170.448278205584,117.860172772355,-47.9290403645639));
#2534=CARTESIAN_POINT('',(-170.448278205584,121.323135735318,-47.9290403645639));
#2535=CARTESIAN_POINT('',(-170.448278205584,117.323135735318,-47.9290403645639));
#2536=CARTESIAN_POINT('',(-177.948278205584,121.323135735318,-47.9290403645639));
#2537=CARTESIAN_POINT('',(-177.948278205584,121.323135735318,-47.9290403645639));
#2538=CARTESIAN_POINT('',(-177.948278205584,113.860172772355,-47.9290403645639));
#2539=CARTESIAN_POINT('Origin',(-170.448278205584,113.860172772355,-57.9290403645639));
#2540=CARTESIAN_POINT('',(-170.448278205584,121.323135735318,-52.9290403645639));
#2541=CARTESIAN_POINT('',(-170.448278205584,117.860172772355,-52.9290403645639));
#2542=CARTESIAN_POINT('',(-170.448278205584,113.860172772355,-52.9290403645639));
#2543=CARTESIAN_POINT('',(-170.448278205584,121.323135735318,-57.9290403645639));
#2544=CARTESIAN_POINT('',(-170.448278205584,117.860172772355,-57.9290403645639));
#2545=CARTESIAN_POINT('Origin',(-167.948278205584,113.860172772355,-55.4290403645639));
#2546=CARTESIAN_POINT('',(-165.448278205584,117.860172772355,-57.9290403645639));
#2547=CARTESIAN_POINT('',(-165.748278205584,117.860172772355,-57.6290403645639));
#2548=CARTESIAN_POINT('',(-165.448278205584,121.323135735318,-57.9290403645639));
#2549=CARTESIAN_POINT('',(-165.448278205584,113.860172772355,-57.9290403645639));
#2550=CARTESIAN_POINT('',(-162.823278205585,121.323135735318,-60.5540403645639));
#2551=CARTESIAN_POINT('Origin',(-145.448278205584,117.860172772355,-41.7290403645639));
#2552=CARTESIAN_POINT('',(-177.948278205584,117.860172772355,-55.9290403645639));
#2553=CARTESIAN_POINT('',(-177.948278205584,117.860172772355,-57.9290403645639));
#2554=CARTESIAN_POINT('',(-172.948278205584,117.860172772355,-60.9290403645639));
#2555=CARTESIAN_POINT('',(-172.123278205584,117.860172772355,-61.7540403645639));
#2556=CARTESIAN_POINT('',(-142.448278205584,117.860172772355,-60.9290403645639));
#2557=CARTESIAN_POINT('',(-145.394949247414,117.860172772355,-60.9290403645639));
#2558=CARTESIAN_POINT('',(-142.448278205584,117.860172772355,-56.2628806576003));
#2559=CARTESIAN_POINT('',(-142.448278205585,117.860172772355,-56.7290403645639));
#2560=CARTESIAN_POINT('',(-147.948278205584,117.860172772355,-56.2628806576003));
#2561=CARTESIAN_POINT('',(-146.698278205584,117.860172772355,-56.2628806576003));
#2562=CARTESIAN_POINT('',(-147.948278205584,117.860172772355,-57.9290403645639));
#2563=CARTESIAN_POINT('',(-147.948278205584,117.860172772355,-56.7290403645639));
#2564=CARTESIAN_POINT('',(-147.948278205584,117.860172772355,-57.9290403645639));
#2565=CARTESIAN_POINT('Origin',(-147.948278205584,117.860172772355,-56.2628806576003));
#2566=CARTESIAN_POINT('',(-147.948278205584,114.232021910907,-56.2628806576003));
#2567=CARTESIAN_POINT('',(-142.448278205584,114.232021910906,-56.2628806576003));
#2568=CARTESIAN_POINT('',(-144.448278205584,114.232021910906,-56.2628806576003));
#2569=CARTESIAN_POINT('',(-147.948278205584,117.860172772355,-56.2628806576003));
#2570=CARTESIAN_POINT('',(-142.448278205584,117.860172772355,-56.2628806576003));
#2571=CARTESIAN_POINT('Origin',(-177.948278205584,115.591654253837,-59.4290403645639));
#2572=CARTESIAN_POINT('',(-177.948278205584,121.323135735318,-55.9290403645639));
#2573=CARTESIAN_POINT('',(-177.948278205584,121.323135735318,-57.9290403645639));
#2574=CARTESIAN_POINT('',(-177.948278205584,115.429172959136,-55.9290403645639));
#2575=CARTESIAN_POINT('Origin',(-160.198278205584,118.957904825685,-55.7524853028043));
#2576=CARTESIAN_POINT('',(-142.448278205584,119.860172772355,-55.6550403645639));
#2577=CARTESIAN_POINT('',(-147.948278205584,119.860172772355,-55.6550403645639));
#2578=CARTESIAN_POINT('',(-140.948278205584,119.860172772355,-55.6550403645639));
#2579=CARTESIAN_POINT('',(-142.448278205584,121.323135735318,-55.497040364564));
#2580=CARTESIAN_POINT('',(-142.448278205584,117.429868581182,-55.9175132172106));
#2581=CARTESIAN_POINT('',(-147.948278205584,121.323135735318,-55.497040364564));
#2582=CARTESIAN_POINT('',(-154.073278205584,121.323135735318,-55.497040364564));
#2583=CARTESIAN_POINT('',(-147.948278205584,117.429868581182,-55.9175132172106));
#2584=CARTESIAN_POINT('Origin',(-175.448278205584,115.429172959136,-58.4290403645639));
#2585=CARTESIAN_POINT('',(-172.948278205584,121.323135735318,-60.9290403645639));
#2586=CARTESIAN_POINT('',(-169.198278205584,121.323135735318,-64.6790403645639));
#2587=CARTESIAN_POINT('',(-172.948278205584,115.429172959136,-60.9290403645639));
#2588=CARTESIAN_POINT('Origin',(-147.948278205584,121.323135735318,-55.9290403645639));
#2589=CARTESIAN_POINT('',(-147.948278205584,121.323135735318,-57.9290403645639));
#2590=CARTESIAN_POINT('',(-147.948278205584,121.323135735318,-57.9290403645639));
#2591=CARTESIAN_POINT('',(-147.948278205584,121.323135735318,-55.9290403645639));
#2592=CARTESIAN_POINT('',(-142.448278205584,121.323135735318,-60.9290403645639));
#2593=CARTESIAN_POINT('',(-142.448278205584,121.323135735318,-55.9290403645639));
#2594=CARTESIAN_POINT('',(-147.948278205584,121.323135735318,-60.9290403645639));
#2595=CARTESIAN_POINT('Origin',(-147.948278205584,113.860172772355,-57.9290403645639));
#2596=CARTESIAN_POINT('',(-147.948278205584,115.360172772355,-57.9290403645639));
#2597=CARTESIAN_POINT('Origin',(-145.341620289244,115.266691664435,-60.9290403645639));
#2598=CARTESIAN_POINT('',(-142.448278205585,116.063432218395,-60.9290403645639));
#2599=CARTESIAN_POINT('Origin',(-145.448278205584,113.860172772355,-41.7290403645639));
#2600=CARTESIAN_POINT('',(-142.448278205585,113.860172772355,-56.3030403645639));
#2601=CARTESIAN_POINT('',(-142.448278205584,113.860172772355,-11.7290403645639));
#2602=CARTESIAN_POINT('',(-142.448278205585,113.860172772355,-56.7290403645639));
#2603=CARTESIAN_POINT('',(-147.948278205584,113.860172772355,-11.7290403645639));
#2604=CARTESIAN_POINT('',(-143.198278205584,113.860172772355,-11.7290403645639));
#2605=CARTESIAN_POINT('',(-147.948278205584,113.860172772355,-56.3030403645639));
#2606=CARTESIAN_POINT('',(-147.948278205584,113.860172772355,-56.7290403645639));
#2607=CARTESIAN_POINT('',(-152.823278205584,113.860172772355,-56.3030403645639));
#2608=CARTESIAN_POINT('Origin',(-140.948278205584,107.886837752032,-33.259920182369));
#2609=CARTESIAN_POINT('',(-142.448278205584,116.860172772355,-34.2290403645639));
#2610=CARTESIAN_POINT('',(-142.448278205584,119.860172772355,-34.5530403645639));
#2611=CARTESIAN_POINT('',(-142.448278205585,114.375157984837,-33.9606587675119));
#2612=CARTESIAN_POINT('',(-147.948278205584,119.860172772355,-34.5530403645639));
#2613=CARTESIAN_POINT('',(-140.948278205584,119.860172772355,-34.5530403645639));
#2614=CARTESIAN_POINT('',(-147.948278205584,116.860172772355,-34.2290403645639));
#2615=CARTESIAN_POINT('',(-147.948278205584,114.375157984837,-33.9606587675119));
#2616=CARTESIAN_POINT('',(-149.948278205584,116.860172772355,-34.2290403645639));
#2617=CARTESIAN_POINT('Origin',(-145.448278205584,119.860172772355,-5.72904036456386));
#2618=CARTESIAN_POINT('',(-142.448278205584,119.860172772355,-35.4050403645639));
#2619=CARTESIAN_POINT('',(-142.448278205585,119.860172772355,-38.7290403645639));
#2620=CARTESIAN_POINT('',(-147.948278205584,119.860172772355,-35.4050403645639));
#2621=CARTESIAN_POINT('',(-140.948278205584,119.860172772355,-35.4050403645639));
#2622=CARTESIAN_POINT('',(-147.948278205584,119.860172772355,-38.7290403645639));
#2623=CARTESIAN_POINT('Origin',(-140.948278205584,114.131994246679,-36.0236836453369));
#2624=CARTESIAN_POINT('',(-142.448278205584,116.860172772355,-35.7290403645639));
#2625=CARTESIAN_POINT('',(-142.448278205584,113.57449689578,-36.083893359234));
#2626=CARTESIAN_POINT('',(-147.948278205584,116.860172772355,-35.7290403645639));
#2627=CARTESIAN_POINT('',(-140.948278205584,116.860172772355,-35.7290403645639));
#2628=CARTESIAN_POINT('',(-147.948278205584,113.57449689578,-36.083893359234));
#2629=CARTESIAN_POINT('Origin',(-145.448278205584,116.860172772355,-41.7290403645639));
#2630=CARTESIAN_POINT('',(-142.448278205584,116.860172772355,-36.4790403645639));
#2631=CARTESIAN_POINT('',(-142.448278205585,116.860172772355,-56.7290403645639));
#2632=CARTESIAN_POINT('',(-147.948278205584,116.860172772355,-36.4790403645639));
#2633=CARTESIAN_POINT('',(-149.948278205584,116.860172772355,-36.4790403645639));
#2634=CARTESIAN_POINT('',(-147.948278205584,116.860172772355,-56.7290403645639));
#2635=CARTESIAN_POINT('Origin',(-140.948278205584,107.886837752032,-35.509920182369));
#2636=CARTESIAN_POINT('',(-142.448278205584,119.860172772355,-36.8030403645639));
#2637=CARTESIAN_POINT('',(-142.448278205585,114.255058821478,-36.1976880578692));
#2638=CARTESIAN_POINT('',(-147.948278205584,119.860172772355,-36.8030403645639));
#2639=CARTESIAN_POINT('',(-140.948278205584,119.860172772355,-36.8030403645639));
#2640=CARTESIAN_POINT('',(-147.948278205584,114.255058821478,-36.1976880578692));
#2641=CARTESIAN_POINT('Origin',(-145.448278205584,119.860172772355,-7.97904036456388));
#2642=CARTESIAN_POINT('',(-142.448278205584,119.860172772355,-37.6550403645639));
#2643=CARTESIAN_POINT('',(-142.448278205585,119.860172772355,-39.8540403645639));
#2644=CARTESIAN_POINT('',(-147.948278205584,119.860172772355,-37.6550403645639));
#2645=CARTESIAN_POINT('',(-140.948278205584,119.860172772355,-37.6550403645639));
#2646=CARTESIAN_POINT('',(-147.948278205584,119.860172772355,-39.8540403645639));
#2647=CARTESIAN_POINT('Origin',(-140.948278205584,114.131994246679,-38.2736836453369));
#2648=CARTESIAN_POINT('',(-142.448278205584,116.860172772355,-37.9790403645639));
#2649=CARTESIAN_POINT('',(-142.448278205584,113.694596059138,-38.3209226495913));
#2650=CARTESIAN_POINT('',(-147.948278205584,116.860172772355,-37.9790403645639));
#2651=CARTESIAN_POINT('',(-140.948278205584,116.860172772355,-37.9790403645639));
#2652=CARTESIAN_POINT('',(-147.948278205584,113.694596059138,-38.3209226495913));
#2653=CARTESIAN_POINT('Origin',(-145.448278205584,116.860172772355,-41.7290403645639));
#2654=CARTESIAN_POINT('',(-142.448278205584,116.860172772355,-38.7290403645639));
#2655=CARTESIAN_POINT('',(-142.448278205585,116.860172772355,-56.7290403645639));
#2656=CARTESIAN_POINT('',(-147.948278205584,116.860172772355,-38.7290403645639));
#2657=CARTESIAN_POINT('',(-149.948278205584,116.860172772355,-38.7290403645639));
#2658=CARTESIAN_POINT('',(-147.948278205584,116.860172772355,-56.7290403645639));
#2659=CARTESIAN_POINT('Origin',(-140.948278205584,107.886837752032,-37.759920182369));
#2660=CARTESIAN_POINT('',(-142.448278205584,119.860172772355,-39.0530403645639));
#2661=CARTESIAN_POINT('',(-142.448278205585,114.13495965812,-38.4347173482264));
#2662=CARTESIAN_POINT('',(-147.948278205584,119.860172772355,-39.0530403645639));
#2663=CARTESIAN_POINT('',(-140.948278205584,119.860172772355,-39.0530403645639));
#2664=CARTESIAN_POINT('',(-147.948278205584,114.13495965812,-38.4347173482264));
#2665=CARTESIAN_POINT('Origin',(-145.448278205584,119.860172772355,-10.2290403645639));
#2666=CARTESIAN_POINT('',(-142.448278205584,119.860172772355,-39.9050403645639));
#2667=CARTESIAN_POINT('',(-142.448278205585,119.860172772355,-40.9790403645639));
#2668=CARTESIAN_POINT('',(-147.948278205584,119.860172772355,-39.9050403645639));
#2669=CARTESIAN_POINT('',(-140.948278205584,119.860172772355,-39.9050403645639));
#2670=CARTESIAN_POINT('',(-147.948278205584,119.860172772355,-40.9790403645639));
#2671=CARTESIAN_POINT('Origin',(-140.948278205584,114.131994246679,-40.5236836453369));
#2672=CARTESIAN_POINT('',(-142.448278205584,116.860172772355,-40.2290403645639));
#2673=CARTESIAN_POINT('',(-142.448278205584,113.814695222497,-40.5579519399486));
#2674=CARTESIAN_POINT('',(-147.948278205584,116.860172772355,-40.2290403645639));
#2675=CARTESIAN_POINT('',(-140.948278205584,116.860172772355,-40.2290403645639));
#2676=CARTESIAN_POINT('',(-147.948278205584,113.814695222497,-40.5579519399486));
#2677=CARTESIAN_POINT('Origin',(-145.448278205584,116.860172772355,-41.7290403645639));
#2678=CARTESIAN_POINT('',(-142.448278205584,116.860172772355,-40.9790403645639));
#2679=CARTESIAN_POINT('',(-142.448278205585,116.860172772355,-56.7290403645639));
#2680=CARTESIAN_POINT('',(-147.948278205584,116.860172772355,-40.9790403645639));
#2681=CARTESIAN_POINT('',(-149.948278205584,116.860172772355,-40.9790403645639));
#2682=CARTESIAN_POINT('',(-147.948278205584,116.860172772355,-56.7290403645639));
#2683=CARTESIAN_POINT('Origin',(-140.948278205584,107.886837752032,-40.009920182369));
#2684=CARTESIAN_POINT('',(-142.448278205584,119.860172772355,-41.3030403645639));
#2685=CARTESIAN_POINT('',(-142.448278205585,114.014860494761,-40.6717466385837));
#2686=CARTESIAN_POINT('',(-147.948278205584,119.860172772355,-41.3030403645639));
#2687=CARTESIAN_POINT('',(-140.948278205584,119.860172772355,-41.3030403645639));
#2688=CARTESIAN_POINT('',(-147.948278205584,114.014860494761,-40.6717466385837));
#2689=CARTESIAN_POINT('Origin',(-145.448278205584,119.860172772355,-12.4790403645639));
#2690=CARTESIAN_POINT('',(-142.448278205584,119.860172772355,-42.1550403645638));
#2691=CARTESIAN_POINT('',(-142.448278205585,119.860172772355,-42.1040403645639));
#2692=CARTESIAN_POINT('',(-147.948278205584,119.860172772355,-42.1550403645638));
#2693=CARTESIAN_POINT('',(-140.948278205584,119.860172772355,-42.1550403645638));
#2694=CARTESIAN_POINT('',(-147.948278205584,119.860172772355,-42.1040403645639));
#2695=CARTESIAN_POINT('Origin',(-140.948278205584,114.131994246679,-42.7736836453369));
#2696=CARTESIAN_POINT('',(-142.448278205584,116.860172772355,-42.4790403645639));
#2697=CARTESIAN_POINT('',(-142.448278205584,113.934794385855,-42.7949812303059));
#2698=CARTESIAN_POINT('',(-147.948278205584,116.860172772355,-42.4790403645639));
#2699=CARTESIAN_POINT('',(-140.948278205584,116.860172772355,-42.4790403645639));
#2700=CARTESIAN_POINT('',(-147.948278205584,113.934794385855,-42.7949812303059));
#2701=CARTESIAN_POINT('Origin',(-145.448278205584,116.860172772355,-41.7290403645639));
#2702=CARTESIAN_POINT('',(-142.448278205584,116.860172772355,-43.2290403645639));
#2703=CARTESIAN_POINT('',(-142.448278205585,116.860172772355,-56.7290403645639));
#2704=CARTESIAN_POINT('',(-147.948278205584,116.860172772355,-43.2290403645639));
#2705=CARTESIAN_POINT('',(-149.948278205584,116.860172772355,-43.2290403645639));
#2706=CARTESIAN_POINT('',(-147.948278205584,116.860172772355,-56.7290403645639));
#2707=CARTESIAN_POINT('Origin',(-140.948278205584,107.886837752032,-42.259920182369));
#2708=CARTESIAN_POINT('',(-142.448278205584,119.860172772355,-43.5530403645639));
#2709=CARTESIAN_POINT('',(-142.448278205585,113.894761331403,-42.908775928941));
#2710=CARTESIAN_POINT('',(-147.948278205584,119.860172772355,-43.5530403645639));
#2711=CARTESIAN_POINT('',(-140.948278205584,119.860172772355,-43.5530403645639));
#2712=CARTESIAN_POINT('',(-147.948278205584,113.894761331403,-42.908775928941));
#2713=CARTESIAN_POINT('Origin',(-145.448278205584,119.860172772355,-14.7290403645639));
#2714=CARTESIAN_POINT('',(-142.448278205584,119.860172772355,-44.4050403645639));
#2715=CARTESIAN_POINT('',(-142.448278205585,119.860172772355,-43.2290403645639));
#2716=CARTESIAN_POINT('',(-147.948278205584,119.860172772355,-44.4050403645639));
#2717=CARTESIAN_POINT('',(-140.948278205584,119.860172772355,-44.4050403645639));
#2718=CARTESIAN_POINT('',(-147.948278205584,119.860172772355,-43.2290403645639));
#2719=CARTESIAN_POINT('Origin',(-140.948278205584,114.131994246679,-45.0236836453369));
#2720=CARTESIAN_POINT('',(-142.448278205584,116.860172772355,-44.7290403645639));
#2721=CARTESIAN_POINT('',(-142.448278205584,114.054893549214,-45.0320105206631));
#2722=CARTESIAN_POINT('',(-147.948278205584,116.860172772355,-44.7290403645639));
#2723=CARTESIAN_POINT('',(-140.948278205584,116.860172772355,-44.7290403645639));
#2724=CARTESIAN_POINT('',(-147.948278205584,114.054893549214,-45.0320105206631));
#2725=CARTESIAN_POINT('Origin',(-145.448278205584,116.860172772355,-41.7290403645639));
#2726=CARTESIAN_POINT('',(-142.448278205584,116.860172772355,-45.4790403645639));
#2727=CARTESIAN_POINT('',(-142.448278205585,116.860172772355,-56.7290403645639));
#2728=CARTESIAN_POINT('',(-147.948278205584,116.860172772355,-45.4790403645639));
#2729=CARTESIAN_POINT('',(-149.948278205584,116.860172772355,-45.4790403645639));
#2730=CARTESIAN_POINT('',(-147.948278205584,116.860172772355,-56.7290403645639));
#2731=CARTESIAN_POINT('Origin',(-140.948278205584,107.886837752032,-44.509920182369));
#2732=CARTESIAN_POINT('',(-142.448278205584,119.860172772355,-45.8030403645639));
#2733=CARTESIAN_POINT('',(-142.448278205585,113.774662168044,-45.1458052192983));
#2734=CARTESIAN_POINT('',(-147.948278205584,119.860172772355,-45.8030403645639));
#2735=CARTESIAN_POINT('',(-140.948278205584,119.860172772355,-45.8030403645639));
#2736=CARTESIAN_POINT('',(-147.948278205584,113.774662168044,-45.1458052192983));
#2737=CARTESIAN_POINT('Origin',(-145.448278205584,119.860172772355,-16.9790403645639));
#2738=CARTESIAN_POINT('',(-142.448278205584,119.860172772355,-46.6550403645639));
#2739=CARTESIAN_POINT('',(-142.448278205585,119.860172772355,-44.3540403645639));
#2740=CARTESIAN_POINT('',(-147.948278205584,119.860172772355,-46.6550403645639));
#2741=CARTESIAN_POINT('',(-140.948278205584,119.860172772355,-46.6550403645639));
#2742=CARTESIAN_POINT('',(-147.948278205584,119.860172772355,-44.3540403645639));
#2743=CARTESIAN_POINT('Origin',(-140.948278205584,114.131994246679,-47.2736836453369));
#2744=CARTESIAN_POINT('',(-142.448278205584,116.860172772355,-46.9790403645639));
#2745=CARTESIAN_POINT('',(-142.448278205584,114.174992712573,-47.2690398110204));
#2746=CARTESIAN_POINT('',(-147.948278205584,116.860172772355,-46.9790403645639));
#2747=CARTESIAN_POINT('',(-140.948278205584,116.860172772355,-46.9790403645639));
#2748=CARTESIAN_POINT('',(-147.948278205584,114.174992712573,-47.2690398110204));
#2749=CARTESIAN_POINT('Origin',(-145.448278205584,116.860172772355,-41.7290403645639));
#2750=CARTESIAN_POINT('',(-142.448278205584,116.860172772355,-47.7290403645639));
#2751=CARTESIAN_POINT('',(-142.448278205585,116.860172772355,-56.7290403645639));
#2752=CARTESIAN_POINT('',(-147.948278205584,116.860172772355,-47.7290403645639));
#2753=CARTESIAN_POINT('',(-149.948278205584,116.860172772355,-47.7290403645639));
#2754=CARTESIAN_POINT('',(-147.948278205584,116.860172772355,-56.7290403645639));
#2755=CARTESIAN_POINT('Origin',(-140.948278205584,107.886837752032,-46.759920182369));
#2756=CARTESIAN_POINT('',(-142.448278205584,119.860172772355,-48.0530403645638));
#2757=CARTESIAN_POINT('',(-142.448278205585,113.654563004685,-47.3828345096555));
#2758=CARTESIAN_POINT('',(-147.948278205584,119.860172772355,-48.0530403645638));
#2759=CARTESIAN_POINT('',(-140.948278205584,119.860172772355,-48.0530403645638));
#2760=CARTESIAN_POINT('',(-147.948278205584,113.654563004685,-47.3828345096555));
#2761=CARTESIAN_POINT('Origin',(-145.448278205584,119.860172772355,-19.2290403645639));
#2762=CARTESIAN_POINT('',(-142.448278205584,119.860172772355,-48.9050403645639));
#2763=CARTESIAN_POINT('',(-142.448278205585,119.860172772355,-45.4790403645639));
#2764=CARTESIAN_POINT('',(-147.948278205584,119.860172772355,-48.9050403645639));
#2765=CARTESIAN_POINT('',(-140.948278205584,119.860172772355,-48.9050403645639));
#2766=CARTESIAN_POINT('',(-147.948278205584,119.860172772355,-45.4790403645639));
#2767=CARTESIAN_POINT('Origin',(-140.948278205584,114.131994246679,-49.5236836453369));
#2768=CARTESIAN_POINT('',(-142.448278205584,116.860172772355,-49.2290403645639));
#2769=CARTESIAN_POINT('',(-142.448278205584,114.295091875931,-49.5060691013777));
#2770=CARTESIAN_POINT('',(-147.948278205584,116.860172772355,-49.2290403645639));
#2771=CARTESIAN_POINT('',(-140.948278205584,116.860172772355,-49.2290403645639));
#2772=CARTESIAN_POINT('',(-147.948278205584,114.295091875931,-49.5060691013777));
#2773=CARTESIAN_POINT('Origin',(-145.448278205584,116.860172772355,-41.7290403645639));
#2774=CARTESIAN_POINT('',(-142.448278205584,116.860172772355,-49.9790403645639));
#2775=CARTESIAN_POINT('',(-142.448278205585,116.860172772355,-56.7290403645639));
#2776=CARTESIAN_POINT('',(-147.948278205584,116.860172772355,-49.9790403645639));
#2777=CARTESIAN_POINT('',(-149.948278205584,116.860172772355,-49.9790403645639));
#2778=CARTESIAN_POINT('',(-147.948278205584,116.860172772355,-56.7290403645639));
#2779=CARTESIAN_POINT('Origin',(-140.948278205584,107.886837752032,-49.009920182369));
#2780=CARTESIAN_POINT('',(-142.448278205584,119.860172772355,-50.3030403645639));
#2781=CARTESIAN_POINT('',(-142.448278205585,113.534463841327,-49.6198638000128));
#2782=CARTESIAN_POINT('',(-147.948278205584,119.860172772355,-50.3030403645639));
#2783=CARTESIAN_POINT('',(-140.948278205584,119.860172772355,-50.3030403645639));
#2784=CARTESIAN_POINT('',(-147.948278205584,113.534463841327,-49.6198638000128));
#2785=CARTESIAN_POINT('Origin',(-145.448278205584,119.860172772355,-21.4790403645639));
#2786=CARTESIAN_POINT('',(-142.448278205584,119.860172772355,-51.1550403645639));
#2787=CARTESIAN_POINT('',(-142.448278205585,119.860172772355,-46.6040403645639));
#2788=CARTESIAN_POINT('',(-147.948278205584,119.860172772355,-51.1550403645639));
#2789=CARTESIAN_POINT('',(-140.948278205584,119.860172772355,-51.1550403645639));
#2790=CARTESIAN_POINT('',(-147.948278205584,119.860172772355,-46.6040403645639));
#2791=CARTESIAN_POINT('Origin',(-140.948278205584,114.131994246679,-51.7736836453369));
#2792=CARTESIAN_POINT('',(-142.448278205584,116.860172772355,-51.4790403645639));
#2793=CARTESIAN_POINT('',(-142.448278205584,114.41519103929,-51.7430983917349));
#2794=CARTESIAN_POINT('',(-147.948278205584,116.860172772355,-51.4790403645639));
#2795=CARTESIAN_POINT('',(-140.948278205584,116.860172772355,-51.4790403645639));
#2796=CARTESIAN_POINT('',(-147.948278205584,114.41519103929,-51.7430983917349));
#2797=CARTESIAN_POINT('Origin',(-145.448278205584,116.860172772355,-41.7290403645639));
#2798=CARTESIAN_POINT('',(-142.448278205584,116.860172772355,-52.2290403645639));
#2799=CARTESIAN_POINT('',(-142.448278205585,116.860172772355,-56.7290403645639));
#2800=CARTESIAN_POINT('',(-147.948278205584,116.860172772355,-52.2290403645639));
#2801=CARTESIAN_POINT('',(-149.948278205584,116.860172772355,-52.2290403645639));
#2802=CARTESIAN_POINT('',(-147.948278205584,116.860172772355,-56.7290403645639));
#2803=CARTESIAN_POINT('Origin',(-140.948278205584,107.886837752032,-51.259920182369));
#2804=CARTESIAN_POINT('',(-142.448278205584,119.860172772355,-52.5530403645639));
#2805=CARTESIAN_POINT('',(-142.448278205585,113.414364677968,-51.8568930903701));
#2806=CARTESIAN_POINT('',(-147.948278205584,119.860172772355,-52.5530403645639));
#2807=CARTESIAN_POINT('',(-140.948278205584,119.860172772355,-52.5530403645639));
#2808=CARTESIAN_POINT('',(-147.948278205584,113.414364677968,-51.8568930903701));
#2809=CARTESIAN_POINT('Origin',(-145.448278205584,119.860172772355,-23.7290403645639));
#2810=CARTESIAN_POINT('',(-142.448278205584,119.860172772355,-53.4050403645638));
#2811=CARTESIAN_POINT('',(-142.448278205585,119.860172772355,-47.7290403645639));
#2812=CARTESIAN_POINT('',(-147.948278205584,119.860172772355,-53.4050403645639));
#2813=CARTESIAN_POINT('',(-140.948278205584,119.860172772355,-53.4050403645638));
#2814=CARTESIAN_POINT('',(-147.948278205584,119.860172772355,-47.7290403645639));
#2815=CARTESIAN_POINT('Origin',(-140.948278205584,114.131994246679,-54.0236836453369));
#2816=CARTESIAN_POINT('',(-142.448278205584,116.860172772355,-53.7290403645639));
#2817=CARTESIAN_POINT('',(-142.448278205584,114.535290202648,-53.9801276820922));
#2818=CARTESIAN_POINT('',(-147.948278205584,116.860172772355,-53.7290403645639));
#2819=CARTESIAN_POINT('',(-140.948278205584,116.860172772355,-53.7290403645639));
#2820=CARTESIAN_POINT('',(-147.948278205584,114.535290202648,-53.9801276820922));
#2821=CARTESIAN_POINT('Origin',(-145.448278205584,116.860172772355,-41.7290403645639));
#2822=CARTESIAN_POINT('',(-142.448278205584,116.860172772355,-54.4790403645639));
#2823=CARTESIAN_POINT('',(-142.448278205585,116.860172772355,-56.7290403645639));
#2824=CARTESIAN_POINT('',(-147.948278205584,116.860172772355,-54.4790403645639));
#2825=CARTESIAN_POINT('',(-149.948278205584,116.860172772355,-54.4790403645639));
#2826=CARTESIAN_POINT('',(-147.948278205584,116.860172772355,-56.7290403645639));
#2827=CARTESIAN_POINT('Origin',(-140.948278205584,107.886837752032,-53.509920182369));
#2828=CARTESIAN_POINT('',(-142.448278205584,119.860172772355,-54.8030403645639));
#2829=CARTESIAN_POINT('',(-142.448278205585,113.29426551461,-54.0939223807273));
#2830=CARTESIAN_POINT('',(-147.948278205584,119.860172772355,-54.8030403645639));
#2831=CARTESIAN_POINT('',(-140.948278205584,119.860172772355,-54.8030403645639));
#2832=CARTESIAN_POINT('',(-147.948278205584,113.29426551461,-54.0939223807273));
#2833=CARTESIAN_POINT('Origin',(-145.448278205584,119.860172772355,-25.9790403645639));
#2834=CARTESIAN_POINT('',(-142.448278205585,119.860172772355,-48.8540403645639));
#2835=CARTESIAN_POINT('',(-147.948278205584,119.860172772355,-48.8540403645639));
#2836=CARTESIAN_POINT('Origin',(-140.948278205584,114.131994246679,-56.2736836453369));
#2837=CARTESIAN_POINT('',(-142.448278205584,117.429868581182,-55.9175132172106));
#2838=CARTESIAN_POINT('',(-147.948278205584,117.429868581182,-55.9175132172106));
#2839=CARTESIAN_POINT('Origin',(-147.948278205584,116.860172772355,-71.7290403645639));
#2840=CARTESIAN_POINT('',(-147.948278205584,116.860172772355,-11.7290403645639));
#2841=CARTESIAN_POINT('',(-147.948278205584,116.860172772355,-11.7290403645639));
#2842=CARTESIAN_POINT('',(-147.948278205585,119.860172772355,-12.0530403645639));
#2843=CARTESIAN_POINT('',(-147.948278205584,115.576149618423,-11.5903658639392));
#2844=CARTESIAN_POINT('',(-147.948278205585,119.860172772355,-12.9050403645639));
#2845=CARTESIAN_POINT('',(-147.948278205584,119.860172772355,-27.4790403645639));
#2846=CARTESIAN_POINT('',(-147.948278205584,116.860172772355,-13.2290403645639));
#2847=CARTESIAN_POINT('',(-147.948278205584,112.373505262194,-13.7136004556613));
#2848=CARTESIAN_POINT('',(-147.948278205584,116.860172772355,-13.9790403645639));
#2849=CARTESIAN_POINT('',(-147.948278205584,116.860172772355,-56.7290403645639));
#2850=CARTESIAN_POINT('',(-147.948278205585,119.860172772355,-14.3030403645639));
#2851=CARTESIAN_POINT('',(-147.948278205584,115.456050455064,-13.8273951542964));
#2852=CARTESIAN_POINT('',(-147.948278205585,119.860172772355,-15.1550403645639));
#2853=CARTESIAN_POINT('',(-147.948278205584,119.860172772355,-28.6040403645639));
#2854=CARTESIAN_POINT('',(-147.948278205584,116.860172772355,-15.4790403645639));
#2855=CARTESIAN_POINT('',(-147.948278205584,112.493604425552,-15.9506297460186));
#2856=CARTESIAN_POINT('',(-147.948278205584,116.860172772355,-16.2290403645639));
#2857=CARTESIAN_POINT('',(-147.948278205584,116.860172772355,-56.7290403645639));
#2858=CARTESIAN_POINT('',(-147.948278205585,119.860172772355,-16.5530403645639));
#2859=CARTESIAN_POINT('',(-147.948278205584,115.335951291706,-16.0644244446537));
#2860=CARTESIAN_POINT('',(-147.948278205584,119.860172772355,-17.4050403645639));
#2861=CARTESIAN_POINT('',(-147.948278205584,119.860172772355,-29.7290403645639));
#2862=CARTESIAN_POINT('',(-147.948278205584,116.860172772355,-17.7290403645639));
#2863=CARTESIAN_POINT('',(-147.948278205584,112.613703588911,-18.1876590363759));
#2864=CARTESIAN_POINT('',(-147.948278205584,116.860172772355,-18.4790403645639));
#2865=CARTESIAN_POINT('',(-147.948278205584,116.860172772355,-56.7290403645639));
#2866=CARTESIAN_POINT('',(-147.948278205584,119.860172772355,-18.8030403645639));
#2867=CARTESIAN_POINT('',(-147.948278205584,115.215852128347,-18.301453735011));
#2868=CARTESIAN_POINT('',(-147.948278205584,119.860172772355,-19.6550403645639));
#2869=CARTESIAN_POINT('',(-147.948278205584,119.860172772355,-30.8540403645639));
#2870=CARTESIAN_POINT('',(-147.948278205584,116.860172772355,-19.9790403645639));
#2871=CARTESIAN_POINT('',(-147.948278205584,112.73380275227,-20.4246883267331));
#2872=CARTESIAN_POINT('',(-147.948278205584,116.860172772355,-20.7290403645639));
#2873=CARTESIAN_POINT('',(-147.948278205584,116.860172772355,-56.7290403645639));
#2874=CARTESIAN_POINT('',(-147.948278205584,119.860172772355,-21.0530403645639));
#2875=CARTESIAN_POINT('',(-147.948278205584,115.095752964988,-20.5384830253683));
#2876=CARTESIAN_POINT('',(-147.948278205584,119.860172772355,-21.9050403645639));
#2877=CARTESIAN_POINT('',(-147.948278205584,119.860172772355,-31.9790403645639));
#2878=CARTESIAN_POINT('',(-147.948278205584,116.860172772355,-22.2290403645639));
#2879=CARTESIAN_POINT('',(-147.948278205584,112.853901915628,-22.6617176170904));
#2880=CARTESIAN_POINT('',(-147.948278205584,116.860172772355,-22.9790403645639));
#2881=CARTESIAN_POINT('',(-147.948278205584,116.860172772355,-56.7290403645639));
#2882=CARTESIAN_POINT('',(-147.948278205584,119.860172772355,-23.3030403645639));
#2883=CARTESIAN_POINT('',(-147.948278205584,114.97565380163,-22.7755123157255));
#2884=CARTESIAN_POINT('',(-147.948278205584,119.860172772355,-24.1550403645639));
#2885=CARTESIAN_POINT('',(-147.948278205584,119.860172772355,-33.1040403645639));
#2886=CARTESIAN_POINT('',(-147.948278205584,116.860172772355,-24.4790403645639));
#2887=CARTESIAN_POINT('',(-147.948278205584,112.974001078987,-24.8987469074477));
#2888=CARTESIAN_POINT('',(-147.948278205584,116.860172772355,-25.2290403645639));
#2889=CARTESIAN_POINT('',(-147.948278205584,116.860172772355,-56.7290403645639));
#2890=CARTESIAN_POINT('',(-147.948278205584,119.860172772355,-25.5530403645639));
#2891=CARTESIAN_POINT('',(-147.948278205584,114.855554638271,-25.0125416060828));
#2892=CARTESIAN_POINT('',(-147.948278205584,119.860172772355,-26.4050403645639));
#2893=CARTESIAN_POINT('',(-147.948278205584,119.860172772355,-34.2290403645639));
#2894=CARTESIAN_POINT('',(-147.948278205584,116.860172772355,-26.7290403645639));
#2895=CARTESIAN_POINT('',(-147.948278205584,113.094100242345,-27.1357761978049));
#2896=CARTESIAN_POINT('',(-147.948278205584,116.860172772355,-27.4790403645639));
#2897=CARTESIAN_POINT('',(-147.948278205584,116.860172772355,-56.7290403645639));
#2898=CARTESIAN_POINT('',(-147.948278205584,119.860172772355,-27.8030403645639));
#2899=CARTESIAN_POINT('',(-147.948278205584,114.735455474913,-27.2495708964401));
#2900=CARTESIAN_POINT('',(-147.948278205584,119.860172772355,-28.6550403645639));
#2901=CARTESIAN_POINT('',(-147.948278205584,119.860172772355,-35.3540403645639));
#2902=CARTESIAN_POINT('',(-147.948278205584,116.860172772355,-28.9790403645639));
#2903=CARTESIAN_POINT('',(-147.948278205584,113.214199405704,-29.3728054881622));
#2904=CARTESIAN_POINT('',(-147.948278205584,116.860172772355,-29.7290403645639));
#2905=CARTESIAN_POINT('',(-147.948278205584,116.860172772355,-56.7290403645639));
#2906=CARTESIAN_POINT('',(-147.948278205584,119.860172772355,-30.0530403645639));
#2907=CARTESIAN_POINT('',(-147.948278205584,114.615356311554,-29.4866001867973));
#2908=CARTESIAN_POINT('',(-147.948278205584,119.860172772355,-30.9050403645639));
#2909=CARTESIAN_POINT('',(-147.948278205584,119.860172772355,-36.4790403645639));
#2910=CARTESIAN_POINT('',(-147.948278205584,116.860172772355,-31.2290403645639));
#2911=CARTESIAN_POINT('',(-147.948278205584,113.334298569062,-31.6098347785195));
#2912=CARTESIAN_POINT('',(-147.948278205584,116.860172772355,-31.9790403645639));
#2913=CARTESIAN_POINT('',(-147.948278205584,116.860172772355,-56.7290403645639));
#2914=CARTESIAN_POINT('',(-147.948278205584,119.860172772355,-32.3030403645639));
#2915=CARTESIAN_POINT('',(-147.948278205584,114.495257148195,-31.7236294771546));
#2916=CARTESIAN_POINT('',(-147.948278205584,119.860172772355,-33.1550403645639));
#2917=CARTESIAN_POINT('',(-147.948278205584,119.860172772355,-37.6040403645639));
#2918=CARTESIAN_POINT('',(-147.948278205584,116.860172772355,-33.4790403645639));
#2919=CARTESIAN_POINT('',(-147.948278205584,113.454397732421,-33.8468640688768));
#2920=CARTESIAN_POINT('',(-147.948278205584,116.860172772355,-56.7290403645639));
#2921=CARTESIAN_POINT('Origin',(-140.948278205584,114.131994246679,-33.7736836453369));
#2922=CARTESIAN_POINT('',(-142.448278205584,119.860172772355,-33.1550403645639));
#2923=CARTESIAN_POINT('',(-142.448278205584,116.860172772355,-33.4790403645639));
#2924=CARTESIAN_POINT('',(-142.448278205584,113.454397732421,-33.8468640688768));
#2925=CARTESIAN_POINT('',(-140.948278205584,116.860172772355,-33.4790403645639));
#2926=CARTESIAN_POINT('',(-140.948278205584,119.860172772355,-33.1550403645639));
#2927=CARTESIAN_POINT('Origin',(-145.448278205584,119.860172772355,-3.47904036456387));
#2928=CARTESIAN_POINT('',(-142.448278205584,119.860172772355,-32.3030403645639));
#2929=CARTESIAN_POINT('',(-142.448278205585,119.860172772355,-37.6040403645639));
#2930=CARTESIAN_POINT('',(-140.948278205584,119.860172772355,-32.3030403645639));
#2931=CARTESIAN_POINT('Origin',(-140.948278205584,107.886837752032,-31.009920182369));
#2932=CARTESIAN_POINT('',(-142.448278205584,116.860172772355,-31.9790403645639));
#2933=CARTESIAN_POINT('',(-142.448278205584,114.495257148195,-31.7236294771546));
#2934=CARTESIAN_POINT('',(-149.948278205584,116.860172772355,-31.9790403645639));
#2935=CARTESIAN_POINT('Origin',(-145.448278205584,116.860172772355,-41.7290403645639));
#2936=CARTESIAN_POINT('',(-142.448278205584,116.860172772355,-31.2290403645639));
#2937=CARTESIAN_POINT('',(-142.448278205585,116.860172772355,-56.7290403645639));
#2938=CARTESIAN_POINT('',(-140.948278205584,116.860172772355,-31.2290403645639));
#2939=CARTESIAN_POINT('Origin',(-140.948278205584,114.131994246679,-31.5236836453369));
#2940=CARTESIAN_POINT('',(-142.448278205584,119.860172772355,-30.9050403645639));
#2941=CARTESIAN_POINT('',(-142.448278205584,113.334298569062,-31.6098347785195));
#2942=CARTESIAN_POINT('',(-140.948278205584,119.860172772355,-30.9050403645639));
#2943=CARTESIAN_POINT('Origin',(-145.448278205584,119.860172772355,-1.22904036456386));
#2944=CARTESIAN_POINT('',(-142.448278205584,119.860172772355,-30.0530403645639));
#2945=CARTESIAN_POINT('',(-142.448278205585,119.860172772355,-36.4790403645639));
#2946=CARTESIAN_POINT('',(-140.948278205584,119.860172772355,-30.0530403645639));
#2947=CARTESIAN_POINT('Origin',(-140.948278205584,107.886837752032,-28.759920182369));
#2948=CARTESIAN_POINT('',(-142.448278205584,116.860172772355,-29.7290403645639));
#2949=CARTESIAN_POINT('',(-142.448278205584,114.615356311554,-29.4866001867973));
#2950=CARTESIAN_POINT('',(-149.948278205584,116.860172772355,-29.7290403645639));
#2951=CARTESIAN_POINT('Origin',(-145.448278205584,116.860172772355,-41.7290403645639));
#2952=CARTESIAN_POINT('',(-142.448278205584,116.860172772355,-28.9790403645639));
#2953=CARTESIAN_POINT('',(-142.448278205585,116.860172772355,-56.7290403645639));
#2954=CARTESIAN_POINT('',(-140.948278205584,116.860172772355,-28.9790403645639));
#2955=CARTESIAN_POINT('Origin',(-140.948278205584,114.131994246679,-29.2736836453369));
#2956=CARTESIAN_POINT('',(-142.448278205584,119.860172772355,-28.6550403645639));
#2957=CARTESIAN_POINT('',(-142.448278205584,113.214199405704,-29.3728054881622));
#2958=CARTESIAN_POINT('',(-140.948278205584,119.860172772355,-28.6550403645639));
#2959=CARTESIAN_POINT('Origin',(-145.448278205584,119.860172772355,1.02095963543613));
#2960=CARTESIAN_POINT('',(-142.448278205584,119.860172772355,-27.8030403645639));
#2961=CARTESIAN_POINT('',(-142.448278205585,119.860172772355,-35.3540403645639));
#2962=CARTESIAN_POINT('',(-140.948278205584,119.860172772355,-27.8030403645639));
#2963=CARTESIAN_POINT('Origin',(-140.948278205584,107.886837752032,-26.509920182369));
#2964=CARTESIAN_POINT('',(-142.448278205584,116.860172772355,-27.4790403645639));
#2965=CARTESIAN_POINT('',(-142.448278205584,114.735455474913,-27.2495708964401));
#2966=CARTESIAN_POINT('',(-149.948278205584,116.860172772355,-27.4790403645639));
#2967=CARTESIAN_POINT('Origin',(-145.448278205584,116.860172772355,-41.7290403645639));
#2968=CARTESIAN_POINT('',(-142.448278205584,116.860172772355,-26.7290403645639));
#2969=CARTESIAN_POINT('',(-142.448278205585,116.860172772355,-56.7290403645639));
#2970=CARTESIAN_POINT('',(-140.948278205584,116.860172772355,-26.7290403645639));
#2971=CARTESIAN_POINT('Origin',(-140.948278205584,114.131994246679,-27.0236836453369));
#2972=CARTESIAN_POINT('',(-142.448278205584,119.860172772355,-26.4050403645639));
#2973=CARTESIAN_POINT('',(-142.448278205584,113.094100242345,-27.1357761978049));
#2974=CARTESIAN_POINT('',(-140.948278205584,119.860172772355,-26.4050403645639));
#2975=CARTESIAN_POINT('Origin',(-145.448278205584,119.860172772355,3.27095963543613));
#2976=CARTESIAN_POINT('',(-142.448278205584,119.860172772355,-25.5530403645639));
#2977=CARTESIAN_POINT('',(-142.448278205585,119.860172772355,-34.2290403645639));
#2978=CARTESIAN_POINT('',(-140.948278205584,119.860172772355,-25.5530403645639));
#2979=CARTESIAN_POINT('Origin',(-140.948278205584,107.886837752032,-24.259920182369));
#2980=CARTESIAN_POINT('',(-142.448278205584,116.860172772355,-25.2290403645639));
#2981=CARTESIAN_POINT('',(-142.448278205584,114.855554638271,-25.0125416060828));
#2982=CARTESIAN_POINT('',(-149.948278205584,116.860172772355,-25.2290403645639));
#2983=CARTESIAN_POINT('Origin',(-145.448278205584,116.860172772355,-41.7290403645639));
#2984=CARTESIAN_POINT('',(-142.448278205584,116.860172772355,-24.4790403645639));
#2985=CARTESIAN_POINT('',(-142.448278205585,116.860172772355,-56.7290403645639));
#2986=CARTESIAN_POINT('',(-140.948278205584,116.860172772355,-24.4790403645639));
#2987=CARTESIAN_POINT('Origin',(-140.948278205584,114.131994246679,-24.7736836453369));
#2988=CARTESIAN_POINT('',(-142.448278205584,119.860172772355,-24.1550403645639));
#2989=CARTESIAN_POINT('',(-142.448278205584,112.974001078987,-24.8987469074477));
#2990=CARTESIAN_POINT('',(-140.948278205584,119.860172772355,-24.1550403645639));
#2991=CARTESIAN_POINT('Origin',(-145.448278205584,119.860172772355,5.52095963543614));
#2992=CARTESIAN_POINT('',(-142.448278205584,119.860172772355,-23.3030403645639));
#2993=CARTESIAN_POINT('',(-142.448278205585,119.860172772355,-33.1040403645639));
#2994=CARTESIAN_POINT('',(-140.948278205584,119.860172772355,-23.3030403645639));
#2995=CARTESIAN_POINT('Origin',(-140.948278205584,107.886837752032,-22.009920182369));
#2996=CARTESIAN_POINT('',(-142.448278205584,116.860172772355,-22.9790403645639));
#2997=CARTESIAN_POINT('',(-142.448278205584,114.97565380163,-22.7755123157255));
#2998=CARTESIAN_POINT('',(-149.948278205584,116.860172772355,-22.9790403645639));
#2999=CARTESIAN_POINT('Origin',(-145.448278205584,116.860172772355,-41.7290403645639));
#3000=CARTESIAN_POINT('',(-142.448278205584,116.860172772355,-22.2290403645639));
#3001=CARTESIAN_POINT('',(-142.448278205585,116.860172772355,-56.7290403645639));
#3002=CARTESIAN_POINT('',(-140.948278205584,116.860172772355,-22.2290403645639));
#3003=CARTESIAN_POINT('Origin',(-140.948278205584,114.131994246679,-22.5236836453369));
#3004=CARTESIAN_POINT('',(-142.448278205584,119.860172772355,-21.9050403645639));
#3005=CARTESIAN_POINT('',(-142.448278205584,112.853901915628,-22.6617176170904));
#3006=CARTESIAN_POINT('',(-140.948278205584,119.860172772355,-21.9050403645639));
#3007=CARTESIAN_POINT('Origin',(-145.448278205584,119.860172772355,7.77095963543611));
#3008=CARTESIAN_POINT('',(-142.448278205584,119.860172772355,-21.0530403645639));
#3009=CARTESIAN_POINT('',(-142.448278205585,119.860172772355,-31.9790403645639));
#3010=CARTESIAN_POINT('',(-140.948278205584,119.860172772355,-21.0530403645639));
#3011=CARTESIAN_POINT('Origin',(-140.948278205584,107.886837752032,-19.759920182369));
#3012=CARTESIAN_POINT('',(-142.448278205584,116.860172772355,-20.7290403645639));
#3013=CARTESIAN_POINT('',(-142.448278205584,115.095752964988,-20.5384830253683));
#3014=CARTESIAN_POINT('',(-149.948278205584,116.860172772355,-20.7290403645639));
#3015=CARTESIAN_POINT('Origin',(-145.448278205584,116.860172772355,-41.7290403645639));
#3016=CARTESIAN_POINT('',(-142.448278205584,116.860172772355,-19.9790403645639));
#3017=CARTESIAN_POINT('',(-142.448278205585,116.860172772355,-56.7290403645639));
#3018=CARTESIAN_POINT('',(-140.948278205584,116.860172772355,-19.9790403645639));
#3019=CARTESIAN_POINT('Origin',(-140.948278205584,114.131994246679,-20.2736836453369));
#3020=CARTESIAN_POINT('',(-142.448278205584,119.860172772355,-19.6550403645639));
#3021=CARTESIAN_POINT('',(-142.448278205584,112.73380275227,-20.4246883267331));
#3022=CARTESIAN_POINT('',(-140.948278205584,119.860172772355,-19.6550403645639));
#3023=CARTESIAN_POINT('Origin',(-145.448278205584,119.860172772355,10.0209596354361));
#3024=CARTESIAN_POINT('',(-142.448278205584,119.860172772355,-18.8030403645639));
#3025=CARTESIAN_POINT('',(-142.448278205585,119.860172772355,-30.8540403645639));
#3026=CARTESIAN_POINT('',(-140.948278205584,119.860172772355,-18.8030403645639));
#3027=CARTESIAN_POINT('Origin',(-140.948278205584,107.886837752032,-17.509920182369));
#3028=CARTESIAN_POINT('',(-142.448278205584,116.860172772355,-18.4790403645639));
#3029=CARTESIAN_POINT('',(-142.448278205584,115.215852128347,-18.301453735011));
#3030=CARTESIAN_POINT('',(-149.948278205584,116.860172772355,-18.4790403645639));
#3031=CARTESIAN_POINT('Origin',(-145.448278205584,116.860172772355,-41.7290403645639));
#3032=CARTESIAN_POINT('',(-142.448278205584,116.860172772355,-17.7290403645639));
#3033=CARTESIAN_POINT('',(-142.448278205585,116.860172772355,-56.7290403645639));
#3034=CARTESIAN_POINT('',(-140.948278205584,116.860172772355,-17.7290403645639));
#3035=CARTESIAN_POINT('Origin',(-140.948278205584,114.131994246679,-18.0236836453369));
#3036=CARTESIAN_POINT('',(-142.448278205584,119.860172772355,-17.4050403645639));
#3037=CARTESIAN_POINT('',(-142.448278205584,112.613703588911,-18.1876590363759));
#3038=CARTESIAN_POINT('',(-140.948278205584,119.860172772355,-17.4050403645639));
#3039=CARTESIAN_POINT('Origin',(-145.448278205584,119.860172772355,12.2709596354361));
#3040=CARTESIAN_POINT('',(-142.448278205584,119.860172772355,-16.5530403645639));
#3041=CARTESIAN_POINT('',(-142.448278205585,119.860172772355,-29.7290403645639));
#3042=CARTESIAN_POINT('',(-140.948278205584,119.860172772355,-16.5530403645639));
#3043=CARTESIAN_POINT('Origin',(-140.948278205584,107.886837752032,-15.259920182369));
#3044=CARTESIAN_POINT('',(-142.448278205584,116.860172772355,-16.2290403645639));
#3045=CARTESIAN_POINT('',(-142.448278205584,115.335951291706,-16.0644244446537));
#3046=CARTESIAN_POINT('',(-149.948278205584,116.860172772355,-16.2290403645639));
#3047=CARTESIAN_POINT('Origin',(-145.448278205584,116.860172772355,-41.7290403645639));
#3048=CARTESIAN_POINT('',(-142.448278205584,116.860172772355,-15.4790403645639));
#3049=CARTESIAN_POINT('',(-142.448278205585,116.860172772355,-56.7290403645639));
#3050=CARTESIAN_POINT('',(-140.948278205584,116.860172772355,-15.4790403645639));
#3051=CARTESIAN_POINT('Origin',(-140.948278205584,114.131994246679,-15.7736836453369));
#3052=CARTESIAN_POINT('',(-142.448278205584,119.860172772355,-15.1550403645639));
#3053=CARTESIAN_POINT('',(-142.448278205584,112.493604425552,-15.9506297460186));
#3054=CARTESIAN_POINT('',(-140.948278205584,119.860172772355,-15.1550403645639));
#3055=CARTESIAN_POINT('Origin',(-145.448278205584,119.860172772355,14.5209596354361));
#3056=CARTESIAN_POINT('',(-142.448278205584,119.860172772355,-14.3030403645639));
#3057=CARTESIAN_POINT('',(-142.448278205585,119.860172772355,-28.6040403645639));
#3058=CARTESIAN_POINT('',(-140.948278205584,119.860172772355,-14.3030403645639));
#3059=CARTESIAN_POINT('Origin',(-140.948278205584,107.886837752032,-13.009920182369));
#3060=CARTESIAN_POINT('',(-142.448278205584,116.860172772355,-13.9790403645639));
#3061=CARTESIAN_POINT('',(-142.448278205584,115.456050455064,-13.8273951542964));
#3062=CARTESIAN_POINT('',(-149.948278205584,116.860172772355,-13.9790403645639));
#3063=CARTESIAN_POINT('Origin',(-145.448278205584,116.860172772355,-41.7290403645639));
#3064=CARTESIAN_POINT('',(-142.448278205584,116.860172772355,-13.2290403645639));
#3065=CARTESIAN_POINT('',(-142.448278205585,116.860172772355,-56.7290403645639));
#3066=CARTESIAN_POINT('',(-140.948278205584,116.860172772355,-13.2290403645639));
#3067=CARTESIAN_POINT('Origin',(-140.948278205584,114.131994246679,-13.5236836453369));
#3068=CARTESIAN_POINT('',(-142.448278205584,119.860172772355,-12.9050403645639));
#3069=CARTESIAN_POINT('',(-142.448278205584,112.373505262194,-13.7136004556613));
#3070=CARTESIAN_POINT('',(-140.948278205584,119.860172772355,-12.9050403645639));
#3071=CARTESIAN_POINT('Origin',(-145.448278205584,119.860172772355,16.7709596354361));
#3072=CARTESIAN_POINT('',(-142.448278205584,119.860172772355,-12.0530403645639));
#3073=CARTESIAN_POINT('',(-142.448278205585,119.860172772355,-27.4790403645639));
#3074=CARTESIAN_POINT('',(-140.948278205584,119.860172772355,-12.0530403645639));
#3075=CARTESIAN_POINT('Origin',(-140.948278205584,107.886837752032,-10.759920182369));
#3076=CARTESIAN_POINT('',(-142.448278205584,116.860172772355,-11.7290403645639));
#3077=CARTESIAN_POINT('',(-142.448278205584,115.576149618423,-11.5903658639392));
#3078=CARTESIAN_POINT('',(-140.948278205584,116.860172772355,-11.7290403645639));
#3079=CARTESIAN_POINT('Origin',(-140.948278205584,116.860172772355,-11.7290403645639));
#3080=CARTESIAN_POINT('',(-142.448278205584,116.860172772355,-11.7290403645639));
#3081=CARTESIAN_POINT('Origin',(-145.448278205584,116.860172772355,-41.7290403645639));
#3082=CARTESIAN_POINT('',(-142.448278205585,116.860172772355,-56.7290403645639));
#3083=CARTESIAN_POINT('Origin',(-142.448278205584,116.860172772355,-71.7290403645639));
#3084=UNCERTAINTY_MEASURE_WITH_UNIT(LENGTH_MEASURE(0.01),#3088,
'DISTANCE_ACCURACY_VALUE',
'Maximum model space distance between geometric entities at asserted c
onnectivities');
#3085=UNCERTAINTY_MEASURE_WITH_UNIT(LENGTH_MEASURE(0.01),#3088,
'DISTANCE_ACCURACY_VALUE',
'Maximum model space distance between geometric entities at asserted c
onnectivities');
#3086=(
GEOMETRIC_REPRESENTATION_CONTEXT(3)
GLOBAL_UNCERTAINTY_ASSIGNED_CONTEXT((#3084))
GLOBAL_UNIT_ASSIGNED_CONTEXT((#3088,#3090,#3091))
REPRESENTATION_CONTEXT('','3D')
);
#3087=(
GEOMETRIC_REPRESENTATION_CONTEXT(3)
GLOBAL_UNCERTAINTY_ASSIGNED_CONTEXT((#3085))
GLOBAL_UNIT_ASSIGNED_CONTEXT((#3088,#3090,#3091))
REPRESENTATION_CONTEXT('','3D')
);
#3088=(
LENGTH_UNIT()
NAMED_UNIT(*)
SI_UNIT(.MILLI.,.METRE.)
);
#3089=(
LENGTH_UNIT()
NAMED_UNIT(*)
SI_UNIT($,.METRE.)
);
#3090=(
NAMED_UNIT(*)
PLANE_ANGLE_UNIT()
SI_UNIT($,.RADIAN.)
);
#3091=(
NAMED_UNIT(*)
SI_UNIT($,.STERADIAN.)
SOLID_ANGLE_UNIT()
);
#3092=SHAPE_DEFINITION_REPRESENTATION(#3093,#3094);
#3093=PRODUCT_DEFINITION_SHAPE('',$,#3096);
#3094=SHAPE_REPRESENTATION('',(#1968),#3086);
#3095=PRODUCT_DEFINITION_CONTEXT('part definition',#3100,'design');
#3096=PRODUCT_DEFINITION('2026-08-03-14-40-19-866','robot',#3097,#3095);
#3097=PRODUCT_DEFINITION_FORMATION('',$,#3102);
#3098=PRODUCT_RELATED_PRODUCT_CATEGORY('robot','robot',(#3102));
#3099=APPLICATION_PROTOCOL_DEFINITION('international standard',
'automotive_design',2009,#3100);
#3100=APPLICATION_CONTEXT(
'Core Data for Automotive Mechanical Design Process');
#3101=PRODUCT_CONTEXT('part definition',#3100,'mechanical');
#3102=PRODUCT('2026-08-03-14-40-19-866','robot',
'Spur Gear; Module: 1.0; Num Teeth: 16; Pressure Angle: 20.0; Backlash
: 0.00 mm',(#3101));
#3103=PRESENTATION_STYLE_ASSIGNMENT((#3129));
#3104=PRESENTATION_STYLE_ASSIGNMENT((#3130));
#3105=PRESENTATION_STYLE_ASSIGNMENT((#3131));
#3106=PRESENTATION_STYLE_ASSIGNMENT((#3132));
#3107=PRESENTATION_STYLE_ASSIGNMENT((#3133));
#3108=PRESENTATION_STYLE_ASSIGNMENT((#3134));
#3109=PRESENTATION_STYLE_ASSIGNMENT((#3135));
#3110=PRESENTATION_STYLE_ASSIGNMENT((#3136));
#3111=PRESENTATION_STYLE_ASSIGNMENT((#3137));
#3112=PRESENTATION_STYLE_ASSIGNMENT((#3138));
#3113=PRESENTATION_STYLE_ASSIGNMENT((#3139));
#3114=PRESENTATION_STYLE_ASSIGNMENT((#3140));
#3115=PRESENTATION_STYLE_ASSIGNMENT((#3141));
#3116=PRESENTATION_STYLE_ASSIGNMENT((#3142));
#3117=PRESENTATION_STYLE_ASSIGNMENT((#3143));
#3118=PRESENTATION_STYLE_ASSIGNMENT((#3144));
#3119=PRESENTATION_STYLE_ASSIGNMENT((#3145));
#3120=PRESENTATION_STYLE_ASSIGNMENT((#3146));
#3121=PRESENTATION_STYLE_ASSIGNMENT((#3147));
#3122=PRESENTATION_STYLE_ASSIGNMENT((#3148));
#3123=PRESENTATION_STYLE_ASSIGNMENT((#3149));
#3124=PRESENTATION_STYLE_ASSIGNMENT((#3150));
#3125=PRESENTATION_STYLE_ASSIGNMENT((#3151));
#3126=PRESENTATION_STYLE_ASSIGNMENT((#3152));
#3127=PRESENTATION_STYLE_ASSIGNMENT((#3153));
#3128=PRESENTATION_STYLE_ASSIGNMENT((#3154));
#3129=SURFACE_STYLE_USAGE(.BOTH.,#3155);
#3130=SURFACE_STYLE_USAGE(.BOTH.,#3156);
#3131=SURFACE_STYLE_USAGE(.BOTH.,#3157);
#3132=SURFACE_STYLE_USAGE(.BOTH.,#3158);
#3133=SURFACE_STYLE_USAGE(.BOTH.,#3159);
#3134=SURFACE_STYLE_USAGE(.BOTH.,#3160);
#3135=SURFACE_STYLE_USAGE(.BOTH.,#3161);
#3136=SURFACE_STYLE_USAGE(.BOTH.,#3162);
#3137=SURFACE_STYLE_USAGE(.BOTH.,#3163);
#3138=SURFACE_STYLE_USAGE(.BOTH.,#3164);
#3139=SURFACE_STYLE_USAGE(.BOTH.,#3165);
#3140=SURFACE_STYLE_USAGE(.BOTH.,#3166);
#3141=SURFACE_STYLE_USAGE(.BOTH.,#3167);
#3142=SURFACE_STYLE_USAGE(.BOTH.,#3168);
#3143=SURFACE_STYLE_USAGE(.BOTH.,#3169);
#3144=SURFACE_STYLE_USAGE(.BOTH.,#3170);
#3145=SURFACE_STYLE_USAGE(.BOTH.,#3171);
#3146=SURFACE_STYLE_USAGE(.BOTH.,#3172);
#3147=SURFACE_STYLE_USAGE(.BOTH.,#3173);
#3148=SURFACE_STYLE_USAGE(.BOTH.,#3174);
#3149=SURFACE_STYLE_USAGE(.BOTH.,#3175);
#3150=SURFACE_STYLE_USAGE(.BOTH.,#3176);
#3151=SURFACE_STYLE_USAGE(.BOTH.,#3177);
#3152=SURFACE_STYLE_USAGE(.BOTH.,#3178);
#3153=SURFACE_STYLE_USAGE(.BOTH.,#3179);
#3154=SURFACE_STYLE_USAGE(.BOTH.,#3180);
#3155=SURFACE_SIDE_STYLE('',(#3181));
#3156=SURFACE_SIDE_STYLE('',(#3182));
#3157=SURFACE_SIDE_STYLE('',(#3183));
#3158=SURFACE_SIDE_STYLE('',(#3184));
#3159=SURFACE_SIDE_STYLE('',(#3185));
#3160=SURFACE_SIDE_STYLE('',(#3186));
#3161=SURFACE_SIDE_STYLE('',(#3187));
#3162=SURFACE_SIDE_STYLE('',(#3188));
#3163=SURFACE_SIDE_STYLE('',(#3189));
#3164=SURFACE_SIDE_STYLE('',(#3190));
#3165=SURFACE_SIDE_STYLE('',(#3191));
#3166=SURFACE_SIDE_STYLE('',(#3192));
#3167=SURFACE_SIDE_STYLE('',(#3193));
#3168=SURFACE_SIDE_STYLE('',(#3194));
#3169=SURFACE_SIDE_STYLE('',(#3195));
#3170=SURFACE_SIDE_STYLE('',(#3196));
#3171=SURFACE_SIDE_STYLE('',(#3197));
#3172=SURFACE_SIDE_STYLE('',(#3198));
#3173=SURFACE_SIDE_STYLE('',(#3199));
#3174=SURFACE_SIDE_STYLE('',(#3200));
#3175=SURFACE_SIDE_STYLE('',(#3201));
#3176=SURFACE_SIDE_STYLE('',(#3202));
#3177=SURFACE_SIDE_STYLE('',(#3203));
#3178=SURFACE_SIDE_STYLE('',(#3204));
#3179=SURFACE_SIDE_STYLE('',(#3205));
#3180=SURFACE_SIDE_STYLE('',(#3206));
#3181=SURFACE_STYLE_FILL_AREA(#3207);
#3182=SURFACE_STYLE_FILL_AREA(#3208);
#3183=SURFACE_STYLE_FILL_AREA(#3209);
#3184=SURFACE_STYLE_FILL_AREA(#3210);
#3185=SURFACE_STYLE_FILL_AREA(#3211);
#3186=SURFACE_STYLE_FILL_AREA(#3212);
#3187=SURFACE_STYLE_FILL_AREA(#3213);
#3188=SURFACE_STYLE_FILL_AREA(#3214);
#3189=SURFACE_STYLE_FILL_AREA(#3215);
#3190=SURFACE_STYLE_FILL_AREA(#3216);
#3191=SURFACE_STYLE_FILL_AREA(#3217);
#3192=SURFACE_STYLE_FILL_AREA(#3218);
#3193=SURFACE_STYLE_FILL_AREA(#3219);
#3194=SURFACE_STYLE_FILL_AREA(#3220);
#3195=SURFACE_STYLE_FILL_AREA(#3221);
#3196=SURFACE_STYLE_FILL_AREA(#3222);
#3197=SURFACE_STYLE_FILL_AREA(#3223);
#3198=SURFACE_STYLE_FILL_AREA(#3224);
#3199=SURFACE_STYLE_FILL_AREA(#3225);
#3200=SURFACE_STYLE_FILL_AREA(#3226);
#3201=SURFACE_STYLE_FILL_AREA(#3227);
#3202=SURFACE_STYLE_FILL_AREA(#3228);
#3203=SURFACE_STYLE_FILL_AREA(#3229);
#3204=SURFACE_STYLE_FILL_AREA(#3230);
#3205=SURFACE_STYLE_FILL_AREA(#3231);
#3206=SURFACE_STYLE_FILL_AREA(#3232);
#3207=FILL_AREA_STYLE('Steel - Satin',(#3233));
#3208=FILL_AREA_STYLE('Opaque(76,76,76)',(#3234));
#3209=FILL_AREA_STYLE('Opaque(51,51,51)',(#3235));
#3210=FILL_AREA_STYLE('Opaque(223,223,223)',(#3236));
#3211=FILL_AREA_STYLE('Opaque(255,255,255)',(#3237));
#3212=FILL_AREA_STYLE('Opaque(255,202,0)',(#3238));
#3213=FILL_AREA_STYLE('Opaque(152,170,175)',(#3239));
#3214=FILL_AREA_STYLE('Opaque(153,153,153)',(#3240));
#3215=FILL_AREA_STYLE('Opaque(195,225,190)',(#3241));
#3216=FILL_AREA_STYLE('Opaque(255,153,0)',(#3242));
#3217=FILL_AREA_STYLE('Opaque(204,255,51)',(#3243));
#3218=FILL_AREA_STYLE('Opaque(0,153,0)',(#3244));
#3219=FILL_AREA_STYLE('Opaque(153,102,51)',(#3245));
#3220=FILL_AREA_STYLE('Opaque(0,153,255)',(#3246));
#3221=FILL_AREA_STYLE('Opaque(230,235,235)',(#3247));
#3222=FILL_AREA_STYLE('Opaque(255,245,227)',(#3248));
#3223=FILL_AREA_STYLE('Opaque(204,0,0)',(#3249));
#3224=FILL_AREA_STYLE('Opaque(0,0,172)',(#3250));
#3225=FILL_AREA_STYLE('Opaque(255,248,56)',(#3251));
#3226=FILL_AREA_STYLE('Opaque(112,112,112)',(#3252));
#3227=FILL_AREA_STYLE('Opaque(112,121,128)',(#3253));
#3228=FILL_AREA_STYLE('Opaque(234,234,234)',(#3254));
#3229=FILL_AREA_STYLE('Opaque(95,167,61)',(#3255));
#3230=FILL_AREA_STYLE('Opaque(131,188,104)',(#3256));
#3231=FILL_AREA_STYLE('Opaque(30,23,23)',(#3257));
#3232=FILL_AREA_STYLE('Opaque(202,209,238)',(#3258));
#3233=FILL_AREA_STYLE_COLOUR('Steel - Satin',#3259);
#3234=FILL_AREA_STYLE_COLOUR('Opaque(76,76,76)',#3260);
#3235=FILL_AREA_STYLE_COLOUR('Opaque(51,51,51)',#3261);
#3236=FILL_AREA_STYLE_COLOUR('Opaque(223,223,223)',#3262);
#3237=FILL_AREA_STYLE_COLOUR('Opaque(255,255,255)',#3263);
#3238=FILL_AREA_STYLE_COLOUR('Opaque(255,202,0)',#3264);
#3239=FILL_AREA_STYLE_COLOUR('Opaque(152,170,175)',#3265);
#3240=FILL_AREA_STYLE_COLOUR('Opaque(153,153,153)',#3266);
#3241=FILL_AREA_STYLE_COLOUR('Opaque(195,225,190)',#3267);
#3242=FILL_AREA_STYLE_COLOUR('Opaque(255,153,0)',#3268);
#3243=FILL_AREA_STYLE_COLOUR('Opaque(204,255,51)',#3269);
#3244=FILL_AREA_STYLE_COLOUR('Opaque(0,153,0)',#3270);
#3245=FILL_AREA_STYLE_COLOUR('Opaque(153,102,51)',#3271);
#3246=FILL_AREA_STYLE_COLOUR('Opaque(0,153,255)',#3272);
#3247=FILL_AREA_STYLE_COLOUR('Opaque(230,235,235)',#3273);
#3248=FILL_AREA_STYLE_COLOUR('Opaque(255,245,227)',#3274);
#3249=FILL_AREA_STYLE_COLOUR('Opaque(204,0,0)',#3275);
#3250=FILL_AREA_STYLE_COLOUR('Opaque(0,0,172)',#3276);
#3251=FILL_AREA_STYLE_COLOUR('Opaque(255,248,56)',#3277);
#3252=FILL_AREA_STYLE_COLOUR('Opaque(112,112,112)',#3278);
#3253=FILL_AREA_STYLE_COLOUR('Opaque(112,121,128)',#3279);
#3254=FILL_AREA_STYLE_COLOUR('Opaque(234,234,234)',#3280);
#3255=FILL_AREA_STYLE_COLOUR('Opaque(95,167,61)',#3281);
#3256=FILL_AREA_STYLE_COLOUR('Opaque(131,188,104)',#3282);
#3257=FILL_AREA_STYLE_COLOUR('Opaque(30,23,23)',#3283);
#3258=FILL_AREA_STYLE_COLOUR('Opaque(202,209,238)',#3284);
#3259=COLOUR_RGB('Steel - Satin',0.627450980392157,0.627450980392157,0.627450980392157);
#3260=COLOUR_RGB('Opaque(76,76,76)',0.298039215686275,0.298039215686275,
0.298039215686275);
#3261=COLOUR_RGB('Opaque(51,51,51)',0.2,0.2,0.2);
#3262=COLOUR_RGB('Opaque(223,223,223)',0.874509803921569,0.874509803921569,
0.874509803921569);
#3263=COLOUR_RGB('Opaque(255,255,255)',1.,1.,1.);
#3264=COLOUR_RGB('Opaque(255,202,0)',1.,0.792156862745098,0.);
#3265=COLOUR_RGB('Opaque(152,170,175)',0.596078431372549,0.666666666666667,
0.686274509803922);
#3266=COLOUR_RGB('Opaque(153,153,153)',0.6,0.6,0.6);
#3267=COLOUR_RGB('Opaque(195,225,190)',0.764705882352941,0.882352941176471,
0.745098039215686);
#3268=COLOUR_RGB('Opaque(255,153,0)',1.,0.6,0.);
#3269=COLOUR_RGB('Opaque(204,255,51)',0.8,1.,0.2);
#3270=COLOUR_RGB('Opaque(0,153,0)',0.,0.6,0.);
#3271=COLOUR_RGB('Opaque(153,102,51)',0.6,0.4,0.2);
#3272=COLOUR_RGB('Opaque(0,153,255)',0.,0.6,1.);
#3273=COLOUR_RGB('Opaque(230,235,235)',0.901960784313726,0.92156862745098,
0.92156862745098);
#3274=COLOUR_RGB('Opaque(255,245,227)',1.,0.96078431372549,0.890196078431372);
#3275=COLOUR_RGB('Opaque(204,0,0)',0.8,0.,0.);
#3276=COLOUR_RGB('Opaque(0,0,172)',0.,0.,0.674509803921569);
#3277=COLOUR_RGB('Opaque(255,248,56)',1.,0.972549019607843,0.219607843137255);
#3278=COLOUR_RGB('Opaque(112,112,112)',0.43921568627451,0.43921568627451,
0.43921568627451);
#3279=COLOUR_RGB('Opaque(112,121,128)',0.43921568627451,0.474509803921569,
0.501960784313725);
#3280=COLOUR_RGB('Opaque(234,234,234)',0.917647058823529,0.917647058823529,
0.917647058823529);
#3281=COLOUR_RGB('Opaque(95,167,61)',0.372549019607843,0.654901960784314,
0.23921568627451);
#3282=COLOUR_RGB('Opaque(131,188,104)',0.513725490196078,0.737254901960784,
0.407843137254902);
#3283=COLOUR_RGB('Opaque(30,23,23)',0.117647058823529,0.0901960784313725,
0.0901960784313725);
#3284=COLOUR_RGB('Opaque(202,209,238)',0.792156862745098,0.819607843137255,
0.933333333333333);
ENDSEC;
END-ISO-10303-21;
