ISO-10303-21;
HEADER;
/* Generated by software containing ST-Developer
 * from STEP Tools, Inc. (www.steptools.com) 
 */

FILE_DESCRIPTION(
/* description */ (
'Spur Gear; Module: 1.0; Num Teeth: 16; Pressure Angle: 20.0; Backlash
: 0.00 mm'),
/* implementation_level */ '2;1');

FILE_NAME(
/* name */ 'gear.step',
/* time_stamp */ '2026-08-17T14:46:27-04:00',
/* author */ (''),
/* organization */ (''),
/* preprocessor_version */ 'ST-DEVELOPER v20.1',
/* originating_system */ 'Autodesk Translation Framework v15.8.0.0',
/* authorisation */ '');

FILE_SCHEMA (('AUTOMOTIVE_DESIGN { 1 0 10303 214 3 1 1 }'));
ENDSEC;

DATA;
#10=MECHANICAL_DESIGN_GEOMETRIC_PRESENTATION_REPRESENTATION('',(#14,#15,
#16,#17,#18,#19,#20,#21,#22,#23,#24,#25,#26,#27,#28,#29,#30,#31,#32,#33,
#34,#35,#36,#37,#38,#39,#40,#41,#42,#43,#44,#45,#46,#47,#48,#49,#50,#51,
#52,#53,#54,#55,#56,#57,#58,#59,#60,#61,#62,#63,#64,#65,#66,#67,#68,#69,
#70,#71,#72,#73,#74,#75,#76,#77,#78,#79,#80,#81,#82,#83,#84,#85,#86,#87,
#88,#89,#90,#91,#92,#93,#94,#95,#96,#97,#98,#99,#100,#101,#102,#103,#104,
#105,#106,#107,#108,#109,#110,#111,#112,#113,#114,#115,#116,#117,#118,#119,
#120,#121,#122,#123,#124,#125,#126,#127,#128,#129,#130,#131,#132,#133,#134,
#135,#136,#137),#8378);
#11=SHAPE_REPRESENTATION_RELATIONSHIP('SRR','None',#8385,#12);
#12=ADVANCED_BREP_SHAPE_REPRESENTATION('',(#13),#8377);
#13=MANIFOLD_SOLID_BREP('Body1 (6)',#5034);
#14=STYLED_ITEM('',(#8409),#4911);
#15=STYLED_ITEM('',(#8409),#4912);
#16=STYLED_ITEM('',(#8409),#4913);
#17=STYLED_ITEM('',(#8409),#4914);
#18=STYLED_ITEM('',(#8409),#4915);
#19=STYLED_ITEM('',(#8409),#4916);
#20=STYLED_ITEM('',(#8409),#4917);
#21=STYLED_ITEM('',(#8409),#4918);
#22=STYLED_ITEM('',(#8409),#4919);
#23=STYLED_ITEM('',(#8409),#4920);
#24=STYLED_ITEM('',(#8409),#4921);
#25=STYLED_ITEM('',(#8409),#4922);
#26=STYLED_ITEM('',(#8409),#4923);
#27=STYLED_ITEM('',(#8409),#4924);
#28=STYLED_ITEM('',(#8409),#4925);
#29=STYLED_ITEM('',(#8409),#4926);
#30=STYLED_ITEM('',(#8409),#4927);
#31=STYLED_ITEM('',(#8409),#4928);
#32=STYLED_ITEM('',(#8409),#4929);
#33=STYLED_ITEM('',(#8409),#4930);
#34=STYLED_ITEM('',(#8409),#4931);
#35=STYLED_ITEM('',(#8409),#4932);
#36=STYLED_ITEM('',(#8409),#4933);
#37=STYLED_ITEM('',(#8409),#4934);
#38=STYLED_ITEM('',(#8409),#4935);
#39=STYLED_ITEM('',(#8409),#4936);
#40=STYLED_ITEM('',(#8409),#4937);
#41=STYLED_ITEM('',(#8409),#4938);
#42=STYLED_ITEM('',(#8409),#4939);
#43=STYLED_ITEM('',(#8409),#4940);
#44=STYLED_ITEM('',(#8409),#4941);
#45=STYLED_ITEM('',(#8409),#4942);
#46=STYLED_ITEM('',(#8409),#4943);
#47=STYLED_ITEM('',(#8409),#4944);
#48=STYLED_ITEM('',(#8409),#4945);
#49=STYLED_ITEM('',(#8409),#4946);
#50=STYLED_ITEM('',(#8409),#4947);
#51=STYLED_ITEM('',(#8409),#4948);
#52=STYLED_ITEM('',(#8409),#4949);
#53=STYLED_ITEM('',(#8409),#4950);
#54=STYLED_ITEM('',(#8409),#4951);
#55=STYLED_ITEM('',(#8409),#4952);
#56=STYLED_ITEM('',(#8409),#4953);
#57=STYLED_ITEM('',(#8409),#4954);
#58=STYLED_ITEM('',(#8409),#4955);
#59=STYLED_ITEM('',(#8409),#4956);
#60=STYLED_ITEM('',(#8409),#4957);
#61=STYLED_ITEM('',(#8409),#4958);
#62=STYLED_ITEM('',(#8409),#4959);
#63=STYLED_ITEM('',(#8409),#4960);
#64=STYLED_ITEM('',(#8409),#4961);
#65=STYLED_ITEM('',(#8409),#4962);
#66=STYLED_ITEM('',(#8409),#4963);
#67=STYLED_ITEM('',(#8409),#4964);
#68=STYLED_ITEM('',(#8409),#4965);
#69=STYLED_ITEM('',(#8409),#4966);
#70=STYLED_ITEM('',(#8409),#4967);
#71=STYLED_ITEM('',(#8409),#4968);
#72=STYLED_ITEM('',(#8409),#4969);
#73=STYLED_ITEM('',(#8409),#4970);
#74=STYLED_ITEM('',(#8409),#4971);
#75=STYLED_ITEM('',(#8409),#4972);
#76=STYLED_ITEM('',(#8409),#4973);
#77=STYLED_ITEM('',(#8409),#4974);
#78=STYLED_ITEM('',(#8409),#4975);
#79=STYLED_ITEM('',(#8409),#4976);
#80=STYLED_ITEM('',(#8409),#4977);
#81=STYLED_ITEM('',(#8409),#4978);
#82=STYLED_ITEM('',(#8409),#4979);
#83=STYLED_ITEM('',(#8409),#4980);
#84=STYLED_ITEM('',(#8409),#4981);
#85=STYLED_ITEM('',(#8409),#4982);
#86=STYLED_ITEM('',(#8409),#4983);
#87=STYLED_ITEM('',(#8409),#4984);
#88=STYLED_ITEM('',(#8409),#4985);
#89=STYLED_ITEM('',(#8409),#4986);
#90=STYLED_ITEM('',(#8409),#4987);
#91=STYLED_ITEM('',(#8409),#4988);
#92=STYLED_ITEM('',(#8409),#4989);
#93=STYLED_ITEM('',(#8409),#4990);
#94=STYLED_ITEM('',(#8409),#4991);
#95=STYLED_ITEM('',(#8409),#4992);
#96=STYLED_ITEM('',(#8409),#4993);
#97=STYLED_ITEM('',(#8409),#4994);
#98=STYLED_ITEM('',(#8409),#4995);
#99=STYLED_ITEM('',(#8409),#4996);
#100=STYLED_ITEM('',(#8409),#4997);
#101=STYLED_ITEM('',(#8409),#4998);
#102=STYLED_ITEM('',(#8409),#4999);
#103=STYLED_ITEM('',(#8409),#5000);
#104=STYLED_ITEM('',(#8409),#5001);
#105=STYLED_ITEM('',(#8409),#5002);
#106=STYLED_ITEM('',(#8409),#5003);
#107=STYLED_ITEM('',(#8409),#5004);
#108=STYLED_ITEM('',(#8409),#5005);
#109=STYLED_ITEM('',(#8409),#5006);
#110=STYLED_ITEM('',(#8409),#5007);
#111=STYLED_ITEM('',(#8409),#5008);
#112=STYLED_ITEM('',(#8409),#5009);
#113=STYLED_ITEM('',(#8409),#5010);
#114=STYLED_ITEM('',(#8409),#5011);
#115=STYLED_ITEM('',(#8409),#5012);
#116=STYLED_ITEM('',(#8409),#5013);
#117=STYLED_ITEM('',(#8409),#5014);
#118=STYLED_ITEM('',(#8409),#5015);
#119=STYLED_ITEM('',(#8409),#5016);
#120=STYLED_ITEM('',(#8409),#5017);
#121=STYLED_ITEM('',(#8409),#5018);
#122=STYLED_ITEM('',(#8409),#5019);
#123=STYLED_ITEM('',(#8409),#5020);
#124=STYLED_ITEM('',(#8409),#5021);
#125=STYLED_ITEM('',(#8409),#5022);
#126=STYLED_ITEM('',(#8409),#5023);
#127=STYLED_ITEM('',(#8409),#5024);
#128=STYLED_ITEM('',(#8409),#5025);
#129=STYLED_ITEM('',(#8409),#5026);
#130=STYLED_ITEM('',(#8409),#5027);
#131=STYLED_ITEM('',(#8409),#5028);
#132=STYLED_ITEM('',(#8409),#5029);
#133=STYLED_ITEM('',(#8409),#5030);
#134=STYLED_ITEM('',(#8409),#5031);
#135=STYLED_ITEM('',(#8409),#5032);
#136=STYLED_ITEM('',(#8409),#5033);
#137=STYLED_ITEM('',(#8408),#13);
#138=FACE_BOUND('',#551,.T.);
#139=FACE_BOUND('',#673,.T.);
#140=FACE_BOUND('',#756,.T.);
#141=PLANE('',#5051);
#142=PLANE('',#5227);
#143=PLANE('',#5231);
#144=PLANE('',#5233);
#145=PLANE('',#5235);
#146=PLANE('',#5237);
#147=PLANE('',#5239);
#148=PLANE('',#5241);
#149=PLANE('',#5243);
#150=PLANE('',#5245);
#151=PLANE('',#5247);
#152=PLANE('',#5249);
#153=PLANE('',#5251);
#154=PLANE('',#5253);
#155=PLANE('',#5255);
#156=PLANE('',#5257);
#157=PLANE('',#5259);
#158=PLANE('',#5261);
#159=PLANE('',#5263);
#160=PLANE('',#5265);
#161=PLANE('',#5267);
#162=PLANE('',#5273);
#163=PLANE('',#5274);
#164=PLANE('',#5275);
#165=PLANE('',#5276);
#166=PLANE('',#5277);
#167=PLANE('',#5278);
#168=PLANE('',#5279);
#169=PLANE('',#5280);
#170=PLANE('',#5281);
#171=PLANE('',#5282);
#172=PLANE('',#5283);
#173=PLANE('',#5284);
#174=PLANE('',#5285);
#175=PLANE('',#5286);
#176=PLANE('',#5287);
#177=PLANE('',#5288);
#178=PLANE('',#5289);
#179=PLANE('',#5290);
#180=PLANE('',#5291);
#181=PLANE('',#5292);
#182=PLANE('',#5293);
#183=PLANE('',#5294);
#184=PLANE('',#5295);
#185=PLANE('',#5296);
#186=PLANE('',#5297);
#187=PLANE('',#5298);
#188=PLANE('',#5299);
#189=PLANE('',#5300);
#190=PLANE('',#5301);
#191=PLANE('',#5302);
#192=PLANE('',#5303);
#193=PLANE('',#5304);
#194=PLANE('',#5305);
#195=PLANE('',#5306);
#196=PLANE('',#5307);
#197=PLANE('',#5308);
#198=PLANE('',#5309);
#199=PLANE('',#5310);
#200=PLANE('',#5311);
#201=PLANE('',#5312);
#202=PLANE('',#5313);
#203=PLANE('',#5355);
#204=PLANE('',#5356);
#205=PLANE('',#5357);
#206=PLANE('',#5358);
#207=PLANE('',#5359);
#208=PLANE('',#5360);
#209=PLANE('',#5361);
#210=PLANE('',#5362);
#211=PLANE('',#5363);
#212=PLANE('',#5364);
#213=PLANE('',#5365);
#214=PLANE('',#5366);
#215=PLANE('',#5367);
#216=PLANE('',#5368);
#217=PLANE('',#5369);
#218=PLANE('',#5370);
#219=PLANE('',#5371);
#220=PLANE('',#5372);
#221=PLANE('',#5373);
#222=PLANE('',#5374);
#223=PLANE('',#5375);
#224=PLANE('',#5376);
#225=PLANE('',#5377);
#226=PLANE('',#5378);
#227=PLANE('',#5379);
#228=PLANE('',#5380);
#229=PLANE('',#5381);
#230=PLANE('',#5382);
#231=PLANE('',#5383);
#232=PLANE('',#5384);
#233=PLANE('',#5385);
#234=PLANE('',#5386);
#235=PLANE('',#5387);
#236=PLANE('',#5388);
#237=PLANE('',#5389);
#238=PLANE('',#5390);
#239=PLANE('',#5391);
#240=PLANE('',#5392);
#241=PLANE('',#5393);
#242=PLANE('',#5394);
#243=PLANE('',#5395);
#244=PLANE('',#5396);
#245=PLANE('',#5397);
#246=PLANE('',#5398);
#247=PLANE('',#5399);
#248=PLANE('',#5400);
#249=PLANE('',#5401);
#250=PLANE('',#5402);
#251=PLANE('',#5403);
#252=PLANE('',#5404);
#253=PLANE('',#5405);
#254=PLANE('',#5406);
#255=PLANE('',#5407);
#256=PLANE('',#5408);
#257=PLANE('',#5409);
#258=PLANE('',#5410);
#259=PLANE('',#5411);
#260=PLANE('',#5412);
#261=PLANE('',#5413);
#262=PLANE('',#5414);
#263=PLANE('',#5456);
#264=PLANE('',#5457);
#265=PLANE('',#5458);
#266=PLANE('',#5459);
#267=PLANE('',#5460);
#268=PLANE('',#5461);
#269=PLANE('',#5462);
#270=PLANE('',#5463);
#271=PLANE('',#5464);
#272=PLANE('',#5465);
#273=PLANE('',#5466);
#274=PLANE('',#5467);
#275=PLANE('',#5468);
#276=PLANE('',#5469);
#277=PLANE('',#5470);
#278=PLANE('',#5471);
#279=PLANE('',#5472);
#280=PLANE('',#5473);
#281=PLANE('',#5474);
#282=PLANE('',#5475);
#283=PLANE('',#5476);
#284=PLANE('',#5477);
#285=PLANE('',#5478);
#286=PLANE('',#5479);
#287=PLANE('',#5480);
#288=PLANE('',#5481);
#289=PLANE('',#5482);
#290=PLANE('',#5483);
#291=PLANE('',#5484);
#292=PLANE('',#5485);
#293=PLANE('',#5486);
#294=PLANE('',#5487);
#295=PLANE('',#5488);
#296=PLANE('',#5489);
#297=PLANE('',#5490);
#298=PLANE('',#5491);
#299=PLANE('',#5492);
#300=PLANE('',#5493);
#301=PLANE('',#5494);
#302=PLANE('',#5495);
#303=PLANE('',#5496);
#304=FACE_OUTER_BOUND('',#549,.T.);
#305=FACE_OUTER_BOUND('',#550,.T.);
#306=FACE_OUTER_BOUND('',#552,.T.);
#307=FACE_OUTER_BOUND('',#553,.T.);
#308=FACE_OUTER_BOUND('',#554,.T.);
#309=FACE_OUTER_BOUND('',#555,.T.);
#310=FACE_OUTER_BOUND('',#556,.T.);
#311=FACE_OUTER_BOUND('',#557,.T.);
#312=FACE_OUTER_BOUND('',#558,.T.);
#313=FACE_OUTER_BOUND('',#559,.T.);
#314=FACE_OUTER_BOUND('',#560,.T.);
#315=FACE_OUTER_BOUND('',#561,.T.);
#316=FACE_OUTER_BOUND('',#562,.T.);
#317=FACE_OUTER_BOUND('',#563,.T.);
#318=FACE_OUTER_BOUND('',#564,.T.);
#319=FACE_OUTER_BOUND('',#565,.T.);
#320=FACE_OUTER_BOUND('',#566,.T.);
#321=FACE_OUTER_BOUND('',#567,.T.);
#322=FACE_OUTER_BOUND('',#568,.T.);
#323=FACE_OUTER_BOUND('',#569,.T.);
#324=FACE_OUTER_BOUND('',#570,.T.);
#325=FACE_OUTER_BOUND('',#571,.T.);
#326=FACE_OUTER_BOUND('',#572,.T.);
#327=FACE_OUTER_BOUND('',#573,.T.);
#328=FACE_OUTER_BOUND('',#574,.T.);
#329=FACE_OUTER_BOUND('',#575,.T.);
#330=FACE_OUTER_BOUND('',#576,.T.);
#331=FACE_OUTER_BOUND('',#577,.T.);
#332=FACE_OUTER_BOUND('',#578,.T.);
#333=FACE_OUTER_BOUND('',#579,.T.);
#334=FACE_OUTER_BOUND('',#580,.T.);
#335=FACE_OUTER_BOUND('',#581,.T.);
#336=FACE_OUTER_BOUND('',#582,.T.);
#337=FACE_OUTER_BOUND('',#583,.T.);
#338=FACE_OUTER_BOUND('',#584,.T.);
#339=FACE_OUTER_BOUND('',#585,.T.);
#340=FACE_OUTER_BOUND('',#586,.T.);
#341=FACE_OUTER_BOUND('',#587,.T.);
#342=FACE_OUTER_BOUND('',#588,.T.);
#343=FACE_OUTER_BOUND('',#589,.T.);
#344=FACE_OUTER_BOUND('',#590,.T.);
#345=FACE_OUTER_BOUND('',#591,.T.);
#346=FACE_OUTER_BOUND('',#592,.T.);
#347=FACE_OUTER_BOUND('',#593,.T.);
#348=FACE_OUTER_BOUND('',#594,.T.);
#349=FACE_OUTER_BOUND('',#595,.T.);
#350=FACE_OUTER_BOUND('',#596,.T.);
#351=FACE_OUTER_BOUND('',#597,.T.);
#352=FACE_OUTER_BOUND('',#598,.T.);
#353=FACE_OUTER_BOUND('',#599,.T.);
#354=FACE_OUTER_BOUND('',#600,.T.);
#355=FACE_OUTER_BOUND('',#601,.T.);
#356=FACE_OUTER_BOUND('',#602,.T.);
#357=FACE_OUTER_BOUND('',#603,.T.);
#358=FACE_OUTER_BOUND('',#604,.T.);
#359=FACE_OUTER_BOUND('',#605,.T.);
#360=FACE_OUTER_BOUND('',#606,.T.);
#361=FACE_OUTER_BOUND('',#607,.T.);
#362=FACE_OUTER_BOUND('',#608,.T.);
#363=FACE_OUTER_BOUND('',#609,.T.);
#364=FACE_OUTER_BOUND('',#610,.T.);
#365=FACE_OUTER_BOUND('',#611,.T.);
#366=FACE_OUTER_BOUND('',#612,.T.);
#367=FACE_OUTER_BOUND('',#613,.T.);
#368=FACE_OUTER_BOUND('',#614,.T.);
#369=FACE_OUTER_BOUND('',#615,.T.);
#370=FACE_OUTER_BOUND('',#616,.T.);
#371=FACE_OUTER_BOUND('',#617,.T.);
#372=FACE_OUTER_BOUND('',#618,.T.);
#373=FACE_OUTER_BOUND('',#619,.T.);
#374=FACE_OUTER_BOUND('',#620,.T.);
#375=FACE_OUTER_BOUND('',#621,.T.);
#376=FACE_OUTER_BOUND('',#622,.T.);
#377=FACE_OUTER_BOUND('',#623,.T.);
#378=FACE_OUTER_BOUND('',#624,.T.);
#379=FACE_OUTER_BOUND('',#625,.T.);
#380=FACE_OUTER_BOUND('',#626,.T.);
#381=FACE_OUTER_BOUND('',#627,.T.);
#382=FACE_OUTER_BOUND('',#628,.T.);
#383=FACE_OUTER_BOUND('',#629,.T.);
#384=FACE_OUTER_BOUND('',#630,.T.);
#385=FACE_OUTER_BOUND('',#631,.T.);
#386=FACE_OUTER_BOUND('',#632,.T.);
#387=FACE_OUTER_BOUND('',#633,.T.);
#388=FACE_OUTER_BOUND('',#634,.T.);
#389=FACE_OUTER_BOUND('',#635,.T.);
#390=FACE_OUTER_BOUND('',#636,.T.);
#391=FACE_OUTER_BOUND('',#637,.T.);
#392=FACE_OUTER_BOUND('',#638,.T.);
#393=FACE_OUTER_BOUND('',#639,.T.);
#394=FACE_OUTER_BOUND('',#640,.T.);
#395=FACE_OUTER_BOUND('',#641,.T.);
#396=FACE_OUTER_BOUND('',#642,.T.);
#397=FACE_OUTER_BOUND('',#643,.T.);
#398=FACE_OUTER_BOUND('',#644,.T.);
#399=FACE_OUTER_BOUND('',#645,.T.);
#400=FACE_OUTER_BOUND('',#646,.T.);
#401=FACE_OUTER_BOUND('',#647,.T.);
#402=FACE_OUTER_BOUND('',#648,.T.);
#403=FACE_OUTER_BOUND('',#649,.T.);
#404=FACE_OUTER_BOUND('',#650,.T.);
#405=FACE_OUTER_BOUND('',#651,.T.);
#406=FACE_OUTER_BOUND('',#652,.T.);
#407=FACE_OUTER_BOUND('',#653,.T.);
#408=FACE_OUTER_BOUND('',#654,.T.);
#409=FACE_OUTER_BOUND('',#655,.T.);
#410=FACE_OUTER_BOUND('',#656,.T.);
#411=FACE_OUTER_BOUND('',#657,.T.);
#412=FACE_OUTER_BOUND('',#658,.T.);
#413=FACE_OUTER_BOUND('',#659,.T.);
#414=FACE_OUTER_BOUND('',#660,.T.);
#415=FACE_OUTER_BOUND('',#661,.T.);
#416=FACE_OUTER_BOUND('',#662,.T.);
#417=FACE_OUTER_BOUND('',#663,.T.);
#418=FACE_OUTER_BOUND('',#664,.T.);
#419=FACE_OUTER_BOUND('',#665,.T.);
#420=FACE_OUTER_BOUND('',#666,.T.);
#421=FACE_OUTER_BOUND('',#667,.T.);
#422=FACE_OUTER_BOUND('',#668,.T.);
#423=FACE_OUTER_BOUND('',#669,.T.);
#424=FACE_OUTER_BOUND('',#670,.T.);
#425=FACE_OUTER_BOUND('',#671,.T.);
#426=FACE_OUTER_BOUND('',#672,.T.);
#427=FACE_OUTER_BOUND('',#674,.T.);
#428=FACE_OUTER_BOUND('',#675,.T.);
#429=FACE_OUTER_BOUND('',#676,.T.);
#430=FACE_OUTER_BOUND('',#677,.T.);
#431=FACE_OUTER_BOUND('',#678,.T.);
#432=FACE_OUTER_BOUND('',#679,.T.);
#433=FACE_OUTER_BOUND('',#680,.T.);
#434=FACE_OUTER_BOUND('',#681,.T.);
#435=FACE_OUTER_BOUND('',#682,.T.);
#436=FACE_OUTER_BOUND('',#683,.T.);
#437=FACE_OUTER_BOUND('',#684,.T.);
#438=FACE_OUTER_BOUND('',#685,.T.);
#439=FACE_OUTER_BOUND('',#686,.T.);
#440=FACE_OUTER_BOUND('',#687,.T.);
#441=FACE_OUTER_BOUND('',#688,.T.);
#442=FACE_OUTER_BOUND('',#689,.T.);
#443=FACE_OUTER_BOUND('',#690,.T.);
#444=FACE_OUTER_BOUND('',#691,.T.);
#445=FACE_OUTER_BOUND('',#692,.T.);
#446=FACE_OUTER_BOUND('',#693,.T.);
#447=FACE_OUTER_BOUND('',#694,.T.);
#448=FACE_OUTER_BOUND('',#695,.T.);
#449=FACE_OUTER_BOUND('',#696,.T.);
#450=FACE_OUTER_BOUND('',#697,.T.);
#451=FACE_OUTER_BOUND('',#698,.T.);
#452=FACE_OUTER_BOUND('',#699,.T.);
#453=FACE_OUTER_BOUND('',#700,.T.);
#454=FACE_OUTER_BOUND('',#701,.T.);
#455=FACE_OUTER_BOUND('',#702,.T.);
#456=FACE_OUTER_BOUND('',#703,.T.);
#457=FACE_OUTER_BOUND('',#704,.T.);
#458=FACE_OUTER_BOUND('',#705,.T.);
#459=FACE_OUTER_BOUND('',#706,.T.);
#460=FACE_OUTER_BOUND('',#707,.T.);
#461=FACE_OUTER_BOUND('',#708,.T.);
#462=FACE_OUTER_BOUND('',#709,.T.);
#463=FACE_OUTER_BOUND('',#710,.T.);
#464=FACE_OUTER_BOUND('',#711,.T.);
#465=FACE_OUTER_BOUND('',#712,.T.);
#466=FACE_OUTER_BOUND('',#713,.T.);
#467=FACE_OUTER_BOUND('',#714,.T.);
#468=FACE_OUTER_BOUND('',#715,.T.);
#469=FACE_OUTER_BOUND('',#716,.T.);
#470=FACE_OUTER_BOUND('',#717,.T.);
#471=FACE_OUTER_BOUND('',#718,.T.);
#472=FACE_OUTER_BOUND('',#719,.T.);
#473=FACE_OUTER_BOUND('',#720,.T.);
#474=FACE_OUTER_BOUND('',#721,.T.);
#475=FACE_OUTER_BOUND('',#722,.T.);
#476=FACE_OUTER_BOUND('',#723,.T.);
#477=FACE_OUTER_BOUND('',#724,.T.);
#478=FACE_OUTER_BOUND('',#725,.T.);
#479=FACE_OUTER_BOUND('',#726,.T.);
#480=FACE_OUTER_BOUND('',#727,.T.);
#481=FACE_OUTER_BOUND('',#728,.T.);
#482=FACE_OUTER_BOUND('',#729,.T.);
#483=FACE_OUTER_BOUND('',#730,.T.);
#484=FACE_OUTER_BOUND('',#731,.T.);
#485=FACE_OUTER_BOUND('',#732,.T.);
#486=FACE_OUTER_BOUND('',#733,.T.);
#487=FACE_OUTER_BOUND('',#734,.T.);
#488=FACE_OUTER_BOUND('',#735,.T.);
#489=FACE_OUTER_BOUND('',#736,.T.);
#490=FACE_OUTER_BOUND('',#737,.T.);
#491=FACE_OUTER_BOUND('',#738,.T.);
#492=FACE_OUTER_BOUND('',#739,.T.);
#493=FACE_OUTER_BOUND('',#740,.T.);
#494=FACE_OUTER_BOUND('',#741,.T.);
#495=FACE_OUTER_BOUND('',#742,.T.);
#496=FACE_OUTER_BOUND('',#743,.T.);
#497=FACE_OUTER_BOUND('',#744,.T.);
#498=FACE_OUTER_BOUND('',#745,.T.);
#499=FACE_OUTER_BOUND('',#746,.T.);
#500=FACE_OUTER_BOUND('',#747,.T.);
#501=FACE_OUTER_BOUND('',#748,.T.);
#502=FACE_OUTER_BOUND('',#749,.T.);
#503=FACE_OUTER_BOUND('',#750,.T.);
#504=FACE_OUTER_BOUND('',#751,.T.);
#505=FACE_OUTER_BOUND('',#752,.T.);
#506=FACE_OUTER_BOUND('',#753,.T.);
#507=FACE_OUTER_BOUND('',#754,.T.);
#508=FACE_OUTER_BOUND('',#755,.T.);
#509=FACE_OUTER_BOUND('',#757,.T.);
#510=FACE_OUTER_BOUND('',#758,.T.);
#511=FACE_OUTER_BOUND('',#759,.T.);
#512=FACE_OUTER_BOUND('',#760,.T.);
#513=FACE_OUTER_BOUND('',#761,.T.);
#514=FACE_OUTER_BOUND('',#762,.T.);
#515=FACE_OUTER_BOUND('',#763,.T.);
#516=FACE_OUTER_BOUND('',#764,.T.);
#517=FACE_OUTER_BOUND('',#765,.T.);
#518=FACE_OUTER_BOUND('',#766,.T.);
#519=FACE_OUTER_BOUND('',#767,.T.);
#520=FACE_OUTER_BOUND('',#768,.T.);
#521=FACE_OUTER_BOUND('',#769,.T.);
#522=FACE_OUTER_BOUND('',#770,.T.);
#523=FACE_OUTER_BOUND('',#771,.T.);
#524=FACE_OUTER_BOUND('',#772,.T.);
#525=FACE_OUTER_BOUND('',#773,.T.);
#526=FACE_OUTER_BOUND('',#774,.T.);
#527=FACE_OUTER_BOUND('',#775,.T.);
#528=FACE_OUTER_BOUND('',#776,.T.);
#529=FACE_OUTER_BOUND('',#777,.T.);
#530=FACE_OUTER_BOUND('',#778,.T.);
#531=FACE_OUTER_BOUND('',#779,.T.);
#532=FACE_OUTER_BOUND('',#780,.T.);
#533=FACE_OUTER_BOUND('',#781,.T.);
#534=FACE_OUTER_BOUND('',#782,.T.);
#535=FACE_OUTER_BOUND('',#783,.T.);
#536=FACE_OUTER_BOUND('',#784,.T.);
#537=FACE_OUTER_BOUND('',#785,.T.);
#538=FACE_OUTER_BOUND('',#786,.T.);
#539=FACE_OUTER_BOUND('',#787,.T.);
#540=FACE_OUTER_BOUND('',#788,.T.);
#541=FACE_OUTER_BOUND('',#789,.T.);
#542=FACE_OUTER_BOUND('',#790,.T.);
#543=FACE_OUTER_BOUND('',#791,.T.);
#544=FACE_OUTER_BOUND('',#792,.T.);
#545=FACE_OUTER_BOUND('',#793,.T.);
#546=FACE_OUTER_BOUND('',#794,.T.);
#547=FACE_OUTER_BOUND('',#795,.T.);
#548=FACE_OUTER_BOUND('',#796,.T.);
#549=EDGE_LOOP('',(#3255,#3256,#3257,#3258));
#550=EDGE_LOOP('',(#3259));
#551=EDGE_LOOP('',(#3260));
#552=EDGE_LOOP('',(#3261,#3262,#3263,#3264));
#553=EDGE_LOOP('',(#3265,#3266,#3267,#3268));
#554=EDGE_LOOP('',(#3269,#3270,#3271,#3272));
#555=EDGE_LOOP('',(#3273,#3274,#3275,#3276));
#556=EDGE_LOOP('',(#3277,#3278,#3279,#3280));
#557=EDGE_LOOP('',(#3281,#3282,#3283,#3284));
#558=EDGE_LOOP('',(#3285,#3286,#3287,#3288));
#559=EDGE_LOOP('',(#3289,#3290,#3291,#3292));
#560=EDGE_LOOP('',(#3293,#3294,#3295,#3296));
#561=EDGE_LOOP('',(#3297,#3298,#3299,#3300));
#562=EDGE_LOOP('',(#3301,#3302,#3303,#3304));
#563=EDGE_LOOP('',(#3305,#3306,#3307,#3308));
#564=EDGE_LOOP('',(#3309,#3310,#3311,#3312));
#565=EDGE_LOOP('',(#3313,#3314,#3315,#3316));
#566=EDGE_LOOP('',(#3317,#3318,#3319,#3320));
#567=EDGE_LOOP('',(#3321,#3322,#3323,#3324));
#568=EDGE_LOOP('',(#3325,#3326,#3327,#3328));
#569=EDGE_LOOP('',(#3329,#3330,#3331,#3332));
#570=EDGE_LOOP('',(#3333,#3334,#3335,#3336));
#571=EDGE_LOOP('',(#3337,#3338,#3339,#3340));
#572=EDGE_LOOP('',(#3341,#3342,#3343,#3344));
#573=EDGE_LOOP('',(#3345,#3346,#3347,#3348));
#574=EDGE_LOOP('',(#3349,#3350,#3351,#3352));
#575=EDGE_LOOP('',(#3353,#3354,#3355,#3356));
#576=EDGE_LOOP('',(#3357,#3358,#3359,#3360));
#577=EDGE_LOOP('',(#3361,#3362,#3363,#3364));
#578=EDGE_LOOP('',(#3365,#3366,#3367,#3368));
#579=EDGE_LOOP('',(#3369,#3370,#3371,#3372));
#580=EDGE_LOOP('',(#3373,#3374,#3375,#3376));
#581=EDGE_LOOP('',(#3377,#3378,#3379,#3380));
#582=EDGE_LOOP('',(#3381,#3382,#3383,#3384));
#583=EDGE_LOOP('',(#3385,#3386,#3387,#3388));
#584=EDGE_LOOP('',(#3389,#3390,#3391,#3392));
#585=EDGE_LOOP('',(#3393,#3394,#3395,#3396));
#586=EDGE_LOOP('',(#3397,#3398,#3399,#3400));
#587=EDGE_LOOP('',(#3401,#3402,#3403,#3404));
#588=EDGE_LOOP('',(#3405,#3406,#3407,#3408));
#589=EDGE_LOOP('',(#3409,#3410,#3411,#3412));
#590=EDGE_LOOP('',(#3413,#3414,#3415,#3416));
#591=EDGE_LOOP('',(#3417,#3418,#3419,#3420));
#592=EDGE_LOOP('',(#3421,#3422,#3423,#3424));
#593=EDGE_LOOP('',(#3425,#3426,#3427,#3428));
#594=EDGE_LOOP('',(#3429,#3430,#3431,#3432));
#595=EDGE_LOOP('',(#3433,#3434,#3435,#3436));
#596=EDGE_LOOP('',(#3437,#3438,#3439,#3440));
#597=EDGE_LOOP('',(#3441,#3442,#3443,#3444));
#598=EDGE_LOOP('',(#3445,#3446,#3447,#3448));
#599=EDGE_LOOP('',(#3449,#3450,#3451,#3452));
#600=EDGE_LOOP('',(#3453,#3454,#3455,#3456));
#601=EDGE_LOOP('',(#3457,#3458,#3459,#3460));
#602=EDGE_LOOP('',(#3461,#3462,#3463,#3464));
#603=EDGE_LOOP('',(#3465,#3466,#3467,#3468));
#604=EDGE_LOOP('',(#3469,#3470,#3471,#3472));
#605=EDGE_LOOP('',(#3473,#3474,#3475,#3476));
#606=EDGE_LOOP('',(#3477,#3478,#3479,#3480));
#607=EDGE_LOOP('',(#3481,#3482,#3483,#3484));
#608=EDGE_LOOP('',(#3485,#3486,#3487,#3488));
#609=EDGE_LOOP('',(#3489,#3490,#3491,#3492));
#610=EDGE_LOOP('',(#3493,#3494,#3495,#3496,#3497,#3498));
#611=EDGE_LOOP('',(#3499,#3500,#3501,#3502,#3503,#3504));
#612=EDGE_LOOP('',(#3505,#3506,#3507,#3508,#3509,#3510));
#613=EDGE_LOOP('',(#3511,#3512,#3513,#3514,#3515,#3516));
#614=EDGE_LOOP('',(#3517,#3518,#3519,#3520,#3521,#3522));
#615=EDGE_LOOP('',(#3523,#3524,#3525,#3526,#3527,#3528));
#616=EDGE_LOOP('',(#3529,#3530,#3531,#3532,#3533,#3534));
#617=EDGE_LOOP('',(#3535,#3536,#3537,#3538,#3539,#3540));
#618=EDGE_LOOP('',(#3541,#3542,#3543,#3544,#3545,#3546));
#619=EDGE_LOOP('',(#3547,#3548,#3549,#3550,#3551,#3552));
#620=EDGE_LOOP('',(#3553,#3554,#3555,#3556,#3557,#3558));
#621=EDGE_LOOP('',(#3559,#3560,#3561,#3562,#3563,#3564));
#622=EDGE_LOOP('',(#3565,#3566,#3567,#3568,#3569,#3570));
#623=EDGE_LOOP('',(#3571,#3572,#3573,#3574,#3575,#3576));
#624=EDGE_LOOP('',(#3577,#3578,#3579,#3580,#3581,#3582));
#625=EDGE_LOOP('',(#3583,#3584,#3585,#3586,#3587,#3588));
#626=EDGE_LOOP('',(#3589,#3590,#3591,#3592,#3593,#3594));
#627=EDGE_LOOP('',(#3595,#3596,#3597,#3598,#3599,#3600));
#628=EDGE_LOOP('',(#3601,#3602,#3603,#3604,#3605,#3606));
#629=EDGE_LOOP('',(#3607,#3608,#3609,#3610,#3611,#3612));
#630=EDGE_LOOP('',(#3613,#3614,#3615,#3616));
#631=EDGE_LOOP('',(#3617,#3618,#3619,#3620));
#632=EDGE_LOOP('',(#3621,#3622,#3623,#3624));
#633=EDGE_LOOP('',(#3625,#3626,#3627,#3628));
#634=EDGE_LOOP('',(#3629,#3630,#3631,#3632));
#635=EDGE_LOOP('',(#3633,#3634,#3635,#3636));
#636=EDGE_LOOP('',(#3637,#3638,#3639,#3640));
#637=EDGE_LOOP('',(#3641,#3642,#3643,#3644));
#638=EDGE_LOOP('',(#3645,#3646,#3647,#3648));
#639=EDGE_LOOP('',(#3649,#3650,#3651,#3652));
#640=EDGE_LOOP('',(#3653,#3654,#3655,#3656));
#641=EDGE_LOOP('',(#3657,#3658,#3659,#3660));
#642=EDGE_LOOP('',(#3661,#3662,#3663,#3664));
#643=EDGE_LOOP('',(#3665,#3666,#3667,#3668));
#644=EDGE_LOOP('',(#3669,#3670,#3671,#3672));
#645=EDGE_LOOP('',(#3673,#3674,#3675,#3676));
#646=EDGE_LOOP('',(#3677,#3678,#3679,#3680));
#647=EDGE_LOOP('',(#3681,#3682,#3683,#3684));
#648=EDGE_LOOP('',(#3685,#3686,#3687,#3688));
#649=EDGE_LOOP('',(#3689,#3690,#3691,#3692));
#650=EDGE_LOOP('',(#3693,#3694,#3695,#3696));
#651=EDGE_LOOP('',(#3697,#3698,#3699,#3700));
#652=EDGE_LOOP('',(#3701,#3702,#3703,#3704));
#653=EDGE_LOOP('',(#3705,#3706,#3707,#3708));
#654=EDGE_LOOP('',(#3709,#3710,#3711,#3712));
#655=EDGE_LOOP('',(#3713,#3714,#3715,#3716));
#656=EDGE_LOOP('',(#3717,#3718,#3719,#3720));
#657=EDGE_LOOP('',(#3721,#3722,#3723,#3724));
#658=EDGE_LOOP('',(#3725,#3726,#3727,#3728));
#659=EDGE_LOOP('',(#3729,#3730,#3731,#3732));
#660=EDGE_LOOP('',(#3733,#3734,#3735,#3736));
#661=EDGE_LOOP('',(#3737,#3738,#3739,#3740));
#662=EDGE_LOOP('',(#3741,#3742,#3743,#3744));
#663=EDGE_LOOP('',(#3745,#3746,#3747,#3748));
#664=EDGE_LOOP('',(#3749,#3750,#3751,#3752));
#665=EDGE_LOOP('',(#3753,#3754,#3755,#3756));
#666=EDGE_LOOP('',(#3757,#3758,#3759,#3760));
#667=EDGE_LOOP('',(#3761,#3762,#3763,#3764));
#668=EDGE_LOOP('',(#3765,#3766,#3767,#3768));
#669=EDGE_LOOP('',(#3769,#3770,#3771,#3772));
#670=EDGE_LOOP('',(#3773,#3774,#3775,#3776));
#671=EDGE_LOOP('',(#3777,#3778,#3779,#3780));
#672=EDGE_LOOP('',(#3781,#3782,#3783,#3784,#3785,#3786,#3787,#3788,#3789,
#3790,#3791,#3792,#3793,#3794,#3795,#3796,#3797,#3798,#3799,#3800,#3801,
#3802,#3803,#3804,#3805,#3806,#3807,#3808,#3809,#3810,#3811,#3812,#3813,
#3814,#3815,#3816,#3817,#3818,#3819,#3820,#3821,#3822,#3823,#3824,#3825,
#3826,#3827,#3828,#3829,#3830,#3831,#3832,#3833,#3834,#3835,#3836,#3837,
#3838,#3839,#3840,#3841,#3842,#3843,#3844,#3845,#3846,#3847,#3848,#3849,
#3850,#3851,#3852,#3853,#3854,#3855,#3856,#3857,#3858,#3859,#3860));
#673=EDGE_LOOP('',(#3861,#3862,#3863,#3864,#3865,#3866,#3867,#3868,#3869,
#3870,#3871,#3872,#3873,#3874,#3875,#3876,#3877,#3878,#3879,#3880,#3881,
#3882,#3883,#3884,#3885,#3886,#3887,#3888,#3889,#3890,#3891,#3892,#3893,
#3894,#3895,#3896,#3897,#3898,#3899,#3900,#3901,#3902,#3903,#3904,#3905,
#3906,#3907,#3908,#3909,#3910,#3911,#3912,#3913,#3914,#3915,#3916,#3917,
#3918,#3919,#3920,#3921,#3922,#3923,#3924,#3925,#3926,#3927,#3928,#3929,
#3930,#3931,#3932,#3933,#3934,#3935,#3936,#3937,#3938,#3939,#3940,#3941,
#3942,#3943,#3944,#3945,#3946,#3947,#3948,#3949,#3950,#3951,#3952,#3953,
#3954,#3955,#3956,#3957,#3958,#3959,#3960,#3961,#3962,#3963,#3964,#3965,
#3966,#3967,#3968,#3969,#3970,#3971,#3972,#3973,#3974,#3975,#3976,#3977,
#3978,#3979,#3980,#3981));
#674=EDGE_LOOP('',(#3982,#3983,#3984,#3985,#3986,#3987));
#675=EDGE_LOOP('',(#3988,#3989,#3990,#3991));
#676=EDGE_LOOP('',(#3992,#3993,#3994,#3995,#3996,#3997));
#677=EDGE_LOOP('',(#3998,#3999,#4000,#4001,#4002,#4003));
#678=EDGE_LOOP('',(#4004,#4005,#4006,#4007));
#679=EDGE_LOOP('',(#4008,#4009,#4010,#4011,#4012,#4013));
#680=EDGE_LOOP('',(#4014,#4015,#4016,#4017,#4018,#4019));
#681=EDGE_LOOP('',(#4020,#4021,#4022,#4023));
#682=EDGE_LOOP('',(#4024,#4025,#4026,#4027,#4028,#4029));
#683=EDGE_LOOP('',(#4030,#4031,#4032,#4033,#4034,#4035));
#684=EDGE_LOOP('',(#4036,#4037,#4038,#4039));
#685=EDGE_LOOP('',(#4040,#4041,#4042,#4043,#4044,#4045));
#686=EDGE_LOOP('',(#4046,#4047,#4048,#4049,#4050,#4051));
#687=EDGE_LOOP('',(#4052,#4053,#4054,#4055));
#688=EDGE_LOOP('',(#4056,#4057,#4058,#4059,#4060,#4061));
#689=EDGE_LOOP('',(#4062,#4063,#4064,#4065,#4066,#4067));
#690=EDGE_LOOP('',(#4068,#4069,#4070,#4071));
#691=EDGE_LOOP('',(#4072,#4073,#4074,#4075,#4076,#4077));
#692=EDGE_LOOP('',(#4078,#4079,#4080,#4081,#4082,#4083));
#693=EDGE_LOOP('',(#4084,#4085,#4086,#4087));
#694=EDGE_LOOP('',(#4088,#4089,#4090,#4091,#4092,#4093));
#695=EDGE_LOOP('',(#4094,#4095,#4096,#4097,#4098,#4099));
#696=EDGE_LOOP('',(#4100,#4101,#4102,#4103));
#697=EDGE_LOOP('',(#4104,#4105,#4106,#4107,#4108,#4109));
#698=EDGE_LOOP('',(#4110,#4111,#4112,#4113,#4114,#4115));
#699=EDGE_LOOP('',(#4116,#4117,#4118,#4119));
#700=EDGE_LOOP('',(#4120,#4121,#4122,#4123,#4124,#4125));
#701=EDGE_LOOP('',(#4126,#4127,#4128,#4129,#4130,#4131));
#702=EDGE_LOOP('',(#4132,#4133,#4134,#4135));
#703=EDGE_LOOP('',(#4136,#4137,#4138,#4139,#4140,#4141));
#704=EDGE_LOOP('',(#4142,#4143,#4144,#4145,#4146,#4147));
#705=EDGE_LOOP('',(#4148,#4149,#4150,#4151));
#706=EDGE_LOOP('',(#4152,#4153,#4154,#4155,#4156,#4157));
#707=EDGE_LOOP('',(#4158,#4159,#4160,#4161,#4162,#4163));
#708=EDGE_LOOP('',(#4164,#4165,#4166,#4167));
#709=EDGE_LOOP('',(#4168,#4169,#4170,#4171,#4172,#4173));
#710=EDGE_LOOP('',(#4174,#4175,#4176,#4177,#4178,#4179));
#711=EDGE_LOOP('',(#4180,#4181,#4182,#4183));
#712=EDGE_LOOP('',(#4184,#4185,#4186,#4187,#4188,#4189));
#713=EDGE_LOOP('',(#4190,#4191,#4192,#4193,#4194,#4195));
#714=EDGE_LOOP('',(#4196,#4197,#4198,#4199));
#715=EDGE_LOOP('',(#4200,#4201,#4202,#4203,#4204,#4205));
#716=EDGE_LOOP('',(#4206,#4207,#4208,#4209,#4210,#4211));
#717=EDGE_LOOP('',(#4212,#4213,#4214,#4215));
#718=EDGE_LOOP('',(#4216,#4217,#4218,#4219,#4220,#4221));
#719=EDGE_LOOP('',(#4222,#4223,#4224,#4225,#4226,#4227));
#720=EDGE_LOOP('',(#4228,#4229,#4230,#4231));
#721=EDGE_LOOP('',(#4232,#4233,#4234,#4235,#4236,#4237));
#722=EDGE_LOOP('',(#4238,#4239,#4240,#4241,#4242,#4243));
#723=EDGE_LOOP('',(#4244,#4245,#4246,#4247));
#724=EDGE_LOOP('',(#4248,#4249,#4250,#4251,#4252,#4253));
#725=EDGE_LOOP('',(#4254,#4255,#4256,#4257,#4258,#4259));
#726=EDGE_LOOP('',(#4260,#4261,#4262,#4263));
#727=EDGE_LOOP('',(#4264,#4265,#4266,#4267,#4268,#4269));
#728=EDGE_LOOP('',(#4270,#4271,#4272,#4273,#4274,#4275));
#729=EDGE_LOOP('',(#4276,#4277,#4278,#4279));
#730=EDGE_LOOP('',(#4280,#4281,#4282,#4283,#4284,#4285));
#731=EDGE_LOOP('',(#4286,#4287,#4288,#4289,#4290,#4291));
#732=EDGE_LOOP('',(#4292,#4293,#4294,#4295));
#733=EDGE_LOOP('',(#4296,#4297,#4298,#4299,#4300,#4301));
#734=EDGE_LOOP('',(#4302,#4303,#4304,#4305));
#735=EDGE_LOOP('',(#4306,#4307,#4308,#4309));
#736=EDGE_LOOP('',(#4310,#4311,#4312,#4313));
#737=EDGE_LOOP('',(#4314,#4315,#4316,#4317));
#738=EDGE_LOOP('',(#4318,#4319,#4320,#4321));
#739=EDGE_LOOP('',(#4322,#4323,#4324,#4325));
#740=EDGE_LOOP('',(#4326,#4327,#4328,#4329));
#741=EDGE_LOOP('',(#4330,#4331,#4332,#4333));
#742=EDGE_LOOP('',(#4334,#4335,#4336,#4337));
#743=EDGE_LOOP('',(#4338,#4339,#4340,#4341));
#744=EDGE_LOOP('',(#4342,#4343,#4344,#4345));
#745=EDGE_LOOP('',(#4346,#4347,#4348,#4349));
#746=EDGE_LOOP('',(#4350,#4351,#4352,#4353));
#747=EDGE_LOOP('',(#4354,#4355,#4356,#4357));
#748=EDGE_LOOP('',(#4358,#4359,#4360,#4361));
#749=EDGE_LOOP('',(#4362,#4363,#4364,#4365));
#750=EDGE_LOOP('',(#4366,#4367,#4368,#4369));
#751=EDGE_LOOP('',(#4370,#4371,#4372,#4373));
#752=EDGE_LOOP('',(#4374,#4375,#4376,#4377));
#753=EDGE_LOOP('',(#4378,#4379,#4380,#4381));
#754=EDGE_LOOP('',(#4382,#4383,#4384,#4385,#4386,#4387,#4388,#4389,#4390,
#4391,#4392,#4393,#4394,#4395,#4396,#4397,#4398,#4399,#4400,#4401,#4402,
#4403,#4404,#4405,#4406,#4407,#4408,#4409,#4410,#4411,#4412,#4413,#4414,
#4415,#4416,#4417,#4418,#4419,#4420,#4421,#4422,#4423,#4424,#4425,#4426,
#4427,#4428,#4429,#4430,#4431,#4432,#4433,#4434,#4435,#4436,#4437,#4438,
#4439,#4440,#4441,#4442,#4443,#4444,#4445,#4446,#4447,#4448,#4449,#4450,
#4451,#4452,#4453,#4454,#4455,#4456,#4457,#4458,#4459,#4460,#4461,#4462,
#4463,#4464,#4465));
#755=EDGE_LOOP('',(#4466,#4467,#4468,#4469,#4470,#4471,#4472,#4473,#4474,
#4475,#4476,#4477,#4478,#4479,#4480,#4481,#4482,#4483,#4484,#4485,#4486,
#4487,#4488,#4489,#4490,#4491,#4492,#4493,#4494,#4495,#4496,#4497,#4498,
#4499,#4500,#4501,#4502,#4503,#4504,#4505,#4506,#4507,#4508,#4509,#4510,
#4511,#4512,#4513,#4514,#4515,#4516,#4517,#4518,#4519,#4520,#4521,#4522,
#4523,#4524,#4525,#4526,#4527,#4528,#4529,#4530,#4531,#4532,#4533,#4534,
#4535,#4536,#4537,#4538,#4539,#4540,#4541,#4542,#4543,#4544,#4545));
#756=EDGE_LOOP('',(#4546));
#757=EDGE_LOOP('',(#4547,#4548,#4549,#4550));
#758=EDGE_LOOP('',(#4551,#4552,#4553,#4554));
#759=EDGE_LOOP('',(#4555,#4556,#4557,#4558));
#760=EDGE_LOOP('',(#4559,#4560,#4561,#4562));
#761=EDGE_LOOP('',(#4563,#4564,#4565,#4566));
#762=EDGE_LOOP('',(#4567,#4568,#4569,#4570));
#763=EDGE_LOOP('',(#4571,#4572,#4573,#4574));
#764=EDGE_LOOP('',(#4575,#4576,#4577,#4578));
#765=EDGE_LOOP('',(#4579,#4580,#4581,#4582));
#766=EDGE_LOOP('',(#4583,#4584,#4585,#4586));
#767=EDGE_LOOP('',(#4587,#4588,#4589,#4590));
#768=EDGE_LOOP('',(#4591,#4592,#4593,#4594));
#769=EDGE_LOOP('',(#4595,#4596,#4597,#4598));
#770=EDGE_LOOP('',(#4599,#4600,#4601,#4602));
#771=EDGE_LOOP('',(#4603,#4604,#4605,#4606));
#772=EDGE_LOOP('',(#4607,#4608,#4609,#4610));
#773=EDGE_LOOP('',(#4611,#4612,#4613,#4614));
#774=EDGE_LOOP('',(#4615,#4616,#4617,#4618));
#775=EDGE_LOOP('',(#4619,#4620,#4621,#4622));
#776=EDGE_LOOP('',(#4623,#4624,#4625,#4626));
#777=EDGE_LOOP('',(#4627,#4628,#4629,#4630));
#778=EDGE_LOOP('',(#4631,#4632,#4633,#4634));
#779=EDGE_LOOP('',(#4635,#4636,#4637,#4638));
#780=EDGE_LOOP('',(#4639,#4640,#4641,#4642));
#781=EDGE_LOOP('',(#4643,#4644,#4645,#4646));
#782=EDGE_LOOP('',(#4647,#4648,#4649,#4650));
#783=EDGE_LOOP('',(#4651,#4652,#4653,#4654));
#784=EDGE_LOOP('',(#4655,#4656,#4657,#4658));
#785=EDGE_LOOP('',(#4659,#4660,#4661,#4662));
#786=EDGE_LOOP('',(#4663,#4664,#4665,#4666));
#787=EDGE_LOOP('',(#4667,#4668,#4669,#4670));
#788=EDGE_LOOP('',(#4671,#4672,#4673,#4674));
#789=EDGE_LOOP('',(#4675,#4676,#4677,#4678));
#790=EDGE_LOOP('',(#4679,#4680,#4681,#4682));
#791=EDGE_LOOP('',(#4683,#4684,#4685,#4686));
#792=EDGE_LOOP('',(#4687,#4688,#4689,#4690));
#793=EDGE_LOOP('',(#4691,#4692,#4693,#4694));
#794=EDGE_LOOP('',(#4695,#4696,#4697,#4698));
#795=EDGE_LOOP('',(#4699,#4700,#4701,#4702));
#796=EDGE_LOOP('',(#4703,#4704,#4705,#4706));
#797=LINE('',#6924,#1319);
#798=LINE('',#6934,#1320);
#799=LINE('',#6937,#1321);
#800=LINE('',#6943,#1322);
#801=LINE('',#6949,#1323);
#802=LINE('',#6955,#1324);
#803=LINE('',#6958,#1325);
#804=LINE('',#6964,#1326);
#805=LINE('',#6970,#1327);
#806=LINE('',#6976,#1328);
#807=LINE('',#6979,#1329);
#808=LINE('',#6985,#1330);
#809=LINE('',#6991,#1331);
#810=LINE('',#6997,#1332);
#811=LINE('',#7000,#1333);
#812=LINE('',#7006,#1334);
#813=LINE('',#7012,#1335);
#814=LINE('',#7018,#1336);
#815=LINE('',#7021,#1337);
#816=LINE('',#7027,#1338);
#817=LINE('',#7033,#1339);
#818=LINE('',#7039,#1340);
#819=LINE('',#7042,#1341);
#820=LINE('',#7048,#1342);
#821=LINE('',#7054,#1343);
#822=LINE('',#7060,#1344);
#823=LINE('',#7063,#1345);
#824=LINE('',#7069,#1346);
#825=LINE('',#7075,#1347);
#826=LINE('',#7081,#1348);
#827=LINE('',#7084,#1349);
#828=LINE('',#7090,#1350);
#829=LINE('',#7096,#1351);
#830=LINE('',#7102,#1352);
#831=LINE('',#7105,#1353);
#832=LINE('',#7111,#1354);
#833=LINE('',#7117,#1355);
#834=LINE('',#7123,#1356);
#835=LINE('',#7126,#1357);
#836=LINE('',#7132,#1358);
#837=LINE('',#7138,#1359);
#838=LINE('',#7144,#1360);
#839=LINE('',#7147,#1361);
#840=LINE('',#7153,#1362);
#841=LINE('',#7159,#1363);
#842=LINE('',#7165,#1364);
#843=LINE('',#7168,#1365);
#844=LINE('',#7174,#1366);
#845=LINE('',#7180,#1367);
#846=LINE('',#7186,#1368);
#847=LINE('',#7189,#1369);
#848=LINE('',#7195,#1370);
#849=LINE('',#7201,#1371);
#850=LINE('',#7207,#1372);
#851=LINE('',#7210,#1373);
#852=LINE('',#7216,#1374);
#853=LINE('',#7222,#1375);
#854=LINE('',#7228,#1376);
#855=LINE('',#7231,#1377);
#856=LINE('',#7237,#1378);
#857=LINE('',#7243,#1379);
#858=LINE('',#7249,#1380);
#859=LINE('',#7252,#1381);
#860=LINE('',#7258,#1382);
#861=LINE('',#7264,#1383);
#862=LINE('',#7270,#1384);
#863=LINE('',#7273,#1385);
#864=LINE('',#7279,#1386);
#865=LINE('',#7285,#1387);
#866=LINE('',#7291,#1388);
#867=LINE('',#7294,#1389);
#868=LINE('',#7300,#1390);
#869=LINE('',#7306,#1391);
#870=LINE('',#7312,#1392);
#871=LINE('',#7315,#1393);
#872=LINE('',#7321,#1394);
#873=LINE('',#7327,#1395);
#874=LINE('',#7333,#1396);
#875=LINE('',#7336,#1397);
#876=LINE('',#7342,#1398);
#877=LINE('',#7346,#1399);
#878=LINE('',#7351,#1400);
#879=LINE('',#7352,#1401);
#880=LINE('',#7357,#1402);
#881=LINE('',#7358,#1403);
#882=LINE('',#7363,#1404);
#883=LINE('',#7364,#1405);
#884=LINE('',#7369,#1406);
#885=LINE('',#7370,#1407);
#886=LINE('',#7375,#1408);
#887=LINE('',#7376,#1409);
#888=LINE('',#7381,#1410);
#889=LINE('',#7382,#1411);
#890=LINE('',#7387,#1412);
#891=LINE('',#7388,#1413);
#892=LINE('',#7393,#1414);
#893=LINE('',#7394,#1415);
#894=LINE('',#7399,#1416);
#895=LINE('',#7400,#1417);
#896=LINE('',#7405,#1418);
#897=LINE('',#7406,#1419);
#898=LINE('',#7411,#1420);
#899=LINE('',#7412,#1421);
#900=LINE('',#7417,#1422);
#901=LINE('',#7418,#1423);
#902=LINE('',#7423,#1424);
#903=LINE('',#7424,#1425);
#904=LINE('',#7429,#1426);
#905=LINE('',#7430,#1427);
#906=LINE('',#7435,#1428);
#907=LINE('',#7436,#1429);
#908=LINE('',#7441,#1430);
#909=LINE('',#7442,#1431);
#910=LINE('',#7447,#1432);
#911=LINE('',#7448,#1433);
#912=LINE('',#7453,#1434);
#913=LINE('',#7454,#1435);
#914=LINE('',#7459,#1436);
#915=LINE('',#7460,#1437);
#916=LINE('',#7464,#1438);
#917=LINE('',#7468,#1439);
#918=LINE('',#7471,#1440);
#919=LINE('',#7472,#1441);
#920=LINE('',#7475,#1442);
#921=LINE('',#7476,#1443);
#922=LINE('',#7479,#1444);
#923=LINE('',#7480,#1445);
#924=LINE('',#7483,#1446);
#925=LINE('',#7484,#1447);
#926=LINE('',#7487,#1448);
#927=LINE('',#7488,#1449);
#928=LINE('',#7491,#1450);
#929=LINE('',#7492,#1451);
#930=LINE('',#7495,#1452);
#931=LINE('',#7496,#1453);
#932=LINE('',#7499,#1454);
#933=LINE('',#7500,#1455);
#934=LINE('',#7503,#1456);
#935=LINE('',#7504,#1457);
#936=LINE('',#7507,#1458);
#937=LINE('',#7508,#1459);
#938=LINE('',#7511,#1460);
#939=LINE('',#7512,#1461);
#940=LINE('',#7515,#1462);
#941=LINE('',#7516,#1463);
#942=LINE('',#7519,#1464);
#943=LINE('',#7520,#1465);
#944=LINE('',#7523,#1466);
#945=LINE('',#7524,#1467);
#946=LINE('',#7527,#1468);
#947=LINE('',#7528,#1469);
#948=LINE('',#7531,#1470);
#949=LINE('',#7532,#1471);
#950=LINE('',#7535,#1472);
#951=LINE('',#7536,#1473);
#952=LINE('',#7539,#1474);
#953=LINE('',#7540,#1475);
#954=LINE('',#7543,#1476);
#955=LINE('',#7544,#1477);
#956=LINE('',#7547,#1478);
#957=LINE('',#7548,#1479);
#958=LINE('',#7551,#1480);
#959=LINE('',#7552,#1481);
#960=LINE('',#7555,#1482);
#961=LINE('',#7556,#1483);
#962=LINE('',#7559,#1484);
#963=LINE('',#7560,#1485);
#964=LINE('',#7563,#1486);
#965=LINE('',#7564,#1487);
#966=LINE('',#7567,#1488);
#967=LINE('',#7568,#1489);
#968=LINE('',#7571,#1490);
#969=LINE('',#7572,#1491);
#970=LINE('',#7575,#1492);
#971=LINE('',#7576,#1493);
#972=LINE('',#7579,#1494);
#973=LINE('',#7580,#1495);
#974=LINE('',#7583,#1496);
#975=LINE('',#7584,#1497);
#976=LINE('',#7587,#1498);
#977=LINE('',#7588,#1499);
#978=LINE('',#7591,#1500);
#979=LINE('',#7592,#1501);
#980=LINE('',#7595,#1502);
#981=LINE('',#7596,#1503);
#982=LINE('',#7599,#1504);
#983=LINE('',#7600,#1505);
#984=LINE('',#7603,#1506);
#985=LINE('',#7604,#1507);
#986=LINE('',#7607,#1508);
#987=LINE('',#7608,#1509);
#988=LINE('',#7611,#1510);
#989=LINE('',#7612,#1511);
#990=LINE('',#7615,#1512);
#991=LINE('',#7616,#1513);
#992=LINE('',#7619,#1514);
#993=LINE('',#7620,#1515);
#994=LINE('',#7623,#1516);
#995=LINE('',#7624,#1517);
#996=LINE('',#7627,#1518);
#997=LINE('',#7628,#1519);
#998=LINE('',#7632,#1520);
#999=LINE('',#7634,#1521);
#1000=LINE('',#7638,#1522);
#1001=LINE('',#7640,#1523);
#1002=LINE('',#7642,#1524);
#1003=LINE('',#7646,#1525);
#1004=LINE('',#7648,#1526);
#1005=LINE('',#7650,#1527);
#1006=LINE('',#7654,#1528);
#1007=LINE('',#7656,#1529);
#1008=LINE('',#7658,#1530);
#1009=LINE('',#7662,#1531);
#1010=LINE('',#7664,#1532);
#1011=LINE('',#7666,#1533);
#1012=LINE('',#7670,#1534);
#1013=LINE('',#7672,#1535);
#1014=LINE('',#7674,#1536);
#1015=LINE('',#7678,#1537);
#1016=LINE('',#7680,#1538);
#1017=LINE('',#7682,#1539);
#1018=LINE('',#7686,#1540);
#1019=LINE('',#7688,#1541);
#1020=LINE('',#7690,#1542);
#1021=LINE('',#7694,#1543);
#1022=LINE('',#7696,#1544);
#1023=LINE('',#7698,#1545);
#1024=LINE('',#7702,#1546);
#1025=LINE('',#7704,#1547);
#1026=LINE('',#7706,#1548);
#1027=LINE('',#7710,#1549);
#1028=LINE('',#7712,#1550);
#1029=LINE('',#7714,#1551);
#1030=LINE('',#7718,#1552);
#1031=LINE('',#7720,#1553);
#1032=LINE('',#7722,#1554);
#1033=LINE('',#7726,#1555);
#1034=LINE('',#7728,#1556);
#1035=LINE('',#7730,#1557);
#1036=LINE('',#7734,#1558);
#1037=LINE('',#7736,#1559);
#1038=LINE('',#7738,#1560);
#1039=LINE('',#7742,#1561);
#1040=LINE('',#7744,#1562);
#1041=LINE('',#7746,#1563);
#1042=LINE('',#7750,#1564);
#1043=LINE('',#7752,#1565);
#1044=LINE('',#7754,#1566);
#1045=LINE('',#7758,#1567);
#1046=LINE('',#7760,#1568);
#1047=LINE('',#7762,#1569);
#1048=LINE('',#7766,#1570);
#1049=LINE('',#7768,#1571);
#1050=LINE('',#7770,#1572);
#1051=LINE('',#7774,#1573);
#1052=LINE('',#7776,#1574);
#1053=LINE('',#7778,#1575);
#1054=LINE('',#7782,#1576);
#1055=LINE('',#7784,#1577);
#1056=LINE('',#7786,#1578);
#1057=LINE('',#7789,#1579);
#1058=LINE('',#7814,#1580);
#1059=LINE('',#7816,#1581);
#1060=LINE('',#7818,#1582);
#1061=LINE('',#7820,#1583);
#1062=LINE('',#7821,#1584);
#1063=LINE('',#7824,#1585);
#1064=LINE('',#7826,#1586);
#1065=LINE('',#7827,#1587);
#1066=LINE('',#7829,#1588);
#1067=LINE('',#7831,#1589);
#1068=LINE('',#7833,#1590);
#1069=LINE('',#7834,#1591);
#1070=LINE('',#7837,#1592);
#1071=LINE('',#7839,#1593);
#1072=LINE('',#7841,#1594);
#1073=LINE('',#7843,#1595);
#1074=LINE('',#7844,#1596);
#1075=LINE('',#7847,#1597);
#1076=LINE('',#7849,#1598);
#1077=LINE('',#7850,#1599);
#1078=LINE('',#7852,#1600);
#1079=LINE('',#7854,#1601);
#1080=LINE('',#7856,#1602);
#1081=LINE('',#7857,#1603);
#1082=LINE('',#7860,#1604);
#1083=LINE('',#7862,#1605);
#1084=LINE('',#7864,#1606);
#1085=LINE('',#7866,#1607);
#1086=LINE('',#7867,#1608);
#1087=LINE('',#7870,#1609);
#1088=LINE('',#7872,#1610);
#1089=LINE('',#7873,#1611);
#1090=LINE('',#7875,#1612);
#1091=LINE('',#7877,#1613);
#1092=LINE('',#7879,#1614);
#1093=LINE('',#7880,#1615);
#1094=LINE('',#7883,#1616);
#1095=LINE('',#7885,#1617);
#1096=LINE('',#7887,#1618);
#1097=LINE('',#7889,#1619);
#1098=LINE('',#7890,#1620);
#1099=LINE('',#7893,#1621);
#1100=LINE('',#7895,#1622);
#1101=LINE('',#7896,#1623);
#1102=LINE('',#7898,#1624);
#1103=LINE('',#7900,#1625);
#1104=LINE('',#7902,#1626);
#1105=LINE('',#7903,#1627);
#1106=LINE('',#7906,#1628);
#1107=LINE('',#7908,#1629);
#1108=LINE('',#7910,#1630);
#1109=LINE('',#7912,#1631);
#1110=LINE('',#7913,#1632);
#1111=LINE('',#7916,#1633);
#1112=LINE('',#7918,#1634);
#1113=LINE('',#7919,#1635);
#1114=LINE('',#7921,#1636);
#1115=LINE('',#7923,#1637);
#1116=LINE('',#7925,#1638);
#1117=LINE('',#7926,#1639);
#1118=LINE('',#7929,#1640);
#1119=LINE('',#7931,#1641);
#1120=LINE('',#7933,#1642);
#1121=LINE('',#7935,#1643);
#1122=LINE('',#7936,#1644);
#1123=LINE('',#7939,#1645);
#1124=LINE('',#7941,#1646);
#1125=LINE('',#7942,#1647);
#1126=LINE('',#7944,#1648);
#1127=LINE('',#7946,#1649);
#1128=LINE('',#7948,#1650);
#1129=LINE('',#7949,#1651);
#1130=LINE('',#7952,#1652);
#1131=LINE('',#7954,#1653);
#1132=LINE('',#7956,#1654);
#1133=LINE('',#7958,#1655);
#1134=LINE('',#7959,#1656);
#1135=LINE('',#7962,#1657);
#1136=LINE('',#7964,#1658);
#1137=LINE('',#7965,#1659);
#1138=LINE('',#7967,#1660);
#1139=LINE('',#7969,#1661);
#1140=LINE('',#7971,#1662);
#1141=LINE('',#7972,#1663);
#1142=LINE('',#7975,#1664);
#1143=LINE('',#7977,#1665);
#1144=LINE('',#7979,#1666);
#1145=LINE('',#7981,#1667);
#1146=LINE('',#7982,#1668);
#1147=LINE('',#7985,#1669);
#1148=LINE('',#7987,#1670);
#1149=LINE('',#7988,#1671);
#1150=LINE('',#7990,#1672);
#1151=LINE('',#7992,#1673);
#1152=LINE('',#7994,#1674);
#1153=LINE('',#7995,#1675);
#1154=LINE('',#7998,#1676);
#1155=LINE('',#8000,#1677);
#1156=LINE('',#8002,#1678);
#1157=LINE('',#8004,#1679);
#1158=LINE('',#8005,#1680);
#1159=LINE('',#8008,#1681);
#1160=LINE('',#8010,#1682);
#1161=LINE('',#8011,#1683);
#1162=LINE('',#8013,#1684);
#1163=LINE('',#8015,#1685);
#1164=LINE('',#8017,#1686);
#1165=LINE('',#8018,#1687);
#1166=LINE('',#8021,#1688);
#1167=LINE('',#8023,#1689);
#1168=LINE('',#8025,#1690);
#1169=LINE('',#8027,#1691);
#1170=LINE('',#8028,#1692);
#1171=LINE('',#8031,#1693);
#1172=LINE('',#8033,#1694);
#1173=LINE('',#8034,#1695);
#1174=LINE('',#8036,#1696);
#1175=LINE('',#8038,#1697);
#1176=LINE('',#8040,#1698);
#1177=LINE('',#8041,#1699);
#1178=LINE('',#8044,#1700);
#1179=LINE('',#8046,#1701);
#1180=LINE('',#8048,#1702);
#1181=LINE('',#8050,#1703);
#1182=LINE('',#8051,#1704);
#1183=LINE('',#8054,#1705);
#1184=LINE('',#8056,#1706);
#1185=LINE('',#8057,#1707);
#1186=LINE('',#8059,#1708);
#1187=LINE('',#8061,#1709);
#1188=LINE('',#8063,#1710);
#1189=LINE('',#8064,#1711);
#1190=LINE('',#8067,#1712);
#1191=LINE('',#8069,#1713);
#1192=LINE('',#8071,#1714);
#1193=LINE('',#8073,#1715);
#1194=LINE('',#8074,#1716);
#1195=LINE('',#8077,#1717);
#1196=LINE('',#8079,#1718);
#1197=LINE('',#8080,#1719);
#1198=LINE('',#8082,#1720);
#1199=LINE('',#8084,#1721);
#1200=LINE('',#8086,#1722);
#1201=LINE('',#8087,#1723);
#1202=LINE('',#8090,#1724);
#1203=LINE('',#8092,#1725);
#1204=LINE('',#8094,#1726);
#1205=LINE('',#8096,#1727);
#1206=LINE('',#8097,#1728);
#1207=LINE('',#8100,#1729);
#1208=LINE('',#8102,#1730);
#1209=LINE('',#8103,#1731);
#1210=LINE('',#8105,#1732);
#1211=LINE('',#8107,#1733);
#1212=LINE('',#8109,#1734);
#1213=LINE('',#8110,#1735);
#1214=LINE('',#8113,#1736);
#1215=LINE('',#8115,#1737);
#1216=LINE('',#8117,#1738);
#1217=LINE('',#8119,#1739);
#1218=LINE('',#8120,#1740);
#1219=LINE('',#8123,#1741);
#1220=LINE('',#8125,#1742);
#1221=LINE('',#8126,#1743);
#1222=LINE('',#8128,#1744);
#1223=LINE('',#8130,#1745);
#1224=LINE('',#8132,#1746);
#1225=LINE('',#8133,#1747);
#1226=LINE('',#8136,#1748);
#1227=LINE('',#8138,#1749);
#1228=LINE('',#8140,#1750);
#1229=LINE('',#8142,#1751);
#1230=LINE('',#8143,#1752);
#1231=LINE('',#8146,#1753);
#1232=LINE('',#8148,#1754);
#1233=LINE('',#8149,#1755);
#1234=LINE('',#8151,#1756);
#1235=LINE('',#8153,#1757);
#1236=LINE('',#8155,#1758);
#1237=LINE('',#8156,#1759);
#1238=LINE('',#8159,#1760);
#1239=LINE('',#8161,#1761);
#1240=LINE('',#8163,#1762);
#1241=LINE('',#8165,#1763);
#1242=LINE('',#8166,#1764);
#1243=LINE('',#8169,#1765);
#1244=LINE('',#8171,#1766);
#1245=LINE('',#8172,#1767);
#1246=LINE('',#8174,#1768);
#1247=LINE('',#8176,#1769);
#1248=LINE('',#8178,#1770);
#1249=LINE('',#8179,#1771);
#1250=LINE('',#8182,#1772);
#1251=LINE('',#8184,#1773);
#1252=LINE('',#8186,#1774);
#1253=LINE('',#8188,#1775);
#1254=LINE('',#8189,#1776);
#1255=LINE('',#8192,#1777);
#1256=LINE('',#8194,#1778);
#1257=LINE('',#8195,#1779);
#1258=LINE('',#8197,#1780);
#1259=LINE('',#8199,#1781);
#1260=LINE('',#8201,#1782);
#1261=LINE('',#8202,#1783);
#1262=LINE('',#8205,#1784);
#1263=LINE('',#8207,#1785);
#1264=LINE('',#8209,#1786);
#1265=LINE('',#8211,#1787);
#1266=LINE('',#8212,#1788);
#1267=LINE('',#8215,#1789);
#1268=LINE('',#8217,#1790);
#1269=LINE('',#8218,#1791);
#1270=LINE('',#8220,#1792);
#1271=LINE('',#8222,#1793);
#1272=LINE('',#8224,#1794);
#1273=LINE('',#8225,#1795);
#1274=LINE('',#8228,#1796);
#1275=LINE('',#8230,#1797);
#1276=LINE('',#8232,#1798);
#1277=LINE('',#8234,#1799);
#1278=LINE('',#8235,#1800);
#1279=LINE('',#8238,#1801);
#1280=LINE('',#8240,#1802);
#1281=LINE('',#8241,#1803);
#1282=LINE('',#8243,#1804);
#1283=LINE('',#8245,#1805);
#1284=LINE('',#8247,#1806);
#1285=LINE('',#8248,#1807);
#1286=LINE('',#8251,#1808);
#1287=LINE('',#8253,#1809);
#1288=LINE('',#8255,#1810);
#1289=LINE('',#8257,#1811);
#1290=LINE('',#8258,#1812);
#1291=LINE('',#8261,#1813);
#1292=LINE('',#8263,#1814);
#1293=LINE('',#8264,#1815);
#1294=LINE('',#8266,#1816);
#1295=LINE('',#8268,#1817);
#1296=LINE('',#8270,#1818);
#1297=LINE('',#8271,#1819);
#1298=LINE('',#8313,#1820);
#1299=LINE('',#8315,#1821);
#1300=LINE('',#8316,#1822);
#1301=LINE('',#8317,#1823);
#1302=LINE('',#8318,#1824);
#1303=LINE('',#8319,#1825);
#1304=LINE('',#8320,#1826);
#1305=LINE('',#8321,#1827);
#1306=LINE('',#8322,#1828);
#1307=LINE('',#8323,#1829);
#1308=LINE('',#8324,#1830);
#1309=LINE('',#8325,#1831);
#1310=LINE('',#8326,#1832);
#1311=LINE('',#8327,#1833);
#1312=LINE('',#8328,#1834);
#1313=LINE('',#8329,#1835);
#1314=LINE('',#8330,#1836);
#1315=LINE('',#8331,#1837);
#1316=LINE('',#8332,#1838);
#1317=LINE('',#8333,#1839);
#1318=LINE('',#8334,#1840);
#1319=VECTOR('',#5503,0.750000000000011);
#1320=VECTOR('',#5514,10.);
#1321=VECTOR('',#5517,10.);
#1322=VECTOR('',#5524,10.);
#1323=VECTOR('',#5531,10.);
#1324=VECTOR('',#5536,10.);
#1325=VECTOR('',#5539,10.);
#1326=VECTOR('',#5546,10.);
#1327=VECTOR('',#5553,10.);
#1328=VECTOR('',#5558,10.);
#1329=VECTOR('',#5561,10.);
#1330=VECTOR('',#5568,10.);
#1331=VECTOR('',#5575,10.);
#1332=VECTOR('',#5580,10.);
#1333=VECTOR('',#5583,10.);
#1334=VECTOR('',#5590,10.);
#1335=VECTOR('',#5597,10.);
#1336=VECTOR('',#5602,10.);
#1337=VECTOR('',#5605,10.);
#1338=VECTOR('',#5612,10.);
#1339=VECTOR('',#5619,10.);
#1340=VECTOR('',#5624,10.);
#1341=VECTOR('',#5627,10.);
#1342=VECTOR('',#5634,10.);
#1343=VECTOR('',#5641,10.);
#1344=VECTOR('',#5646,10.);
#1345=VECTOR('',#5649,10.);
#1346=VECTOR('',#5656,10.);
#1347=VECTOR('',#5663,10.);
#1348=VECTOR('',#5668,10.);
#1349=VECTOR('',#5671,10.);
#1350=VECTOR('',#5678,10.);
#1351=VECTOR('',#5685,10.);
#1352=VECTOR('',#5690,10.);
#1353=VECTOR('',#5693,10.);
#1354=VECTOR('',#5700,10.);
#1355=VECTOR('',#5707,10.);
#1356=VECTOR('',#5712,10.);
#1357=VECTOR('',#5715,10.);
#1358=VECTOR('',#5722,10.);
#1359=VECTOR('',#5729,10.);
#1360=VECTOR('',#5734,10.);
#1361=VECTOR('',#5737,10.);
#1362=VECTOR('',#5744,10.);
#1363=VECTOR('',#5751,10.);
#1364=VECTOR('',#5756,10.);
#1365=VECTOR('',#5759,10.);
#1366=VECTOR('',#5766,10.);
#1367=VECTOR('',#5773,10.);
#1368=VECTOR('',#5778,10.);
#1369=VECTOR('',#5781,10.);
#1370=VECTOR('',#5788,10.);
#1371=VECTOR('',#5795,10.);
#1372=VECTOR('',#5800,10.);
#1373=VECTOR('',#5803,10.);
#1374=VECTOR('',#5810,10.);
#1375=VECTOR('',#5817,10.);
#1376=VECTOR('',#5822,10.);
#1377=VECTOR('',#5825,10.);
#1378=VECTOR('',#5832,10.);
#1379=VECTOR('',#5839,10.);
#1380=VECTOR('',#5844,10.);
#1381=VECTOR('',#5847,10.);
#1382=VECTOR('',#5854,10.);
#1383=VECTOR('',#5861,10.);
#1384=VECTOR('',#5866,10.);
#1385=VECTOR('',#5869,10.);
#1386=VECTOR('',#5876,10.);
#1387=VECTOR('',#5883,10.);
#1388=VECTOR('',#5888,10.);
#1389=VECTOR('',#5891,10.);
#1390=VECTOR('',#5898,10.);
#1391=VECTOR('',#5905,10.);
#1392=VECTOR('',#5910,10.);
#1393=VECTOR('',#5913,10.);
#1394=VECTOR('',#5920,10.);
#1395=VECTOR('',#5927,10.);
#1396=VECTOR('',#5932,10.);
#1397=VECTOR('',#5935,10.);
#1398=VECTOR('',#5940,1.);
#1399=VECTOR('',#5945,1.);
#1400=VECTOR('',#5950,1.);
#1401=VECTOR('',#5951,1.);
#1402=VECTOR('',#5956,1.);
#1403=VECTOR('',#5957,1.);
#1404=VECTOR('',#5962,1.);
#1405=VECTOR('',#5963,1.);
#1406=VECTOR('',#5968,1.);
#1407=VECTOR('',#5969,1.);
#1408=VECTOR('',#5974,1.);
#1409=VECTOR('',#5975,1.);
#1410=VECTOR('',#5980,1.);
#1411=VECTOR('',#5981,1.);
#1412=VECTOR('',#5986,1.);
#1413=VECTOR('',#5987,1.);
#1414=VECTOR('',#5992,1.);
#1415=VECTOR('',#5993,1.);
#1416=VECTOR('',#5998,1.);
#1417=VECTOR('',#5999,1.);
#1418=VECTOR('',#6004,1.);
#1419=VECTOR('',#6005,1.);
#1420=VECTOR('',#6010,1.);
#1421=VECTOR('',#6011,1.);
#1422=VECTOR('',#6016,1.);
#1423=VECTOR('',#6017,0.999999999999999);
#1424=VECTOR('',#6022,1.);
#1425=VECTOR('',#6023,1.);
#1426=VECTOR('',#6028,1.);
#1427=VECTOR('',#6029,1.);
#1428=VECTOR('',#6034,1.);
#1429=VECTOR('',#6035,1.);
#1430=VECTOR('',#6040,1.);
#1431=VECTOR('',#6041,1.);
#1432=VECTOR('',#6046,1.);
#1433=VECTOR('',#6047,1.);
#1434=VECTOR('',#6052,1.);
#1435=VECTOR('',#6053,1.);
#1436=VECTOR('',#6058,1.);
#1437=VECTOR('',#6059,1.);
#1438=VECTOR('',#6064,10.);
#1439=VECTOR('',#6069,10.);
#1440=VECTOR('',#6072,10.);
#1441=VECTOR('',#6073,10.);
#1442=VECTOR('',#6076,10.);
#1443=VECTOR('',#6077,10.);
#1444=VECTOR('',#6080,10.);
#1445=VECTOR('',#6081,10.);
#1446=VECTOR('',#6084,10.);
#1447=VECTOR('',#6085,10.);
#1448=VECTOR('',#6088,10.);
#1449=VECTOR('',#6089,10.);
#1450=VECTOR('',#6092,10.);
#1451=VECTOR('',#6093,10.);
#1452=VECTOR('',#6096,10.);
#1453=VECTOR('',#6097,10.);
#1454=VECTOR('',#6100,10.);
#1455=VECTOR('',#6101,10.);
#1456=VECTOR('',#6104,10.);
#1457=VECTOR('',#6105,10.);
#1458=VECTOR('',#6108,10.);
#1459=VECTOR('',#6109,10.);
#1460=VECTOR('',#6112,10.);
#1461=VECTOR('',#6113,10.);
#1462=VECTOR('',#6116,10.);
#1463=VECTOR('',#6117,10.);
#1464=VECTOR('',#6120,10.);
#1465=VECTOR('',#6121,10.);
#1466=VECTOR('',#6124,10.);
#1467=VECTOR('',#6125,10.);
#1468=VECTOR('',#6128,10.);
#1469=VECTOR('',#6129,10.);
#1470=VECTOR('',#6132,10.);
#1471=VECTOR('',#6133,10.);
#1472=VECTOR('',#6136,10.);
#1473=VECTOR('',#6137,10.);
#1474=VECTOR('',#6140,10.);
#1475=VECTOR('',#6141,10.);
#1476=VECTOR('',#6144,10.);
#1477=VECTOR('',#6145,10.);
#1478=VECTOR('',#6148,10.);
#1479=VECTOR('',#6149,10.);
#1480=VECTOR('',#6152,10.);
#1481=VECTOR('',#6153,10.);
#1482=VECTOR('',#6156,10.);
#1483=VECTOR('',#6157,10.);
#1484=VECTOR('',#6160,10.);
#1485=VECTOR('',#6161,10.);
#1486=VECTOR('',#6164,10.);
#1487=VECTOR('',#6165,10.);
#1488=VECTOR('',#6168,10.);
#1489=VECTOR('',#6169,10.);
#1490=VECTOR('',#6172,10.);
#1491=VECTOR('',#6173,10.);
#1492=VECTOR('',#6176,10.);
#1493=VECTOR('',#6177,10.);
#1494=VECTOR('',#6180,10.);
#1495=VECTOR('',#6181,10.);
#1496=VECTOR('',#6184,10.);
#1497=VECTOR('',#6185,10.);
#1498=VECTOR('',#6188,10.);
#1499=VECTOR('',#6189,10.);
#1500=VECTOR('',#6192,10.);
#1501=VECTOR('',#6193,10.);
#1502=VECTOR('',#6196,10.);
#1503=VECTOR('',#6197,10.);
#1504=VECTOR('',#6200,10.);
#1505=VECTOR('',#6201,10.);
#1506=VECTOR('',#6204,10.);
#1507=VECTOR('',#6205,10.);
#1508=VECTOR('',#6208,10.);
#1509=VECTOR('',#6209,10.);
#1510=VECTOR('',#6212,10.);
#1511=VECTOR('',#6213,10.);
#1512=VECTOR('',#6216,10.);
#1513=VECTOR('',#6217,10.);
#1514=VECTOR('',#6220,10.);
#1515=VECTOR('',#6221,10.);
#1516=VECTOR('',#6224,10.);
#1517=VECTOR('',#6225,10.);
#1518=VECTOR('',#6228,10.);
#1519=VECTOR('',#6229,10.);
#1520=VECTOR('',#6232,1.05);
#1521=VECTOR('',#6233,0.927698765763976);
#1522=VECTOR('',#6236,0.927698765763969);
#1523=VECTOR('',#6237,1.05);
#1524=VECTOR('',#6238,0.927698765763974);
#1525=VECTOR('',#6241,0.927698765763977);
#1526=VECTOR('',#6242,1.05);
#1527=VECTOR('',#6243,0.927698765763969);
#1528=VECTOR('',#6246,0.92769876576397);
#1529=VECTOR('',#6247,1.05);
#1530=VECTOR('',#6248,0.927698765763968);
#1531=VECTOR('',#6251,0.927698765763973);
#1532=VECTOR('',#6252,1.05);
#1533=VECTOR('',#6253,0.927698765763976);
#1534=VECTOR('',#6256,0.927698765763973);
#1535=VECTOR('',#6257,1.05);
#1536=VECTOR('',#6258,0.927698765763972);
#1537=VECTOR('',#6261,0.927698765763973);
#1538=VECTOR('',#6262,1.05);
#1539=VECTOR('',#6263,0.927698765763975);
#1540=VECTOR('',#6266,0.927698765763974);
#1541=VECTOR('',#6267,1.05);
#1542=VECTOR('',#6268,0.927698765763972);
#1543=VECTOR('',#6271,0.927698765763974);
#1544=VECTOR('',#6272,1.05);
#1545=VECTOR('',#6273,0.927698765763968);
#1546=VECTOR('',#6276,0.927698765763972);
#1547=VECTOR('',#6277,1.05);
#1548=VECTOR('',#6278,0.927698765763972);
#1549=VECTOR('',#6281,0.927698765763972);
#1550=VECTOR('',#6282,1.05);
#1551=VECTOR('',#6283,0.927698765763972);
#1552=VECTOR('',#6286,0.927698765763973);
#1553=VECTOR('',#6287,1.05);
#1554=VECTOR('',#6288,0.927698765763975);
#1555=VECTOR('',#6291,0.927698765763974);
#1556=VECTOR('',#6292,1.05);
#1557=VECTOR('',#6293,0.927698765763972);
#1558=VECTOR('',#6296,0.927698765763974);
#1559=VECTOR('',#6297,1.05);
#1560=VECTOR('',#6298,0.927698765763971);
#1561=VECTOR('',#6301,0.927698765763974);
#1562=VECTOR('',#6302,1.05);
#1563=VECTOR('',#6303,0.927698765763972);
#1564=VECTOR('',#6306,0.927698765763974);
#1565=VECTOR('',#6307,1.05);
#1566=VECTOR('',#6308,0.927698765763972);
#1567=VECTOR('',#6311,0.927698765763968);
#1568=VECTOR('',#6312,1.05);
#1569=VECTOR('',#6313,0.927698765763973);
#1570=VECTOR('',#6316,0.927698765763974);
#1571=VECTOR('',#6317,1.05);
#1572=VECTOR('',#6318,0.927698765763976);
#1573=VECTOR('',#6321,0.927698765763974);
#1574=VECTOR('',#6322,1.05000000000007);
#1575=VECTOR('',#6323,0.927698765763797);
#1576=VECTOR('',#6326,0.927698765763972);
#1577=VECTOR('',#6327,1.05);
#1578=VECTOR('',#6328,0.92769876576397);
#1579=VECTOR('',#6331,0.927698765763971);
#1580=VECTOR('',#6376,0.861684396980705);
#1581=VECTOR('',#6377,4.8);
#1582=VECTOR('',#6378,0.861684396980706);
#1583=VECTOR('',#6379,0.927698765763976);
#1584=VECTOR('',#6380,6.);
#1585=VECTOR('',#6383,0.75);
#1586=VECTOR('',#6384,4.8);
#1587=VECTOR('',#6385,0.75);
#1588=VECTOR('',#6388,0.861684396980706);
#1589=VECTOR('',#6389,6.);
#1590=VECTOR('',#6390,0.927698765763971);
#1591=VECTOR('',#6391,0.861684396980706);
#1592=VECTOR('',#6394,0.861684396980718);
#1593=VECTOR('',#6395,4.8);
#1594=VECTOR('',#6396,0.861684396980718);
#1595=VECTOR('',#6397,0.927698765763797);
#1596=VECTOR('',#6398,6.);
#1597=VECTOR('',#6401,0.749999999999999);
#1598=VECTOR('',#6402,4.8);
#1599=VECTOR('',#6403,0.749999999999999);
#1600=VECTOR('',#6406,0.861684396980705);
#1601=VECTOR('',#6407,6.);
#1602=VECTOR('',#6408,0.927698765763974);
#1603=VECTOR('',#6409,0.861684396980706);
#1604=VECTOR('',#6412,0.861684396980704);
#1605=VECTOR('',#6413,4.8);
#1606=VECTOR('',#6414,0.861684396980704);
#1607=VECTOR('',#6415,0.927698765763974);
#1608=VECTOR('',#6416,6.);
#1609=VECTOR('',#6419,0.749999999999998);
#1610=VECTOR('',#6420,4.8);
#1611=VECTOR('',#6421,0.749999999999998);
#1612=VECTOR('',#6424,0.861684396980705);
#1613=VECTOR('',#6425,6.);
#1614=VECTOR('',#6426,0.927698765763969);
#1615=VECTOR('',#6427,0.861684396980705);
#1616=VECTOR('',#6430,0.861684396980704);
#1617=VECTOR('',#6431,4.8);
#1618=VECTOR('',#6432,0.861684396980705);
#1619=VECTOR('',#6433,0.927698765763969);
#1620=VECTOR('',#6434,6.);
#1621=VECTOR('',#6437,0.75);
#1622=VECTOR('',#6438,4.8);
#1623=VECTOR('',#6439,0.75);
#1624=VECTOR('',#6442,0.861684396980701);
#1625=VECTOR('',#6443,6.);
#1626=VECTOR('',#6444,0.927698765763972);
#1627=VECTOR('',#6445,0.861684396980705);
#1628=VECTOR('',#6448,0.861684396980708);
#1629=VECTOR('',#6449,4.8);
#1630=VECTOR('',#6450,0.861684396980708);
#1631=VECTOR('',#6451,0.927698765763968);
#1632=VECTOR('',#6452,6.);
#1633=VECTOR('',#6455,0.75);
#1634=VECTOR('',#6456,4.8);
#1635=VECTOR('',#6457,0.75);
#1636=VECTOR('',#6460,0.861684396980707);
#1637=VECTOR('',#6461,6.);
#1638=VECTOR('',#6462,0.92769876576397);
#1639=VECTOR('',#6463,0.861684396980708);
#1640=VECTOR('',#6466,0.861684396980706);
#1641=VECTOR('',#6467,4.8);
#1642=VECTOR('',#6468,0.861684396980706);
#1643=VECTOR('',#6469,0.927698765763976);
#1644=VECTOR('',#6470,6.);
#1645=VECTOR('',#6473,0.75);
#1646=VECTOR('',#6474,4.8);
#1647=VECTOR('',#6475,0.75);
#1648=VECTOR('',#6478,0.861684396980708);
#1649=VECTOR('',#6479,6.);
#1650=VECTOR('',#6480,0.927698765763972);
#1651=VECTOR('',#6481,0.861684396980709);
#1652=VECTOR('',#6484,0.861684396980707);
#1653=VECTOR('',#6485,4.8);
#1654=VECTOR('',#6486,0.861684396980707);
#1655=VECTOR('',#6487,0.927698765763972);
#1656=VECTOR('',#6488,6.);
#1657=VECTOR('',#6491,0.750000000000001);
#1658=VECTOR('',#6492,4.8);
#1659=VECTOR('',#6493,0.750000000000001);
#1660=VECTOR('',#6496,0.861684396980706);
#1661=VECTOR('',#6497,6.);
#1662=VECTOR('',#6498,0.92769876576397);
#1663=VECTOR('',#6499,0.861684396980708);
#1664=VECTOR('',#6502,0.861684396980704);
#1665=VECTOR('',#6503,4.8);
#1666=VECTOR('',#6504,0.861684396980704);
#1667=VECTOR('',#6505,0.927698765763975);
#1668=VECTOR('',#6506,6.);
#1669=VECTOR('',#6509,0.749999999999998);
#1670=VECTOR('',#6510,4.8);
#1671=VECTOR('',#6511,0.749999999999998);
#1672=VECTOR('',#6514,0.861684396980702);
#1673=VECTOR('',#6515,6.);
#1674=VECTOR('',#6516,0.92769876576397);
#1675=VECTOR('',#6517,0.861684396980707);
#1676=VECTOR('',#6520,0.861684396980705);
#1677=VECTOR('',#6521,4.8);
#1678=VECTOR('',#6522,0.861684396980705);
#1679=VECTOR('',#6523,0.927698765763972);
#1680=VECTOR('',#6524,6.);
#1681=VECTOR('',#6527,0.749999999999999);
#1682=VECTOR('',#6528,4.8);
#1683=VECTOR('',#6529,0.749999999999999);
#1684=VECTOR('',#6532,0.861684396980704);
#1685=VECTOR('',#6533,6.);
#1686=VECTOR('',#6534,0.927698765763975);
#1687=VECTOR('',#6535,0.861684396980704);
#1688=VECTOR('',#6538,0.861684396980708);
#1689=VECTOR('',#6539,4.8);
#1690=VECTOR('',#6540,0.861684396980708);
#1691=VECTOR('',#6541,0.927698765763968);
#1692=VECTOR('',#6542,6.);
#1693=VECTOR('',#6545,0.750000000000001);
#1694=VECTOR('',#6546,4.8);
#1695=VECTOR('',#6547,0.750000000000001);
#1696=VECTOR('',#6550,0.861684396980705);
#1697=VECTOR('',#6551,6.);
#1698=VECTOR('',#6552,0.92769876576397);
#1699=VECTOR('',#6553,0.861684396980709);
#1700=VECTOR('',#6556,0.861684396980708);
#1701=VECTOR('',#6557,4.8);
#1702=VECTOR('',#6558,0.861684396980707);
#1703=VECTOR('',#6559,0.927698765763972);
#1704=VECTOR('',#6560,6.);
#1705=VECTOR('',#6563,0.749999999999999);
#1706=VECTOR('',#6564,4.8);
#1707=VECTOR('',#6565,0.749999999999999);
#1708=VECTOR('',#6568,0.861684396980708);
#1709=VECTOR('',#6569,6.);
#1710=VECTOR('',#6570,0.927698765763972);
#1711=VECTOR('',#6571,0.861684396980708);
#1712=VECTOR('',#6574,0.861684396980709);
#1713=VECTOR('',#6575,4.8);
#1714=VECTOR('',#6576,0.861684396980709);
#1715=VECTOR('',#6577,0.927698765763972);
#1716=VECTOR('',#6578,6.);
#1717=VECTOR('',#6581,0.75);
#1718=VECTOR('',#6582,4.8);
#1719=VECTOR('',#6583,0.75);
#1720=VECTOR('',#6586,0.861684396980708);
#1721=VECTOR('',#6587,6.);
#1722=VECTOR('',#6588,0.927698765763972);
#1723=VECTOR('',#6589,0.861684396980707);
#1724=VECTOR('',#6592,0.861684396980704);
#1725=VECTOR('',#6593,4.8);
#1726=VECTOR('',#6594,0.861684396980703);
#1727=VECTOR('',#6595,0.927698765763975);
#1728=VECTOR('',#6596,6.);
#1729=VECTOR('',#6599,0.749999999999998);
#1730=VECTOR('',#6600,4.8);
#1731=VECTOR('',#6601,0.749999999999998);
#1732=VECTOR('',#6604,0.861684396980703);
#1733=VECTOR('',#6605,6.);
#1734=VECTOR('',#6606,0.92769876576397);
#1735=VECTOR('',#6607,0.861684396980708);
#1736=VECTOR('',#6610,0.861684396980705);
#1737=VECTOR('',#6611,4.8);
#1738=VECTOR('',#6612,0.861684396980705);
#1739=VECTOR('',#6613,0.927698765763972);
#1740=VECTOR('',#6614,6.);
#1741=VECTOR('',#6617,0.749999999999999);
#1742=VECTOR('',#6618,4.8);
#1743=VECTOR('',#6619,0.749999999999999);
#1744=VECTOR('',#6622,0.861684396980704);
#1745=VECTOR('',#6623,6.);
#1746=VECTOR('',#6624,0.927698765763975);
#1747=VECTOR('',#6625,0.861684396980704);
#1748=VECTOR('',#6628,0.861684396980708);
#1749=VECTOR('',#6629,4.8);
#1750=VECTOR('',#6630,0.861684396980708);
#1751=VECTOR('',#6631,0.927698765763971);
#1752=VECTOR('',#6632,6.);
#1753=VECTOR('',#6635,0.75);
#1754=VECTOR('',#6636,4.8);
#1755=VECTOR('',#6637,0.75);
#1756=VECTOR('',#6640,0.861684396980705);
#1757=VECTOR('',#6641,6.);
#1758=VECTOR('',#6642,0.927698765763972);
#1759=VECTOR('',#6643,0.861684396980707);
#1760=VECTOR('',#6646,0.861684396980708);
#1761=VECTOR('',#6647,4.8);
#1762=VECTOR('',#6648,0.861684396980707);
#1763=VECTOR('',#6649,0.927698765763972);
#1764=VECTOR('',#6650,6.);
#1765=VECTOR('',#6653,0.75);
#1766=VECTOR('',#6654,4.8);
#1767=VECTOR('',#6655,0.75);
#1768=VECTOR('',#6658,0.861684396980706);
#1769=VECTOR('',#6659,6.);
#1770=VECTOR('',#6660,0.927698765763972);
#1771=VECTOR('',#6661,0.861684396980707);
#1772=VECTOR('',#6664,0.861684396980708);
#1773=VECTOR('',#6665,4.8);
#1774=VECTOR('',#6666,0.861684396980709);
#1775=VECTOR('',#6667,0.927698765763972);
#1776=VECTOR('',#6668,6.);
#1777=VECTOR('',#6671,0.75);
#1778=VECTOR('',#6672,4.8);
#1779=VECTOR('',#6673,0.75);
#1780=VECTOR('',#6676,0.861684396980706);
#1781=VECTOR('',#6677,6.);
#1782=VECTOR('',#6678,0.927698765763972);
#1783=VECTOR('',#6679,0.861684396980707);
#1784=VECTOR('',#6682,0.861684396980704);
#1785=VECTOR('',#6683,4.8);
#1786=VECTOR('',#6684,0.861684396980704);
#1787=VECTOR('',#6685,0.927698765763973);
#1788=VECTOR('',#6686,6.);
#1789=VECTOR('',#6689,0.749999999999999);
#1790=VECTOR('',#6690,4.8);
#1791=VECTOR('',#6691,0.749999999999999);
#1792=VECTOR('',#6694,0.861684396980709);
#1793=VECTOR('',#6695,6.);
#1794=VECTOR('',#6696,0.927698765763969);
#1795=VECTOR('',#6697,0.861684396980707);
#1796=VECTOR('',#6700,0.8616843969807);
#1797=VECTOR('',#6701,4.80000000000001);
#1798=VECTOR('',#6702,0.861684396980699);
#1799=VECTOR('',#6703,0.927698765763976);
#1800=VECTOR('',#6704,6.);
#1801=VECTOR('',#6707,0.750000000000003);
#1802=VECTOR('',#6708,4.80000000000001);
#1803=VECTOR('',#6709,0.750000000000003);
#1804=VECTOR('',#6712,0.861684396980704);
#1805=VECTOR('',#6713,6.);
#1806=VECTOR('',#6714,0.927698765763979);
#1807=VECTOR('',#6715,0.861684396980699);
#1808=VECTOR('',#6718,0.861684396980708);
#1809=VECTOR('',#6719,4.8);
#1810=VECTOR('',#6720,0.861684396980708);
#1811=VECTOR('',#6721,0.927698765763972);
#1812=VECTOR('',#6722,6.);
#1813=VECTOR('',#6725,0.75);
#1814=VECTOR('',#6726,4.8);
#1815=VECTOR('',#6727,0.75);
#1816=VECTOR('',#6730,0.861684396980709);
#1817=VECTOR('',#6731,6.);
#1818=VECTOR('',#6732,0.927698765763972);
#1819=VECTOR('',#6733,0.861684396980709);
#1820=VECTOR('',#6816,2.25);
#1821=VECTOR('',#6819,1.05);
#1822=VECTOR('',#6820,1.05);
#1823=VECTOR('',#6821,1.05);
#1824=VECTOR('',#6822,1.05);
#1825=VECTOR('',#6823,1.05);
#1826=VECTOR('',#6824,1.05);
#1827=VECTOR('',#6825,1.05);
#1828=VECTOR('',#6826,1.05);
#1829=VECTOR('',#6827,1.05);
#1830=VECTOR('',#6828,1.05);
#1831=VECTOR('',#6829,1.05);
#1832=VECTOR('',#6830,1.05);
#1833=VECTOR('',#6831,1.05);
#1834=VECTOR('',#6832,1.05);
#1835=VECTOR('',#6833,1.05);
#1836=VECTOR('',#6834,1.05);
#1837=VECTOR('',#6835,1.05);
#1838=VECTOR('',#6836,1.05);
#1839=VECTOR('',#6837,1.05);
#1840=VECTOR('',#6838,1.05000000000007);
#1841=CIRCLE('',#5049,0.750000000000011);
#1842=CIRCLE('',#5050,0.750000000000011);
#1843=CIRCLE('',#5052,2.25);
#1844=CIRCLE('',#5054,0.05);
#1845=CIRCLE('',#5055,0.05);
#1846=CIRCLE('',#5057,2.5);
#1847=CIRCLE('',#5058,2.5);
#1848=CIRCLE('',#5060,0.05);
#1849=CIRCLE('',#5061,0.05);
#1850=CIRCLE('',#5063,0.05);
#1851=CIRCLE('',#5064,0.05);
#1852=CIRCLE('',#5066,2.5);
#1853=CIRCLE('',#5067,2.5);
#1854=CIRCLE('',#5069,0.05);
#1855=CIRCLE('',#5070,0.05);
#1856=CIRCLE('',#5072,0.05);
#1857=CIRCLE('',#5073,0.05);
#1858=CIRCLE('',#5075,2.5);
#1859=CIRCLE('',#5076,2.5);
#1860=CIRCLE('',#5078,0.05);
#1861=CIRCLE('',#5079,0.05);
#1862=CIRCLE('',#5081,0.05);
#1863=CIRCLE('',#5082,0.05);
#1864=CIRCLE('',#5084,2.5);
#1865=CIRCLE('',#5085,2.5);
#1866=CIRCLE('',#5087,0.05);
#1867=CIRCLE('',#5088,0.05);
#1868=CIRCLE('',#5090,0.05);
#1869=CIRCLE('',#5091,0.05);
#1870=CIRCLE('',#5093,2.5);
#1871=CIRCLE('',#5094,2.5);
#1872=CIRCLE('',#5096,0.05);
#1873=CIRCLE('',#5097,0.05);
#1874=CIRCLE('',#5099,0.05);
#1875=CIRCLE('',#5100,0.05);
#1876=CIRCLE('',#5102,2.5);
#1877=CIRCLE('',#5103,2.5);
#1878=CIRCLE('',#5105,0.05);
#1879=CIRCLE('',#5106,0.05);
#1880=CIRCLE('',#5108,0.05);
#1881=CIRCLE('',#5109,0.05);
#1882=CIRCLE('',#5111,2.5);
#1883=CIRCLE('',#5112,2.5);
#1884=CIRCLE('',#5114,0.05);
#1885=CIRCLE('',#5115,0.05);
#1886=CIRCLE('',#5117,0.05);
#1887=CIRCLE('',#5118,0.05);
#1888=CIRCLE('',#5120,2.5);
#1889=CIRCLE('',#5121,2.5);
#1890=CIRCLE('',#5123,0.05);
#1891=CIRCLE('',#5124,0.05);
#1892=CIRCLE('',#5126,0.05);
#1893=CIRCLE('',#5127,0.05);
#1894=CIRCLE('',#5129,2.5);
#1895=CIRCLE('',#5130,2.5);
#1896=CIRCLE('',#5132,0.05);
#1897=CIRCLE('',#5133,0.05);
#1898=CIRCLE('',#5135,0.05);
#1899=CIRCLE('',#5136,0.05);
#1900=CIRCLE('',#5138,2.5);
#1901=CIRCLE('',#5139,2.5);
#1902=CIRCLE('',#5141,0.05);
#1903=CIRCLE('',#5142,0.05);
#1904=CIRCLE('',#5144,0.05);
#1905=CIRCLE('',#5145,0.05);
#1906=CIRCLE('',#5147,2.5);
#1907=CIRCLE('',#5148,2.5);
#1908=CIRCLE('',#5150,0.05);
#1909=CIRCLE('',#5151,0.05);
#1910=CIRCLE('',#5153,0.05);
#1911=CIRCLE('',#5154,0.05);
#1912=CIRCLE('',#5156,2.5);
#1913=CIRCLE('',#5157,2.5);
#1914=CIRCLE('',#5159,0.05);
#1915=CIRCLE('',#5160,0.05);
#1916=CIRCLE('',#5162,0.05);
#1917=CIRCLE('',#5163,0.05);
#1918=CIRCLE('',#5165,2.5);
#1919=CIRCLE('',#5166,2.5);
#1920=CIRCLE('',#5168,0.05);
#1921=CIRCLE('',#5169,0.05);
#1922=CIRCLE('',#5171,0.05);
#1923=CIRCLE('',#5172,0.05);
#1924=CIRCLE('',#5174,2.5);
#1925=CIRCLE('',#5175,2.5);
#1926=CIRCLE('',#5177,0.05);
#1927=CIRCLE('',#5178,0.05);
#1928=CIRCLE('',#5180,0.05);
#1929=CIRCLE('',#5181,0.05);
#1930=CIRCLE('',#5183,2.5);
#1931=CIRCLE('',#5184,2.5);
#1932=CIRCLE('',#5186,0.05);
#1933=CIRCLE('',#5187,0.05);
#1934=CIRCLE('',#5189,0.05);
#1935=CIRCLE('',#5190,0.05);
#1936=CIRCLE('',#5192,2.5);
#1937=CIRCLE('',#5193,2.5);
#1938=CIRCLE('',#5195,0.05);
#1939=CIRCLE('',#5196,0.05);
#1940=CIRCLE('',#5198,0.05);
#1941=CIRCLE('',#5199,0.05);
#1942=CIRCLE('',#5201,2.5);
#1943=CIRCLE('',#5202,2.5);
#1944=CIRCLE('',#5204,0.05);
#1945=CIRCLE('',#5205,0.05);
#1946=CIRCLE('',#5207,0.05);
#1947=CIRCLE('',#5208,0.05);
#1948=CIRCLE('',#5210,2.5);
#1949=CIRCLE('',#5211,2.5);
#1950=CIRCLE('',#5213,0.05);
#1951=CIRCLE('',#5214,0.05);
#1952=CIRCLE('',#5216,0.05);
#1953=CIRCLE('',#5217,0.05);
#1954=CIRCLE('',#5219,2.5);
#1955=CIRCLE('',#5220,2.5);
#1956=CIRCLE('',#5222,0.05);
#1957=CIRCLE('',#5223,0.05);
#1958=CIRCLE('',#5225,0.05);
#1959=CIRCLE('',#5226,0.05);
#1960=CIRCLE('',#5228,2.25);
#1961=CIRCLE('',#5229,0.05);
#1962=CIRCLE('',#5230,2.5);
#1963=CIRCLE('',#5232,2.25);
#1964=CIRCLE('',#5234,2.25);
#1965=CIRCLE('',#5236,2.25);
#1966=CIRCLE('',#5238,2.25);
#1967=CIRCLE('',#5240,2.25);
#1968=CIRCLE('',#5242,2.25);
#1969=CIRCLE('',#5244,2.25);
#1970=CIRCLE('',#5246,2.25);
#1971=CIRCLE('',#5248,2.25);
#1972=CIRCLE('',#5250,2.25);
#1973=CIRCLE('',#5252,2.25);
#1974=CIRCLE('',#5254,2.25);
#1975=CIRCLE('',#5256,2.25);
#1976=CIRCLE('',#5258,2.25);
#1977=CIRCLE('',#5260,2.25);
#1978=CIRCLE('',#5262,2.25);
#1979=CIRCLE('',#5264,2.25);
#1980=CIRCLE('',#5266,2.25);
#1981=CIRCLE('',#5268,2.25);
#1982=CIRCLE('',#5270,2.5);
#1983=CIRCLE('',#5272,0.05);
#1984=CIRCLE('',#5314,7.5);
#1985=CIRCLE('',#5315,7.5);
#1986=CIRCLE('',#5316,7.5);
#1987=CIRCLE('',#5317,7.5);
#1988=CIRCLE('',#5318,7.5);
#1989=CIRCLE('',#5319,7.5);
#1990=CIRCLE('',#5320,7.5);
#1991=CIRCLE('',#5321,7.5);
#1992=CIRCLE('',#5322,7.5);
#1993=CIRCLE('',#5323,7.5);
#1994=CIRCLE('',#5324,7.5);
#1995=CIRCLE('',#5325,7.5);
#1996=CIRCLE('',#5326,7.5);
#1997=CIRCLE('',#5327,7.5);
#1998=CIRCLE('',#5328,7.5);
#1999=CIRCLE('',#5329,7.5);
#2000=CIRCLE('',#5330,7.5);
#2001=CIRCLE('',#5331,7.4999999999999);
#2002=CIRCLE('',#5332,7.5);
#2003=CIRCLE('',#5333,7.5);
#2004=CIRCLE('',#5334,2.25);
#2005=CIRCLE('',#5335,2.25);
#2006=CIRCLE('',#5336,2.25);
#2007=CIRCLE('',#5337,2.25);
#2008=CIRCLE('',#5338,2.25);
#2009=CIRCLE('',#5339,2.25);
#2010=CIRCLE('',#5340,2.25);
#2011=CIRCLE('',#5341,2.25);
#2012=CIRCLE('',#5342,2.25);
#2013=CIRCLE('',#5343,2.25);
#2014=CIRCLE('',#5344,2.25);
#2015=CIRCLE('',#5345,2.25);
#2016=CIRCLE('',#5346,2.25);
#2017=CIRCLE('',#5347,2.25);
#2018=CIRCLE('',#5348,2.25);
#2019=CIRCLE('',#5349,2.25);
#2020=CIRCLE('',#5350,2.25);
#2021=CIRCLE('',#5351,2.25);
#2022=CIRCLE('',#5352,2.25);
#2023=CIRCLE('',#5353,2.25);
#2024=CIRCLE('',#5354,2.25);
#2025=CIRCLE('',#5416,7.5);
#2026=CIRCLE('',#5418,7.4999999999999);
#2027=CIRCLE('',#5420,7.5);
#2028=CIRCLE('',#5422,7.5);
#2029=CIRCLE('',#5424,7.5);
#2030=CIRCLE('',#5426,7.5);
#2031=CIRCLE('',#5428,7.5);
#2032=CIRCLE('',#5430,7.5);
#2033=CIRCLE('',#5432,7.5);
#2034=CIRCLE('',#5434,7.5);
#2035=CIRCLE('',#5436,7.5);
#2036=CIRCLE('',#5438,7.5);
#2037=CIRCLE('',#5440,7.5);
#2038=CIRCLE('',#5442,7.5);
#2039=CIRCLE('',#5444,7.5);
#2040=CIRCLE('',#5446,7.5);
#2041=CIRCLE('',#5448,7.5);
#2042=CIRCLE('',#5450,7.5);
#2043=CIRCLE('',#5452,7.5);
#2044=CIRCLE('',#5454,7.5);
#2045=VERTEX_POINT('',#6921);
#2046=VERTEX_POINT('',#6923);
#2047=VERTEX_POINT('',#6927);
#2048=VERTEX_POINT('',#6930);
#2049=VERTEX_POINT('',#6931);
#2050=VERTEX_POINT('',#6933);
#2051=VERTEX_POINT('',#6935);
#2052=VERTEX_POINT('',#6939);
#2053=VERTEX_POINT('',#6941);
#2054=VERTEX_POINT('',#6945);
#2055=VERTEX_POINT('',#6947);
#2056=VERTEX_POINT('',#6951);
#2057=VERTEX_POINT('',#6952);
#2058=VERTEX_POINT('',#6954);
#2059=VERTEX_POINT('',#6956);
#2060=VERTEX_POINT('',#6960);
#2061=VERTEX_POINT('',#6962);
#2062=VERTEX_POINT('',#6966);
#2063=VERTEX_POINT('',#6968);
#2064=VERTEX_POINT('',#6972);
#2065=VERTEX_POINT('',#6973);
#2066=VERTEX_POINT('',#6975);
#2067=VERTEX_POINT('',#6977);
#2068=VERTEX_POINT('',#6981);
#2069=VERTEX_POINT('',#6983);
#2070=VERTEX_POINT('',#6987);
#2071=VERTEX_POINT('',#6989);
#2072=VERTEX_POINT('',#6993);
#2073=VERTEX_POINT('',#6994);
#2074=VERTEX_POINT('',#6996);
#2075=VERTEX_POINT('',#6998);
#2076=VERTEX_POINT('',#7002);
#2077=VERTEX_POINT('',#7004);
#2078=VERTEX_POINT('',#7008);
#2079=VERTEX_POINT('',#7010);
#2080=VERTEX_POINT('',#7014);
#2081=VERTEX_POINT('',#7015);
#2082=VERTEX_POINT('',#7017);
#2083=VERTEX_POINT('',#7019);
#2084=VERTEX_POINT('',#7023);
#2085=VERTEX_POINT('',#7025);
#2086=VERTEX_POINT('',#7029);
#2087=VERTEX_POINT('',#7031);
#2088=VERTEX_POINT('',#7035);
#2089=VERTEX_POINT('',#7036);
#2090=VERTEX_POINT('',#7038);
#2091=VERTEX_POINT('',#7040);
#2092=VERTEX_POINT('',#7044);
#2093=VERTEX_POINT('',#7046);
#2094=VERTEX_POINT('',#7050);
#2095=VERTEX_POINT('',#7052);
#2096=VERTEX_POINT('',#7056);
#2097=VERTEX_POINT('',#7057);
#2098=VERTEX_POINT('',#7059);
#2099=VERTEX_POINT('',#7061);
#2100=VERTEX_POINT('',#7065);
#2101=VERTEX_POINT('',#7067);
#2102=VERTEX_POINT('',#7071);
#2103=VERTEX_POINT('',#7073);
#2104=VERTEX_POINT('',#7077);
#2105=VERTEX_POINT('',#7078);
#2106=VERTEX_POINT('',#7080);
#2107=VERTEX_POINT('',#7082);
#2108=VERTEX_POINT('',#7086);
#2109=VERTEX_POINT('',#7088);
#2110=VERTEX_POINT('',#7092);
#2111=VERTEX_POINT('',#7094);
#2112=VERTEX_POINT('',#7098);
#2113=VERTEX_POINT('',#7099);
#2114=VERTEX_POINT('',#7101);
#2115=VERTEX_POINT('',#7103);
#2116=VERTEX_POINT('',#7107);
#2117=VERTEX_POINT('',#7109);
#2118=VERTEX_POINT('',#7113);
#2119=VERTEX_POINT('',#7115);
#2120=VERTEX_POINT('',#7119);
#2121=VERTEX_POINT('',#7120);
#2122=VERTEX_POINT('',#7122);
#2123=VERTEX_POINT('',#7124);
#2124=VERTEX_POINT('',#7128);
#2125=VERTEX_POINT('',#7130);
#2126=VERTEX_POINT('',#7134);
#2127=VERTEX_POINT('',#7136);
#2128=VERTEX_POINT('',#7140);
#2129=VERTEX_POINT('',#7141);
#2130=VERTEX_POINT('',#7143);
#2131=VERTEX_POINT('',#7145);
#2132=VERTEX_POINT('',#7149);
#2133=VERTEX_POINT('',#7151);
#2134=VERTEX_POINT('',#7155);
#2135=VERTEX_POINT('',#7157);
#2136=VERTEX_POINT('',#7161);
#2137=VERTEX_POINT('',#7162);
#2138=VERTEX_POINT('',#7164);
#2139=VERTEX_POINT('',#7166);
#2140=VERTEX_POINT('',#7170);
#2141=VERTEX_POINT('',#7172);
#2142=VERTEX_POINT('',#7176);
#2143=VERTEX_POINT('',#7178);
#2144=VERTEX_POINT('',#7182);
#2145=VERTEX_POINT('',#7183);
#2146=VERTEX_POINT('',#7185);
#2147=VERTEX_POINT('',#7187);
#2148=VERTEX_POINT('',#7191);
#2149=VERTEX_POINT('',#7193);
#2150=VERTEX_POINT('',#7197);
#2151=VERTEX_POINT('',#7199);
#2152=VERTEX_POINT('',#7203);
#2153=VERTEX_POINT('',#7204);
#2154=VERTEX_POINT('',#7206);
#2155=VERTEX_POINT('',#7208);
#2156=VERTEX_POINT('',#7212);
#2157=VERTEX_POINT('',#7214);
#2158=VERTEX_POINT('',#7218);
#2159=VERTEX_POINT('',#7220);
#2160=VERTEX_POINT('',#7224);
#2161=VERTEX_POINT('',#7225);
#2162=VERTEX_POINT('',#7227);
#2163=VERTEX_POINT('',#7229);
#2164=VERTEX_POINT('',#7233);
#2165=VERTEX_POINT('',#7235);
#2166=VERTEX_POINT('',#7239);
#2167=VERTEX_POINT('',#7241);
#2168=VERTEX_POINT('',#7245);
#2169=VERTEX_POINT('',#7246);
#2170=VERTEX_POINT('',#7248);
#2171=VERTEX_POINT('',#7250);
#2172=VERTEX_POINT('',#7254);
#2173=VERTEX_POINT('',#7256);
#2174=VERTEX_POINT('',#7260);
#2175=VERTEX_POINT('',#7262);
#2176=VERTEX_POINT('',#7266);
#2177=VERTEX_POINT('',#7267);
#2178=VERTEX_POINT('',#7269);
#2179=VERTEX_POINT('',#7271);
#2180=VERTEX_POINT('',#7275);
#2181=VERTEX_POINT('',#7277);
#2182=VERTEX_POINT('',#7281);
#2183=VERTEX_POINT('',#7283);
#2184=VERTEX_POINT('',#7287);
#2185=VERTEX_POINT('',#7288);
#2186=VERTEX_POINT('',#7290);
#2187=VERTEX_POINT('',#7292);
#2188=VERTEX_POINT('',#7296);
#2189=VERTEX_POINT('',#7298);
#2190=VERTEX_POINT('',#7302);
#2191=VERTEX_POINT('',#7304);
#2192=VERTEX_POINT('',#7308);
#2193=VERTEX_POINT('',#7309);
#2194=VERTEX_POINT('',#7311);
#2195=VERTEX_POINT('',#7313);
#2196=VERTEX_POINT('',#7317);
#2197=VERTEX_POINT('',#7319);
#2198=VERTEX_POINT('',#7323);
#2199=VERTEX_POINT('',#7325);
#2200=VERTEX_POINT('',#7329);
#2201=VERTEX_POINT('',#7330);
#2202=VERTEX_POINT('',#7332);
#2203=VERTEX_POINT('',#7334);
#2204=VERTEX_POINT('',#7338);
#2205=VERTEX_POINT('',#7339);
#2206=VERTEX_POINT('',#7341);
#2207=VERTEX_POINT('',#7343);
#2208=VERTEX_POINT('',#7348);
#2209=VERTEX_POINT('',#7349);
#2210=VERTEX_POINT('',#7354);
#2211=VERTEX_POINT('',#7355);
#2212=VERTEX_POINT('',#7360);
#2213=VERTEX_POINT('',#7361);
#2214=VERTEX_POINT('',#7366);
#2215=VERTEX_POINT('',#7367);
#2216=VERTEX_POINT('',#7372);
#2217=VERTEX_POINT('',#7373);
#2218=VERTEX_POINT('',#7378);
#2219=VERTEX_POINT('',#7379);
#2220=VERTEX_POINT('',#7384);
#2221=VERTEX_POINT('',#7385);
#2222=VERTEX_POINT('',#7390);
#2223=VERTEX_POINT('',#7391);
#2224=VERTEX_POINT('',#7396);
#2225=VERTEX_POINT('',#7397);
#2226=VERTEX_POINT('',#7402);
#2227=VERTEX_POINT('',#7403);
#2228=VERTEX_POINT('',#7408);
#2229=VERTEX_POINT('',#7409);
#2230=VERTEX_POINT('',#7414);
#2231=VERTEX_POINT('',#7415);
#2232=VERTEX_POINT('',#7420);
#2233=VERTEX_POINT('',#7421);
#2234=VERTEX_POINT('',#7426);
#2235=VERTEX_POINT('',#7427);
#2236=VERTEX_POINT('',#7432);
#2237=VERTEX_POINT('',#7433);
#2238=VERTEX_POINT('',#7438);
#2239=VERTEX_POINT('',#7439);
#2240=VERTEX_POINT('',#7444);
#2241=VERTEX_POINT('',#7445);
#2242=VERTEX_POINT('',#7450);
#2243=VERTEX_POINT('',#7451);
#2244=VERTEX_POINT('',#7456);
#2245=VERTEX_POINT('',#7457);
#2246=VERTEX_POINT('',#7462);
#2247=VERTEX_POINT('',#7466);
#2248=VERTEX_POINT('',#7470);
#2249=VERTEX_POINT('',#7474);
#2250=VERTEX_POINT('',#7478);
#2251=VERTEX_POINT('',#7482);
#2252=VERTEX_POINT('',#7486);
#2253=VERTEX_POINT('',#7490);
#2254=VERTEX_POINT('',#7494);
#2255=VERTEX_POINT('',#7498);
#2256=VERTEX_POINT('',#7502);
#2257=VERTEX_POINT('',#7506);
#2258=VERTEX_POINT('',#7510);
#2259=VERTEX_POINT('',#7514);
#2260=VERTEX_POINT('',#7518);
#2261=VERTEX_POINT('',#7522);
#2262=VERTEX_POINT('',#7526);
#2263=VERTEX_POINT('',#7530);
#2264=VERTEX_POINT('',#7534);
#2265=VERTEX_POINT('',#7538);
#2266=VERTEX_POINT('',#7542);
#2267=VERTEX_POINT('',#7546);
#2268=VERTEX_POINT('',#7550);
#2269=VERTEX_POINT('',#7554);
#2270=VERTEX_POINT('',#7558);
#2271=VERTEX_POINT('',#7562);
#2272=VERTEX_POINT('',#7566);
#2273=VERTEX_POINT('',#7570);
#2274=VERTEX_POINT('',#7574);
#2275=VERTEX_POINT('',#7578);
#2276=VERTEX_POINT('',#7582);
#2277=VERTEX_POINT('',#7586);
#2278=VERTEX_POINT('',#7590);
#2279=VERTEX_POINT('',#7594);
#2280=VERTEX_POINT('',#7598);
#2281=VERTEX_POINT('',#7602);
#2282=VERTEX_POINT('',#7606);
#2283=VERTEX_POINT('',#7610);
#2284=VERTEX_POINT('',#7614);
#2285=VERTEX_POINT('',#7618);
#2286=VERTEX_POINT('',#7622);
#2287=VERTEX_POINT('',#7626);
#2288=VERTEX_POINT('',#7630);
#2289=VERTEX_POINT('',#7631);
#2290=VERTEX_POINT('',#7633);
#2291=VERTEX_POINT('',#7635);
#2292=VERTEX_POINT('',#7637);
#2293=VERTEX_POINT('',#7639);
#2294=VERTEX_POINT('',#7641);
#2295=VERTEX_POINT('',#7643);
#2296=VERTEX_POINT('',#7645);
#2297=VERTEX_POINT('',#7647);
#2298=VERTEX_POINT('',#7649);
#2299=VERTEX_POINT('',#7651);
#2300=VERTEX_POINT('',#7653);
#2301=VERTEX_POINT('',#7655);
#2302=VERTEX_POINT('',#7657);
#2303=VERTEX_POINT('',#7659);
#2304=VERTEX_POINT('',#7661);
#2305=VERTEX_POINT('',#7663);
#2306=VERTEX_POINT('',#7665);
#2307=VERTEX_POINT('',#7667);
#2308=VERTEX_POINT('',#7669);
#2309=VERTEX_POINT('',#7671);
#2310=VERTEX_POINT('',#7673);
#2311=VERTEX_POINT('',#7675);
#2312=VERTEX_POINT('',#7677);
#2313=VERTEX_POINT('',#7679);
#2314=VERTEX_POINT('',#7681);
#2315=VERTEX_POINT('',#7683);
#2316=VERTEX_POINT('',#7685);
#2317=VERTEX_POINT('',#7687);
#2318=VERTEX_POINT('',#7689);
#2319=VERTEX_POINT('',#7691);
#2320=VERTEX_POINT('',#7693);
#2321=VERTEX_POINT('',#7695);
#2322=VERTEX_POINT('',#7697);
#2323=VERTEX_POINT('',#7699);
#2324=VERTEX_POINT('',#7701);
#2325=VERTEX_POINT('',#7703);
#2326=VERTEX_POINT('',#7705);
#2327=VERTEX_POINT('',#7707);
#2328=VERTEX_POINT('',#7709);
#2329=VERTEX_POINT('',#7711);
#2330=VERTEX_POINT('',#7713);
#2331=VERTEX_POINT('',#7715);
#2332=VERTEX_POINT('',#7717);
#2333=VERTEX_POINT('',#7719);
#2334=VERTEX_POINT('',#7721);
#2335=VERTEX_POINT('',#7723);
#2336=VERTEX_POINT('',#7725);
#2337=VERTEX_POINT('',#7727);
#2338=VERTEX_POINT('',#7729);
#2339=VERTEX_POINT('',#7731);
#2340=VERTEX_POINT('',#7733);
#2341=VERTEX_POINT('',#7735);
#2342=VERTEX_POINT('',#7737);
#2343=VERTEX_POINT('',#7739);
#2344=VERTEX_POINT('',#7741);
#2345=VERTEX_POINT('',#7743);
#2346=VERTEX_POINT('',#7745);
#2347=VERTEX_POINT('',#7747);
#2348=VERTEX_POINT('',#7749);
#2349=VERTEX_POINT('',#7751);
#2350=VERTEX_POINT('',#7753);
#2351=VERTEX_POINT('',#7755);
#2352=VERTEX_POINT('',#7757);
#2353=VERTEX_POINT('',#7759);
#2354=VERTEX_POINT('',#7761);
#2355=VERTEX_POINT('',#7763);
#2356=VERTEX_POINT('',#7765);
#2357=VERTEX_POINT('',#7767);
#2358=VERTEX_POINT('',#7769);
#2359=VERTEX_POINT('',#7771);
#2360=VERTEX_POINT('',#7773);
#2361=VERTEX_POINT('',#7775);
#2362=VERTEX_POINT('',#7777);
#2363=VERTEX_POINT('',#7779);
#2364=VERTEX_POINT('',#7781);
#2365=VERTEX_POINT('',#7783);
#2366=VERTEX_POINT('',#7785);
#2367=VERTEX_POINT('',#7787);
#2368=VERTEX_POINT('',#7805);
#2369=VERTEX_POINT('',#7813);
#2370=VERTEX_POINT('',#7815);
#2371=VERTEX_POINT('',#7817);
#2372=VERTEX_POINT('',#7819);
#2373=VERTEX_POINT('',#7823);
#2374=VERTEX_POINT('',#7825);
#2375=VERTEX_POINT('',#7830);
#2376=VERTEX_POINT('',#7832);
#2377=VERTEX_POINT('',#7836);
#2378=VERTEX_POINT('',#7838);
#2379=VERTEX_POINT('',#7840);
#2380=VERTEX_POINT('',#7842);
#2381=VERTEX_POINT('',#7846);
#2382=VERTEX_POINT('',#7848);
#2383=VERTEX_POINT('',#7853);
#2384=VERTEX_POINT('',#7855);
#2385=VERTEX_POINT('',#7859);
#2386=VERTEX_POINT('',#7861);
#2387=VERTEX_POINT('',#7863);
#2388=VERTEX_POINT('',#7865);
#2389=VERTEX_POINT('',#7869);
#2390=VERTEX_POINT('',#7871);
#2391=VERTEX_POINT('',#7876);
#2392=VERTEX_POINT('',#7878);
#2393=VERTEX_POINT('',#7882);
#2394=VERTEX_POINT('',#7884);
#2395=VERTEX_POINT('',#7886);
#2396=VERTEX_POINT('',#7888);
#2397=VERTEX_POINT('',#7892);
#2398=VERTEX_POINT('',#7894);
#2399=VERTEX_POINT('',#7899);
#2400=VERTEX_POINT('',#7901);
#2401=VERTEX_POINT('',#7905);
#2402=VERTEX_POINT('',#7907);
#2403=VERTEX_POINT('',#7909);
#2404=VERTEX_POINT('',#7911);
#2405=VERTEX_POINT('',#7915);
#2406=VERTEX_POINT('',#7917);
#2407=VERTEX_POINT('',#7922);
#2408=VERTEX_POINT('',#7924);
#2409=VERTEX_POINT('',#7928);
#2410=VERTEX_POINT('',#7930);
#2411=VERTEX_POINT('',#7932);
#2412=VERTEX_POINT('',#7934);
#2413=VERTEX_POINT('',#7938);
#2414=VERTEX_POINT('',#7940);
#2415=VERTEX_POINT('',#7945);
#2416=VERTEX_POINT('',#7947);
#2417=VERTEX_POINT('',#7951);
#2418=VERTEX_POINT('',#7953);
#2419=VERTEX_POINT('',#7955);
#2420=VERTEX_POINT('',#7957);
#2421=VERTEX_POINT('',#7961);
#2422=VERTEX_POINT('',#7963);
#2423=VERTEX_POINT('',#7968);
#2424=VERTEX_POINT('',#7970);
#2425=VERTEX_POINT('',#7974);
#2426=VERTEX_POINT('',#7976);
#2427=VERTEX_POINT('',#7978);
#2428=VERTEX_POINT('',#7980);
#2429=VERTEX_POINT('',#7984);
#2430=VERTEX_POINT('',#7986);
#2431=VERTEX_POINT('',#7991);
#2432=VERTEX_POINT('',#7993);
#2433=VERTEX_POINT('',#7997);
#2434=VERTEX_POINT('',#7999);
#2435=VERTEX_POINT('',#8001);
#2436=VERTEX_POINT('',#8003);
#2437=VERTEX_POINT('',#8007);
#2438=VERTEX_POINT('',#8009);
#2439=VERTEX_POINT('',#8014);
#2440=VERTEX_POINT('',#8016);
#2441=VERTEX_POINT('',#8020);
#2442=VERTEX_POINT('',#8022);
#2443=VERTEX_POINT('',#8024);
#2444=VERTEX_POINT('',#8026);
#2445=VERTEX_POINT('',#8030);
#2446=VERTEX_POINT('',#8032);
#2447=VERTEX_POINT('',#8037);
#2448=VERTEX_POINT('',#8039);
#2449=VERTEX_POINT('',#8043);
#2450=VERTEX_POINT('',#8045);
#2451=VERTEX_POINT('',#8047);
#2452=VERTEX_POINT('',#8049);
#2453=VERTEX_POINT('',#8053);
#2454=VERTEX_POINT('',#8055);
#2455=VERTEX_POINT('',#8060);
#2456=VERTEX_POINT('',#8062);
#2457=VERTEX_POINT('',#8066);
#2458=VERTEX_POINT('',#8068);
#2459=VERTEX_POINT('',#8070);
#2460=VERTEX_POINT('',#8072);
#2461=VERTEX_POINT('',#8076);
#2462=VERTEX_POINT('',#8078);
#2463=VERTEX_POINT('',#8083);
#2464=VERTEX_POINT('',#8085);
#2465=VERTEX_POINT('',#8089);
#2466=VERTEX_POINT('',#8091);
#2467=VERTEX_POINT('',#8093);
#2468=VERTEX_POINT('',#8095);
#2469=VERTEX_POINT('',#8099);
#2470=VERTEX_POINT('',#8101);
#2471=VERTEX_POINT('',#8106);
#2472=VERTEX_POINT('',#8108);
#2473=VERTEX_POINT('',#8112);
#2474=VERTEX_POINT('',#8114);
#2475=VERTEX_POINT('',#8116);
#2476=VERTEX_POINT('',#8118);
#2477=VERTEX_POINT('',#8122);
#2478=VERTEX_POINT('',#8124);
#2479=VERTEX_POINT('',#8129);
#2480=VERTEX_POINT('',#8131);
#2481=VERTEX_POINT('',#8135);
#2482=VERTEX_POINT('',#8137);
#2483=VERTEX_POINT('',#8139);
#2484=VERTEX_POINT('',#8141);
#2485=VERTEX_POINT('',#8145);
#2486=VERTEX_POINT('',#8147);
#2487=VERTEX_POINT('',#8152);
#2488=VERTEX_POINT('',#8154);
#2489=VERTEX_POINT('',#8158);
#2490=VERTEX_POINT('',#8160);
#2491=VERTEX_POINT('',#8162);
#2492=VERTEX_POINT('',#8164);
#2493=VERTEX_POINT('',#8168);
#2494=VERTEX_POINT('',#8170);
#2495=VERTEX_POINT('',#8175);
#2496=VERTEX_POINT('',#8177);
#2497=VERTEX_POINT('',#8181);
#2498=VERTEX_POINT('',#8183);
#2499=VERTEX_POINT('',#8185);
#2500=VERTEX_POINT('',#8187);
#2501=VERTEX_POINT('',#8191);
#2502=VERTEX_POINT('',#8193);
#2503=VERTEX_POINT('',#8198);
#2504=VERTEX_POINT('',#8200);
#2505=VERTEX_POINT('',#8204);
#2506=VERTEX_POINT('',#8206);
#2507=VERTEX_POINT('',#8208);
#2508=VERTEX_POINT('',#8210);
#2509=VERTEX_POINT('',#8214);
#2510=VERTEX_POINT('',#8216);
#2511=VERTEX_POINT('',#8221);
#2512=VERTEX_POINT('',#8223);
#2513=VERTEX_POINT('',#8227);
#2514=VERTEX_POINT('',#8229);
#2515=VERTEX_POINT('',#8231);
#2516=VERTEX_POINT('',#8233);
#2517=VERTEX_POINT('',#8237);
#2518=VERTEX_POINT('',#8239);
#2519=VERTEX_POINT('',#8244);
#2520=VERTEX_POINT('',#8246);
#2521=VERTEX_POINT('',#8250);
#2522=VERTEX_POINT('',#8252);
#2523=VERTEX_POINT('',#8254);
#2524=VERTEX_POINT('',#8256);
#2525=VERTEX_POINT('',#8260);
#2526=VERTEX_POINT('',#8262);
#2527=VERTEX_POINT('',#8267);
#2528=VERTEX_POINT('',#8269);
#2529=EDGE_CURVE('',#2045,#2045,#1841,.T.);
#2530=EDGE_CURVE('',#2045,#2046,#797,.T.);
#2531=EDGE_CURVE('',#2046,#2046,#1842,.T.);
#2532=EDGE_CURVE('',#2047,#2047,#1843,.T.);
#2533=EDGE_CURVE('',#2048,#2049,#1844,.T.);
#2534=EDGE_CURVE('',#2048,#2050,#798,.T.);
#2535=EDGE_CURVE('',#2050,#2051,#1845,.T.);
#2536=EDGE_CURVE('',#2049,#2051,#799,.T.);
#2537=EDGE_CURVE('',#2049,#2052,#1846,.T.);
#2538=EDGE_CURVE('',#2051,#2053,#1847,.T.);
#2539=EDGE_CURVE('',#2052,#2053,#800,.T.);
#2540=EDGE_CURVE('',#2052,#2054,#1848,.T.);
#2541=EDGE_CURVE('',#2053,#2055,#1849,.T.);
#2542=EDGE_CURVE('',#2054,#2055,#801,.T.);
#2543=EDGE_CURVE('',#2056,#2057,#1850,.T.);
#2544=EDGE_CURVE('',#2056,#2058,#802,.T.);
#2545=EDGE_CURVE('',#2058,#2059,#1851,.T.);
#2546=EDGE_CURVE('',#2057,#2059,#803,.T.);
#2547=EDGE_CURVE('',#2057,#2060,#1852,.T.);
#2548=EDGE_CURVE('',#2059,#2061,#1853,.T.);
#2549=EDGE_CURVE('',#2060,#2061,#804,.T.);
#2550=EDGE_CURVE('',#2060,#2062,#1854,.T.);
#2551=EDGE_CURVE('',#2061,#2063,#1855,.T.);
#2552=EDGE_CURVE('',#2062,#2063,#805,.T.);
#2553=EDGE_CURVE('',#2064,#2065,#1856,.T.);
#2554=EDGE_CURVE('',#2064,#2066,#806,.T.);
#2555=EDGE_CURVE('',#2066,#2067,#1857,.T.);
#2556=EDGE_CURVE('',#2065,#2067,#807,.T.);
#2557=EDGE_CURVE('',#2065,#2068,#1858,.T.);
#2558=EDGE_CURVE('',#2067,#2069,#1859,.T.);
#2559=EDGE_CURVE('',#2068,#2069,#808,.T.);
#2560=EDGE_CURVE('',#2068,#2070,#1860,.T.);
#2561=EDGE_CURVE('',#2069,#2071,#1861,.T.);
#2562=EDGE_CURVE('',#2070,#2071,#809,.T.);
#2563=EDGE_CURVE('',#2072,#2073,#1862,.T.);
#2564=EDGE_CURVE('',#2072,#2074,#810,.T.);
#2565=EDGE_CURVE('',#2074,#2075,#1863,.T.);
#2566=EDGE_CURVE('',#2073,#2075,#811,.T.);
#2567=EDGE_CURVE('',#2073,#2076,#1864,.T.);
#2568=EDGE_CURVE('',#2075,#2077,#1865,.T.);
#2569=EDGE_CURVE('',#2076,#2077,#812,.T.);
#2570=EDGE_CURVE('',#2076,#2078,#1866,.T.);
#2571=EDGE_CURVE('',#2077,#2079,#1867,.T.);
#2572=EDGE_CURVE('',#2078,#2079,#813,.T.);
#2573=EDGE_CURVE('',#2080,#2081,#1868,.T.);
#2574=EDGE_CURVE('',#2080,#2082,#814,.T.);
#2575=EDGE_CURVE('',#2082,#2083,#1869,.T.);
#2576=EDGE_CURVE('',#2081,#2083,#815,.T.);
#2577=EDGE_CURVE('',#2081,#2084,#1870,.T.);
#2578=EDGE_CURVE('',#2083,#2085,#1871,.T.);
#2579=EDGE_CURVE('',#2084,#2085,#816,.T.);
#2580=EDGE_CURVE('',#2084,#2086,#1872,.T.);
#2581=EDGE_CURVE('',#2085,#2087,#1873,.T.);
#2582=EDGE_CURVE('',#2086,#2087,#817,.T.);
#2583=EDGE_CURVE('',#2088,#2089,#1874,.T.);
#2584=EDGE_CURVE('',#2088,#2090,#818,.T.);
#2585=EDGE_CURVE('',#2090,#2091,#1875,.T.);
#2586=EDGE_CURVE('',#2089,#2091,#819,.T.);
#2587=EDGE_CURVE('',#2089,#2092,#1876,.T.);
#2588=EDGE_CURVE('',#2091,#2093,#1877,.T.);
#2589=EDGE_CURVE('',#2092,#2093,#820,.T.);
#2590=EDGE_CURVE('',#2092,#2094,#1878,.T.);
#2591=EDGE_CURVE('',#2093,#2095,#1879,.T.);
#2592=EDGE_CURVE('',#2094,#2095,#821,.T.);
#2593=EDGE_CURVE('',#2096,#2097,#1880,.T.);
#2594=EDGE_CURVE('',#2096,#2098,#822,.T.);
#2595=EDGE_CURVE('',#2098,#2099,#1881,.T.);
#2596=EDGE_CURVE('',#2097,#2099,#823,.T.);
#2597=EDGE_CURVE('',#2097,#2100,#1882,.T.);
#2598=EDGE_CURVE('',#2099,#2101,#1883,.T.);
#2599=EDGE_CURVE('',#2100,#2101,#824,.T.);
#2600=EDGE_CURVE('',#2100,#2102,#1884,.T.);
#2601=EDGE_CURVE('',#2101,#2103,#1885,.T.);
#2602=EDGE_CURVE('',#2102,#2103,#825,.T.);
#2603=EDGE_CURVE('',#2104,#2105,#1886,.T.);
#2604=EDGE_CURVE('',#2104,#2106,#826,.T.);
#2605=EDGE_CURVE('',#2106,#2107,#1887,.T.);
#2606=EDGE_CURVE('',#2105,#2107,#827,.T.);
#2607=EDGE_CURVE('',#2105,#2108,#1888,.T.);
#2608=EDGE_CURVE('',#2107,#2109,#1889,.T.);
#2609=EDGE_CURVE('',#2108,#2109,#828,.T.);
#2610=EDGE_CURVE('',#2108,#2110,#1890,.T.);
#2611=EDGE_CURVE('',#2109,#2111,#1891,.T.);
#2612=EDGE_CURVE('',#2110,#2111,#829,.T.);
#2613=EDGE_CURVE('',#2112,#2113,#1892,.T.);
#2614=EDGE_CURVE('',#2112,#2114,#830,.T.);
#2615=EDGE_CURVE('',#2114,#2115,#1893,.T.);
#2616=EDGE_CURVE('',#2113,#2115,#831,.T.);
#2617=EDGE_CURVE('',#2113,#2116,#1894,.T.);
#2618=EDGE_CURVE('',#2115,#2117,#1895,.T.);
#2619=EDGE_CURVE('',#2116,#2117,#832,.T.);
#2620=EDGE_CURVE('',#2116,#2118,#1896,.T.);
#2621=EDGE_CURVE('',#2117,#2119,#1897,.T.);
#2622=EDGE_CURVE('',#2118,#2119,#833,.T.);
#2623=EDGE_CURVE('',#2120,#2121,#1898,.T.);
#2624=EDGE_CURVE('',#2120,#2122,#834,.T.);
#2625=EDGE_CURVE('',#2122,#2123,#1899,.T.);
#2626=EDGE_CURVE('',#2121,#2123,#835,.T.);
#2627=EDGE_CURVE('',#2121,#2124,#1900,.T.);
#2628=EDGE_CURVE('',#2123,#2125,#1901,.T.);
#2629=EDGE_CURVE('',#2124,#2125,#836,.T.);
#2630=EDGE_CURVE('',#2124,#2126,#1902,.T.);
#2631=EDGE_CURVE('',#2125,#2127,#1903,.T.);
#2632=EDGE_CURVE('',#2126,#2127,#837,.T.);
#2633=EDGE_CURVE('',#2128,#2129,#1904,.T.);
#2634=EDGE_CURVE('',#2128,#2130,#838,.T.);
#2635=EDGE_CURVE('',#2130,#2131,#1905,.T.);
#2636=EDGE_CURVE('',#2129,#2131,#839,.T.);
#2637=EDGE_CURVE('',#2129,#2132,#1906,.T.);
#2638=EDGE_CURVE('',#2131,#2133,#1907,.T.);
#2639=EDGE_CURVE('',#2132,#2133,#840,.T.);
#2640=EDGE_CURVE('',#2132,#2134,#1908,.T.);
#2641=EDGE_CURVE('',#2133,#2135,#1909,.T.);
#2642=EDGE_CURVE('',#2134,#2135,#841,.T.);
#2643=EDGE_CURVE('',#2136,#2137,#1910,.T.);
#2644=EDGE_CURVE('',#2136,#2138,#842,.T.);
#2645=EDGE_CURVE('',#2138,#2139,#1911,.T.);
#2646=EDGE_CURVE('',#2137,#2139,#843,.T.);
#2647=EDGE_CURVE('',#2137,#2140,#1912,.T.);
#2648=EDGE_CURVE('',#2139,#2141,#1913,.T.);
#2649=EDGE_CURVE('',#2140,#2141,#844,.T.);
#2650=EDGE_CURVE('',#2140,#2142,#1914,.T.);
#2651=EDGE_CURVE('',#2141,#2143,#1915,.T.);
#2652=EDGE_CURVE('',#2142,#2143,#845,.T.);
#2653=EDGE_CURVE('',#2144,#2145,#1916,.T.);
#2654=EDGE_CURVE('',#2144,#2146,#846,.T.);
#2655=EDGE_CURVE('',#2146,#2147,#1917,.T.);
#2656=EDGE_CURVE('',#2145,#2147,#847,.T.);
#2657=EDGE_CURVE('',#2145,#2148,#1918,.T.);
#2658=EDGE_CURVE('',#2147,#2149,#1919,.T.);
#2659=EDGE_CURVE('',#2148,#2149,#848,.T.);
#2660=EDGE_CURVE('',#2148,#2150,#1920,.T.);
#2661=EDGE_CURVE('',#2149,#2151,#1921,.T.);
#2662=EDGE_CURVE('',#2150,#2151,#849,.T.);
#2663=EDGE_CURVE('',#2152,#2153,#1922,.T.);
#2664=EDGE_CURVE('',#2152,#2154,#850,.T.);
#2665=EDGE_CURVE('',#2154,#2155,#1923,.T.);
#2666=EDGE_CURVE('',#2153,#2155,#851,.T.);
#2667=EDGE_CURVE('',#2153,#2156,#1924,.T.);
#2668=EDGE_CURVE('',#2155,#2157,#1925,.T.);
#2669=EDGE_CURVE('',#2156,#2157,#852,.T.);
#2670=EDGE_CURVE('',#2156,#2158,#1926,.T.);
#2671=EDGE_CURVE('',#2157,#2159,#1927,.T.);
#2672=EDGE_CURVE('',#2158,#2159,#853,.T.);
#2673=EDGE_CURVE('',#2160,#2161,#1928,.T.);
#2674=EDGE_CURVE('',#2160,#2162,#854,.T.);
#2675=EDGE_CURVE('',#2162,#2163,#1929,.T.);
#2676=EDGE_CURVE('',#2161,#2163,#855,.T.);
#2677=EDGE_CURVE('',#2161,#2164,#1930,.T.);
#2678=EDGE_CURVE('',#2163,#2165,#1931,.T.);
#2679=EDGE_CURVE('',#2164,#2165,#856,.T.);
#2680=EDGE_CURVE('',#2164,#2166,#1932,.T.);
#2681=EDGE_CURVE('',#2165,#2167,#1933,.T.);
#2682=EDGE_CURVE('',#2166,#2167,#857,.T.);
#2683=EDGE_CURVE('',#2168,#2169,#1934,.T.);
#2684=EDGE_CURVE('',#2168,#2170,#858,.T.);
#2685=EDGE_CURVE('',#2170,#2171,#1935,.T.);
#2686=EDGE_CURVE('',#2169,#2171,#859,.T.);
#2687=EDGE_CURVE('',#2169,#2172,#1936,.T.);
#2688=EDGE_CURVE('',#2171,#2173,#1937,.T.);
#2689=EDGE_CURVE('',#2172,#2173,#860,.T.);
#2690=EDGE_CURVE('',#2172,#2174,#1938,.T.);
#2691=EDGE_CURVE('',#2173,#2175,#1939,.T.);
#2692=EDGE_CURVE('',#2174,#2175,#861,.T.);
#2693=EDGE_CURVE('',#2176,#2177,#1940,.T.);
#2694=EDGE_CURVE('',#2176,#2178,#862,.T.);
#2695=EDGE_CURVE('',#2178,#2179,#1941,.T.);
#2696=EDGE_CURVE('',#2177,#2179,#863,.T.);
#2697=EDGE_CURVE('',#2177,#2180,#1942,.T.);
#2698=EDGE_CURVE('',#2179,#2181,#1943,.T.);
#2699=EDGE_CURVE('',#2180,#2181,#864,.T.);
#2700=EDGE_CURVE('',#2180,#2182,#1944,.T.);
#2701=EDGE_CURVE('',#2181,#2183,#1945,.T.);
#2702=EDGE_CURVE('',#2182,#2183,#865,.T.);
#2703=EDGE_CURVE('',#2184,#2185,#1946,.T.);
#2704=EDGE_CURVE('',#2184,#2186,#866,.T.);
#2705=EDGE_CURVE('',#2186,#2187,#1947,.T.);
#2706=EDGE_CURVE('',#2185,#2187,#867,.T.);
#2707=EDGE_CURVE('',#2185,#2188,#1948,.T.);
#2708=EDGE_CURVE('',#2187,#2189,#1949,.T.);
#2709=EDGE_CURVE('',#2188,#2189,#868,.T.);
#2710=EDGE_CURVE('',#2188,#2190,#1950,.T.);
#2711=EDGE_CURVE('',#2189,#2191,#1951,.T.);
#2712=EDGE_CURVE('',#2190,#2191,#869,.T.);
#2713=EDGE_CURVE('',#2192,#2193,#1952,.T.);
#2714=EDGE_CURVE('',#2192,#2194,#870,.T.);
#2715=EDGE_CURVE('',#2194,#2195,#1953,.T.);
#2716=EDGE_CURVE('',#2193,#2195,#871,.T.);
#2717=EDGE_CURVE('',#2193,#2196,#1954,.T.);
#2718=EDGE_CURVE('',#2195,#2197,#1955,.T.);
#2719=EDGE_CURVE('',#2196,#2197,#872,.T.);
#2720=EDGE_CURVE('',#2196,#2198,#1956,.T.);
#2721=EDGE_CURVE('',#2197,#2199,#1957,.T.);
#2722=EDGE_CURVE('',#2198,#2199,#873,.T.);
#2723=EDGE_CURVE('',#2200,#2201,#1958,.T.);
#2724=EDGE_CURVE('',#2200,#2202,#874,.T.);
#2725=EDGE_CURVE('',#2202,#2203,#1959,.T.);
#2726=EDGE_CURVE('',#2201,#2203,#875,.T.);
#2727=EDGE_CURVE('',#2204,#2205,#1960,.T.);
#2728=EDGE_CURVE('',#2206,#2204,#876,.T.);
#2729=EDGE_CURVE('',#2207,#2206,#1961,.T.);
#2730=EDGE_CURVE('',#2203,#2207,#1962,.T.);
#2731=EDGE_CURVE('',#2205,#2202,#877,.T.);
#2732=EDGE_CURVE('',#2208,#2209,#1963,.T.);
#2733=EDGE_CURVE('',#2199,#2208,#878,.T.);
#2734=EDGE_CURVE('',#2209,#2194,#879,.T.);
#2735=EDGE_CURVE('',#2210,#2211,#1964,.T.);
#2736=EDGE_CURVE('',#2191,#2210,#880,.T.);
#2737=EDGE_CURVE('',#2211,#2186,#881,.T.);
#2738=EDGE_CURVE('',#2212,#2213,#1965,.T.);
#2739=EDGE_CURVE('',#2183,#2212,#882,.T.);
#2740=EDGE_CURVE('',#2213,#2178,#883,.T.);
#2741=EDGE_CURVE('',#2214,#2215,#1966,.T.);
#2742=EDGE_CURVE('',#2175,#2214,#884,.T.);
#2743=EDGE_CURVE('',#2215,#2170,#885,.T.);
#2744=EDGE_CURVE('',#2216,#2217,#1967,.T.);
#2745=EDGE_CURVE('',#2167,#2216,#886,.T.);
#2746=EDGE_CURVE('',#2217,#2162,#887,.T.);
#2747=EDGE_CURVE('',#2218,#2219,#1968,.T.);
#2748=EDGE_CURVE('',#2159,#2218,#888,.T.);
#2749=EDGE_CURVE('',#2219,#2154,#889,.T.);
#2750=EDGE_CURVE('',#2220,#2221,#1969,.T.);
#2751=EDGE_CURVE('',#2151,#2220,#890,.T.);
#2752=EDGE_CURVE('',#2221,#2146,#891,.T.);
#2753=EDGE_CURVE('',#2222,#2223,#1970,.T.);
#2754=EDGE_CURVE('',#2143,#2222,#892,.T.);
#2755=EDGE_CURVE('',#2223,#2138,#893,.T.);
#2756=EDGE_CURVE('',#2224,#2225,#1971,.T.);
#2757=EDGE_CURVE('',#2135,#2224,#894,.T.);
#2758=EDGE_CURVE('',#2225,#2130,#895,.T.);
#2759=EDGE_CURVE('',#2226,#2227,#1972,.T.);
#2760=EDGE_CURVE('',#2127,#2226,#896,.T.);
#2761=EDGE_CURVE('',#2227,#2122,#897,.T.);
#2762=EDGE_CURVE('',#2228,#2229,#1973,.T.);
#2763=EDGE_CURVE('',#2119,#2228,#898,.T.);
#2764=EDGE_CURVE('',#2229,#2114,#899,.T.);
#2765=EDGE_CURVE('',#2230,#2231,#1974,.T.);
#2766=EDGE_CURVE('',#2111,#2230,#900,.T.);
#2767=EDGE_CURVE('',#2231,#2106,#901,.T.);
#2768=EDGE_CURVE('',#2232,#2233,#1975,.T.);
#2769=EDGE_CURVE('',#2103,#2232,#902,.T.);
#2770=EDGE_CURVE('',#2233,#2098,#903,.T.);
#2771=EDGE_CURVE('',#2234,#2235,#1976,.T.);
#2772=EDGE_CURVE('',#2095,#2234,#904,.T.);
#2773=EDGE_CURVE('',#2235,#2090,#905,.T.);
#2774=EDGE_CURVE('',#2236,#2237,#1977,.T.);
#2775=EDGE_CURVE('',#2087,#2236,#906,.T.);
#2776=EDGE_CURVE('',#2237,#2082,#907,.T.);
#2777=EDGE_CURVE('',#2238,#2239,#1978,.T.);
#2778=EDGE_CURVE('',#2079,#2238,#908,.T.);
#2779=EDGE_CURVE('',#2239,#2074,#909,.T.);
#2780=EDGE_CURVE('',#2240,#2241,#1979,.T.);
#2781=EDGE_CURVE('',#2071,#2240,#910,.T.);
#2782=EDGE_CURVE('',#2241,#2066,#911,.T.);
#2783=EDGE_CURVE('',#2242,#2243,#1980,.T.);
#2784=EDGE_CURVE('',#2063,#2242,#912,.T.);
#2785=EDGE_CURVE('',#2243,#2058,#913,.T.);
#2786=EDGE_CURVE('',#2244,#2245,#1981,.T.);
#2787=EDGE_CURVE('',#2055,#2244,#914,.T.);
#2788=EDGE_CURVE('',#2245,#2050,#915,.T.);
#2789=EDGE_CURVE('',#2201,#2246,#1982,.T.);
#2790=EDGE_CURVE('',#2246,#2207,#916,.T.);
#2791=EDGE_CURVE('',#2246,#2247,#1983,.T.);
#2792=EDGE_CURVE('',#2247,#2206,#917,.T.);
#2793=EDGE_CURVE('',#2248,#2244,#918,.T.);
#2794=EDGE_CURVE('',#2054,#2248,#919,.T.);
#2795=EDGE_CURVE('',#2249,#2048,#920,.T.);
#2796=EDGE_CURVE('',#2245,#2249,#921,.T.);
#2797=EDGE_CURVE('',#2250,#2242,#922,.T.);
#2798=EDGE_CURVE('',#2062,#2250,#923,.T.);
#2799=EDGE_CURVE('',#2251,#2056,#924,.T.);
#2800=EDGE_CURVE('',#2243,#2251,#925,.T.);
#2801=EDGE_CURVE('',#2252,#2240,#926,.T.);
#2802=EDGE_CURVE('',#2070,#2252,#927,.T.);
#2803=EDGE_CURVE('',#2253,#2064,#928,.T.);
#2804=EDGE_CURVE('',#2241,#2253,#929,.T.);
#2805=EDGE_CURVE('',#2254,#2238,#930,.T.);
#2806=EDGE_CURVE('',#2078,#2254,#931,.T.);
#2807=EDGE_CURVE('',#2255,#2072,#932,.T.);
#2808=EDGE_CURVE('',#2239,#2255,#933,.T.);
#2809=EDGE_CURVE('',#2256,#2236,#934,.T.);
#2810=EDGE_CURVE('',#2086,#2256,#935,.T.);
#2811=EDGE_CURVE('',#2257,#2080,#936,.T.);
#2812=EDGE_CURVE('',#2237,#2257,#937,.T.);
#2813=EDGE_CURVE('',#2258,#2234,#938,.T.);
#2814=EDGE_CURVE('',#2094,#2258,#939,.T.);
#2815=EDGE_CURVE('',#2259,#2088,#940,.T.);
#2816=EDGE_CURVE('',#2235,#2259,#941,.T.);
#2817=EDGE_CURVE('',#2260,#2232,#942,.T.);
#2818=EDGE_CURVE('',#2102,#2260,#943,.T.);
#2819=EDGE_CURVE('',#2261,#2096,#944,.T.);
#2820=EDGE_CURVE('',#2233,#2261,#945,.T.);
#2821=EDGE_CURVE('',#2262,#2230,#946,.T.);
#2822=EDGE_CURVE('',#2110,#2262,#947,.T.);
#2823=EDGE_CURVE('',#2263,#2104,#948,.T.);
#2824=EDGE_CURVE('',#2231,#2263,#949,.T.);
#2825=EDGE_CURVE('',#2264,#2228,#950,.T.);
#2826=EDGE_CURVE('',#2118,#2264,#951,.T.);
#2827=EDGE_CURVE('',#2265,#2112,#952,.T.);
#2828=EDGE_CURVE('',#2229,#2265,#953,.T.);
#2829=EDGE_CURVE('',#2266,#2226,#954,.T.);
#2830=EDGE_CURVE('',#2126,#2266,#955,.T.);
#2831=EDGE_CURVE('',#2267,#2120,#956,.T.);
#2832=EDGE_CURVE('',#2227,#2267,#957,.T.);
#2833=EDGE_CURVE('',#2268,#2224,#958,.T.);
#2834=EDGE_CURVE('',#2134,#2268,#959,.T.);
#2835=EDGE_CURVE('',#2269,#2128,#960,.T.);
#2836=EDGE_CURVE('',#2225,#2269,#961,.T.);
#2837=EDGE_CURVE('',#2270,#2222,#962,.T.);
#2838=EDGE_CURVE('',#2142,#2270,#963,.T.);
#2839=EDGE_CURVE('',#2271,#2136,#964,.T.);
#2840=EDGE_CURVE('',#2223,#2271,#965,.T.);
#2841=EDGE_CURVE('',#2272,#2220,#966,.T.);
#2842=EDGE_CURVE('',#2150,#2272,#967,.T.);
#2843=EDGE_CURVE('',#2273,#2144,#968,.T.);
#2844=EDGE_CURVE('',#2221,#2273,#969,.T.);
#2845=EDGE_CURVE('',#2274,#2218,#970,.T.);
#2846=EDGE_CURVE('',#2158,#2274,#971,.T.);
#2847=EDGE_CURVE('',#2275,#2152,#972,.T.);
#2848=EDGE_CURVE('',#2219,#2275,#973,.T.);
#2849=EDGE_CURVE('',#2276,#2216,#974,.T.);
#2850=EDGE_CURVE('',#2166,#2276,#975,.T.);
#2851=EDGE_CURVE('',#2277,#2160,#976,.T.);
#2852=EDGE_CURVE('',#2217,#2277,#977,.T.);
#2853=EDGE_CURVE('',#2278,#2214,#978,.T.);
#2854=EDGE_CURVE('',#2174,#2278,#979,.T.);
#2855=EDGE_CURVE('',#2279,#2168,#980,.T.);
#2856=EDGE_CURVE('',#2215,#2279,#981,.T.);
#2857=EDGE_CURVE('',#2280,#2212,#982,.T.);
#2858=EDGE_CURVE('',#2182,#2280,#983,.T.);
#2859=EDGE_CURVE('',#2281,#2176,#984,.T.);
#2860=EDGE_CURVE('',#2213,#2281,#985,.T.);
#2861=EDGE_CURVE('',#2282,#2210,#986,.T.);
#2862=EDGE_CURVE('',#2190,#2282,#987,.T.);
#2863=EDGE_CURVE('',#2283,#2184,#988,.T.);
#2864=EDGE_CURVE('',#2211,#2283,#989,.T.);
#2865=EDGE_CURVE('',#2284,#2208,#990,.T.);
#2866=EDGE_CURVE('',#2198,#2284,#991,.T.);
#2867=EDGE_CURVE('',#2285,#2192,#992,.T.);
#2868=EDGE_CURVE('',#2209,#2285,#993,.T.);
#2869=EDGE_CURVE('',#2286,#2204,#994,.T.);
#2870=EDGE_CURVE('',#2247,#2286,#995,.T.);
#2871=EDGE_CURVE('',#2287,#2200,#996,.T.);
#2872=EDGE_CURVE('',#2205,#2287,#997,.T.);
#2873=EDGE_CURVE('',#2288,#2289,#998,.T.);
#2874=EDGE_CURVE('',#2288,#2290,#999,.T.);
#2875=EDGE_CURVE('',#2291,#2290,#1984,.T.);
#2876=EDGE_CURVE('',#2291,#2292,#1000,.T.);
#2877=EDGE_CURVE('',#2293,#2292,#1001,.T.);
#2878=EDGE_CURVE('',#2293,#2294,#1002,.T.);
#2879=EDGE_CURVE('',#2295,#2294,#1985,.T.);
#2880=EDGE_CURVE('',#2295,#2296,#1003,.T.);
#2881=EDGE_CURVE('',#2297,#2296,#1004,.T.);
#2882=EDGE_CURVE('',#2297,#2298,#1005,.T.);
#2883=EDGE_CURVE('',#2299,#2298,#1986,.T.);
#2884=EDGE_CURVE('',#2299,#2300,#1006,.T.);
#2885=EDGE_CURVE('',#2301,#2300,#1007,.T.);
#2886=EDGE_CURVE('',#2301,#2302,#1008,.T.);
#2887=EDGE_CURVE('',#2303,#2302,#1987,.T.);
#2888=EDGE_CURVE('',#2303,#2304,#1009,.T.);
#2889=EDGE_CURVE('',#2305,#2304,#1010,.T.);
#2890=EDGE_CURVE('',#2305,#2306,#1011,.T.);
#2891=EDGE_CURVE('',#2307,#2306,#1988,.T.);
#2892=EDGE_CURVE('',#2307,#2308,#1012,.T.);
#2893=EDGE_CURVE('',#2309,#2308,#1013,.T.);
#2894=EDGE_CURVE('',#2309,#2310,#1014,.T.);
#2895=EDGE_CURVE('',#2311,#2310,#1989,.T.);
#2896=EDGE_CURVE('',#2311,#2312,#1015,.T.);
#2897=EDGE_CURVE('',#2313,#2312,#1016,.T.);
#2898=EDGE_CURVE('',#2313,#2314,#1017,.T.);
#2899=EDGE_CURVE('',#2315,#2314,#1990,.T.);
#2900=EDGE_CURVE('',#2315,#2316,#1018,.T.);
#2901=EDGE_CURVE('',#2317,#2316,#1019,.T.);
#2902=EDGE_CURVE('',#2317,#2318,#1020,.T.);
#2903=EDGE_CURVE('',#2319,#2318,#1991,.T.);
#2904=EDGE_CURVE('',#2319,#2320,#1021,.T.);
#2905=EDGE_CURVE('',#2321,#2320,#1022,.T.);
#2906=EDGE_CURVE('',#2321,#2322,#1023,.T.);
#2907=EDGE_CURVE('',#2323,#2322,#1992,.T.);
#2908=EDGE_CURVE('',#2323,#2324,#1024,.T.);
#2909=EDGE_CURVE('',#2325,#2324,#1025,.T.);
#2910=EDGE_CURVE('',#2325,#2326,#1026,.T.);
#2911=EDGE_CURVE('',#2327,#2326,#1993,.T.);
#2912=EDGE_CURVE('',#2327,#2328,#1027,.T.);
#2913=EDGE_CURVE('',#2329,#2328,#1028,.T.);
#2914=EDGE_CURVE('',#2329,#2330,#1029,.T.);
#2915=EDGE_CURVE('',#2331,#2330,#1994,.T.);
#2916=EDGE_CURVE('',#2331,#2332,#1030,.T.);
#2917=EDGE_CURVE('',#2333,#2332,#1031,.T.);
#2918=EDGE_CURVE('',#2333,#2334,#1032,.T.);
#2919=EDGE_CURVE('',#2335,#2334,#1995,.T.);
#2920=EDGE_CURVE('',#2335,#2336,#1033,.T.);
#2921=EDGE_CURVE('',#2337,#2336,#1034,.T.);
#2922=EDGE_CURVE('',#2337,#2338,#1035,.T.);
#2923=EDGE_CURVE('',#2339,#2338,#1996,.T.);
#2924=EDGE_CURVE('',#2339,#2340,#1036,.T.);
#2925=EDGE_CURVE('',#2341,#2340,#1037,.T.);
#2926=EDGE_CURVE('',#2341,#2342,#1038,.T.);
#2927=EDGE_CURVE('',#2343,#2342,#1997,.T.);
#2928=EDGE_CURVE('',#2343,#2344,#1039,.T.);
#2929=EDGE_CURVE('',#2345,#2344,#1040,.T.);
#2930=EDGE_CURVE('',#2345,#2346,#1041,.T.);
#2931=EDGE_CURVE('',#2347,#2346,#1998,.T.);
#2932=EDGE_CURVE('',#2347,#2348,#1042,.T.);
#2933=EDGE_CURVE('',#2349,#2348,#1043,.T.);
#2934=EDGE_CURVE('',#2349,#2350,#1044,.T.);
#2935=EDGE_CURVE('',#2351,#2350,#1999,.T.);
#2936=EDGE_CURVE('',#2351,#2352,#1045,.T.);
#2937=EDGE_CURVE('',#2353,#2352,#1046,.T.);
#2938=EDGE_CURVE('',#2353,#2354,#1047,.T.);
#2939=EDGE_CURVE('',#2355,#2354,#2000,.T.);
#2940=EDGE_CURVE('',#2355,#2356,#1048,.T.);
#2941=EDGE_CURVE('',#2357,#2356,#1049,.T.);
#2942=EDGE_CURVE('',#2357,#2358,#1050,.T.);
#2943=EDGE_CURVE('',#2359,#2358,#2001,.T.);
#2944=EDGE_CURVE('',#2359,#2360,#1051,.T.);
#2945=EDGE_CURVE('',#2361,#2360,#1052,.T.);
#2946=EDGE_CURVE('',#2361,#2362,#1053,.T.);
#2947=EDGE_CURVE('',#2363,#2362,#2002,.T.);
#2948=EDGE_CURVE('',#2363,#2364,#1054,.T.);
#2949=EDGE_CURVE('',#2365,#2364,#1055,.T.);
#2950=EDGE_CURVE('',#2365,#2366,#1056,.T.);
#2951=EDGE_CURVE('',#2367,#2366,#2003,.T.);
#2952=EDGE_CURVE('',#2367,#2289,#1057,.T.);
#2953=EDGE_CURVE('',#2248,#2287,#2004,.T.);
#2954=EDGE_CURVE('',#2286,#2285,#2005,.T.);
#2955=EDGE_CURVE('',#2284,#2283,#2006,.T.);
#2956=EDGE_CURVE('',#2282,#2281,#2007,.T.);
#2957=EDGE_CURVE('',#2280,#2279,#2008,.T.);
#2958=EDGE_CURVE('',#2278,#2277,#2009,.T.);
#2959=EDGE_CURVE('',#2276,#2275,#2010,.T.);
#2960=EDGE_CURVE('',#2274,#2273,#2011,.T.);
#2961=EDGE_CURVE('',#2272,#2271,#2012,.T.);
#2962=EDGE_CURVE('',#2270,#2269,#2013,.T.);
#2963=EDGE_CURVE('',#2268,#2267,#2014,.T.);
#2964=EDGE_CURVE('',#2266,#2265,#2015,.T.);
#2965=EDGE_CURVE('',#2264,#2263,#2016,.T.);
#2966=EDGE_CURVE('',#2262,#2261,#2017,.T.);
#2967=EDGE_CURVE('',#2260,#2259,#2018,.T.);
#2968=EDGE_CURVE('',#2258,#2368,#2019,.T.);
#2969=EDGE_CURVE('',#2368,#2257,#2020,.T.);
#2970=EDGE_CURVE('',#2256,#2255,#2021,.T.);
#2971=EDGE_CURVE('',#2254,#2253,#2022,.T.);
#2972=EDGE_CURVE('',#2252,#2251,#2023,.T.);
#2973=EDGE_CURVE('',#2250,#2249,#2024,.T.);
#2974=EDGE_CURVE('',#2369,#2288,#1058,.F.);
#2975=EDGE_CURVE('',#2370,#2369,#1059,.T.);
#2976=EDGE_CURVE('',#2370,#2371,#1060,.F.);
#2977=EDGE_CURVE('',#2371,#2372,#1061,.T.);
#2978=EDGE_CURVE('',#2372,#2290,#1062,.T.);
#2979=EDGE_CURVE('',#2373,#2369,#1063,.T.);
#2980=EDGE_CURVE('',#2374,#2373,#1064,.T.);
#2981=EDGE_CURVE('',#2374,#2370,#1065,.T.);
#2982=EDGE_CURVE('',#2289,#2373,#1066,.F.);
#2983=EDGE_CURVE('',#2375,#2367,#1067,.T.);
#2984=EDGE_CURVE('',#2375,#2376,#1068,.T.);
#2985=EDGE_CURVE('',#2376,#2374,#1069,.F.);
#2986=EDGE_CURVE('',#2377,#2361,#1070,.F.);
#2987=EDGE_CURVE('',#2378,#2377,#1071,.T.);
#2988=EDGE_CURVE('',#2378,#2379,#1072,.F.);
#2989=EDGE_CURVE('',#2379,#2380,#1073,.T.);
#2990=EDGE_CURVE('',#2380,#2362,#1074,.T.);
#2991=EDGE_CURVE('',#2381,#2377,#1075,.T.);
#2992=EDGE_CURVE('',#2382,#2381,#1076,.T.);
#2993=EDGE_CURVE('',#2382,#2378,#1077,.T.);
#2994=EDGE_CURVE('',#2360,#2381,#1078,.F.);
#2995=EDGE_CURVE('',#2383,#2359,#1079,.T.);
#2996=EDGE_CURVE('',#2383,#2384,#1080,.T.);
#2997=EDGE_CURVE('',#2384,#2382,#1081,.F.);
#2998=EDGE_CURVE('',#2385,#2293,#1082,.F.);
#2999=EDGE_CURVE('',#2386,#2385,#1083,.T.);
#3000=EDGE_CURVE('',#2386,#2387,#1084,.F.);
#3001=EDGE_CURVE('',#2387,#2388,#1085,.T.);
#3002=EDGE_CURVE('',#2388,#2294,#1086,.T.);
#3003=EDGE_CURVE('',#2389,#2385,#1087,.T.);
#3004=EDGE_CURVE('',#2390,#2389,#1088,.T.);
#3005=EDGE_CURVE('',#2390,#2386,#1089,.T.);
#3006=EDGE_CURVE('',#2292,#2389,#1090,.F.);
#3007=EDGE_CURVE('',#2391,#2291,#1091,.T.);
#3008=EDGE_CURVE('',#2391,#2392,#1092,.T.);
#3009=EDGE_CURVE('',#2392,#2390,#1093,.F.);
#3010=EDGE_CURVE('',#2393,#2297,#1094,.F.);
#3011=EDGE_CURVE('',#2394,#2393,#1095,.T.);
#3012=EDGE_CURVE('',#2394,#2395,#1096,.F.);
#3013=EDGE_CURVE('',#2395,#2396,#1097,.T.);
#3014=EDGE_CURVE('',#2396,#2298,#1098,.T.);
#3015=EDGE_CURVE('',#2397,#2393,#1099,.T.);
#3016=EDGE_CURVE('',#2398,#2397,#1100,.T.);
#3017=EDGE_CURVE('',#2398,#2394,#1101,.T.);
#3018=EDGE_CURVE('',#2296,#2397,#1102,.F.);
#3019=EDGE_CURVE('',#2399,#2295,#1103,.T.);
#3020=EDGE_CURVE('',#2399,#2400,#1104,.T.);
#3021=EDGE_CURVE('',#2400,#2398,#1105,.F.);
#3022=EDGE_CURVE('',#2401,#2301,#1106,.F.);
#3023=EDGE_CURVE('',#2402,#2401,#1107,.T.);
#3024=EDGE_CURVE('',#2402,#2403,#1108,.F.);
#3025=EDGE_CURVE('',#2403,#2404,#1109,.T.);
#3026=EDGE_CURVE('',#2404,#2302,#1110,.T.);
#3027=EDGE_CURVE('',#2405,#2401,#1111,.T.);
#3028=EDGE_CURVE('',#2406,#2405,#1112,.T.);
#3029=EDGE_CURVE('',#2406,#2402,#1113,.T.);
#3030=EDGE_CURVE('',#2300,#2405,#1114,.F.);
#3031=EDGE_CURVE('',#2407,#2299,#1115,.T.);
#3032=EDGE_CURVE('',#2407,#2408,#1116,.T.);
#3033=EDGE_CURVE('',#2408,#2406,#1117,.F.);
#3034=EDGE_CURVE('',#2409,#2305,#1118,.F.);
#3035=EDGE_CURVE('',#2410,#2409,#1119,.T.);
#3036=EDGE_CURVE('',#2410,#2411,#1120,.F.);
#3037=EDGE_CURVE('',#2411,#2412,#1121,.T.);
#3038=EDGE_CURVE('',#2412,#2306,#1122,.T.);
#3039=EDGE_CURVE('',#2413,#2409,#1123,.T.);
#3040=EDGE_CURVE('',#2414,#2413,#1124,.T.);
#3041=EDGE_CURVE('',#2414,#2410,#1125,.T.);
#3042=EDGE_CURVE('',#2304,#2413,#1126,.F.);
#3043=EDGE_CURVE('',#2415,#2303,#1127,.T.);
#3044=EDGE_CURVE('',#2415,#2416,#1128,.T.);
#3045=EDGE_CURVE('',#2416,#2414,#1129,.F.);
#3046=EDGE_CURVE('',#2417,#2309,#1130,.F.);
#3047=EDGE_CURVE('',#2418,#2417,#1131,.T.);
#3048=EDGE_CURVE('',#2418,#2419,#1132,.F.);
#3049=EDGE_CURVE('',#2419,#2420,#1133,.T.);
#3050=EDGE_CURVE('',#2420,#2310,#1134,.T.);
#3051=EDGE_CURVE('',#2421,#2417,#1135,.T.);
#3052=EDGE_CURVE('',#2422,#2421,#1136,.T.);
#3053=EDGE_CURVE('',#2422,#2418,#1137,.T.);
#3054=EDGE_CURVE('',#2308,#2421,#1138,.F.);
#3055=EDGE_CURVE('',#2423,#2307,#1139,.T.);
#3056=EDGE_CURVE('',#2423,#2424,#1140,.T.);
#3057=EDGE_CURVE('',#2424,#2422,#1141,.F.);
#3058=EDGE_CURVE('',#2425,#2313,#1142,.F.);
#3059=EDGE_CURVE('',#2426,#2425,#1143,.T.);
#3060=EDGE_CURVE('',#2426,#2427,#1144,.F.);
#3061=EDGE_CURVE('',#2427,#2428,#1145,.T.);
#3062=EDGE_CURVE('',#2428,#2314,#1146,.T.);
#3063=EDGE_CURVE('',#2429,#2425,#1147,.T.);
#3064=EDGE_CURVE('',#2430,#2429,#1148,.T.);
#3065=EDGE_CURVE('',#2430,#2426,#1149,.T.);
#3066=EDGE_CURVE('',#2312,#2429,#1150,.F.);
#3067=EDGE_CURVE('',#2431,#2311,#1151,.T.);
#3068=EDGE_CURVE('',#2431,#2432,#1152,.T.);
#3069=EDGE_CURVE('',#2432,#2430,#1153,.F.);
#3070=EDGE_CURVE('',#2433,#2317,#1154,.F.);
#3071=EDGE_CURVE('',#2434,#2433,#1155,.T.);
#3072=EDGE_CURVE('',#2434,#2435,#1156,.F.);
#3073=EDGE_CURVE('',#2435,#2436,#1157,.T.);
#3074=EDGE_CURVE('',#2436,#2318,#1158,.T.);
#3075=EDGE_CURVE('',#2437,#2433,#1159,.T.);
#3076=EDGE_CURVE('',#2438,#2437,#1160,.T.);
#3077=EDGE_CURVE('',#2438,#2434,#1161,.T.);
#3078=EDGE_CURVE('',#2316,#2437,#1162,.F.);
#3079=EDGE_CURVE('',#2439,#2315,#1163,.T.);
#3080=EDGE_CURVE('',#2439,#2440,#1164,.T.);
#3081=EDGE_CURVE('',#2440,#2438,#1165,.F.);
#3082=EDGE_CURVE('',#2441,#2321,#1166,.F.);
#3083=EDGE_CURVE('',#2442,#2441,#1167,.T.);
#3084=EDGE_CURVE('',#2442,#2443,#1168,.F.);
#3085=EDGE_CURVE('',#2443,#2444,#1169,.T.);
#3086=EDGE_CURVE('',#2444,#2322,#1170,.T.);
#3087=EDGE_CURVE('',#2445,#2441,#1171,.T.);
#3088=EDGE_CURVE('',#2446,#2445,#1172,.T.);
#3089=EDGE_CURVE('',#2446,#2442,#1173,.T.);
#3090=EDGE_CURVE('',#2320,#2445,#1174,.F.);
#3091=EDGE_CURVE('',#2447,#2319,#1175,.T.);
#3092=EDGE_CURVE('',#2447,#2448,#1176,.T.);
#3093=EDGE_CURVE('',#2448,#2446,#1177,.F.);
#3094=EDGE_CURVE('',#2449,#2325,#1178,.F.);
#3095=EDGE_CURVE('',#2450,#2449,#1179,.T.);
#3096=EDGE_CURVE('',#2450,#2451,#1180,.F.);
#3097=EDGE_CURVE('',#2451,#2452,#1181,.T.);
#3098=EDGE_CURVE('',#2452,#2326,#1182,.T.);
#3099=EDGE_CURVE('',#2453,#2449,#1183,.T.);
#3100=EDGE_CURVE('',#2454,#2453,#1184,.T.);
#3101=EDGE_CURVE('',#2454,#2450,#1185,.T.);
#3102=EDGE_CURVE('',#2324,#2453,#1186,.F.);
#3103=EDGE_CURVE('',#2455,#2323,#1187,.T.);
#3104=EDGE_CURVE('',#2455,#2456,#1188,.T.);
#3105=EDGE_CURVE('',#2456,#2454,#1189,.F.);
#3106=EDGE_CURVE('',#2457,#2329,#1190,.F.);
#3107=EDGE_CURVE('',#2458,#2457,#1191,.T.);
#3108=EDGE_CURVE('',#2458,#2459,#1192,.F.);
#3109=EDGE_CURVE('',#2459,#2460,#1193,.T.);
#3110=EDGE_CURVE('',#2460,#2330,#1194,.T.);
#3111=EDGE_CURVE('',#2461,#2457,#1195,.T.);
#3112=EDGE_CURVE('',#2462,#2461,#1196,.T.);
#3113=EDGE_CURVE('',#2462,#2458,#1197,.T.);
#3114=EDGE_CURVE('',#2328,#2461,#1198,.F.);
#3115=EDGE_CURVE('',#2463,#2327,#1199,.T.);
#3116=EDGE_CURVE('',#2463,#2464,#1200,.T.);
#3117=EDGE_CURVE('',#2464,#2462,#1201,.F.);
#3118=EDGE_CURVE('',#2465,#2333,#1202,.F.);
#3119=EDGE_CURVE('',#2466,#2465,#1203,.T.);
#3120=EDGE_CURVE('',#2466,#2467,#1204,.F.);
#3121=EDGE_CURVE('',#2467,#2468,#1205,.T.);
#3122=EDGE_CURVE('',#2468,#2334,#1206,.T.);
#3123=EDGE_CURVE('',#2469,#2465,#1207,.T.);
#3124=EDGE_CURVE('',#2470,#2469,#1208,.T.);
#3125=EDGE_CURVE('',#2470,#2466,#1209,.T.);
#3126=EDGE_CURVE('',#2332,#2469,#1210,.F.);
#3127=EDGE_CURVE('',#2471,#2331,#1211,.T.);
#3128=EDGE_CURVE('',#2471,#2472,#1212,.T.);
#3129=EDGE_CURVE('',#2472,#2470,#1213,.F.);
#3130=EDGE_CURVE('',#2473,#2337,#1214,.F.);
#3131=EDGE_CURVE('',#2474,#2473,#1215,.T.);
#3132=EDGE_CURVE('',#2474,#2475,#1216,.F.);
#3133=EDGE_CURVE('',#2475,#2476,#1217,.T.);
#3134=EDGE_CURVE('',#2476,#2338,#1218,.T.);
#3135=EDGE_CURVE('',#2477,#2473,#1219,.T.);
#3136=EDGE_CURVE('',#2478,#2477,#1220,.T.);
#3137=EDGE_CURVE('',#2478,#2474,#1221,.T.);
#3138=EDGE_CURVE('',#2336,#2477,#1222,.F.);
#3139=EDGE_CURVE('',#2479,#2335,#1223,.T.);
#3140=EDGE_CURVE('',#2479,#2480,#1224,.T.);
#3141=EDGE_CURVE('',#2480,#2478,#1225,.F.);
#3142=EDGE_CURVE('',#2481,#2341,#1226,.F.);
#3143=EDGE_CURVE('',#2482,#2481,#1227,.T.);
#3144=EDGE_CURVE('',#2482,#2483,#1228,.F.);
#3145=EDGE_CURVE('',#2483,#2484,#1229,.T.);
#3146=EDGE_CURVE('',#2484,#2342,#1230,.T.);
#3147=EDGE_CURVE('',#2485,#2481,#1231,.T.);
#3148=EDGE_CURVE('',#2486,#2485,#1232,.T.);
#3149=EDGE_CURVE('',#2486,#2482,#1233,.T.);
#3150=EDGE_CURVE('',#2340,#2485,#1234,.F.);
#3151=EDGE_CURVE('',#2487,#2339,#1235,.T.);
#3152=EDGE_CURVE('',#2487,#2488,#1236,.T.);
#3153=EDGE_CURVE('',#2488,#2486,#1237,.F.);
#3154=EDGE_CURVE('',#2489,#2345,#1238,.F.);
#3155=EDGE_CURVE('',#2490,#2489,#1239,.T.);
#3156=EDGE_CURVE('',#2490,#2491,#1240,.F.);
#3157=EDGE_CURVE('',#2491,#2492,#1241,.T.);
#3158=EDGE_CURVE('',#2492,#2346,#1242,.T.);
#3159=EDGE_CURVE('',#2493,#2489,#1243,.T.);
#3160=EDGE_CURVE('',#2494,#2493,#1244,.T.);
#3161=EDGE_CURVE('',#2494,#2490,#1245,.T.);
#3162=EDGE_CURVE('',#2344,#2493,#1246,.F.);
#3163=EDGE_CURVE('',#2495,#2343,#1247,.T.);
#3164=EDGE_CURVE('',#2495,#2496,#1248,.T.);
#3165=EDGE_CURVE('',#2496,#2494,#1249,.F.);
#3166=EDGE_CURVE('',#2497,#2349,#1250,.F.);
#3167=EDGE_CURVE('',#2498,#2497,#1251,.T.);
#3168=EDGE_CURVE('',#2498,#2499,#1252,.F.);
#3169=EDGE_CURVE('',#2499,#2500,#1253,.T.);
#3170=EDGE_CURVE('',#2500,#2350,#1254,.T.);
#3171=EDGE_CURVE('',#2501,#2497,#1255,.T.);
#3172=EDGE_CURVE('',#2502,#2501,#1256,.T.);
#3173=EDGE_CURVE('',#2502,#2498,#1257,.T.);
#3174=EDGE_CURVE('',#2348,#2501,#1258,.F.);
#3175=EDGE_CURVE('',#2503,#2347,#1259,.T.);
#3176=EDGE_CURVE('',#2503,#2504,#1260,.T.);
#3177=EDGE_CURVE('',#2504,#2502,#1261,.F.);
#3178=EDGE_CURVE('',#2505,#2353,#1262,.F.);
#3179=EDGE_CURVE('',#2506,#2505,#1263,.T.);
#3180=EDGE_CURVE('',#2506,#2507,#1264,.F.);
#3181=EDGE_CURVE('',#2507,#2508,#1265,.T.);
#3182=EDGE_CURVE('',#2508,#2354,#1266,.T.);
#3183=EDGE_CURVE('',#2509,#2505,#1267,.T.);
#3184=EDGE_CURVE('',#2510,#2509,#1268,.T.);
#3185=EDGE_CURVE('',#2510,#2506,#1269,.T.);
#3186=EDGE_CURVE('',#2352,#2509,#1270,.F.);
#3187=EDGE_CURVE('',#2511,#2351,#1271,.T.);
#3188=EDGE_CURVE('',#2511,#2512,#1272,.T.);
#3189=EDGE_CURVE('',#2512,#2510,#1273,.F.);
#3190=EDGE_CURVE('',#2513,#2357,#1274,.F.);
#3191=EDGE_CURVE('',#2514,#2513,#1275,.T.);
#3192=EDGE_CURVE('',#2514,#2515,#1276,.F.);
#3193=EDGE_CURVE('',#2515,#2516,#1277,.T.);
#3194=EDGE_CURVE('',#2516,#2358,#1278,.T.);
#3195=EDGE_CURVE('',#2517,#2513,#1279,.T.);
#3196=EDGE_CURVE('',#2518,#2517,#1280,.T.);
#3197=EDGE_CURVE('',#2518,#2514,#1281,.T.);
#3198=EDGE_CURVE('',#2356,#2517,#1282,.F.);
#3199=EDGE_CURVE('',#2519,#2355,#1283,.T.);
#3200=EDGE_CURVE('',#2519,#2520,#1284,.T.);
#3201=EDGE_CURVE('',#2520,#2518,#1285,.F.);
#3202=EDGE_CURVE('',#2521,#2365,#1286,.F.);
#3203=EDGE_CURVE('',#2522,#2521,#1287,.T.);
#3204=EDGE_CURVE('',#2522,#2523,#1288,.F.);
#3205=EDGE_CURVE('',#2523,#2524,#1289,.T.);
#3206=EDGE_CURVE('',#2524,#2366,#1290,.T.);
#3207=EDGE_CURVE('',#2525,#2521,#1291,.T.);
#3208=EDGE_CURVE('',#2526,#2525,#1292,.T.);
#3209=EDGE_CURVE('',#2526,#2522,#1293,.T.);
#3210=EDGE_CURVE('',#2364,#2525,#1294,.F.);
#3211=EDGE_CURVE('',#2527,#2363,#1295,.T.);
#3212=EDGE_CURVE('',#2527,#2528,#1296,.T.);
#3213=EDGE_CURVE('',#2528,#2526,#1297,.F.);
#3214=EDGE_CURVE('',#2527,#2380,#2025,.T.);
#3215=EDGE_CURVE('',#2383,#2516,#2026,.T.);
#3216=EDGE_CURVE('',#2519,#2508,#2027,.T.);
#3217=EDGE_CURVE('',#2511,#2500,#2028,.T.);
#3218=EDGE_CURVE('',#2503,#2492,#2029,.T.);
#3219=EDGE_CURVE('',#2495,#2484,#2030,.T.);
#3220=EDGE_CURVE('',#2487,#2476,#2031,.T.);
#3221=EDGE_CURVE('',#2479,#2468,#2032,.T.);
#3222=EDGE_CURVE('',#2471,#2460,#2033,.T.);
#3223=EDGE_CURVE('',#2463,#2452,#2034,.T.);
#3224=EDGE_CURVE('',#2455,#2444,#2035,.T.);
#3225=EDGE_CURVE('',#2447,#2436,#2036,.T.);
#3226=EDGE_CURVE('',#2439,#2428,#2037,.T.);
#3227=EDGE_CURVE('',#2431,#2420,#2038,.T.);
#3228=EDGE_CURVE('',#2423,#2412,#2039,.T.);
#3229=EDGE_CURVE('',#2415,#2404,#2040,.T.);
#3230=EDGE_CURVE('',#2407,#2396,#2041,.T.);
#3231=EDGE_CURVE('',#2399,#2388,#2042,.T.);
#3232=EDGE_CURVE('',#2391,#2372,#2043,.T.);
#3233=EDGE_CURVE('',#2375,#2524,#2044,.T.);
#3234=EDGE_CURVE('',#2047,#2368,#1298,.T.);
#3235=EDGE_CURVE('',#2515,#2520,#1299,.T.);
#3236=EDGE_CURVE('',#2507,#2512,#1300,.T.);
#3237=EDGE_CURVE('',#2499,#2504,#1301,.T.);
#3238=EDGE_CURVE('',#2491,#2496,#1302,.T.);
#3239=EDGE_CURVE('',#2483,#2488,#1303,.T.);
#3240=EDGE_CURVE('',#2475,#2480,#1304,.T.);
#3241=EDGE_CURVE('',#2467,#2472,#1305,.T.);
#3242=EDGE_CURVE('',#2459,#2464,#1306,.T.);
#3243=EDGE_CURVE('',#2451,#2456,#1307,.T.);
#3244=EDGE_CURVE('',#2443,#2448,#1308,.T.);
#3245=EDGE_CURVE('',#2435,#2440,#1309,.T.);
#3246=EDGE_CURVE('',#2427,#2432,#1310,.T.);
#3247=EDGE_CURVE('',#2419,#2424,#1311,.T.);
#3248=EDGE_CURVE('',#2411,#2416,#1312,.T.);
#3249=EDGE_CURVE('',#2403,#2408,#1313,.T.);
#3250=EDGE_CURVE('',#2395,#2400,#1314,.T.);
#3251=EDGE_CURVE('',#2387,#2392,#1315,.T.);
#3252=EDGE_CURVE('',#2371,#2376,#1316,.T.);
#3253=EDGE_CURVE('',#2523,#2528,#1317,.T.);
#3254=EDGE_CURVE('',#2379,#2384,#1318,.T.);
#3255=ORIENTED_EDGE('',*,*,#2529,.F.);
#3256=ORIENTED_EDGE('',*,*,#2530,.T.);
#3257=ORIENTED_EDGE('',*,*,#2531,.F.);
#3258=ORIENTED_EDGE('',*,*,#2530,.F.);
#3259=ORIENTED_EDGE('',*,*,#2532,.F.);
#3260=ORIENTED_EDGE('',*,*,#2529,.T.);
#3261=ORIENTED_EDGE('',*,*,#2533,.F.);
#3262=ORIENTED_EDGE('',*,*,#2534,.T.);
#3263=ORIENTED_EDGE('',*,*,#2535,.T.);
#3264=ORIENTED_EDGE('',*,*,#2536,.F.);
#3265=ORIENTED_EDGE('',*,*,#2537,.F.);
#3266=ORIENTED_EDGE('',*,*,#2536,.T.);
#3267=ORIENTED_EDGE('',*,*,#2538,.T.);
#3268=ORIENTED_EDGE('',*,*,#2539,.F.);
#3269=ORIENTED_EDGE('',*,*,#2540,.F.);
#3270=ORIENTED_EDGE('',*,*,#2539,.T.);
#3271=ORIENTED_EDGE('',*,*,#2541,.T.);
#3272=ORIENTED_EDGE('',*,*,#2542,.F.);
#3273=ORIENTED_EDGE('',*,*,#2543,.F.);
#3274=ORIENTED_EDGE('',*,*,#2544,.T.);
#3275=ORIENTED_EDGE('',*,*,#2545,.T.);
#3276=ORIENTED_EDGE('',*,*,#2546,.F.);
#3277=ORIENTED_EDGE('',*,*,#2547,.F.);
#3278=ORIENTED_EDGE('',*,*,#2546,.T.);
#3279=ORIENTED_EDGE('',*,*,#2548,.T.);
#3280=ORIENTED_EDGE('',*,*,#2549,.F.);
#3281=ORIENTED_EDGE('',*,*,#2550,.F.);
#3282=ORIENTED_EDGE('',*,*,#2549,.T.);
#3283=ORIENTED_EDGE('',*,*,#2551,.T.);
#3284=ORIENTED_EDGE('',*,*,#2552,.F.);
#3285=ORIENTED_EDGE('',*,*,#2553,.F.);
#3286=ORIENTED_EDGE('',*,*,#2554,.T.);
#3287=ORIENTED_EDGE('',*,*,#2555,.T.);
#3288=ORIENTED_EDGE('',*,*,#2556,.F.);
#3289=ORIENTED_EDGE('',*,*,#2557,.F.);
#3290=ORIENTED_EDGE('',*,*,#2556,.T.);
#3291=ORIENTED_EDGE('',*,*,#2558,.T.);
#3292=ORIENTED_EDGE('',*,*,#2559,.F.);
#3293=ORIENTED_EDGE('',*,*,#2560,.F.);
#3294=ORIENTED_EDGE('',*,*,#2559,.T.);
#3295=ORIENTED_EDGE('',*,*,#2561,.T.);
#3296=ORIENTED_EDGE('',*,*,#2562,.F.);
#3297=ORIENTED_EDGE('',*,*,#2563,.F.);
#3298=ORIENTED_EDGE('',*,*,#2564,.T.);
#3299=ORIENTED_EDGE('',*,*,#2565,.T.);
#3300=ORIENTED_EDGE('',*,*,#2566,.F.);
#3301=ORIENTED_EDGE('',*,*,#2567,.F.);
#3302=ORIENTED_EDGE('',*,*,#2566,.T.);
#3303=ORIENTED_EDGE('',*,*,#2568,.T.);
#3304=ORIENTED_EDGE('',*,*,#2569,.F.);
#3305=ORIENTED_EDGE('',*,*,#2570,.F.);
#3306=ORIENTED_EDGE('',*,*,#2569,.T.);
#3307=ORIENTED_EDGE('',*,*,#2571,.T.);
#3308=ORIENTED_EDGE('',*,*,#2572,.F.);
#3309=ORIENTED_EDGE('',*,*,#2573,.F.);
#3310=ORIENTED_EDGE('',*,*,#2574,.T.);
#3311=ORIENTED_EDGE('',*,*,#2575,.T.);
#3312=ORIENTED_EDGE('',*,*,#2576,.F.);
#3313=ORIENTED_EDGE('',*,*,#2577,.F.);
#3314=ORIENTED_EDGE('',*,*,#2576,.T.);
#3315=ORIENTED_EDGE('',*,*,#2578,.T.);
#3316=ORIENTED_EDGE('',*,*,#2579,.F.);
#3317=ORIENTED_EDGE('',*,*,#2580,.F.);
#3318=ORIENTED_EDGE('',*,*,#2579,.T.);
#3319=ORIENTED_EDGE('',*,*,#2581,.T.);
#3320=ORIENTED_EDGE('',*,*,#2582,.F.);
#3321=ORIENTED_EDGE('',*,*,#2583,.F.);
#3322=ORIENTED_EDGE('',*,*,#2584,.T.);
#3323=ORIENTED_EDGE('',*,*,#2585,.T.);
#3324=ORIENTED_EDGE('',*,*,#2586,.F.);
#3325=ORIENTED_EDGE('',*,*,#2587,.F.);
#3326=ORIENTED_EDGE('',*,*,#2586,.T.);
#3327=ORIENTED_EDGE('',*,*,#2588,.T.);
#3328=ORIENTED_EDGE('',*,*,#2589,.F.);
#3329=ORIENTED_EDGE('',*,*,#2590,.F.);
#3330=ORIENTED_EDGE('',*,*,#2589,.T.);
#3331=ORIENTED_EDGE('',*,*,#2591,.T.);
#3332=ORIENTED_EDGE('',*,*,#2592,.F.);
#3333=ORIENTED_EDGE('',*,*,#2593,.F.);
#3334=ORIENTED_EDGE('',*,*,#2594,.T.);
#3335=ORIENTED_EDGE('',*,*,#2595,.T.);
#3336=ORIENTED_EDGE('',*,*,#2596,.F.);
#3337=ORIENTED_EDGE('',*,*,#2597,.F.);
#3338=ORIENTED_EDGE('',*,*,#2596,.T.);
#3339=ORIENTED_EDGE('',*,*,#2598,.T.);
#3340=ORIENTED_EDGE('',*,*,#2599,.F.);
#3341=ORIENTED_EDGE('',*,*,#2600,.F.);
#3342=ORIENTED_EDGE('',*,*,#2599,.T.);
#3343=ORIENTED_EDGE('',*,*,#2601,.T.);
#3344=ORIENTED_EDGE('',*,*,#2602,.F.);
#3345=ORIENTED_EDGE('',*,*,#2603,.F.);
#3346=ORIENTED_EDGE('',*,*,#2604,.T.);
#3347=ORIENTED_EDGE('',*,*,#2605,.T.);
#3348=ORIENTED_EDGE('',*,*,#2606,.F.);
#3349=ORIENTED_EDGE('',*,*,#2607,.F.);
#3350=ORIENTED_EDGE('',*,*,#2606,.T.);
#3351=ORIENTED_EDGE('',*,*,#2608,.T.);
#3352=ORIENTED_EDGE('',*,*,#2609,.F.);
#3353=ORIENTED_EDGE('',*,*,#2610,.F.);
#3354=ORIENTED_EDGE('',*,*,#2609,.T.);
#3355=ORIENTED_EDGE('',*,*,#2611,.T.);
#3356=ORIENTED_EDGE('',*,*,#2612,.F.);
#3357=ORIENTED_EDGE('',*,*,#2613,.F.);
#3358=ORIENTED_EDGE('',*,*,#2614,.T.);
#3359=ORIENTED_EDGE('',*,*,#2615,.T.);
#3360=ORIENTED_EDGE('',*,*,#2616,.F.);
#3361=ORIENTED_EDGE('',*,*,#2617,.F.);
#3362=ORIENTED_EDGE('',*,*,#2616,.T.);
#3363=ORIENTED_EDGE('',*,*,#2618,.T.);
#3364=ORIENTED_EDGE('',*,*,#2619,.F.);
#3365=ORIENTED_EDGE('',*,*,#2620,.F.);
#3366=ORIENTED_EDGE('',*,*,#2619,.T.);
#3367=ORIENTED_EDGE('',*,*,#2621,.T.);
#3368=ORIENTED_EDGE('',*,*,#2622,.F.);
#3369=ORIENTED_EDGE('',*,*,#2623,.F.);
#3370=ORIENTED_EDGE('',*,*,#2624,.T.);
#3371=ORIENTED_EDGE('',*,*,#2625,.T.);
#3372=ORIENTED_EDGE('',*,*,#2626,.F.);
#3373=ORIENTED_EDGE('',*,*,#2627,.F.);
#3374=ORIENTED_EDGE('',*,*,#2626,.T.);
#3375=ORIENTED_EDGE('',*,*,#2628,.T.);
#3376=ORIENTED_EDGE('',*,*,#2629,.F.);
#3377=ORIENTED_EDGE('',*,*,#2630,.F.);
#3378=ORIENTED_EDGE('',*,*,#2629,.T.);
#3379=ORIENTED_EDGE('',*,*,#2631,.T.);
#3380=ORIENTED_EDGE('',*,*,#2632,.F.);
#3381=ORIENTED_EDGE('',*,*,#2633,.F.);
#3382=ORIENTED_EDGE('',*,*,#2634,.T.);
#3383=ORIENTED_EDGE('',*,*,#2635,.T.);
#3384=ORIENTED_EDGE('',*,*,#2636,.F.);
#3385=ORIENTED_EDGE('',*,*,#2637,.F.);
#3386=ORIENTED_EDGE('',*,*,#2636,.T.);
#3387=ORIENTED_EDGE('',*,*,#2638,.T.);
#3388=ORIENTED_EDGE('',*,*,#2639,.F.);
#3389=ORIENTED_EDGE('',*,*,#2640,.F.);
#3390=ORIENTED_EDGE('',*,*,#2639,.T.);
#3391=ORIENTED_EDGE('',*,*,#2641,.T.);
#3392=ORIENTED_EDGE('',*,*,#2642,.F.);
#3393=ORIENTED_EDGE('',*,*,#2643,.F.);
#3394=ORIENTED_EDGE('',*,*,#2644,.T.);
#3395=ORIENTED_EDGE('',*,*,#2645,.T.);
#3396=ORIENTED_EDGE('',*,*,#2646,.F.);
#3397=ORIENTED_EDGE('',*,*,#2647,.F.);
#3398=ORIENTED_EDGE('',*,*,#2646,.T.);
#3399=ORIENTED_EDGE('',*,*,#2648,.T.);
#3400=ORIENTED_EDGE('',*,*,#2649,.F.);
#3401=ORIENTED_EDGE('',*,*,#2650,.F.);
#3402=ORIENTED_EDGE('',*,*,#2649,.T.);
#3403=ORIENTED_EDGE('',*,*,#2651,.T.);
#3404=ORIENTED_EDGE('',*,*,#2652,.F.);
#3405=ORIENTED_EDGE('',*,*,#2653,.F.);
#3406=ORIENTED_EDGE('',*,*,#2654,.T.);
#3407=ORIENTED_EDGE('',*,*,#2655,.T.);
#3408=ORIENTED_EDGE('',*,*,#2656,.F.);
#3409=ORIENTED_EDGE('',*,*,#2657,.F.);
#3410=ORIENTED_EDGE('',*,*,#2656,.T.);
#3411=ORIENTED_EDGE('',*,*,#2658,.T.);
#3412=ORIENTED_EDGE('',*,*,#2659,.F.);
#3413=ORIENTED_EDGE('',*,*,#2660,.F.);
#3414=ORIENTED_EDGE('',*,*,#2659,.T.);
#3415=ORIENTED_EDGE('',*,*,#2661,.T.);
#3416=ORIENTED_EDGE('',*,*,#2662,.F.);
#3417=ORIENTED_EDGE('',*,*,#2663,.F.);
#3418=ORIENTED_EDGE('',*,*,#2664,.T.);
#3419=ORIENTED_EDGE('',*,*,#2665,.T.);
#3420=ORIENTED_EDGE('',*,*,#2666,.F.);
#3421=ORIENTED_EDGE('',*,*,#2667,.F.);
#3422=ORIENTED_EDGE('',*,*,#2666,.T.);
#3423=ORIENTED_EDGE('',*,*,#2668,.T.);
#3424=ORIENTED_EDGE('',*,*,#2669,.F.);
#3425=ORIENTED_EDGE('',*,*,#2670,.F.);
#3426=ORIENTED_EDGE('',*,*,#2669,.T.);
#3427=ORIENTED_EDGE('',*,*,#2671,.T.);
#3428=ORIENTED_EDGE('',*,*,#2672,.F.);
#3429=ORIENTED_EDGE('',*,*,#2673,.F.);
#3430=ORIENTED_EDGE('',*,*,#2674,.T.);
#3431=ORIENTED_EDGE('',*,*,#2675,.T.);
#3432=ORIENTED_EDGE('',*,*,#2676,.F.);
#3433=ORIENTED_EDGE('',*,*,#2677,.F.);
#3434=ORIENTED_EDGE('',*,*,#2676,.T.);
#3435=ORIENTED_EDGE('',*,*,#2678,.T.);
#3436=ORIENTED_EDGE('',*,*,#2679,.F.);
#3437=ORIENTED_EDGE('',*,*,#2680,.F.);
#3438=ORIENTED_EDGE('',*,*,#2679,.T.);
#3439=ORIENTED_EDGE('',*,*,#2681,.T.);
#3440=ORIENTED_EDGE('',*,*,#2682,.F.);
#3441=ORIENTED_EDGE('',*,*,#2683,.F.);
#3442=ORIENTED_EDGE('',*,*,#2684,.T.);
#3443=ORIENTED_EDGE('',*,*,#2685,.T.);
#3444=ORIENTED_EDGE('',*,*,#2686,.F.);
#3445=ORIENTED_EDGE('',*,*,#2687,.F.);
#3446=ORIENTED_EDGE('',*,*,#2686,.T.);
#3447=ORIENTED_EDGE('',*,*,#2688,.T.);
#3448=ORIENTED_EDGE('',*,*,#2689,.F.);
#3449=ORIENTED_EDGE('',*,*,#2690,.F.);
#3450=ORIENTED_EDGE('',*,*,#2689,.T.);
#3451=ORIENTED_EDGE('',*,*,#2691,.T.);
#3452=ORIENTED_EDGE('',*,*,#2692,.F.);
#3453=ORIENTED_EDGE('',*,*,#2693,.F.);
#3454=ORIENTED_EDGE('',*,*,#2694,.T.);
#3455=ORIENTED_EDGE('',*,*,#2695,.T.);
#3456=ORIENTED_EDGE('',*,*,#2696,.F.);
#3457=ORIENTED_EDGE('',*,*,#2697,.F.);
#3458=ORIENTED_EDGE('',*,*,#2696,.T.);
#3459=ORIENTED_EDGE('',*,*,#2698,.T.);
#3460=ORIENTED_EDGE('',*,*,#2699,.F.);
#3461=ORIENTED_EDGE('',*,*,#2700,.F.);
#3462=ORIENTED_EDGE('',*,*,#2699,.T.);
#3463=ORIENTED_EDGE('',*,*,#2701,.T.);
#3464=ORIENTED_EDGE('',*,*,#2702,.F.);
#3465=ORIENTED_EDGE('',*,*,#2703,.F.);
#3466=ORIENTED_EDGE('',*,*,#2704,.T.);
#3467=ORIENTED_EDGE('',*,*,#2705,.T.);
#3468=ORIENTED_EDGE('',*,*,#2706,.F.);
#3469=ORIENTED_EDGE('',*,*,#2707,.F.);
#3470=ORIENTED_EDGE('',*,*,#2706,.T.);
#3471=ORIENTED_EDGE('',*,*,#2708,.T.);
#3472=ORIENTED_EDGE('',*,*,#2709,.F.);
#3473=ORIENTED_EDGE('',*,*,#2710,.F.);
#3474=ORIENTED_EDGE('',*,*,#2709,.T.);
#3475=ORIENTED_EDGE('',*,*,#2711,.T.);
#3476=ORIENTED_EDGE('',*,*,#2712,.F.);
#3477=ORIENTED_EDGE('',*,*,#2713,.F.);
#3478=ORIENTED_EDGE('',*,*,#2714,.T.);
#3479=ORIENTED_EDGE('',*,*,#2715,.T.);
#3480=ORIENTED_EDGE('',*,*,#2716,.F.);
#3481=ORIENTED_EDGE('',*,*,#2717,.F.);
#3482=ORIENTED_EDGE('',*,*,#2716,.T.);
#3483=ORIENTED_EDGE('',*,*,#2718,.T.);
#3484=ORIENTED_EDGE('',*,*,#2719,.F.);
#3485=ORIENTED_EDGE('',*,*,#2720,.F.);
#3486=ORIENTED_EDGE('',*,*,#2719,.T.);
#3487=ORIENTED_EDGE('',*,*,#2721,.T.);
#3488=ORIENTED_EDGE('',*,*,#2722,.F.);
#3489=ORIENTED_EDGE('',*,*,#2723,.F.);
#3490=ORIENTED_EDGE('',*,*,#2724,.T.);
#3491=ORIENTED_EDGE('',*,*,#2725,.T.);
#3492=ORIENTED_EDGE('',*,*,#2726,.F.);
#3493=ORIENTED_EDGE('',*,*,#2727,.F.);
#3494=ORIENTED_EDGE('',*,*,#2728,.F.);
#3495=ORIENTED_EDGE('',*,*,#2729,.F.);
#3496=ORIENTED_EDGE('',*,*,#2730,.F.);
#3497=ORIENTED_EDGE('',*,*,#2725,.F.);
#3498=ORIENTED_EDGE('',*,*,#2731,.F.);
#3499=ORIENTED_EDGE('',*,*,#2732,.F.);
#3500=ORIENTED_EDGE('',*,*,#2733,.F.);
#3501=ORIENTED_EDGE('',*,*,#2721,.F.);
#3502=ORIENTED_EDGE('',*,*,#2718,.F.);
#3503=ORIENTED_EDGE('',*,*,#2715,.F.);
#3504=ORIENTED_EDGE('',*,*,#2734,.F.);
#3505=ORIENTED_EDGE('',*,*,#2735,.F.);
#3506=ORIENTED_EDGE('',*,*,#2736,.F.);
#3507=ORIENTED_EDGE('',*,*,#2711,.F.);
#3508=ORIENTED_EDGE('',*,*,#2708,.F.);
#3509=ORIENTED_EDGE('',*,*,#2705,.F.);
#3510=ORIENTED_EDGE('',*,*,#2737,.F.);
#3511=ORIENTED_EDGE('',*,*,#2738,.F.);
#3512=ORIENTED_EDGE('',*,*,#2739,.F.);
#3513=ORIENTED_EDGE('',*,*,#2701,.F.);
#3514=ORIENTED_EDGE('',*,*,#2698,.F.);
#3515=ORIENTED_EDGE('',*,*,#2695,.F.);
#3516=ORIENTED_EDGE('',*,*,#2740,.F.);
#3517=ORIENTED_EDGE('',*,*,#2741,.F.);
#3518=ORIENTED_EDGE('',*,*,#2742,.F.);
#3519=ORIENTED_EDGE('',*,*,#2691,.F.);
#3520=ORIENTED_EDGE('',*,*,#2688,.F.);
#3521=ORIENTED_EDGE('',*,*,#2685,.F.);
#3522=ORIENTED_EDGE('',*,*,#2743,.F.);
#3523=ORIENTED_EDGE('',*,*,#2744,.F.);
#3524=ORIENTED_EDGE('',*,*,#2745,.F.);
#3525=ORIENTED_EDGE('',*,*,#2681,.F.);
#3526=ORIENTED_EDGE('',*,*,#2678,.F.);
#3527=ORIENTED_EDGE('',*,*,#2675,.F.);
#3528=ORIENTED_EDGE('',*,*,#2746,.F.);
#3529=ORIENTED_EDGE('',*,*,#2747,.F.);
#3530=ORIENTED_EDGE('',*,*,#2748,.F.);
#3531=ORIENTED_EDGE('',*,*,#2671,.F.);
#3532=ORIENTED_EDGE('',*,*,#2668,.F.);
#3533=ORIENTED_EDGE('',*,*,#2665,.F.);
#3534=ORIENTED_EDGE('',*,*,#2749,.F.);
#3535=ORIENTED_EDGE('',*,*,#2750,.F.);
#3536=ORIENTED_EDGE('',*,*,#2751,.F.);
#3537=ORIENTED_EDGE('',*,*,#2661,.F.);
#3538=ORIENTED_EDGE('',*,*,#2658,.F.);
#3539=ORIENTED_EDGE('',*,*,#2655,.F.);
#3540=ORIENTED_EDGE('',*,*,#2752,.F.);
#3541=ORIENTED_EDGE('',*,*,#2753,.F.);
#3542=ORIENTED_EDGE('',*,*,#2754,.F.);
#3543=ORIENTED_EDGE('',*,*,#2651,.F.);
#3544=ORIENTED_EDGE('',*,*,#2648,.F.);
#3545=ORIENTED_EDGE('',*,*,#2645,.F.);
#3546=ORIENTED_EDGE('',*,*,#2755,.F.);
#3547=ORIENTED_EDGE('',*,*,#2756,.F.);
#3548=ORIENTED_EDGE('',*,*,#2757,.F.);
#3549=ORIENTED_EDGE('',*,*,#2641,.F.);
#3550=ORIENTED_EDGE('',*,*,#2638,.F.);
#3551=ORIENTED_EDGE('',*,*,#2635,.F.);
#3552=ORIENTED_EDGE('',*,*,#2758,.F.);
#3553=ORIENTED_EDGE('',*,*,#2759,.F.);
#3554=ORIENTED_EDGE('',*,*,#2760,.F.);
#3555=ORIENTED_EDGE('',*,*,#2631,.F.);
#3556=ORIENTED_EDGE('',*,*,#2628,.F.);
#3557=ORIENTED_EDGE('',*,*,#2625,.F.);
#3558=ORIENTED_EDGE('',*,*,#2761,.F.);
#3559=ORIENTED_EDGE('',*,*,#2762,.F.);
#3560=ORIENTED_EDGE('',*,*,#2763,.F.);
#3561=ORIENTED_EDGE('',*,*,#2621,.F.);
#3562=ORIENTED_EDGE('',*,*,#2618,.F.);
#3563=ORIENTED_EDGE('',*,*,#2615,.F.);
#3564=ORIENTED_EDGE('',*,*,#2764,.F.);
#3565=ORIENTED_EDGE('',*,*,#2765,.F.);
#3566=ORIENTED_EDGE('',*,*,#2766,.F.);
#3567=ORIENTED_EDGE('',*,*,#2611,.F.);
#3568=ORIENTED_EDGE('',*,*,#2608,.F.);
#3569=ORIENTED_EDGE('',*,*,#2605,.F.);
#3570=ORIENTED_EDGE('',*,*,#2767,.F.);
#3571=ORIENTED_EDGE('',*,*,#2768,.F.);
#3572=ORIENTED_EDGE('',*,*,#2769,.F.);
#3573=ORIENTED_EDGE('',*,*,#2601,.F.);
#3574=ORIENTED_EDGE('',*,*,#2598,.F.);
#3575=ORIENTED_EDGE('',*,*,#2595,.F.);
#3576=ORIENTED_EDGE('',*,*,#2770,.F.);
#3577=ORIENTED_EDGE('',*,*,#2771,.F.);
#3578=ORIENTED_EDGE('',*,*,#2772,.F.);
#3579=ORIENTED_EDGE('',*,*,#2591,.F.);
#3580=ORIENTED_EDGE('',*,*,#2588,.F.);
#3581=ORIENTED_EDGE('',*,*,#2585,.F.);
#3582=ORIENTED_EDGE('',*,*,#2773,.F.);
#3583=ORIENTED_EDGE('',*,*,#2774,.F.);
#3584=ORIENTED_EDGE('',*,*,#2775,.F.);
#3585=ORIENTED_EDGE('',*,*,#2581,.F.);
#3586=ORIENTED_EDGE('',*,*,#2578,.F.);
#3587=ORIENTED_EDGE('',*,*,#2575,.F.);
#3588=ORIENTED_EDGE('',*,*,#2776,.F.);
#3589=ORIENTED_EDGE('',*,*,#2777,.F.);
#3590=ORIENTED_EDGE('',*,*,#2778,.F.);
#3591=ORIENTED_EDGE('',*,*,#2571,.F.);
#3592=ORIENTED_EDGE('',*,*,#2568,.F.);
#3593=ORIENTED_EDGE('',*,*,#2565,.F.);
#3594=ORIENTED_EDGE('',*,*,#2779,.F.);
#3595=ORIENTED_EDGE('',*,*,#2780,.F.);
#3596=ORIENTED_EDGE('',*,*,#2781,.F.);
#3597=ORIENTED_EDGE('',*,*,#2561,.F.);
#3598=ORIENTED_EDGE('',*,*,#2558,.F.);
#3599=ORIENTED_EDGE('',*,*,#2555,.F.);
#3600=ORIENTED_EDGE('',*,*,#2782,.F.);
#3601=ORIENTED_EDGE('',*,*,#2783,.F.);
#3602=ORIENTED_EDGE('',*,*,#2784,.F.);
#3603=ORIENTED_EDGE('',*,*,#2551,.F.);
#3604=ORIENTED_EDGE('',*,*,#2548,.F.);
#3605=ORIENTED_EDGE('',*,*,#2545,.F.);
#3606=ORIENTED_EDGE('',*,*,#2785,.F.);
#3607=ORIENTED_EDGE('',*,*,#2786,.F.);
#3608=ORIENTED_EDGE('',*,*,#2787,.F.);
#3609=ORIENTED_EDGE('',*,*,#2541,.F.);
#3610=ORIENTED_EDGE('',*,*,#2538,.F.);
#3611=ORIENTED_EDGE('',*,*,#2535,.F.);
#3612=ORIENTED_EDGE('',*,*,#2788,.F.);
#3613=ORIENTED_EDGE('',*,*,#2789,.F.);
#3614=ORIENTED_EDGE('',*,*,#2726,.T.);
#3615=ORIENTED_EDGE('',*,*,#2730,.T.);
#3616=ORIENTED_EDGE('',*,*,#2790,.F.);
#3617=ORIENTED_EDGE('',*,*,#2791,.F.);
#3618=ORIENTED_EDGE('',*,*,#2790,.T.);
#3619=ORIENTED_EDGE('',*,*,#2729,.T.);
#3620=ORIENTED_EDGE('',*,*,#2792,.F.);
#3621=ORIENTED_EDGE('',*,*,#2793,.F.);
#3622=ORIENTED_EDGE('',*,*,#2794,.F.);
#3623=ORIENTED_EDGE('',*,*,#2542,.T.);
#3624=ORIENTED_EDGE('',*,*,#2787,.T.);
#3625=ORIENTED_EDGE('',*,*,#2795,.F.);
#3626=ORIENTED_EDGE('',*,*,#2796,.F.);
#3627=ORIENTED_EDGE('',*,*,#2788,.T.);
#3628=ORIENTED_EDGE('',*,*,#2534,.F.);
#3629=ORIENTED_EDGE('',*,*,#2797,.F.);
#3630=ORIENTED_EDGE('',*,*,#2798,.F.);
#3631=ORIENTED_EDGE('',*,*,#2552,.T.);
#3632=ORIENTED_EDGE('',*,*,#2784,.T.);
#3633=ORIENTED_EDGE('',*,*,#2799,.F.);
#3634=ORIENTED_EDGE('',*,*,#2800,.F.);
#3635=ORIENTED_EDGE('',*,*,#2785,.T.);
#3636=ORIENTED_EDGE('',*,*,#2544,.F.);
#3637=ORIENTED_EDGE('',*,*,#2801,.F.);
#3638=ORIENTED_EDGE('',*,*,#2802,.F.);
#3639=ORIENTED_EDGE('',*,*,#2562,.T.);
#3640=ORIENTED_EDGE('',*,*,#2781,.T.);
#3641=ORIENTED_EDGE('',*,*,#2803,.F.);
#3642=ORIENTED_EDGE('',*,*,#2804,.F.);
#3643=ORIENTED_EDGE('',*,*,#2782,.T.);
#3644=ORIENTED_EDGE('',*,*,#2554,.F.);
#3645=ORIENTED_EDGE('',*,*,#2805,.F.);
#3646=ORIENTED_EDGE('',*,*,#2806,.F.);
#3647=ORIENTED_EDGE('',*,*,#2572,.T.);
#3648=ORIENTED_EDGE('',*,*,#2778,.T.);
#3649=ORIENTED_EDGE('',*,*,#2807,.F.);
#3650=ORIENTED_EDGE('',*,*,#2808,.F.);
#3651=ORIENTED_EDGE('',*,*,#2779,.T.);
#3652=ORIENTED_EDGE('',*,*,#2564,.F.);
#3653=ORIENTED_EDGE('',*,*,#2809,.F.);
#3654=ORIENTED_EDGE('',*,*,#2810,.F.);
#3655=ORIENTED_EDGE('',*,*,#2582,.T.);
#3656=ORIENTED_EDGE('',*,*,#2775,.T.);
#3657=ORIENTED_EDGE('',*,*,#2811,.F.);
#3658=ORIENTED_EDGE('',*,*,#2812,.F.);
#3659=ORIENTED_EDGE('',*,*,#2776,.T.);
#3660=ORIENTED_EDGE('',*,*,#2574,.F.);
#3661=ORIENTED_EDGE('',*,*,#2813,.F.);
#3662=ORIENTED_EDGE('',*,*,#2814,.F.);
#3663=ORIENTED_EDGE('',*,*,#2592,.T.);
#3664=ORIENTED_EDGE('',*,*,#2772,.T.);
#3665=ORIENTED_EDGE('',*,*,#2815,.F.);
#3666=ORIENTED_EDGE('',*,*,#2816,.F.);
#3667=ORIENTED_EDGE('',*,*,#2773,.T.);
#3668=ORIENTED_EDGE('',*,*,#2584,.F.);
#3669=ORIENTED_EDGE('',*,*,#2817,.F.);
#3670=ORIENTED_EDGE('',*,*,#2818,.F.);
#3671=ORIENTED_EDGE('',*,*,#2602,.T.);
#3672=ORIENTED_EDGE('',*,*,#2769,.T.);
#3673=ORIENTED_EDGE('',*,*,#2819,.F.);
#3674=ORIENTED_EDGE('',*,*,#2820,.F.);
#3675=ORIENTED_EDGE('',*,*,#2770,.T.);
#3676=ORIENTED_EDGE('',*,*,#2594,.F.);
#3677=ORIENTED_EDGE('',*,*,#2821,.F.);
#3678=ORIENTED_EDGE('',*,*,#2822,.F.);
#3679=ORIENTED_EDGE('',*,*,#2612,.T.);
#3680=ORIENTED_EDGE('',*,*,#2766,.T.);
#3681=ORIENTED_EDGE('',*,*,#2823,.F.);
#3682=ORIENTED_EDGE('',*,*,#2824,.F.);
#3683=ORIENTED_EDGE('',*,*,#2767,.T.);
#3684=ORIENTED_EDGE('',*,*,#2604,.F.);
#3685=ORIENTED_EDGE('',*,*,#2825,.F.);
#3686=ORIENTED_EDGE('',*,*,#2826,.F.);
#3687=ORIENTED_EDGE('',*,*,#2622,.T.);
#3688=ORIENTED_EDGE('',*,*,#2763,.T.);
#3689=ORIENTED_EDGE('',*,*,#2827,.F.);
#3690=ORIENTED_EDGE('',*,*,#2828,.F.);
#3691=ORIENTED_EDGE('',*,*,#2764,.T.);
#3692=ORIENTED_EDGE('',*,*,#2614,.F.);
#3693=ORIENTED_EDGE('',*,*,#2829,.F.);
#3694=ORIENTED_EDGE('',*,*,#2830,.F.);
#3695=ORIENTED_EDGE('',*,*,#2632,.T.);
#3696=ORIENTED_EDGE('',*,*,#2760,.T.);
#3697=ORIENTED_EDGE('',*,*,#2831,.F.);
#3698=ORIENTED_EDGE('',*,*,#2832,.F.);
#3699=ORIENTED_EDGE('',*,*,#2761,.T.);
#3700=ORIENTED_EDGE('',*,*,#2624,.F.);
#3701=ORIENTED_EDGE('',*,*,#2833,.F.);
#3702=ORIENTED_EDGE('',*,*,#2834,.F.);
#3703=ORIENTED_EDGE('',*,*,#2642,.T.);
#3704=ORIENTED_EDGE('',*,*,#2757,.T.);
#3705=ORIENTED_EDGE('',*,*,#2835,.F.);
#3706=ORIENTED_EDGE('',*,*,#2836,.F.);
#3707=ORIENTED_EDGE('',*,*,#2758,.T.);
#3708=ORIENTED_EDGE('',*,*,#2634,.F.);
#3709=ORIENTED_EDGE('',*,*,#2837,.F.);
#3710=ORIENTED_EDGE('',*,*,#2838,.F.);
#3711=ORIENTED_EDGE('',*,*,#2652,.T.);
#3712=ORIENTED_EDGE('',*,*,#2754,.T.);
#3713=ORIENTED_EDGE('',*,*,#2839,.F.);
#3714=ORIENTED_EDGE('',*,*,#2840,.F.);
#3715=ORIENTED_EDGE('',*,*,#2755,.T.);
#3716=ORIENTED_EDGE('',*,*,#2644,.F.);
#3717=ORIENTED_EDGE('',*,*,#2841,.F.);
#3718=ORIENTED_EDGE('',*,*,#2842,.F.);
#3719=ORIENTED_EDGE('',*,*,#2662,.T.);
#3720=ORIENTED_EDGE('',*,*,#2751,.T.);
#3721=ORIENTED_EDGE('',*,*,#2843,.F.);
#3722=ORIENTED_EDGE('',*,*,#2844,.F.);
#3723=ORIENTED_EDGE('',*,*,#2752,.T.);
#3724=ORIENTED_EDGE('',*,*,#2654,.F.);
#3725=ORIENTED_EDGE('',*,*,#2845,.F.);
#3726=ORIENTED_EDGE('',*,*,#2846,.F.);
#3727=ORIENTED_EDGE('',*,*,#2672,.T.);
#3728=ORIENTED_EDGE('',*,*,#2748,.T.);
#3729=ORIENTED_EDGE('',*,*,#2847,.F.);
#3730=ORIENTED_EDGE('',*,*,#2848,.F.);
#3731=ORIENTED_EDGE('',*,*,#2749,.T.);
#3732=ORIENTED_EDGE('',*,*,#2664,.F.);
#3733=ORIENTED_EDGE('',*,*,#2849,.F.);
#3734=ORIENTED_EDGE('',*,*,#2850,.F.);
#3735=ORIENTED_EDGE('',*,*,#2682,.T.);
#3736=ORIENTED_EDGE('',*,*,#2745,.T.);
#3737=ORIENTED_EDGE('',*,*,#2851,.F.);
#3738=ORIENTED_EDGE('',*,*,#2852,.F.);
#3739=ORIENTED_EDGE('',*,*,#2746,.T.);
#3740=ORIENTED_EDGE('',*,*,#2674,.F.);
#3741=ORIENTED_EDGE('',*,*,#2853,.F.);
#3742=ORIENTED_EDGE('',*,*,#2854,.F.);
#3743=ORIENTED_EDGE('',*,*,#2692,.T.);
#3744=ORIENTED_EDGE('',*,*,#2742,.T.);
#3745=ORIENTED_EDGE('',*,*,#2855,.F.);
#3746=ORIENTED_EDGE('',*,*,#2856,.F.);
#3747=ORIENTED_EDGE('',*,*,#2743,.T.);
#3748=ORIENTED_EDGE('',*,*,#2684,.F.);
#3749=ORIENTED_EDGE('',*,*,#2857,.F.);
#3750=ORIENTED_EDGE('',*,*,#2858,.F.);
#3751=ORIENTED_EDGE('',*,*,#2702,.T.);
#3752=ORIENTED_EDGE('',*,*,#2739,.T.);
#3753=ORIENTED_EDGE('',*,*,#2859,.F.);
#3754=ORIENTED_EDGE('',*,*,#2860,.F.);
#3755=ORIENTED_EDGE('',*,*,#2740,.T.);
#3756=ORIENTED_EDGE('',*,*,#2694,.F.);
#3757=ORIENTED_EDGE('',*,*,#2861,.F.);
#3758=ORIENTED_EDGE('',*,*,#2862,.F.);
#3759=ORIENTED_EDGE('',*,*,#2712,.T.);
#3760=ORIENTED_EDGE('',*,*,#2736,.T.);
#3761=ORIENTED_EDGE('',*,*,#2863,.F.);
#3762=ORIENTED_EDGE('',*,*,#2864,.F.);
#3763=ORIENTED_EDGE('',*,*,#2737,.T.);
#3764=ORIENTED_EDGE('',*,*,#2704,.F.);
#3765=ORIENTED_EDGE('',*,*,#2865,.F.);
#3766=ORIENTED_EDGE('',*,*,#2866,.F.);
#3767=ORIENTED_EDGE('',*,*,#2722,.T.);
#3768=ORIENTED_EDGE('',*,*,#2733,.T.);
#3769=ORIENTED_EDGE('',*,*,#2867,.F.);
#3770=ORIENTED_EDGE('',*,*,#2868,.F.);
#3771=ORIENTED_EDGE('',*,*,#2734,.T.);
#3772=ORIENTED_EDGE('',*,*,#2714,.F.);
#3773=ORIENTED_EDGE('',*,*,#2869,.F.);
#3774=ORIENTED_EDGE('',*,*,#2870,.F.);
#3775=ORIENTED_EDGE('',*,*,#2792,.T.);
#3776=ORIENTED_EDGE('',*,*,#2728,.T.);
#3777=ORIENTED_EDGE('',*,*,#2871,.F.);
#3778=ORIENTED_EDGE('',*,*,#2872,.F.);
#3779=ORIENTED_EDGE('',*,*,#2731,.T.);
#3780=ORIENTED_EDGE('',*,*,#2724,.F.);
#3781=ORIENTED_EDGE('',*,*,#2873,.F.);
#3782=ORIENTED_EDGE('',*,*,#2874,.T.);
#3783=ORIENTED_EDGE('',*,*,#2875,.F.);
#3784=ORIENTED_EDGE('',*,*,#2876,.T.);
#3785=ORIENTED_EDGE('',*,*,#2877,.F.);
#3786=ORIENTED_EDGE('',*,*,#2878,.T.);
#3787=ORIENTED_EDGE('',*,*,#2879,.F.);
#3788=ORIENTED_EDGE('',*,*,#2880,.T.);
#3789=ORIENTED_EDGE('',*,*,#2881,.F.);
#3790=ORIENTED_EDGE('',*,*,#2882,.T.);
#3791=ORIENTED_EDGE('',*,*,#2883,.F.);
#3792=ORIENTED_EDGE('',*,*,#2884,.T.);
#3793=ORIENTED_EDGE('',*,*,#2885,.F.);
#3794=ORIENTED_EDGE('',*,*,#2886,.T.);
#3795=ORIENTED_EDGE('',*,*,#2887,.F.);
#3796=ORIENTED_EDGE('',*,*,#2888,.T.);
#3797=ORIENTED_EDGE('',*,*,#2889,.F.);
#3798=ORIENTED_EDGE('',*,*,#2890,.T.);
#3799=ORIENTED_EDGE('',*,*,#2891,.F.);
#3800=ORIENTED_EDGE('',*,*,#2892,.T.);
#3801=ORIENTED_EDGE('',*,*,#2893,.F.);
#3802=ORIENTED_EDGE('',*,*,#2894,.T.);
#3803=ORIENTED_EDGE('',*,*,#2895,.F.);
#3804=ORIENTED_EDGE('',*,*,#2896,.T.);
#3805=ORIENTED_EDGE('',*,*,#2897,.F.);
#3806=ORIENTED_EDGE('',*,*,#2898,.T.);
#3807=ORIENTED_EDGE('',*,*,#2899,.F.);
#3808=ORIENTED_EDGE('',*,*,#2900,.T.);
#3809=ORIENTED_EDGE('',*,*,#2901,.F.);
#3810=ORIENTED_EDGE('',*,*,#2902,.T.);
#3811=ORIENTED_EDGE('',*,*,#2903,.F.);
#3812=ORIENTED_EDGE('',*,*,#2904,.T.);
#3813=ORIENTED_EDGE('',*,*,#2905,.F.);
#3814=ORIENTED_EDGE('',*,*,#2906,.T.);
#3815=ORIENTED_EDGE('',*,*,#2907,.F.);
#3816=ORIENTED_EDGE('',*,*,#2908,.T.);
#3817=ORIENTED_EDGE('',*,*,#2909,.F.);
#3818=ORIENTED_EDGE('',*,*,#2910,.T.);
#3819=ORIENTED_EDGE('',*,*,#2911,.F.);
#3820=ORIENTED_EDGE('',*,*,#2912,.T.);
#3821=ORIENTED_EDGE('',*,*,#2913,.F.);
#3822=ORIENTED_EDGE('',*,*,#2914,.T.);
#3823=ORIENTED_EDGE('',*,*,#2915,.F.);
#3824=ORIENTED_EDGE('',*,*,#2916,.T.);
#3825=ORIENTED_EDGE('',*,*,#2917,.F.);
#3826=ORIENTED_EDGE('',*,*,#2918,.T.);
#3827=ORIENTED_EDGE('',*,*,#2919,.F.);
#3828=ORIENTED_EDGE('',*,*,#2920,.T.);
#3829=ORIENTED_EDGE('',*,*,#2921,.F.);
#3830=ORIENTED_EDGE('',*,*,#2922,.T.);
#3831=ORIENTED_EDGE('',*,*,#2923,.F.);
#3832=ORIENTED_EDGE('',*,*,#2924,.T.);
#3833=ORIENTED_EDGE('',*,*,#2925,.F.);
#3834=ORIENTED_EDGE('',*,*,#2926,.T.);
#3835=ORIENTED_EDGE('',*,*,#2927,.F.);
#3836=ORIENTED_EDGE('',*,*,#2928,.T.);
#3837=ORIENTED_EDGE('',*,*,#2929,.F.);
#3838=ORIENTED_EDGE('',*,*,#2930,.T.);
#3839=ORIENTED_EDGE('',*,*,#2931,.F.);
#3840=ORIENTED_EDGE('',*,*,#2932,.T.);
#3841=ORIENTED_EDGE('',*,*,#2933,.F.);
#3842=ORIENTED_EDGE('',*,*,#2934,.T.);
#3843=ORIENTED_EDGE('',*,*,#2935,.F.);
#3844=ORIENTED_EDGE('',*,*,#2936,.T.);
#3845=ORIENTED_EDGE('',*,*,#2937,.F.);
#3846=ORIENTED_EDGE('',*,*,#2938,.T.);
#3847=ORIENTED_EDGE('',*,*,#2939,.F.);
#3848=ORIENTED_EDGE('',*,*,#2940,.T.);
#3849=ORIENTED_EDGE('',*,*,#2941,.F.);
#3850=ORIENTED_EDGE('',*,*,#2942,.T.);
#3851=ORIENTED_EDGE('',*,*,#2943,.F.);
#3852=ORIENTED_EDGE('',*,*,#2944,.T.);
#3853=ORIENTED_EDGE('',*,*,#2945,.F.);
#3854=ORIENTED_EDGE('',*,*,#2946,.T.);
#3855=ORIENTED_EDGE('',*,*,#2947,.F.);
#3856=ORIENTED_EDGE('',*,*,#2948,.T.);
#3857=ORIENTED_EDGE('',*,*,#2949,.F.);
#3858=ORIENTED_EDGE('',*,*,#2950,.T.);
#3859=ORIENTED_EDGE('',*,*,#2951,.F.);
#3860=ORIENTED_EDGE('',*,*,#2952,.T.);
#3861=ORIENTED_EDGE('',*,*,#2795,.T.);
#3862=ORIENTED_EDGE('',*,*,#2533,.T.);
#3863=ORIENTED_EDGE('',*,*,#2537,.T.);
#3864=ORIENTED_EDGE('',*,*,#2540,.T.);
#3865=ORIENTED_EDGE('',*,*,#2794,.T.);
#3866=ORIENTED_EDGE('',*,*,#2953,.T.);
#3867=ORIENTED_EDGE('',*,*,#2871,.T.);
#3868=ORIENTED_EDGE('',*,*,#2723,.T.);
#3869=ORIENTED_EDGE('',*,*,#2789,.T.);
#3870=ORIENTED_EDGE('',*,*,#2791,.T.);
#3871=ORIENTED_EDGE('',*,*,#2870,.T.);
#3872=ORIENTED_EDGE('',*,*,#2954,.T.);
#3873=ORIENTED_EDGE('',*,*,#2867,.T.);
#3874=ORIENTED_EDGE('',*,*,#2713,.T.);
#3875=ORIENTED_EDGE('',*,*,#2717,.T.);
#3876=ORIENTED_EDGE('',*,*,#2720,.T.);
#3877=ORIENTED_EDGE('',*,*,#2866,.T.);
#3878=ORIENTED_EDGE('',*,*,#2955,.T.);
#3879=ORIENTED_EDGE('',*,*,#2863,.T.);
#3880=ORIENTED_EDGE('',*,*,#2703,.T.);
#3881=ORIENTED_EDGE('',*,*,#2707,.T.);
#3882=ORIENTED_EDGE('',*,*,#2710,.T.);
#3883=ORIENTED_EDGE('',*,*,#2862,.T.);
#3884=ORIENTED_EDGE('',*,*,#2956,.T.);
#3885=ORIENTED_EDGE('',*,*,#2859,.T.);
#3886=ORIENTED_EDGE('',*,*,#2693,.T.);
#3887=ORIENTED_EDGE('',*,*,#2697,.T.);
#3888=ORIENTED_EDGE('',*,*,#2700,.T.);
#3889=ORIENTED_EDGE('',*,*,#2858,.T.);
#3890=ORIENTED_EDGE('',*,*,#2957,.T.);
#3891=ORIENTED_EDGE('',*,*,#2855,.T.);
#3892=ORIENTED_EDGE('',*,*,#2683,.T.);
#3893=ORIENTED_EDGE('',*,*,#2687,.T.);
#3894=ORIENTED_EDGE('',*,*,#2690,.T.);
#3895=ORIENTED_EDGE('',*,*,#2854,.T.);
#3896=ORIENTED_EDGE('',*,*,#2958,.T.);
#3897=ORIENTED_EDGE('',*,*,#2851,.T.);
#3898=ORIENTED_EDGE('',*,*,#2673,.T.);
#3899=ORIENTED_EDGE('',*,*,#2677,.T.);
#3900=ORIENTED_EDGE('',*,*,#2680,.T.);
#3901=ORIENTED_EDGE('',*,*,#2850,.T.);
#3902=ORIENTED_EDGE('',*,*,#2959,.T.);
#3903=ORIENTED_EDGE('',*,*,#2847,.T.);
#3904=ORIENTED_EDGE('',*,*,#2663,.T.);
#3905=ORIENTED_EDGE('',*,*,#2667,.T.);
#3906=ORIENTED_EDGE('',*,*,#2670,.T.);
#3907=ORIENTED_EDGE('',*,*,#2846,.T.);
#3908=ORIENTED_EDGE('',*,*,#2960,.T.);
#3909=ORIENTED_EDGE('',*,*,#2843,.T.);
#3910=ORIENTED_EDGE('',*,*,#2653,.T.);
#3911=ORIENTED_EDGE('',*,*,#2657,.T.);
#3912=ORIENTED_EDGE('',*,*,#2660,.T.);
#3913=ORIENTED_EDGE('',*,*,#2842,.T.);
#3914=ORIENTED_EDGE('',*,*,#2961,.T.);
#3915=ORIENTED_EDGE('',*,*,#2839,.T.);
#3916=ORIENTED_EDGE('',*,*,#2643,.T.);
#3917=ORIENTED_EDGE('',*,*,#2647,.T.);
#3918=ORIENTED_EDGE('',*,*,#2650,.T.);
#3919=ORIENTED_EDGE('',*,*,#2838,.T.);
#3920=ORIENTED_EDGE('',*,*,#2962,.T.);
#3921=ORIENTED_EDGE('',*,*,#2835,.T.);
#3922=ORIENTED_EDGE('',*,*,#2633,.T.);
#3923=ORIENTED_EDGE('',*,*,#2637,.T.);
#3924=ORIENTED_EDGE('',*,*,#2640,.T.);
#3925=ORIENTED_EDGE('',*,*,#2834,.T.);
#3926=ORIENTED_EDGE('',*,*,#2963,.T.);
#3927=ORIENTED_EDGE('',*,*,#2831,.T.);
#3928=ORIENTED_EDGE('',*,*,#2623,.T.);
#3929=ORIENTED_EDGE('',*,*,#2627,.T.);
#3930=ORIENTED_EDGE('',*,*,#2630,.T.);
#3931=ORIENTED_EDGE('',*,*,#2830,.T.);
#3932=ORIENTED_EDGE('',*,*,#2964,.T.);
#3933=ORIENTED_EDGE('',*,*,#2827,.T.);
#3934=ORIENTED_EDGE('',*,*,#2613,.T.);
#3935=ORIENTED_EDGE('',*,*,#2617,.T.);
#3936=ORIENTED_EDGE('',*,*,#2620,.T.);
#3937=ORIENTED_EDGE('',*,*,#2826,.T.);
#3938=ORIENTED_EDGE('',*,*,#2965,.T.);
#3939=ORIENTED_EDGE('',*,*,#2823,.T.);
#3940=ORIENTED_EDGE('',*,*,#2603,.T.);
#3941=ORIENTED_EDGE('',*,*,#2607,.T.);
#3942=ORIENTED_EDGE('',*,*,#2610,.T.);
#3943=ORIENTED_EDGE('',*,*,#2822,.T.);
#3944=ORIENTED_EDGE('',*,*,#2966,.T.);
#3945=ORIENTED_EDGE('',*,*,#2819,.T.);
#3946=ORIENTED_EDGE('',*,*,#2593,.T.);
#3947=ORIENTED_EDGE('',*,*,#2597,.T.);
#3948=ORIENTED_EDGE('',*,*,#2600,.T.);
#3949=ORIENTED_EDGE('',*,*,#2818,.T.);
#3950=ORIENTED_EDGE('',*,*,#2967,.T.);
#3951=ORIENTED_EDGE('',*,*,#2815,.T.);
#3952=ORIENTED_EDGE('',*,*,#2583,.T.);
#3953=ORIENTED_EDGE('',*,*,#2587,.T.);
#3954=ORIENTED_EDGE('',*,*,#2590,.T.);
#3955=ORIENTED_EDGE('',*,*,#2814,.T.);
#3956=ORIENTED_EDGE('',*,*,#2968,.T.);
#3957=ORIENTED_EDGE('',*,*,#2969,.T.);
#3958=ORIENTED_EDGE('',*,*,#2811,.T.);
#3959=ORIENTED_EDGE('',*,*,#2573,.T.);
#3960=ORIENTED_EDGE('',*,*,#2577,.T.);
#3961=ORIENTED_EDGE('',*,*,#2580,.T.);
#3962=ORIENTED_EDGE('',*,*,#2810,.T.);
#3963=ORIENTED_EDGE('',*,*,#2970,.T.);
#3964=ORIENTED_EDGE('',*,*,#2807,.T.);
#3965=ORIENTED_EDGE('',*,*,#2563,.T.);
#3966=ORIENTED_EDGE('',*,*,#2567,.T.);
#3967=ORIENTED_EDGE('',*,*,#2570,.T.);
#3968=ORIENTED_EDGE('',*,*,#2806,.T.);
#3969=ORIENTED_EDGE('',*,*,#2971,.T.);
#3970=ORIENTED_EDGE('',*,*,#2803,.T.);
#3971=ORIENTED_EDGE('',*,*,#2553,.T.);
#3972=ORIENTED_EDGE('',*,*,#2557,.T.);
#3973=ORIENTED_EDGE('',*,*,#2560,.T.);
#3974=ORIENTED_EDGE('',*,*,#2802,.T.);
#3975=ORIENTED_EDGE('',*,*,#2972,.T.);
#3976=ORIENTED_EDGE('',*,*,#2799,.T.);
#3977=ORIENTED_EDGE('',*,*,#2543,.T.);
#3978=ORIENTED_EDGE('',*,*,#2547,.T.);
#3979=ORIENTED_EDGE('',*,*,#2550,.T.);
#3980=ORIENTED_EDGE('',*,*,#2798,.T.);
#3981=ORIENTED_EDGE('',*,*,#2973,.T.);
#3982=ORIENTED_EDGE('',*,*,#2874,.F.);
#3983=ORIENTED_EDGE('',*,*,#2974,.F.);
#3984=ORIENTED_EDGE('',*,*,#2975,.F.);
#3985=ORIENTED_EDGE('',*,*,#2976,.T.);
#3986=ORIENTED_EDGE('',*,*,#2977,.T.);
#3987=ORIENTED_EDGE('',*,*,#2978,.T.);
#3988=ORIENTED_EDGE('',*,*,#2975,.T.);
#3989=ORIENTED_EDGE('',*,*,#2979,.F.);
#3990=ORIENTED_EDGE('',*,*,#2980,.F.);
#3991=ORIENTED_EDGE('',*,*,#2981,.T.);
#3992=ORIENTED_EDGE('',*,*,#2980,.T.);
#3993=ORIENTED_EDGE('',*,*,#2982,.F.);
#3994=ORIENTED_EDGE('',*,*,#2952,.F.);
#3995=ORIENTED_EDGE('',*,*,#2983,.F.);
#3996=ORIENTED_EDGE('',*,*,#2984,.T.);
#3997=ORIENTED_EDGE('',*,*,#2985,.T.);
#3998=ORIENTED_EDGE('',*,*,#2946,.F.);
#3999=ORIENTED_EDGE('',*,*,#2986,.F.);
#4000=ORIENTED_EDGE('',*,*,#2987,.F.);
#4001=ORIENTED_EDGE('',*,*,#2988,.T.);
#4002=ORIENTED_EDGE('',*,*,#2989,.T.);
#4003=ORIENTED_EDGE('',*,*,#2990,.T.);
#4004=ORIENTED_EDGE('',*,*,#2987,.T.);
#4005=ORIENTED_EDGE('',*,*,#2991,.F.);
#4006=ORIENTED_EDGE('',*,*,#2992,.F.);
#4007=ORIENTED_EDGE('',*,*,#2993,.T.);
#4008=ORIENTED_EDGE('',*,*,#2992,.T.);
#4009=ORIENTED_EDGE('',*,*,#2994,.F.);
#4010=ORIENTED_EDGE('',*,*,#2944,.F.);
#4011=ORIENTED_EDGE('',*,*,#2995,.F.);
#4012=ORIENTED_EDGE('',*,*,#2996,.T.);
#4013=ORIENTED_EDGE('',*,*,#2997,.T.);
#4014=ORIENTED_EDGE('',*,*,#2878,.F.);
#4015=ORIENTED_EDGE('',*,*,#2998,.F.);
#4016=ORIENTED_EDGE('',*,*,#2999,.F.);
#4017=ORIENTED_EDGE('',*,*,#3000,.T.);
#4018=ORIENTED_EDGE('',*,*,#3001,.T.);
#4019=ORIENTED_EDGE('',*,*,#3002,.T.);
#4020=ORIENTED_EDGE('',*,*,#2999,.T.);
#4021=ORIENTED_EDGE('',*,*,#3003,.F.);
#4022=ORIENTED_EDGE('',*,*,#3004,.F.);
#4023=ORIENTED_EDGE('',*,*,#3005,.T.);
#4024=ORIENTED_EDGE('',*,*,#3004,.T.);
#4025=ORIENTED_EDGE('',*,*,#3006,.F.);
#4026=ORIENTED_EDGE('',*,*,#2876,.F.);
#4027=ORIENTED_EDGE('',*,*,#3007,.F.);
#4028=ORIENTED_EDGE('',*,*,#3008,.T.);
#4029=ORIENTED_EDGE('',*,*,#3009,.T.);
#4030=ORIENTED_EDGE('',*,*,#2882,.F.);
#4031=ORIENTED_EDGE('',*,*,#3010,.F.);
#4032=ORIENTED_EDGE('',*,*,#3011,.F.);
#4033=ORIENTED_EDGE('',*,*,#3012,.T.);
#4034=ORIENTED_EDGE('',*,*,#3013,.T.);
#4035=ORIENTED_EDGE('',*,*,#3014,.T.);
#4036=ORIENTED_EDGE('',*,*,#3011,.T.);
#4037=ORIENTED_EDGE('',*,*,#3015,.F.);
#4038=ORIENTED_EDGE('',*,*,#3016,.F.);
#4039=ORIENTED_EDGE('',*,*,#3017,.T.);
#4040=ORIENTED_EDGE('',*,*,#3016,.T.);
#4041=ORIENTED_EDGE('',*,*,#3018,.F.);
#4042=ORIENTED_EDGE('',*,*,#2880,.F.);
#4043=ORIENTED_EDGE('',*,*,#3019,.F.);
#4044=ORIENTED_EDGE('',*,*,#3020,.T.);
#4045=ORIENTED_EDGE('',*,*,#3021,.T.);
#4046=ORIENTED_EDGE('',*,*,#2886,.F.);
#4047=ORIENTED_EDGE('',*,*,#3022,.F.);
#4048=ORIENTED_EDGE('',*,*,#3023,.F.);
#4049=ORIENTED_EDGE('',*,*,#3024,.T.);
#4050=ORIENTED_EDGE('',*,*,#3025,.T.);
#4051=ORIENTED_EDGE('',*,*,#3026,.T.);
#4052=ORIENTED_EDGE('',*,*,#3023,.T.);
#4053=ORIENTED_EDGE('',*,*,#3027,.F.);
#4054=ORIENTED_EDGE('',*,*,#3028,.F.);
#4055=ORIENTED_EDGE('',*,*,#3029,.T.);
#4056=ORIENTED_EDGE('',*,*,#3028,.T.);
#4057=ORIENTED_EDGE('',*,*,#3030,.F.);
#4058=ORIENTED_EDGE('',*,*,#2884,.F.);
#4059=ORIENTED_EDGE('',*,*,#3031,.F.);
#4060=ORIENTED_EDGE('',*,*,#3032,.T.);
#4061=ORIENTED_EDGE('',*,*,#3033,.T.);
#4062=ORIENTED_EDGE('',*,*,#2890,.F.);
#4063=ORIENTED_EDGE('',*,*,#3034,.F.);
#4064=ORIENTED_EDGE('',*,*,#3035,.F.);
#4065=ORIENTED_EDGE('',*,*,#3036,.T.);
#4066=ORIENTED_EDGE('',*,*,#3037,.T.);
#4067=ORIENTED_EDGE('',*,*,#3038,.T.);
#4068=ORIENTED_EDGE('',*,*,#3035,.T.);
#4069=ORIENTED_EDGE('',*,*,#3039,.F.);
#4070=ORIENTED_EDGE('',*,*,#3040,.F.);
#4071=ORIENTED_EDGE('',*,*,#3041,.T.);
#4072=ORIENTED_EDGE('',*,*,#3040,.T.);
#4073=ORIENTED_EDGE('',*,*,#3042,.F.);
#4074=ORIENTED_EDGE('',*,*,#2888,.F.);
#4075=ORIENTED_EDGE('',*,*,#3043,.F.);
#4076=ORIENTED_EDGE('',*,*,#3044,.T.);
#4077=ORIENTED_EDGE('',*,*,#3045,.T.);
#4078=ORIENTED_EDGE('',*,*,#2894,.F.);
#4079=ORIENTED_EDGE('',*,*,#3046,.F.);
#4080=ORIENTED_EDGE('',*,*,#3047,.F.);
#4081=ORIENTED_EDGE('',*,*,#3048,.T.);
#4082=ORIENTED_EDGE('',*,*,#3049,.T.);
#4083=ORIENTED_EDGE('',*,*,#3050,.T.);
#4084=ORIENTED_EDGE('',*,*,#3047,.T.);
#4085=ORIENTED_EDGE('',*,*,#3051,.F.);
#4086=ORIENTED_EDGE('',*,*,#3052,.F.);
#4087=ORIENTED_EDGE('',*,*,#3053,.T.);
#4088=ORIENTED_EDGE('',*,*,#3052,.T.);
#4089=ORIENTED_EDGE('',*,*,#3054,.F.);
#4090=ORIENTED_EDGE('',*,*,#2892,.F.);
#4091=ORIENTED_EDGE('',*,*,#3055,.F.);
#4092=ORIENTED_EDGE('',*,*,#3056,.T.);
#4093=ORIENTED_EDGE('',*,*,#3057,.T.);
#4094=ORIENTED_EDGE('',*,*,#2898,.F.);
#4095=ORIENTED_EDGE('',*,*,#3058,.F.);
#4096=ORIENTED_EDGE('',*,*,#3059,.F.);
#4097=ORIENTED_EDGE('',*,*,#3060,.T.);
#4098=ORIENTED_EDGE('',*,*,#3061,.T.);
#4099=ORIENTED_EDGE('',*,*,#3062,.T.);
#4100=ORIENTED_EDGE('',*,*,#3059,.T.);
#4101=ORIENTED_EDGE('',*,*,#3063,.F.);
#4102=ORIENTED_EDGE('',*,*,#3064,.F.);
#4103=ORIENTED_EDGE('',*,*,#3065,.T.);
#4104=ORIENTED_EDGE('',*,*,#3064,.T.);
#4105=ORIENTED_EDGE('',*,*,#3066,.F.);
#4106=ORIENTED_EDGE('',*,*,#2896,.F.);
#4107=ORIENTED_EDGE('',*,*,#3067,.F.);
#4108=ORIENTED_EDGE('',*,*,#3068,.T.);
#4109=ORIENTED_EDGE('',*,*,#3069,.T.);
#4110=ORIENTED_EDGE('',*,*,#2902,.F.);
#4111=ORIENTED_EDGE('',*,*,#3070,.F.);
#4112=ORIENTED_EDGE('',*,*,#3071,.F.);
#4113=ORIENTED_EDGE('',*,*,#3072,.T.);
#4114=ORIENTED_EDGE('',*,*,#3073,.T.);
#4115=ORIENTED_EDGE('',*,*,#3074,.T.);
#4116=ORIENTED_EDGE('',*,*,#3071,.T.);
#4117=ORIENTED_EDGE('',*,*,#3075,.F.);
#4118=ORIENTED_EDGE('',*,*,#3076,.F.);
#4119=ORIENTED_EDGE('',*,*,#3077,.T.);
#4120=ORIENTED_EDGE('',*,*,#3076,.T.);
#4121=ORIENTED_EDGE('',*,*,#3078,.F.);
#4122=ORIENTED_EDGE('',*,*,#2900,.F.);
#4123=ORIENTED_EDGE('',*,*,#3079,.F.);
#4124=ORIENTED_EDGE('',*,*,#3080,.T.);
#4125=ORIENTED_EDGE('',*,*,#3081,.T.);
#4126=ORIENTED_EDGE('',*,*,#2906,.F.);
#4127=ORIENTED_EDGE('',*,*,#3082,.F.);
#4128=ORIENTED_EDGE('',*,*,#3083,.F.);
#4129=ORIENTED_EDGE('',*,*,#3084,.T.);
#4130=ORIENTED_EDGE('',*,*,#3085,.T.);
#4131=ORIENTED_EDGE('',*,*,#3086,.T.);
#4132=ORIENTED_EDGE('',*,*,#3083,.T.);
#4133=ORIENTED_EDGE('',*,*,#3087,.F.);
#4134=ORIENTED_EDGE('',*,*,#3088,.F.);
#4135=ORIENTED_EDGE('',*,*,#3089,.T.);
#4136=ORIENTED_EDGE('',*,*,#3088,.T.);
#4137=ORIENTED_EDGE('',*,*,#3090,.F.);
#4138=ORIENTED_EDGE('',*,*,#2904,.F.);
#4139=ORIENTED_EDGE('',*,*,#3091,.F.);
#4140=ORIENTED_EDGE('',*,*,#3092,.T.);
#4141=ORIENTED_EDGE('',*,*,#3093,.T.);
#4142=ORIENTED_EDGE('',*,*,#2910,.F.);
#4143=ORIENTED_EDGE('',*,*,#3094,.F.);
#4144=ORIENTED_EDGE('',*,*,#3095,.F.);
#4145=ORIENTED_EDGE('',*,*,#3096,.T.);
#4146=ORIENTED_EDGE('',*,*,#3097,.T.);
#4147=ORIENTED_EDGE('',*,*,#3098,.T.);
#4148=ORIENTED_EDGE('',*,*,#3095,.T.);
#4149=ORIENTED_EDGE('',*,*,#3099,.F.);
#4150=ORIENTED_EDGE('',*,*,#3100,.F.);
#4151=ORIENTED_EDGE('',*,*,#3101,.T.);
#4152=ORIENTED_EDGE('',*,*,#3100,.T.);
#4153=ORIENTED_EDGE('',*,*,#3102,.F.);
#4154=ORIENTED_EDGE('',*,*,#2908,.F.);
#4155=ORIENTED_EDGE('',*,*,#3103,.F.);
#4156=ORIENTED_EDGE('',*,*,#3104,.T.);
#4157=ORIENTED_EDGE('',*,*,#3105,.T.);
#4158=ORIENTED_EDGE('',*,*,#2914,.F.);
#4159=ORIENTED_EDGE('',*,*,#3106,.F.);
#4160=ORIENTED_EDGE('',*,*,#3107,.F.);
#4161=ORIENTED_EDGE('',*,*,#3108,.T.);
#4162=ORIENTED_EDGE('',*,*,#3109,.T.);
#4163=ORIENTED_EDGE('',*,*,#3110,.T.);
#4164=ORIENTED_EDGE('',*,*,#3107,.T.);
#4165=ORIENTED_EDGE('',*,*,#3111,.F.);
#4166=ORIENTED_EDGE('',*,*,#3112,.F.);
#4167=ORIENTED_EDGE('',*,*,#3113,.T.);
#4168=ORIENTED_EDGE('',*,*,#3112,.T.);
#4169=ORIENTED_EDGE('',*,*,#3114,.F.);
#4170=ORIENTED_EDGE('',*,*,#2912,.F.);
#4171=ORIENTED_EDGE('',*,*,#3115,.F.);
#4172=ORIENTED_EDGE('',*,*,#3116,.T.);
#4173=ORIENTED_EDGE('',*,*,#3117,.T.);
#4174=ORIENTED_EDGE('',*,*,#2918,.F.);
#4175=ORIENTED_EDGE('',*,*,#3118,.F.);
#4176=ORIENTED_EDGE('',*,*,#3119,.F.);
#4177=ORIENTED_EDGE('',*,*,#3120,.T.);
#4178=ORIENTED_EDGE('',*,*,#3121,.T.);
#4179=ORIENTED_EDGE('',*,*,#3122,.T.);
#4180=ORIENTED_EDGE('',*,*,#3119,.T.);
#4181=ORIENTED_EDGE('',*,*,#3123,.F.);
#4182=ORIENTED_EDGE('',*,*,#3124,.F.);
#4183=ORIENTED_EDGE('',*,*,#3125,.T.);
#4184=ORIENTED_EDGE('',*,*,#3124,.T.);
#4185=ORIENTED_EDGE('',*,*,#3126,.F.);
#4186=ORIENTED_EDGE('',*,*,#2916,.F.);
#4187=ORIENTED_EDGE('',*,*,#3127,.F.);
#4188=ORIENTED_EDGE('',*,*,#3128,.T.);
#4189=ORIENTED_EDGE('',*,*,#3129,.T.);
#4190=ORIENTED_EDGE('',*,*,#2922,.F.);
#4191=ORIENTED_EDGE('',*,*,#3130,.F.);
#4192=ORIENTED_EDGE('',*,*,#3131,.F.);
#4193=ORIENTED_EDGE('',*,*,#3132,.T.);
#4194=ORIENTED_EDGE('',*,*,#3133,.T.);
#4195=ORIENTED_EDGE('',*,*,#3134,.T.);
#4196=ORIENTED_EDGE('',*,*,#3131,.T.);
#4197=ORIENTED_EDGE('',*,*,#3135,.F.);
#4198=ORIENTED_EDGE('',*,*,#3136,.F.);
#4199=ORIENTED_EDGE('',*,*,#3137,.T.);
#4200=ORIENTED_EDGE('',*,*,#3136,.T.);
#4201=ORIENTED_EDGE('',*,*,#3138,.F.);
#4202=ORIENTED_EDGE('',*,*,#2920,.F.);
#4203=ORIENTED_EDGE('',*,*,#3139,.F.);
#4204=ORIENTED_EDGE('',*,*,#3140,.T.);
#4205=ORIENTED_EDGE('',*,*,#3141,.T.);
#4206=ORIENTED_EDGE('',*,*,#2926,.F.);
#4207=ORIENTED_EDGE('',*,*,#3142,.F.);
#4208=ORIENTED_EDGE('',*,*,#3143,.F.);
#4209=ORIENTED_EDGE('',*,*,#3144,.T.);
#4210=ORIENTED_EDGE('',*,*,#3145,.T.);
#4211=ORIENTED_EDGE('',*,*,#3146,.T.);
#4212=ORIENTED_EDGE('',*,*,#3143,.T.);
#4213=ORIENTED_EDGE('',*,*,#3147,.F.);
#4214=ORIENTED_EDGE('',*,*,#3148,.F.);
#4215=ORIENTED_EDGE('',*,*,#3149,.T.);
#4216=ORIENTED_EDGE('',*,*,#3148,.T.);
#4217=ORIENTED_EDGE('',*,*,#3150,.F.);
#4218=ORIENTED_EDGE('',*,*,#2924,.F.);
#4219=ORIENTED_EDGE('',*,*,#3151,.F.);
#4220=ORIENTED_EDGE('',*,*,#3152,.T.);
#4221=ORIENTED_EDGE('',*,*,#3153,.T.);
#4222=ORIENTED_EDGE('',*,*,#2930,.F.);
#4223=ORIENTED_EDGE('',*,*,#3154,.F.);
#4224=ORIENTED_EDGE('',*,*,#3155,.F.);
#4225=ORIENTED_EDGE('',*,*,#3156,.T.);
#4226=ORIENTED_EDGE('',*,*,#3157,.T.);
#4227=ORIENTED_EDGE('',*,*,#3158,.T.);
#4228=ORIENTED_EDGE('',*,*,#3155,.T.);
#4229=ORIENTED_EDGE('',*,*,#3159,.F.);
#4230=ORIENTED_EDGE('',*,*,#3160,.F.);
#4231=ORIENTED_EDGE('',*,*,#3161,.T.);
#4232=ORIENTED_EDGE('',*,*,#3160,.T.);
#4233=ORIENTED_EDGE('',*,*,#3162,.F.);
#4234=ORIENTED_EDGE('',*,*,#2928,.F.);
#4235=ORIENTED_EDGE('',*,*,#3163,.F.);
#4236=ORIENTED_EDGE('',*,*,#3164,.T.);
#4237=ORIENTED_EDGE('',*,*,#3165,.T.);
#4238=ORIENTED_EDGE('',*,*,#2934,.F.);
#4239=ORIENTED_EDGE('',*,*,#3166,.F.);
#4240=ORIENTED_EDGE('',*,*,#3167,.F.);
#4241=ORIENTED_EDGE('',*,*,#3168,.T.);
#4242=ORIENTED_EDGE('',*,*,#3169,.T.);
#4243=ORIENTED_EDGE('',*,*,#3170,.T.);
#4244=ORIENTED_EDGE('',*,*,#3167,.T.);
#4245=ORIENTED_EDGE('',*,*,#3171,.F.);
#4246=ORIENTED_EDGE('',*,*,#3172,.F.);
#4247=ORIENTED_EDGE('',*,*,#3173,.T.);
#4248=ORIENTED_EDGE('',*,*,#3172,.T.);
#4249=ORIENTED_EDGE('',*,*,#3174,.F.);
#4250=ORIENTED_EDGE('',*,*,#2932,.F.);
#4251=ORIENTED_EDGE('',*,*,#3175,.F.);
#4252=ORIENTED_EDGE('',*,*,#3176,.T.);
#4253=ORIENTED_EDGE('',*,*,#3177,.T.);
#4254=ORIENTED_EDGE('',*,*,#2938,.F.);
#4255=ORIENTED_EDGE('',*,*,#3178,.F.);
#4256=ORIENTED_EDGE('',*,*,#3179,.F.);
#4257=ORIENTED_EDGE('',*,*,#3180,.T.);
#4258=ORIENTED_EDGE('',*,*,#3181,.T.);
#4259=ORIENTED_EDGE('',*,*,#3182,.T.);
#4260=ORIENTED_EDGE('',*,*,#3179,.T.);
#4261=ORIENTED_EDGE('',*,*,#3183,.F.);
#4262=ORIENTED_EDGE('',*,*,#3184,.F.);
#4263=ORIENTED_EDGE('',*,*,#3185,.T.);
#4264=ORIENTED_EDGE('',*,*,#3184,.T.);
#4265=ORIENTED_EDGE('',*,*,#3186,.F.);
#4266=ORIENTED_EDGE('',*,*,#2936,.F.);
#4267=ORIENTED_EDGE('',*,*,#3187,.F.);
#4268=ORIENTED_EDGE('',*,*,#3188,.T.);
#4269=ORIENTED_EDGE('',*,*,#3189,.T.);
#4270=ORIENTED_EDGE('',*,*,#2942,.F.);
#4271=ORIENTED_EDGE('',*,*,#3190,.F.);
#4272=ORIENTED_EDGE('',*,*,#3191,.F.);
#4273=ORIENTED_EDGE('',*,*,#3192,.T.);
#4274=ORIENTED_EDGE('',*,*,#3193,.T.);
#4275=ORIENTED_EDGE('',*,*,#3194,.T.);
#4276=ORIENTED_EDGE('',*,*,#3191,.T.);
#4277=ORIENTED_EDGE('',*,*,#3195,.F.);
#4278=ORIENTED_EDGE('',*,*,#3196,.F.);
#4279=ORIENTED_EDGE('',*,*,#3197,.T.);
#4280=ORIENTED_EDGE('',*,*,#3196,.T.);
#4281=ORIENTED_EDGE('',*,*,#3198,.F.);
#4282=ORIENTED_EDGE('',*,*,#2940,.F.);
#4283=ORIENTED_EDGE('',*,*,#3199,.F.);
#4284=ORIENTED_EDGE('',*,*,#3200,.T.);
#4285=ORIENTED_EDGE('',*,*,#3201,.T.);
#4286=ORIENTED_EDGE('',*,*,#2950,.F.);
#4287=ORIENTED_EDGE('',*,*,#3202,.F.);
#4288=ORIENTED_EDGE('',*,*,#3203,.F.);
#4289=ORIENTED_EDGE('',*,*,#3204,.T.);
#4290=ORIENTED_EDGE('',*,*,#3205,.T.);
#4291=ORIENTED_EDGE('',*,*,#3206,.T.);
#4292=ORIENTED_EDGE('',*,*,#3203,.T.);
#4293=ORIENTED_EDGE('',*,*,#3207,.F.);
#4294=ORIENTED_EDGE('',*,*,#3208,.F.);
#4295=ORIENTED_EDGE('',*,*,#3209,.T.);
#4296=ORIENTED_EDGE('',*,*,#3208,.T.);
#4297=ORIENTED_EDGE('',*,*,#3210,.F.);
#4298=ORIENTED_EDGE('',*,*,#2948,.F.);
#4299=ORIENTED_EDGE('',*,*,#3211,.F.);
#4300=ORIENTED_EDGE('',*,*,#3212,.T.);
#4301=ORIENTED_EDGE('',*,*,#3213,.T.);
#4302=ORIENTED_EDGE('',*,*,#2947,.T.);
#4303=ORIENTED_EDGE('',*,*,#2990,.F.);
#4304=ORIENTED_EDGE('',*,*,#3214,.F.);
#4305=ORIENTED_EDGE('',*,*,#3211,.T.);
#4306=ORIENTED_EDGE('',*,*,#2943,.T.);
#4307=ORIENTED_EDGE('',*,*,#3194,.F.);
#4308=ORIENTED_EDGE('',*,*,#3215,.F.);
#4309=ORIENTED_EDGE('',*,*,#2995,.T.);
#4310=ORIENTED_EDGE('',*,*,#2939,.T.);
#4311=ORIENTED_EDGE('',*,*,#3182,.F.);
#4312=ORIENTED_EDGE('',*,*,#3216,.F.);
#4313=ORIENTED_EDGE('',*,*,#3199,.T.);
#4314=ORIENTED_EDGE('',*,*,#2935,.T.);
#4315=ORIENTED_EDGE('',*,*,#3170,.F.);
#4316=ORIENTED_EDGE('',*,*,#3217,.F.);
#4317=ORIENTED_EDGE('',*,*,#3187,.T.);
#4318=ORIENTED_EDGE('',*,*,#2931,.T.);
#4319=ORIENTED_EDGE('',*,*,#3158,.F.);
#4320=ORIENTED_EDGE('',*,*,#3218,.F.);
#4321=ORIENTED_EDGE('',*,*,#3175,.T.);
#4322=ORIENTED_EDGE('',*,*,#2927,.T.);
#4323=ORIENTED_EDGE('',*,*,#3146,.F.);
#4324=ORIENTED_EDGE('',*,*,#3219,.F.);
#4325=ORIENTED_EDGE('',*,*,#3163,.T.);
#4326=ORIENTED_EDGE('',*,*,#2923,.T.);
#4327=ORIENTED_EDGE('',*,*,#3134,.F.);
#4328=ORIENTED_EDGE('',*,*,#3220,.F.);
#4329=ORIENTED_EDGE('',*,*,#3151,.T.);
#4330=ORIENTED_EDGE('',*,*,#2919,.T.);
#4331=ORIENTED_EDGE('',*,*,#3122,.F.);
#4332=ORIENTED_EDGE('',*,*,#3221,.F.);
#4333=ORIENTED_EDGE('',*,*,#3139,.T.);
#4334=ORIENTED_EDGE('',*,*,#2915,.T.);
#4335=ORIENTED_EDGE('',*,*,#3110,.F.);
#4336=ORIENTED_EDGE('',*,*,#3222,.F.);
#4337=ORIENTED_EDGE('',*,*,#3127,.T.);
#4338=ORIENTED_EDGE('',*,*,#2911,.T.);
#4339=ORIENTED_EDGE('',*,*,#3098,.F.);
#4340=ORIENTED_EDGE('',*,*,#3223,.F.);
#4341=ORIENTED_EDGE('',*,*,#3115,.T.);
#4342=ORIENTED_EDGE('',*,*,#2907,.T.);
#4343=ORIENTED_EDGE('',*,*,#3086,.F.);
#4344=ORIENTED_EDGE('',*,*,#3224,.F.);
#4345=ORIENTED_EDGE('',*,*,#3103,.T.);
#4346=ORIENTED_EDGE('',*,*,#2903,.T.);
#4347=ORIENTED_EDGE('',*,*,#3074,.F.);
#4348=ORIENTED_EDGE('',*,*,#3225,.F.);
#4349=ORIENTED_EDGE('',*,*,#3091,.T.);
#4350=ORIENTED_EDGE('',*,*,#2899,.T.);
#4351=ORIENTED_EDGE('',*,*,#3062,.F.);
#4352=ORIENTED_EDGE('',*,*,#3226,.F.);
#4353=ORIENTED_EDGE('',*,*,#3079,.T.);
#4354=ORIENTED_EDGE('',*,*,#2895,.T.);
#4355=ORIENTED_EDGE('',*,*,#3050,.F.);
#4356=ORIENTED_EDGE('',*,*,#3227,.F.);
#4357=ORIENTED_EDGE('',*,*,#3067,.T.);
#4358=ORIENTED_EDGE('',*,*,#2891,.T.);
#4359=ORIENTED_EDGE('',*,*,#3038,.F.);
#4360=ORIENTED_EDGE('',*,*,#3228,.F.);
#4361=ORIENTED_EDGE('',*,*,#3055,.T.);
#4362=ORIENTED_EDGE('',*,*,#2887,.T.);
#4363=ORIENTED_EDGE('',*,*,#3026,.F.);
#4364=ORIENTED_EDGE('',*,*,#3229,.F.);
#4365=ORIENTED_EDGE('',*,*,#3043,.T.);
#4366=ORIENTED_EDGE('',*,*,#2883,.T.);
#4367=ORIENTED_EDGE('',*,*,#3014,.F.);
#4368=ORIENTED_EDGE('',*,*,#3230,.F.);
#4369=ORIENTED_EDGE('',*,*,#3031,.T.);
#4370=ORIENTED_EDGE('',*,*,#2879,.T.);
#4371=ORIENTED_EDGE('',*,*,#3002,.F.);
#4372=ORIENTED_EDGE('',*,*,#3231,.F.);
#4373=ORIENTED_EDGE('',*,*,#3019,.T.);
#4374=ORIENTED_EDGE('',*,*,#2875,.T.);
#4375=ORIENTED_EDGE('',*,*,#2978,.F.);
#4376=ORIENTED_EDGE('',*,*,#3232,.F.);
#4377=ORIENTED_EDGE('',*,*,#3007,.T.);
#4378=ORIENTED_EDGE('',*,*,#2951,.T.);
#4379=ORIENTED_EDGE('',*,*,#3206,.F.);
#4380=ORIENTED_EDGE('',*,*,#3233,.F.);
#4381=ORIENTED_EDGE('',*,*,#2983,.T.);
#4382=ORIENTED_EDGE('',*,*,#2532,.T.);
#4383=ORIENTED_EDGE('',*,*,#3234,.T.);
#4384=ORIENTED_EDGE('',*,*,#2968,.F.);
#4385=ORIENTED_EDGE('',*,*,#2813,.T.);
#4386=ORIENTED_EDGE('',*,*,#2771,.T.);
#4387=ORIENTED_EDGE('',*,*,#2816,.T.);
#4388=ORIENTED_EDGE('',*,*,#2967,.F.);
#4389=ORIENTED_EDGE('',*,*,#2817,.T.);
#4390=ORIENTED_EDGE('',*,*,#2768,.T.);
#4391=ORIENTED_EDGE('',*,*,#2820,.T.);
#4392=ORIENTED_EDGE('',*,*,#2966,.F.);
#4393=ORIENTED_EDGE('',*,*,#2821,.T.);
#4394=ORIENTED_EDGE('',*,*,#2765,.T.);
#4395=ORIENTED_EDGE('',*,*,#2824,.T.);
#4396=ORIENTED_EDGE('',*,*,#2965,.F.);
#4397=ORIENTED_EDGE('',*,*,#2825,.T.);
#4398=ORIENTED_EDGE('',*,*,#2762,.T.);
#4399=ORIENTED_EDGE('',*,*,#2828,.T.);
#4400=ORIENTED_EDGE('',*,*,#2964,.F.);
#4401=ORIENTED_EDGE('',*,*,#2829,.T.);
#4402=ORIENTED_EDGE('',*,*,#2759,.T.);
#4403=ORIENTED_EDGE('',*,*,#2832,.T.);
#4404=ORIENTED_EDGE('',*,*,#2963,.F.);
#4405=ORIENTED_EDGE('',*,*,#2833,.T.);
#4406=ORIENTED_EDGE('',*,*,#2756,.T.);
#4407=ORIENTED_EDGE('',*,*,#2836,.T.);
#4408=ORIENTED_EDGE('',*,*,#2962,.F.);
#4409=ORIENTED_EDGE('',*,*,#2837,.T.);
#4410=ORIENTED_EDGE('',*,*,#2753,.T.);
#4411=ORIENTED_EDGE('',*,*,#2840,.T.);
#4412=ORIENTED_EDGE('',*,*,#2961,.F.);
#4413=ORIENTED_EDGE('',*,*,#2841,.T.);
#4414=ORIENTED_EDGE('',*,*,#2750,.T.);
#4415=ORIENTED_EDGE('',*,*,#2844,.T.);
#4416=ORIENTED_EDGE('',*,*,#2960,.F.);
#4417=ORIENTED_EDGE('',*,*,#2845,.T.);
#4418=ORIENTED_EDGE('',*,*,#2747,.T.);
#4419=ORIENTED_EDGE('',*,*,#2848,.T.);
#4420=ORIENTED_EDGE('',*,*,#2959,.F.);
#4421=ORIENTED_EDGE('',*,*,#2849,.T.);
#4422=ORIENTED_EDGE('',*,*,#2744,.T.);
#4423=ORIENTED_EDGE('',*,*,#2852,.T.);
#4424=ORIENTED_EDGE('',*,*,#2958,.F.);
#4425=ORIENTED_EDGE('',*,*,#2853,.T.);
#4426=ORIENTED_EDGE('',*,*,#2741,.T.);
#4427=ORIENTED_EDGE('',*,*,#2856,.T.);
#4428=ORIENTED_EDGE('',*,*,#2957,.F.);
#4429=ORIENTED_EDGE('',*,*,#2857,.T.);
#4430=ORIENTED_EDGE('',*,*,#2738,.T.);
#4431=ORIENTED_EDGE('',*,*,#2860,.T.);
#4432=ORIENTED_EDGE('',*,*,#2956,.F.);
#4433=ORIENTED_EDGE('',*,*,#2861,.T.);
#4434=ORIENTED_EDGE('',*,*,#2735,.T.);
#4435=ORIENTED_EDGE('',*,*,#2864,.T.);
#4436=ORIENTED_EDGE('',*,*,#2955,.F.);
#4437=ORIENTED_EDGE('',*,*,#2865,.T.);
#4438=ORIENTED_EDGE('',*,*,#2732,.T.);
#4439=ORIENTED_EDGE('',*,*,#2868,.T.);
#4440=ORIENTED_EDGE('',*,*,#2954,.F.);
#4441=ORIENTED_EDGE('',*,*,#2869,.T.);
#4442=ORIENTED_EDGE('',*,*,#2727,.T.);
#4443=ORIENTED_EDGE('',*,*,#2872,.T.);
#4444=ORIENTED_EDGE('',*,*,#2953,.F.);
#4445=ORIENTED_EDGE('',*,*,#2793,.T.);
#4446=ORIENTED_EDGE('',*,*,#2786,.T.);
#4447=ORIENTED_EDGE('',*,*,#2796,.T.);
#4448=ORIENTED_EDGE('',*,*,#2973,.F.);
#4449=ORIENTED_EDGE('',*,*,#2797,.T.);
#4450=ORIENTED_EDGE('',*,*,#2783,.T.);
#4451=ORIENTED_EDGE('',*,*,#2800,.T.);
#4452=ORIENTED_EDGE('',*,*,#2972,.F.);
#4453=ORIENTED_EDGE('',*,*,#2801,.T.);
#4454=ORIENTED_EDGE('',*,*,#2780,.T.);
#4455=ORIENTED_EDGE('',*,*,#2804,.T.);
#4456=ORIENTED_EDGE('',*,*,#2971,.F.);
#4457=ORIENTED_EDGE('',*,*,#2805,.T.);
#4458=ORIENTED_EDGE('',*,*,#2777,.T.);
#4459=ORIENTED_EDGE('',*,*,#2808,.T.);
#4460=ORIENTED_EDGE('',*,*,#2970,.F.);
#4461=ORIENTED_EDGE('',*,*,#2809,.T.);
#4462=ORIENTED_EDGE('',*,*,#2774,.T.);
#4463=ORIENTED_EDGE('',*,*,#2812,.T.);
#4464=ORIENTED_EDGE('',*,*,#2969,.F.);
#4465=ORIENTED_EDGE('',*,*,#3234,.F.);
#4466=ORIENTED_EDGE('',*,*,#3193,.F.);
#4467=ORIENTED_EDGE('',*,*,#3235,.T.);
#4468=ORIENTED_EDGE('',*,*,#3200,.F.);
#4469=ORIENTED_EDGE('',*,*,#3216,.T.);
#4470=ORIENTED_EDGE('',*,*,#3181,.F.);
#4471=ORIENTED_EDGE('',*,*,#3236,.T.);
#4472=ORIENTED_EDGE('',*,*,#3188,.F.);
#4473=ORIENTED_EDGE('',*,*,#3217,.T.);
#4474=ORIENTED_EDGE('',*,*,#3169,.F.);
#4475=ORIENTED_EDGE('',*,*,#3237,.T.);
#4476=ORIENTED_EDGE('',*,*,#3176,.F.);
#4477=ORIENTED_EDGE('',*,*,#3218,.T.);
#4478=ORIENTED_EDGE('',*,*,#3157,.F.);
#4479=ORIENTED_EDGE('',*,*,#3238,.T.);
#4480=ORIENTED_EDGE('',*,*,#3164,.F.);
#4481=ORIENTED_EDGE('',*,*,#3219,.T.);
#4482=ORIENTED_EDGE('',*,*,#3145,.F.);
#4483=ORIENTED_EDGE('',*,*,#3239,.T.);
#4484=ORIENTED_EDGE('',*,*,#3152,.F.);
#4485=ORIENTED_EDGE('',*,*,#3220,.T.);
#4486=ORIENTED_EDGE('',*,*,#3133,.F.);
#4487=ORIENTED_EDGE('',*,*,#3240,.T.);
#4488=ORIENTED_EDGE('',*,*,#3140,.F.);
#4489=ORIENTED_EDGE('',*,*,#3221,.T.);
#4490=ORIENTED_EDGE('',*,*,#3121,.F.);
#4491=ORIENTED_EDGE('',*,*,#3241,.T.);
#4492=ORIENTED_EDGE('',*,*,#3128,.F.);
#4493=ORIENTED_EDGE('',*,*,#3222,.T.);
#4494=ORIENTED_EDGE('',*,*,#3109,.F.);
#4495=ORIENTED_EDGE('',*,*,#3242,.T.);
#4496=ORIENTED_EDGE('',*,*,#3116,.F.);
#4497=ORIENTED_EDGE('',*,*,#3223,.T.);
#4498=ORIENTED_EDGE('',*,*,#3097,.F.);
#4499=ORIENTED_EDGE('',*,*,#3243,.T.);
#4500=ORIENTED_EDGE('',*,*,#3104,.F.);
#4501=ORIENTED_EDGE('',*,*,#3224,.T.);
#4502=ORIENTED_EDGE('',*,*,#3085,.F.);
#4503=ORIENTED_EDGE('',*,*,#3244,.T.);
#4504=ORIENTED_EDGE('',*,*,#3092,.F.);
#4505=ORIENTED_EDGE('',*,*,#3225,.T.);
#4506=ORIENTED_EDGE('',*,*,#3073,.F.);
#4507=ORIENTED_EDGE('',*,*,#3245,.T.);
#4508=ORIENTED_EDGE('',*,*,#3080,.F.);
#4509=ORIENTED_EDGE('',*,*,#3226,.T.);
#4510=ORIENTED_EDGE('',*,*,#3061,.F.);
#4511=ORIENTED_EDGE('',*,*,#3246,.T.);
#4512=ORIENTED_EDGE('',*,*,#3068,.F.);
#4513=ORIENTED_EDGE('',*,*,#3227,.T.);
#4514=ORIENTED_EDGE('',*,*,#3049,.F.);
#4515=ORIENTED_EDGE('',*,*,#3247,.T.);
#4516=ORIENTED_EDGE('',*,*,#3056,.F.);
#4517=ORIENTED_EDGE('',*,*,#3228,.T.);
#4518=ORIENTED_EDGE('',*,*,#3037,.F.);
#4519=ORIENTED_EDGE('',*,*,#3248,.T.);
#4520=ORIENTED_EDGE('',*,*,#3044,.F.);
#4521=ORIENTED_EDGE('',*,*,#3229,.T.);
#4522=ORIENTED_EDGE('',*,*,#3025,.F.);
#4523=ORIENTED_EDGE('',*,*,#3249,.T.);
#4524=ORIENTED_EDGE('',*,*,#3032,.F.);
#4525=ORIENTED_EDGE('',*,*,#3230,.T.);
#4526=ORIENTED_EDGE('',*,*,#3013,.F.);
#4527=ORIENTED_EDGE('',*,*,#3250,.T.);
#4528=ORIENTED_EDGE('',*,*,#3020,.F.);
#4529=ORIENTED_EDGE('',*,*,#3231,.T.);
#4530=ORIENTED_EDGE('',*,*,#3001,.F.);
#4531=ORIENTED_EDGE('',*,*,#3251,.T.);
#4532=ORIENTED_EDGE('',*,*,#3008,.F.);
#4533=ORIENTED_EDGE('',*,*,#3232,.T.);
#4534=ORIENTED_EDGE('',*,*,#2977,.F.);
#4535=ORIENTED_EDGE('',*,*,#3252,.T.);
#4536=ORIENTED_EDGE('',*,*,#2984,.F.);
#4537=ORIENTED_EDGE('',*,*,#3233,.T.);
#4538=ORIENTED_EDGE('',*,*,#3205,.F.);
#4539=ORIENTED_EDGE('',*,*,#3253,.T.);
#4540=ORIENTED_EDGE('',*,*,#3212,.F.);
#4541=ORIENTED_EDGE('',*,*,#3214,.T.);
#4542=ORIENTED_EDGE('',*,*,#2989,.F.);
#4543=ORIENTED_EDGE('',*,*,#3254,.T.);
#4544=ORIENTED_EDGE('',*,*,#2996,.F.);
#4545=ORIENTED_EDGE('',*,*,#3215,.T.);
#4546=ORIENTED_EDGE('',*,*,#2531,.T.);
#4547=ORIENTED_EDGE('',*,*,#3201,.F.);
#4548=ORIENTED_EDGE('',*,*,#3235,.F.);
#4549=ORIENTED_EDGE('',*,*,#3192,.F.);
#4550=ORIENTED_EDGE('',*,*,#3197,.F.);
#4551=ORIENTED_EDGE('',*,*,#3189,.F.);
#4552=ORIENTED_EDGE('',*,*,#3236,.F.);
#4553=ORIENTED_EDGE('',*,*,#3180,.F.);
#4554=ORIENTED_EDGE('',*,*,#3185,.F.);
#4555=ORIENTED_EDGE('',*,*,#3177,.F.);
#4556=ORIENTED_EDGE('',*,*,#3237,.F.);
#4557=ORIENTED_EDGE('',*,*,#3168,.F.);
#4558=ORIENTED_EDGE('',*,*,#3173,.F.);
#4559=ORIENTED_EDGE('',*,*,#3165,.F.);
#4560=ORIENTED_EDGE('',*,*,#3238,.F.);
#4561=ORIENTED_EDGE('',*,*,#3156,.F.);
#4562=ORIENTED_EDGE('',*,*,#3161,.F.);
#4563=ORIENTED_EDGE('',*,*,#3153,.F.);
#4564=ORIENTED_EDGE('',*,*,#3239,.F.);
#4565=ORIENTED_EDGE('',*,*,#3144,.F.);
#4566=ORIENTED_EDGE('',*,*,#3149,.F.);
#4567=ORIENTED_EDGE('',*,*,#3141,.F.);
#4568=ORIENTED_EDGE('',*,*,#3240,.F.);
#4569=ORIENTED_EDGE('',*,*,#3132,.F.);
#4570=ORIENTED_EDGE('',*,*,#3137,.F.);
#4571=ORIENTED_EDGE('',*,*,#3129,.F.);
#4572=ORIENTED_EDGE('',*,*,#3241,.F.);
#4573=ORIENTED_EDGE('',*,*,#3120,.F.);
#4574=ORIENTED_EDGE('',*,*,#3125,.F.);
#4575=ORIENTED_EDGE('',*,*,#3117,.F.);
#4576=ORIENTED_EDGE('',*,*,#3242,.F.);
#4577=ORIENTED_EDGE('',*,*,#3108,.F.);
#4578=ORIENTED_EDGE('',*,*,#3113,.F.);
#4579=ORIENTED_EDGE('',*,*,#3105,.F.);
#4580=ORIENTED_EDGE('',*,*,#3243,.F.);
#4581=ORIENTED_EDGE('',*,*,#3096,.F.);
#4582=ORIENTED_EDGE('',*,*,#3101,.F.);
#4583=ORIENTED_EDGE('',*,*,#3093,.F.);
#4584=ORIENTED_EDGE('',*,*,#3244,.F.);
#4585=ORIENTED_EDGE('',*,*,#3084,.F.);
#4586=ORIENTED_EDGE('',*,*,#3089,.F.);
#4587=ORIENTED_EDGE('',*,*,#3081,.F.);
#4588=ORIENTED_EDGE('',*,*,#3245,.F.);
#4589=ORIENTED_EDGE('',*,*,#3072,.F.);
#4590=ORIENTED_EDGE('',*,*,#3077,.F.);
#4591=ORIENTED_EDGE('',*,*,#3069,.F.);
#4592=ORIENTED_EDGE('',*,*,#3246,.F.);
#4593=ORIENTED_EDGE('',*,*,#3060,.F.);
#4594=ORIENTED_EDGE('',*,*,#3065,.F.);
#4595=ORIENTED_EDGE('',*,*,#3057,.F.);
#4596=ORIENTED_EDGE('',*,*,#3247,.F.);
#4597=ORIENTED_EDGE('',*,*,#3048,.F.);
#4598=ORIENTED_EDGE('',*,*,#3053,.F.);
#4599=ORIENTED_EDGE('',*,*,#3045,.F.);
#4600=ORIENTED_EDGE('',*,*,#3248,.F.);
#4601=ORIENTED_EDGE('',*,*,#3036,.F.);
#4602=ORIENTED_EDGE('',*,*,#3041,.F.);
#4603=ORIENTED_EDGE('',*,*,#3033,.F.);
#4604=ORIENTED_EDGE('',*,*,#3249,.F.);
#4605=ORIENTED_EDGE('',*,*,#3024,.F.);
#4606=ORIENTED_EDGE('',*,*,#3029,.F.);
#4607=ORIENTED_EDGE('',*,*,#3021,.F.);
#4608=ORIENTED_EDGE('',*,*,#3250,.F.);
#4609=ORIENTED_EDGE('',*,*,#3012,.F.);
#4610=ORIENTED_EDGE('',*,*,#3017,.F.);
#4611=ORIENTED_EDGE('',*,*,#3009,.F.);
#4612=ORIENTED_EDGE('',*,*,#3251,.F.);
#4613=ORIENTED_EDGE('',*,*,#3000,.F.);
#4614=ORIENTED_EDGE('',*,*,#3005,.F.);
#4615=ORIENTED_EDGE('',*,*,#2997,.F.);
#4616=ORIENTED_EDGE('',*,*,#3254,.F.);
#4617=ORIENTED_EDGE('',*,*,#2988,.F.);
#4618=ORIENTED_EDGE('',*,*,#2993,.F.);
#4619=ORIENTED_EDGE('',*,*,#2985,.F.);
#4620=ORIENTED_EDGE('',*,*,#3252,.F.);
#4621=ORIENTED_EDGE('',*,*,#2976,.F.);
#4622=ORIENTED_EDGE('',*,*,#2981,.F.);
#4623=ORIENTED_EDGE('',*,*,#3213,.F.);
#4624=ORIENTED_EDGE('',*,*,#3253,.F.);
#4625=ORIENTED_EDGE('',*,*,#3204,.F.);
#4626=ORIENTED_EDGE('',*,*,#3209,.F.);
#4627=ORIENTED_EDGE('',*,*,#3210,.T.);
#4628=ORIENTED_EDGE('',*,*,#3207,.T.);
#4629=ORIENTED_EDGE('',*,*,#3202,.T.);
#4630=ORIENTED_EDGE('',*,*,#2949,.T.);
#4631=ORIENTED_EDGE('',*,*,#3198,.T.);
#4632=ORIENTED_EDGE('',*,*,#3195,.T.);
#4633=ORIENTED_EDGE('',*,*,#3190,.T.);
#4634=ORIENTED_EDGE('',*,*,#2941,.T.);
#4635=ORIENTED_EDGE('',*,*,#3186,.T.);
#4636=ORIENTED_EDGE('',*,*,#3183,.T.);
#4637=ORIENTED_EDGE('',*,*,#3178,.T.);
#4638=ORIENTED_EDGE('',*,*,#2937,.T.);
#4639=ORIENTED_EDGE('',*,*,#3174,.T.);
#4640=ORIENTED_EDGE('',*,*,#3171,.T.);
#4641=ORIENTED_EDGE('',*,*,#3166,.T.);
#4642=ORIENTED_EDGE('',*,*,#2933,.T.);
#4643=ORIENTED_EDGE('',*,*,#3162,.T.);
#4644=ORIENTED_EDGE('',*,*,#3159,.T.);
#4645=ORIENTED_EDGE('',*,*,#3154,.T.);
#4646=ORIENTED_EDGE('',*,*,#2929,.T.);
#4647=ORIENTED_EDGE('',*,*,#3150,.T.);
#4648=ORIENTED_EDGE('',*,*,#3147,.T.);
#4649=ORIENTED_EDGE('',*,*,#3142,.T.);
#4650=ORIENTED_EDGE('',*,*,#2925,.T.);
#4651=ORIENTED_EDGE('',*,*,#3138,.T.);
#4652=ORIENTED_EDGE('',*,*,#3135,.T.);
#4653=ORIENTED_EDGE('',*,*,#3130,.T.);
#4654=ORIENTED_EDGE('',*,*,#2921,.T.);
#4655=ORIENTED_EDGE('',*,*,#3126,.T.);
#4656=ORIENTED_EDGE('',*,*,#3123,.T.);
#4657=ORIENTED_EDGE('',*,*,#3118,.T.);
#4658=ORIENTED_EDGE('',*,*,#2917,.T.);
#4659=ORIENTED_EDGE('',*,*,#3114,.T.);
#4660=ORIENTED_EDGE('',*,*,#3111,.T.);
#4661=ORIENTED_EDGE('',*,*,#3106,.T.);
#4662=ORIENTED_EDGE('',*,*,#2913,.T.);
#4663=ORIENTED_EDGE('',*,*,#3102,.T.);
#4664=ORIENTED_EDGE('',*,*,#3099,.T.);
#4665=ORIENTED_EDGE('',*,*,#3094,.T.);
#4666=ORIENTED_EDGE('',*,*,#2909,.T.);
#4667=ORIENTED_EDGE('',*,*,#3090,.T.);
#4668=ORIENTED_EDGE('',*,*,#3087,.T.);
#4669=ORIENTED_EDGE('',*,*,#3082,.T.);
#4670=ORIENTED_EDGE('',*,*,#2905,.T.);
#4671=ORIENTED_EDGE('',*,*,#3078,.T.);
#4672=ORIENTED_EDGE('',*,*,#3075,.T.);
#4673=ORIENTED_EDGE('',*,*,#3070,.T.);
#4674=ORIENTED_EDGE('',*,*,#2901,.T.);
#4675=ORIENTED_EDGE('',*,*,#3066,.T.);
#4676=ORIENTED_EDGE('',*,*,#3063,.T.);
#4677=ORIENTED_EDGE('',*,*,#3058,.T.);
#4678=ORIENTED_EDGE('',*,*,#2897,.T.);
#4679=ORIENTED_EDGE('',*,*,#3054,.T.);
#4680=ORIENTED_EDGE('',*,*,#3051,.T.);
#4681=ORIENTED_EDGE('',*,*,#3046,.T.);
#4682=ORIENTED_EDGE('',*,*,#2893,.T.);
#4683=ORIENTED_EDGE('',*,*,#3042,.T.);
#4684=ORIENTED_EDGE('',*,*,#3039,.T.);
#4685=ORIENTED_EDGE('',*,*,#3034,.T.);
#4686=ORIENTED_EDGE('',*,*,#2889,.T.);
#4687=ORIENTED_EDGE('',*,*,#3030,.T.);
#4688=ORIENTED_EDGE('',*,*,#3027,.T.);
#4689=ORIENTED_EDGE('',*,*,#3022,.T.);
#4690=ORIENTED_EDGE('',*,*,#2885,.T.);
#4691=ORIENTED_EDGE('',*,*,#3018,.T.);
#4692=ORIENTED_EDGE('',*,*,#3015,.T.);
#4693=ORIENTED_EDGE('',*,*,#3010,.T.);
#4694=ORIENTED_EDGE('',*,*,#2881,.T.);
#4695=ORIENTED_EDGE('',*,*,#3006,.T.);
#4696=ORIENTED_EDGE('',*,*,#3003,.T.);
#4697=ORIENTED_EDGE('',*,*,#2998,.T.);
#4698=ORIENTED_EDGE('',*,*,#2877,.T.);
#4699=ORIENTED_EDGE('',*,*,#2994,.T.);
#4700=ORIENTED_EDGE('',*,*,#2991,.T.);
#4701=ORIENTED_EDGE('',*,*,#2986,.T.);
#4702=ORIENTED_EDGE('',*,*,#2945,.T.);
#4703=ORIENTED_EDGE('',*,*,#2982,.T.);
#4704=ORIENTED_EDGE('',*,*,#2979,.T.);
#4705=ORIENTED_EDGE('',*,*,#2974,.T.);
#4706=ORIENTED_EDGE('',*,*,#2873,.T.);
#4707=CYLINDRICAL_SURFACE('',#5048,0.750000000000011);
#4708=CYLINDRICAL_SURFACE('',#5053,0.05);
#4709=CYLINDRICAL_SURFACE('',#5056,2.5);
#4710=CYLINDRICAL_SURFACE('',#5059,0.05);
#4711=CYLINDRICAL_SURFACE('',#5062,0.05);
#4712=CYLINDRICAL_SURFACE('',#5065,2.5);
#4713=CYLINDRICAL_SURFACE('',#5068,0.05);
#4714=CYLINDRICAL_SURFACE('',#5071,0.05);
#4715=CYLINDRICAL_SURFACE('',#5074,2.5);
#4716=CYLINDRICAL_SURFACE('',#5077,0.05);
#4717=CYLINDRICAL_SURFACE('',#5080,0.05);
#4718=CYLINDRICAL_SURFACE('',#5083,2.5);
#4719=CYLINDRICAL_SURFACE('',#5086,0.05);
#4720=CYLINDRICAL_SURFACE('',#5089,0.05);
#4721=CYLINDRICAL_SURFACE('',#5092,2.5);
#4722=CYLINDRICAL_SURFACE('',#5095,0.05);
#4723=CYLINDRICAL_SURFACE('',#5098,0.05);
#4724=CYLINDRICAL_SURFACE('',#5101,2.5);
#4725=CYLINDRICAL_SURFACE('',#5104,0.05);
#4726=CYLINDRICAL_SURFACE('',#5107,0.05);
#4727=CYLINDRICAL_SURFACE('',#5110,2.5);
#4728=CYLINDRICAL_SURFACE('',#5113,0.05);
#4729=CYLINDRICAL_SURFACE('',#5116,0.05);
#4730=CYLINDRICAL_SURFACE('',#5119,2.5);
#4731=CYLINDRICAL_SURFACE('',#5122,0.05);
#4732=CYLINDRICAL_SURFACE('',#5125,0.05);
#4733=CYLINDRICAL_SURFACE('',#5128,2.5);
#4734=CYLINDRICAL_SURFACE('',#5131,0.05);
#4735=CYLINDRICAL_SURFACE('',#5134,0.05);
#4736=CYLINDRICAL_SURFACE('',#5137,2.5);
#4737=CYLINDRICAL_SURFACE('',#5140,0.05);
#4738=CYLINDRICAL_SURFACE('',#5143,0.05);
#4739=CYLINDRICAL_SURFACE('',#5146,2.5);
#4740=CYLINDRICAL_SURFACE('',#5149,0.05);
#4741=CYLINDRICAL_SURFACE('',#5152,0.05);
#4742=CYLINDRICAL_SURFACE('',#5155,2.5);
#4743=CYLINDRICAL_SURFACE('',#5158,0.05);
#4744=CYLINDRICAL_SURFACE('',#5161,0.05);
#4745=CYLINDRICAL_SURFACE('',#5164,2.5);
#4746=CYLINDRICAL_SURFACE('',#5167,0.05);
#4747=CYLINDRICAL_SURFACE('',#5170,0.05);
#4748=CYLINDRICAL_SURFACE('',#5173,2.5);
#4749=CYLINDRICAL_SURFACE('',#5176,0.05);
#4750=CYLINDRICAL_SURFACE('',#5179,0.05);
#4751=CYLINDRICAL_SURFACE('',#5182,2.5);
#4752=CYLINDRICAL_SURFACE('',#5185,0.05);
#4753=CYLINDRICAL_SURFACE('',#5188,0.05);
#4754=CYLINDRICAL_SURFACE('',#5191,2.5);
#4755=CYLINDRICAL_SURFACE('',#5194,0.05);
#4756=CYLINDRICAL_SURFACE('',#5197,0.05);
#4757=CYLINDRICAL_SURFACE('',#5200,2.5);
#4758=CYLINDRICAL_SURFACE('',#5203,0.05);
#4759=CYLINDRICAL_SURFACE('',#5206,0.05);
#4760=CYLINDRICAL_SURFACE('',#5209,2.5);
#4761=CYLINDRICAL_SURFACE('',#5212,0.05);
#4762=CYLINDRICAL_SURFACE('',#5215,0.05);
#4763=CYLINDRICAL_SURFACE('',#5218,2.5);
#4764=CYLINDRICAL_SURFACE('',#5221,0.05);
#4765=CYLINDRICAL_SURFACE('',#5224,0.05);
#4766=CYLINDRICAL_SURFACE('',#5269,2.5);
#4767=CYLINDRICAL_SURFACE('',#5271,0.05);
#4768=CYLINDRICAL_SURFACE('',#5415,7.5);
#4769=CYLINDRICAL_SURFACE('',#5417,7.4999999999999);
#4770=CYLINDRICAL_SURFACE('',#5419,7.5);
#4771=CYLINDRICAL_SURFACE('',#5421,7.5);
#4772=CYLINDRICAL_SURFACE('',#5423,7.5);
#4773=CYLINDRICAL_SURFACE('',#5425,7.5);
#4774=CYLINDRICAL_SURFACE('',#5427,7.5);
#4775=CYLINDRICAL_SURFACE('',#5429,7.5);
#4776=CYLINDRICAL_SURFACE('',#5431,7.5);
#4777=CYLINDRICAL_SURFACE('',#5433,7.5);
#4778=CYLINDRICAL_SURFACE('',#5435,7.5);
#4779=CYLINDRICAL_SURFACE('',#5437,7.5);
#4780=CYLINDRICAL_SURFACE('',#5439,7.5);
#4781=CYLINDRICAL_SURFACE('',#5441,7.5);
#4782=CYLINDRICAL_SURFACE('',#5443,7.5);
#4783=CYLINDRICAL_SURFACE('',#5445,7.5);
#4784=CYLINDRICAL_SURFACE('',#5447,7.5);
#4785=CYLINDRICAL_SURFACE('',#5449,7.5);
#4786=CYLINDRICAL_SURFACE('',#5451,7.5);
#4787=CYLINDRICAL_SURFACE('',#5453,7.5);
#4788=CYLINDRICAL_SURFACE('',#5455,2.25);
#4789=ADVANCED_FACE('',(#304),#4707,.F.);
#4790=ADVANCED_FACE('',(#305,#138),#141,.F.);
#4791=ADVANCED_FACE('',(#306),#4708,.F.);
#4792=ADVANCED_FACE('',(#307),#4709,.F.);
#4793=ADVANCED_FACE('',(#308),#4710,.F.);
#4794=ADVANCED_FACE('',(#309),#4711,.F.);
#4795=ADVANCED_FACE('',(#310),#4712,.F.);
#4796=ADVANCED_FACE('',(#311),#4713,.F.);
#4797=ADVANCED_FACE('',(#312),#4714,.F.);
#4798=ADVANCED_FACE('',(#313),#4715,.F.);
#4799=ADVANCED_FACE('',(#314),#4716,.F.);
#4800=ADVANCED_FACE('',(#315),#4717,.F.);
#4801=ADVANCED_FACE('',(#316),#4718,.F.);
#4802=ADVANCED_FACE('',(#317),#4719,.F.);
#4803=ADVANCED_FACE('',(#318),#4720,.F.);
#4804=ADVANCED_FACE('',(#319),#4721,.F.);
#4805=ADVANCED_FACE('',(#320),#4722,.F.);
#4806=ADVANCED_FACE('',(#321),#4723,.F.);
#4807=ADVANCED_FACE('',(#322),#4724,.F.);
#4808=ADVANCED_FACE('',(#323),#4725,.F.);
#4809=ADVANCED_FACE('',(#324),#4726,.F.);
#4810=ADVANCED_FACE('',(#325),#4727,.F.);
#4811=ADVANCED_FACE('',(#326),#4728,.F.);
#4812=ADVANCED_FACE('',(#327),#4729,.F.);
#4813=ADVANCED_FACE('',(#328),#4730,.F.);
#4814=ADVANCED_FACE('',(#329),#4731,.F.);
#4815=ADVANCED_FACE('',(#330),#4732,.F.);
#4816=ADVANCED_FACE('',(#331),#4733,.F.);
#4817=ADVANCED_FACE('',(#332),#4734,.F.);
#4818=ADVANCED_FACE('',(#333),#4735,.F.);
#4819=ADVANCED_FACE('',(#334),#4736,.F.);
#4820=ADVANCED_FACE('',(#335),#4737,.F.);
#4821=ADVANCED_FACE('',(#336),#4738,.F.);
#4822=ADVANCED_FACE('',(#337),#4739,.F.);
#4823=ADVANCED_FACE('',(#338),#4740,.F.);
#4824=ADVANCED_FACE('',(#339),#4741,.F.);
#4825=ADVANCED_FACE('',(#340),#4742,.F.);
#4826=ADVANCED_FACE('',(#341),#4743,.F.);
#4827=ADVANCED_FACE('',(#342),#4744,.F.);
#4828=ADVANCED_FACE('',(#343),#4745,.F.);
#4829=ADVANCED_FACE('',(#344),#4746,.F.);
#4830=ADVANCED_FACE('',(#345),#4747,.F.);
#4831=ADVANCED_FACE('',(#346),#4748,.F.);
#4832=ADVANCED_FACE('',(#347),#4749,.F.);
#4833=ADVANCED_FACE('',(#348),#4750,.F.);
#4834=ADVANCED_FACE('',(#349),#4751,.F.);
#4835=ADVANCED_FACE('',(#350),#4752,.F.);
#4836=ADVANCED_FACE('',(#351),#4753,.F.);
#4837=ADVANCED_FACE('',(#352),#4754,.F.);
#4838=ADVANCED_FACE('',(#353),#4755,.F.);
#4839=ADVANCED_FACE('',(#354),#4756,.F.);
#4840=ADVANCED_FACE('',(#355),#4757,.F.);
#4841=ADVANCED_FACE('',(#356),#4758,.F.);
#4842=ADVANCED_FACE('',(#357),#4759,.F.);
#4843=ADVANCED_FACE('',(#358),#4760,.F.);
#4844=ADVANCED_FACE('',(#359),#4761,.F.);
#4845=ADVANCED_FACE('',(#360),#4762,.F.);
#4846=ADVANCED_FACE('',(#361),#4763,.F.);
#4847=ADVANCED_FACE('',(#362),#4764,.F.);
#4848=ADVANCED_FACE('',(#363),#4765,.F.);
#4849=ADVANCED_FACE('',(#364),#142,.F.);
#4850=ADVANCED_FACE('',(#365),#143,.F.);
#4851=ADVANCED_FACE('',(#366),#144,.F.);
#4852=ADVANCED_FACE('',(#367),#145,.F.);
#4853=ADVANCED_FACE('',(#368),#146,.F.);
#4854=ADVANCED_FACE('',(#369),#147,.F.);
#4855=ADVANCED_FACE('',(#370),#148,.F.);
#4856=ADVANCED_FACE('',(#371),#149,.F.);
#4857=ADVANCED_FACE('',(#372),#150,.F.);
#4858=ADVANCED_FACE('',(#373),#151,.F.);
#4859=ADVANCED_FACE('',(#374),#152,.F.);
#4860=ADVANCED_FACE('',(#375),#153,.F.);
#4861=ADVANCED_FACE('',(#376),#154,.F.);
#4862=ADVANCED_FACE('',(#377),#155,.F.);
#4863=ADVANCED_FACE('',(#378),#156,.F.);
#4864=ADVANCED_FACE('',(#379),#157,.F.);
#4865=ADVANCED_FACE('',(#380),#158,.F.);
#4866=ADVANCED_FACE('',(#381),#159,.F.);
#4867=ADVANCED_FACE('',(#382),#160,.F.);
#4868=ADVANCED_FACE('',(#383),#161,.F.);
#4869=ADVANCED_FACE('',(#384),#4766,.F.);
#4870=ADVANCED_FACE('',(#385),#4767,.F.);
#4871=ADVANCED_FACE('',(#386),#162,.F.);
#4872=ADVANCED_FACE('',(#387),#163,.F.);
#4873=ADVANCED_FACE('',(#388),#164,.F.);
#4874=ADVANCED_FACE('',(#389),#165,.F.);
#4875=ADVANCED_FACE('',(#390),#166,.F.);
#4876=ADVANCED_FACE('',(#391),#167,.F.);
#4877=ADVANCED_FACE('',(#392),#168,.F.);
#4878=ADVANCED_FACE('',(#393),#169,.F.);
#4879=ADVANCED_FACE('',(#394),#170,.F.);
#4880=ADVANCED_FACE('',(#395),#171,.F.);
#4881=ADVANCED_FACE('',(#396),#172,.F.);
#4882=ADVANCED_FACE('',(#397),#173,.F.);
#4883=ADVANCED_FACE('',(#398),#174,.F.);
#4884=ADVANCED_FACE('',(#399),#175,.F.);
#4885=ADVANCED_FACE('',(#400),#176,.F.);
#4886=ADVANCED_FACE('',(#401),#177,.F.);
#4887=ADVANCED_FACE('',(#402),#178,.F.);
#4888=ADVANCED_FACE('',(#403),#179,.F.);
#4889=ADVANCED_FACE('',(#404),#180,.F.);
#4890=ADVANCED_FACE('',(#405),#181,.F.);
#4891=ADVANCED_FACE('',(#406),#182,.F.);
#4892=ADVANCED_FACE('',(#407),#183,.F.);
#4893=ADVANCED_FACE('',(#408),#184,.F.);
#4894=ADVANCED_FACE('',(#409),#185,.F.);
#4895=ADVANCED_FACE('',(#410),#186,.F.);
#4896=ADVANCED_FACE('',(#411),#187,.F.);
#4897=ADVANCED_FACE('',(#412),#188,.F.);
#4898=ADVANCED_FACE('',(#413),#189,.F.);
#4899=ADVANCED_FACE('',(#414),#190,.F.);
#4900=ADVANCED_FACE('',(#415),#191,.F.);
#4901=ADVANCED_FACE('',(#416),#192,.F.);
#4902=ADVANCED_FACE('',(#417),#193,.F.);
#4903=ADVANCED_FACE('',(#418),#194,.F.);
#4904=ADVANCED_FACE('',(#419),#195,.F.);
#4905=ADVANCED_FACE('',(#420),#196,.F.);
#4906=ADVANCED_FACE('',(#421),#197,.F.);
#4907=ADVANCED_FACE('',(#422),#198,.F.);
#4908=ADVANCED_FACE('',(#423),#199,.F.);
#4909=ADVANCED_FACE('',(#424),#200,.F.);
#4910=ADVANCED_FACE('',(#425),#201,.F.);
#4911=ADVANCED_FACE('',(#426,#139),#202,.F.);
#4912=ADVANCED_FACE('',(#427),#203,.T.);
#4913=ADVANCED_FACE('',(#428),#204,.T.);
#4914=ADVANCED_FACE('',(#429),#205,.T.);
#4915=ADVANCED_FACE('',(#430),#206,.T.);
#4916=ADVANCED_FACE('',(#431),#207,.T.);
#4917=ADVANCED_FACE('',(#432),#208,.T.);
#4918=ADVANCED_FACE('',(#433),#209,.T.);
#4919=ADVANCED_FACE('',(#434),#210,.T.);
#4920=ADVANCED_FACE('',(#435),#211,.T.);
#4921=ADVANCED_FACE('',(#436),#212,.T.);
#4922=ADVANCED_FACE('',(#437),#213,.T.);
#4923=ADVANCED_FACE('',(#438),#214,.T.);
#4924=ADVANCED_FACE('',(#439),#215,.T.);
#4925=ADVANCED_FACE('',(#440),#216,.T.);
#4926=ADVANCED_FACE('',(#441),#217,.T.);
#4927=ADVANCED_FACE('',(#442),#218,.T.);
#4928=ADVANCED_FACE('',(#443),#219,.T.);
#4929=ADVANCED_FACE('',(#444),#220,.T.);
#4930=ADVANCED_FACE('',(#445),#221,.T.);
#4931=ADVANCED_FACE('',(#446),#222,.T.);
#4932=ADVANCED_FACE('',(#447),#223,.T.);
#4933=ADVANCED_FACE('',(#448),#224,.T.);
#4934=ADVANCED_FACE('',(#449),#225,.T.);
#4935=ADVANCED_FACE('',(#450),#226,.T.);
#4936=ADVANCED_FACE('',(#451),#227,.T.);
#4937=ADVANCED_FACE('',(#452),#228,.T.);
#4938=ADVANCED_FACE('',(#453),#229,.T.);
#4939=ADVANCED_FACE('',(#454),#230,.T.);
#4940=ADVANCED_FACE('',(#455),#231,.T.);
#4941=ADVANCED_FACE('',(#456),#232,.T.);
#4942=ADVANCED_FACE('',(#457),#233,.T.);
#4943=ADVANCED_FACE('',(#458),#234,.T.);
#4944=ADVANCED_FACE('',(#459),#235,.T.);
#4945=ADVANCED_FACE('',(#460),#236,.T.);
#4946=ADVANCED_FACE('',(#461),#237,.T.);
#4947=ADVANCED_FACE('',(#462),#238,.T.);
#4948=ADVANCED_FACE('',(#463),#239,.T.);
#4949=ADVANCED_FACE('',(#464),#240,.T.);
#4950=ADVANCED_FACE('',(#465),#241,.T.);
#4951=ADVANCED_FACE('',(#466),#242,.T.);
#4952=ADVANCED_FACE('',(#467),#243,.T.);
#4953=ADVANCED_FACE('',(#468),#244,.T.);
#4954=ADVANCED_FACE('',(#469),#245,.T.);
#4955=ADVANCED_FACE('',(#470),#246,.T.);
#4956=ADVANCED_FACE('',(#471),#247,.T.);
#4957=ADVANCED_FACE('',(#472),#248,.T.);
#4958=ADVANCED_FACE('',(#473),#249,.T.);
#4959=ADVANCED_FACE('',(#474),#250,.T.);
#4960=ADVANCED_FACE('',(#475),#251,.T.);
#4961=ADVANCED_FACE('',(#476),#252,.T.);
#4962=ADVANCED_FACE('',(#477),#253,.T.);
#4963=ADVANCED_FACE('',(#478),#254,.T.);
#4964=ADVANCED_FACE('',(#479),#255,.T.);
#4965=ADVANCED_FACE('',(#480),#256,.T.);
#4966=ADVANCED_FACE('',(#481),#257,.T.);
#4967=ADVANCED_FACE('',(#482),#258,.T.);
#4968=ADVANCED_FACE('',(#483),#259,.T.);
#4969=ADVANCED_FACE('',(#484),#260,.T.);
#4970=ADVANCED_FACE('',(#485),#261,.T.);
#4971=ADVANCED_FACE('',(#486),#262,.T.);
#4972=ADVANCED_FACE('',(#487),#4768,.T.);
#4973=ADVANCED_FACE('',(#488),#4769,.T.);
#4974=ADVANCED_FACE('',(#489),#4770,.T.);
#4975=ADVANCED_FACE('',(#490),#4771,.T.);
#4976=ADVANCED_FACE('',(#491),#4772,.T.);
#4977=ADVANCED_FACE('',(#492),#4773,.T.);
#4978=ADVANCED_FACE('',(#493),#4774,.T.);
#4979=ADVANCED_FACE('',(#494),#4775,.T.);
#4980=ADVANCED_FACE('',(#495),#4776,.T.);
#4981=ADVANCED_FACE('',(#496),#4777,.T.);
#4982=ADVANCED_FACE('',(#497),#4778,.T.);
#4983=ADVANCED_FACE('',(#498),#4779,.T.);
#4984=ADVANCED_FACE('',(#499),#4780,.T.);
#4985=ADVANCED_FACE('',(#500),#4781,.T.);
#4986=ADVANCED_FACE('',(#501),#4782,.T.);
#4987=ADVANCED_FACE('',(#502),#4783,.T.);
#4988=ADVANCED_FACE('',(#503),#4784,.T.);
#4989=ADVANCED_FACE('',(#504),#4785,.T.);
#4990=ADVANCED_FACE('',(#505),#4786,.T.);
#4991=ADVANCED_FACE('',(#506),#4787,.T.);
#4992=ADVANCED_FACE('',(#507),#4788,.F.);
#4993=ADVANCED_FACE('',(#508,#140),#263,.T.);
#4994=ADVANCED_FACE('',(#509),#264,.F.);
#4995=ADVANCED_FACE('',(#510),#265,.F.);
#4996=ADVANCED_FACE('',(#511),#266,.F.);
#4997=ADVANCED_FACE('',(#512),#267,.F.);
#4998=ADVANCED_FACE('',(#513),#268,.F.);
#4999=ADVANCED_FACE('',(#514),#269,.F.);
#5000=ADVANCED_FACE('',(#515),#270,.F.);
#5001=ADVANCED_FACE('',(#516),#271,.F.);
#5002=ADVANCED_FACE('',(#517),#272,.F.);
#5003=ADVANCED_FACE('',(#518),#273,.F.);
#5004=ADVANCED_FACE('',(#519),#274,.F.);
#5005=ADVANCED_FACE('',(#520),#275,.F.);
#5006=ADVANCED_FACE('',(#521),#276,.F.);
#5007=ADVANCED_FACE('',(#522),#277,.F.);
#5008=ADVANCED_FACE('',(#523),#278,.F.);
#5009=ADVANCED_FACE('',(#524),#279,.F.);
#5010=ADVANCED_FACE('',(#525),#280,.F.);
#5011=ADVANCED_FACE('',(#526),#281,.F.);
#5012=ADVANCED_FACE('',(#527),#282,.F.);
#5013=ADVANCED_FACE('',(#528),#283,.F.);
#5014=ADVANCED_FACE('',(#529),#284,.F.);
#5015=ADVANCED_FACE('',(#530),#285,.F.);
#5016=ADVANCED_FACE('',(#531),#286,.F.);
#5017=ADVANCED_FACE('',(#532),#287,.F.);
#5018=ADVANCED_FACE('',(#533),#288,.F.);
#5019=ADVANCED_FACE('',(#534),#289,.F.);
#5020=ADVANCED_FACE('',(#535),#290,.F.);
#5021=ADVANCED_FACE('',(#536),#291,.F.);
#5022=ADVANCED_FACE('',(#537),#292,.F.);
#5023=ADVANCED_FACE('',(#538),#293,.F.);
#5024=ADVANCED_FACE('',(#539),#294,.F.);
#5025=ADVANCED_FACE('',(#540),#295,.F.);
#5026=ADVANCED_FACE('',(#541),#296,.F.);
#5027=ADVANCED_FACE('',(#542),#297,.F.);
#5028=ADVANCED_FACE('',(#543),#298,.F.);
#5029=ADVANCED_FACE('',(#544),#299,.F.);
#5030=ADVANCED_FACE('',(#545),#300,.F.);
#5031=ADVANCED_FACE('',(#546),#301,.F.);
#5032=ADVANCED_FACE('',(#547),#302,.F.);
#5033=ADVANCED_FACE('',(#548),#303,.F.);
#5034=CLOSED_SHELL('',(#4789,#4790,#4791,#4792,#4793,#4794,#4795,#4796,
#4797,#4798,#4799,#4800,#4801,#4802,#4803,#4804,#4805,#4806,#4807,#4808,
#4809,#4810,#4811,#4812,#4813,#4814,#4815,#4816,#4817,#4818,#4819,#4820,
#4821,#4822,#4823,#4824,#4825,#4826,#4827,#4828,#4829,#4830,#4831,#4832,
#4833,#4834,#4835,#4836,#4837,#4838,#4839,#4840,#4841,#4842,#4843,#4844,
#4845,#4846,#4847,#4848,#4849,#4850,#4851,#4852,#4853,#4854,#4855,#4856,
#4857,#4858,#4859,#4860,#4861,#4862,#4863,#4864,#4865,#4866,#4867,#4868,
#4869,#4870,#4871,#4872,#4873,#4874,#4875,#4876,#4877,#4878,#4879,#4880,
#4881,#4882,#4883,#4884,#4885,#4886,#4887,#4888,#4889,#4890,#4891,#4892,
#4893,#4894,#4895,#4896,#4897,#4898,#4899,#4900,#4901,#4902,#4903,#4904,
#4905,#4906,#4907,#4908,#4909,#4910,#4911,#4912,#4913,#4914,#4915,#4916,
#4917,#4918,#4919,#4920,#4921,#4922,#4923,#4924,#4925,#4926,#4927,#4928,
#4929,#4930,#4931,#4932,#4933,#4934,#4935,#4936,#4937,#4938,#4939,#4940,
#4941,#4942,#4943,#4944,#4945,#4946,#4947,#4948,#4949,#4950,#4951,#4952,
#4953,#4954,#4955,#4956,#4957,#4958,#4959,#4960,#4961,#4962,#4963,#4964,
#4965,#4966,#4967,#4968,#4969,#4970,#4971,#4972,#4973,#4974,#4975,#4976,
#4977,#4978,#4979,#4980,#4981,#4982,#4983,#4984,#4985,#4986,#4987,#4988,
#4989,#4990,#4991,#4992,#4993,#4994,#4995,#4996,#4997,#4998,#4999,#5000,
#5001,#5002,#5003,#5004,#5005,#5006,#5007,#5008,#5009,#5010,#5011,#5012,
#5013,#5014,#5015,#5016,#5017,#5018,#5019,#5020,#5021,#5022,#5023,#5024,
#5025,#5026,#5027,#5028,#5029,#5030,#5031,#5032,#5033));
#5035=DERIVED_UNIT_ELEMENT(#5037,1.);
#5036=DERIVED_UNIT_ELEMENT(#8380,-3.);
#5037=(
MASS_UNIT()
NAMED_UNIT(*)
SI_UNIT(.KILO.,.GRAM.)
);
#5038=DERIVED_UNIT((#5035,#5036));
#5039=MEASURE_REPRESENTATION_ITEM('density measure',
POSITIVE_RATIO_MEASURE(7850.),#5038);
#5040=PROPERTY_DEFINITION_REPRESENTATION(#5045,#5042);
#5041=PROPERTY_DEFINITION_REPRESENTATION(#5046,#5043);
#5042=REPRESENTATION('material name',(#5044),#8377);
#5043=REPRESENTATION('density',(#5039),#8377);
#5044=DESCRIPTIVE_REPRESENTATION_ITEM('Steel','Steel');
#5045=PROPERTY_DEFINITION('material property','material name',#8387);
#5046=PROPERTY_DEFINITION('material property','density of part',#8387);
#5047=AXIS2_PLACEMENT_3D('',#6919,#5497,#5498);
#5048=AXIS2_PLACEMENT_3D('',#6920,#5499,#5500);
#5049=AXIS2_PLACEMENT_3D('',#6922,#5501,#5502);
#5050=AXIS2_PLACEMENT_3D('',#6925,#5504,#5505);
#5051=AXIS2_PLACEMENT_3D('',#6926,#5506,#5507);
#5052=AXIS2_PLACEMENT_3D('',#6928,#5508,#5509);
#5053=AXIS2_PLACEMENT_3D('',#6929,#5510,#5511);
#5054=AXIS2_PLACEMENT_3D('',#6932,#5512,#5513);
#5055=AXIS2_PLACEMENT_3D('',#6936,#5515,#5516);
#5056=AXIS2_PLACEMENT_3D('',#6938,#5518,#5519);
#5057=AXIS2_PLACEMENT_3D('',#6940,#5520,#5521);
#5058=AXIS2_PLACEMENT_3D('',#6942,#5522,#5523);
#5059=AXIS2_PLACEMENT_3D('',#6944,#5525,#5526);
#5060=AXIS2_PLACEMENT_3D('',#6946,#5527,#5528);
#5061=AXIS2_PLACEMENT_3D('',#6948,#5529,#5530);
#5062=AXIS2_PLACEMENT_3D('',#6950,#5532,#5533);
#5063=AXIS2_PLACEMENT_3D('',#6953,#5534,#5535);
#5064=AXIS2_PLACEMENT_3D('',#6957,#5537,#5538);
#5065=AXIS2_PLACEMENT_3D('',#6959,#5540,#5541);
#5066=AXIS2_PLACEMENT_3D('',#6961,#5542,#5543);
#5067=AXIS2_PLACEMENT_3D('',#6963,#5544,#5545);
#5068=AXIS2_PLACEMENT_3D('',#6965,#5547,#5548);
#5069=AXIS2_PLACEMENT_3D('',#6967,#5549,#5550);
#5070=AXIS2_PLACEMENT_3D('',#6969,#5551,#5552);
#5071=AXIS2_PLACEMENT_3D('',#6971,#5554,#5555);
#5072=AXIS2_PLACEMENT_3D('',#6974,#5556,#5557);
#5073=AXIS2_PLACEMENT_3D('',#6978,#5559,#5560);
#5074=AXIS2_PLACEMENT_3D('',#6980,#5562,#5563);
#5075=AXIS2_PLACEMENT_3D('',#6982,#5564,#5565);
#5076=AXIS2_PLACEMENT_3D('',#6984,#5566,#5567);
#5077=AXIS2_PLACEMENT_3D('',#6986,#5569,#5570);
#5078=AXIS2_PLACEMENT_3D('',#6988,#5571,#5572);
#5079=AXIS2_PLACEMENT_3D('',#6990,#5573,#5574);
#5080=AXIS2_PLACEMENT_3D('',#6992,#5576,#5577);
#5081=AXIS2_PLACEMENT_3D('',#6995,#5578,#5579);
#5082=AXIS2_PLACEMENT_3D('',#6999,#5581,#5582);
#5083=AXIS2_PLACEMENT_3D('',#7001,#5584,#5585);
#5084=AXIS2_PLACEMENT_3D('',#7003,#5586,#5587);
#5085=AXIS2_PLACEMENT_3D('',#7005,#5588,#5589);
#5086=AXIS2_PLACEMENT_3D('',#7007,#5591,#5592);
#5087=AXIS2_PLACEMENT_3D('',#7009,#5593,#5594);
#5088=AXIS2_PLACEMENT_3D('',#7011,#5595,#5596);
#5089=AXIS2_PLACEMENT_3D('',#7013,#5598,#5599);
#5090=AXIS2_PLACEMENT_3D('',#7016,#5600,#5601);
#5091=AXIS2_PLACEMENT_3D('',#7020,#5603,#5604);
#5092=AXIS2_PLACEMENT_3D('',#7022,#5606,#5607);
#5093=AXIS2_PLACEMENT_3D('',#7024,#5608,#5609);
#5094=AXIS2_PLACEMENT_3D('',#7026,#5610,#5611);
#5095=AXIS2_PLACEMENT_3D('',#7028,#5613,#5614);
#5096=AXIS2_PLACEMENT_3D('',#7030,#5615,#5616);
#5097=AXIS2_PLACEMENT_3D('',#7032,#5617,#5618);
#5098=AXIS2_PLACEMENT_3D('',#7034,#5620,#5621);
#5099=AXIS2_PLACEMENT_3D('',#7037,#5622,#5623);
#5100=AXIS2_PLACEMENT_3D('',#7041,#5625,#5626);
#5101=AXIS2_PLACEMENT_3D('',#7043,#5628,#5629);
#5102=AXIS2_PLACEMENT_3D('',#7045,#5630,#5631);
#5103=AXIS2_PLACEMENT_3D('',#7047,#5632,#5633);
#5104=AXIS2_PLACEMENT_3D('',#7049,#5635,#5636);
#5105=AXIS2_PLACEMENT_3D('',#7051,#5637,#5638);
#5106=AXIS2_PLACEMENT_3D('',#7053,#5639,#5640);
#5107=AXIS2_PLACEMENT_3D('',#7055,#5642,#5643);
#5108=AXIS2_PLACEMENT_3D('',#7058,#5644,#5645);
#5109=AXIS2_PLACEMENT_3D('',#7062,#5647,#5648);
#5110=AXIS2_PLACEMENT_3D('',#7064,#5650,#5651);
#5111=AXIS2_PLACEMENT_3D('',#7066,#5652,#5653);
#5112=AXIS2_PLACEMENT_3D('',#7068,#5654,#5655);
#5113=AXIS2_PLACEMENT_3D('',#7070,#5657,#5658);
#5114=AXIS2_PLACEMENT_3D('',#7072,#5659,#5660);
#5115=AXIS2_PLACEMENT_3D('',#7074,#5661,#5662);
#5116=AXIS2_PLACEMENT_3D('',#7076,#5664,#5665);
#5117=AXIS2_PLACEMENT_3D('',#7079,#5666,#5667);
#5118=AXIS2_PLACEMENT_3D('',#7083,#5669,#5670);
#5119=AXIS2_PLACEMENT_3D('',#7085,#5672,#5673);
#5120=AXIS2_PLACEMENT_3D('',#7087,#5674,#5675);
#5121=AXIS2_PLACEMENT_3D('',#7089,#5676,#5677);
#5122=AXIS2_PLACEMENT_3D('',#7091,#5679,#5680);
#5123=AXIS2_PLACEMENT_3D('',#7093,#5681,#5682);
#5124=AXIS2_PLACEMENT_3D('',#7095,#5683,#5684);
#5125=AXIS2_PLACEMENT_3D('',#7097,#5686,#5687);
#5126=AXIS2_PLACEMENT_3D('',#7100,#5688,#5689);
#5127=AXIS2_PLACEMENT_3D('',#7104,#5691,#5692);
#5128=AXIS2_PLACEMENT_3D('',#7106,#5694,#5695);
#5129=AXIS2_PLACEMENT_3D('',#7108,#5696,#5697);
#5130=AXIS2_PLACEMENT_3D('',#7110,#5698,#5699);
#5131=AXIS2_PLACEMENT_3D('',#7112,#5701,#5702);
#5132=AXIS2_PLACEMENT_3D('',#7114,#5703,#5704);
#5133=AXIS2_PLACEMENT_3D('',#7116,#5705,#5706);
#5134=AXIS2_PLACEMENT_3D('',#7118,#5708,#5709);
#5135=AXIS2_PLACEMENT_3D('',#7121,#5710,#5711);
#5136=AXIS2_PLACEMENT_3D('',#7125,#5713,#5714);
#5137=AXIS2_PLACEMENT_3D('',#7127,#5716,#5717);
#5138=AXIS2_PLACEMENT_3D('',#7129,#5718,#5719);
#5139=AXIS2_PLACEMENT_3D('',#7131,#5720,#5721);
#5140=AXIS2_PLACEMENT_3D('',#7133,#5723,#5724);
#5141=AXIS2_PLACEMENT_3D('',#7135,#5725,#5726);
#5142=AXIS2_PLACEMENT_3D('',#7137,#5727,#5728);
#5143=AXIS2_PLACEMENT_3D('',#7139,#5730,#5731);
#5144=AXIS2_PLACEMENT_3D('',#7142,#5732,#5733);
#5145=AXIS2_PLACEMENT_3D('',#7146,#5735,#5736);
#5146=AXIS2_PLACEMENT_3D('',#7148,#5738,#5739);
#5147=AXIS2_PLACEMENT_3D('',#7150,#5740,#5741);
#5148=AXIS2_PLACEMENT_3D('',#7152,#5742,#5743);
#5149=AXIS2_PLACEMENT_3D('',#7154,#5745,#5746);
#5150=AXIS2_PLACEMENT_3D('',#7156,#5747,#5748);
#5151=AXIS2_PLACEMENT_3D('',#7158,#5749,#5750);
#5152=AXIS2_PLACEMENT_3D('',#7160,#5752,#5753);
#5153=AXIS2_PLACEMENT_3D('',#7163,#5754,#5755);
#5154=AXIS2_PLACEMENT_3D('',#7167,#5757,#5758);
#5155=AXIS2_PLACEMENT_3D('',#7169,#5760,#5761);
#5156=AXIS2_PLACEMENT_3D('',#7171,#5762,#5763);
#5157=AXIS2_PLACEMENT_3D('',#7173,#5764,#5765);
#5158=AXIS2_PLACEMENT_3D('',#7175,#5767,#5768);
#5159=AXIS2_PLACEMENT_3D('',#7177,#5769,#5770);
#5160=AXIS2_PLACEMENT_3D('',#7179,#5771,#5772);
#5161=AXIS2_PLACEMENT_3D('',#7181,#5774,#5775);
#5162=AXIS2_PLACEMENT_3D('',#7184,#5776,#5777);
#5163=AXIS2_PLACEMENT_3D('',#7188,#5779,#5780);
#5164=AXIS2_PLACEMENT_3D('',#7190,#5782,#5783);
#5165=AXIS2_PLACEMENT_3D('',#7192,#5784,#5785);
#5166=AXIS2_PLACEMENT_3D('',#7194,#5786,#5787);
#5167=AXIS2_PLACEMENT_3D('',#7196,#5789,#5790);
#5168=AXIS2_PLACEMENT_3D('',#7198,#5791,#5792);
#5169=AXIS2_PLACEMENT_3D('',#7200,#5793,#5794);
#5170=AXIS2_PLACEMENT_3D('',#7202,#5796,#5797);
#5171=AXIS2_PLACEMENT_3D('',#7205,#5798,#5799);
#5172=AXIS2_PLACEMENT_3D('',#7209,#5801,#5802);
#5173=AXIS2_PLACEMENT_3D('',#7211,#5804,#5805);
#5174=AXIS2_PLACEMENT_3D('',#7213,#5806,#5807);
#5175=AXIS2_PLACEMENT_3D('',#7215,#5808,#5809);
#5176=AXIS2_PLACEMENT_3D('',#7217,#5811,#5812);
#5177=AXIS2_PLACEMENT_3D('',#7219,#5813,#5814);
#5178=AXIS2_PLACEMENT_3D('',#7221,#5815,#5816);
#5179=AXIS2_PLACEMENT_3D('',#7223,#5818,#5819);
#5180=AXIS2_PLACEMENT_3D('',#7226,#5820,#5821);
#5181=AXIS2_PLACEMENT_3D('',#7230,#5823,#5824);
#5182=AXIS2_PLACEMENT_3D('',#7232,#5826,#5827);
#5183=AXIS2_PLACEMENT_3D('',#7234,#5828,#5829);
#5184=AXIS2_PLACEMENT_3D('',#7236,#5830,#5831);
#5185=AXIS2_PLACEMENT_3D('',#7238,#5833,#5834);
#5186=AXIS2_PLACEMENT_3D('',#7240,#5835,#5836);
#5187=AXIS2_PLACEMENT_3D('',#7242,#5837,#5838);
#5188=AXIS2_PLACEMENT_3D('',#7244,#5840,#5841);
#5189=AXIS2_PLACEMENT_3D('',#7247,#5842,#5843);
#5190=AXIS2_PLACEMENT_3D('',#7251,#5845,#5846);
#5191=AXIS2_PLACEMENT_3D('',#7253,#5848,#5849);
#5192=AXIS2_PLACEMENT_3D('',#7255,#5850,#5851);
#5193=AXIS2_PLACEMENT_3D('',#7257,#5852,#5853);
#5194=AXIS2_PLACEMENT_3D('',#7259,#5855,#5856);
#5195=AXIS2_PLACEMENT_3D('',#7261,#5857,#5858);
#5196=AXIS2_PLACEMENT_3D('',#7263,#5859,#5860);
#5197=AXIS2_PLACEMENT_3D('',#7265,#5862,#5863);
#5198=AXIS2_PLACEMENT_3D('',#7268,#5864,#5865);
#5199=AXIS2_PLACEMENT_3D('',#7272,#5867,#5868);
#5200=AXIS2_PLACEMENT_3D('',#7274,#5870,#5871);
#5201=AXIS2_PLACEMENT_3D('',#7276,#5872,#5873);
#5202=AXIS2_PLACEMENT_3D('',#7278,#5874,#5875);
#5203=AXIS2_PLACEMENT_3D('',#7280,#5877,#5878);
#5204=AXIS2_PLACEMENT_3D('',#7282,#5879,#5880);
#5205=AXIS2_PLACEMENT_3D('',#7284,#5881,#5882);
#5206=AXIS2_PLACEMENT_3D('',#7286,#5884,#5885);
#5207=AXIS2_PLACEMENT_3D('',#7289,#5886,#5887);
#5208=AXIS2_PLACEMENT_3D('',#7293,#5889,#5890);
#5209=AXIS2_PLACEMENT_3D('',#7295,#5892,#5893);
#5210=AXIS2_PLACEMENT_3D('',#7297,#5894,#5895);
#5211=AXIS2_PLACEMENT_3D('',#7299,#5896,#5897);
#5212=AXIS2_PLACEMENT_3D('',#7301,#5899,#5900);
#5213=AXIS2_PLACEMENT_3D('',#7303,#5901,#5902);
#5214=AXIS2_PLACEMENT_3D('',#7305,#5903,#5904);
#5215=AXIS2_PLACEMENT_3D('',#7307,#5906,#5907);
#5216=AXIS2_PLACEMENT_3D('',#7310,#5908,#5909);
#5217=AXIS2_PLACEMENT_3D('',#7314,#5911,#5912);
#5218=AXIS2_PLACEMENT_3D('',#7316,#5914,#5915);
#5219=AXIS2_PLACEMENT_3D('',#7318,#5916,#5917);
#5220=AXIS2_PLACEMENT_3D('',#7320,#5918,#5919);
#5221=AXIS2_PLACEMENT_3D('',#7322,#5921,#5922);
#5222=AXIS2_PLACEMENT_3D('',#7324,#5923,#5924);
#5223=AXIS2_PLACEMENT_3D('',#7326,#5925,#5926);
#5224=AXIS2_PLACEMENT_3D('',#7328,#5928,#5929);
#5225=AXIS2_PLACEMENT_3D('',#7331,#5930,#5931);
#5226=AXIS2_PLACEMENT_3D('',#7335,#5933,#5934);
#5227=AXIS2_PLACEMENT_3D('',#7337,#5936,#5937);
#5228=AXIS2_PLACEMENT_3D('',#7340,#5938,#5939);
#5229=AXIS2_PLACEMENT_3D('',#7344,#5941,#5942);
#5230=AXIS2_PLACEMENT_3D('',#7345,#5943,#5944);
#5231=AXIS2_PLACEMENT_3D('',#7347,#5946,#5947);
#5232=AXIS2_PLACEMENT_3D('',#7350,#5948,#5949);
#5233=AXIS2_PLACEMENT_3D('',#7353,#5952,#5953);
#5234=AXIS2_PLACEMENT_3D('',#7356,#5954,#5955);
#5235=AXIS2_PLACEMENT_3D('',#7359,#5958,#5959);
#5236=AXIS2_PLACEMENT_3D('',#7362,#5960,#5961);
#5237=AXIS2_PLACEMENT_3D('',#7365,#5964,#5965);
#5238=AXIS2_PLACEMENT_3D('',#7368,#5966,#5967);
#5239=AXIS2_PLACEMENT_3D('',#7371,#5970,#5971);
#5240=AXIS2_PLACEMENT_3D('',#7374,#5972,#5973);
#5241=AXIS2_PLACEMENT_3D('',#7377,#5976,#5977);
#5242=AXIS2_PLACEMENT_3D('',#7380,#5978,#5979);
#5243=AXIS2_PLACEMENT_3D('',#7383,#5982,#5983);
#5244=AXIS2_PLACEMENT_3D('',#7386,#5984,#5985);
#5245=AXIS2_PLACEMENT_3D('',#7389,#5988,#5989);
#5246=AXIS2_PLACEMENT_3D('',#7392,#5990,#5991);
#5247=AXIS2_PLACEMENT_3D('',#7395,#5994,#5995);
#5248=AXIS2_PLACEMENT_3D('',#7398,#5996,#5997);
#5249=AXIS2_PLACEMENT_3D('',#7401,#6000,#6001);
#5250=AXIS2_PLACEMENT_3D('',#7404,#6002,#6003);
#5251=AXIS2_PLACEMENT_3D('',#7407,#6006,#6007);
#5252=AXIS2_PLACEMENT_3D('',#7410,#6008,#6009);
#5253=AXIS2_PLACEMENT_3D('',#7413,#6012,#6013);
#5254=AXIS2_PLACEMENT_3D('',#7416,#6014,#6015);
#5255=AXIS2_PLACEMENT_3D('',#7419,#6018,#6019);
#5256=AXIS2_PLACEMENT_3D('',#7422,#6020,#6021);
#5257=AXIS2_PLACEMENT_3D('',#7425,#6024,#6025);
#5258=AXIS2_PLACEMENT_3D('',#7428,#6026,#6027);
#5259=AXIS2_PLACEMENT_3D('',#7431,#6030,#6031);
#5260=AXIS2_PLACEMENT_3D('',#7434,#6032,#6033);
#5261=AXIS2_PLACEMENT_3D('',#7437,#6036,#6037);
#5262=AXIS2_PLACEMENT_3D('',#7440,#6038,#6039);
#5263=AXIS2_PLACEMENT_3D('',#7443,#6042,#6043);
#5264=AXIS2_PLACEMENT_3D('',#7446,#6044,#6045);
#5265=AXIS2_PLACEMENT_3D('',#7449,#6048,#6049);
#5266=AXIS2_PLACEMENT_3D('',#7452,#6050,#6051);
#5267=AXIS2_PLACEMENT_3D('',#7455,#6054,#6055);
#5268=AXIS2_PLACEMENT_3D('',#7458,#6056,#6057);
#5269=AXIS2_PLACEMENT_3D('',#7461,#6060,#6061);
#5270=AXIS2_PLACEMENT_3D('',#7463,#6062,#6063);
#5271=AXIS2_PLACEMENT_3D('',#7465,#6065,#6066);
#5272=AXIS2_PLACEMENT_3D('',#7467,#6067,#6068);
#5273=AXIS2_PLACEMENT_3D('',#7469,#6070,#6071);
#5274=AXIS2_PLACEMENT_3D('',#7473,#6074,#6075);
#5275=AXIS2_PLACEMENT_3D('',#7477,#6078,#6079);
#5276=AXIS2_PLACEMENT_3D('',#7481,#6082,#6083);
#5277=AXIS2_PLACEMENT_3D('',#7485,#6086,#6087);
#5278=AXIS2_PLACEMENT_3D('',#7489,#6090,#6091);
#5279=AXIS2_PLACEMENT_3D('',#7493,#6094,#6095);
#5280=AXIS2_PLACEMENT_3D('',#7497,#6098,#6099);
#5281=AXIS2_PLACEMENT_3D('',#7501,#6102,#6103);
#5282=AXIS2_PLACEMENT_3D('',#7505,#6106,#6107);
#5283=AXIS2_PLACEMENT_3D('',#7509,#6110,#6111);
#5284=AXIS2_PLACEMENT_3D('',#7513,#6114,#6115);
#5285=AXIS2_PLACEMENT_3D('',#7517,#6118,#6119);
#5286=AXIS2_PLACEMENT_3D('',#7521,#6122,#6123);
#5287=AXIS2_PLACEMENT_3D('',#7525,#6126,#6127);
#5288=AXIS2_PLACEMENT_3D('',#7529,#6130,#6131);
#5289=AXIS2_PLACEMENT_3D('',#7533,#6134,#6135);
#5290=AXIS2_PLACEMENT_3D('',#7537,#6138,#6139);
#5291=AXIS2_PLACEMENT_3D('',#7541,#6142,#6143);
#5292=AXIS2_PLACEMENT_3D('',#7545,#6146,#6147);
#5293=AXIS2_PLACEMENT_3D('',#7549,#6150,#6151);
#5294=AXIS2_PLACEMENT_3D('',#7553,#6154,#6155);
#5295=AXIS2_PLACEMENT_3D('',#7557,#6158,#6159);
#5296=AXIS2_PLACEMENT_3D('',#7561,#6162,#6163);
#5297=AXIS2_PLACEMENT_3D('',#7565,#6166,#6167);
#5298=AXIS2_PLACEMENT_3D('',#7569,#6170,#6171);
#5299=AXIS2_PLACEMENT_3D('',#7573,#6174,#6175);
#5300=AXIS2_PLACEMENT_3D('',#7577,#6178,#6179);
#5301=AXIS2_PLACEMENT_3D('',#7581,#6182,#6183);
#5302=AXIS2_PLACEMENT_3D('',#7585,#6186,#6187);
#5303=AXIS2_PLACEMENT_3D('',#7589,#6190,#6191);
#5304=AXIS2_PLACEMENT_3D('',#7593,#6194,#6195);
#5305=AXIS2_PLACEMENT_3D('',#7597,#6198,#6199);
#5306=AXIS2_PLACEMENT_3D('',#7601,#6202,#6203);
#5307=AXIS2_PLACEMENT_3D('',#7605,#6206,#6207);
#5308=AXIS2_PLACEMENT_3D('',#7609,#6210,#6211);
#5309=AXIS2_PLACEMENT_3D('',#7613,#6214,#6215);
#5310=AXIS2_PLACEMENT_3D('',#7617,#6218,#6219);
#5311=AXIS2_PLACEMENT_3D('',#7621,#6222,#6223);
#5312=AXIS2_PLACEMENT_3D('',#7625,#6226,#6227);
#5313=AXIS2_PLACEMENT_3D('',#7629,#6230,#6231);
#5314=AXIS2_PLACEMENT_3D('',#7636,#6234,#6235);
#5315=AXIS2_PLACEMENT_3D('',#7644,#6239,#6240);
#5316=AXIS2_PLACEMENT_3D('',#7652,#6244,#6245);
#5317=AXIS2_PLACEMENT_3D('',#7660,#6249,#6250);
#5318=AXIS2_PLACEMENT_3D('',#7668,#6254,#6255);
#5319=AXIS2_PLACEMENT_3D('',#7676,#6259,#6260);
#5320=AXIS2_PLACEMENT_3D('',#7684,#6264,#6265);
#5321=AXIS2_PLACEMENT_3D('',#7692,#6269,#6270);
#5322=AXIS2_PLACEMENT_3D('',#7700,#6274,#6275);
#5323=AXIS2_PLACEMENT_3D('',#7708,#6279,#6280);
#5324=AXIS2_PLACEMENT_3D('',#7716,#6284,#6285);
#5325=AXIS2_PLACEMENT_3D('',#7724,#6289,#6290);
#5326=AXIS2_PLACEMENT_3D('',#7732,#6294,#6295);
#5327=AXIS2_PLACEMENT_3D('',#7740,#6299,#6300);
#5328=AXIS2_PLACEMENT_3D('',#7748,#6304,#6305);
#5329=AXIS2_PLACEMENT_3D('',#7756,#6309,#6310);
#5330=AXIS2_PLACEMENT_3D('',#7764,#6314,#6315);
#5331=AXIS2_PLACEMENT_3D('',#7772,#6319,#6320);
#5332=AXIS2_PLACEMENT_3D('',#7780,#6324,#6325);
#5333=AXIS2_PLACEMENT_3D('',#7788,#6329,#6330);
#5334=AXIS2_PLACEMENT_3D('',#7790,#6332,#6333);
#5335=AXIS2_PLACEMENT_3D('',#7791,#6334,#6335);
#5336=AXIS2_PLACEMENT_3D('',#7792,#6336,#6337);
#5337=AXIS2_PLACEMENT_3D('',#7793,#6338,#6339);
#5338=AXIS2_PLACEMENT_3D('',#7794,#6340,#6341);
#5339=AXIS2_PLACEMENT_3D('',#7795,#6342,#6343);
#5340=AXIS2_PLACEMENT_3D('',#7796,#6344,#6345);
#5341=AXIS2_PLACEMENT_3D('',#7797,#6346,#6347);
#5342=AXIS2_PLACEMENT_3D('',#7798,#6348,#6349);
#5343=AXIS2_PLACEMENT_3D('',#7799,#6350,#6351);
#5344=AXIS2_PLACEMENT_3D('',#7800,#6352,#6353);
#5345=AXIS2_PLACEMENT_3D('',#7801,#6354,#6355);
#5346=AXIS2_PLACEMENT_3D('',#7802,#6356,#6357);
#5347=AXIS2_PLACEMENT_3D('',#7803,#6358,#6359);
#5348=AXIS2_PLACEMENT_3D('',#7804,#6360,#6361);
#5349=AXIS2_PLACEMENT_3D('',#7806,#6362,#6363);
#5350=AXIS2_PLACEMENT_3D('',#7807,#6364,#6365);
#5351=AXIS2_PLACEMENT_3D('',#7808,#6366,#6367);
#5352=AXIS2_PLACEMENT_3D('',#7809,#6368,#6369);
#5353=AXIS2_PLACEMENT_3D('',#7810,#6370,#6371);
#5354=AXIS2_PLACEMENT_3D('',#7811,#6372,#6373);
#5355=AXIS2_PLACEMENT_3D('',#7812,#6374,#6375);
#5356=AXIS2_PLACEMENT_3D('',#7822,#6381,#6382);
#5357=AXIS2_PLACEMENT_3D('',#7828,#6386,#6387);
#5358=AXIS2_PLACEMENT_3D('',#7835,#6392,#6393);
#5359=AXIS2_PLACEMENT_3D('',#7845,#6399,#6400);
#5360=AXIS2_PLACEMENT_3D('',#7851,#6404,#6405);
#5361=AXIS2_PLACEMENT_3D('',#7858,#6410,#6411);
#5362=AXIS2_PLACEMENT_3D('',#7868,#6417,#6418);
#5363=AXIS2_PLACEMENT_3D('',#7874,#6422,#6423);
#5364=AXIS2_PLACEMENT_3D('',#7881,#6428,#6429);
#5365=AXIS2_PLACEMENT_3D('',#7891,#6435,#6436);
#5366=AXIS2_PLACEMENT_3D('',#7897,#6440,#6441);
#5367=AXIS2_PLACEMENT_3D('',#7904,#6446,#6447);
#5368=AXIS2_PLACEMENT_3D('',#7914,#6453,#6454);
#5369=AXIS2_PLACEMENT_3D('',#7920,#6458,#6459);
#5370=AXIS2_PLACEMENT_3D('',#7927,#6464,#6465);
#5371=AXIS2_PLACEMENT_3D('',#7937,#6471,#6472);
#5372=AXIS2_PLACEMENT_3D('',#7943,#6476,#6477);
#5373=AXIS2_PLACEMENT_3D('',#7950,#6482,#6483);
#5374=AXIS2_PLACEMENT_3D('',#7960,#6489,#6490);
#5375=AXIS2_PLACEMENT_3D('',#7966,#6494,#6495);
#5376=AXIS2_PLACEMENT_3D('',#7973,#6500,#6501);
#5377=AXIS2_PLACEMENT_3D('',#7983,#6507,#6508);
#5378=AXIS2_PLACEMENT_3D('',#7989,#6512,#6513);
#5379=AXIS2_PLACEMENT_3D('',#7996,#6518,#6519);
#5380=AXIS2_PLACEMENT_3D('',#8006,#6525,#6526);
#5381=AXIS2_PLACEMENT_3D('',#8012,#6530,#6531);
#5382=AXIS2_PLACEMENT_3D('',#8019,#6536,#6537);
#5383=AXIS2_PLACEMENT_3D('',#8029,#6543,#6544);
#5384=AXIS2_PLACEMENT_3D('',#8035,#6548,#6549);
#5385=AXIS2_PLACEMENT_3D('',#8042,#6554,#6555);
#5386=AXIS2_PLACEMENT_3D('',#8052,#6561,#6562);
#5387=AXIS2_PLACEMENT_3D('',#8058,#6566,#6567);
#5388=AXIS2_PLACEMENT_3D('',#8065,#6572,#6573);
#5389=AXIS2_PLACEMENT_3D('',#8075,#6579,#6580);
#5390=AXIS2_PLACEMENT_3D('',#8081,#6584,#6585);
#5391=AXIS2_PLACEMENT_3D('',#8088,#6590,#6591);
#5392=AXIS2_PLACEMENT_3D('',#8098,#6597,#6598);
#5393=AXIS2_PLACEMENT_3D('',#8104,#6602,#6603);
#5394=AXIS2_PLACEMENT_3D('',#8111,#6608,#6609);
#5395=AXIS2_PLACEMENT_3D('',#8121,#6615,#6616);
#5396=AXIS2_PLACEMENT_3D('',#8127,#6620,#6621);
#5397=AXIS2_PLACEMENT_3D('',#8134,#6626,#6627);
#5398=AXIS2_PLACEMENT_3D('',#8144,#6633,#6634);
#5399=AXIS2_PLACEMENT_3D('',#8150,#6638,#6639);
#5400=AXIS2_PLACEMENT_3D('',#8157,#6644,#6645);
#5401=AXIS2_PLACEMENT_3D('',#8167,#6651,#6652);
#5402=AXIS2_PLACEMENT_3D('',#8173,#6656,#6657);
#5403=AXIS2_PLACEMENT_3D('',#8180,#6662,#6663);
#5404=AXIS2_PLACEMENT_3D('',#8190,#6669,#6670);
#5405=AXIS2_PLACEMENT_3D('',#8196,#6674,#6675);
#5406=AXIS2_PLACEMENT_3D('',#8203,#6680,#6681);
#5407=AXIS2_PLACEMENT_3D('',#8213,#6687,#6688);
#5408=AXIS2_PLACEMENT_3D('',#8219,#6692,#6693);
#5409=AXIS2_PLACEMENT_3D('',#8226,#6698,#6699);
#5410=AXIS2_PLACEMENT_3D('',#8236,#6705,#6706);
#5411=AXIS2_PLACEMENT_3D('',#8242,#6710,#6711);
#5412=AXIS2_PLACEMENT_3D('',#8249,#6716,#6717);
#5413=AXIS2_PLACEMENT_3D('',#8259,#6723,#6724);
#5414=AXIS2_PLACEMENT_3D('',#8265,#6728,#6729);
#5415=AXIS2_PLACEMENT_3D('',#8272,#6734,#6735);
#5416=AXIS2_PLACEMENT_3D('',#8273,#6736,#6737);
#5417=AXIS2_PLACEMENT_3D('',#8274,#6738,#6739);
#5418=AXIS2_PLACEMENT_3D('',#8275,#6740,#6741);
#5419=AXIS2_PLACEMENT_3D('',#8276,#6742,#6743);
#5420=AXIS2_PLACEMENT_3D('',#8277,#6744,#6745);
#5421=AXIS2_PLACEMENT_3D('',#8278,#6746,#6747);
#5422=AXIS2_PLACEMENT_3D('',#8279,#6748,#6749);
#5423=AXIS2_PLACEMENT_3D('',#8280,#6750,#6751);
#5424=AXIS2_PLACEMENT_3D('',#8281,#6752,#6753);
#5425=AXIS2_PLACEMENT_3D('',#8282,#6754,#6755);
#5426=AXIS2_PLACEMENT_3D('',#8283,#6756,#6757);
#5427=AXIS2_PLACEMENT_3D('',#8284,#6758,#6759);
#5428=AXIS2_PLACEMENT_3D('',#8285,#6760,#6761);
#5429=AXIS2_PLACEMENT_3D('',#8286,#6762,#6763);
#5430=AXIS2_PLACEMENT_3D('',#8287,#6764,#6765);
#5431=AXIS2_PLACEMENT_3D('',#8288,#6766,#6767);
#5432=AXIS2_PLACEMENT_3D('',#8289,#6768,#6769);
#5433=AXIS2_PLACEMENT_3D('',#8290,#6770,#6771);
#5434=AXIS2_PLACEMENT_3D('',#8291,#6772,#6773);
#5435=AXIS2_PLACEMENT_3D('',#8292,#6774,#6775);
#5436=AXIS2_PLACEMENT_3D('',#8293,#6776,#6777);
#5437=AXIS2_PLACEMENT_3D('',#8294,#6778,#6779);
#5438=AXIS2_PLACEMENT_3D('',#8295,#6780,#6781);
#5439=AXIS2_PLACEMENT_3D('',#8296,#6782,#6783);
#5440=AXIS2_PLACEMENT_3D('',#8297,#6784,#6785);
#5441=AXIS2_PLACEMENT_3D('',#8298,#6786,#6787);
#5442=AXIS2_PLACEMENT_3D('',#8299,#6788,#6789);
#5443=AXIS2_PLACEMENT_3D('',#8300,#6790,#6791);
#5444=AXIS2_PLACEMENT_3D('',#8301,#6792,#6793);
#5445=AXIS2_PLACEMENT_3D('',#8302,#6794,#6795);
#5446=AXIS2_PLACEMENT_3D('',#8303,#6796,#6797);
#5447=AXIS2_PLACEMENT_3D('',#8304,#6798,#6799);
#5448=AXIS2_PLACEMENT_3D('',#8305,#6800,#6801);
#5449=AXIS2_PLACEMENT_3D('',#8306,#6802,#6803);
#5450=AXIS2_PLACEMENT_3D('',#8307,#6804,#6805);
#5451=AXIS2_PLACEMENT_3D('',#8308,#6806,#6807);
#5452=AXIS2_PLACEMENT_3D('',#8309,#6808,#6809);
#5453=AXIS2_PLACEMENT_3D('',#8310,#6810,#6811);
#5454=AXIS2_PLACEMENT_3D('',#8311,#6812,#6813);
#5455=AXIS2_PLACEMENT_3D('',#8312,#6814,#6815);
#5456=AXIS2_PLACEMENT_3D('',#8314,#6817,#6818);
#5457=AXIS2_PLACEMENT_3D('',#8335,#6839,#6840);
#5458=AXIS2_PLACEMENT_3D('',#8336,#6841,#6842);
#5459=AXIS2_PLACEMENT_3D('',#8337,#6843,#6844);
#5460=AXIS2_PLACEMENT_3D('',#8338,#6845,#6846);
#5461=AXIS2_PLACEMENT_3D('',#8339,#6847,#6848);
#5462=AXIS2_PLACEMENT_3D('',#8340,#6849,#6850);
#5463=AXIS2_PLACEMENT_3D('',#8341,#6851,#6852);
#5464=AXIS2_PLACEMENT_3D('',#8342,#6853,#6854);
#5465=AXIS2_PLACEMENT_3D('',#8343,#6855,#6856);
#5466=AXIS2_PLACEMENT_3D('',#8344,#6857,#6858);
#5467=AXIS2_PLACEMENT_3D('',#8345,#6859,#6860);
#5468=AXIS2_PLACEMENT_3D('',#8346,#6861,#6862);
#5469=AXIS2_PLACEMENT_3D('',#8347,#6863,#6864);
#5470=AXIS2_PLACEMENT_3D('',#8348,#6865,#6866);
#5471=AXIS2_PLACEMENT_3D('',#8349,#6867,#6868);
#5472=AXIS2_PLACEMENT_3D('',#8350,#6869,#6870);
#5473=AXIS2_PLACEMENT_3D('',#8351,#6871,#6872);
#5474=AXIS2_PLACEMENT_3D('',#8352,#6873,#6874);
#5475=AXIS2_PLACEMENT_3D('',#8353,#6875,#6876);
#5476=AXIS2_PLACEMENT_3D('',#8354,#6877,#6878);
#5477=AXIS2_PLACEMENT_3D('',#8355,#6879,#6880);
#5478=AXIS2_PLACEMENT_3D('',#8356,#6881,#6882);
#5479=AXIS2_PLACEMENT_3D('',#8357,#6883,#6884);
#5480=AXIS2_PLACEMENT_3D('',#8358,#6885,#6886);
#5481=AXIS2_PLACEMENT_3D('',#8359,#6887,#6888);
#5482=AXIS2_PLACEMENT_3D('',#8360,#6889,#6890);
#5483=AXIS2_PLACEMENT_3D('',#8361,#6891,#6892);
#5484=AXIS2_PLACEMENT_3D('',#8362,#6893,#6894);
#5485=AXIS2_PLACEMENT_3D('',#8363,#6895,#6896);
#5486=AXIS2_PLACEMENT_3D('',#8364,#6897,#6898);
#5487=AXIS2_PLACEMENT_3D('',#8365,#6899,#6900);
#5488=AXIS2_PLACEMENT_3D('',#8366,#6901,#6902);
#5489=AXIS2_PLACEMENT_3D('',#8367,#6903,#6904);
#5490=AXIS2_PLACEMENT_3D('',#8368,#6905,#6906);
#5491=AXIS2_PLACEMENT_3D('',#8369,#6907,#6908);
#5492=AXIS2_PLACEMENT_3D('',#8370,#6909,#6910);
#5493=AXIS2_PLACEMENT_3D('',#8371,#6911,#6912);
#5494=AXIS2_PLACEMENT_3D('',#8372,#6913,#6914);
#5495=AXIS2_PLACEMENT_3D('',#8373,#6915,#6916);
#5496=AXIS2_PLACEMENT_3D('',#8374,#6917,#6918);
#5497=DIRECTION('axis',(0.,0.,1.));
#5498=DIRECTION('refdir',(1.,0.,0.));
#5499=DIRECTION('center_axis',(1.,0.,1.09476442525376E-47));
#5500=DIRECTION('ref_axis',(-1.09476442525376E-47,0.,1.));
#5501=DIRECTION('center_axis',(-1.,0.,-1.09476442525376E-47));
#5502=DIRECTION('ref_axis',(-1.09476442525376E-47,0.,1.));
#5503=DIRECTION('',(-1.,0.,-1.09476442525376E-47));
#5504=DIRECTION('center_axis',(1.,0.,1.09476442525376E-47));
#5505=DIRECTION('ref_axis',(-1.09476442525376E-47,0.,1.));
#5506=DIRECTION('center_axis',(-1.,0.,-1.09476442525376E-47));
#5507=DIRECTION('ref_axis',(-1.09476442525376E-47,0.,1.));
#5508=DIRECTION('center_axis',(-1.,0.,-1.09476442525376E-47));
#5509=DIRECTION('ref_axis',(-2.22044604925039E-16,2.62953635073662E-31,
1.));
#5510=DIRECTION('center_axis',(-1.,0.,-1.09476442525376E-47));
#5511=DIRECTION('ref_axis',(-4.21687917729221E-79,1.,3.85185988877447E-32));
#5512=DIRECTION('center_axis',(-1.,-1.53562733404075E-15,-2.22044604925039E-16));
#5513=DIRECTION('ref_axis',(-4.21687917729221E-79,1.,3.85185988877447E-32));
#5514=DIRECTION('',(-1.,0.,-1.09476442525376E-47));
#5515=DIRECTION('center_axis',(-1.,-2.22044604925031E-16,2.22044604925031E-16));
#5516=DIRECTION('ref_axis',(-2.22044604925031E-16,1.,3.85185988877447E-32));
#5517=DIRECTION('',(-1.,0.,-1.09476442525376E-47));
#5518=DIRECTION('center_axis',(-1.,0.,-1.09476442525376E-47));
#5519=DIRECTION('ref_axis',(-5.39760534693403E-79,1.,4.93038065763132E-32));
#5520=DIRECTION('center_axis',(-1.,-1.53562733404075E-15,-2.22044604925039E-16));
#5521=DIRECTION('ref_axis',(-5.39760534693403E-79,1.,4.93038065763132E-32));
#5522=DIRECTION('center_axis',(-1.,-2.22044604925031E-16,2.22044604925031E-16));
#5523=DIRECTION('ref_axis',(-2.22044604925031E-16,1.,4.93038065763132E-32));
#5524=DIRECTION('',(-1.,0.,-1.09476442525376E-47));
#5525=DIRECTION('center_axis',(-1.,0.,-1.09476442525376E-47));
#5526=DIRECTION('ref_axis',(-4.2216049307662E-48,-0.922658670526391,0.385617657404938));
#5527=DIRECTION('center_axis',(-1.,-1.53562733404075E-15,-2.22044604925039E-16));
#5528=DIRECTION('ref_axis',(-4.21687917729221E-79,1.,3.85185988877447E-32));
#5529=DIRECTION('center_axis',(-1.,-2.22044604925031E-16,2.22044604925031E-16));
#5530=DIRECTION('ref_axis',(-2.22044604925031E-16,1.,3.85185988877447E-32));
#5531=DIRECTION('',(-1.,0.,-1.09476442525376E-47));
#5532=DIRECTION('center_axis',(-1.,0.,-1.09476442525376E-47));
#5533=DIRECTION('ref_axis',(-4.21687917729221E-79,1.,3.85185988877447E-32));
#5534=DIRECTION('center_axis',(-1.,-1.53562733404075E-15,-2.22044604925039E-16));
#5535=DIRECTION('ref_axis',(-4.21687917729221E-79,1.,3.85185988877447E-32));
#5536=DIRECTION('',(-1.,0.,-1.09476442525376E-47));
#5537=DIRECTION('center_axis',(-1.,-2.22044604925031E-16,2.22044604925031E-16));
#5538=DIRECTION('ref_axis',(-2.22044604925031E-16,1.,3.85185988877447E-32));
#5539=DIRECTION('',(-1.,0.,-1.09476442525376E-47));
#5540=DIRECTION('center_axis',(-1.,0.,-1.09476442525376E-47));
#5541=DIRECTION('ref_axis',(-5.39760534693403E-79,1.,4.93038065763132E-32));
#5542=DIRECTION('center_axis',(-1.,-1.53562733404075E-15,-2.22044604925039E-16));
#5543=DIRECTION('ref_axis',(-5.39760534693403E-79,1.,4.93038065763132E-32));
#5544=DIRECTION('center_axis',(-1.,-2.22044604925031E-16,2.22044604925031E-16));
#5545=DIRECTION('ref_axis',(-2.22044604925031E-16,1.,4.93038065763132E-32));
#5546=DIRECTION('',(-1.,0.,-1.09476442525376E-47));
#5547=DIRECTION('center_axis',(-1.,0.,-1.09476442525376E-47));
#5548=DIRECTION('ref_axis',(-8.93623102016823E-49,-0.996662950389632,0.0816269766721441));
#5549=DIRECTION('center_axis',(-1.,-1.53562733404075E-15,-2.22044604925039E-16));
#5550=DIRECTION('ref_axis',(-4.21687917729221E-79,1.,3.85185988877447E-32));
#5551=DIRECTION('center_axis',(-1.,-2.22044604925031E-16,2.22044604925031E-16));
#5552=DIRECTION('ref_axis',(-2.22044604925031E-16,1.,3.85185988877447E-32));
#5553=DIRECTION('',(-1.,0.,-1.09476442525376E-47));
#5554=DIRECTION('center_axis',(-1.,0.,-1.09476442525376E-47));
#5555=DIRECTION('ref_axis',(-4.21687917729221E-79,1.,3.85185988877447E-32));
#5556=DIRECTION('center_axis',(-1.,-1.53562733404075E-15,-2.22044604925039E-16));
#5557=DIRECTION('ref_axis',(-4.21687917729221E-79,1.,3.85185988877447E-32));
#5558=DIRECTION('',(-1.,0.,-1.09476442525376E-47));
#5559=DIRECTION('center_axis',(-1.,-2.22044604925031E-16,2.22044604925031E-16));
#5560=DIRECTION('ref_axis',(-2.22044604925031E-16,1.,3.85185988877447E-32));
#5561=DIRECTION('',(-1.,0.,-1.09476442525376E-47));
#5562=DIRECTION('center_axis',(-1.,0.,-1.09476442525376E-47));
#5563=DIRECTION('ref_axis',(-5.39760534693403E-79,1.,4.93038065763132E-32));
#5564=DIRECTION('center_axis',(-1.,-1.53562733404075E-15,-2.22044604925039E-16));
#5565=DIRECTION('ref_axis',(-5.39760534693403E-79,1.,4.93038065763132E-32));
#5566=DIRECTION('center_axis',(-1.,-2.22044604925031E-16,2.22044604925031E-16));
#5567=DIRECTION('ref_axis',(-2.22044604925031E-16,1.,4.93038065763132E-32));
#5568=DIRECTION('',(-1.,0.,-1.09476442525376E-47));
#5569=DIRECTION('center_axis',(-1.,0.,-1.09476442525376E-47));
#5570=DIRECTION('ref_axis',(2.52183278217454E-48,-0.973106916509349,-0.230353921263927));
#5571=DIRECTION('center_axis',(-1.,-1.53562733404075E-15,-2.22044604925039E-16));
#5572=DIRECTION('ref_axis',(-4.21687917729221E-79,1.,3.85185988877447E-32));
#5573=DIRECTION('center_axis',(-1.,-2.22044604925031E-16,2.22044604925031E-16));
#5574=DIRECTION('ref_axis',(-2.22044604925031E-16,1.,3.85185988877447E-32));
#5575=DIRECTION('',(-1.,0.,-1.09476442525376E-47));
#5576=DIRECTION('center_axis',(-1.,0.,-1.09476442525376E-47));
#5577=DIRECTION('ref_axis',(-4.21687917729221E-79,1.,3.85185988877447E-32));
#5578=DIRECTION('center_axis',(-1.,-1.53562733404075E-15,-2.22044604925039E-16));
#5579=DIRECTION('ref_axis',(-4.21687917729221E-79,1.,3.85185988877447E-32));
#5580=DIRECTION('',(-1.,0.,-1.09476442525376E-47));
#5581=DIRECTION('center_axis',(-1.,-2.22044604925031E-16,2.22044604925031E-16));
#5582=DIRECTION('ref_axis',(-2.22044604925031E-16,1.,3.85185988877447E-32));
#5583=DIRECTION('',(-1.,0.,-1.09476442525376E-47));
#5584=DIRECTION('center_axis',(-1.,0.,-1.09476442525376E-47));
#5585=DIRECTION('ref_axis',(-5.39760534693403E-79,1.,4.93038065763132E-32));
#5586=DIRECTION('center_axis',(-1.,-1.53562733404075E-15,-2.22044604925039E-16));
#5587=DIRECTION('ref_axis',(-5.39760534693403E-79,1.,4.93038065763132E-32));
#5588=DIRECTION('center_axis',(-1.,-2.22044604925031E-16,2.22044604925031E-16));
#5589=DIRECTION('ref_axis',(-2.22044604925031E-16,1.,4.93038065763132E-32));
#5590=DIRECTION('',(-1.,0.,-1.09476442525376E-47));
#5591=DIRECTION('center_axis',(-1.,0.,-1.09476442525376E-47));
#5592=DIRECTION('ref_axis',(5.6904341030172E-48,-0.854296397606448,-0.519786172417703));
#5593=DIRECTION('center_axis',(-1.,-1.53562733404075E-15,-2.22044604925039E-16));
#5594=DIRECTION('ref_axis',(-4.21687917729221E-79,1.,3.85185988877447E-32));
#5595=DIRECTION('center_axis',(-1.,-2.22044604925031E-16,2.22044604925031E-16));
#5596=DIRECTION('ref_axis',(-2.22044604925031E-16,1.,3.85185988877447E-32));
#5597=DIRECTION('',(-1.,0.,-1.09476442525376E-47));
#5598=DIRECTION('center_axis',(-1.,0.,-1.09476442525376E-47));
#5599=DIRECTION('ref_axis',(-4.21687917729221E-79,1.,3.85185988877447E-32));
#5600=DIRECTION('center_axis',(-1.,-1.53562733404075E-15,-2.22044604925039E-16));
#5601=DIRECTION('ref_axis',(-4.21687917729221E-79,1.,3.85185988877447E-32));
#5602=DIRECTION('',(-1.,0.,-1.09476442525376E-47));
#5603=DIRECTION('center_axis',(-1.,-2.22044604925031E-16,2.22044604925031E-16));
#5604=DIRECTION('ref_axis',(-2.22044604925031E-16,1.,3.85185988877447E-32));
#5605=DIRECTION('',(-1.,0.,-1.09476442525376E-47));
#5606=DIRECTION('center_axis',(-1.,0.,-1.09476442525376E-47));
#5607=DIRECTION('ref_axis',(-5.39760534693403E-79,1.,4.93038065763132E-32));
#5608=DIRECTION('center_axis',(-1.,-1.53562733404075E-15,-2.22044604925039E-16));
#5609=DIRECTION('ref_axis',(-5.39760534693403E-79,1.,4.93038065763132E-32));
#5610=DIRECTION('center_axis',(-1.,-2.22044604925031E-16,2.22044604925031E-16));
#5611=DIRECTION('ref_axis',(-2.22044604925031E-16,1.,4.93038065763132E-32));
#5612=DIRECTION('',(-1.,0.,-1.09476442525376E-47));
#5613=DIRECTION('center_axis',(-1.,0.,-1.09476442525376E-47));
#5614=DIRECTION('ref_axis',(-4.21687917729221E-79,1.,3.85185988877447E-32));
#5615=DIRECTION('center_axis',(-1.,-1.53562733404075E-15,-2.22044604925039E-16));
#5616=DIRECTION('ref_axis',(-4.21687917729221E-79,1.,3.85185988877447E-32));
#5617=DIRECTION('center_axis',(-1.,-2.22044604925031E-16,2.22044604925031E-16));
#5618=DIRECTION('ref_axis',(-2.22044604925031E-16,1.,3.85185988877447E-32));
#5619=DIRECTION('',(-1.,0.,-1.09476442525376E-47));
#5620=DIRECTION('center_axis',(-1.,0.,-1.09476442525376E-47));
#5621=DIRECTION('ref_axis',(-4.21687917729221E-79,1.,3.85185988877447E-32));
#5622=DIRECTION('center_axis',(-1.,-1.53562733404075E-15,-2.22044604925039E-16));
#5623=DIRECTION('ref_axis',(-4.21687917729221E-79,1.,3.85185988877447E-32));
#5624=DIRECTION('',(-1.,0.,-1.09476442525376E-47));
#5625=DIRECTION('center_axis',(-1.,-2.22044604925031E-16,2.22044604925031E-16));
#5626=DIRECTION('ref_axis',(-2.22044604925031E-16,1.,3.85185988877447E-32));
#5627=DIRECTION('',(-1.,0.,-1.09476442525376E-47));
#5628=DIRECTION('center_axis',(-1.,0.,-1.09476442525376E-47));
#5629=DIRECTION('ref_axis',(-5.39760534693403E-79,1.,4.93038065763132E-32));
#5630=DIRECTION('center_axis',(-1.,-1.53562733404075E-15,-2.22044604925039E-16));
#5631=DIRECTION('ref_axis',(-5.39760534693403E-79,1.,4.93038065763132E-32));
#5632=DIRECTION('center_axis',(-1.,-2.22044604925031E-16,2.22044604925031E-16));
#5633=DIRECTION('ref_axis',(-2.22044604925031E-16,1.,4.93038065763132E-32));
#5634=DIRECTION('',(-1.,0.,-1.09476442525376E-47));
#5635=DIRECTION('center_axis',(-1.,0.,-1.09476442525376E-47));
#5636=DIRECTION('ref_axis',(-4.21687917729221E-79,1.,3.85185988877447E-32));
#5637=DIRECTION('center_axis',(-1.,-1.53562733404075E-15,-2.22044604925039E-16));
#5638=DIRECTION('ref_axis',(-4.21687917729221E-79,1.,3.85185988877447E-32));
#5639=DIRECTION('center_axis',(-1.,-2.22044604925031E-16,2.22044604925031E-16));
#5640=DIRECTION('ref_axis',(-2.22044604925031E-16,1.,3.85185988877447E-32));
#5641=DIRECTION('',(-1.,0.,-1.09476442525376E-47));
#5642=DIRECTION('center_axis',(-1.,0.,-1.09476442525376E-47));
#5643=DIRECTION('ref_axis',(-4.21687917729221E-79,1.,3.85185988877447E-32));
#5644=DIRECTION('center_axis',(-1.,-1.53562733404075E-15,-2.22044604925039E-16));
#5645=DIRECTION('ref_axis',(-4.21687917729221E-79,1.,3.85185988877447E-32));
#5646=DIRECTION('',(-1.,0.,-1.09476442525376E-47));
#5647=DIRECTION('center_axis',(-1.,-2.22044604925031E-16,2.22044604925031E-16));
#5648=DIRECTION('ref_axis',(-2.22044604925031E-16,1.,3.85185988877447E-32));
#5649=DIRECTION('',(-1.,0.,-1.09476442525376E-47));
#5650=DIRECTION('center_axis',(-1.,0.,-1.09476442525376E-47));
#5651=DIRECTION('ref_axis',(-5.39760534693403E-79,1.,4.93038065763132E-32));
#5652=DIRECTION('center_axis',(-1.,-1.53562733404075E-15,-2.22044604925039E-16));
#5653=DIRECTION('ref_axis',(-5.39760534693403E-79,1.,4.93038065763132E-32));
#5654=DIRECTION('center_axis',(-1.,-2.22044604925031E-16,2.22044604925031E-16));
#5655=DIRECTION('ref_axis',(-2.22044604925031E-16,1.,4.93038065763132E-32));
#5656=DIRECTION('',(-1.,0.,-1.09476442525376E-47));
#5657=DIRECTION('center_axis',(-1.,0.,-1.09476442525376E-47));
#5658=DIRECTION('ref_axis',(-4.21687917729221E-79,1.,3.85185988877447E-32));
#5659=DIRECTION('center_axis',(-1.,-1.53562733404075E-15,-2.22044604925039E-16));
#5660=DIRECTION('ref_axis',(-4.21687917729221E-79,1.,3.85185988877447E-32));
#5661=DIRECTION('center_axis',(-1.,-2.22044604925031E-16,2.22044604925031E-16));
#5662=DIRECTION('ref_axis',(-2.22044604925031E-16,1.,3.85185988877447E-32));
#5663=DIRECTION('',(-1.,0.,-1.09476442525376E-47));
#5664=DIRECTION('center_axis',(-1.,0.,-1.09476442525376E-47));
#5665=DIRECTION('ref_axis',(-4.21687917729221E-79,1.,3.85185988877447E-32));
#5666=DIRECTION('center_axis',(-1.,-1.53562733404075E-15,-2.22044604925039E-16));
#5667=DIRECTION('ref_axis',(-4.21687917729221E-79,1.,3.85185988877447E-32));
#5668=DIRECTION('',(-1.,0.,-1.09476442525376E-47));
#5669=DIRECTION('center_axis',(-1.,-2.22044604925031E-16,2.22044604925031E-16));
#5670=DIRECTION('ref_axis',(-2.22044604925031E-16,1.,3.85185988877447E-32));
#5671=DIRECTION('',(-1.,0.,-1.09476442525376E-47));
#5672=DIRECTION('center_axis',(-1.,0.,-1.09476442525376E-47));
#5673=DIRECTION('ref_axis',(-5.39760534693403E-79,1.,4.93038065763132E-32));
#5674=DIRECTION('center_axis',(-1.,-1.53562733404075E-15,-2.22044604925039E-16));
#5675=DIRECTION('ref_axis',(-5.39760534693403E-79,1.,4.93038065763132E-32));
#5676=DIRECTION('center_axis',(-1.,-2.22044604925031E-16,2.22044604925031E-16));
#5677=DIRECTION('ref_axis',(-2.22044604925031E-16,1.,4.93038065763132E-32));
#5678=DIRECTION('',(-1.,0.,-1.09476442525376E-47));
#5679=DIRECTION('center_axis',(-1.,0.,-1.09476442525376E-47));
#5680=DIRECTION('ref_axis',(-4.21687917729221E-79,1.,3.85185988877447E-32));
#5681=DIRECTION('center_axis',(-1.,-1.53562733404075E-15,-2.22044604925039E-16));
#5682=DIRECTION('ref_axis',(-4.21687917729221E-79,1.,3.85185988877447E-32));
#5683=DIRECTION('center_axis',(-1.,-2.22044604925031E-16,2.22044604925031E-16));
#5684=DIRECTION('ref_axis',(-2.22044604925031E-16,1.,3.85185988877447E-32));
#5685=DIRECTION('',(-1.,0.,-1.09476442525376E-47));
#5686=DIRECTION('center_axis',(-1.,0.,-1.09476442525376E-47));
#5687=DIRECTION('ref_axis',(-4.21687917729221E-79,1.,3.85185988877447E-32));
#5688=DIRECTION('center_axis',(-1.,-1.53562733404075E-15,-2.22044604925039E-16));
#5689=DIRECTION('ref_axis',(-4.21687917729221E-79,1.,3.85185988877447E-32));
#5690=DIRECTION('',(-1.,0.,-1.09476442525376E-47));
#5691=DIRECTION('center_axis',(-1.,-2.22044604925031E-16,2.22044604925031E-16));
#5692=DIRECTION('ref_axis',(-2.22044604925031E-16,1.,3.85185988877447E-32));
#5693=DIRECTION('',(-1.,0.,-1.09476442525376E-47));
#5694=DIRECTION('center_axis',(-1.,0.,-1.09476442525376E-47));
#5695=DIRECTION('ref_axis',(-5.39760534693403E-79,1.,4.93038065763132E-32));
#5696=DIRECTION('center_axis',(-1.,-1.53562733404075E-15,-2.22044604925039E-16));
#5697=DIRECTION('ref_axis',(-5.39760534693403E-79,1.,4.93038065763132E-32));
#5698=DIRECTION('center_axis',(-1.,-2.22044604925031E-16,2.22044604925031E-16));
#5699=DIRECTION('ref_axis',(-2.22044604925031E-16,1.,4.93038065763132E-32));
#5700=DIRECTION('',(-1.,0.,-1.09476442525376E-47));
#5701=DIRECTION('center_axis',(-1.,0.,-1.09476442525376E-47));
#5702=DIRECTION('ref_axis',(-4.21687917729221E-79,1.,3.85185988877447E-32));
#5703=DIRECTION('center_axis',(-1.,-1.53562733404075E-15,-2.22044604925039E-16));
#5704=DIRECTION('ref_axis',(-4.21687917729221E-79,1.,3.85185988877447E-32));
#5705=DIRECTION('center_axis',(-1.,-2.22044604925031E-16,2.22044604925031E-16));
#5706=DIRECTION('ref_axis',(-2.22044604925031E-16,1.,3.85185988877447E-32));
#5707=DIRECTION('',(-1.,0.,-1.09476442525376E-47));
#5708=DIRECTION('center_axis',(-1.,0.,-1.09476442525376E-47));
#5709=DIRECTION('ref_axis',(-4.21687917729221E-79,1.,3.85185988877447E-32));
#5710=DIRECTION('center_axis',(-1.,-1.53562733404075E-15,-2.22044604925039E-16));
#5711=DIRECTION('ref_axis',(-4.21687917729221E-79,1.,3.85185988877447E-32));
#5712=DIRECTION('',(-1.,0.,-1.09476442525376E-47));
#5713=DIRECTION('center_axis',(-1.,-2.22044604925031E-16,2.22044604925031E-16));
#5714=DIRECTION('ref_axis',(-2.22044604925031E-16,1.,3.85185988877447E-32));
#5715=DIRECTION('',(-1.,0.,-1.09476442525376E-47));
#5716=DIRECTION('center_axis',(-1.,0.,-1.09476442525376E-47));
#5717=DIRECTION('ref_axis',(-5.39760534693403E-79,1.,4.93038065763132E-32));
#5718=DIRECTION('center_axis',(-1.,-1.53562733404075E-15,-2.22044604925039E-16));
#5719=DIRECTION('ref_axis',(-5.39760534693403E-79,1.,4.93038065763132E-32));
#5720=DIRECTION('center_axis',(-1.,-2.22044604925031E-16,2.22044604925031E-16));
#5721=DIRECTION('ref_axis',(-2.22044604925031E-16,1.,4.93038065763132E-32));
#5722=DIRECTION('',(-1.,0.,-1.09476442525376E-47));
#5723=DIRECTION('center_axis',(-1.,0.,-1.09476442525376E-47));
#5724=DIRECTION('ref_axis',(-4.21687917729221E-79,1.,3.85185988877447E-32));
#5725=DIRECTION('center_axis',(-1.,-1.53562733404075E-15,-2.22044604925039E-16));
#5726=DIRECTION('ref_axis',(-4.21687917729221E-79,1.,3.85185988877447E-32));
#5727=DIRECTION('center_axis',(-1.,-2.22044604925031E-16,2.22044604925031E-16));
#5728=DIRECTION('ref_axis',(-2.22044604925031E-16,1.,3.85185988877447E-32));
#5729=DIRECTION('',(-1.,0.,-1.09476442525376E-47));
#5730=DIRECTION('center_axis',(-1.,0.,-1.09476442525376E-47));
#5731=DIRECTION('ref_axis',(-4.21687917729221E-79,1.,3.85185988877447E-32));
#5732=DIRECTION('center_axis',(-1.,-1.53562733404075E-15,-2.22044604925039E-16));
#5733=DIRECTION('ref_axis',(-4.21687917729221E-79,1.,3.85185988877447E-32));
#5734=DIRECTION('',(-1.,0.,-1.09476442525376E-47));
#5735=DIRECTION('center_axis',(-1.,-2.22044604925031E-16,2.22044604925031E-16));
#5736=DIRECTION('ref_axis',(-2.22044604925031E-16,1.,3.85185988877447E-32));
#5737=DIRECTION('',(-1.,0.,-1.09476442525376E-47));
#5738=DIRECTION('center_axis',(-1.,0.,-1.09476442525376E-47));
#5739=DIRECTION('ref_axis',(-5.39760534693403E-79,1.,4.93038065763132E-32));
#5740=DIRECTION('center_axis',(-1.,-1.53562733404075E-15,-2.22044604925039E-16));
#5741=DIRECTION('ref_axis',(-5.39760534693403E-79,1.,4.93038065763132E-32));
#5742=DIRECTION('center_axis',(-1.,-2.22044604925031E-16,2.22044604925031E-16));
#5743=DIRECTION('ref_axis',(-2.22044604925031E-16,1.,4.93038065763132E-32));
#5744=DIRECTION('',(-1.,0.,-1.09476442525376E-47));
#5745=DIRECTION('center_axis',(-1.,0.,-1.09476442525376E-47));
#5746=DIRECTION('ref_axis',(-4.21687917729221E-79,1.,3.85185988877447E-32));
#5747=DIRECTION('center_axis',(-1.,-1.53562733404075E-15,-2.22044604925039E-16));
#5748=DIRECTION('ref_axis',(-4.21687917729221E-79,1.,3.85185988877447E-32));
#5749=DIRECTION('center_axis',(-1.,-2.22044604925031E-16,2.22044604925031E-16));
#5750=DIRECTION('ref_axis',(-2.22044604925031E-16,1.,3.85185988877447E-32));
#5751=DIRECTION('',(-1.,0.,-1.09476442525376E-47));
#5752=DIRECTION('center_axis',(-1.,0.,-1.09476442525376E-47));
#5753=DIRECTION('ref_axis',(-4.21687917729221E-79,1.,3.85185988877447E-32));
#5754=DIRECTION('center_axis',(-1.,-1.53562733404075E-15,-2.22044604925039E-16));
#5755=DIRECTION('ref_axis',(-4.21687917729221E-79,1.,3.85185988877447E-32));
#5756=DIRECTION('',(-1.,0.,-1.09476442525376E-47));
#5757=DIRECTION('center_axis',(-1.,-2.22044604925031E-16,2.22044604925031E-16));
#5758=DIRECTION('ref_axis',(-2.22044604925031E-16,1.,3.85185988877447E-32));
#5759=DIRECTION('',(-1.,0.,-1.09476442525376E-47));
#5760=DIRECTION('center_axis',(-1.,0.,-1.09476442525376E-47));
#5761=DIRECTION('ref_axis',(-5.39760534693403E-79,1.,4.93038065763132E-32));
#5762=DIRECTION('center_axis',(-1.,-1.53562733404075E-15,-2.22044604925039E-16));
#5763=DIRECTION('ref_axis',(-5.39760534693403E-79,1.,4.93038065763132E-32));
#5764=DIRECTION('center_axis',(-1.,-2.22044604925031E-16,2.22044604925031E-16));
#5765=DIRECTION('ref_axis',(-2.22044604925031E-16,1.,4.93038065763132E-32));
#5766=DIRECTION('',(-1.,0.,-1.09476442525376E-47));
#5767=DIRECTION('center_axis',(-1.,0.,-1.09476442525376E-47));
#5768=DIRECTION('ref_axis',(-4.21687917729221E-79,1.,3.85185988877447E-32));
#5769=DIRECTION('center_axis',(-1.,-1.53562733404075E-15,-2.22044604925039E-16));
#5770=DIRECTION('ref_axis',(-4.21687917729221E-79,1.,3.85185988877447E-32));
#5771=DIRECTION('center_axis',(-1.,-2.22044604925031E-16,2.22044604925031E-16));
#5772=DIRECTION('ref_axis',(-2.22044604925031E-16,1.,3.85185988877447E-32));
#5773=DIRECTION('',(-1.,0.,-1.09476442525376E-47));
#5774=DIRECTION('center_axis',(-1.,0.,-1.09476442525376E-47));
#5775=DIRECTION('ref_axis',(-4.21687917729221E-79,1.,3.85185988877447E-32));
#5776=DIRECTION('center_axis',(-1.,-1.53562733404075E-15,-2.22044604925039E-16));
#5777=DIRECTION('ref_axis',(-4.21687917729221E-79,1.,3.85185988877447E-32));
#5778=DIRECTION('',(-1.,0.,-1.09476442525376E-47));
#5779=DIRECTION('center_axis',(-1.,-2.22044604925031E-16,2.22044604925031E-16));
#5780=DIRECTION('ref_axis',(-2.22044604925031E-16,1.,3.85185988877447E-32));
#5781=DIRECTION('',(-1.,0.,-1.09476442525376E-47));
#5782=DIRECTION('center_axis',(-1.,0.,-1.09476442525376E-47));
#5783=DIRECTION('ref_axis',(-5.39760534693403E-79,1.,4.93038065763132E-32));
#5784=DIRECTION('center_axis',(-1.,-1.53562733404075E-15,-2.22044604925039E-16));
#5785=DIRECTION('ref_axis',(-5.39760534693403E-79,1.,4.93038065763132E-32));
#5786=DIRECTION('center_axis',(-1.,-2.22044604925031E-16,2.22044604925031E-16));
#5787=DIRECTION('ref_axis',(-2.22044604925031E-16,1.,4.93038065763132E-32));
#5788=DIRECTION('',(-1.,0.,-1.09476442525376E-47));
#5789=DIRECTION('center_axis',(-1.,0.,-1.09476442525376E-47));
#5790=DIRECTION('ref_axis',(-4.21687917729221E-79,1.,3.85185988877447E-32));
#5791=DIRECTION('center_axis',(-1.,-1.53562733404075E-15,-2.22044604925039E-16));
#5792=DIRECTION('ref_axis',(-4.21687917729221E-79,1.,3.85185988877447E-32));
#5793=DIRECTION('center_axis',(-1.,-2.22044604925031E-16,2.22044604925031E-16));
#5794=DIRECTION('ref_axis',(-2.22044604925031E-16,1.,3.85185988877447E-32));
#5795=DIRECTION('',(-1.,0.,-1.09476442525376E-47));
#5796=DIRECTION('center_axis',(-1.,0.,-1.09476442525376E-47));
#5797=DIRECTION('ref_axis',(-4.21687917729221E-79,1.,3.85185988877447E-32));
#5798=DIRECTION('center_axis',(-1.,-1.53562733404075E-15,-2.22044604925039E-16));
#5799=DIRECTION('ref_axis',(-4.21687917729221E-79,1.,3.85185988877447E-32));
#5800=DIRECTION('',(-1.,0.,-1.09476442525376E-47));
#5801=DIRECTION('center_axis',(-1.,-2.22044604925031E-16,2.22044604925031E-16));
#5802=DIRECTION('ref_axis',(-2.22044604925031E-16,1.,3.85185988877447E-32));
#5803=DIRECTION('',(-1.,0.,-1.09476442525376E-47));
#5804=DIRECTION('center_axis',(-1.,0.,-1.09476442525376E-47));
#5805=DIRECTION('ref_axis',(-5.39760534693403E-79,1.,4.93038065763132E-32));
#5806=DIRECTION('center_axis',(-1.,-1.53562733404075E-15,-2.22044604925039E-16));
#5807=DIRECTION('ref_axis',(-5.39760534693403E-79,1.,4.93038065763132E-32));
#5808=DIRECTION('center_axis',(-1.,-2.22044604925031E-16,2.22044604925031E-16));
#5809=DIRECTION('ref_axis',(-2.22044604925031E-16,1.,4.93038065763132E-32));
#5810=DIRECTION('',(-1.,0.,-1.09476442525376E-47));
#5811=DIRECTION('center_axis',(-1.,0.,-1.09476442525376E-47));
#5812=DIRECTION('ref_axis',(-4.21687917729221E-79,1.,3.85185988877447E-32));
#5813=DIRECTION('center_axis',(-1.,-1.53562733404075E-15,-2.22044604925039E-16));
#5814=DIRECTION('ref_axis',(-4.21687917729221E-79,1.,3.85185988877447E-32));
#5815=DIRECTION('center_axis',(-1.,-2.22044604925031E-16,2.22044604925031E-16));
#5816=DIRECTION('ref_axis',(-2.22044604925031E-16,1.,3.85185988877447E-32));
#5817=DIRECTION('',(-1.,0.,-1.09476442525376E-47));
#5818=DIRECTION('center_axis',(-1.,0.,-1.09476442525376E-47));
#5819=DIRECTION('ref_axis',(-4.21687917729221E-79,1.,3.85185988877447E-32));
#5820=DIRECTION('center_axis',(-1.,-1.53562733404075E-15,-2.22044604925039E-16));
#5821=DIRECTION('ref_axis',(-4.21687917729221E-79,1.,3.85185988877447E-32));
#5822=DIRECTION('',(-1.,0.,-1.09476442525376E-47));
#5823=DIRECTION('center_axis',(-1.,-2.22044604925031E-16,2.22044604925031E-16));
#5824=DIRECTION('ref_axis',(-2.22044604925031E-16,1.,3.85185988877447E-32));
#5825=DIRECTION('',(-1.,0.,-1.09476442525376E-47));
#5826=DIRECTION('center_axis',(-1.,0.,-1.09476442525376E-47));
#5827=DIRECTION('ref_axis',(-5.39760534693403E-79,1.,4.93038065763132E-32));
#5828=DIRECTION('center_axis',(-1.,-1.53562733404075E-15,-2.22044604925039E-16));
#5829=DIRECTION('ref_axis',(-5.39760534693403E-79,1.,4.93038065763132E-32));
#5830=DIRECTION('center_axis',(-1.,-2.22044604925031E-16,2.22044604925031E-16));
#5831=DIRECTION('ref_axis',(-2.22044604925031E-16,1.,4.93038065763132E-32));
#5832=DIRECTION('',(-1.,0.,-1.09476442525376E-47));
#5833=DIRECTION('center_axis',(-1.,0.,-1.09476442525376E-47));
#5834=DIRECTION('ref_axis',(-4.21687917729221E-79,1.,3.85185988877447E-32));
#5835=DIRECTION('center_axis',(-1.,-1.53562733404075E-15,-2.22044604925039E-16));
#5836=DIRECTION('ref_axis',(-4.21687917729221E-79,1.,3.85185988877447E-32));
#5837=DIRECTION('center_axis',(-1.,-2.22044604925031E-16,2.22044604925031E-16));
#5838=DIRECTION('ref_axis',(-2.22044604925031E-16,1.,3.85185988877447E-32));
#5839=DIRECTION('',(-1.,0.,-1.09476442525376E-47));
#5840=DIRECTION('center_axis',(-1.,0.,-1.09476442525376E-47));
#5841=DIRECTION('ref_axis',(-4.21687917729221E-79,1.,3.85185988877447E-32));
#5842=DIRECTION('center_axis',(-1.,-1.53562733404075E-15,-2.22044604925039E-16));
#5843=DIRECTION('ref_axis',(-4.21687917729221E-79,1.,3.85185988877447E-32));
#5844=DIRECTION('',(-1.,0.,-1.09476442525376E-47));
#5845=DIRECTION('center_axis',(-1.,-2.22044604925031E-16,2.22044604925031E-16));
#5846=DIRECTION('ref_axis',(-2.22044604925031E-16,1.,3.85185988877447E-32));
#5847=DIRECTION('',(-1.,0.,-1.09476442525376E-47));
#5848=DIRECTION('center_axis',(-1.,0.,-1.09476442525376E-47));
#5849=DIRECTION('ref_axis',(-5.39760534693403E-79,1.,4.93038065763132E-32));
#5850=DIRECTION('center_axis',(-1.,-1.53562733404075E-15,-2.22044604925039E-16));
#5851=DIRECTION('ref_axis',(-5.39760534693403E-79,1.,4.93038065763132E-32));
#5852=DIRECTION('center_axis',(-1.,-2.22044604925031E-16,2.22044604925031E-16));
#5853=DIRECTION('ref_axis',(-2.22044604925031E-16,1.,4.93038065763132E-32));
#5854=DIRECTION('',(-1.,0.,-1.09476442525376E-47));
#5855=DIRECTION('center_axis',(-1.,0.,-1.09476442525376E-47));
#5856=DIRECTION('ref_axis',(-4.21687917729221E-79,1.,3.85185988877447E-32));
#5857=DIRECTION('center_axis',(-1.,-1.53562733404075E-15,-2.22044604925039E-16));
#5858=DIRECTION('ref_axis',(-4.21687917729221E-79,1.,3.85185988877447E-32));
#5859=DIRECTION('center_axis',(-1.,-2.22044604925031E-16,2.22044604925031E-16));
#5860=DIRECTION('ref_axis',(-2.22044604925031E-16,1.,3.85185988877447E-32));
#5861=DIRECTION('',(-1.,0.,-1.09476442525376E-47));
#5862=DIRECTION('center_axis',(-1.,0.,-1.09476442525376E-47));
#5863=DIRECTION('ref_axis',(-5.69043410301573E-48,-0.85429639760653,0.519786172417569));
#5864=DIRECTION('center_axis',(-1.,-1.53562733404075E-15,-2.22044604925039E-16));
#5865=DIRECTION('ref_axis',(-4.21687917729221E-79,1.,3.85185988877447E-32));
#5866=DIRECTION('',(-1.,0.,-1.09476442525376E-47));
#5867=DIRECTION('center_axis',(-1.,-2.22044604925031E-16,2.22044604925031E-16));
#5868=DIRECTION('ref_axis',(-2.22044604925031E-16,1.,3.85185988877447E-32));
#5869=DIRECTION('',(-1.,0.,-1.09476442525376E-47));
#5870=DIRECTION('center_axis',(-1.,0.,-1.09476442525376E-47));
#5871=DIRECTION('ref_axis',(-5.39760534693403E-79,1.,4.93038065763132E-32));
#5872=DIRECTION('center_axis',(-1.,-1.53562733404075E-15,-2.22044604925039E-16));
#5873=DIRECTION('ref_axis',(-5.39760534693403E-79,1.,4.93038065763132E-32));
#5874=DIRECTION('center_axis',(-1.,-2.22044604925031E-16,2.22044604925031E-16));
#5875=DIRECTION('ref_axis',(-2.22044604925031E-16,1.,4.93038065763132E-32));
#5876=DIRECTION('',(-1.,0.,-1.09476442525376E-47));
#5877=DIRECTION('center_axis',(-1.,0.,-1.09476442525376E-47));
#5878=DIRECTION('ref_axis',(-4.21687917729221E-79,1.,3.85185988877447E-32));
#5879=DIRECTION('center_axis',(-1.,-1.53562733404075E-15,-2.22044604925039E-16));
#5880=DIRECTION('ref_axis',(-4.21687917729221E-79,1.,3.85185988877447E-32));
#5881=DIRECTION('center_axis',(-1.,-2.22044604925031E-16,2.22044604925031E-16));
#5882=DIRECTION('ref_axis',(-2.22044604925031E-16,1.,3.85185988877447E-32));
#5883=DIRECTION('',(-1.,0.,-1.09476442525376E-47));
#5884=DIRECTION('center_axis',(-1.,0.,-1.09476442525376E-47));
#5885=DIRECTION('ref_axis',(-2.52183278216569E-48,-0.97310691650954,0.230353921263118));
#5886=DIRECTION('center_axis',(-1.,-1.53562733404075E-15,-2.22044604925039E-16));
#5887=DIRECTION('ref_axis',(-4.21687917729221E-79,1.,3.85185988877447E-32));
#5888=DIRECTION('',(-1.,0.,-1.09476442525376E-47));
#5889=DIRECTION('center_axis',(-1.,-2.22044604925031E-16,2.22044604925031E-16));
#5890=DIRECTION('ref_axis',(-2.22044604925031E-16,1.,3.85185988877447E-32));
#5891=DIRECTION('',(-1.,0.,-1.09476442525376E-47));
#5892=DIRECTION('center_axis',(-1.,0.,-1.09476442525376E-47));
#5893=DIRECTION('ref_axis',(-5.39760534693403E-79,1.,4.93038065763132E-32));
#5894=DIRECTION('center_axis',(-1.,-1.53562733404075E-15,-2.22044604925039E-16));
#5895=DIRECTION('ref_axis',(-5.39760534693403E-79,1.,4.93038065763132E-32));
#5896=DIRECTION('center_axis',(-1.,-2.22044604925031E-16,2.22044604925031E-16));
#5897=DIRECTION('ref_axis',(-2.22044604925031E-16,1.,4.93038065763132E-32));
#5898=DIRECTION('',(-1.,0.,-1.09476442525376E-47));
#5899=DIRECTION('center_axis',(-1.,0.,-1.09476442525376E-47));
#5900=DIRECTION('ref_axis',(-4.21687917729221E-79,1.,3.85185988877447E-32));
#5901=DIRECTION('center_axis',(-1.,-1.53562733404075E-15,-2.22044604925039E-16));
#5902=DIRECTION('ref_axis',(-4.21687917729221E-79,1.,3.85185988877447E-32));
#5903=DIRECTION('center_axis',(-1.,-2.22044604925031E-16,2.22044604925031E-16));
#5904=DIRECTION('ref_axis',(-2.22044604925031E-16,1.,3.85185988877447E-32));
#5905=DIRECTION('',(-1.,0.,-1.09476442525376E-47));
#5906=DIRECTION('center_axis',(-1.,0.,-1.09476442525376E-47));
#5907=DIRECTION('ref_axis',(8.93623102026909E-49,-0.996662950389556,-0.0816269766730655));
#5908=DIRECTION('center_axis',(-1.,-1.53562733404075E-15,-2.22044604925039E-16));
#5909=DIRECTION('ref_axis',(-4.21687917729221E-79,1.,3.85185988877447E-32));
#5910=DIRECTION('',(-1.,0.,-1.09476442525376E-47));
#5911=DIRECTION('center_axis',(-1.,-2.22044604925031E-16,2.22044604925031E-16));
#5912=DIRECTION('ref_axis',(-2.22044604925031E-16,1.,3.85185988877447E-32));
#5913=DIRECTION('',(-1.,0.,-1.09476442525376E-47));
#5914=DIRECTION('center_axis',(-1.,0.,-1.09476442525376E-47));
#5915=DIRECTION('ref_axis',(-5.39760534693403E-79,1.,4.93038065763132E-32));
#5916=DIRECTION('center_axis',(-1.,-1.53562733404075E-15,-2.22044604925039E-16));
#5917=DIRECTION('ref_axis',(-5.39760534693403E-79,1.,4.93038065763132E-32));
#5918=DIRECTION('center_axis',(-1.,-2.22044604925031E-16,2.22044604925031E-16));
#5919=DIRECTION('ref_axis',(-2.22044604925031E-16,1.,4.93038065763132E-32));
#5920=DIRECTION('',(-1.,0.,-1.09476442525376E-47));
#5921=DIRECTION('center_axis',(-1.,0.,-1.09476442525376E-47));
#5922=DIRECTION('ref_axis',(-4.21687917729221E-79,1.,3.85185988877447E-32));
#5923=DIRECTION('center_axis',(-1.,-1.53562733404075E-15,-2.22044604925039E-16));
#5924=DIRECTION('ref_axis',(-4.21687917729221E-79,1.,3.85185988877447E-32));
#5925=DIRECTION('center_axis',(-1.,-2.22044604925031E-16,2.22044604925031E-16));
#5926=DIRECTION('ref_axis',(-2.22044604925031E-16,1.,3.85185988877447E-32));
#5927=DIRECTION('',(-1.,0.,-1.09476442525376E-47));
#5928=DIRECTION('center_axis',(-1.,0.,-1.09476442525376E-47));
#5929=DIRECTION('ref_axis',(4.2216049307662E-48,-0.922658670526391,-0.385617657404938));
#5930=DIRECTION('center_axis',(-1.,-1.53562733404075E-15,-2.22044604925039E-16));
#5931=DIRECTION('ref_axis',(-4.21687917729221E-79,1.,3.85185988877447E-32));
#5932=DIRECTION('',(-1.,0.,-1.09476442525376E-47));
#5933=DIRECTION('center_axis',(-1.,-2.22044604925031E-16,2.22044604925031E-16));
#5934=DIRECTION('ref_axis',(-2.22044604925031E-16,1.,3.85185988877447E-32));
#5935=DIRECTION('',(-1.,0.,-1.09476442525376E-47));
#5936=DIRECTION('center_axis',(-1.,-2.22044604925031E-16,2.22044604925031E-16));
#5937=DIRECTION('ref_axis',(-2.22044604925031E-16,1.,6.16297582203915E-32));
#5938=DIRECTION('center_axis',(1.,2.22044604925031E-16,-2.22044604925031E-16));
#5939=DIRECTION('ref_axis',(-2.22044604925039E-16,2.62953635073662E-31,
1.));
#5940=DIRECTION('',(-1.42618609349303E-16,0.951119671361807,0.308822555440189));
#5941=DIRECTION('center_axis',(-1.,-2.22044604925031E-16,2.22044604925031E-16));
#5942=DIRECTION('ref_axis',(-2.22044604925031E-16,1.,3.85185988877447E-32));
#5943=DIRECTION('center_axis',(-1.,-2.22044604925031E-16,2.22044604925031E-16));
#5944=DIRECTION('ref_axis',(-2.22044604925031E-16,1.,4.93038065763132E-32));
#5945=DIRECTION('',(3.10142353846134E-16,-0.809137143347835,0.587619845865424));
#5946=DIRECTION('center_axis',(-1.,-2.22044604925031E-16,2.22044604925031E-16));
#5947=DIRECTION('ref_axis',(-2.22044604925031E-16,1.,6.16297582203915E-32));
#5948=DIRECTION('center_axis',(1.,2.22044604925031E-16,-2.22044604925031E-16));
#5949=DIRECTION('ref_axis',(-2.22044604925039E-16,2.62953635073662E-31,
1.));
#5950=DIRECTION('',(-2.22089994729673E-16,0.999999979102469,-0.000204438404800111));
#5951=DIRECTION('',(3.10162439230354E-16,-0.587950634153001,0.808896811589144));
#5952=DIRECTION('center_axis',(-1.,-2.22044604925031E-16,2.22044604925031E-16));
#5953=DIRECTION('ref_axis',(-2.22044604925031E-16,1.,6.16297582203915E-32));
#5954=DIRECTION('center_axis',(1.,2.22044604925031E-16,-2.22044604925031E-16));
#5955=DIRECTION('ref_axis',(-2.22044604925039E-16,2.62953635073662E-31,
1.));
#5956=DIRECTION('',(-2.7982166403392E-16,0.950993321479035,-0.309211420394321));
#5957=DIRECTION('',(2.79821664033921E-16,-0.309211420394325,0.950993321479033));
#5958=DIRECTION('center_axis',(-1.,-2.22044604925031E-16,2.22044604925031E-16));
#5959=DIRECTION('ref_axis',(-2.22044604925031E-16,1.,6.16297582203915E-32));
#5960=DIRECTION('center_axis',(1.,2.22044604925031E-16,-2.22044604925031E-16));
#5961=DIRECTION('ref_axis',(-2.22044604925039E-16,2.62953635073662E-31,
1.));
#5962=DIRECTION('',(-3.10162439230354E-16,0.808896811589146,-0.587950634152999));
#5963=DIRECTION('',(2.22089994729673E-16,-0.000204438404803609,0.999999979102469));
#5964=DIRECTION('center_axis',(-1.,-2.22044604925031E-16,2.22044604925031E-16));
#5965=DIRECTION('ref_axis',(-2.22044604925031E-16,1.,6.16297582203915E-32));
#5966=DIRECTION('center_axis',(1.,2.22044604925031E-16,-2.22044604925031E-16));
#5967=DIRECTION('ref_axis',(-2.22044604925039E-16,2.62953635073662E-31,
1.));
#5968=DIRECTION('',(-3.10142353846135E-16,0.587619845865427,-0.809137143347833));
#5969=DIRECTION('',(1.42618609349304E-16,0.308822555440185,0.951119671361808));
#5970=DIRECTION('center_axis',(-1.,-2.22044604925031E-16,2.22044604925031E-16));
#5971=DIRECTION('ref_axis',(-2.22044604925031E-16,1.,6.16297582203915E-32));
#5972=DIRECTION('center_axis',(1.,2.22044604925031E-16,-2.22044604925031E-16));
#5973=DIRECTION('ref_axis',(-2.22044604925039E-16,2.62953635073662E-31,
1.));
#5974=DIRECTION('',(-2.79763373978613E-16,0.30882255544019,-0.951119671361807));
#5975=DIRECTION('',(4.91867208035431E-17,0.587619845865423,0.809137143347836));
#5976=DIRECTION('center_axis',(-1.,-2.22044604925031E-16,2.22044604925031E-16));
#5977=DIRECTION('ref_axis',(-2.22044604925031E-16,1.,6.16297582203915E-32));
#5978=DIRECTION('center_axis',(1.,2.22044604925031E-16,-2.22044604925031E-16));
#5979=DIRECTION('ref_axis',(-2.22044604925039E-16,2.62953635073662E-31,
1.));
#5980=DIRECTION('',(-2.21999205840022E-16,-0.000204438404798724,-0.999999979102469));
#5981=DIRECTION('',(-4.90599066785037E-17,0.808896811589143,0.587950634153003));
#5982=DIRECTION('center_axis',(-1.,-2.22044604925031E-16,2.22044604925031E-16));
#5983=DIRECTION('ref_axis',(-2.22044604925031E-16,1.,6.16297582203915E-32));
#5984=DIRECTION('center_axis',(1.,2.22044604925031E-16,-2.22044604925031E-16));
#5985=DIRECTION('ref_axis',(-2.22044604925039E-16,2.62953635073662E-31,
1.));
#5986=DIRECTION('',(-1.42504208674391E-16,-0.30921142039432,-0.950993321479035));
#5987=DIRECTION('',(-1.42504208674389E-16,0.950993321479033,0.309211420394326));
#5988=DIRECTION('center_axis',(-1.,-2.22044604925031E-16,2.22044604925031E-16));
#5989=DIRECTION('ref_axis',(-2.22044604925031E-16,1.,6.16297582203915E-32));
#5990=DIRECTION('center_axis',(1.,2.22044604925031E-16,-2.22044604925031E-16));
#5991=DIRECTION('ref_axis',(-2.22044604925039E-16,2.62953635073662E-31,
1.));
#5992=DIRECTION('',(-4.90599066785056E-17,-0.587950634152998,-0.808896811589147));
#5993=DIRECTION('',(-2.21999205840021E-16,0.999999979102469,0.00020443840480544));
#5994=DIRECTION('center_axis',(-1.,-2.22044604925031E-16,2.22044604925031E-16));
#5995=DIRECTION('ref_axis',(-2.22044604925031E-16,1.,6.16297582203915E-32));
#5996=DIRECTION('center_axis',(1.,2.22044604925031E-16,-2.22044604925031E-16));
#5997=DIRECTION('ref_axis',(-2.22044604925039E-16,2.62953635073662E-31,
1.));
#5998=DIRECTION('',(4.91867208035411E-17,-0.809137143347833,-0.587619845865428));
#5999=DIRECTION('',(-2.79763373978612E-16,0.951119671361808,-0.308822555440184));
#6000=DIRECTION('center_axis',(-1.,-2.22044604925031E-16,2.22044604925031E-16));
#6001=DIRECTION('ref_axis',(-2.22044604925031E-16,1.,6.16297582203915E-32));
#6002=DIRECTION('center_axis',(1.,2.22044604925031E-16,-2.22044604925031E-16));
#6003=DIRECTION('ref_axis',(-2.22044604925039E-16,2.62953635073662E-31,
1.));
#6004=DIRECTION('',(1.42618609349302E-16,-0.951119671361806,-0.308822555440191));
#6005=DIRECTION('',(-3.10142353846134E-16,0.809137143347837,-0.587619845865422));
#6006=DIRECTION('center_axis',(-1.,-2.22044604925031E-16,2.22044604925031E-16));
#6007=DIRECTION('ref_axis',(-2.22044604925031E-16,1.,6.16297582203915E-32));
#6008=DIRECTION('center_axis',(1.,2.22044604925031E-16,-2.22044604925031E-16));
#6009=DIRECTION('ref_axis',(-2.22044604925039E-16,2.62953635073662E-31,
1.));
#6010=DIRECTION('',(2.22089994729672E-16,-0.999999979102469,0.000204438404797336));
#6011=DIRECTION('',(-3.10162439230354E-16,0.587950634153003,-0.808896811589143));
#6012=DIRECTION('center_axis',(-1.,-2.22044604925031E-16,2.22044604925031E-16));
#6013=DIRECTION('ref_axis',(-2.22044604925031E-16,1.,6.16297582203915E-32));
#6014=DIRECTION('center_axis',(1.,2.22044604925031E-16,-2.22044604925031E-16));
#6015=DIRECTION('ref_axis',(-2.22044604925039E-16,2.62953635073662E-31,
1.));
#6016=DIRECTION('',(2.7982166403392E-16,-0.950993321479035,0.309211420394319));
#6017=DIRECTION('',(-2.79821664033921E-16,0.309211420394327,-0.950993321479033));
#6018=DIRECTION('center_axis',(-1.,-2.22044604925031E-16,2.22044604925031E-16));
#6019=DIRECTION('ref_axis',(-2.22044604925031E-16,1.,6.16297582203915E-32));
#6020=DIRECTION('center_axis',(1.,2.22044604925031E-16,-2.22044604925031E-16));
#6021=DIRECTION('ref_axis',(-2.22044604925039E-16,2.62953635073662E-31,
1.));
#6022=DIRECTION('',(3.10162439230353E-16,-0.808896811589148,0.587950634152997));
#6023=DIRECTION('',(-2.22089994729674E-16,0.00020443840480644,-0.999999979102469));
#6024=DIRECTION('center_axis',(-1.,-2.22044604925031E-16,2.22044604925031E-16));
#6025=DIRECTION('ref_axis',(-2.22044604925031E-16,1.,6.16297582203915E-32));
#6026=DIRECTION('center_axis',(1.,2.22044604925031E-16,-2.22044604925031E-16));
#6027=DIRECTION('ref_axis',(-2.22044604925039E-16,2.62953635073662E-31,
1.));
#6028=DIRECTION('',(3.10142353846134E-16,-0.587619845865425,0.809137143347835));
#6029=DIRECTION('',(-1.42618609349304E-16,-0.308822555440183,-0.951119671361809));
#6030=DIRECTION('center_axis',(-1.,-2.22044604925031E-16,2.22044604925031E-16));
#6031=DIRECTION('ref_axis',(-2.22044604925031E-16,1.,6.16297582203915E-32));
#6032=DIRECTION('center_axis',(1.,2.22044604925031E-16,-2.22044604925031E-16));
#6033=DIRECTION('ref_axis',(-2.22044604925039E-16,2.62953635073662E-31,
1.));
#6034=DIRECTION('',(2.79763373978613E-16,-0.308822555440188,0.951119671361807));
#6035=DIRECTION('',(-4.91867208035422E-17,-0.587619845865425,-0.809137143347834));
#6036=DIRECTION('center_axis',(-1.,-2.22044604925031E-16,2.22044604925031E-16));
#6037=DIRECTION('ref_axis',(-2.22044604925031E-16,1.,6.16297582203915E-32));
#6038=DIRECTION('center_axis',(1.,2.22044604925031E-16,-2.22044604925031E-16));
#6039=DIRECTION('ref_axis',(-2.22044604925039E-16,2.62953635073662E-31,
1.));
#6040=DIRECTION('',(2.21999205840022E-16,0.00020443840480161,0.999999979102469));
#6041=DIRECTION('',(4.90599066785046E-17,-0.808896811589145,-0.587950634153));
#6042=DIRECTION('center_axis',(-1.,-2.22044604925031E-16,2.22044604925031E-16));
#6043=DIRECTION('ref_axis',(-2.22044604925031E-16,1.,6.16297582203915E-32));
#6044=DIRECTION('center_axis',(1.,2.22044604925031E-16,-2.22044604925031E-16));
#6045=DIRECTION('ref_axis',(-2.22044604925039E-16,2.62953635073662E-31,
1.));
#6046=DIRECTION('',(1.4250420867439E-16,0.309211420394322,0.950993321479034));
#6047=DIRECTION('',(1.4250420867439E-16,-0.950993321479034,-0.309211420394323));
#6048=DIRECTION('center_axis',(-1.,-2.22044604925031E-16,2.22044604925031E-16));
#6049=DIRECTION('ref_axis',(-2.22044604925031E-16,1.,6.16297582203915E-32));
#6050=DIRECTION('center_axis',(1.,2.22044604925031E-16,-2.22044604925031E-16));
#6051=DIRECTION('ref_axis',(-2.22044604925039E-16,2.62953635073662E-31,
1.));
#6052=DIRECTION('',(4.9059906678505E-17,0.587950634153,0.808896811589146));
#6053=DIRECTION('',(2.21999205840021E-16,-0.999999979102469,-0.000204438404802554));
#6054=DIRECTION('center_axis',(-1.,-2.22044604925031E-16,2.22044604925031E-16));
#6055=DIRECTION('ref_axis',(-2.22044604925031E-16,1.,6.16297582203915E-32));
#6056=DIRECTION('center_axis',(1.,2.22044604925031E-16,-2.22044604925031E-16));
#6057=DIRECTION('ref_axis',(-2.22044604925039E-16,2.62953635073662E-31,
1.));
#6058=DIRECTION('',(-4.91867208035418E-17,0.809137143347834,0.587619845865426));
#6059=DIRECTION('',(2.79763373978613E-16,-0.951119671361808,0.308822555440187));
#6060=DIRECTION('center_axis',(-1.,0.,-1.09476442525376E-47));
#6061=DIRECTION('ref_axis',(-5.39760534693403E-79,1.,4.93038065763132E-32));
#6062=DIRECTION('center_axis',(-1.,-1.53562733404075E-15,-2.22044604925039E-16));
#6063=DIRECTION('ref_axis',(-5.39760534693403E-79,1.,4.93038065763132E-32));
#6064=DIRECTION('',(-1.,0.,-1.09476442525376E-47));
#6065=DIRECTION('center_axis',(-1.,0.,-1.09476442525376E-47));
#6066=DIRECTION('ref_axis',(-4.21687917729221E-79,1.,3.85185988877447E-32));
#6067=DIRECTION('center_axis',(-1.,-1.53562733404075E-15,-2.22044604925039E-16));
#6068=DIRECTION('ref_axis',(-4.21687917729221E-79,1.,3.85185988877447E-32));
#6069=DIRECTION('',(-1.,0.,-1.09476442525376E-47));
#6070=DIRECTION('center_axis',(-8.85814559688664E-48,-0.587619845865426,
0.809137143347834));
#6071=DIRECTION('ref_axis',(-4.91867208035418E-17,0.809137143347834,0.587619845865426));
#6072=DIRECTION('',(-1.,-1.53562733404075E-15,-2.22044604925039E-16));
#6073=DIRECTION('',(-1.37301093083388E-15,0.809137143347834,0.587619845865426));
#6074=DIRECTION('center_axis',(1.04125198036596E-47,-0.308822555440187,
-0.951119671361808));
#6075=DIRECTION('ref_axis',(2.79763373978613E-16,-0.951119671361808,0.308822555440187));
#6076=DIRECTION('',(1.39199298297239E-15,-0.951119671361808,0.308822555440187));
#6077=DIRECTION('',(1.,1.53562733404075E-15,2.22044604925039E-16));
#6078=DIRECTION('center_axis',(-6.43667438076094E-48,-0.808896811589146,
0.587950634153));
#6079=DIRECTION('ref_axis',(4.9059906678505E-17,0.587950634153,0.808896811589146));
#6080=DIRECTION('',(-1.,-1.53562733404075E-15,-2.22044604925039E-16));
#6081=DIRECTION('',(-1.08248423782637E-15,0.587950634153,0.808896811589146));
#6082=DIRECTION('center_axis',(1.09476440237589E-47,0.000204438404802554,
-0.999999979102469));
#6083=DIRECTION('ref_axis',(2.21999205840021E-16,-0.999999979102469,-0.000204438404802554));
#6084=DIRECTION('',(1.53567269639475E-15,-0.999999979102469,-0.000204438404802554));
#6085=DIRECTION('',(1.,1.53562733404075E-15,2.22044604925039E-16));
#6086=DIRECTION('center_axis',(-3.3851366292989E-48,-0.950993321479034,
0.309211420394322));
#6087=DIRECTION('ref_axis',(1.4250420867439E-16,0.309211420394322,0.950993321479034));
#6088=DIRECTION('',(-1.,-1.53562733404075E-15,-2.22044604925039E-16));
#6089=DIRECTION('',(-6.85996445509248E-16,0.309211420394322,0.950993321479034));
#6090=DIRECTION('center_axis',(1.04111365700916E-47,0.309211420394323,-0.950993321479034));
#6091=DIRECTION('ref_axis',(1.4250420867439E-16,-0.950993321479034,-0.309211420394323));
#6092=DIRECTION('',(1.52903006663317E-15,-0.950993321479034,-0.309211420394323));
#6093=DIRECTION('',(1.,1.53562733404075E-15,2.22044604925039E-16));
#6094=DIRECTION('center_axis',(-2.23811892732431E-51,-0.999999979102469,
0.00020443840480161));
#6095=DIRECTION('ref_axis',(2.21999205840022E-16,0.00020443840480161,0.999999979102469));
#6096=DIRECTION('',(-1.,-1.53562733404075E-15,-2.22044604925039E-16));
#6097=DIRECTION('',(-2.22358541487396E-16,0.00020443840480161,0.999999979102469));
#6098=DIRECTION('center_axis',(8.85551453028992E-48,0.587950634153,-0.808896811589145));
#6099=DIRECTION('ref_axis',(4.90599066785046E-17,-0.808896811589145,-0.587950634153));
#6100=DIRECTION('',(1.37271532057063E-15,-0.808896811589145,-0.587950634153));
#6101=DIRECTION('',(1.,1.53562733404075E-15,2.22044604925039E-16));
#6102=DIRECTION('center_axis',(3.38087947411876E-48,-0.951119671361807,
-0.308822555440188));
#6103=DIRECTION('ref_axis',(2.79763373978613E-16,-0.308822555440188,0.951119671361807));
#6104=DIRECTION('',(-1.,-1.53562733404075E-15,-2.22044604925039E-16));
#6105=DIRECTION('',(2.63045365838301E-16,-0.308822555440188,0.951119671361807));
#6106=DIRECTION('center_axis',(6.43305302826567E-48,0.809137143347834,-0.587619845865425));
#6107=DIRECTION('ref_axis',(-4.91867208035422E-17,-0.587619845865425,-0.809137143347834));
#6108=DIRECTION('',(1.0820296346606E-15,-0.587619845865425,-0.809137143347834));
#6109=DIRECTION('',(1.,1.53562733404075E-15,2.22044604925039E-16));
#6110=DIRECTION('center_axis',(6.43305302826567E-48,-0.809137143347835,
-0.587619845865425));
#6111=DIRECTION('ref_axis',(3.10142353846134E-16,-0.587619845865425,0.809137143347835));
#6112=DIRECTION('',(-1.,-1.53562733404075E-15,-2.22044604925039E-16));
#6113=DIRECTION('',(7.22700560010912E-16,-0.587619845865425,0.809137143347835));
#6114=DIRECTION('center_axis',(3.3808794741187E-48,0.951119671361809,-0.308822555440183));
#6115=DIRECTION('ref_axis',(-1.42618609349304E-16,-0.308822555440183,-0.951119671361809));
#6116=DIRECTION('',(6.85427349166225E-16,-0.308822555440183,-0.951119671361809));
#6117=DIRECTION('',(1.,1.53562733404075E-15,2.22044604925039E-16));
#6118=DIRECTION('center_axis',(8.85551453028995E-48,-0.587950634152997,
-0.808896811589148));
#6119=DIRECTION('ref_axis',(3.10162439230354E-16,-0.808896811589148,0.587950634152997));
#6120=DIRECTION('',(-1.,-1.53562733404075E-15,-2.22044604925039E-16));
#6121=DIRECTION('',(1.11161278801877E-15,-0.808896811589148,0.587950634152997));
#6122=DIRECTION('center_axis',(-2.23811892737719E-51,0.999999979102469,
0.00020443840480644));
#6123=DIRECTION('ref_axis',(-2.22089994729674E-16,0.00020443840480644,-0.999999979102469));
#6124=DIRECTION('',(2.21730659082307E-16,0.00020443840480644,-0.999999979102469));
#6125=DIRECTION('',(1.,1.53562733404075E-15,2.22044604925039E-16));
#6126=DIRECTION('center_axis',(1.04111365700916E-47,-0.309211420394319,
-0.950993321479035));
#6127=DIRECTION('ref_axis',(2.7982166403392E-16,-0.950993321479035,0.309211420394319));
#6128=DIRECTION('',(-1.,-1.53562733404075E-15,-2.22044604925039E-16));
#6129=DIRECTION('',(1.39171261127364E-15,-0.950993321479035,0.309211420394319));
#6130=DIRECTION('center_axis',(-3.38513662929895E-48,0.950993321479033,
0.309211420394327));
#6131=DIRECTION('ref_axis',(-2.79821664033921E-16,0.309211420394327,-0.950993321479033));
#6132=DIRECTION('',(-2.6367057280093E-16,0.309211420394327,-0.950993321479033));
#6133=DIRECTION('',(1.,1.53562733404075E-15,2.22044604925039E-16));
#6134=DIRECTION('center_axis',(1.09476440237589E-47,-0.000204438404797336,
-0.999999979102469));
#6135=DIRECTION('ref_axis',(2.22089994729672E-16,-0.999999979102469,0.000204438404797336));
#6136=DIRECTION('',(-1.,-1.53562733404075E-15,-2.22044604925039E-16));
#6137=DIRECTION('',(1.5355819075051E-15,-0.999999979102469,0.000204438404797336));
#6138=DIRECTION('center_axis',(-6.43667438076098E-48,0.808896811589143,
0.587950634153003));
#6139=DIRECTION('ref_axis',(-3.10162439230354E-16,0.587950634153003,-0.808896811589143));
#6140=DIRECTION('',(-7.23261891917507E-16,0.587950634153003,-0.808896811589143));
#6141=DIRECTION('',(1.,1.53562733404075E-15,2.22044604925039E-16));
#6142=DIRECTION('center_axis',(1.04125198036596E-47,0.308822555440191,-0.951119671361806));
#6143=DIRECTION('ref_axis',(1.42618609349302E-16,-0.951119671361806,-0.308822555440191));
#6144=DIRECTION('',(-1.,-1.53562733404075E-15,-2.22044604925039E-16));
#6145=DIRECTION('',(1.5291377476017E-15,-0.951119671361806,-0.308822555440191));
#6146=DIRECTION('center_axis',(-8.85814559688667E-48,0.587619845865422,
0.809137143347837));
#6147=DIRECTION('ref_axis',(-3.10142353846134E-16,0.809137143347837,-0.587619845865422));
#6148=DIRECTION('',(-1.11205529779128E-15,0.809137143347837,-0.587619845865422));
#6149=DIRECTION('',(1.,1.53562733404075E-15,2.22044604925039E-16));
#6150=DIRECTION('center_axis',(8.85814559688662E-48,0.587619845865428,-0.809137143347833));
#6151=DIRECTION('ref_axis',(4.91867208035411E-17,-0.809137143347833,-0.587619845865428));
#6152=DIRECTION('',(-1.,-1.53562733404075E-15,-2.22044604925039E-16));
#6153=DIRECTION('',(1.37301093083388E-15,-0.809137143347833,-0.587619845865428));
#6154=DIRECTION('center_axis',(-1.04125198036596E-47,0.308822555440184,
0.951119671361808));
#6155=DIRECTION('ref_axis',(-2.79763373978613E-16,0.951119671361808,-0.308822555440184));
#6156=DIRECTION('',(-1.39199298297239E-15,0.951119671361808,-0.308822555440184));
#6157=DIRECTION('',(1.,1.53562733404075E-15,2.22044604925039E-16));
#6158=DIRECTION('center_axis',(6.43667438076093E-48,0.808896811589147,-0.587950634152998));
#6159=DIRECTION('ref_axis',(-4.90599066785056E-17,-0.587950634152998,-0.808896811589147));
#6160=DIRECTION('',(-1.,-1.53562733404075E-15,-2.22044604925039E-16));
#6161=DIRECTION('',(1.08248423782637E-15,-0.587950634152998,-0.808896811589147));
#6162=DIRECTION('center_axis',(-1.09476440237589E-47,-0.00020443840480544,
0.999999979102469));
#6163=DIRECTION('ref_axis',(-2.21999205840021E-16,0.999999979102469,0.00020443840480544));
#6164=DIRECTION('',(-1.53567269639475E-15,0.999999979102469,0.00020443840480544));
#6165=DIRECTION('',(1.,1.53562733404075E-15,2.22044604925039E-16));
#6166=DIRECTION('center_axis',(3.38513662929888E-48,0.950993321479035,-0.30921142039432));
#6167=DIRECTION('ref_axis',(-1.42504208674391E-16,-0.30921142039432,-0.950993321479035));
#6168=DIRECTION('',(-1.,-1.53562733404075E-15,-2.22044604925039E-16));
#6169=DIRECTION('',(6.85996445509245E-16,-0.30921142039432,-0.950993321479035));
#6170=DIRECTION('center_axis',(-1.04111365700916E-47,-0.309211420394326,
0.950993321479033));
#6171=DIRECTION('ref_axis',(-1.42504208674389E-16,0.950993321479033,0.309211420394326));
#6172=DIRECTION('',(-1.52903006663317E-15,0.950993321479033,0.309211420394326));
#6173=DIRECTION('',(1.,1.53562733404075E-15,2.22044604925039E-16));
#6174=DIRECTION('center_axis',(2.23811892729271E-51,0.999999979102469,-0.000204438404798724));
#6175=DIRECTION('ref_axis',(-2.21999205840022E-16,-0.000204438404798724,
-0.999999979102469));
#6176=DIRECTION('',(-1.,-1.53562733404075E-15,-2.22044604925039E-16));
#6177=DIRECTION('',(2.22358541487392E-16,-0.000204438404798724,-0.999999979102469));
#6178=DIRECTION('center_axis',(-8.85551453028991E-48,-0.587950634153003,
0.808896811589143));
#6179=DIRECTION('ref_axis',(-4.90599066785037E-17,0.808896811589143,0.587950634153003));
#6180=DIRECTION('',(-1.37271532057063E-15,0.808896811589143,0.587950634153003));
#6181=DIRECTION('',(1.,1.53562733404075E-15,2.22044604925039E-16));
#6182=DIRECTION('center_axis',(-3.38087947411878E-48,0.951119671361807,
0.30882255544019));
#6183=DIRECTION('ref_axis',(-2.79763373978613E-16,0.30882255544019,-0.951119671361807));
#6184=DIRECTION('',(-1.,-1.53562733404075E-15,-2.22044604925039E-16));
#6185=DIRECTION('',(-2.63045365838304E-16,0.30882255544019,-0.951119671361807));
#6186=DIRECTION('center_axis',(-6.43305302826565E-48,-0.809137143347836,
0.587619845865423));
#6187=DIRECTION('ref_axis',(4.91867208035431E-17,0.587619845865423,0.809137143347836));
#6188=DIRECTION('',(-1.0820296346606E-15,0.587619845865423,0.809137143347836));
#6189=DIRECTION('',(1.,1.53562733404075E-15,2.22044604925039E-16));
#6190=DIRECTION('center_axis',(-6.43305302826569E-48,0.809137143347833,
0.587619845865427));
#6191=DIRECTION('ref_axis',(-3.10142353846135E-16,0.587619845865427,-0.809137143347833));
#6192=DIRECTION('',(-1.,-1.53562733404075E-15,-2.22044604925039E-16));
#6193=DIRECTION('',(-7.22700560010915E-16,0.587619845865427,-0.809137143347833));
#6194=DIRECTION('center_axis',(-3.38087947411873E-48,-0.951119671361808,
0.308822555440185));
#6195=DIRECTION('ref_axis',(1.42618609349304E-16,0.308822555440185,0.951119671361808));
#6196=DIRECTION('',(-6.85427349166228E-16,0.308822555440185,0.951119671361808));
#6197=DIRECTION('',(1.,1.53562733404075E-15,2.22044604925039E-16));
#6198=DIRECTION('center_axis',(-8.85551453028993E-48,0.587950634152999,
0.808896811589146));
#6199=DIRECTION('ref_axis',(-3.10162439230354E-16,0.808896811589146,-0.587950634152999));
#6200=DIRECTION('',(-1.,-1.53562733404075E-15,-2.22044604925039E-16));
#6201=DIRECTION('',(-1.11161278801877E-15,0.808896811589146,-0.587950634152999));
#6202=DIRECTION('center_axis',(2.23811892734619E-51,-0.999999979102469,
-0.000204438404803609));
#6203=DIRECTION('ref_axis',(2.22089994729673E-16,-0.000204438404803609,
0.999999979102469));
#6204=DIRECTION('',(-2.21730659082311E-16,-0.000204438404803609,0.999999979102469));
#6205=DIRECTION('',(1.,1.53562733404075E-15,2.22044604925039E-16));
#6206=DIRECTION('center_axis',(-1.04111365700916E-47,0.309211420394321,
0.950993321479035));
#6207=DIRECTION('ref_axis',(-2.7982166403392E-16,0.950993321479035,-0.309211420394321));
#6208=DIRECTION('',(-1.,-1.53562733404075E-15,-2.22044604925039E-16));
#6209=DIRECTION('',(-1.39171261127364E-15,0.950993321479035,-0.309211420394321));
#6210=DIRECTION('center_axis',(3.38513662929893E-48,-0.950993321479033,
-0.309211420394325));
#6211=DIRECTION('ref_axis',(2.79821664033921E-16,-0.309211420394325,0.950993321479033));
#6212=DIRECTION('',(2.63670572800927E-16,-0.309211420394325,0.950993321479033));
#6213=DIRECTION('',(1.,1.53562733404075E-15,2.22044604925039E-16));
#6214=DIRECTION('center_axis',(-1.09476440237589E-47,0.000204438404800111,
0.999999979102469));
#6215=DIRECTION('ref_axis',(-2.22089994729673E-16,0.999999979102469,-0.000204438404800111));
#6216=DIRECTION('',(-1.,-1.53562733404075E-15,-2.22044604925039E-16));
#6217=DIRECTION('',(-1.5355819075051E-15,0.999999979102469,-0.000204438404800111));
#6218=DIRECTION('center_axis',(6.43667438076096E-48,-0.808896811589144,
-0.587950634153001));
#6219=DIRECTION('ref_axis',(3.10162439230354E-16,-0.587950634153001,0.808896811589144));
#6220=DIRECTION('',(7.23261891917504E-16,-0.587950634153001,0.808896811589144));
#6221=DIRECTION('',(1.,1.53562733404075E-15,2.22044604925039E-16));
#6222=DIRECTION('center_axis',(-1.04125198036596E-47,-0.308822555440189,
0.951119671361807));
#6223=DIRECTION('ref_axis',(-1.42618609349303E-16,0.951119671361807,0.308822555440189));
#6224=DIRECTION('',(-1.,-1.53562733404075E-15,-2.22044604925039E-16));
#6225=DIRECTION('',(-1.5291377476017E-15,0.951119671361807,0.308822555440189));
#6226=DIRECTION('center_axis',(8.85814559688665E-48,-0.587619845865424,
-0.809137143347835));
#6227=DIRECTION('ref_axis',(3.10142353846134E-16,-0.809137143347835,0.587619845865424));
#6228=DIRECTION('',(1.11205529779128E-15,-0.809137143347835,0.587619845865424));
#6229=DIRECTION('',(1.,1.53562733404075E-15,2.22044604925039E-16));
#6230=DIRECTION('center_axis',(-1.,-1.53562733404075E-15,-2.22044604925039E-16));
#6231=DIRECTION('ref_axis',(2.22044604925039E-16,-1.97215226305244E-31,
-1.));
#6232=DIRECTION('',(-1.52908393907151E-15,0.951056516295154,0.309016994374948));
#6233=DIRECTION('',(1.1536256476759E-16,0.0691254328857863,-0.997607976375667));
#6234=DIRECTION('center_axis',(-1.,-1.53562733404075E-15,-2.22044604925039E-16));
#6235=DIRECTION('ref_axis',(2.22044604925039E-16,-3.15544362088396E-31,
-1.));
#6236=DIRECTION('',(1.03436305201222E-15,-0.766450896603318,0.642302906031079));
#6237=DIRECTION('',(-1.37286315439171E-15,0.809016994374948,0.587785252292472));
#6238=DIRECTION('',(-3.68426605532729E-16,0.374020011811831,-0.927420633134867));
#6239=DIRECTION('center_axis',(-1.,-1.53562733404075E-15,-2.22044604925039E-16));
#6240=DIRECTION('ref_axis',(2.22044604925039E-16,-3.15544362088396E-31,
-1.));
#6241=DIRECTION('',(1.34112334863846E-15,-0.927420633134867,0.374020011811831));
#6242=DIRECTION('',(-1.08225695885998E-15,0.587785252292472,0.809016994374948));
#6243=DIRECTION('',(-8.16151612704405E-16,0.64230290603108,-0.766450896603318));
#6244=DIRECTION('center_axis',(-1.,-1.53562733404075E-15,-2.22044604925039E-16));
#6245=DIRECTION('ref_axis',(2.22044604925039E-16,-3.15544362088396E-31,
-1.));
#6246=DIRECTION('',(1.51660514774415E-15,-0.997607976375667,0.0691254328857852));
#6247=DIRECTION('',(-6.85711911667426E-16,0.309016994374947,0.951056516295154));
#6248=DIRECTION('',(-1.18398601356192E-15,0.847712716620513,-0.53045560613483));
#6249=DIRECTION('center_axis',(-1.,-1.53562733404075E-15,-2.22044604925039E-16));
#6250=DIRECTION('ref_axis',(2.22044604925039E-16,-3.15544362088396E-31,
-1.));
#6251=DIRECTION('',(1.54363106817924E-15,-0.970142500145332,-0.242535625036333));
#6252=DIRECTION('',(-2.22044604925039E-16,2.81736037578924E-31,1.));
#6253=DIRECTION('',(-1.43592361409636E-15,0.970142500145332,-0.242535625036333));
#6254=DIRECTION('center_axis',(-1.,-1.53562733404075E-15,-2.22044604925039E-16));
#6255=DIRECTION('ref_axis',(2.22044604925039E-16,-3.15544362088396E-31,
-1.));
#6256=DIRECTION('',(1.41955562455088E-15,-0.847712716620513,-0.530455606134829));
#6257=DIRECTION('',(2.63357974823143E-16,-0.309016994374947,0.951056516295154));
#6258=DIRECTION('',(-1.54730300661495E-15,0.997607976375667,0.0691254328857852));
#6259=DIRECTION('center_axis',(-1.,-1.53562733404075E-15,-2.22044604925039E-16));
#6260=DIRECTION('ref_axis',(2.22044604925039E-16,-3.15544362088396E-31,
-1.));
#6261=DIRECTION('',(1.15652418576586E-15,-0.64230290603108,-0.766450896603318));
#6262=DIRECTION('',(7.22981241072727E-16,-0.587785252292471,0.809016994374949));
#6263=DIRECTION('',(-1.50722160015209E-15,0.927420633134867,0.374020011811832));
#6264=DIRECTION('center_axis',(-1.,-1.53562733404075E-15,-2.22044604925039E-16));
#6265=DIRECTION('ref_axis',(2.22044604925039E-16,-3.15544362088396E-31,
-1.));
#6266=DIRECTION('',(7.80284101700251E-16,-0.374020011811831,-0.927420633134867));
#6267=DIRECTION('',(1.11183406613961E-15,-0.809016994374947,0.587785252292473));
#6268=DIRECTION('',(-1.31960284203597E-15,0.766450896603317,0.64230290603108));
#6269=DIRECTION('center_axis',(-1.,-1.53562733404075E-15,-2.22044604925039E-16));
#6270=DIRECTION('ref_axis',(2.22044604925039E-16,-3.15544362088396E-31,
-1.));
#6271=DIRECTION('',(3.27664373201213E-16,-0.0691254328857849,-0.997607976375667));
#6272=DIRECTION('',(1.3918528262093E-15,-0.951056516295153,0.309016994374948));
#6273=DIRECTION('',(-1.00281216352773E-15,0.53045560613483,0.847712716620513));
#6274=DIRECTION('center_axis',(-1.,-1.53562733404075E-15,-2.22044604925039E-16));
#6275=DIRECTION('ref_axis',(2.22044604925039E-16,-3.15544362088396E-31,
-1.));
#6276=DIRECTION('',(-1.57029427118689E-16,0.242535625036333,-0.970142500145332));
#6277=DIRECTION('',(1.53562733404075E-15,-1.,5.68952843544765E-31));
#6278=DIRECTION('',(-5.8785924345021E-16,0.242535625036333,0.970142500145332));
#6279=DIRECTION('center_axis',(-1.,-1.53562733404075E-15,-2.22044604925039E-16));
#6280=DIRECTION('ref_axis',(2.22044604925039E-16,-3.15544362088396E-31,
-1.));
#6281=DIRECTION('',(-6.26352093023863E-16,0.53045560613483,-0.847712716620513));
#6282=DIRECTION('',(1.52908393907151E-15,-0.951056516295154,-0.309016994374947));
#6283=DIRECTION('',(-1.15362564767592E-16,-0.0691254328857852,0.997607976375667));
#6284=DIRECTION('center_axis',(-1.,-1.53562733404075E-15,-2.22044604925039E-16));
#6285=DIRECTION('ref_axis',(2.22044604925039E-16,-3.15544362088396E-31,
-1.));
#6286=DIRECTION('',(-1.03436305201222E-15,0.766450896603318,-0.64230290603108));
#6287=DIRECTION('',(1.37286315439171E-15,-0.809016994374949,-0.587785252292471));
#6288=DIRECTION('',(3.6842660553273E-16,-0.374020011811832,0.927420633134867));
#6289=DIRECTION('center_axis',(-1.,-1.53562733404075E-15,-2.22044604925039E-16));
#6290=DIRECTION('ref_axis',(2.22044604925039E-16,-3.15544362088396E-31,
-1.));
#6291=DIRECTION('',(-1.34112334863846E-15,0.927420633134867,-0.374020011811831));
#6292=DIRECTION('',(1.08225695885999E-15,-0.587785252292473,-0.809016994374947));
#6293=DIRECTION('',(8.16151612704406E-16,-0.64230290603108,0.766450896603317));
#6294=DIRECTION('center_axis',(-1.,-1.53562733404075E-15,-2.22044604925039E-16));
#6295=DIRECTION('ref_axis',(2.22044604925039E-16,-3.15544362088396E-31,
-1.));
#6296=DIRECTION('',(-1.51660514774415E-15,0.997607976375667,-0.0691254328857849));
#6297=DIRECTION('',(6.85711911667425E-16,-0.309016994374946,-0.951056516295154));
#6298=DIRECTION('',(1.18398601356192E-15,-0.847712716620514,0.530455606134829));
#6299=DIRECTION('center_axis',(-1.,-1.53562733404075E-15,-2.22044604925039E-16));
#6300=DIRECTION('ref_axis',(2.22044604925039E-16,-3.15544362088396E-31,
-1.));
#6301=DIRECTION('',(-1.54363106817924E-15,0.970142500145332,0.242535625036332));
#6302=DIRECTION('',(2.22044604925039E-16,8.62330980522938E-45,-1.));
#6303=DIRECTION('',(1.43592361409636E-15,-0.970142500145332,0.242535625036333));
#6304=DIRECTION('center_axis',(-1.,-1.53562733404075E-15,-2.22044604925039E-16));
#6305=DIRECTION('ref_axis',(2.22044604925039E-16,-3.15544362088396E-31,
-1.));
#6306=DIRECTION('',(-1.41955562455088E-15,0.847712716620513,0.53045560613483));
#6307=DIRECTION('',(-2.63357974823143E-16,0.309016994374948,-0.951056516295154));
#6308=DIRECTION('',(1.54730300661495E-15,-0.997607976375667,-0.0691254328857852));
#6309=DIRECTION('center_axis',(-1.,-1.53562733404075E-15,-2.22044604925039E-16));
#6310=DIRECTION('ref_axis',(2.22044604925039E-16,-3.15544362088396E-31,
-1.));
#6311=DIRECTION('',(-1.15652418576586E-15,0.642302906031081,0.766450896603317));
#6312=DIRECTION('',(-7.22981241072729E-16,0.587785252292473,-0.809016994374948));
#6313=DIRECTION('',(1.50722160015209E-15,-0.927420633134867,-0.374020011811832));
#6314=DIRECTION('center_axis',(-1.,-1.53562733404075E-15,-2.22044604925039E-16));
#6315=DIRECTION('ref_axis',(2.22044604925039E-16,-3.15544362088396E-31,
-1.));
#6316=DIRECTION('',(-7.80284101700251E-16,0.374020011811831,0.927420633134867));
#6317=DIRECTION('',(-1.11183406613961E-15,0.809016994374947,-0.587785252292474));
#6318=DIRECTION('',(1.31960284203597E-15,-0.766450896603318,-0.642302906031079));
#6319=DIRECTION('center_axis',(-1.,-1.53562733404075E-15,-2.22044604925039E-16));
#6320=DIRECTION('ref_axis',(2.22044604925039E-16,-3.155443620884E-31,-1.));
#6321=DIRECTION('',(-3.27664373201213E-16,0.0691254328857849,0.997607976375667));
#6322=DIRECTION('',(-1.3918528262093E-15,0.951056516295154,-0.309016994374948));
#6323=DIRECTION('',(1.00281216352785E-15,-0.530455606134915,-0.84771271662046));
#6324=DIRECTION('center_axis',(-1.,-1.53562733404075E-15,-2.22044604925039E-16));
#6325=DIRECTION('ref_axis',(2.22044604925039E-16,-3.15544362088396E-31,
-1.));
#6326=DIRECTION('',(1.5702942711869E-16,-0.242535625036333,0.970142500145332));
#6327=DIRECTION('',(-1.53562733404075E-15,1.,-5.68952843544765E-31));
#6328=DIRECTION('',(5.8785924345021E-16,-0.242535625036333,-0.970142500145332));
#6329=DIRECTION('center_axis',(-1.,-1.53562733404075E-15,-2.22044604925039E-16));
#6330=DIRECTION('ref_axis',(2.22044604925039E-16,-3.15544362088396E-31,
-1.));
#6331=DIRECTION('',(6.26352093023865E-16,-0.530455606134831,0.847712716620512));
#6332=DIRECTION('center_axis',(-1.,-1.53562733404075E-15,-2.22044604925039E-16));
#6333=DIRECTION('ref_axis',(2.22044604925039E-16,-2.62953635073662E-31,
-1.));
#6334=DIRECTION('center_axis',(-1.,-1.53562733404075E-15,-2.22044604925039E-16));
#6335=DIRECTION('ref_axis',(2.22044604925039E-16,-2.62953635073662E-31,
-1.));
#6336=DIRECTION('center_axis',(-1.,-1.53562733404075E-15,-2.22044604925039E-16));
#6337=DIRECTION('ref_axis',(2.22044604925039E-16,-2.62953635073662E-31,
-1.));
#6338=DIRECTION('center_axis',(-1.,-1.53562733404075E-15,-2.22044604925039E-16));
#6339=DIRECTION('ref_axis',(2.22044604925039E-16,-2.62953635073662E-31,
-1.));
#6340=DIRECTION('center_axis',(-1.,-1.53562733404075E-15,-2.22044604925039E-16));
#6341=DIRECTION('ref_axis',(2.22044604925039E-16,-2.62953635073662E-31,
-1.));
#6342=DIRECTION('center_axis',(-1.,-1.53562733404075E-15,-2.22044604925039E-16));
#6343=DIRECTION('ref_axis',(2.22044604925039E-16,-2.62953635073662E-31,
-1.));
#6344=DIRECTION('center_axis',(-1.,-1.53562733404075E-15,-2.22044604925039E-16));
#6345=DIRECTION('ref_axis',(2.22044604925039E-16,-2.62953635073662E-31,
-1.));
#6346=DIRECTION('center_axis',(-1.,-1.53562733404075E-15,-2.22044604925039E-16));
#6347=DIRECTION('ref_axis',(2.22044604925039E-16,-2.62953635073662E-31,
-1.));
#6348=DIRECTION('center_axis',(-1.,-1.53562733404075E-15,-2.22044604925039E-16));
#6349=DIRECTION('ref_axis',(2.22044604925039E-16,-2.62953635073662E-31,
-1.));
#6350=DIRECTION('center_axis',(-1.,-1.53562733404075E-15,-2.22044604925039E-16));
#6351=DIRECTION('ref_axis',(2.22044604925039E-16,-2.62953635073662E-31,
-1.));
#6352=DIRECTION('center_axis',(-1.,-1.53562733404075E-15,-2.22044604925039E-16));
#6353=DIRECTION('ref_axis',(2.22044604925039E-16,-2.62953635073662E-31,
-1.));
#6354=DIRECTION('center_axis',(-1.,-1.53562733404075E-15,-2.22044604925039E-16));
#6355=DIRECTION('ref_axis',(2.22044604925039E-16,-2.62953635073662E-31,
-1.));
#6356=DIRECTION('center_axis',(-1.,-1.53562733404075E-15,-2.22044604925039E-16));
#6357=DIRECTION('ref_axis',(2.22044604925039E-16,-2.62953635073662E-31,
-1.));
#6358=DIRECTION('center_axis',(-1.,-1.53562733404075E-15,-2.22044604925039E-16));
#6359=DIRECTION('ref_axis',(2.22044604925039E-16,-2.62953635073662E-31,
-1.));
#6360=DIRECTION('center_axis',(-1.,-1.53562733404075E-15,-2.22044604925039E-16));
#6361=DIRECTION('ref_axis',(2.22044604925039E-16,-2.62953635073662E-31,
-1.));
#6362=DIRECTION('center_axis',(-1.,-1.53562733404075E-15,-2.22044604925039E-16));
#6363=DIRECTION('ref_axis',(2.22044604925039E-16,-2.62953635073662E-31,
-1.));
#6364=DIRECTION('center_axis',(-1.,-1.53562733404075E-15,-2.22044604925039E-16));
#6365=DIRECTION('ref_axis',(2.22044604925039E-16,-2.62953635073662E-31,
-1.));
#6366=DIRECTION('center_axis',(-1.,-1.53562733404075E-15,-2.22044604925039E-16));
#6367=DIRECTION('ref_axis',(2.22044604925039E-16,-2.62953635073662E-31,
-1.));
#6368=DIRECTION('center_axis',(-1.,-1.53562733404075E-15,-2.22044604925039E-16));
#6369=DIRECTION('ref_axis',(2.22044604925039E-16,-2.62953635073662E-31,
-1.));
#6370=DIRECTION('center_axis',(-1.,-1.53562733404075E-15,-2.22044604925039E-16));
#6371=DIRECTION('ref_axis',(2.22044604925039E-16,-2.62953635073662E-31,
-1.));
#6372=DIRECTION('center_axis',(-1.,-1.53562733404075E-15,-2.22044604925039E-16));
#6373=DIRECTION('ref_axis',(2.22044604925039E-16,-2.62953635073662E-31,
-1.));
#6374=DIRECTION('center_axis',(1.54730300661495E-15,-0.997607976375667,
-0.0691254328857859));
#6375=DIRECTION('ref_axis',(-1.15362564767591E-16,-0.0691254328857859,0.997607976375667));
#6376=DIRECTION('',(-0.69631062382279,-0.0496141270870124,0.716023710183476));
#6377=DIRECTION('',(1.,1.53562733404075E-15,2.22044604925039E-16));
#6378=DIRECTION('',(0.696310623822791,-0.0496141270870102,0.716023710183476));
#6379=DIRECTION('',(1.1536256476759E-16,0.0691254328857863,-0.997607976375667));
#6380=DIRECTION('',(1.,1.53562733404075E-15,2.22044604925039E-16));
#6381=DIRECTION('center_axis',(2.63357974823143E-16,-0.309016994374947,
0.951056516295154));
#6382=DIRECTION('ref_axis',(-1.52908393907151E-15,0.951056516295154,0.309016994374947));
#6383=DIRECTION('',(1.52908393907151E-15,-0.951056516295154,-0.309016994374946));
#6384=DIRECTION('',(1.,1.53562733404075E-15,2.22044604925039E-16));
#6385=DIRECTION('',(1.52908393907151E-15,-0.951056516295154,-0.309016994374946));
#6386=DIRECTION('center_axis',(-1.41955562455088E-15,0.847712716620513,
0.530455606134831));
#6387=DIRECTION('ref_axis',(-6.26352093023864E-16,0.530455606134831,-0.847712716620513));
#6388=DIRECTION('',(0.696310623822789,0.380729505163118,-0.608437802120944));
#6389=DIRECTION('',(1.,1.53562733404075E-15,2.22044604925039E-16));
#6390=DIRECTION('',(6.26352093023865E-16,-0.530455606134831,0.847712716620512));
#6391=DIRECTION('',(-0.69631062382279,0.380729505163116,-0.608437802120944));
#6392=DIRECTION('center_axis',(1.18398601356182E-15,-0.84771271662046,0.530455606134915));
#6393=DIRECTION('ref_axis',(-1.00281216352785E-15,0.530455606134915,0.84771271662046));
#6394=DIRECTION('',(-0.696310623822781,0.380729505163182,0.608437802120914));
#6395=DIRECTION('',(1.,1.53562733404075E-15,2.22044604925039E-16));
#6396=DIRECTION('',(0.696310623822779,0.380729505163184,0.608437802120915));
#6397=DIRECTION('',(1.00281216352785E-15,-0.530455606134915,-0.84771271662046));
#6398=DIRECTION('',(1.,1.53562733404075E-15,2.22044604925039E-16));
#6399=DIRECTION('center_axis',(-6.85711911667426E-16,0.309016994374947,
0.951056516295154));
#6400=DIRECTION('ref_axis',(-1.3918528262093E-15,0.951056516295154,-0.309016994374947));
#6401=DIRECTION('',(1.3918528262093E-15,-0.951056516295154,0.309016994374947));
#6402=DIRECTION('',(1.,1.53562733404075E-15,2.22044604925039E-16));
#6403=DIRECTION('',(1.3918528262093E-15,-0.951056516295154,0.309016994374947));
#6404=DIRECTION('center_axis',(-1.51660514774415E-15,0.997607976375667,
-0.0691254328857849));
#6405=DIRECTION('ref_axis',(3.27664373201213E-16,-0.0691254328857849,-0.997607976375667));
#6406=DIRECTION('',(0.69631062382279,-0.0496141270870102,-0.716023710183476));
#6407=DIRECTION('',(1.,1.53562733404075E-15,2.22044604925039E-16));
#6408=DIRECTION('',(-3.27664373201213E-16,0.0691254328857849,0.997607976375667));
#6409=DIRECTION('',(-0.696310623822789,-0.0496141270870123,-0.716023710183477));
#6410=DIRECTION('center_axis',(1.50722160015209E-15,-0.927420633134867,
-0.374020011811831));
#6411=DIRECTION('ref_axis',(3.6842660553273E-16,-0.374020011811831,0.927420633134867));
#6412=DIRECTION('',(-0.696310623822788,-0.268449333688496,0.665647406960864));
#6413=DIRECTION('',(1.,1.53562733404075E-15,2.22044604925039E-16));
#6414=DIRECTION('',(0.696310623822789,-0.268449333688493,0.665647406960864));
#6415=DIRECTION('',(-3.68426605532729E-16,0.374020011811831,-0.927420633134867));
#6416=DIRECTION('',(1.,1.53562733404075E-15,2.22044604925039E-16));
#6417=DIRECTION('center_axis',(7.22981241072729E-16,-0.587785252292472,
0.809016994374948));
#6418=DIRECTION('ref_axis',(-1.37286315439171E-15,0.809016994374948,0.587785252292472));
#6419=DIRECTION('',(1.3728631543917E-15,-0.809016994374947,-0.587785252292473));
#6420=DIRECTION('',(1.,1.53562733404075E-15,2.22044604925039E-16));
#6421=DIRECTION('',(1.3728631543917E-15,-0.809016994374947,-0.587785252292473));
#6422=DIRECTION('center_axis',(-1.15652418576586E-15,0.64230290603108,0.766450896603318));
#6423=DIRECTION('ref_axis',(-1.03436305201222E-15,0.766450896603318,-0.64230290603108));
#6424=DIRECTION('',(0.696310623822788,0.550112897706727,-0.461006849112058));
#6425=DIRECTION('',(1.,1.53562733404075E-15,2.22044604925039E-16));
#6426=DIRECTION('',(1.03436305201222E-15,-0.766450896603318,0.642302906031079));
#6427=DIRECTION('',(-0.696310623822789,0.550112897706725,-0.461006849112059));
#6428=DIRECTION('center_axis',(1.31960284203597E-15,-0.766450896603318,
-0.64230290603108));
#6429=DIRECTION('ref_axis',(8.16151612704405E-16,-0.64230290603108,0.766450896603318));
#6430=DIRECTION('',(-0.696310623822788,-0.46100684911206,0.550112897706725));
#6431=DIRECTION('',(1.,1.53562733404075E-15,2.22044604925039E-16));
#6432=DIRECTION('',(0.696310623822789,-0.461006849112058,0.550112897706726));
#6433=DIRECTION('',(-8.16151612704405E-16,0.64230290603108,-0.766450896603318));
#6434=DIRECTION('',(1.,1.53562733404075E-15,2.22044604925039E-16));
#6435=DIRECTION('center_axis',(1.11183406613961E-15,-0.809016994374948,
0.587785252292472));
#6436=DIRECTION('ref_axis',(-1.08225695885999E-15,0.587785252292472,0.809016994374948));
#6437=DIRECTION('',(1.08225695885999E-15,-0.587785252292473,-0.809016994374947));
#6438=DIRECTION('',(1.,1.53562733404075E-15,2.22044604925039E-16));
#6439=DIRECTION('',(1.08225695885999E-15,-0.587785252292473,-0.809016994374947));
#6440=DIRECTION('center_axis',(-7.80284101700252E-16,0.374020011811831,
0.927420633134867));
#6441=DIRECTION('ref_axis',(-1.34112334863846E-15,0.927420633134867,-0.374020011811831));
#6442=DIRECTION('',(0.696310623822787,0.665647406960866,-0.268449333688494));
#6443=DIRECTION('',(1.,1.53562733404075E-15,2.22044604925039E-16));
#6444=DIRECTION('',(1.34112334863846E-15,-0.927420633134867,0.374020011811831));
#6445=DIRECTION('',(-0.69631062382279,0.665647406960863,-0.268449333688494));
#6446=DIRECTION('center_axis',(1.00281216352773E-15,-0.53045560613483,-0.847712716620513));
#6447=DIRECTION('ref_axis',(1.18398601356192E-15,-0.847712716620513,0.53045560613483));
#6448=DIRECTION('',(-0.696310623822789,-0.608437802120946,0.380729505163116));
#6449=DIRECTION('',(1.,1.53562733404075E-15,2.22044604925039E-16));
#6450=DIRECTION('',(0.696310623822791,-0.608437802120944,0.380729505163116));
#6451=DIRECTION('',(-1.18398601356192E-15,0.847712716620513,-0.53045560613483));
#6452=DIRECTION('',(1.,1.53562733404075E-15,2.22044604925039E-16));
#6453=DIRECTION('center_axis',(1.3918528262093E-15,-0.951056516295154,0.309016994374947));
#6454=DIRECTION('ref_axis',(-6.85711911667426E-16,0.309016994374947,0.951056516295154));
#6455=DIRECTION('',(6.85711911667425E-16,-0.309016994374947,-0.951056516295154));
#6456=DIRECTION('',(1.,1.53562733404075E-15,2.22044604925039E-16));
#6457=DIRECTION('',(6.85711911667425E-16,-0.309016994374947,-0.951056516295154));
#6458=DIRECTION('center_axis',(-3.27664373201213E-16,0.0691254328857849,
0.997607976375667));
#6459=DIRECTION('ref_axis',(-1.51660514774415E-15,0.997607976375667,-0.0691254328857849));
#6460=DIRECTION('',(0.696310623822789,0.716023710183477,-0.049614127087011));
#6461=DIRECTION('',(1.,1.53562733404075E-15,2.22044604925039E-16));
#6462=DIRECTION('',(1.51660514774415E-15,-0.997607976375667,0.0691254328857852));
#6463=DIRECTION('',(-0.696310623822792,0.716023710183475,-0.0496141270870113));
#6464=DIRECTION('center_axis',(5.8785924345021E-16,-0.242535625036333,-0.970142500145332));
#6465=DIRECTION('ref_axis',(1.43592361409636E-15,-0.970142500145332,0.242535625036333));
#6466=DIRECTION('',(-0.696310623822788,-0.696310623822795,0.174077655955698));
#6467=DIRECTION('',(1.,1.53562733404075E-15,2.22044604925039E-16));
#6468=DIRECTION('',(0.69631062382279,-0.696310623822793,0.174077655955699));
#6469=DIRECTION('',(-1.43592361409636E-15,0.970142500145332,-0.242535625036333));
#6470=DIRECTION('',(1.,1.53562733404075E-15,2.22044604925039E-16));
#6471=DIRECTION('center_axis',(1.53562733404075E-15,-1.,5.97126447302659E-31));
#6472=DIRECTION('ref_axis',(-2.22044604925039E-16,1.97215226305244E-31,
1.));
#6473=DIRECTION('',(2.22044604925039E-16,-1.97215226305244E-31,-1.));
#6474=DIRECTION('',(1.,1.53562733404075E-15,2.22044604925039E-16));
#6475=DIRECTION('',(2.22044604925039E-16,-1.97215226305244E-31,-1.));
#6476=DIRECTION('center_axis',(1.5702942711869E-16,-0.242535625036333,0.970142500145332));
#6477=DIRECTION('ref_axis',(-1.54363106817924E-15,0.970142500145332,0.242535625036333));
#6478=DIRECTION('',(0.696310623822788,0.696310623822795,0.174077655955699));
#6479=DIRECTION('',(1.,1.53562733404075E-15,2.22044604925039E-16));
#6480=DIRECTION('',(1.54363106817924E-15,-0.970142500145332,-0.242535625036333));
#6481=DIRECTION('',(-0.696310623822789,0.696310623822793,0.174077655955698));
#6482=DIRECTION('center_axis',(1.15362564767592E-16,0.0691254328857849,
-0.997607976375667));
#6483=DIRECTION('ref_axis',(1.54730300661495E-15,-0.997607976375667,-0.0691254328857849));
#6484=DIRECTION('',(-0.696310623822788,-0.716023710183478,-0.0496141270870114));
#6485=DIRECTION('',(1.,1.53562733404075E-15,2.22044604925039E-16));
#6486=DIRECTION('',(0.696310623822791,-0.716023710183475,-0.0496141270870111));
#6487=DIRECTION('',(-1.54730300661495E-15,0.997607976375667,0.0691254328857852));
#6488=DIRECTION('',(1.,1.53562733404075E-15,2.22044604925039E-16));
#6489=DIRECTION('center_axis',(1.52908393907151E-15,-0.951056516295154,
-0.309016994374947));
#6490=DIRECTION('ref_axis',(2.63357974823143E-16,-0.309016994374947,0.951056516295154));
#6491=DIRECTION('',(-2.63357974823141E-16,0.309016994374946,-0.951056516295154));
#6492=DIRECTION('',(1.,1.53562733404075E-15,2.22044604925039E-16));
#6493=DIRECTION('',(-2.63357974823141E-16,0.309016994374946,-0.951056516295154));
#6494=DIRECTION('center_axis',(6.26352093023863E-16,-0.53045560613483,0.847712716620513));
#6495=DIRECTION('ref_axis',(-1.41955562455088E-15,0.847712716620513,0.53045560613483));
#6496=DIRECTION('',(0.696310623822789,0.608437802120946,0.380729505163117));
#6497=DIRECTION('',(1.,1.53562733404075E-15,2.22044604925039E-16));
#6498=DIRECTION('',(1.41955562455088E-15,-0.847712716620513,-0.53045560613483));
#6499=DIRECTION('',(-0.69631062382279,0.608437802120945,0.380729505163116));
#6500=DIRECTION('center_axis',(-3.68426605532729E-16,0.374020011811831,
-0.927420633134867));
#6501=DIRECTION('ref_axis',(1.50722160015209E-15,-0.927420633134867,-0.374020011811831));
#6502=DIRECTION('',(-0.696310623822788,-0.665647406960865,-0.268449333688495));
#6503=DIRECTION('',(1.,1.53562733404075E-15,2.22044604925039E-16));
#6504=DIRECTION('',(0.69631062382279,-0.665647406960863,-0.268449333688495));
#6505=DIRECTION('',(-1.50722160015209E-15,0.927420633134867,0.374020011811832));
#6506=DIRECTION('',(1.,1.53562733404075E-15,2.22044604925039E-16));
#6507=DIRECTION('center_axis',(1.37286315439171E-15,-0.809016994374948,
-0.587785252292472));
#6508=DIRECTION('ref_axis',(7.22981241072729E-16,-0.587785252292472,0.809016994374948));
#6509=DIRECTION('',(-7.2298124107273E-16,0.587785252292473,-0.809016994374947));
#6510=DIRECTION('',(1.,1.53562733404075E-15,2.22044604925039E-16));
#6511=DIRECTION('',(-7.2298124107273E-16,0.587785252292473,-0.809016994374947));
#6512=DIRECTION('center_axis',(1.03436305201222E-15,-0.766450896603318,
0.64230290603108));
#6513=DIRECTION('ref_axis',(-1.15652418576586E-15,0.64230290603108,0.766450896603318));
#6514=DIRECTION('',(0.696310623822788,0.461006849112059,0.550112897706726));
#6515=DIRECTION('',(1.,1.53562733404075E-15,2.22044604925039E-16));
#6516=DIRECTION('',(1.15652418576586E-15,-0.64230290603108,-0.766450896603317));
#6517=DIRECTION('',(-0.69631062382279,0.461006849112058,0.550112897706725));
#6518=DIRECTION('center_axis',(-8.16151612704405E-16,0.64230290603108,-0.766450896603318));
#6519=DIRECTION('ref_axis',(1.31960284203597E-15,-0.766450896603318,-0.64230290603108));
#6520=DIRECTION('',(-0.696310623822788,-0.550112897706727,-0.461006849112059));
#6521=DIRECTION('',(1.,1.53562733404075E-15,2.22044604925039E-16));
#6522=DIRECTION('',(0.69631062382279,-0.550112897706725,-0.461006849112058));
#6523=DIRECTION('',(-1.31960284203597E-15,0.766450896603317,0.64230290603108));
#6524=DIRECTION('',(1.,1.53562733404075E-15,2.22044604925039E-16));
#6525=DIRECTION('center_axis',(1.08225695885999E-15,-0.587785252292472,
-0.809016994374948));
#6526=DIRECTION('ref_axis',(1.11183406613961E-15,-0.809016994374948,0.587785252292472));
#6527=DIRECTION('',(-1.11183406613961E-15,0.809016994374948,-0.587785252292472));
#6528=DIRECTION('',(1.,1.53562733404075E-15,2.22044604925039E-16));
#6529=DIRECTION('',(-1.11183406613961E-15,0.809016994374948,-0.587785252292472));
#6530=DIRECTION('center_axis',(1.34112334863846E-15,-0.927420633134867,
0.374020011811831));
#6531=DIRECTION('ref_axis',(-7.80284101700251E-16,0.374020011811831,0.927420633134867));
#6532=DIRECTION('',(0.696310623822788,0.268449333688496,0.665647406960864));
#6533=DIRECTION('',(1.,1.53562733404075E-15,2.22044604925039E-16));
#6534=DIRECTION('',(7.80284101700252E-16,-0.374020011811832,-0.927420633134867));
#6535=DIRECTION('',(-0.696310623822789,0.268449333688494,0.665647406960864));
#6536=DIRECTION('center_axis',(-1.18398601356192E-15,0.847712716620513,
-0.53045560613483));
#6537=DIRECTION('ref_axis',(1.00281216352773E-15,-0.53045560613483,-0.847712716620513));
#6538=DIRECTION('',(-0.696310623822789,-0.380729505163118,-0.608437802120945));
#6539=DIRECTION('',(1.,1.53562733404075E-15,2.22044604925039E-16));
#6540=DIRECTION('',(0.696310623822791,-0.380729505163116,-0.608437802120944));
#6541=DIRECTION('',(-1.00281216352773E-15,0.53045560613483,0.847712716620513));
#6542=DIRECTION('',(1.,1.53562733404075E-15,2.22044604925039E-16));
#6543=DIRECTION('center_axis',(6.85711911667426E-16,-0.309016994374947,
-0.951056516295154));
#6544=DIRECTION('ref_axis',(1.3918528262093E-15,-0.951056516295154,0.309016994374947));
#6545=DIRECTION('',(-1.3918528262093E-15,0.951056516295153,-0.309016994374948));
#6546=DIRECTION('',(1.,1.53562733404075E-15,2.22044604925039E-16));
#6547=DIRECTION('',(-1.3918528262093E-15,0.951056516295153,-0.309016994374948));
#6548=DIRECTION('center_axis',(1.51660514774415E-15,-0.997607976375667,
0.0691254328857849));
#6549=DIRECTION('ref_axis',(-3.27664373201213E-16,0.0691254328857849,0.997607976375667));
#6550=DIRECTION('',(0.696310623822789,0.0496141270870124,0.716023710183477));
#6551=DIRECTION('',(1.,1.53562733404075E-15,2.22044604925039E-16));
#6552=DIRECTION('',(3.27664373201213E-16,-0.0691254328857845,-0.997607976375667));
#6553=DIRECTION('',(-0.696310623822789,0.0496141270870108,0.716023710183477));
#6554=DIRECTION('center_axis',(-1.43592361409636E-15,0.970142500145332,
-0.242535625036333));
#6555=DIRECTION('ref_axis',(5.8785924345021E-16,-0.242535625036333,-0.970142500145332));
#6556=DIRECTION('',(-0.696310623822788,-0.1740776559557,-0.696310623822794));
#6557=DIRECTION('',(1.,1.53562733404075E-15,2.22044604925039E-16));
#6558=DIRECTION('',(0.696310623822789,-0.174077655955698,-0.696310623822794));
#6559=DIRECTION('',(-5.8785924345021E-16,0.242535625036333,0.970142500145332));
#6560=DIRECTION('',(1.,1.53562733404075E-15,2.22044604925039E-16));
#6561=DIRECTION('center_axis',(2.22044604925039E-16,-1.97215226305244E-31,
-1.));
#6562=DIRECTION('ref_axis',(1.53562733404075E-15,-1.,5.97126447302659E-31));
#6563=DIRECTION('',(-1.53562733404075E-15,1.,-5.9712644730266E-31));
#6564=DIRECTION('',(1.,1.53562733404075E-15,2.22044604925039E-16));
#6565=DIRECTION('',(-1.53562733404075E-15,1.,-5.9712644730266E-31));
#6566=DIRECTION('center_axis',(1.54363106817924E-15,-0.970142500145332,
-0.242535625036333));
#6567=DIRECTION('ref_axis',(1.5702942711869E-16,-0.242535625036333,0.970142500145332));
#6568=DIRECTION('',(0.696310623822789,-0.174077655955697,0.696310623822794));
#6569=DIRECTION('',(1.,1.53562733404075E-15,2.22044604925039E-16));
#6570=DIRECTION('',(-1.57029427118689E-16,0.242535625036333,-0.970142500145332));
#6571=DIRECTION('',(-0.696310623822789,-0.174077655955699,0.696310623822794));
#6572=DIRECTION('center_axis',(-1.54730300661495E-15,0.997607976375667,
0.0691254328857853));
#6573=DIRECTION('ref_axis',(1.15362564767592E-16,0.0691254328857853,-0.997607976375667));
#6574=DIRECTION('',(-0.69631062382279,0.0496141270870116,-0.716023710183477));
#6575=DIRECTION('',(1.,1.53562733404075E-15,2.22044604925039E-16));
#6576=DIRECTION('',(0.69631062382279,0.0496141270870137,-0.716023710183476));
#6577=DIRECTION('',(-1.15362564767592E-16,-0.0691254328857852,0.997607976375667));
#6578=DIRECTION('',(1.,1.53562733404075E-15,2.22044604925039E-16));
#6579=DIRECTION('center_axis',(-2.63357974823143E-16,0.309016994374947,
-0.951056516295154));
#6580=DIRECTION('ref_axis',(1.52908393907151E-15,-0.951056516295154,-0.309016994374947));
#6581=DIRECTION('',(-1.52908393907151E-15,0.951056516295154,0.309016994374947));
#6582=DIRECTION('',(1.,1.53562733404075E-15,2.22044604925039E-16));
#6583=DIRECTION('',(-1.52908393907151E-15,0.951056516295154,0.309016994374947));
#6584=DIRECTION('center_axis',(1.41955562455088E-15,-0.847712716620513,
-0.53045560613483));
#6585=DIRECTION('ref_axis',(6.26352093023863E-16,-0.53045560613483,0.847712716620513));
#6586=DIRECTION('',(0.69631062382279,-0.380729505163116,0.608437802120945));
#6587=DIRECTION('',(1.,1.53562733404075E-15,2.22044604925039E-16));
#6588=DIRECTION('',(-6.26352093023863E-16,0.53045560613483,-0.847712716620513));
#6589=DIRECTION('',(-0.69631062382279,-0.380729505163118,0.608437802120944));
#6590=DIRECTION('center_axis',(-1.50722160015209E-15,0.927420633134867,
0.374020011811831));
#6591=DIRECTION('ref_axis',(-3.68426605532729E-16,0.374020011811831,-0.927420633134867));
#6592=DIRECTION('',(-0.696310623822789,0.268449333688494,-0.665647406960864));
#6593=DIRECTION('',(1.,1.53562733404075E-15,2.22044604925039E-16));
#6594=DIRECTION('',(0.696310623822788,0.268449333688497,-0.665647406960864));
#6595=DIRECTION('',(3.6842660553273E-16,-0.374020011811832,0.927420633134867));
#6596=DIRECTION('',(1.,1.53562733404075E-15,2.22044604925039E-16));
#6597=DIRECTION('center_axis',(-7.22981241072729E-16,0.587785252292472,
-0.809016994374948));
#6598=DIRECTION('ref_axis',(1.37286315439171E-15,-0.809016994374948,-0.587785252292472));
#6599=DIRECTION('',(-1.3728631543917E-15,0.809016994374947,0.587785252292473));
#6600=DIRECTION('',(1.,1.53562733404075E-15,2.22044604925039E-16));
#6601=DIRECTION('',(-1.3728631543917E-15,0.809016994374947,0.587785252292473));
#6602=DIRECTION('center_axis',(1.15652418576586E-15,-0.64230290603108,-0.766450896603318));
#6603=DIRECTION('ref_axis',(1.03436305201222E-15,-0.766450896603318,0.64230290603108));
#6604=DIRECTION('',(0.696310623822789,-0.550112897706725,0.461006849112058));
#6605=DIRECTION('',(1.,1.53562733404075E-15,2.22044604925039E-16));
#6606=DIRECTION('',(-1.03436305201222E-15,0.766450896603317,-0.64230290603108));
#6607=DIRECTION('',(-0.696310623822788,-0.550112897706727,0.461006849112059));
#6608=DIRECTION('center_axis',(-1.31960284203597E-15,0.766450896603318,
0.64230290603108));
#6609=DIRECTION('ref_axis',(-8.16151612704405E-16,0.64230290603108,-0.766450896603318));
#6610=DIRECTION('',(-0.696310623822789,0.461006849112058,-0.550112897706726));
#6611=DIRECTION('',(1.,1.53562733404075E-15,2.22044604925039E-16));
#6612=DIRECTION('',(0.696310623822788,0.461006849112059,-0.550112897706725));
#6613=DIRECTION('',(8.16151612704406E-16,-0.64230290603108,0.766450896603317));
#6614=DIRECTION('',(1.,1.53562733404075E-15,2.22044604925039E-16));
#6615=DIRECTION('center_axis',(-1.11183406613961E-15,0.809016994374948,
-0.587785252292472));
#6616=DIRECTION('ref_axis',(1.08225695885999E-15,-0.587785252292472,-0.809016994374948));
#6617=DIRECTION('',(-1.08225695885998E-15,0.587785252292472,0.809016994374948));
#6618=DIRECTION('',(1.,1.53562733404075E-15,2.22044604925039E-16));
#6619=DIRECTION('',(-1.08225695885998E-15,0.587785252292472,0.809016994374948));
#6620=DIRECTION('center_axis',(7.80284101700251E-16,-0.374020011811831,
-0.927420633134867));
#6621=DIRECTION('ref_axis',(1.34112334863846E-15,-0.927420633134867,0.374020011811831));
#6622=DIRECTION('',(0.69631062382279,-0.665647406960863,0.268449333688495));
#6623=DIRECTION('',(1.,1.53562733404075E-15,2.22044604925039E-16));
#6624=DIRECTION('',(-1.34112334863846E-15,0.927420633134867,-0.374020011811832));
#6625=DIRECTION('',(-0.696310623822788,-0.665647406960865,0.268449333688494));
#6626=DIRECTION('center_axis',(-1.00281216352773E-15,0.53045560613483,0.847712716620513));
#6627=DIRECTION('ref_axis',(-1.18398601356192E-15,0.847712716620513,-0.53045560613483));
#6628=DIRECTION('',(-0.696310623822789,0.608437802120945,-0.380729505163116));
#6629=DIRECTION('',(1.,1.53562733404075E-15,2.22044604925039E-16));
#6630=DIRECTION('',(0.696310623822788,0.608437802120947,-0.380729505163116));
#6631=DIRECTION('',(1.18398601356192E-15,-0.847712716620514,0.530455606134829));
#6632=DIRECTION('',(1.,1.53562733404075E-15,2.22044604925039E-16));
#6633=DIRECTION('center_axis',(-1.3918528262093E-15,0.951056516295154,-0.309016994374947));
#6634=DIRECTION('ref_axis',(6.85711911667426E-16,-0.309016994374947,-0.951056516295154));
#6635=DIRECTION('',(-6.85711911667428E-16,0.309016994374948,0.951056516295153));
#6636=DIRECTION('',(1.,1.53562733404075E-15,2.22044604925039E-16));
#6637=DIRECTION('',(-6.85711911667428E-16,0.309016994374948,0.951056516295153));
#6638=DIRECTION('center_axis',(3.27664373201213E-16,-0.0691254328857849,
-0.997607976375667));
#6639=DIRECTION('ref_axis',(1.51660514774415E-15,-0.997607976375667,0.0691254328857849));
#6640=DIRECTION('',(0.696310623822791,-0.716023710183476,0.0496141270870115));
#6641=DIRECTION('',(1.,1.53562733404075E-15,2.22044604925039E-16));
#6642=DIRECTION('',(-1.51660514774415E-15,0.997607976375667,-0.0691254328857852));
#6643=DIRECTION('',(-0.696310623822789,-0.716023710183478,0.0496141270870111));
#6644=DIRECTION('center_axis',(-5.8785924345021E-16,0.242535625036333,0.970142500145332));
#6645=DIRECTION('ref_axis',(-1.43592361409636E-15,0.970142500145332,-0.242535625036333));
#6646=DIRECTION('',(-0.69631062382279,0.696310623822793,-0.174077655955699));
#6647=DIRECTION('',(1.,1.53562733404075E-15,2.22044604925039E-16));
#6648=DIRECTION('',(0.696310623822787,0.696310623822795,-0.174077655955698));
#6649=DIRECTION('',(1.43592361409636E-15,-0.970142500145332,0.242535625036333));
#6650=DIRECTION('',(1.,1.53562733404075E-15,2.22044604925039E-16));
#6651=DIRECTION('center_axis',(-1.53562733404075E-15,1.,-5.97126447302659E-31));
#6652=DIRECTION('ref_axis',(2.22044604925039E-16,-1.97215226305244E-31,
-1.));
#6653=DIRECTION('',(-2.22044604925039E-16,1.97215226305244E-31,1.));
#6654=DIRECTION('',(1.,1.53562733404075E-15,2.22044604925039E-16));
#6655=DIRECTION('',(-2.22044604925039E-16,1.97215226305244E-31,1.));
#6656=DIRECTION('center_axis',(-1.5702942711869E-16,0.242535625036333,-0.970142500145332));
#6657=DIRECTION('ref_axis',(1.54363106817924E-15,-0.970142500145332,-0.242535625036333));
#6658=DIRECTION('',(0.69631062382279,-0.696310623822793,-0.174077655955698));
#6659=DIRECTION('',(1.,1.53562733404075E-15,2.22044604925039E-16));
#6660=DIRECTION('',(-1.54363106817924E-15,0.970142500145332,0.242535625036333));
#6661=DIRECTION('',(-0.696310623822787,-0.696310623822795,-0.174077655955699));
#6662=DIRECTION('center_axis',(-1.15362564767592E-16,-0.0691254328857853,
0.997607976375667));
#6663=DIRECTION('ref_axis',(-1.54730300661495E-15,0.997607976375667,0.0691254328857853));
#6664=DIRECTION('',(-0.69631062382279,0.716023710183476,0.0496141270870118));
#6665=DIRECTION('',(1.,1.53562733404075E-15,2.22044604925039E-16));
#6666=DIRECTION('',(0.696310623822789,0.716023710183477,0.049614127087012));
#6667=DIRECTION('',(1.54730300661495E-15,-0.997607976375667,-0.0691254328857852));
#6668=DIRECTION('',(1.,1.53562733404075E-15,2.22044604925039E-16));
#6669=DIRECTION('center_axis',(-1.52908393907151E-15,0.951056516295154,
0.309016994374947));
#6670=DIRECTION('ref_axis',(-2.63357974823143E-16,0.309016994374947,-0.951056516295154));
#6671=DIRECTION('',(2.63357974823142E-16,-0.309016994374947,0.951056516295154));
#6672=DIRECTION('',(1.,1.53562733404075E-15,2.22044604925039E-16));
#6673=DIRECTION('',(2.63357974823142E-16,-0.309016994374947,0.951056516295154));
#6674=DIRECTION('center_axis',(-6.26352093023863E-16,0.53045560613483,-0.847712716620513));
#6675=DIRECTION('ref_axis',(1.41955562455088E-15,-0.847712716620513,-0.53045560613483));
#6676=DIRECTION('',(0.696310623822791,-0.608437802120943,-0.380729505163117));
#6677=DIRECTION('',(1.,1.53562733404075E-15,2.22044604925039E-16));
#6678=DIRECTION('',(-1.41955562455088E-15,0.847712716620513,0.53045560613483));
#6679=DIRECTION('',(-0.696310623822789,-0.608437802120945,-0.380729505163118));
#6680=DIRECTION('center_axis',(3.68426605532729E-16,-0.374020011811831,
0.927420633134867));
#6681=DIRECTION('ref_axis',(-1.50722160015209E-15,0.927420633134867,0.374020011811831));
#6682=DIRECTION('',(-0.696310623822788,0.665647406960864,0.268449333688495));
#6683=DIRECTION('',(1.,1.53562733404075E-15,2.22044604925039E-16));
#6684=DIRECTION('',(0.696310623822786,0.665647406960866,0.268449333688495));
#6685=DIRECTION('',(1.50722160015209E-15,-0.927420633134867,-0.374020011811832));
#6686=DIRECTION('',(1.,1.53562733404075E-15,2.22044604925039E-16));
#6687=DIRECTION('center_axis',(-1.37286315439171E-15,0.809016994374948,
0.587785252292472));
#6688=DIRECTION('ref_axis',(-7.22981241072729E-16,0.587785252292472,-0.809016994374948));
#6689=DIRECTION('',(7.22981241072728E-16,-0.587785252292472,0.809016994374948));
#6690=DIRECTION('',(1.,1.53562733404075E-15,2.22044604925039E-16));
#6691=DIRECTION('',(7.22981241072728E-16,-0.587785252292472,0.809016994374948));
#6692=DIRECTION('center_axis',(-1.03436305201222E-15,0.766450896603318,
-0.64230290603108));
#6693=DIRECTION('ref_axis',(1.15652418576586E-15,-0.64230290603108,-0.766450896603318));
#6694=DIRECTION('',(0.696310623822788,-0.461006849112059,-0.550112897706726));
#6695=DIRECTION('',(1.,1.53562733404075E-15,2.22044604925039E-16));
#6696=DIRECTION('',(-1.15652418576586E-15,0.64230290603108,0.766450896603318));
#6697=DIRECTION('',(-0.696310623822787,-0.46100684911206,-0.550112897706727));
#6698=DIRECTION('center_axis',(8.16151612704406E-16,-0.64230290603108,0.766450896603318));
#6699=DIRECTION('ref_axis',(-1.31960284203597E-15,0.766450896603318,0.64230290603108));
#6700=DIRECTION('',(-0.696310623822793,0.550112897706721,0.461006849112058));
#6701=DIRECTION('',(1.,1.53562733404075E-15,2.22044604925039E-16));
#6702=DIRECTION('',(0.69631062382279,0.550112897706723,0.461006849112059));
#6703=DIRECTION('',(1.31960284203597E-15,-0.766450896603318,-0.642302906031079));
#6704=DIRECTION('',(1.,1.53562733404075E-15,2.22044604925039E-16));
#6705=DIRECTION('center_axis',(-1.08225695885999E-15,0.587785252292474,
0.809016994374947));
#6706=DIRECTION('ref_axis',(-1.11183406613961E-15,0.809016994374947,-0.587785252292474));
#6707=DIRECTION('',(1.11183406613961E-15,-0.809016994374946,0.587785252292475));
#6708=DIRECTION('',(1.,1.53562733404075E-15,2.22044604925039E-16));
#6709=DIRECTION('',(1.11183406613961E-15,-0.809016994374946,0.587785252292475));
#6710=DIRECTION('center_axis',(-1.34112334863846E-15,0.927420633134867,
-0.374020011811831));
#6711=DIRECTION('ref_axis',(7.80284101700252E-16,-0.374020011811831,-0.927420633134867));
#6712=DIRECTION('',(0.696310623822791,-0.268449333688493,-0.665647406960862));
#6713=DIRECTION('',(1.,1.53562733404075E-15,2.22044604925039E-16));
#6714=DIRECTION('',(-7.80284101700251E-16,0.374020011811831,0.927420633134867));
#6715=DIRECTION('',(-0.696310623822791,-0.268449333688495,-0.665647406960862));
#6716=DIRECTION('center_axis',(1.43592361409636E-15,-0.970142500145332,
0.242535625036333));
#6717=DIRECTION('ref_axis',(-5.8785924345021E-16,0.242535625036333,0.970142500145332));
#6718=DIRECTION('',(-0.696310623822789,0.174077655955697,0.696310623822794));
#6719=DIRECTION('',(1.,1.53562733404075E-15,2.22044604925039E-16));
#6720=DIRECTION('',(0.696310623822789,0.174077655955699,0.696310623822794));
#6721=DIRECTION('',(5.8785924345021E-16,-0.242535625036333,-0.970142500145332));
#6722=DIRECTION('',(1.,1.53562733404075E-15,2.22044604925039E-16));
#6723=DIRECTION('center_axis',(-2.22044604925039E-16,1.97215226305244E-31,
1.));
#6724=DIRECTION('ref_axis',(-1.53562733404075E-15,1.,-5.97126447302659E-31));
#6725=DIRECTION('',(1.53562733404075E-15,-1.,5.97126447302659E-31));
#6726=DIRECTION('',(1.,1.53562733404075E-15,2.22044604925039E-16));
#6727=DIRECTION('',(1.53562733404075E-15,-1.,5.97126447302659E-31));
#6728=DIRECTION('center_axis',(-1.54363106817924E-15,0.970142500145332,
0.242535625036333));
#6729=DIRECTION('ref_axis',(-1.5702942711869E-16,0.242535625036333,-0.970142500145332));
#6730=DIRECTION('',(0.696310623822788,0.1740776559557,-0.696310623822794));
#6731=DIRECTION('',(1.,1.53562733404075E-15,2.22044604925039E-16));
#6732=DIRECTION('',(1.5702942711869E-16,-0.242535625036333,0.970142500145332));
#6733=DIRECTION('',(-0.696310623822788,0.174077655955697,-0.696310623822795));
#6734=DIRECTION('center_axis',(1.,1.53562733404075E-15,2.22044604925039E-16));
#6735=DIRECTION('ref_axis',(-2.22044604925039E-16,3.15544362088396E-31,
1.));
#6736=DIRECTION('center_axis',(-1.,-1.53562733404075E-15,-2.22044604925039E-16));
#6737=DIRECTION('ref_axis',(2.22044604925039E-16,-3.15544362088396E-31,
-1.));
#6738=DIRECTION('center_axis',(1.,1.53562733404075E-15,2.22044604925039E-16));
#6739=DIRECTION('ref_axis',(-2.22044604925039E-16,3.155443620884E-31,1.));
#6740=DIRECTION('center_axis',(-1.,-1.53562733404075E-15,-2.22044604925039E-16));
#6741=DIRECTION('ref_axis',(2.22044604925039E-16,-3.155443620884E-31,-1.));
#6742=DIRECTION('center_axis',(1.,1.53562733404075E-15,2.22044604925039E-16));
#6743=DIRECTION('ref_axis',(-2.22044604925039E-16,3.15544362088396E-31,
1.));
#6744=DIRECTION('center_axis',(-1.,-1.53562733404075E-15,-2.22044604925039E-16));
#6745=DIRECTION('ref_axis',(2.22044604925039E-16,-3.15544362088396E-31,
-1.));
#6746=DIRECTION('center_axis',(1.,1.53562733404075E-15,2.22044604925039E-16));
#6747=DIRECTION('ref_axis',(-2.22044604925039E-16,3.15544362088396E-31,
1.));
#6748=DIRECTION('center_axis',(-1.,-1.53562733404075E-15,-2.22044604925039E-16));
#6749=DIRECTION('ref_axis',(2.22044604925039E-16,-3.15544362088396E-31,
-1.));
#6750=DIRECTION('center_axis',(1.,1.53562733404075E-15,2.22044604925039E-16));
#6751=DIRECTION('ref_axis',(-2.22044604925039E-16,3.15544362088396E-31,
1.));
#6752=DIRECTION('center_axis',(-1.,-1.53562733404075E-15,-2.22044604925039E-16));
#6753=DIRECTION('ref_axis',(2.22044604925039E-16,-3.15544362088396E-31,
-1.));
#6754=DIRECTION('center_axis',(1.,1.53562733404075E-15,2.22044604925039E-16));
#6755=DIRECTION('ref_axis',(-2.22044604925039E-16,3.15544362088396E-31,
1.));
#6756=DIRECTION('center_axis',(-1.,-1.53562733404075E-15,-2.22044604925039E-16));
#6757=DIRECTION('ref_axis',(2.22044604925039E-16,-3.15544362088396E-31,
-1.));
#6758=DIRECTION('center_axis',(1.,1.53562733404075E-15,2.22044604925039E-16));
#6759=DIRECTION('ref_axis',(-2.22044604925039E-16,3.15544362088396E-31,
1.));
#6760=DIRECTION('center_axis',(-1.,-1.53562733404075E-15,-2.22044604925039E-16));
#6761=DIRECTION('ref_axis',(2.22044604925039E-16,-3.15544362088396E-31,
-1.));
#6762=DIRECTION('center_axis',(1.,1.53562733404075E-15,2.22044604925039E-16));
#6763=DIRECTION('ref_axis',(-2.22044604925039E-16,3.15544362088396E-31,
1.));
#6764=DIRECTION('center_axis',(-1.,-1.53562733404075E-15,-2.22044604925039E-16));
#6765=DIRECTION('ref_axis',(2.22044604925039E-16,-3.15544362088396E-31,
-1.));
#6766=DIRECTION('center_axis',(1.,1.53562733404075E-15,2.22044604925039E-16));
#6767=DIRECTION('ref_axis',(-2.22044604925039E-16,3.15544362088396E-31,
1.));
#6768=DIRECTION('center_axis',(-1.,-1.53562733404075E-15,-2.22044604925039E-16));
#6769=DIRECTION('ref_axis',(2.22044604925039E-16,-3.15544362088396E-31,
-1.));
#6770=DIRECTION('center_axis',(1.,1.53562733404075E-15,2.22044604925039E-16));
#6771=DIRECTION('ref_axis',(-2.22044604925039E-16,3.15544362088396E-31,
1.));
#6772=DIRECTION('center_axis',(-1.,-1.53562733404075E-15,-2.22044604925039E-16));
#6773=DIRECTION('ref_axis',(2.22044604925039E-16,-3.15544362088396E-31,
-1.));
#6774=DIRECTION('center_axis',(1.,1.53562733404075E-15,2.22044604925039E-16));
#6775=DIRECTION('ref_axis',(-2.22044604925039E-16,3.15544362088396E-31,
1.));
#6776=DIRECTION('center_axis',(-1.,-1.53562733404075E-15,-2.22044604925039E-16));
#6777=DIRECTION('ref_axis',(2.22044604925039E-16,-3.15544362088396E-31,
-1.));
#6778=DIRECTION('center_axis',(1.,1.53562733404075E-15,2.22044604925039E-16));
#6779=DIRECTION('ref_axis',(-2.22044604925039E-16,3.15544362088396E-31,
1.));
#6780=DIRECTION('center_axis',(-1.,-1.53562733404075E-15,-2.22044604925039E-16));
#6781=DIRECTION('ref_axis',(2.22044604925039E-16,-3.15544362088396E-31,
-1.));
#6782=DIRECTION('center_axis',(1.,1.53562733404075E-15,2.22044604925039E-16));
#6783=DIRECTION('ref_axis',(-2.22044604925039E-16,3.15544362088396E-31,
1.));
#6784=DIRECTION('center_axis',(-1.,-1.53562733404075E-15,-2.22044604925039E-16));
#6785=DIRECTION('ref_axis',(2.22044604925039E-16,-3.15544362088396E-31,
-1.));
#6786=DIRECTION('center_axis',(1.,1.53562733404075E-15,2.22044604925039E-16));
#6787=DIRECTION('ref_axis',(-2.22044604925039E-16,3.15544362088396E-31,
1.));
#6788=DIRECTION('center_axis',(-1.,-1.53562733404075E-15,-2.22044604925039E-16));
#6789=DIRECTION('ref_axis',(2.22044604925039E-16,-3.15544362088396E-31,
-1.));
#6790=DIRECTION('center_axis',(1.,1.53562733404075E-15,2.22044604925039E-16));
#6791=DIRECTION('ref_axis',(-2.22044604925039E-16,3.15544362088396E-31,
1.));
#6792=DIRECTION('center_axis',(-1.,-1.53562733404075E-15,-2.22044604925039E-16));
#6793=DIRECTION('ref_axis',(2.22044604925039E-16,-3.15544362088396E-31,
-1.));
#6794=DIRECTION('center_axis',(1.,1.53562733404075E-15,2.22044604925039E-16));
#6795=DIRECTION('ref_axis',(-2.22044604925039E-16,3.15544362088396E-31,
1.));
#6796=DIRECTION('center_axis',(-1.,-1.53562733404075E-15,-2.22044604925039E-16));
#6797=DIRECTION('ref_axis',(2.22044604925039E-16,-3.15544362088396E-31,
-1.));
#6798=DIRECTION('center_axis',(1.,1.53562733404075E-15,2.22044604925039E-16));
#6799=DIRECTION('ref_axis',(-2.22044604925039E-16,3.15544362088396E-31,
1.));
#6800=DIRECTION('center_axis',(-1.,-1.53562733404075E-15,-2.22044604925039E-16));
#6801=DIRECTION('ref_axis',(2.22044604925039E-16,-3.15544362088396E-31,
-1.));
#6802=DIRECTION('center_axis',(1.,1.53562733404075E-15,2.22044604925039E-16));
#6803=DIRECTION('ref_axis',(-2.22044604925039E-16,3.15544362088396E-31,
1.));
#6804=DIRECTION('center_axis',(-1.,-1.53562733404075E-15,-2.22044604925039E-16));
#6805=DIRECTION('ref_axis',(2.22044604925039E-16,-3.15544362088396E-31,
-1.));
#6806=DIRECTION('center_axis',(1.,1.53562733404075E-15,2.22044604925039E-16));
#6807=DIRECTION('ref_axis',(-2.22044604925039E-16,3.15544362088396E-31,
1.));
#6808=DIRECTION('center_axis',(-1.,-1.53562733404075E-15,-2.22044604925039E-16));
#6809=DIRECTION('ref_axis',(2.22044604925039E-16,-3.15544362088396E-31,
-1.));
#6810=DIRECTION('center_axis',(1.,1.53562733404075E-15,2.22044604925039E-16));
#6811=DIRECTION('ref_axis',(-2.22044604925039E-16,3.15544362088396E-31,
1.));
#6812=DIRECTION('center_axis',(-1.,-1.53562733404075E-15,-2.22044604925039E-16));
#6813=DIRECTION('ref_axis',(2.22044604925039E-16,-3.15544362088396E-31,
-1.));
#6814=DIRECTION('center_axis',(1.,1.53562733404075E-15,2.22044604925039E-16));
#6815=DIRECTION('ref_axis',(-2.22044604925039E-16,2.62953635073662E-31,
1.));
#6816=DIRECTION('',(1.,1.53562733404075E-15,2.22044604925039E-16));
#6817=DIRECTION('center_axis',(-1.,-1.53562733404075E-15,-2.22044604925039E-16));
#6818=DIRECTION('ref_axis',(2.22044604925039E-16,-1.97215226305244E-31,
-1.));
#6819=DIRECTION('',(-1.11183406613961E-15,0.809016994374947,-0.587785252292474));
#6820=DIRECTION('',(-7.22981241072728E-16,0.587785252292472,-0.809016994374949));
#6821=DIRECTION('',(-2.63357974823143E-16,0.309016994374947,-0.951056516295154));
#6822=DIRECTION('',(2.22044604925039E-16,-2.81736037578923E-31,-1.));
#6823=DIRECTION('',(6.85711911667425E-16,-0.309016994374946,-0.951056516295154));
#6824=DIRECTION('',(1.08225695885999E-15,-0.587785252292473,-0.809016994374947));
#6825=DIRECTION('',(1.37286315439171E-15,-0.809016994374948,-0.587785252292472));
#6826=DIRECTION('',(1.52908393907151E-15,-0.951056516295154,-0.309016994374947));
#6827=DIRECTION('',(1.53562733404075E-15,-1.,5.68952843544765E-31));
#6828=DIRECTION('',(1.3918528262093E-15,-0.951056516295154,0.309016994374947));
#6829=DIRECTION('',(1.11183406613961E-15,-0.809016994374947,0.587785252292473));
#6830=DIRECTION('',(7.22981241072728E-16,-0.587785252292472,0.809016994374948));
#6831=DIRECTION('',(2.63357974823143E-16,-0.309016994374947,0.951056516295154));
#6832=DIRECTION('',(-2.22044604925039E-16,2.81736037578924E-31,1.));
#6833=DIRECTION('',(-6.85711911667426E-16,0.309016994374947,0.951056516295154));
#6834=DIRECTION('',(-1.08225695885998E-15,0.587785252292472,0.809016994374948));
#6835=DIRECTION('',(-1.37286315439171E-15,0.809016994374948,0.587785252292472));
#6836=DIRECTION('',(-1.52908393907151E-15,0.951056516295154,0.309016994374948));
#6837=DIRECTION('',(-1.53562733404075E-15,1.,-5.68952843544765E-31));
#6838=DIRECTION('',(-1.3918528262093E-15,0.951056516295154,-0.309016994374948));
#6839=DIRECTION('center_axis',(0.707106781186549,-0.415626937777453,-0.572061402817684));
#6840=DIRECTION('ref_axis',(1.11183406613961E-15,-0.809016994374947,0.587785252292474));
#6841=DIRECTION('center_axis',(0.707106781186552,-0.57206140281768,-0.41562693777745));
#6842=DIRECTION('ref_axis',(7.22981241072729E-16,-0.587785252292472,0.809016994374948));
#6843=DIRECTION('center_axis',(0.707106781186551,-0.672498511963954,-0.21850801222441));
#6844=DIRECTION('ref_axis',(2.63357974823143E-16,-0.309016994374947,0.951056516295154));
#6845=DIRECTION('center_axis',(0.707106781186551,-0.707106781186544,1.57009245868384E-16));
#6846=DIRECTION('ref_axis',(-2.22044604925039E-16,1.97215226305244E-31,
1.));
#6847=DIRECTION('center_axis',(0.707106781186551,-0.672498511963954,0.21850801222441));
#6848=DIRECTION('ref_axis',(-6.85711911667426E-16,0.309016994374947,0.951056516295154));
#6849=DIRECTION('center_axis',(0.707106781186551,-0.572061402817681,0.415626937777452));
#6850=DIRECTION('ref_axis',(-1.08225695885999E-15,0.587785252292472,0.809016994374948));
#6851=DIRECTION('center_axis',(0.707106781186551,-0.41562693777745,0.572061402817682));
#6852=DIRECTION('ref_axis',(-1.37286315439171E-15,0.809016994374948,0.587785252292472));
#6853=DIRECTION('center_axis',(0.70710678118655,-0.218508012224409,0.672498511963956));
#6854=DIRECTION('ref_axis',(-1.52908393907151E-15,0.951056516295154,0.309016994374947));
#6855=DIRECTION('center_axis',(0.70710678118655,1.08585250127564E-15,0.707106781186545));
#6856=DIRECTION('ref_axis',(-1.53562733404075E-15,1.,-5.97126447302659E-31));
#6857=DIRECTION('center_axis',(0.707106781186549,0.218508012224411,0.672498511963956));
#6858=DIRECTION('ref_axis',(-1.3918528262093E-15,0.951056516295154,-0.309016994374947));
#6859=DIRECTION('center_axis',(0.707106781186549,0.415626937777452,0.572061402817683));
#6860=DIRECTION('ref_axis',(-1.11183406613961E-15,0.809016994374948,-0.587785252292472));
#6861=DIRECTION('center_axis',(0.70710678118655,0.572061402817683,0.415626937777451));
#6862=DIRECTION('ref_axis',(-7.22981241072729E-16,0.587785252292472,-0.809016994374948));
#6863=DIRECTION('center_axis',(0.707106781186548,0.672498511963957,0.21850801222441));
#6864=DIRECTION('ref_axis',(-2.63357974823143E-16,0.309016994374947,-0.951056516295154));
#6865=DIRECTION('center_axis',(0.707106781186549,0.707106781186546,1.57009245868383E-16));
#6866=DIRECTION('ref_axis',(2.22044604925039E-16,-1.97215226305244E-31,
-1.));
#6867=DIRECTION('center_axis',(0.707106781186549,0.672498511963957,-0.21850801222441));
#6868=DIRECTION('ref_axis',(6.85711911667426E-16,-0.309016994374947,-0.951056516295154));
#6869=DIRECTION('center_axis',(0.707106781186549,0.572061402817684,-0.415626937777451));
#6870=DIRECTION('ref_axis',(1.08225695885999E-15,-0.587785252292472,-0.809016994374948));
#6871=DIRECTION('center_axis',(0.70710678118655,0.415626937777452,-0.572061402817682));
#6872=DIRECTION('ref_axis',(1.37286315439171E-15,-0.809016994374948,-0.587785252292472));
#6873=DIRECTION('center_axis',(0.70710678118655,-0.218508012224409,-0.672498511963955));
#6874=DIRECTION('ref_axis',(1.3918528262093E-15,-0.951056516295154,0.309016994374947));
#6875=DIRECTION('center_axis',(0.707106781186549,0.218508012224411,-0.672498511963956));
#6876=DIRECTION('ref_axis',(1.52908393907151E-15,-0.951056516295154,-0.309016994374947));
#6877=DIRECTION('center_axis',(0.70710678118655,1.08585250127563E-15,-0.707106781186545));
#6878=DIRECTION('ref_axis',(1.53562733404075E-15,-1.,5.97126447302659E-31));
#6879=DIRECTION('center_axis',(-0.70710678118655,-1.08585250127564E-15,
-0.707106781186545));
#6880=DIRECTION('ref_axis',(1.53562733404075E-15,-1.,5.97126447302659E-31));
#6881=DIRECTION('center_axis',(-0.707106781186547,-0.415626937777455,-0.572061402817684));
#6882=DIRECTION('ref_axis',(1.11183406613961E-15,-0.809016994374947,0.587785252292474));
#6883=DIRECTION('center_axis',(-0.70710678118655,-0.572061402817683,-0.415626937777451));
#6884=DIRECTION('ref_axis',(7.22981241072729E-16,-0.587785252292472,0.809016994374948));
#6885=DIRECTION('center_axis',(-0.707106781186548,-0.672498511963957,-0.21850801222441));
#6886=DIRECTION('ref_axis',(2.63357974823143E-16,-0.309016994374947,0.951056516295154));
#6887=DIRECTION('center_axis',(-0.707106781186549,-0.707106781186546,-1.57009245868383E-16));
#6888=DIRECTION('ref_axis',(-2.22044604925039E-16,1.97215226305244E-31,
1.));
#6889=DIRECTION('center_axis',(-0.707106781186549,-0.672498511963957,0.21850801222441));
#6890=DIRECTION('ref_axis',(-6.85711911667426E-16,0.309016994374947,0.951056516295154));
#6891=DIRECTION('center_axis',(-0.707106781186549,-0.572061402817684,0.415626937777451));
#6892=DIRECTION('ref_axis',(-1.08225695885999E-15,0.587785252292472,0.809016994374948));
#6893=DIRECTION('center_axis',(-0.70710678118655,-0.415626937777452,0.572061402817682));
#6894=DIRECTION('ref_axis',(-1.37286315439171E-15,0.809016994374948,0.587785252292472));
#6895=DIRECTION('center_axis',(-0.707106781186549,-0.218508012224411,0.672498511963955));
#6896=DIRECTION('ref_axis',(-1.52908393907151E-15,0.951056516295154,0.309016994374947));
#6897=DIRECTION('center_axis',(-0.70710678118655,-1.08585250127563E-15,
0.707106781186545));
#6898=DIRECTION('ref_axis',(-1.53562733404075E-15,1.,-5.97126447302659E-31));
#6899=DIRECTION('center_axis',(-0.70710678118655,0.218508012224409,0.672498511963955));
#6900=DIRECTION('ref_axis',(-1.3918528262093E-15,0.951056516295154,-0.309016994374947));
#6901=DIRECTION('center_axis',(-0.707106781186551,0.41562693777745,0.572061402817682));
#6902=DIRECTION('ref_axis',(-1.11183406613961E-15,0.809016994374948,-0.587785252292472));
#6903=DIRECTION('center_axis',(-0.707106781186552,0.572061402817681,0.415626937777451));
#6904=DIRECTION('ref_axis',(-7.22981241072729E-16,0.587785252292472,-0.809016994374948));
#6905=DIRECTION('center_axis',(-0.707106781186551,0.672498511963954,0.21850801222441));
#6906=DIRECTION('ref_axis',(-2.63357974823143E-16,0.309016994374947,-0.951056516295154));
#6907=DIRECTION('center_axis',(-0.707106781186551,0.707106781186544,-1.57009245868384E-16));
#6908=DIRECTION('ref_axis',(2.22044604925039E-16,-1.97215226305244E-31,
-1.));
#6909=DIRECTION('center_axis',(-0.707106781186551,0.672498511963954,-0.21850801222441));
#6910=DIRECTION('ref_axis',(6.85711911667426E-16,-0.309016994374947,-0.951056516295154));
#6911=DIRECTION('center_axis',(-0.707106781186551,0.572061402817681,-0.415626937777452));
#6912=DIRECTION('ref_axis',(1.08225695885999E-15,-0.587785252292472,-0.809016994374948));
#6913=DIRECTION('center_axis',(-0.707106781186551,0.41562693777745,-0.572061402817683));
#6914=DIRECTION('ref_axis',(1.37286315439171E-15,-0.809016994374948,-0.587785252292472));
#6915=DIRECTION('center_axis',(-0.707106781186549,-0.218508012224411,-0.672498511963956));
#6916=DIRECTION('ref_axis',(1.3918528262093E-15,-0.951056516295154,0.309016994374947));
#6917=DIRECTION('center_axis',(-0.707106781186549,0.218508012224409,-0.672498511963956));
#6918=DIRECTION('ref_axis',(1.52908393907151E-15,-0.951056516295154,-0.309016994374947));
#6919=CARTESIAN_POINT('',(0.,0.,0.));
#6920=CARTESIAN_POINT('Origin',(-147.048278205584,127.572578550655,-38.2700010736621));
#6921=CARTESIAN_POINT('',(-146.548278205584,127.572578550655,-39.0200010736621));
#6922=CARTESIAN_POINT('Origin',(-146.548278205584,127.572578550655,-38.2700010736621));
#6923=CARTESIAN_POINT('',(-147.048278205584,127.572578550655,-39.0200010736621));
#6924=CARTESIAN_POINT('',(-147.048278205584,127.572578550655,-39.0200010736621));
#6925=CARTESIAN_POINT('Origin',(-147.048278205584,127.572578550655,-38.2700010736621));
#6926=CARTESIAN_POINT('Origin',(-146.548278205584,127.572578550655,-38.2700010736621));
#6927=CARTESIAN_POINT('',(-146.548278205584,127.572578550655,-40.5200010736621));
#6928=CARTESIAN_POINT('Origin',(-146.548278205584,127.572578550655,-38.2700010736621));
#6929=CARTESIAN_POINT('Origin',(-141.509971926523,125.17267963263,-38.6982277360308));
#6930=CARTESIAN_POINT('',(-143.198278205584,125.157238504858,-38.7457837195989));
#6931=CARTESIAN_POINT('',(-143.198278205584,125.123344266793,-38.7063531084973));
#6932=CARTESIAN_POINT('Origin',(-143.198278205584,125.17267963263,-38.6982277360308));
#6933=CARTESIAN_POINT('',(-146.009971926523,125.157238504858,-38.7457837195989));
#6934=CARTESIAN_POINT('',(-141.509971926523,125.157238504858,-38.7457837195989));
#6935=CARTESIAN_POINT('',(-146.009971926523,125.123344266793,-38.7063531084973));
#6936=CARTESIAN_POINT('Origin',(-146.009971926523,125.17267963263,-38.6982277360308));
#6937=CARTESIAN_POINT('',(-141.509971926523,125.123344266793,-38.7063531084973));
#6938=CARTESIAN_POINT('Origin',(-141.509971926523,127.590112558648,-38.3000844851708));
#6939=CARTESIAN_POINT('',(-143.198278205584,125.1185325916,-38.6759733869583));
#6940=CARTESIAN_POINT('Origin',(-143.198278205584,127.590112558648,-38.3000844851708));
#6941=CARTESIAN_POINT('',(-146.009971926523,125.1185325916,-38.6759733869583));
#6942=CARTESIAN_POINT('Origin',(-146.009971926523,127.590112558648,-38.3000844851708));
#6943=CARTESIAN_POINT('',(-141.509971926523,125.1185325916,-38.6759733869583));
#6944=CARTESIAN_POINT('Origin',(-141.509971926523,125.167964190941,-38.6684556089226));
#6945=CARTESIAN_POINT('',(-143.198278205584,125.138583198647,-38.6279987517552));
#6946=CARTESIAN_POINT('Origin',(-143.198278205584,125.167964190941,-38.6684556089226));
#6947=CARTESIAN_POINT('',(-146.009971926523,125.138583198647,-38.6279987517552));
#6948=CARTESIAN_POINT('Origin',(-146.009971926523,125.167964190941,-38.6684556089226));
#6949=CARTESIAN_POINT('',(-141.509971926523,125.138583198647,-38.6279987517552));
#6950=CARTESIAN_POINT('Origin',(-141.509971926523,125.414030252364,-39.4257690752211));
#6951=CARTESIAN_POINT('',(-143.198278205584,125.414040474284,-39.4757690741762));
#6952=CARTESIAN_POINT('',(-143.198278205584,125.369620409378,-39.4487422301202));
#6953=CARTESIAN_POINT('Origin',(-143.198278205584,125.414030252364,-39.4257690752211));
#6954=CARTESIAN_POINT('',(-146.009971926523,125.414040474284,-39.4757690741762));
#6955=CARTESIAN_POINT('',(-141.509971926523,125.414040474284,-39.4757690741762));
#6956=CARTESIAN_POINT('',(-146.009971926523,125.369620409378,-39.4487422301202));
#6957=CARTESIAN_POINT('Origin',(-146.009971926523,125.414030252364,-39.4257690752211));
#6958=CARTESIAN_POINT('',(-141.509971926523,125.369620409378,-39.4487422301202));
#6959=CARTESIAN_POINT('Origin',(-141.509971926523,127.590112558648,-38.3000844851708));
#6960=CARTESIAN_POINT('',(-143.198278205584,125.355656384091,-39.4213362873934));
#6961=CARTESIAN_POINT('Origin',(-143.198278205584,127.590112558648,-38.3000844851708));
#6962=CARTESIAN_POINT('',(-146.009971926523,125.355656384091,-39.4213362873934));
#6963=CARTESIAN_POINT('Origin',(-146.009971926523,127.590112558648,-38.3000844851708));
#6964=CARTESIAN_POINT('',(-141.509971926523,125.355656384091,-39.4213362873934));
#6965=CARTESIAN_POINT('Origin',(-141.509971926523,125.400345507583,-39.3989112513489));
#6966=CARTESIAN_POINT('',(-143.198278205584,125.359900667003,-39.3695137196414));
#6967=CARTESIAN_POINT('Origin',(-143.198278205584,125.400345507583,-39.3989112513489));
#6968=CARTESIAN_POINT('',(-146.009971926523,125.359900667003,-39.3695137196414));
#6969=CARTESIAN_POINT('Origin',(-146.009971926523,125.400345507583,-39.3989112513489));
#6970=CARTESIAN_POINT('',(-141.509971926523,125.359900667003,-39.3695137196414));
#6971=CARTESIAN_POINT('Origin',(-141.509971926523,125.868390969893,-40.0431205636316));
#6972=CARTESIAN_POINT('',(-143.198278205584,125.883851540913,-40.0906702297057));
#6973=CARTESIAN_POINT('',(-143.198278205584,125.833253794612,-40.0786927284982));
#6974=CARTESIAN_POINT('Origin',(-143.198278205584,125.868390969893,-40.0431205636316));
#6975=CARTESIAN_POINT('',(-146.009971926523,125.883851540913,-40.0906702297057));
#6976=CARTESIAN_POINT('',(-141.509971926523,125.883851540913,-40.0906702297057));
#6977=CARTESIAN_POINT('',(-146.009971926523,125.833253794612,-40.0786927284982));
#6978=CARTESIAN_POINT('Origin',(-146.009971926523,125.868390969893,-40.0431205636316));
#6979=CARTESIAN_POINT('',(-141.509971926523,125.833253794612,-40.0786927284982));
#6980=CARTESIAN_POINT('Origin',(-141.509971926523,127.590112558648,-38.3000844851708));
#6981=CARTESIAN_POINT('',(-143.198278205584,125.81150431532,-40.0569432492062));
#6982=CARTESIAN_POINT('Origin',(-143.198278205584,127.590112558648,-38.3000844851708));
#6983=CARTESIAN_POINT('',(-146.009971926523,125.81150431532,-40.0569432492062));
#6984=CARTESIAN_POINT('Origin',(-146.009971926523,127.590112558648,-38.3000844851708));
#6985=CARTESIAN_POINT('',(-141.509971926523,125.81150431532,-40.0569432492062));
#6986=CARTESIAN_POINT('Origin',(-141.509971926523,125.847076480187,-40.0218060739256));
#6987=CARTESIAN_POINT('',(-143.198278205584,125.799526814113,-40.0063455029059));
#6988=CARTESIAN_POINT('Origin',(-143.198278205584,125.847076480187,-40.0218060739256));
#6989=CARTESIAN_POINT('',(-146.009971926523,125.799526814113,-40.0063455029059));
#6990=CARTESIAN_POINT('Origin',(-146.009971926523,125.847076480187,-40.0218060739256));
#6991=CARTESIAN_POINT('',(-141.509971926523,125.799526814113,-40.0063455029059));
#6992=CARTESIAN_POINT('Origin',(-141.509971926523,126.49128579247,-40.4898515362359));
#6993=CARTESIAN_POINT('',(-143.198278205584,126.520683324177,-40.5302963768154));
#6994=CARTESIAN_POINT('',(-143.198278205584,126.468860756425,-40.5345406597271));
#6995=CARTESIAN_POINT('Origin',(-143.198278205584,126.49128579247,-40.4898515362359));
#6996=CARTESIAN_POINT('',(-146.009971926523,126.520683324177,-40.5302963768154));
#6997=CARTESIAN_POINT('',(-141.509971926523,126.520683324177,-40.5302963768154));
#6998=CARTESIAN_POINT('',(-146.009971926523,126.468860756425,-40.5345406597271));
#6999=CARTESIAN_POINT('Origin',(-146.009971926523,126.49128579247,-40.4898515362359));
#7000=CARTESIAN_POINT('',(-141.509971926523,126.468860756425,-40.5345406597271));
#7001=CARTESIAN_POINT('Origin',(-141.509971926523,127.590112558648,-38.3000844851708));
#7002=CARTESIAN_POINT('',(-143.198278205584,126.441454813698,-40.5205766344405));
#7003=CARTESIAN_POINT('Origin',(-143.198278205584,127.590112558648,-38.3000844851708));
#7004=CARTESIAN_POINT('',(-146.009971926523,126.441454813698,-40.5205766344405));
#7005=CARTESIAN_POINT('Origin',(-146.009971926523,127.590112558648,-38.3000844851708));
#7006=CARTESIAN_POINT('',(-141.509971926523,126.441454813698,-40.5205766344405));
#7007=CARTESIAN_POINT('Origin',(-141.509971926523,126.464427968597,-40.4761667914551));
#7008=CARTESIAN_POINT('',(-143.198278205584,126.414427969642,-40.4761565695349));
#7009=CARTESIAN_POINT('Origin',(-143.198278205584,126.464427968597,-40.4761667914551));
#7010=CARTESIAN_POINT('',(-146.009971926523,126.414427969642,-40.4761565695349));
#7011=CARTESIAN_POINT('Origin',(-146.009971926523,126.464427968597,-40.4761667914551));
#7012=CARTESIAN_POINT('',(-141.509971926523,126.414427969642,-40.4761565695349));
#7013=CARTESIAN_POINT('Origin',(-141.509971926523,127.221741434896,-40.7222328528778));
#7014=CARTESIAN_POINT('',(-143.198278205584,127.262198292063,-40.7516138451711));
#7015=CARTESIAN_POINT('',(-143.198278205584,127.21422365686,-40.7716644522189));
#7016=CARTESIAN_POINT('Origin',(-143.198278205584,127.221741434896,-40.7222328528778));
#7017=CARTESIAN_POINT('',(-146.009971926523,127.262198292063,-40.7516138451711));
#7018=CARTESIAN_POINT('',(-141.509971926523,127.262198292063,-40.7516138451711));
#7019=CARTESIAN_POINT('',(-146.009971926523,127.21422365686,-40.7716644522189));
#7020=CARTESIAN_POINT('Origin',(-146.009971926523,127.221741434896,-40.7222328528778));
#7021=CARTESIAN_POINT('',(-141.509971926523,127.21422365686,-40.7716644522189));
#7022=CARTESIAN_POINT('Origin',(-141.509971926523,127.590112558648,-38.3000844851708));
#7023=CARTESIAN_POINT('',(-143.198278205584,127.183843935321,-40.7668527770257));
#7024=CARTESIAN_POINT('Origin',(-143.198278205584,127.590112558648,-38.3000844851708));
#7025=CARTESIAN_POINT('',(-146.009971926523,127.183843935321,-40.7668527770257));
#7026=CARTESIAN_POINT('Origin',(-146.009971926523,127.590112558648,-38.3000844851708));
#7027=CARTESIAN_POINT('',(-141.509971926523,127.183843935321,-40.7668527770257));
#7028=CARTESIAN_POINT('Origin',(-141.509971926523,127.191969307788,-40.7175174111886));
#7029=CARTESIAN_POINT('',(-143.198278205584,127.14441332422,-40.7329585389606));
#7030=CARTESIAN_POINT('Origin',(-143.198278205584,127.191969307788,-40.7175174111886));
#7031=CARTESIAN_POINT('',(-146.009971926523,127.14441332422,-40.7329585389606));
#7032=CARTESIAN_POINT('Origin',(-146.009971926523,127.191969307788,-40.7175174111886));
#7033=CARTESIAN_POINT('',(-141.509971926523,127.14441332422,-40.7329585389606));
#7034=CARTESIAN_POINT('Origin',(-141.509971926523,127.988255809508,-40.7175174111886));
#7035=CARTESIAN_POINT('',(-143.198278205584,128.035811793076,-40.7329585389606));
#7036=CARTESIAN_POINT('',(-143.198278205584,127.996381181974,-40.7668527770257));
#7037=CARTESIAN_POINT('Origin',(-143.198278205584,127.988255809508,-40.7175174111886));
#7038=CARTESIAN_POINT('',(-146.009971926523,128.035811793076,-40.7329585389606));
#7039=CARTESIAN_POINT('',(-141.509971926523,128.035811793076,-40.7329585389606));
#7040=CARTESIAN_POINT('',(-146.009971926523,127.996381181974,-40.7668527770257));
#7041=CARTESIAN_POINT('Origin',(-146.009971926523,127.988255809508,-40.7175174111886));
#7042=CARTESIAN_POINT('',(-141.509971926523,127.996381181974,-40.7668527770257));
#7043=CARTESIAN_POINT('Origin',(-141.509971926523,127.590112558648,-38.3000844851708));
#7044=CARTESIAN_POINT('',(-143.198278205584,127.966001460435,-40.7716644522189));
#7045=CARTESIAN_POINT('Origin',(-143.198278205584,127.590112558648,-38.3000844851708));
#7046=CARTESIAN_POINT('',(-146.009971926523,127.966001460435,-40.7716644522189));
#7047=CARTESIAN_POINT('Origin',(-146.009971926523,127.590112558648,-38.3000844851708));
#7048=CARTESIAN_POINT('',(-141.509971926523,127.966001460435,-40.7716644522189));
#7049=CARTESIAN_POINT('Origin',(-141.509971926523,127.9584836824,-40.7222328528778));
#7050=CARTESIAN_POINT('',(-143.198278205584,127.918026825232,-40.7516138451711));
#7051=CARTESIAN_POINT('Origin',(-143.198278205584,127.9584836824,-40.7222328528778));
#7052=CARTESIAN_POINT('',(-146.009971926523,127.918026825232,-40.7516138451711));
#7053=CARTESIAN_POINT('Origin',(-146.009971926523,127.9584836824,-40.7222328528778));
#7054=CARTESIAN_POINT('',(-141.509971926523,127.918026825232,-40.7516138451711));
#7055=CARTESIAN_POINT('Origin',(-141.509971926523,128.715797148698,-40.4761667914551));
#7056=CARTESIAN_POINT('',(-143.198278205584,128.765797147653,-40.4761565695349));
#7057=CARTESIAN_POINT('',(-143.198278205584,128.738770303597,-40.5205766344405));
#7058=CARTESIAN_POINT('Origin',(-143.198278205584,128.715797148698,-40.4761667914551));
#7059=CARTESIAN_POINT('',(-146.009971926523,128.765797147653,-40.4761565695349));
#7060=CARTESIAN_POINT('',(-141.509971926523,128.765797147653,-40.4761565695349));
#7061=CARTESIAN_POINT('',(-146.009971926523,128.738770303597,-40.5205766344405));
#7062=CARTESIAN_POINT('Origin',(-146.009971926523,128.715797148698,-40.4761667914551));
#7063=CARTESIAN_POINT('',(-141.509971926523,128.738770303597,-40.5205766344405));
#7064=CARTESIAN_POINT('Origin',(-141.509971926523,127.590112558648,-38.3000844851708));
#7065=CARTESIAN_POINT('',(-143.198278205584,128.71136436087,-40.5345406597271));
#7066=CARTESIAN_POINT('Origin',(-143.198278205584,127.590112558648,-38.3000844851708));
#7067=CARTESIAN_POINT('',(-146.009971926523,128.71136436087,-40.5345406597271));
#7068=CARTESIAN_POINT('Origin',(-146.009971926523,127.590112558648,-38.3000844851708));
#7069=CARTESIAN_POINT('',(-141.509971926523,128.71136436087,-40.5345406597271));
#7070=CARTESIAN_POINT('Origin',(-141.509971926523,128.688939324826,-40.4898515362359));
#7071=CARTESIAN_POINT('',(-143.198278205584,128.659541793118,-40.5302963768154));
#7072=CARTESIAN_POINT('Origin',(-143.198278205584,128.688939324826,-40.4898515362359));
#7073=CARTESIAN_POINT('',(-146.009971926523,128.659541793118,-40.5302963768154));
#7074=CARTESIAN_POINT('Origin',(-146.009971926523,128.688939324826,-40.4898515362359));
#7075=CARTESIAN_POINT('',(-141.509971926523,128.659541793118,-40.5302963768154));
#7076=CARTESIAN_POINT('Origin',(-141.509971926523,129.333148637109,-40.0218060739256));
#7077=CARTESIAN_POINT('',(-143.198278205584,129.380698303183,-40.0063455029059));
#7078=CARTESIAN_POINT('',(-143.198278205584,129.368720801975,-40.0569432492062));
#7079=CARTESIAN_POINT('Origin',(-143.198278205584,129.333148637109,-40.0218060739256));
#7080=CARTESIAN_POINT('',(-146.009971926523,129.380698303183,-40.0063455029059));
#7081=CARTESIAN_POINT('',(-141.509971926523,129.380698303183,-40.0063455029059));
#7082=CARTESIAN_POINT('',(-146.009971926523,129.368720801975,-40.0569432492062));
#7083=CARTESIAN_POINT('Origin',(-146.009971926523,129.333148637109,-40.0218060739256));
#7084=CARTESIAN_POINT('',(-141.509971926523,129.368720801975,-40.0569432492062));
#7085=CARTESIAN_POINT('Origin',(-141.509971926523,127.590112558648,-38.3000844851708));
#7086=CARTESIAN_POINT('',(-143.198278205584,129.346971322683,-40.0786927284982));
#7087=CARTESIAN_POINT('Origin',(-143.198278205584,127.590112558648,-38.3000844851708));
#7088=CARTESIAN_POINT('',(-146.009971926523,129.346971322683,-40.0786927284982));
#7089=CARTESIAN_POINT('Origin',(-146.009971926523,127.590112558648,-38.3000844851708));
#7090=CARTESIAN_POINT('',(-141.509971926523,129.346971322683,-40.0786927284982));
#7091=CARTESIAN_POINT('Origin',(-141.509971926523,129.311834147402,-40.0431205636316));
#7092=CARTESIAN_POINT('',(-143.198278205584,129.296373576383,-40.0906702297057));
#7093=CARTESIAN_POINT('Origin',(-143.198278205584,129.311834147402,-40.0431205636316));
#7094=CARTESIAN_POINT('',(-146.009971926523,129.296373576383,-40.0906702297057));
#7095=CARTESIAN_POINT('Origin',(-146.009971926523,129.311834147402,-40.0431205636316));
#7096=CARTESIAN_POINT('',(-141.509971926523,129.296373576383,-40.0906702297057));
#7097=CARTESIAN_POINT('Origin',(-141.509971926523,129.779879609713,-39.3989112513489));
#7098=CARTESIAN_POINT('',(-143.198278205584,129.820324450292,-39.3695137196414));
#7099=CARTESIAN_POINT('',(-143.198278205584,129.824568733204,-39.4213362873934));
#7100=CARTESIAN_POINT('Origin',(-143.198278205584,129.779879609713,-39.3989112513489));
#7101=CARTESIAN_POINT('',(-146.009971926523,129.820324450292,-39.3695137196414));
#7102=CARTESIAN_POINT('',(-141.509971926523,129.820324450292,-39.3695137196414));
#7103=CARTESIAN_POINT('',(-146.009971926523,129.824568733204,-39.4213362873934));
#7104=CARTESIAN_POINT('Origin',(-146.009971926523,129.779879609713,-39.3989112513489));
#7105=CARTESIAN_POINT('',(-141.509971926523,129.824568733204,-39.4213362873934));
#7106=CARTESIAN_POINT('Origin',(-141.509971926523,127.590112558648,-38.3000844851708));
#7107=CARTESIAN_POINT('',(-143.198278205584,129.810604707917,-39.4487422301202));
#7108=CARTESIAN_POINT('Origin',(-143.198278205584,127.590112558648,-38.3000844851708));
#7109=CARTESIAN_POINT('',(-146.009971926523,129.810604707917,-39.4487422301202));
#7110=CARTESIAN_POINT('Origin',(-146.009971926523,127.590112558648,-38.3000844851708));
#7111=CARTESIAN_POINT('',(-141.509971926523,129.810604707917,-39.4487422301202));
#7112=CARTESIAN_POINT('Origin',(-141.509971926523,129.766194864932,-39.4257690752211));
#7113=CARTESIAN_POINT('',(-143.198278205584,129.766184643012,-39.4757690741762));
#7114=CARTESIAN_POINT('Origin',(-143.198278205584,129.766194864932,-39.4257690752211));
#7115=CARTESIAN_POINT('',(-146.009971926523,129.766184643012,-39.4757690741762));
#7116=CARTESIAN_POINT('Origin',(-146.009971926523,129.766194864932,-39.4257690752211));
#7117=CARTESIAN_POINT('',(-141.509971926523,129.766184643012,-39.4757690741762));
#7118=CARTESIAN_POINT('Origin',(-141.509971926523,130.012260926355,-38.6684556089226));
#7119=CARTESIAN_POINT('',(-143.198278205584,130.041641918648,-38.6279987517552));
#7120=CARTESIAN_POINT('',(-143.198278205584,130.061692525696,-38.6759733869583));
#7121=CARTESIAN_POINT('Origin',(-143.198278205584,130.012260926355,-38.6684556089226));
#7122=CARTESIAN_POINT('',(-146.009971926523,130.041641918648,-38.6279987517552));
#7123=CARTESIAN_POINT('',(-141.509971926523,130.041641918648,-38.6279987517552));
#7124=CARTESIAN_POINT('',(-146.009971926523,130.061692525696,-38.6759733869583));
#7125=CARTESIAN_POINT('Origin',(-146.009971926523,130.012260926355,-38.6684556089226));
#7126=CARTESIAN_POINT('',(-141.509971926523,130.061692525696,-38.6759733869583));
#7127=CARTESIAN_POINT('Origin',(-141.509971926523,127.590112558648,-38.3000844851708));
#7128=CARTESIAN_POINT('',(-143.198278205584,130.056880850503,-38.7063531084973));
#7129=CARTESIAN_POINT('Origin',(-143.198278205584,127.590112558648,-38.3000844851708));
#7130=CARTESIAN_POINT('',(-146.009971926523,130.056880850503,-38.7063531084973));
#7131=CARTESIAN_POINT('Origin',(-146.009971926523,127.590112558648,-38.3000844851708));
#7132=CARTESIAN_POINT('',(-141.509971926523,130.056880850503,-38.7063531084973));
#7133=CARTESIAN_POINT('Origin',(-141.509971926523,130.007545484665,-38.6982277360308));
#7134=CARTESIAN_POINT('',(-143.198278205584,130.022986612438,-38.7457837195989));
#7135=CARTESIAN_POINT('Origin',(-143.198278205584,130.007545484665,-38.6982277360308));
#7136=CARTESIAN_POINT('',(-146.009971926523,130.022986612438,-38.7457837195989));
#7137=CARTESIAN_POINT('Origin',(-146.009971926523,130.007545484665,-38.6982277360308));
#7138=CARTESIAN_POINT('',(-141.509971926523,130.022986612438,-38.7457837195989));
#7139=CARTESIAN_POINT('Origin',(-141.509971926523,130.007545484665,-37.9019412343109));
#7140=CARTESIAN_POINT('',(-143.198278205584,130.022986612438,-37.8543852507428));
#7141=CARTESIAN_POINT('',(-143.198278205584,130.056880850503,-37.8938158618444));
#7142=CARTESIAN_POINT('Origin',(-143.198278205584,130.007545484665,-37.9019412343109));
#7143=CARTESIAN_POINT('',(-146.009971926523,130.022986612438,-37.8543852507428));
#7144=CARTESIAN_POINT('',(-141.509971926523,130.022986612438,-37.8543852507428));
#7145=CARTESIAN_POINT('',(-146.009971926523,130.056880850503,-37.8938158618444));
#7146=CARTESIAN_POINT('Origin',(-146.009971926523,130.007545484665,-37.9019412343109));
#7147=CARTESIAN_POINT('',(-141.509971926523,130.056880850503,-37.8938158618444));
#7148=CARTESIAN_POINT('Origin',(-141.509971926523,127.590112558648,-38.3000844851708));
#7149=CARTESIAN_POINT('',(-143.198278205584,130.061692525696,-37.9241955833833));
#7150=CARTESIAN_POINT('Origin',(-143.198278205584,127.590112558648,-38.3000844851708));
#7151=CARTESIAN_POINT('',(-146.009971926523,130.061692525696,-37.9241955833833));
#7152=CARTESIAN_POINT('Origin',(-146.009971926523,127.590112558648,-38.3000844851708));
#7153=CARTESIAN_POINT('',(-141.509971926523,130.061692525696,-37.9241955833833));
#7154=CARTESIAN_POINT('Origin',(-141.509971926523,130.012260926355,-37.931713361419));
#7155=CARTESIAN_POINT('',(-143.198278205584,130.041641918648,-37.9721702185864));
#7156=CARTESIAN_POINT('Origin',(-143.198278205584,130.012260926355,-37.931713361419));
#7157=CARTESIAN_POINT('',(-146.009971926523,130.041641918648,-37.9721702185864));
#7158=CARTESIAN_POINT('Origin',(-146.009971926523,130.012260926355,-37.931713361419));
#7159=CARTESIAN_POINT('',(-141.509971926523,130.041641918648,-37.9721702185864));
#7160=CARTESIAN_POINT('Origin',(-141.509971926523,129.766194864932,-37.1743998951205));
#7161=CARTESIAN_POINT('',(-143.198278205584,129.766184643012,-37.1243998961654));
#7162=CARTESIAN_POINT('',(-143.198278205584,129.810604707917,-37.1514267402215));
#7163=CARTESIAN_POINT('Origin',(-143.198278205584,129.766194864932,-37.1743998951205));
#7164=CARTESIAN_POINT('',(-146.009971926523,129.766184643012,-37.1243998961654));
#7165=CARTESIAN_POINT('',(-141.509971926523,129.766184643012,-37.1243998961654));
#7166=CARTESIAN_POINT('',(-146.009971926523,129.810604707917,-37.1514267402215));
#7167=CARTESIAN_POINT('Origin',(-146.009971926523,129.766194864932,-37.1743998951205));
#7168=CARTESIAN_POINT('',(-141.509971926523,129.810604707917,-37.1514267402215));
#7169=CARTESIAN_POINT('Origin',(-141.509971926523,127.590112558648,-38.3000844851708));
#7170=CARTESIAN_POINT('',(-143.198278205584,129.824568733204,-37.1788326829482));
#7171=CARTESIAN_POINT('Origin',(-143.198278205584,127.590112558648,-38.3000844851708));
#7172=CARTESIAN_POINT('',(-146.009971926523,129.824568733204,-37.1788326829482));
#7173=CARTESIAN_POINT('Origin',(-146.009971926523,127.590112558648,-38.3000844851708));
#7174=CARTESIAN_POINT('',(-141.509971926523,129.824568733204,-37.1788326829482));
#7175=CARTESIAN_POINT('Origin',(-141.509971926523,129.779879609713,-37.2012577189927));
#7176=CARTESIAN_POINT('',(-143.198278205584,129.820324450292,-37.2306552507003));
#7177=CARTESIAN_POINT('Origin',(-143.198278205584,129.779879609713,-37.2012577189927));
#7178=CARTESIAN_POINT('',(-146.009971926523,129.820324450292,-37.2306552507003));
#7179=CARTESIAN_POINT('Origin',(-146.009971926523,129.779879609713,-37.2012577189927));
#7180=CARTESIAN_POINT('',(-141.509971926523,129.820324450292,-37.2306552507003));
#7181=CARTESIAN_POINT('Origin',(-141.509971926523,129.311834147402,-36.55704840671));
#7182=CARTESIAN_POINT('',(-143.198278205584,129.296373576383,-36.5094987406361));
#7183=CARTESIAN_POINT('',(-143.198278205584,129.346971322683,-36.5214762418435));
#7184=CARTESIAN_POINT('Origin',(-143.198278205584,129.311834147402,-36.55704840671));
#7185=CARTESIAN_POINT('',(-146.009971926523,129.296373576383,-36.5094987406361));
#7186=CARTESIAN_POINT('',(-141.509971926523,129.296373576383,-36.5094987406361));
#7187=CARTESIAN_POINT('',(-146.009971926523,129.346971322683,-36.5214762418435));
#7188=CARTESIAN_POINT('Origin',(-146.009971926523,129.311834147402,-36.55704840671));
#7189=CARTESIAN_POINT('',(-141.509971926523,129.346971322683,-36.5214762418435));
#7190=CARTESIAN_POINT('Origin',(-141.509971926523,127.590112558648,-38.3000844851708));
#7191=CARTESIAN_POINT('',(-143.198278205584,129.368720801975,-36.5432257211354));
#7192=CARTESIAN_POINT('Origin',(-143.198278205584,127.590112558648,-38.3000844851708));
#7193=CARTESIAN_POINT('',(-146.009971926523,129.368720801975,-36.5432257211354));
#7194=CARTESIAN_POINT('Origin',(-146.009971926523,127.590112558648,-38.3000844851708));
#7195=CARTESIAN_POINT('',(-141.509971926523,129.368720801975,-36.5432257211354));
#7196=CARTESIAN_POINT('Origin',(-141.509971926523,129.333148637109,-36.5783628964161));
#7197=CARTESIAN_POINT('',(-143.198278205584,129.380698303183,-36.5938234674359));
#7198=CARTESIAN_POINT('Origin',(-143.198278205584,129.333148637109,-36.5783628964161));
#7199=CARTESIAN_POINT('',(-146.009971926523,129.380698303183,-36.5938234674359));
#7200=CARTESIAN_POINT('Origin',(-146.009971926523,129.333148637109,-36.5783628964161));
#7201=CARTESIAN_POINT('',(-141.509971926523,129.380698303183,-36.5938234674359));
#7202=CARTESIAN_POINT('Origin',(-141.509971926523,128.688939324826,-36.1103174341057));
#7203=CARTESIAN_POINT('',(-143.198278205584,128.659541793118,-36.0698725935262));
#7204=CARTESIAN_POINT('',(-143.198278205584,128.71136436087,-36.0656283106145));
#7205=CARTESIAN_POINT('Origin',(-143.198278205584,128.688939324826,-36.1103174341057));
#7206=CARTESIAN_POINT('',(-146.009971926523,128.659541793118,-36.0698725935262));
#7207=CARTESIAN_POINT('',(-141.509971926523,128.659541793118,-36.0698725935262));
#7208=CARTESIAN_POINT('',(-146.009971926523,128.71136436087,-36.0656283106145));
#7209=CARTESIAN_POINT('Origin',(-146.009971926523,128.688939324826,-36.1103174341057));
#7210=CARTESIAN_POINT('',(-141.509971926523,128.71136436087,-36.0656283106145));
#7211=CARTESIAN_POINT('Origin',(-141.509971926523,127.590112558648,-38.3000844851708));
#7212=CARTESIAN_POINT('',(-143.198278205584,128.738770303597,-36.0795923359012));
#7213=CARTESIAN_POINT('Origin',(-143.198278205584,127.590112558648,-38.3000844851708));
#7214=CARTESIAN_POINT('',(-146.009971926523,128.738770303597,-36.0795923359012));
#7215=CARTESIAN_POINT('Origin',(-146.009971926523,127.590112558648,-38.3000844851708));
#7216=CARTESIAN_POINT('',(-141.509971926523,128.738770303597,-36.0795923359012));
#7217=CARTESIAN_POINT('Origin',(-141.509971926523,128.715797148698,-36.1240021788866));
#7218=CARTESIAN_POINT('',(-143.198278205584,128.765797147653,-36.1240124008069));
#7219=CARTESIAN_POINT('Origin',(-143.198278205584,128.715797148698,-36.1240021788866));
#7220=CARTESIAN_POINT('',(-146.009971926523,128.765797147653,-36.1240124008069));
#7221=CARTESIAN_POINT('Origin',(-146.009971926523,128.715797148698,-36.1240021788866));
#7222=CARTESIAN_POINT('',(-141.509971926523,128.765797147653,-36.1240124008069));
#7223=CARTESIAN_POINT('Origin',(-141.509971926523,127.9584836824,-35.8779361174639));
#7224=CARTESIAN_POINT('',(-143.198278205584,127.918026825232,-35.8485551251705));
#7225=CARTESIAN_POINT('',(-143.198278205584,127.966001460435,-35.8285045181228));
#7226=CARTESIAN_POINT('Origin',(-143.198278205584,127.9584836824,-35.8779361174639));
#7227=CARTESIAN_POINT('',(-146.009971926523,127.918026825232,-35.8485551251705));
#7228=CARTESIAN_POINT('',(-141.509971926523,127.918026825232,-35.8485551251705));
#7229=CARTESIAN_POINT('',(-146.009971926523,127.966001460435,-35.8285045181228));
#7230=CARTESIAN_POINT('Origin',(-146.009971926523,127.9584836824,-35.8779361174639));
#7231=CARTESIAN_POINT('',(-141.509971926523,127.966001460435,-35.8285045181228));
#7232=CARTESIAN_POINT('Origin',(-141.509971926523,127.590112558648,-38.3000844851708));
#7233=CARTESIAN_POINT('',(-143.198278205584,127.996381181974,-35.833316193316));
#7234=CARTESIAN_POINT('Origin',(-143.198278205584,127.590112558648,-38.3000844851708));
#7235=CARTESIAN_POINT('',(-146.009971926523,127.996381181974,-35.833316193316));
#7236=CARTESIAN_POINT('Origin',(-146.009971926523,127.590112558648,-38.3000844851708));
#7237=CARTESIAN_POINT('',(-141.509971926523,127.996381181974,-35.833316193316));
#7238=CARTESIAN_POINT('Origin',(-141.509971926523,127.988255809508,-35.8826515591532));
#7239=CARTESIAN_POINT('',(-143.198278205584,128.035811793076,-35.8672104313811));
#7240=CARTESIAN_POINT('Origin',(-143.198278205584,127.988255809508,-35.8826515591532));
#7241=CARTESIAN_POINT('',(-146.009971926523,128.035811793076,-35.8672104313811));
#7242=CARTESIAN_POINT('Origin',(-146.009971926523,127.988255809508,-35.8826515591532));
#7243=CARTESIAN_POINT('',(-141.509971926523,128.035811793076,-35.8672104313811));
#7244=CARTESIAN_POINT('Origin',(-141.509971926523,127.191969307788,-35.8826515591532));
#7245=CARTESIAN_POINT('',(-143.198278205584,127.14441332422,-35.8672104313811));
#7246=CARTESIAN_POINT('',(-143.198278205584,127.183843935321,-35.833316193316));
#7247=CARTESIAN_POINT('Origin',(-143.198278205584,127.191969307788,-35.8826515591532));
#7248=CARTESIAN_POINT('',(-146.009971926523,127.14441332422,-35.8672104313811));
#7249=CARTESIAN_POINT('',(-141.509971926523,127.14441332422,-35.8672104313811));
#7250=CARTESIAN_POINT('',(-146.009971926523,127.183843935321,-35.833316193316));
#7251=CARTESIAN_POINT('Origin',(-146.009971926523,127.191969307788,-35.8826515591532));
#7252=CARTESIAN_POINT('',(-141.509971926523,127.183843935321,-35.833316193316));
#7253=CARTESIAN_POINT('Origin',(-141.509971926523,127.590112558648,-38.3000844851708));
#7254=CARTESIAN_POINT('',(-143.198278205584,127.21422365686,-35.8285045181228));
#7255=CARTESIAN_POINT('Origin',(-143.198278205584,127.590112558648,-38.3000844851708));
#7256=CARTESIAN_POINT('',(-146.009971926523,127.21422365686,-35.8285045181228));
#7257=CARTESIAN_POINT('Origin',(-146.009971926523,127.590112558648,-38.3000844851708));
#7258=CARTESIAN_POINT('',(-141.509971926523,127.21422365686,-35.8285045181228));
#7259=CARTESIAN_POINT('Origin',(-141.509971926523,127.221741434896,-35.8779361174639));
#7260=CARTESIAN_POINT('',(-143.198278205584,127.262198292063,-35.8485551251705));
#7261=CARTESIAN_POINT('Origin',(-143.198278205584,127.221741434896,-35.8779361174639));
#7262=CARTESIAN_POINT('',(-146.009971926523,127.262198292063,-35.8485551251705));
#7263=CARTESIAN_POINT('Origin',(-146.009971926523,127.221741434896,-35.8779361174639));
#7264=CARTESIAN_POINT('',(-141.509971926523,127.262198292063,-35.8485551251705));
#7265=CARTESIAN_POINT('Origin',(-141.509971926523,126.464427968597,-36.1240021788866));
#7266=CARTESIAN_POINT('',(-143.198278205584,126.414427969642,-36.1240124008069));
#7267=CARTESIAN_POINT('',(-143.198278205584,126.441454813698,-36.0795923359012));
#7268=CARTESIAN_POINT('Origin',(-143.198278205584,126.464427968597,-36.1240021788866));
#7269=CARTESIAN_POINT('',(-146.009971926523,126.414427969642,-36.1240124008069));
#7270=CARTESIAN_POINT('',(-141.509971926523,126.414427969642,-36.1240124008069));
#7271=CARTESIAN_POINT('',(-146.009971926523,126.441454813698,-36.0795923359012));
#7272=CARTESIAN_POINT('Origin',(-146.009971926523,126.464427968597,-36.1240021788866));
#7273=CARTESIAN_POINT('',(-141.509971926523,126.441454813698,-36.0795923359012));
#7274=CARTESIAN_POINT('Origin',(-141.509971926523,127.590112558648,-38.3000844851708));
#7275=CARTESIAN_POINT('',(-143.198278205584,126.468860756425,-36.0656283106145));
#7276=CARTESIAN_POINT('Origin',(-143.198278205584,127.590112558648,-38.3000844851708));
#7277=CARTESIAN_POINT('',(-146.009971926523,126.468860756425,-36.0656283106145));
#7278=CARTESIAN_POINT('Origin',(-146.009971926523,127.590112558648,-38.3000844851708));
#7279=CARTESIAN_POINT('',(-141.509971926523,126.468860756425,-36.0656283106145));
#7280=CARTESIAN_POINT('Origin',(-141.509971926523,126.49128579247,-36.1103174341057));
#7281=CARTESIAN_POINT('',(-143.198278205584,126.520683324177,-36.0698725935262));
#7282=CARTESIAN_POINT('Origin',(-143.198278205584,126.49128579247,-36.1103174341057));
#7283=CARTESIAN_POINT('',(-146.009971926523,126.520683324177,-36.0698725935262));
#7284=CARTESIAN_POINT('Origin',(-146.009971926523,126.49128579247,-36.1103174341057));
#7285=CARTESIAN_POINT('',(-141.509971926523,126.520683324177,-36.0698725935262));
#7286=CARTESIAN_POINT('Origin',(-141.509971926523,125.847076480187,-36.5783628964161));
#7287=CARTESIAN_POINT('',(-143.198278205584,125.799526814113,-36.5938234674359));
#7288=CARTESIAN_POINT('',(-143.198278205584,125.81150431532,-36.5432257211354));
#7289=CARTESIAN_POINT('Origin',(-143.198278205584,125.847076480187,-36.5783628964161));
#7290=CARTESIAN_POINT('',(-146.009971926523,125.799526814113,-36.5938234674359));
#7291=CARTESIAN_POINT('',(-141.509971926523,125.799526814113,-36.5938234674359));
#7292=CARTESIAN_POINT('',(-146.009971926523,125.81150431532,-36.5432257211354));
#7293=CARTESIAN_POINT('Origin',(-146.009971926523,125.847076480187,-36.5783628964161));
#7294=CARTESIAN_POINT('',(-141.509971926523,125.81150431532,-36.5432257211354));
#7295=CARTESIAN_POINT('Origin',(-141.509971926523,127.590112558648,-38.3000844851708));
#7296=CARTESIAN_POINT('',(-143.198278205584,125.833253794612,-36.5214762418435));
#7297=CARTESIAN_POINT('Origin',(-143.198278205584,127.590112558648,-38.3000844851708));
#7298=CARTESIAN_POINT('',(-146.009971926523,125.833253794612,-36.5214762418435));
#7299=CARTESIAN_POINT('Origin',(-146.009971926523,127.590112558648,-38.3000844851708));
#7300=CARTESIAN_POINT('',(-141.509971926523,125.833253794612,-36.5214762418435));
#7301=CARTESIAN_POINT('Origin',(-141.509971926523,125.868390969893,-36.55704840671));
#7302=CARTESIAN_POINT('',(-143.198278205584,125.883851540913,-36.5094987406361));
#7303=CARTESIAN_POINT('Origin',(-143.198278205584,125.868390969893,-36.55704840671));
#7304=CARTESIAN_POINT('',(-146.009971926523,125.883851540913,-36.5094987406361));
#7305=CARTESIAN_POINT('Origin',(-146.009971926523,125.868390969893,-36.55704840671));
#7306=CARTESIAN_POINT('',(-141.509971926523,125.883851540913,-36.5094987406361));
#7307=CARTESIAN_POINT('Origin',(-141.509971926523,125.400345507583,-37.2012577189927));
#7308=CARTESIAN_POINT('',(-143.198278205584,125.359900667003,-37.2306552507004));
#7309=CARTESIAN_POINT('',(-143.198278205584,125.355656384091,-37.1788326829482));
#7310=CARTESIAN_POINT('Origin',(-143.198278205584,125.400345507583,-37.2012577189927));
#7311=CARTESIAN_POINT('',(-146.009971926523,125.359900667003,-37.2306552507004));
#7312=CARTESIAN_POINT('',(-141.509971926523,125.359900667003,-37.2306552507004));
#7313=CARTESIAN_POINT('',(-146.009971926523,125.355656384091,-37.1788326829482));
#7314=CARTESIAN_POINT('Origin',(-146.009971926523,125.400345507583,-37.2012577189927));
#7315=CARTESIAN_POINT('',(-141.509971926523,125.355656384091,-37.1788326829482));
#7316=CARTESIAN_POINT('Origin',(-141.509971926523,127.590112558648,-38.3000844851708));
#7317=CARTESIAN_POINT('',(-143.198278205584,125.369620409378,-37.1514267402215));
#7318=CARTESIAN_POINT('Origin',(-143.198278205584,127.590112558648,-38.3000844851708));
#7319=CARTESIAN_POINT('',(-146.009971926523,125.369620409378,-37.1514267402215));
#7320=CARTESIAN_POINT('Origin',(-146.009971926523,127.590112558648,-38.3000844851708));
#7321=CARTESIAN_POINT('',(-141.509971926523,125.369620409378,-37.1514267402215));
#7322=CARTESIAN_POINT('Origin',(-141.509971926523,125.414030252364,-37.1743998951205));
#7323=CARTESIAN_POINT('',(-143.198278205584,125.414040474284,-37.1243998961654));
#7324=CARTESIAN_POINT('Origin',(-143.198278205584,125.414030252364,-37.1743998951205));
#7325=CARTESIAN_POINT('',(-146.009971926523,125.414040474284,-37.1243998961654));
#7326=CARTESIAN_POINT('Origin',(-146.009971926523,125.414030252364,-37.1743998951205));
#7327=CARTESIAN_POINT('',(-141.509971926523,125.414040474284,-37.1243998961654));
#7328=CARTESIAN_POINT('Origin',(-141.509971926523,125.167964190941,-37.931713361419));
#7329=CARTESIAN_POINT('',(-143.198278205584,125.138583198647,-37.9721702185864));
#7330=CARTESIAN_POINT('',(-143.198278205584,125.1185325916,-37.9241955833833));
#7331=CARTESIAN_POINT('Origin',(-143.198278205584,125.167964190941,-37.931713361419));
#7332=CARTESIAN_POINT('',(-146.009971926523,125.138583198647,-37.9721702185864));
#7333=CARTESIAN_POINT('',(-141.509971926523,125.138583198647,-37.9721702185864));
#7334=CARTESIAN_POINT('',(-146.009971926523,125.1185325916,-37.9241955833833));
#7335=CARTESIAN_POINT('Origin',(-146.009971926523,125.167964190941,-37.931713361419));
#7336=CARTESIAN_POINT('',(-141.509971926523,125.1185325916,-37.9241955833833));
#7337=CARTESIAN_POINT('Origin',(-146.009971926523,127.590112558648,-38.4000844851708));
#7338=CARTESIAN_POINT('',(-146.009971926523,125.375823892206,-37.7834119548103));
#7339=CARTESIAN_POINT('',(-146.009971926523,125.328279476112,-38.1099333879595));
#7340=CARTESIAN_POINT('Origin',(-146.009971926523,127.572578550655,-38.2700010736621));
#7341=CARTESIAN_POINT('',(-146.009971926523,125.157238504858,-37.8543852507428));
#7342=CARTESIAN_POINT('',(-146.009971926523,127.197799313049,-37.1918280328753));
#7343=CARTESIAN_POINT('',(-146.009971926523,125.123344266793,-37.8938158618444));
#7344=CARTESIAN_POINT('Origin',(-146.009971926523,125.17267963263,-37.9019412343109));
#7345=CARTESIAN_POINT('Origin',(-146.009971926523,127.590112558648,-38.3000844851708));
#7346=CARTESIAN_POINT('',(-146.009971926523,126.947064896484,-39.2855442804124));
#7347=CARTESIAN_POINT('Origin',(-146.009971926523,127.590112558648,-38.4000844851708));
#7348=CARTESIAN_POINT('',(-146.009971926523,125.636034741612,-37.1244452803203));
#7349=CARTESIAN_POINT('',(-146.009971926523,125.492275018734,-37.4127746070398));
#7350=CARTESIAN_POINT('Origin',(-146.009971926523,127.572578550655,-38.2700010736621));
#7351=CARTESIAN_POINT('',(-146.009971926523,127.590373266616,-37.1248448221791));
#7352=CARTESIAN_POINT('',(-146.009971926523,126.687024058487,-39.0564988123856));
#7353=CARTESIAN_POINT('Origin',(-146.009971926523,127.590112558648,-38.4000844851708));
#7354=CARTESIAN_POINT('',(-146.009971926523,126.090834706429,-36.5767984336637));
#7355=CARTESIAN_POINT('',(-146.009971926523,125.867278321143,-36.8021962067854));
#7356=CARTESIAN_POINT('Origin',(-146.009971926523,127.572578550655,-38.2700010736621));
#7357=CARTESIAN_POINT('',(-146.009971926523,127.982915892604,-37.1920005574479));
#7358=CARTESIAN_POINT('',(-146.009971926523,126.501873260247,-38.7539208493044));
#7359=CARTESIAN_POINT('Origin',(-146.009971926523,127.590112558648,-38.4000844851708));
#7360=CARTESIAN_POINT('',(-146.009971926523,126.696413338208,-36.1976028203099));
#7361=CARTESIAN_POINT('',(-146.009971926523,126.414472317269,-36.3409365459198));
#7362=CARTESIAN_POINT('Origin',(-146.009971926523,127.572578550655,-38.2700010736621));
#7363=CARTESIAN_POINT('',(-146.009971926523,128.328654620016,-37.3840054404968));
#7364=CARTESIAN_POINT('',(-146.009971926523,126.414893335317,-38.4003247451191));
#7365=CARTESIAN_POINT('Origin',(-146.009971926523,127.590112558648,-38.4000844851708));
#7366=CARTESIAN_POINT('',(-146.009971926523,127.391979732338,-36.0272607706349));
#7367=CARTESIAN_POINT('',(-146.009971926523,127.076851017596,-36.0752905658804));
#7368=CARTESIAN_POINT('Origin',(-146.009971926523,127.572578550655,-38.2700010736621));
#7369=CARTESIAN_POINT('',(-146.009971926523,128.58858914991,-37.6749606103356));
#7370=CARTESIAN_POINT('',(-146.009971926523,126.442946248533,-38.0276068232409));
#7371=CARTESIAN_POINT('Origin',(-146.009971926523,127.590112558648,-38.4000844851708));
#7372=CARTESIAN_POINT('',(-146.009971926523,128.106270940096,-36.0842123296494));
#7373=CARTESIAN_POINT('',(-146.009971926523,127.786140411375,-36.0301592641484));
#7374=CARTESIAN_POINT('Origin',(-146.009971926523,127.572578550655,-38.2700010736621));
#7375=CARTESIAN_POINT('',(-146.009971926523,128.737278868762,-38.0276068232409));
#7376=CARTESIAN_POINT('',(-146.009971926523,126.591635967386,-37.6749606103356));
#7377=CARTESIAN_POINT('Origin',(-146.009971926523,127.590112558648,-38.4000844851708));
#7378=CARTESIAN_POINT('',(-146.009971926523,128.765748406919,-36.3624252051569));
#7379=CARTESIAN_POINT('',(-146.009971926523,128.470794661759,-36.2070643761956));
#7380=CARTESIAN_POINT('Origin',(-146.009971926523,127.572578550655,-38.2700010736621));
#7381=CARTESIAN_POINT('',(-146.009971926523,128.765331781979,-38.4003247451191));
#7382=CARTESIAN_POINT('',(-146.009971926523,126.851570497279,-37.3840054404968));
#7383=CARTESIAN_POINT('Origin',(-146.009971926523,127.590112558648,-38.4000844851708));
#7384=CARTESIAN_POINT('',(-146.009971926523,129.303208090844,-36.8321480232348));
#7385=CARTESIAN_POINT('',(-146.009971926523,129.063783115559,-36.5851245364614));
#7386=CARTESIAN_POINT('Origin',(-146.009971926523,127.572578550655,-38.2700010736621));
#7387=CARTESIAN_POINT('',(-146.009971926523,128.678351857049,-38.7539208493044));
#7388=CARTESIAN_POINT('',(-146.009971926523,127.197309224692,-37.1920005574479));
#7389=CARTESIAN_POINT('Origin',(-146.009971926523,127.590112558648,-38.4000844851708));
#7390=CARTESIAN_POINT('',(-146.009971926523,129.665398174512,-37.4438013266295));
#7391=CARTESIAN_POINT('',(-146.009971926523,129.509126600111,-37.1244524487028));
#7392=CARTESIAN_POINT('Origin',(-146.009971926523,127.572578550655,-38.2700010736621));
#7393=CARTESIAN_POINT('',(-146.009971926523,128.493201058808,-39.0564988123856));
#7394=CARTESIAN_POINT('',(-146.009971926523,127.58985185068,-37.1248448221791));
#7395=CARTESIAN_POINT('Origin',(-146.009971926523,127.590112558648,-38.4000844851708));
#7396=CARTESIAN_POINT('',(-146.009971926523,129.818478898761,-38.1342379476814));
#7397=CARTESIAN_POINT('',(-146.009971926523,129.766576784016,-37.7711305974775));
#7398=CARTESIAN_POINT('Origin',(-146.009971926523,127.572578550655,-38.2700010736621));
#7399=CARTESIAN_POINT('',(-146.009971926523,128.233160220812,-39.2855442804124));
#7400=CARTESIAN_POINT('',(-146.009971926523,127.982425804247,-37.1918280328753));
#7401=CARTESIAN_POINT('Origin',(-146.009971926523,127.590112558648,-38.4000844851708));
#7402=CARTESIAN_POINT('',(-146.009971926523,129.750693457931,-38.8341955886156));
#7403=CARTESIAN_POINT('',(-146.009971926523,129.814295050277,-38.462892585454));
#7404=CARTESIAN_POINT('Origin',(-146.009971926523,127.572578550655,-38.2700010736621));
#7405=CARTESIAN_POINT('',(-146.009971926523,127.923680362759,-39.4274152116161));
#7406=CARTESIAN_POINT('',(-146.009971926523,128.328253229503,-37.3836841065803));
#7407=CARTESIAN_POINT('Origin',(-146.009971926523,127.590112558648,-38.4000844851708));
#7408=CARTESIAN_POINT('',(-146.009971926523,129.472254427228,-39.4757089835506));
#7409=CARTESIAN_POINT('',(-146.009971926523,129.64973684854,-39.134820942495));
#7410=CARTESIAN_POINT('Origin',(-146.009971926523,127.572578550655,-38.2700010736621));
#7411=CARTESIAN_POINT('',(-146.009971926523,127.58989273836,-39.4753241565216));
#7412=CARTESIAN_POINT('',(-146.009971926523,128.588319337476,-37.6745329683158));
#7413=CARTESIAN_POINT('Origin',(-146.009971926523,127.590112558648,-38.4000844851708));
#7414=CARTESIAN_POINT('',(-146.009971926523,129.012966312227,-39.9985215671226));
#7415=CARTESIAN_POINT('',(-146.009971926523,129.28910857802,-39.7246572753658));
#7416=CARTESIAN_POINT('Origin',(-146.009971926523,127.572578550655,-38.2700010736621));
#7417=CARTESIAN_POINT('',(-146.009971926523,127.256120823836,-39.4272907533942));
#7418=CARTESIAN_POINT('',(-146.009971926523,128.737163456193,-38.0271257805367));
#7419=CARTESIAN_POINT('Origin',(-146.009971926523,127.590112558648,-38.4000844851708));
#7420=CARTESIAN_POINT('',(-146.009971926523,128.418352744438,-40.3549869280818));
#7421=CARTESIAN_POINT('',(-146.009971926523,128.765736108082,-40.177584634913));
#7422=CARTESIAN_POINT('Origin',(-146.009971926523,127.572578550655,-38.2700010736621));
#7423=CARTESIAN_POINT('',(-146.009971926523,126.946688775947,-39.285300719485));
#7424=CARTESIAN_POINT('',(-146.009971926523,128.765372669659,-38.3998442168634));
#7425=CARTESIAN_POINT('Origin',(-146.009971926523,127.590112558648,-38.4000844851708));
#7426=CARTESIAN_POINT('',(-146.009971926523,127.745016803889,-40.5133835753371));
#7427=CARTESIAN_POINT('',(-146.009971926523,128.127527573171,-40.4504899139016));
#7428=CARTESIAN_POINT('Origin',(-146.009971926523,127.572578550655,-38.2700010736621));
#7429=CARTESIAN_POINT('',(-146.009971926523,126.686728976077,-39.0561489433551));
#7430=CARTESIAN_POINT('',(-146.009971926523,128.678533427274,-38.753487872951));
#7431=CARTESIAN_POINT('Origin',(-146.009971926523,127.590112558648,-38.4000844851708));
#7432=CARTESIAN_POINT('',(-146.009971926523,127.055731581472,-40.4598342203758));
#7433=CARTESIAN_POINT('',(-146.009971926523,127.43352594194,-40.5157001568007));
#7434=CARTESIAN_POINT('Origin',(-146.009971926523,127.572578550655,-38.2700010736621));
#7435=CARTESIAN_POINT('',(-146.009971926523,126.501691690021,-38.753487872951));
#7436=CARTESIAN_POINT('',(-146.009971926523,128.493496141218,-39.0561489433551));
#7437=CARTESIAN_POINT('Origin',(-146.009971926523,127.590112558648,-38.4000844851708));
#7438=CARTESIAN_POINT('',(-146.009971926523,126.41448461617,-40.1990729849469));
#7439=CARTESIAN_POINT('',(-146.009971926523,126.749437191325,-40.3640255010652));
#7440=CARTESIAN_POINT('Origin',(-146.009971926523,127.572578550655,-38.2700010736621));
#7441=CARTESIAN_POINT('',(-146.009971926523,126.414852447636,-38.3998442168634));
#7442=CARTESIAN_POINT('',(-146.009971926523,128.233536341349,-39.285300719485));
#7443=CARTESIAN_POINT('Origin',(-146.009971926523,127.590112558648,-38.4000844851708));
#7444=CARTESIAN_POINT('',(-146.009971926523,125.881515358384,-39.7541861294244));
#7445=CARTESIAN_POINT('',(-146.009971926523,126.142074552052,-40.0067101195246));
#7446=CARTESIAN_POINT('Origin',(-146.009971926523,127.572578550655,-38.2700010736621));
#7447=CARTESIAN_POINT('',(-146.009971926523,126.443061661103,-38.0271257805367));
#7448=CARTESIAN_POINT('',(-146.009971926523,127.92410429346,-39.4272907533942));
#7449=CARTESIAN_POINT('Origin',(-146.009971926523,127.590112558648,-38.4000844851708));
#7450=CARTESIAN_POINT('',(-146.009971926523,125.508359297122,-39.1652657682317));
#7451=CARTESIAN_POINT('',(-146.009971926523,125.672907223772,-39.4757161518699));
#7452=CARTESIAN_POINT('Origin',(-146.009971926523,127.572578550655,-38.2700010736621));
#7453=CARTESIAN_POINT('',(-146.009971926523,126.59190577982,-37.6745329683158));
#7454=CARTESIAN_POINT('',(-146.009971926523,127.590332378936,-39.4753241565216));
#7455=CARTESIAN_POINT('Origin',(-146.009971926523,127.590112558648,-38.4000844851708));
#7456=CARTESIAN_POINT('',(-146.009971926523,125.333045278697,-38.4867745125209));
#7457=CARTESIAN_POINT('',(-146.009971926523,125.391284595718,-38.8217770084));
#7458=CARTESIAN_POINT('Origin',(-146.009971926523,127.572578550655,-38.2700010736621));
#7459=CARTESIAN_POINT('',(-146.009971926523,126.851971887792,-37.3836841065803));
#7460=CARTESIAN_POINT('',(-146.009971926523,127.256544754537,-39.4274152116161));
#7461=CARTESIAN_POINT('Origin',(-141.509971926523,127.590112558648,-38.3000844851708));
#7462=CARTESIAN_POINT('',(-143.198278205584,125.123344266793,-37.8938158618444));
#7463=CARTESIAN_POINT('Origin',(-143.198278205584,127.590112558648,-38.3000844851708));
#7464=CARTESIAN_POINT('',(-141.509971926523,125.123344266793,-37.8938158618444));
#7465=CARTESIAN_POINT('Origin',(-141.509971926523,125.17267963263,-37.9019412343109));
#7466=CARTESIAN_POINT('',(-143.198278205584,125.157238504858,-37.8543852507428));
#7467=CARTESIAN_POINT('Origin',(-143.198278205584,125.17267963263,-37.9019412343109));
#7468=CARTESIAN_POINT('',(-141.509971926523,125.157238504858,-37.8543852507428));
#7469=CARTESIAN_POINT('Origin',(-141.509971926523,125.138583198647,-38.6279987517552));
#7470=CARTESIAN_POINT('',(-143.198278205584,125.333045278697,-38.4867745125209));
#7471=CARTESIAN_POINT('',(-149.198278205584,125.333045278697,-38.4867745125209));
#7472=CARTESIAN_POINT('',(-143.198278205584,126.020462817585,-37.987551121817));
#7473=CARTESIAN_POINT('Origin',(-141.509971926523,125.557032837427,-38.8755944165615));
#7474=CARTESIAN_POINT('',(-143.198278205584,125.391284595718,-38.8217770084));
#7475=CARTESIAN_POINT('',(-143.198278205584,126.379753394575,-39.1427265898537));
#7476=CARTESIAN_POINT('',(-149.198278205584,125.391284595718,-38.8217770084));
#7477=CARTESIAN_POINT('Origin',(-141.509971926523,125.359900667003,-39.3695137196414));
#7478=CARTESIAN_POINT('',(-143.198278205584,125.508359297122,-39.1652657682317));
#7479=CARTESIAN_POINT('',(-149.198278205584,125.508359297122,-39.1652657682317));
#7480=CARTESIAN_POINT('',(-143.198278205584,126.003805868787,-38.4836351535966));
#7481=CARTESIAN_POINT('Origin',(-141.509971926523,125.834381190864,-39.4756831403889));
#7482=CARTESIAN_POINT('',(-143.198278205584,125.672907223772,-39.4757161518699));
#7483=CARTESIAN_POINT('',(-143.198278205584,126.703603078292,-39.4755054380491));
#7484=CARTESIAN_POINT('',(-149.198278205584,125.672907223772,-39.4757161518699));
#7485=CARTESIAN_POINT('Origin',(-141.509971926523,125.799526814113,-40.0063455029059));
#7486=CARTESIAN_POINT('',(-143.198278205584,125.881515358384,-39.7541861294244));
#7487=CARTESIAN_POINT('',(-149.198278205584,125.881515358384,-39.7541861294244));
#7488=CARTESIAN_POINT('',(-143.198278205584,126.139582043062,-38.9604906918114));
#7489=CARTESIAN_POINT('Origin',(-141.509971926523,126.28359276348,-39.9606960769661));
#7490=CARTESIAN_POINT('',(-143.198278205584,126.142074552052,-40.0067101195246));
#7491=CARTESIAN_POINT('',(-143.198278205584,127.115045786284,-39.690352674583));
#7492=CARTESIAN_POINT('',(-149.198278205584,126.142074552052,-40.0067101195246));
#7493=CARTESIAN_POINT('Origin',(-141.509971926523,126.414427969642,-40.4761565695349));
#7494=CARTESIAN_POINT('',(-143.198278205584,126.41448461617,-40.1990729849469));
#7495=CARTESIAN_POINT('',(-149.198278205584,126.41448461617,-40.1990729849469));
#7496=CARTESIAN_POINT('',(-143.198278205584,126.414653505295,-39.3729604824755));
#7497=CARTESIAN_POINT('Origin',(-141.509971926523,126.860695596706,-40.2831567807771));
#7498=CARTESIAN_POINT('',(-143.198278205584,126.749437191325,-40.3640255010652));
#7499=CARTESIAN_POINT('',(-143.198278205584,127.572312870585,-39.7659142580508));
#7500=CARTESIAN_POINT('',(-149.198278205584,126.749437191325,-40.3640255010652));
#7501=CARTESIAN_POINT('Origin',(-141.509971926523,127.14441332422,-40.7329585389606));
#7502=CARTESIAN_POINT('',(-143.198278205584,127.055731581472,-40.4598342203758));
#7503=CARTESIAN_POINT('',(-149.198278205584,127.055731581472,-40.4598342203758));
#7504=CARTESIAN_POINT('',(-143.198278205584,126.803111867334,-39.6818095092336));
#7505=CARTESIAN_POINT('Origin',(-141.509971926523,127.509198844313,-40.4115005514171));
#7506=CARTESIAN_POINT('',(-143.198278205584,127.43352594194,-40.5157001568007));
#7507=CARTESIAN_POINT('',(-143.198278205584,128.02924532931,-39.6954101568548));
#7508=CARTESIAN_POINT('',(-149.198278205584,127.43352594194,-40.5157001568007));
#7509=CARTESIAN_POINT('Origin',(-141.509971926523,127.918026825232,-40.7516138451711));
#7510=CARTESIAN_POINT('',(-143.198278205584,127.745016803889,-40.5133835753371));
#7511=CARTESIAN_POINT('',(-149.198278205584,127.745016803889,-40.5133835753371));
#7512=CARTESIAN_POINT('',(-143.198278205584,127.268425622293,-39.8571299958595));
#7513=CARTESIAN_POINT('Origin',(-141.509971926523,128.165622490038,-40.3331642063921));
#7514=CARTESIAN_POINT('',(-143.198278205584,128.127527573171,-40.4504899139016));
#7515=CARTESIAN_POINT('',(-143.198278205584,128.440346356066,-39.4870625581523));
#7516=CARTESIAN_POINT('',(-149.198278205584,128.127527573171,-40.4504899139016));
#7517=CARTESIAN_POINT('Origin',(-141.509971926523,128.659541793118,-40.5302963768155));
#7518=CARTESIAN_POINT('',(-143.198278205584,128.418352744438,-40.3549869280818));
#7519=CARTESIAN_POINT('',(-149.198278205584,128.418352744438,-40.3549869280818));
#7520=CARTESIAN_POINT('',(-143.198278205584,127.766445635161,-39.8811450327779));
#7521=CARTESIAN_POINT('Origin',(-141.509971926523,128.765711213866,-40.0558158529546));
#7522=CARTESIAN_POINT('',(-143.198278205584,128.765736108082,-40.177584634913));
#7523=CARTESIAN_POINT('',(-143.198278205584,128.765528644374,-39.1627865395608));
#7524=CARTESIAN_POINT('',(-149.198278205584,128.765736108082,-40.177584634913));
#7525=CARTESIAN_POINT('Origin',(-141.509971926523,129.296373576383,-40.0906702297056));
#7526=CARTESIAN_POINT('',(-143.198278205584,129.012966312227,-39.9985215671226));
#7527=CARTESIAN_POINT('',(-149.198278205584,129.012966312227,-39.9985215671226));
#7528=CARTESIAN_POINT('',(-143.198278205584,128.249192390658,-39.7501837357054));
#7529=CARTESIAN_POINT('Origin',(-141.509971926523,129.250724150443,-39.6066042803386));
#7530=CARTESIAN_POINT('',(-143.198278205584,129.28910857802,-39.7246572753658));
#7531=CARTESIAN_POINT('',(-143.198278205584,128.973979541508,-38.7554640652804));
#7532=CARTESIAN_POINT('',(-149.198278205584,129.28910857802,-39.7246572753658));
#7533=CARTESIAN_POINT('Origin',(-141.509971926523,129.766184643012,-39.4757690741763));
#7534=CARTESIAN_POINT('',(-143.198278205584,129.472254427228,-39.4757089835506));
#7535=CARTESIAN_POINT('',(-149.198278205584,129.472254427228,-39.4757089835506));
#7536=CARTESIAN_POINT('',(-143.198278205584,128.669258390034,-39.4755448203183));
#7537=CARTESIAN_POINT('Origin',(-141.509971926523,129.573184854254,-39.029501447113));
#7538=CARTESIAN_POINT('',(-143.198278205584,129.64973684854,-39.134820942495));
#7539=CARTESIAN_POINT('',(-143.198278205584,129.046788190311,-38.3052899940403));
#7540=CARTESIAN_POINT('',(-149.198278205584,129.64973684854,-39.134820942495));
#7541=CARTESIAN_POINT('Origin',(-141.509971926523,130.022986612438,-38.7457837195989));
#7542=CARTESIAN_POINT('',(-143.198278205584,129.750693457931,-38.8341955886156));
#7543=CARTESIAN_POINT('',(-149.198278205584,129.750693457931,-38.8341955886156));
#7544=CARTESIAN_POINT('',(-143.198278205584,128.984507123389,-39.0829714565753));
#7545=CARTESIAN_POINT('Origin',(-141.509971926523,129.701528624894,-38.3809981995057));
#7546=CARTESIAN_POINT('',(-143.198278205584,129.814295050277,-38.462892585454));
#7547=CARTESIAN_POINT('',(-143.198278205584,128.978226086658,-37.8557140378199));
#7548=CARTESIAN_POINT('',(-149.198278205584,129.814295050277,-38.462892585454));
#7549=CARTESIAN_POINT('Origin',(-141.509971926523,130.041641918648,-37.9721702185865));
#7550=CARTESIAN_POINT('',(-143.198278205584,129.818478898761,-38.1342379476814));
#7551=CARTESIAN_POINT('',(-149.198278205584,129.818478898761,-38.1342379476814));
#7552=CARTESIAN_POINT('',(-143.198278205584,129.162586344095,-38.6105669421487));
#7553=CARTESIAN_POINT('Origin',(-141.509971926523,129.623192279869,-37.7245745537803));
#7554=CARTESIAN_POINT('',(-143.198278205584,129.766576784016,-37.7711305974775));
#7555=CARTESIAN_POINT('',(-143.198278205584,128.775773640652,-37.4494230690927));
#7556=CARTESIAN_POINT('',(-149.198278205584,129.766576784016,-37.7711305974775));
#7557=CARTESIAN_POINT('Origin',(-141.509971926523,129.820324450292,-37.2306552507004));
#7558=CARTESIAN_POINT('',(-143.198278205584,129.665398174512,-37.4438013266295));
#7559=CARTESIAN_POINT('',(-149.198278205584,129.665398174512,-37.4438013266295));
#7560=CARTESIAN_POINT('',(-143.198278205584,129.184665399926,-38.105188841161));
#7561=CARTESIAN_POINT('Origin',(-141.509971926523,129.345843926431,-37.1244858299528));
#7562=CARTESIAN_POINT('',(-143.198278205584,129.509126600111,-37.1244524487028));
#7563=CARTESIAN_POINT('',(-143.198278205584,128.459094181948,-37.1246671156598));
#7564=CARTESIAN_POINT('',(-149.198278205584,129.509126600111,-37.1244524487028));
#7565=CARTESIAN_POINT('Origin',(-141.509971926523,129.380698303182,-36.5938234674359));
#7566=CARTESIAN_POINT('',(-143.198278205584,129.303208090844,-36.8321480232348));
#7567=CARTESIAN_POINT('',(-149.198278205584,129.303208090844,-36.8321480232348));
#7568=CARTESIAN_POINT('',(-143.198278205584,129.04781288557,-37.6176272084603));
#7569=CARTESIAN_POINT('Origin',(-141.509971926523,128.896632353815,-36.6394728933756));
#7570=CARTESIAN_POINT('',(-143.198278205584,129.063783115559,-36.5851245364614));
#7571=CARTESIAN_POINT('',(-143.198278205584,128.058168047067,-36.9120959848146));
#7572=CARTESIAN_POINT('',(-149.198278205584,129.063783115559,-36.5851245364614));
#7573=CARTESIAN_POINT('Origin',(-141.509971926523,128.765797147653,-36.1240124008069));
#7574=CARTESIAN_POINT('',(-143.198278205584,128.765748406919,-36.3624252051569));
#7575=CARTESIAN_POINT('',(-149.198278205584,128.765748406919,-36.3624252051569));
#7576=CARTESIAN_POINT('',(-143.198278205584,128.765577761472,-37.1971286622393));
#7577=CARTESIAN_POINT('Origin',(-141.509971926523,128.31952952059,-36.3170121895646));
#7578=CARTESIAN_POINT('',(-143.198278205584,128.470794661759,-36.2070643761956));
#7579=CARTESIAN_POINT('',(-143.198278205584,127.610746910492,-36.8321943229505));
#7580=CARTESIAN_POINT('',(-149.198278205584,128.470794661759,-36.2070643761956));
#7581=CARTESIAN_POINT('Origin',(-141.509971926523,128.035811793076,-35.8672104313811));
#7582=CARTESIAN_POINT('',(-143.198278205584,128.106270940096,-36.0842123296494));
#7583=CARTESIAN_POINT('',(-149.198278205584,128.106270940096,-36.0842123296494));
#7584=CARTESIAN_POINT('',(-143.198278205584,128.366604691132,-36.8859949305888));
#7585=CARTESIAN_POINT('Origin',(-141.509971926523,127.671026272983,-36.1886684189246));
#7586=CARTESIAN_POINT('',(-143.198278205584,127.786140411375,-36.0301592641484));
#7587=CARTESIAN_POINT('',(-143.198278205584,127.159228956728,-36.8933999240988));
#7588=CARTESIAN_POINT('',(-149.198278205584,127.786140411375,-36.0301592641484));
#7589=CARTESIAN_POINT('Origin',(-141.509971926523,127.262198292063,-35.8485551251705));
#7590=CARTESIAN_POINT('',(-143.198278205584,127.391979732338,-36.0272607706349));
#7591=CARTESIAN_POINT('',(-149.198278205584,127.391979732338,-36.0272607706349));
#7592=CARTESIAN_POINT('',(-143.198278205584,127.891441442625,-36.7150064693494));
#7593=CARTESIAN_POINT('Origin',(-141.509971926523,127.014602627257,-36.2670047639497));
#7594=CARTESIAN_POINT('',(-143.198278205584,127.076851017596,-36.0752905658804));
#7595=CARTESIAN_POINT('',(-143.198278205584,126.747042835305,-37.0910423120761));
#7596=CARTESIAN_POINT('',(-149.198278205584,127.076851017596,-36.0752905658804));
#7597=CARTESIAN_POINT('Origin',(-141.509971926523,126.520683324177,-36.0698725935262));
#7598=CARTESIAN_POINT('',(-143.198278205584,126.696413338208,-36.1976028203099));
#7599=CARTESIAN_POINT('',(-149.198278205584,126.696413338208,-36.1976028203099));
#7600=CARTESIAN_POINT('',(-143.198278205584,127.387999322725,-36.7002855016392));
#7601=CARTESIAN_POINT('Origin',(-141.509971926523,126.41451390343,-36.5443531173872));
#7602=CARTESIAN_POINT('',(-143.198278205584,126.414472317269,-36.3409365459198));
#7603=CARTESIAN_POINT('',(-143.198278205584,126.414690321984,-37.4072954359049));
#7604=CARTESIAN_POINT('',(-149.198278205584,126.414472317269,-36.3409365459198));
#7605=CARTESIAN_POINT('Origin',(-141.509971926523,125.883851540913,-36.5094987406361));
#7606=CARTESIAN_POINT('',(-143.198278205584,126.090834706429,-36.5767984336637));
#7607=CARTESIAN_POINT('',(-149.198278205584,126.090834706429,-36.5767984336637));
#7608=CARTESIAN_POINT('',(-143.198278205584,126.906328907307,-36.8419528931975));
#7609=CARTESIAN_POINT('Origin',(-141.509971926523,125.929500966853,-36.9935646900031));
#7610=CARTESIAN_POINT('',(-143.198278205584,125.867278321143,-36.8021962067854));
#7611=CARTESIAN_POINT('',(-143.198278205584,126.195722851739,-37.8123418044966));
#7612=CARTESIAN_POINT('',(-149.198278205584,125.867278321143,-36.8021962067854));
#7613=CARTESIAN_POINT('Origin',(-141.509971926523,125.414040474284,-37.1243998961655));
#7614=CARTESIAN_POINT('',(-143.198278205584,125.636034741612,-37.1244452803203));
#7615=CARTESIAN_POINT('',(-149.198278205584,125.636034741612,-37.1244452803203));
#7616=CARTESIAN_POINT('',(-143.198278205584,126.493426569797,-37.1246205641416));
#7617=CARTESIAN_POINT('Origin',(-141.509971926523,125.607040263042,-37.5706675232288));
#7618=CARTESIAN_POINT('',(-143.198278205584,125.492275018734,-37.4127746070398));
#7619=CARTESIAN_POINT('',(-143.198278205584,126.11306825521,-38.2668559541331));
#7620=CARTESIAN_POINT('',(-149.198278205584,125.492275018734,-37.4127746070398));
#7621=CARTESIAN_POINT('Origin',(-141.509971926523,125.157238504858,-37.8543852507429));
#7622=CARTESIAN_POINT('',(-143.198278205584,125.375823892206,-37.7834119548103));
#7623=CARTESIAN_POINT('',(-149.198278205584,125.375823892206,-37.7834119548103));
#7624=CARTESIAN_POINT('',(-143.198278205584,126.188692544744,-37.519478632777));
#7625=CARTESIAN_POINT('Origin',(-141.509971926523,125.478696492402,-38.2191707708361));
#7626=CARTESIAN_POINT('',(-143.198278205584,125.328279476112,-38.1099333879595));
#7627=CARTESIAN_POINT('',(-143.198278205584,126.176215853902,-38.7257304104012));
#7628=CARTESIAN_POINT('',(-149.198278205584,125.328279476112,-38.1099333879595));
#7629=CARTESIAN_POINT('Origin',(-143.198278205584,127.572578550655,-38.2700010736621));
#7630=CARTESIAN_POINT('',(-143.198278205584,124.489148380246,-30.4791144883528));
#7631=CARTESIAN_POINT('',(-143.198278205584,125.487757722356,-30.1546466442591));
#7632=CARTESIAN_POINT('',(-143.198278205584,124.489148380246,-30.4791144883528));
#7633=CARTESIAN_POINT('',(-143.198278205584,124.553275959017,-31.4045941767528));
#7634=CARTESIAN_POINT('',(-143.198278205584,124.489148380246,-30.4791144883528));
#7635=CARTESIAN_POINT('',(-143.198278205584,123.793049233329,-31.7919490408765));
#7636=CARTESIAN_POINT('Origin',(-143.198278205584,127.572578550655,-38.2700010736621));
#7637=CARTESIAN_POINT('',(-143.198278205584,123.082013682532,-31.1960854277049));
#7638=CARTESIAN_POINT('',(-143.198278205584,123.793049233329,-31.7919490408765));
#7639=CARTESIAN_POINT('',(-143.198278205584,122.232545838438,-31.8132599426119));
#7640=CARTESIAN_POINT('',(-143.198278205584,122.232545838438,-31.8132599426119));
#7641=CARTESIAN_POINT('',(-143.198278205584,122.579523741767,-32.6736269193152));
#7642=CARTESIAN_POINT('',(-143.198278205584,122.232545838438,-31.8132599426119));
#7643=CARTESIAN_POINT('',(-143.198278205584,121.976204396308,-33.2769462647742));
#7644=CARTESIAN_POINT('Origin',(-143.198278205584,127.572578550655,-38.2700010736621));
#7645=CARTESIAN_POINT('',(-143.198278205584,121.115837419605,-32.9299683614453));
#7646=CARTESIAN_POINT('',(-143.198278205584,121.976204396308,-33.2769462647742));
#7647=CARTESIAN_POINT('',(-143.198278205584,120.498662904698,-33.779436205539));
#7648=CARTESIAN_POINT('',(-143.198278205584,120.498662904698,-33.779436205539));
#7649=CARTESIAN_POINT('',(-143.198278205584,121.094526517869,-34.4904717563366));
#7650=CARTESIAN_POINT('',(-143.198278205584,120.498662904698,-33.779436205539));
#7651=CARTESIAN_POINT('',(-143.198278205584,120.707171653746,-35.2506984820243));
#7652=CARTESIAN_POINT('Origin',(-143.198278205584,127.572578550655,-38.2700010736621));
#7653=CARTESIAN_POINT('',(-143.198278205584,119.781691965346,-35.1865709032533));
#7654=CARTESIAN_POINT('',(-143.198278205584,120.707171653746,-35.2506984820243));
#7655=CARTESIAN_POINT('',(-143.198278205584,119.457224121252,-36.1851802453632));
#7656=CARTESIAN_POINT('',(-143.198278205584,119.457224121252,-36.1851802453632));
#7657=CARTESIAN_POINT('',(-143.198278205584,120.243646162183,-36.677283256467));
#7658=CARTESIAN_POINT('',(-143.198278205584,119.457224121252,-36.1851802453632));
#7659=CARTESIAN_POINT('',(-143.198278205584,120.110172772355,-37.5200010736621));
#7660=CARTESIAN_POINT('Origin',(-143.198278205584,127.572578550655,-38.2700010736621));
#7661=CARTESIAN_POINT('',(-143.198278205584,119.210172772355,-37.7450010736621));
#7662=CARTESIAN_POINT('',(-143.198278205584,120.110172772355,-37.5200010736621));
#7663=CARTESIAN_POINT('',(-143.198278205584,119.210172772355,-38.7950010736621));
#7664=CARTESIAN_POINT('',(-143.198278205584,119.210172772355,-38.7950010736621));
#7665=CARTESIAN_POINT('',(-143.198278205584,120.110172772355,-39.0200010736621));
#7666=CARTESIAN_POINT('',(-143.198278205584,119.210172772355,-38.7950010736621));
#7667=CARTESIAN_POINT('',(-143.198278205584,120.243646162183,-39.8627188908571));
#7668=CARTESIAN_POINT('Origin',(-143.198278205584,127.572578550655,-38.2700010736621));
#7669=CARTESIAN_POINT('',(-143.198278205584,119.457224121252,-40.354821901961));
#7670=CARTESIAN_POINT('',(-143.198278205584,120.243646162183,-39.8627188908571));
#7671=CARTESIAN_POINT('',(-143.198278205584,119.781691965346,-41.3534312440709));
#7672=CARTESIAN_POINT('',(-143.198278205584,119.781691965346,-41.3534312440709));
#7673=CARTESIAN_POINT('',(-143.198278205584,120.707171653746,-41.2893036652998));
#7674=CARTESIAN_POINT('',(-143.198278205584,119.781691965346,-41.3534312440709));
#7675=CARTESIAN_POINT('',(-143.198278205584,121.094526517869,-42.0495303909875));
#7676=CARTESIAN_POINT('Origin',(-143.198278205584,127.572578550655,-38.2700010736621));
#7677=CARTESIAN_POINT('',(-143.198278205584,120.498662904698,-42.7605659417851));
#7678=CARTESIAN_POINT('',(-143.198278205584,121.094526517869,-42.0495303909875));
#7679=CARTESIAN_POINT('',(-143.198278205584,121.115837419605,-43.6100337858788));
#7680=CARTESIAN_POINT('',(-143.198278205584,121.115837419605,-43.6100337858788));
#7681=CARTESIAN_POINT('',(-143.198278205584,121.976204396308,-43.26305588255));
#7682=CARTESIAN_POINT('',(-143.198278205584,121.115837419605,-43.6100337858788));
#7683=CARTESIAN_POINT('',(-143.198278205584,122.579523741767,-43.8663752280089));
#7684=CARTESIAN_POINT('Origin',(-143.198278205584,127.572578550655,-38.2700010736621));
#7685=CARTESIAN_POINT('',(-143.198278205584,122.232545838438,-44.7267422047122));
#7686=CARTESIAN_POINT('',(-143.198278205584,122.579523741767,-43.8663752280089));
#7687=CARTESIAN_POINT('',(-143.198278205584,123.082013682532,-45.3439167196193));
#7688=CARTESIAN_POINT('',(-143.198278205584,123.082013682532,-45.3439167196193));
#7689=CARTESIAN_POINT('',(-143.198278205584,123.793049233329,-44.7480531064477));
#7690=CARTESIAN_POINT('',(-143.198278205584,123.082013682532,-45.3439167196193));
#7691=CARTESIAN_POINT('',(-143.198278205584,124.553275959017,-45.1354079705714));
#7692=CARTESIAN_POINT('Origin',(-143.198278205584,127.572578550655,-38.2700010736621));
#7693=CARTESIAN_POINT('',(-143.198278205584,124.489148380246,-46.0608876589713));
#7694=CARTESIAN_POINT('',(-143.198278205584,124.553275959017,-45.1354079705714));
#7695=CARTESIAN_POINT('',(-143.198278205584,125.487757722356,-46.385355503065));
#7696=CARTESIAN_POINT('',(-143.198278205584,125.487757722356,-46.385355503065));
#7697=CARTESIAN_POINT('',(-143.198278205584,125.97986073346,-45.5989334621338));
#7698=CARTESIAN_POINT('',(-143.198278205584,125.487757722356,-46.385355503065));
#7699=CARTESIAN_POINT('',(-143.198278205584,126.822578550655,-45.7324068519617));
#7700=CARTESIAN_POINT('Origin',(-143.198278205584,127.572578550655,-38.2700010736621));
#7701=CARTESIAN_POINT('',(-143.198278205584,127.047578550655,-46.6324068519617));
#7702=CARTESIAN_POINT('',(-143.198278205584,126.822578550655,-45.7324068519617));
#7703=CARTESIAN_POINT('',(-143.198278205584,128.097578550655,-46.6324068519617));
#7704=CARTESIAN_POINT('',(-143.198278205584,128.097578550655,-46.6324068519617));
#7705=CARTESIAN_POINT('',(-143.198278205584,128.322578550655,-45.7324068519617));
#7706=CARTESIAN_POINT('',(-143.198278205584,128.097578550655,-46.6324068519617));
#7707=CARTESIAN_POINT('',(-143.198278205584,129.16529636785,-45.5989334621338));
#7708=CARTESIAN_POINT('Origin',(-143.198278205584,127.572578550655,-38.2700010736621));
#7709=CARTESIAN_POINT('',(-143.198278205584,129.657399378954,-46.385355503065));
#7710=CARTESIAN_POINT('',(-143.198278205584,129.16529636785,-45.5989334621338));
#7711=CARTESIAN_POINT('',(-143.198278205584,130.656008721064,-46.0608876589713));
#7712=CARTESIAN_POINT('',(-143.198278205584,130.656008721064,-46.0608876589713));
#7713=CARTESIAN_POINT('',(-143.198278205584,130.591881142293,-45.1354079705714));
#7714=CARTESIAN_POINT('',(-143.198278205584,130.656008721064,-46.0608876589713));
#7715=CARTESIAN_POINT('',(-143.198278205584,131.35210786798,-44.7480531064477));
#7716=CARTESIAN_POINT('Origin',(-143.198278205584,127.572578550655,-38.2700010736621));
#7717=CARTESIAN_POINT('',(-143.198278205584,132.063143418778,-45.3439167196193));
#7718=CARTESIAN_POINT('',(-143.198278205584,131.35210786798,-44.7480531064477));
#7719=CARTESIAN_POINT('',(-143.198278205584,132.912611262872,-44.7267422047122));
#7720=CARTESIAN_POINT('',(-143.198278205584,132.912611262872,-44.7267422047122));
#7721=CARTESIAN_POINT('',(-143.198278205584,132.565633359543,-43.8663752280089));
#7722=CARTESIAN_POINT('',(-143.198278205584,132.912611262872,-44.7267422047122));
#7723=CARTESIAN_POINT('',(-143.198278205584,133.168952705002,-43.26305588255));
#7724=CARTESIAN_POINT('Origin',(-143.198278205584,127.572578550655,-38.2700010736621));
#7725=CARTESIAN_POINT('',(-143.198278205584,134.029319681705,-43.6100337858788));
#7726=CARTESIAN_POINT('',(-143.198278205584,133.168952705002,-43.26305588255));
#7727=CARTESIAN_POINT('',(-143.198278205584,134.646494196612,-42.7605659417851));
#7728=CARTESIAN_POINT('',(-143.198278205584,134.646494196612,-42.7605659417851));
#7729=CARTESIAN_POINT('',(-143.198278205584,134.05063058344,-42.0495303909875));
#7730=CARTESIAN_POINT('',(-143.198278205584,134.646494196612,-42.7605659417851));
#7731=CARTESIAN_POINT('',(-143.198278205584,134.437985447564,-41.2893036652998));
#7732=CARTESIAN_POINT('Origin',(-143.198278205584,127.572578550655,-38.2700010736621));
#7733=CARTESIAN_POINT('',(-143.198278205584,135.363465135964,-41.3534312440709));
#7734=CARTESIAN_POINT('',(-143.198278205584,134.437985447564,-41.2893036652998));
#7735=CARTESIAN_POINT('',(-143.198278205584,135.687932980058,-40.354821901961));
#7736=CARTESIAN_POINT('',(-143.198278205584,135.687932980058,-40.354821901961));
#7737=CARTESIAN_POINT('',(-143.198278205584,134.901510939127,-39.8627188908571));
#7738=CARTESIAN_POINT('',(-143.198278205584,135.687932980058,-40.354821901961));
#7739=CARTESIAN_POINT('',(-143.198278205584,135.034984328955,-39.0200010736621));
#7740=CARTESIAN_POINT('Origin',(-143.198278205584,127.572578550655,-38.2700010736621));
#7741=CARTESIAN_POINT('',(-143.198278205584,135.934984328955,-38.7950010736621));
#7742=CARTESIAN_POINT('',(-143.198278205584,135.034984328955,-39.0200010736621));
#7743=CARTESIAN_POINT('',(-143.198278205585,135.934984328955,-37.7450010736621));
#7744=CARTESIAN_POINT('',(-143.198278205585,135.934984328955,-37.7450010736621));
#7745=CARTESIAN_POINT('',(-143.198278205584,135.034984328955,-37.5200010736621));
#7746=CARTESIAN_POINT('',(-143.198278205585,135.934984328955,-37.7450010736621));
#7747=CARTESIAN_POINT('',(-143.198278205584,134.901510939127,-36.677283256467));
#7748=CARTESIAN_POINT('Origin',(-143.198278205584,127.572578550655,-38.2700010736621));
#7749=CARTESIAN_POINT('',(-143.198278205585,135.687932980058,-36.1851802453632));
#7750=CARTESIAN_POINT('',(-143.198278205584,134.901510939127,-36.677283256467));
#7751=CARTESIAN_POINT('',(-143.198278205584,135.363465135964,-35.1865709032533));
#7752=CARTESIAN_POINT('',(-143.198278205584,135.363465135964,-35.1865709032533));
#7753=CARTESIAN_POINT('',(-143.198278205584,134.437985447564,-35.2506984820243));
#7754=CARTESIAN_POINT('',(-143.198278205584,135.363465135964,-35.1865709032533));
#7755=CARTESIAN_POINT('',(-143.198278205584,134.05063058344,-34.4904717563366));
#7756=CARTESIAN_POINT('Origin',(-143.198278205584,127.572578550655,-38.2700010736621));
#7757=CARTESIAN_POINT('',(-143.198278205584,134.646494196612,-33.779436205539));
#7758=CARTESIAN_POINT('',(-143.198278205584,134.05063058344,-34.4904717563366));
#7759=CARTESIAN_POINT('',(-143.198278205584,134.029319681705,-32.9299683614453));
#7760=CARTESIAN_POINT('',(-143.198278205584,134.029319681705,-32.9299683614453));
#7761=CARTESIAN_POINT('',(-143.198278205584,133.168952705002,-33.2769462647742));
#7762=CARTESIAN_POINT('',(-143.198278205584,134.029319681705,-32.9299683614453));
#7763=CARTESIAN_POINT('',(-143.198278205584,132.565633359543,-32.6736269193152));
#7764=CARTESIAN_POINT('Origin',(-143.198278205584,127.572578550655,-38.2700010736621));
#7765=CARTESIAN_POINT('',(-143.198278205584,132.912611262872,-31.8132599426119));
#7766=CARTESIAN_POINT('',(-143.198278205584,132.565633359543,-32.6736269193152));
#7767=CARTESIAN_POINT('',(-143.198278205584,132.063143418778,-31.1960854277048));
#7768=CARTESIAN_POINT('',(-143.198278205584,132.063143418778,-31.1960854277048));
#7769=CARTESIAN_POINT('',(-143.198278205584,131.35210786798,-31.7919490408765));
#7770=CARTESIAN_POINT('',(-143.198278205584,132.063143418778,-31.1960854277048));
#7771=CARTESIAN_POINT('',(-143.198278205584,130.591881142293,-31.404594176753));
#7772=CARTESIAN_POINT('Origin',(-143.198278205584,127.572578550655,-38.2700010736621));
#7773=CARTESIAN_POINT('',(-143.198278205584,130.656008721064,-30.479114488353));
#7774=CARTESIAN_POINT('',(-143.198278205584,130.591881142293,-31.404594176753));
#7775=CARTESIAN_POINT('',(-143.198278205584,129.657399378954,-30.1546466442593));
#7776=CARTESIAN_POINT('',(-143.198278205584,129.657399378954,-30.1546466442593));
#7777=CARTESIAN_POINT('',(-143.198278205584,129.16529636785,-30.9410686851903));
#7778=CARTESIAN_POINT('',(-143.198278205584,129.657399378954,-30.1546466442593));
#7779=CARTESIAN_POINT('',(-143.198278205584,128.322578550655,-30.8075952953624));
#7780=CARTESIAN_POINT('Origin',(-143.198278205584,127.572578550655,-38.2700010736621));
#7781=CARTESIAN_POINT('',(-143.198278205584,128.097578550655,-29.9075952953624));
#7782=CARTESIAN_POINT('',(-143.198278205584,128.322578550655,-30.8075952953624));
#7783=CARTESIAN_POINT('',(-143.198278205584,127.047578550655,-29.9075952953624));
#7784=CARTESIAN_POINT('',(-143.198278205584,127.047578550655,-29.9075952953624));
#7785=CARTESIAN_POINT('',(-143.198278205584,126.822578550655,-30.8075952953624));
#7786=CARTESIAN_POINT('',(-143.198278205584,127.047578550655,-29.9075952953624));
#7787=CARTESIAN_POINT('',(-143.198278205584,125.97986073346,-30.9410686851904));
#7788=CARTESIAN_POINT('Origin',(-143.198278205584,127.572578550655,-38.2700010736621));
#7789=CARTESIAN_POINT('',(-143.198278205584,125.97986073346,-30.9410686851904));
#7790=CARTESIAN_POINT('Origin',(-143.198278205584,127.572578550655,-38.2700010736621));
#7791=CARTESIAN_POINT('Origin',(-143.198278205584,127.572578550655,-38.2700010736621));
#7792=CARTESIAN_POINT('Origin',(-143.198278205584,127.572578550655,-38.2700010736621));
#7793=CARTESIAN_POINT('Origin',(-143.198278205584,127.572578550655,-38.2700010736621));
#7794=CARTESIAN_POINT('Origin',(-143.198278205584,127.572578550655,-38.2700010736621));
#7795=CARTESIAN_POINT('Origin',(-143.198278205584,127.572578550655,-38.2700010736621));
#7796=CARTESIAN_POINT('Origin',(-143.198278205584,127.572578550655,-38.2700010736621));
#7797=CARTESIAN_POINT('Origin',(-143.198278205584,127.572578550655,-38.2700010736621));
#7798=CARTESIAN_POINT('Origin',(-143.198278205584,127.572578550655,-38.2700010736621));
#7799=CARTESIAN_POINT('Origin',(-143.198278205584,127.572578550655,-38.2700010736621));
#7800=CARTESIAN_POINT('Origin',(-143.198278205584,127.572578550655,-38.2700010736621));
#7801=CARTESIAN_POINT('Origin',(-143.198278205584,127.572578550655,-38.2700010736621));
#7802=CARTESIAN_POINT('Origin',(-143.198278205584,127.572578550655,-38.2700010736621));
#7803=CARTESIAN_POINT('Origin',(-143.198278205584,127.572578550655,-38.2700010736621));
#7804=CARTESIAN_POINT('Origin',(-143.198278205584,127.572578550655,-38.2700010736621));
#7805=CARTESIAN_POINT('',(-143.198278205584,127.572578550655,-40.5200010736621));
#7806=CARTESIAN_POINT('Origin',(-143.198278205584,127.572578550655,-38.2700010736621));
#7807=CARTESIAN_POINT('Origin',(-143.198278205584,127.572578550655,-38.2700010736621));
#7808=CARTESIAN_POINT('Origin',(-143.198278205584,127.572578550655,-38.2700010736621));
#7809=CARTESIAN_POINT('Origin',(-143.198278205584,127.572578550655,-38.2700010736621));
#7810=CARTESIAN_POINT('Origin',(-143.198278205584,127.572578550655,-38.2700010736621));
#7811=CARTESIAN_POINT('Origin',(-143.198278205584,127.572578550655,-38.2700010736621));
#7812=CARTESIAN_POINT('Origin',(-149.198278205584,125.041142200429,-38.4454072829908));
#7813=CARTESIAN_POINT('',(-143.798278205584,124.446396661065,-29.8621280294195));
#7814=CARTESIAN_POINT('',(-143.198278205584,124.489148380246,-30.4791144883528));
#7815=CARTESIAN_POINT('',(-146.448278205584,124.446396661065,-29.8621280294195));
#7816=CARTESIAN_POINT('',(-148.598278205584,124.446396661065,-29.8621280294195));
#7817=CARTESIAN_POINT('',(-147.048278205584,124.489148380246,-30.4791144883528));
#7818=CARTESIAN_POINT('',(-147.048278205584,124.489148380246,-30.4791144883528));
#7819=CARTESIAN_POINT('',(-147.048278205584,124.553275959017,-31.4045941767528));
#7820=CARTESIAN_POINT('',(-147.048278205584,124.489148380246,-30.4791144883528));
#7821=CARTESIAN_POINT('',(-149.198278205584,124.553275959017,-31.4045941767528));
#7822=CARTESIAN_POINT('Origin',(-149.198278205584,124.803042854676,-29.7462466565289));
#7823=CARTESIAN_POINT('',(-143.798278205584,125.159689048287,-29.6303652836382));
#7824=CARTESIAN_POINT('',(-143.798278205584,125.159689048287,-29.6303652836382));
#7825=CARTESIAN_POINT('',(-146.448278205584,125.159689048287,-29.6303652836382));
#7826=CARTESIAN_POINT('',(-148.598278205584,125.159689048287,-29.6303652836382));
#7827=CARTESIAN_POINT('',(-146.448278205584,125.159689048287,-29.6303652836382));
#7828=CARTESIAN_POINT('Origin',(-149.198278205584,129.72365476117,-36.9239667241479));
#7829=CARTESIAN_POINT('',(-143.798278205584,125.159689048287,-29.6303652836382));
#7830=CARTESIAN_POINT('',(-147.048278205584,125.97986073346,-30.9410686851904));
#7831=CARTESIAN_POINT('',(-149.198278205584,125.97986073346,-30.9410686851904));
#7832=CARTESIAN_POINT('',(-147.048278205584,125.487757722356,-30.1546466442591));
#7833=CARTESIAN_POINT('',(-147.048278205584,125.97986073346,-30.9410686851904));
#7834=CARTESIAN_POINT('',(-146.448278205584,125.159689048287,-29.6303652836382));
#7835=CARTESIAN_POINT('Origin',(-149.198278205584,125.421502340139,-36.9239667241473));
#7836=CARTESIAN_POINT('',(-143.798278205584,129.985468053023,-29.6303652836385));
#7837=CARTESIAN_POINT('',(-143.198278205584,129.657399378954,-30.1546466442593));
#7838=CARTESIAN_POINT('',(-146.448278205585,129.985468053023,-29.6303652836385));
#7839=CARTESIAN_POINT('',(-148.598278205584,129.985468053023,-29.6303652836385));
#7840=CARTESIAN_POINT('',(-147.048278205584,129.657399378954,-30.1546466442593));
#7841=CARTESIAN_POINT('',(-147.048278205584,129.657399378954,-30.1546466442593));
#7842=CARTESIAN_POINT('',(-147.048278205584,129.16529636785,-30.9410686851904));
#7843=CARTESIAN_POINT('',(-147.048278205584,129.657399378954,-30.1546466442593));
#7844=CARTESIAN_POINT('',(-149.198278205584,129.16529636785,-30.9410686851904));
#7845=CARTESIAN_POINT('Origin',(-149.198278205584,130.342114246634,-29.7462466565291));
#7846=CARTESIAN_POINT('',(-143.798278205584,130.698760440244,-29.8621280294197));
#7847=CARTESIAN_POINT('',(-143.798278205584,130.698760440244,-29.8621280294197));
#7848=CARTESIAN_POINT('',(-146.448278205585,130.698760440244,-29.8621280294197));
#7849=CARTESIAN_POINT('',(-148.598278205584,130.698760440244,-29.8621280294197));
#7850=CARTESIAN_POINT('',(-146.448278205585,130.698760440244,-29.8621280294197));
#7851=CARTESIAN_POINT('Origin',(-149.198278205584,130.104014900881,-38.4454072829908));
#7852=CARTESIAN_POINT('',(-143.798278205584,130.698760440244,-29.8621280294197));
#7853=CARTESIAN_POINT('',(-147.048278205584,130.591881142293,-31.404594176753));
#7854=CARTESIAN_POINT('',(-149.198278205584,130.591881142293,-31.404594176753));
#7855=CARTESIAN_POINT('',(-147.048278205584,130.656008721064,-30.479114488353));
#7856=CARTESIAN_POINT('',(-147.048278205584,130.591881142293,-31.404594176753));
#7857=CARTESIAN_POINT('',(-146.448278205585,130.698760440244,-29.8621280294197));
#7858=CARTESIAN_POINT('Origin',(-149.198278205584,125.219243013787,-39.2190791444412));
#7859=CARTESIAN_POINT('',(-143.798278205584,122.001227236219,-31.2396819581431));
#7860=CARTESIAN_POINT('',(-143.198278205584,122.232545838438,-31.8132599426119));
#7861=CARTESIAN_POINT('',(-146.448278205584,122.001227236219,-31.2396819581431));
#7862=CARTESIAN_POINT('',(-148.598278205584,122.001227236219,-31.2396819581431));
#7863=CARTESIAN_POINT('',(-147.048278205584,122.232545838438,-31.8132599426119));
#7864=CARTESIAN_POINT('',(-147.048278205584,122.232545838438,-31.8132599426119));
#7865=CARTESIAN_POINT('',(-147.048278205584,122.579523741767,-32.6736269193152));
#7866=CARTESIAN_POINT('',(-147.048278205584,122.232545838438,-31.8132599426119));
#7867=CARTESIAN_POINT('',(-149.198278205584,122.579523741767,-32.6736269193152));
#7868=CARTESIAN_POINT('Origin',(-149.198278205584,122.30460860911,-31.0192624885334));
#7869=CARTESIAN_POINT('',(-143.798278205584,122.607989982,-30.7988430189238));
#7870=CARTESIAN_POINT('',(-143.798278205584,122.607989982,-30.7988430189238));
#7871=CARTESIAN_POINT('',(-146.448278205584,122.607989982,-30.7988430189238));
#7872=CARTESIAN_POINT('',(-148.598278205584,122.607989982,-30.7988430189238));
#7873=CARTESIAN_POINT('',(-146.448278205584,122.607989982,-30.7988430189238));
#7874=CARTESIAN_POINT('Origin',(-149.198278205584,129.202426108701,-36.3251272291546));
#7875=CARTESIAN_POINT('',(-143.798278205584,122.607989982,-30.7988430189238));
#7876=CARTESIAN_POINT('',(-147.048278205584,123.793049233329,-31.7919490408765));
#7877=CARTESIAN_POINT('',(-149.198278205584,123.793049233329,-31.7919490408765));
#7878=CARTESIAN_POINT('',(-147.048278205584,123.082013682532,-31.1960854277049));
#7879=CARTESIAN_POINT('',(-147.048278205584,123.793049233329,-31.7919490408765));
#7880=CARTESIAN_POINT('',(-146.448278205584,122.607989982,-30.7988430189238));
#7881=CARTESIAN_POINT('Origin',(-149.198278205584,125.627704706147,-39.899848631708));
#7882=CARTESIAN_POINT('',(-143.798278205584,120.101420495917,-33.3054125050073));
#7883=CARTESIAN_POINT('',(-143.198278205584,120.498662904698,-33.779436205539));
#7884=CARTESIAN_POINT('',(-146.448278205584,120.101420495917,-33.3054125050073));
#7885=CARTESIAN_POINT('',(-148.598278205584,120.101420495917,-33.3054125050073));
#7886=CARTESIAN_POINT('',(-147.048278205584,120.498662904698,-33.779436205539));
#7887=CARTESIAN_POINT('',(-147.048278205584,120.498662904698,-33.779436205539));
#7888=CARTESIAN_POINT('',(-147.048278205584,121.094526517869,-34.4904717563366));
#7889=CARTESIAN_POINT('',(-147.048278205584,120.498662904698,-33.779436205539));
#7890=CARTESIAN_POINT('',(-149.198278205584,121.094526517869,-34.4904717563366));
#7891=CARTESIAN_POINT('Origin',(-149.198278205584,120.321839965526,-33.0020311321167));
#7892=CARTESIAN_POINT('',(-143.798278205584,120.542259435136,-32.6986497592261));
#7893=CARTESIAN_POINT('',(-143.798278205584,120.542259435136,-32.6986497592261));
#7894=CARTESIAN_POINT('',(-146.448278205584,120.542259435136,-32.6986497592261));
#7895=CARTESIAN_POINT('',(-148.598278205584,120.542259435136,-32.6986497592261));
#7896=CARTESIAN_POINT('',(-146.448278205584,120.542259435136,-32.6986497592261));
#7897=CARTESIAN_POINT('Origin',(-149.198278205584,128.521656621434,-35.9166655367945));
#7898=CARTESIAN_POINT('',(-143.798278205584,120.542259435136,-32.6986497592261));
#7899=CARTESIAN_POINT('',(-147.048278205584,121.976204396308,-33.2769462647742));
#7900=CARTESIAN_POINT('',(-149.198278205584,121.976204396308,-33.2769462647742));
#7901=CARTESIAN_POINT('',(-147.048278205584,121.115837419605,-32.9299683614453));
#7902=CARTESIAN_POINT('',(-147.048278205584,121.976204396308,-33.2769462647742));
#7903=CARTESIAN_POINT('',(-146.448278205584,120.542259435136,-32.6986497592261));
#7904=CARTESIAN_POINT('Origin',(-149.198278205584,126.226544201141,-40.4210772841775));
#7905=CARTESIAN_POINT('',(-143.798278205584,118.932942760631,-35.8571115712939));
#7906=CARTESIAN_POINT('',(-143.198278205584,119.457224121252,-36.1851802453632));
#7907=CARTESIAN_POINT('',(-146.448278205584,118.932942760631,-35.8571115712939));
#7908=CARTESIAN_POINT('',(-148.598278205584,118.932942760631,-35.8571115712939));
#7909=CARTESIAN_POINT('',(-147.048278205584,119.457224121252,-36.1851802453632));
#7910=CARTESIAN_POINT('',(-147.048278205584,119.457224121252,-36.1851802453632));
#7911=CARTESIAN_POINT('',(-147.048278205584,120.243646162183,-36.677283256467));
#7912=CARTESIAN_POINT('',(-147.048278205584,119.457224121252,-36.1851802453632));
#7913=CARTESIAN_POINT('',(-149.198278205584,120.243646162183,-36.677283256467));
#7914=CARTESIAN_POINT('Origin',(-149.198278205584,119.048824133522,-35.5004653776833));
#7915=CARTESIAN_POINT('',(-143.798278205584,119.164705506412,-35.1438191840726));
#7916=CARTESIAN_POINT('',(-143.798278205584,119.164705506412,-35.1438191840726));
#7917=CARTESIAN_POINT('',(-146.448278205584,119.164705506412,-35.1438191840726));
#7918=CARTESIAN_POINT('',(-148.598278205584,119.164705506412,-35.1438191840726));
#7919=CARTESIAN_POINT('',(-146.448278205584,119.164705506412,-35.1438191840726));
#7920=CARTESIAN_POINT('Origin',(-149.198278205584,127.747984759984,-35.7385647234359));
#7921=CARTESIAN_POINT('',(-143.798278205584,119.164705506412,-35.1438191840726));
#7922=CARTESIAN_POINT('',(-147.048278205584,120.707171653746,-35.2506984820243));
#7923=CARTESIAN_POINT('',(-149.198278205584,120.707171653746,-35.2506984820243));
#7924=CARTESIAN_POINT('',(-147.048278205584,119.781691965346,-35.1865709032533));
#7925=CARTESIAN_POINT('',(-147.048278205584,120.707171653746,-35.2506984820243));
#7926=CARTESIAN_POINT('',(-146.448278205584,119.164705506412,-35.1438191840726));
#7927=CARTESIAN_POINT('Origin',(-149.198278205584,126.957142916637,-40.7317436097326));
#7928=CARTESIAN_POINT('',(-143.798278205584,118.610172772355,-38.6450010736621));
#7929=CARTESIAN_POINT('',(-143.198278205584,119.210172772355,-38.7950010736621));
#7930=CARTESIAN_POINT('',(-146.448278205584,118.610172772355,-38.6450010736621));
#7931=CARTESIAN_POINT('',(-148.598278205584,118.610172772355,-38.6450010736621));
#7932=CARTESIAN_POINT('',(-147.048278205584,119.210172772355,-38.7950010736621));
#7933=CARTESIAN_POINT('',(-147.048278205584,119.210172772355,-38.7950010736621));
#7934=CARTESIAN_POINT('',(-147.048278205584,120.110172772355,-39.0200010736621));
#7935=CARTESIAN_POINT('',(-147.048278205584,119.210172772355,-38.7950010736621));
#7936=CARTESIAN_POINT('',(-149.198278205584,120.110172772355,-39.0200010736621));
#7937=CARTESIAN_POINT('Origin',(-149.198278205584,118.610172772355,-38.2700010736621));
#7938=CARTESIAN_POINT('',(-143.798278205584,118.610172772355,-37.8950010736621));
#7939=CARTESIAN_POINT('',(-143.798278205584,118.610172772355,-37.8950010736621));
#7940=CARTESIAN_POINT('',(-146.448278205584,118.610172772355,-37.8950010736621));
#7941=CARTESIAN_POINT('',(-148.598278205584,118.610172772355,-37.8950010736621));
#7942=CARTESIAN_POINT('',(-146.448278205584,118.610172772355,-37.8950010736621));
#7943=CARTESIAN_POINT('Origin',(-149.198278205584,126.957142916637,-35.8082585375916));
#7944=CARTESIAN_POINT('',(-143.798278205584,118.610172772355,-37.8950010736621));
#7945=CARTESIAN_POINT('',(-147.048278205584,120.110172772355,-37.5200010736621));
#7946=CARTESIAN_POINT('',(-149.198278205584,120.110172772355,-37.5200010736621));
#7947=CARTESIAN_POINT('',(-147.048278205584,119.210172772355,-37.7450010736621));
#7948=CARTESIAN_POINT('',(-147.048278205584,120.110172772355,-37.5200010736621));
#7949=CARTESIAN_POINT('',(-146.448278205584,118.610172772355,-37.8950010736621));
#7950=CARTESIAN_POINT('Origin',(-149.198278205584,127.747984759984,-40.8014374238882));
#7951=CARTESIAN_POINT('',(-143.798278205584,119.164705506412,-41.3961829632516));
#7952=CARTESIAN_POINT('',(-143.198278205584,119.781691965346,-41.3534312440709));
#7953=CARTESIAN_POINT('',(-146.448278205584,119.164705506412,-41.3961829632516));
#7954=CARTESIAN_POINT('',(-148.598278205584,119.164705506412,-41.3961829632516));
#7955=CARTESIAN_POINT('',(-147.048278205584,119.781691965346,-41.3534312440709));
#7956=CARTESIAN_POINT('',(-147.048278205584,119.781691965346,-41.3534312440709));
#7957=CARTESIAN_POINT('',(-147.048278205584,120.707171653746,-41.2893036652998));
#7958=CARTESIAN_POINT('',(-147.048278205584,119.781691965346,-41.3534312440709));
#7959=CARTESIAN_POINT('',(-149.198278205584,120.707171653746,-41.2893036652998));
#7960=CARTESIAN_POINT('Origin',(-149.198278205584,119.048824133522,-41.0395367696409));
#7961=CARTESIAN_POINT('',(-143.798278205584,118.932942760631,-40.6828905760302));
#7962=CARTESIAN_POINT('',(-143.798278205584,118.932942760631,-40.6828905760302));
#7963=CARTESIAN_POINT('',(-146.448278205584,118.932942760631,-40.6828905760302));
#7964=CARTESIAN_POINT('',(-148.598278205584,118.932942760631,-40.6828905760302));
#7965=CARTESIAN_POINT('',(-146.448278205584,118.932942760631,-40.6828905760302));
#7966=CARTESIAN_POINT('Origin',(-149.198278205584,126.226544201141,-36.1189248631466));
#7967=CARTESIAN_POINT('',(-143.798278205584,118.932942760631,-40.6828905760302));
#7968=CARTESIAN_POINT('',(-147.048278205584,120.243646162183,-39.8627188908571));
#7969=CARTESIAN_POINT('',(-149.198278205584,120.243646162183,-39.8627188908571));
#7970=CARTESIAN_POINT('',(-147.048278205584,119.457224121252,-40.354821901961));
#7971=CARTESIAN_POINT('',(-147.048278205584,120.243646162183,-39.8627188908571));
#7972=CARTESIAN_POINT('',(-146.448278205584,118.932942760631,-40.6828905760302));
#7973=CARTESIAN_POINT('Origin',(-149.198278205584,128.521656621434,-40.6233366105296));
#7974=CARTESIAN_POINT('',(-143.798278205584,120.542259435136,-43.8413523880981));
#7975=CARTESIAN_POINT('',(-143.198278205584,121.115837419605,-43.6100337858788));
#7976=CARTESIAN_POINT('',(-146.448278205584,120.542259435136,-43.8413523880981));
#7977=CARTESIAN_POINT('',(-148.598278205584,120.542259435136,-43.8413523880981));
#7978=CARTESIAN_POINT('',(-147.048278205584,121.115837419605,-43.6100337858788));
#7979=CARTESIAN_POINT('',(-147.048278205584,121.115837419605,-43.6100337858788));
#7980=CARTESIAN_POINT('',(-147.048278205584,121.976204396308,-43.26305588255));
#7981=CARTESIAN_POINT('',(-147.048278205584,121.115837419605,-43.6100337858788));
#7982=CARTESIAN_POINT('',(-149.198278205584,121.976204396308,-43.26305588255));
#7983=CARTESIAN_POINT('Origin',(-149.198278205584,120.321839965526,-43.5379710152074));
#7984=CARTESIAN_POINT('',(-143.798278205584,120.101420495917,-43.2345896423168));
#7985=CARTESIAN_POINT('',(-143.798278205584,120.101420495917,-43.2345896423168));
#7986=CARTESIAN_POINT('',(-146.448278205584,120.101420495917,-43.2345896423168));
#7987=CARTESIAN_POINT('',(-148.598278205584,120.101420495917,-43.2345896423168));
#7988=CARTESIAN_POINT('',(-146.448278205584,120.101420495917,-43.2345896423168));
#7989=CARTESIAN_POINT('Origin',(-149.198278205584,125.627704706147,-36.6401535156162));
#7990=CARTESIAN_POINT('',(-143.798278205584,120.101420495917,-43.2345896423168));
#7991=CARTESIAN_POINT('',(-147.048278205584,121.094526517869,-42.0495303909875));
#7992=CARTESIAN_POINT('',(-149.198278205584,121.094526517869,-42.0495303909875));
#7993=CARTESIAN_POINT('',(-147.048278205584,120.498662904698,-42.7605659417851));
#7994=CARTESIAN_POINT('',(-147.048278205584,121.094526517869,-42.0495303909875));
#7995=CARTESIAN_POINT('',(-146.448278205584,120.101420495917,-43.2345896423168));
#7996=CARTESIAN_POINT('Origin',(-149.198278205584,129.202426108701,-40.2148749181696));
#7997=CARTESIAN_POINT('',(-143.798278205584,122.607989982,-45.7411591284004));
#7998=CARTESIAN_POINT('',(-143.198278205584,123.082013682532,-45.3439167196193));
#7999=CARTESIAN_POINT('',(-146.448278205584,122.607989982,-45.7411591284004));
#8000=CARTESIAN_POINT('',(-148.598278205584,122.607989982,-45.7411591284004));
#8001=CARTESIAN_POINT('',(-147.048278205584,123.082013682532,-45.3439167196193));
#8002=CARTESIAN_POINT('',(-147.048278205584,123.082013682532,-45.3439167196193));
#8003=CARTESIAN_POINT('',(-147.048278205584,123.793049233329,-44.7480531064477));
#8004=CARTESIAN_POINT('',(-147.048278205584,123.082013682532,-45.3439167196193));
#8005=CARTESIAN_POINT('',(-149.198278205584,123.793049233329,-44.7480531064477));
#8006=CARTESIAN_POINT('Origin',(-149.198278205584,122.30460860911,-45.5207396587907));
#8007=CARTESIAN_POINT('',(-143.798278205584,122.001227236219,-45.300320189181));
#8008=CARTESIAN_POINT('',(-143.798278205584,122.001227236219,-45.300320189181));
#8009=CARTESIAN_POINT('',(-146.448278205584,122.001227236219,-45.300320189181));
#8010=CARTESIAN_POINT('',(-148.598278205584,122.001227236219,-45.300320189181));
#8011=CARTESIAN_POINT('',(-146.448278205584,122.001227236219,-45.300320189181));
#8012=CARTESIAN_POINT('Origin',(-149.198278205584,125.219243013787,-37.3209230028829));
#8013=CARTESIAN_POINT('',(-143.798278205584,122.001227236219,-45.300320189181));
#8014=CARTESIAN_POINT('',(-147.048278205584,122.579523741767,-43.8663752280089));
#8015=CARTESIAN_POINT('',(-149.198278205584,122.579523741767,-43.8663752280089));
#8016=CARTESIAN_POINT('',(-147.048278205584,122.232545838438,-44.7267422047122));
#8017=CARTESIAN_POINT('',(-147.048278205584,122.579523741767,-43.8663752280089));
#8018=CARTESIAN_POINT('',(-146.448278205584,122.001227236219,-45.300320189181));
#8019=CARTESIAN_POINT('Origin',(-149.198278205584,129.72365476117,-39.6160354231762));
#8020=CARTESIAN_POINT('',(-143.798278205584,125.159689048287,-46.9096368636859));
#8021=CARTESIAN_POINT('',(-143.198278205584,125.487757722356,-46.385355503065));
#8022=CARTESIAN_POINT('',(-146.448278205584,125.159689048287,-46.9096368636859));
#8023=CARTESIAN_POINT('',(-148.598278205584,125.159689048287,-46.9096368636859));
#8024=CARTESIAN_POINT('',(-147.048278205584,125.487757722356,-46.385355503065));
#8025=CARTESIAN_POINT('',(-147.048278205584,125.487757722356,-46.385355503065));
#8026=CARTESIAN_POINT('',(-147.048278205584,125.97986073346,-45.5989334621338));
#8027=CARTESIAN_POINT('',(-147.048278205584,125.487757722356,-46.385355503065));
#8028=CARTESIAN_POINT('',(-149.198278205584,125.97986073346,-45.5989334621338));
#8029=CARTESIAN_POINT('Origin',(-149.198278205584,124.803042854676,-46.7937554907953));
#8030=CARTESIAN_POINT('',(-143.798278205584,124.446396661065,-46.6778741179047));
#8031=CARTESIAN_POINT('',(-143.798278205584,124.446396661065,-46.6778741179047));
#8032=CARTESIAN_POINT('',(-146.448278205584,124.446396661065,-46.6778741179047));
#8033=CARTESIAN_POINT('',(-148.598278205584,124.446396661065,-46.6778741179047));
#8034=CARTESIAN_POINT('',(-146.448278205584,124.446396661065,-46.6778741179047));
#8035=CARTESIAN_POINT('Origin',(-149.198278205584,125.041142200429,-38.0945948643333));
#8036=CARTESIAN_POINT('',(-143.798278205584,124.446396661065,-46.6778741179047));
#8037=CARTESIAN_POINT('',(-147.048278205584,124.553275959017,-45.1354079705714));
#8038=CARTESIAN_POINT('',(-149.198278205584,124.553275959017,-45.1354079705714));
#8039=CARTESIAN_POINT('',(-147.048278205584,124.489148380246,-46.0608876589713));
#8040=CARTESIAN_POINT('',(-147.048278205584,124.553275959017,-45.1354079705714));
#8041=CARTESIAN_POINT('',(-146.448278205584,124.446396661065,-46.6778741179047));
#8042=CARTESIAN_POINT('Origin',(-149.198278205584,130.034321086725,-38.8854367076797));
#8043=CARTESIAN_POINT('',(-143.798278205584,127.947578550655,-47.2324068519617));
#8044=CARTESIAN_POINT('',(-143.198278205584,128.097578550655,-46.6324068519617));
#8045=CARTESIAN_POINT('',(-146.448278205584,127.947578550655,-47.2324068519617));
#8046=CARTESIAN_POINT('',(-148.598278205584,127.947578550655,-47.2324068519617));
#8047=CARTESIAN_POINT('',(-147.048278205584,128.097578550655,-46.6324068519617));
#8048=CARTESIAN_POINT('',(-147.048278205584,128.097578550655,-46.6324068519617));
#8049=CARTESIAN_POINT('',(-147.048278205584,128.322578550655,-45.7324068519617));
#8050=CARTESIAN_POINT('',(-147.048278205584,128.097578550655,-46.6324068519617));
#8051=CARTESIAN_POINT('',(-149.198278205584,128.322578550655,-45.7324068519617));
#8052=CARTESIAN_POINT('Origin',(-149.198278205584,127.572578550655,-47.2324068519617));
#8053=CARTESIAN_POINT('',(-143.798278205584,127.197578550655,-47.2324068519617));
#8054=CARTESIAN_POINT('',(-143.798278205584,127.197578550655,-47.2324068519617));
#8055=CARTESIAN_POINT('',(-146.448278205584,127.197578550655,-47.2324068519617));
#8056=CARTESIAN_POINT('',(-148.598278205584,127.197578550655,-47.2324068519617));
#8057=CARTESIAN_POINT('',(-146.448278205584,127.197578550655,-47.2324068519617));
#8058=CARTESIAN_POINT('Origin',(-149.198278205584,125.110836014584,-38.8854367076797));
#8059=CARTESIAN_POINT('',(-143.798278205584,127.197578550655,-47.2324068519617));
#8060=CARTESIAN_POINT('',(-147.048278205584,126.822578550655,-45.7324068519617));
#8061=CARTESIAN_POINT('',(-149.198278205584,126.822578550655,-45.7324068519617));
#8062=CARTESIAN_POINT('',(-147.048278205584,127.047578550655,-46.6324068519617));
#8063=CARTESIAN_POINT('',(-147.048278205584,126.822578550655,-45.7324068519617));
#8064=CARTESIAN_POINT('',(-146.448278205584,127.197578550655,-47.2324068519617));
#8065=CARTESIAN_POINT('Origin',(-149.198278205584,130.104014900881,-38.0945948643333));
#8066=CARTESIAN_POINT('',(-143.798278205584,130.698760440244,-46.6778741179047));
#8067=CARTESIAN_POINT('',(-143.198278205584,130.656008721064,-46.0608876589713));
#8068=CARTESIAN_POINT('',(-146.448278205585,130.698760440244,-46.6778741179047));
#8069=CARTESIAN_POINT('',(-148.598278205584,130.698760440244,-46.6778741179047));
#8070=CARTESIAN_POINT('',(-147.048278205584,130.656008721064,-46.0608876589713));
#8071=CARTESIAN_POINT('',(-147.048278205584,130.656008721064,-46.0608876589713));
#8072=CARTESIAN_POINT('',(-147.048278205584,130.591881142293,-45.1354079705714));
#8073=CARTESIAN_POINT('',(-147.048278205584,130.656008721064,-46.0608876589713));
#8074=CARTESIAN_POINT('',(-149.198278205584,130.591881142293,-45.1354079705714));
#8075=CARTESIAN_POINT('Origin',(-149.198278205584,130.342114246634,-46.7937554907953));
#8076=CARTESIAN_POINT('',(-143.798278205584,129.985468053023,-46.9096368636859));
#8077=CARTESIAN_POINT('',(-143.798278205584,129.985468053023,-46.9096368636859));
#8078=CARTESIAN_POINT('',(-146.448278205584,129.985468053023,-46.9096368636859));
#8079=CARTESIAN_POINT('',(-148.598278205584,129.985468053023,-46.9096368636859));
#8080=CARTESIAN_POINT('',(-146.448278205584,129.985468053023,-46.9096368636859));
#8081=CARTESIAN_POINT('Origin',(-149.198278205584,125.421502340139,-39.6160354231762));
#8082=CARTESIAN_POINT('',(-143.798278205584,129.985468053023,-46.9096368636859));
#8083=CARTESIAN_POINT('',(-147.048278205584,129.16529636785,-45.5989334621338));
#8084=CARTESIAN_POINT('',(-149.198278205584,129.16529636785,-45.5989334621338));
#8085=CARTESIAN_POINT('',(-147.048278205584,129.657399378954,-46.385355503065));
#8086=CARTESIAN_POINT('',(-147.048278205584,129.16529636785,-45.5989334621338));
#8087=CARTESIAN_POINT('',(-146.448278205584,129.985468053023,-46.9096368636859));
#8088=CARTESIAN_POINT('Origin',(-149.198278205584,129.925914087522,-37.3209230028829));
#8089=CARTESIAN_POINT('',(-143.798278205584,133.143929865091,-45.300320189181));
#8090=CARTESIAN_POINT('',(-143.198278205584,132.912611262872,-44.7267422047122));
#8091=CARTESIAN_POINT('',(-146.448278205585,133.143929865091,-45.300320189181));
#8092=CARTESIAN_POINT('',(-148.598278205584,133.143929865091,-45.300320189181));
#8093=CARTESIAN_POINT('',(-147.048278205584,132.912611262872,-44.7267422047122));
#8094=CARTESIAN_POINT('',(-147.048278205584,132.912611262872,-44.7267422047122));
#8095=CARTESIAN_POINT('',(-147.048278205584,132.565633359543,-43.8663752280089));
#8096=CARTESIAN_POINT('',(-147.048278205584,132.912611262872,-44.7267422047122));
#8097=CARTESIAN_POINT('',(-149.198278205584,132.565633359543,-43.8663752280089));
#8098=CARTESIAN_POINT('Origin',(-149.198278205584,132.8405484922,-45.5207396587907));
#8099=CARTESIAN_POINT('',(-143.798278205584,132.53716711931,-45.7411591284004));
#8100=CARTESIAN_POINT('',(-143.798278205584,132.53716711931,-45.7411591284004));
#8101=CARTESIAN_POINT('',(-146.448278205585,132.53716711931,-45.7411591284004));
#8102=CARTESIAN_POINT('',(-148.598278205584,132.53716711931,-45.7411591284004));
#8103=CARTESIAN_POINT('',(-146.448278205585,132.53716711931,-45.7411591284004));
#8104=CARTESIAN_POINT('Origin',(-149.198278205584,125.942730992609,-40.2148749181696));
#8105=CARTESIAN_POINT('',(-143.798278205584,132.53716711931,-45.7411591284004));
#8106=CARTESIAN_POINT('',(-147.048278205584,131.35210786798,-44.7480531064477));
#8107=CARTESIAN_POINT('',(-149.198278205584,131.35210786798,-44.7480531064477));
#8108=CARTESIAN_POINT('',(-147.048278205584,132.063143418778,-45.3439167196193));
#8109=CARTESIAN_POINT('',(-147.048278205584,131.35210786798,-44.7480531064477));
#8110=CARTESIAN_POINT('',(-146.448278205585,132.53716711931,-45.7411591284004));
#8111=CARTESIAN_POINT('Origin',(-149.198278205584,129.517452395162,-36.6401535156162));
#8112=CARTESIAN_POINT('',(-143.798278205584,135.043736605393,-43.2345896423168));
#8113=CARTESIAN_POINT('',(-143.198278205584,134.646494196612,-42.7605659417851));
#8114=CARTESIAN_POINT('',(-146.448278205585,135.043736605393,-43.2345896423168));
#8115=CARTESIAN_POINT('',(-148.598278205584,135.043736605393,-43.2345896423168));
#8116=CARTESIAN_POINT('',(-147.048278205584,134.646494196612,-42.7605659417851));
#8117=CARTESIAN_POINT('',(-147.048278205584,134.646494196612,-42.7605659417851));
#8118=CARTESIAN_POINT('',(-147.048278205584,134.05063058344,-42.0495303909875));
#8119=CARTESIAN_POINT('',(-147.048278205584,134.646494196612,-42.7605659417851));
#8120=CARTESIAN_POINT('',(-149.198278205584,134.05063058344,-42.0495303909875));
#8121=CARTESIAN_POINT('Origin',(-149.198278205584,134.823317135784,-43.5379710152074));
#8122=CARTESIAN_POINT('',(-143.798278205584,134.602897666174,-43.8413523880981));
#8123=CARTESIAN_POINT('',(-143.798278205584,134.602897666174,-43.8413523880981));
#8124=CARTESIAN_POINT('',(-146.448278205585,134.602897666174,-43.8413523880981));
#8125=CARTESIAN_POINT('',(-148.598278205584,134.602897666174,-43.8413523880981));
#8126=CARTESIAN_POINT('',(-146.448278205585,134.602897666174,-43.8413523880981));
#8127=CARTESIAN_POINT('Origin',(-149.198278205584,126.623500479876,-40.6233366105296));
#8128=CARTESIAN_POINT('',(-143.798278205584,134.602897666174,-43.8413523880981));
#8129=CARTESIAN_POINT('',(-147.048278205584,133.168952705002,-43.26305588255));
#8130=CARTESIAN_POINT('',(-149.198278205584,133.168952705002,-43.26305588255));
#8131=CARTESIAN_POINT('',(-147.048278205584,134.029319681705,-43.6100337858788));
#8132=CARTESIAN_POINT('',(-147.048278205584,133.168952705002,-43.26305588255));
#8133=CARTESIAN_POINT('',(-146.448278205585,134.602897666174,-43.8413523880981));
#8134=CARTESIAN_POINT('Origin',(-149.198278205584,128.918612900169,-36.1189248631466));
#8135=CARTESIAN_POINT('',(-143.798278205584,136.212214340679,-40.6828905760302));
#8136=CARTESIAN_POINT('',(-143.198278205584,135.687932980058,-40.354821901961));
#8137=CARTESIAN_POINT('',(-146.448278205585,136.212214340679,-40.6828905760302));
#8138=CARTESIAN_POINT('',(-148.598278205584,136.212214340679,-40.6828905760302));
#8139=CARTESIAN_POINT('',(-147.048278205584,135.687932980058,-40.354821901961));
#8140=CARTESIAN_POINT('',(-147.048278205584,135.687932980058,-40.354821901961));
#8141=CARTESIAN_POINT('',(-147.048278205584,134.901510939127,-39.8627188908571));
#8142=CARTESIAN_POINT('',(-147.048278205584,135.687932980058,-40.354821901961));
#8143=CARTESIAN_POINT('',(-149.198278205584,134.901510939127,-39.8627188908571));
#8144=CARTESIAN_POINT('Origin',(-149.198278205584,136.096332967788,-41.0395367696409));
#8145=CARTESIAN_POINT('',(-143.798278205584,135.980451594897,-41.3961829632516));
#8146=CARTESIAN_POINT('',(-143.798278205584,135.980451594897,-41.3961829632516));
#8147=CARTESIAN_POINT('',(-146.448278205585,135.980451594897,-41.3961829632516));
#8148=CARTESIAN_POINT('',(-148.598278205584,135.980451594897,-41.3961829632516));
#8149=CARTESIAN_POINT('',(-146.448278205585,135.980451594897,-41.3961829632516));
#8150=CARTESIAN_POINT('Origin',(-149.198278205584,127.397172341326,-40.8014374238882));
#8151=CARTESIAN_POINT('',(-143.798278205584,135.980451594897,-41.3961829632516));
#8152=CARTESIAN_POINT('',(-147.048278205584,134.437985447564,-41.2893036652998));
#8153=CARTESIAN_POINT('',(-149.198278205584,134.437985447564,-41.2893036652998));
#8154=CARTESIAN_POINT('',(-147.048278205584,135.363465135964,-41.3534312440709));
#8155=CARTESIAN_POINT('',(-147.048278205584,134.437985447564,-41.2893036652998));
#8156=CARTESIAN_POINT('',(-146.448278205585,135.980451594897,-41.3961829632516));
#8157=CARTESIAN_POINT('Origin',(-149.198278205584,128.188014184673,-35.8082585375916));
#8158=CARTESIAN_POINT('',(-143.798278205584,136.534984328955,-37.8950010736621));
#8159=CARTESIAN_POINT('',(-143.198278205585,135.934984328955,-37.7450010736621));
#8160=CARTESIAN_POINT('',(-146.448278205585,136.534984328955,-37.8950010736621));
#8161=CARTESIAN_POINT('',(-148.598278205584,136.534984328955,-37.8950010736621));
#8162=CARTESIAN_POINT('',(-147.048278205584,135.934984328955,-37.7450010736621));
#8163=CARTESIAN_POINT('',(-147.048278205584,135.934984328954,-37.7450010736621));
#8164=CARTESIAN_POINT('',(-147.048278205584,135.034984328955,-37.5200010736621));
#8165=CARTESIAN_POINT('',(-147.048278205584,135.934984328955,-37.7450010736621));
#8166=CARTESIAN_POINT('',(-149.198278205584,135.034984328955,-37.5200010736621));
#8167=CARTESIAN_POINT('Origin',(-149.198278205584,136.534984328955,-38.2700010736621));
#8168=CARTESIAN_POINT('',(-143.798278205584,136.534984328955,-38.6450010736621));
#8169=CARTESIAN_POINT('',(-143.798278205584,136.534984328955,-38.6450010736621));
#8170=CARTESIAN_POINT('',(-146.448278205585,136.534984328955,-38.6450010736621));
#8171=CARTESIAN_POINT('',(-148.598278205584,136.534984328955,-38.6450010736621));
#8172=CARTESIAN_POINT('',(-146.448278205585,136.534984328955,-38.6450010736621));
#8173=CARTESIAN_POINT('Origin',(-149.198278205584,128.188014184672,-40.7317436097326));
#8174=CARTESIAN_POINT('',(-143.798278205584,136.534984328955,-38.6450010736621));
#8175=CARTESIAN_POINT('',(-147.048278205584,135.034984328955,-39.0200010736621));
#8176=CARTESIAN_POINT('',(-149.198278205584,135.034984328955,-39.0200010736621));
#8177=CARTESIAN_POINT('',(-147.048278205584,135.934984328954,-38.7950010736621));
#8178=CARTESIAN_POINT('',(-147.048278205584,135.034984328955,-39.0200010736621));
#8179=CARTESIAN_POINT('',(-146.448278205585,136.534984328955,-38.6450010736621));
#8180=CARTESIAN_POINT('Origin',(-149.198278205584,127.397172341326,-35.7385647234359));
#8181=CARTESIAN_POINT('',(-143.798278205584,135.980451594897,-35.1438191840726));
#8182=CARTESIAN_POINT('',(-143.198278205584,135.363465135964,-35.1865709032533));
#8183=CARTESIAN_POINT('',(-146.448278205585,135.980451594897,-35.1438191840726));
#8184=CARTESIAN_POINT('',(-148.598278205584,135.980451594897,-35.1438191840726));
#8185=CARTESIAN_POINT('',(-147.048278205584,135.363465135964,-35.1865709032533));
#8186=CARTESIAN_POINT('',(-147.048278205584,135.363465135964,-35.1865709032533));
#8187=CARTESIAN_POINT('',(-147.048278205584,134.437985447564,-35.2506984820243));
#8188=CARTESIAN_POINT('',(-147.048278205584,135.363465135964,-35.1865709032533));
#8189=CARTESIAN_POINT('',(-149.198278205584,134.437985447564,-35.2506984820243));
#8190=CARTESIAN_POINT('Origin',(-149.198278205584,136.096332967788,-35.5004653776833));
#8191=CARTESIAN_POINT('',(-143.798278205584,136.212214340679,-35.8571115712939));
#8192=CARTESIAN_POINT('',(-143.798278205584,136.212214340679,-35.8571115712939));
#8193=CARTESIAN_POINT('',(-146.448278205585,136.212214340679,-35.8571115712939));
#8194=CARTESIAN_POINT('',(-148.598278205584,136.212214340679,-35.8571115712939));
#8195=CARTESIAN_POINT('',(-146.448278205585,136.212214340679,-35.8571115712939));
#8196=CARTESIAN_POINT('Origin',(-149.198278205584,128.918612900169,-40.4210772841775));
#8197=CARTESIAN_POINT('',(-143.798278205584,136.212214340679,-35.8571115712939));
#8198=CARTESIAN_POINT('',(-147.048278205584,134.901510939127,-36.677283256467));
#8199=CARTESIAN_POINT('',(-149.198278205584,134.901510939127,-36.677283256467));
#8200=CARTESIAN_POINT('',(-147.048278205584,135.687932980058,-36.1851802453632));
#8201=CARTESIAN_POINT('',(-147.048278205584,134.901510939127,-36.677283256467));
#8202=CARTESIAN_POINT('',(-146.448278205585,136.212214340679,-35.8571115712939));
#8203=CARTESIAN_POINT('Origin',(-149.198278205584,126.623500479876,-35.9166655367945));
#8204=CARTESIAN_POINT('',(-143.798278205584,134.602897666174,-32.6986497592261));
#8205=CARTESIAN_POINT('',(-143.198278205584,134.029319681705,-32.9299683614453));
#8206=CARTESIAN_POINT('',(-146.448278205585,134.602897666174,-32.6986497592261));
#8207=CARTESIAN_POINT('',(-148.598278205584,134.602897666174,-32.6986497592261));
#8208=CARTESIAN_POINT('',(-147.048278205584,134.029319681705,-32.9299683614453));
#8209=CARTESIAN_POINT('',(-147.048278205584,134.029319681705,-32.9299683614453));
#8210=CARTESIAN_POINT('',(-147.048278205584,133.168952705002,-33.2769462647742));
#8211=CARTESIAN_POINT('',(-147.048278205584,134.029319681705,-32.9299683614453));
#8212=CARTESIAN_POINT('',(-149.198278205584,133.168952705002,-33.2769462647742));
#8213=CARTESIAN_POINT('Origin',(-149.198278205584,134.823317135784,-33.0020311321167));
#8214=CARTESIAN_POINT('',(-143.798278205584,135.043736605393,-33.3054125050073));
#8215=CARTESIAN_POINT('',(-143.798278205584,135.043736605393,-33.3054125050073));
#8216=CARTESIAN_POINT('',(-146.448278205585,135.043736605393,-33.3054125050073));
#8217=CARTESIAN_POINT('',(-148.598278205584,135.043736605393,-33.3054125050073));
#8218=CARTESIAN_POINT('',(-146.448278205585,135.043736605393,-33.3054125050073));
#8219=CARTESIAN_POINT('Origin',(-149.198278205584,129.517452395162,-39.899848631708));
#8220=CARTESIAN_POINT('',(-143.798278205584,135.043736605393,-33.3054125050073));
#8221=CARTESIAN_POINT('',(-147.048278205584,134.05063058344,-34.4904717563366));
#8222=CARTESIAN_POINT('',(-149.198278205584,134.05063058344,-34.4904717563366));
#8223=CARTESIAN_POINT('',(-147.048278205584,134.646494196612,-33.779436205539));
#8224=CARTESIAN_POINT('',(-147.048278205584,134.05063058344,-34.4904717563366));
#8225=CARTESIAN_POINT('',(-146.448278205585,135.043736605393,-33.3054125050073));
#8226=CARTESIAN_POINT('Origin',(-149.198278205584,125.942730992609,-36.3251272291546));
#8227=CARTESIAN_POINT('',(-143.798278205584,132.53716711931,-30.7988430189238));
#8228=CARTESIAN_POINT('',(-143.198278205584,132.063143418778,-31.1960854277048));
#8229=CARTESIAN_POINT('',(-146.448278205585,132.53716711931,-30.7988430189238));
#8230=CARTESIAN_POINT('',(-148.598278205584,132.53716711931,-30.7988430189238));
#8231=CARTESIAN_POINT('',(-147.048278205584,132.063143418778,-31.1960854277049));
#8232=CARTESIAN_POINT('',(-147.048278205584,132.063143418778,-31.1960854277049));
#8233=CARTESIAN_POINT('',(-147.048278205584,131.35210786798,-31.7919490408765));
#8234=CARTESIAN_POINT('',(-147.048278205584,132.063143418778,-31.1960854277049));
#8235=CARTESIAN_POINT('',(-149.198278205584,131.35210786798,-31.7919490408765));
#8236=CARTESIAN_POINT('Origin',(-149.198278205584,132.8405484922,-31.0192624885334));
#8237=CARTESIAN_POINT('',(-143.798278205584,133.143929865091,-31.2396819581431));
#8238=CARTESIAN_POINT('',(-143.798278205584,133.143929865091,-31.2396819581431));
#8239=CARTESIAN_POINT('',(-146.448278205585,133.143929865091,-31.2396819581431));
#8240=CARTESIAN_POINT('',(-148.598278205584,133.143929865091,-31.2396819581431));
#8241=CARTESIAN_POINT('',(-146.448278205585,133.143929865091,-31.2396819581431));
#8242=CARTESIAN_POINT('Origin',(-149.198278205584,129.925914087522,-39.2190791444412));
#8243=CARTESIAN_POINT('',(-143.798278205584,133.143929865091,-31.2396819581431));
#8244=CARTESIAN_POINT('',(-147.048278205584,132.565633359543,-32.6736269193152));
#8245=CARTESIAN_POINT('',(-149.198278205584,132.565633359543,-32.6736269193152));
#8246=CARTESIAN_POINT('',(-147.048278205584,132.912611262872,-31.8132599426119));
#8247=CARTESIAN_POINT('',(-147.048278205584,132.565633359543,-32.6736269193152));
#8248=CARTESIAN_POINT('',(-146.448278205585,133.143929865091,-31.2396819581431));
#8249=CARTESIAN_POINT('Origin',(-149.198278205584,125.110836014584,-37.6545654396445));
#8250=CARTESIAN_POINT('',(-143.798278205584,127.197578550655,-29.3075952953624));
#8251=CARTESIAN_POINT('',(-143.198278205584,127.047578550655,-29.9075952953624));
#8252=CARTESIAN_POINT('',(-146.448278205584,127.197578550655,-29.3075952953624));
#8253=CARTESIAN_POINT('',(-148.598278205584,127.197578550655,-29.3075952953624));
#8254=CARTESIAN_POINT('',(-147.048278205584,127.047578550655,-29.9075952953624));
#8255=CARTESIAN_POINT('',(-147.048278205584,127.047578550655,-29.9075952953624));
#8256=CARTESIAN_POINT('',(-147.048278205584,126.822578550655,-30.8075952953624));
#8257=CARTESIAN_POINT('',(-147.048278205584,127.047578550655,-29.9075952953624));
#8258=CARTESIAN_POINT('',(-149.198278205584,126.822578550655,-30.8075952953624));
#8259=CARTESIAN_POINT('Origin',(-149.198278205584,127.572578550655,-29.3075952953624));
#8260=CARTESIAN_POINT('',(-143.798278205584,127.947578550655,-29.3075952953624));
#8261=CARTESIAN_POINT('',(-143.798278205584,127.947578550655,-29.3075952953624));
#8262=CARTESIAN_POINT('',(-146.448278205585,127.947578550655,-29.3075952953624));
#8263=CARTESIAN_POINT('',(-148.598278205584,127.947578550655,-29.3075952953624));
#8264=CARTESIAN_POINT('',(-146.448278205585,127.947578550655,-29.3075952953624));
#8265=CARTESIAN_POINT('Origin',(-149.198278205584,130.034321086725,-37.6545654396445));
#8266=CARTESIAN_POINT('',(-143.798278205584,127.947578550655,-29.3075952953624));
#8267=CARTESIAN_POINT('',(-147.048278205584,128.322578550655,-30.8075952953624));
#8268=CARTESIAN_POINT('',(-149.198278205584,128.322578550655,-30.8075952953624));
#8269=CARTESIAN_POINT('',(-147.048278205584,128.097578550655,-29.9075952953624));
#8270=CARTESIAN_POINT('',(-147.048278205584,128.322578550655,-30.8075952953624));
#8271=CARTESIAN_POINT('',(-146.448278205585,127.947578550655,-29.3075952953624));
#8272=CARTESIAN_POINT('Origin',(-149.198278205584,127.572578550655,-38.2700010736621));
#8273=CARTESIAN_POINT('Origin',(-147.048278205584,127.572578550655,-38.2700010736621));
#8274=CARTESIAN_POINT('Origin',(-149.198278205584,127.572578550655,-38.2700010736621));
#8275=CARTESIAN_POINT('Origin',(-147.048278205584,127.572578550655,-38.2700010736621));
#8276=CARTESIAN_POINT('Origin',(-149.198278205584,127.572578550655,-38.2700010736621));
#8277=CARTESIAN_POINT('Origin',(-147.048278205584,127.572578550655,-38.2700010736621));
#8278=CARTESIAN_POINT('Origin',(-149.198278205584,127.572578550655,-38.2700010736621));
#8279=CARTESIAN_POINT('Origin',(-147.048278205584,127.572578550655,-38.2700010736621));
#8280=CARTESIAN_POINT('Origin',(-149.198278205584,127.572578550655,-38.2700010736621));
#8281=CARTESIAN_POINT('Origin',(-147.048278205584,127.572578550655,-38.2700010736621));
#8282=CARTESIAN_POINT('Origin',(-149.198278205584,127.572578550655,-38.2700010736621));
#8283=CARTESIAN_POINT('Origin',(-147.048278205584,127.572578550655,-38.2700010736621));
#8284=CARTESIAN_POINT('Origin',(-149.198278205584,127.572578550655,-38.2700010736621));
#8285=CARTESIAN_POINT('Origin',(-147.048278205584,127.572578550655,-38.2700010736621));
#8286=CARTESIAN_POINT('Origin',(-149.198278205584,127.572578550655,-38.2700010736621));
#8287=CARTESIAN_POINT('Origin',(-147.048278205584,127.572578550655,-38.2700010736621));
#8288=CARTESIAN_POINT('Origin',(-149.198278205584,127.572578550655,-38.2700010736621));
#8289=CARTESIAN_POINT('Origin',(-147.048278205584,127.572578550655,-38.2700010736621));
#8290=CARTESIAN_POINT('Origin',(-149.198278205584,127.572578550655,-38.2700010736621));
#8291=CARTESIAN_POINT('Origin',(-147.048278205584,127.572578550655,-38.2700010736621));
#8292=CARTESIAN_POINT('Origin',(-149.198278205584,127.572578550655,-38.2700010736621));
#8293=CARTESIAN_POINT('Origin',(-147.048278205584,127.572578550655,-38.2700010736621));
#8294=CARTESIAN_POINT('Origin',(-149.198278205584,127.572578550655,-38.2700010736621));
#8295=CARTESIAN_POINT('Origin',(-147.048278205584,127.572578550655,-38.2700010736621));
#8296=CARTESIAN_POINT('Origin',(-149.198278205584,127.572578550655,-38.2700010736621));
#8297=CARTESIAN_POINT('Origin',(-147.048278205584,127.572578550655,-38.2700010736621));
#8298=CARTESIAN_POINT('Origin',(-149.198278205584,127.572578550655,-38.2700010736621));
#8299=CARTESIAN_POINT('Origin',(-147.048278205584,127.572578550655,-38.2700010736621));
#8300=CARTESIAN_POINT('Origin',(-149.198278205584,127.572578550655,-38.2700010736621));
#8301=CARTESIAN_POINT('Origin',(-147.048278205584,127.572578550655,-38.2700010736621));
#8302=CARTESIAN_POINT('Origin',(-149.198278205584,127.572578550655,-38.2700010736621));
#8303=CARTESIAN_POINT('Origin',(-147.048278205584,127.572578550655,-38.2700010736621));
#8304=CARTESIAN_POINT('Origin',(-149.198278205584,127.572578550655,-38.2700010736621));
#8305=CARTESIAN_POINT('Origin',(-147.048278205584,127.572578550655,-38.2700010736621));
#8306=CARTESIAN_POINT('Origin',(-149.198278205584,127.572578550655,-38.2700010736621));
#8307=CARTESIAN_POINT('Origin',(-147.048278205584,127.572578550655,-38.2700010736621));
#8308=CARTESIAN_POINT('Origin',(-149.198278205584,127.572578550655,-38.2700010736621));
#8309=CARTESIAN_POINT('Origin',(-147.048278205584,127.572578550655,-38.2700010736621));
#8310=CARTESIAN_POINT('Origin',(-149.198278205584,127.572578550655,-38.2700010736621));
#8311=CARTESIAN_POINT('Origin',(-147.048278205584,127.572578550655,-38.2700010736621));
#8312=CARTESIAN_POINT('Origin',(-149.198278205584,127.572578550655,-38.2700010736621));
#8313=CARTESIAN_POINT('',(-149.198278205584,127.572578550655,-40.5200010736621));
#8314=CARTESIAN_POINT('Origin',(-147.048278205584,127.572578550655,-38.2700010736621));
#8315=CARTESIAN_POINT('',(-147.048278205584,132.063143418778,-31.1960854277049));
#8316=CARTESIAN_POINT('',(-147.048278205584,134.029319681705,-32.9299683614453));
#8317=CARTESIAN_POINT('',(-147.048278205584,135.363465135964,-35.1865709032533));
#8318=CARTESIAN_POINT('',(-147.048278205584,135.934984328955,-37.7450010736621));
#8319=CARTESIAN_POINT('',(-147.048278205584,135.687932980058,-40.354821901961));
#8320=CARTESIAN_POINT('',(-147.048278205584,134.646494196612,-42.7605659417851));
#8321=CARTESIAN_POINT('',(-147.048278205584,132.912611262872,-44.7267422047122));
#8322=CARTESIAN_POINT('',(-147.048278205584,130.656008721064,-46.0608876589713));
#8323=CARTESIAN_POINT('',(-147.048278205584,128.097578550655,-46.6324068519617));
#8324=CARTESIAN_POINT('',(-147.048278205584,125.487757722356,-46.385355503065));
#8325=CARTESIAN_POINT('',(-147.048278205584,123.082013682532,-45.3439167196193));
#8326=CARTESIAN_POINT('',(-147.048278205584,121.115837419605,-43.6100337858788));
#8327=CARTESIAN_POINT('',(-147.048278205584,119.781691965346,-41.3534312440709));
#8328=CARTESIAN_POINT('',(-147.048278205584,119.210172772355,-38.7950010736621));
#8329=CARTESIAN_POINT('',(-147.048278205584,119.457224121252,-36.1851802453632));
#8330=CARTESIAN_POINT('',(-147.048278205584,120.498662904698,-33.779436205539));
#8331=CARTESIAN_POINT('',(-147.048278205584,122.232545838438,-31.8132599426119));
#8332=CARTESIAN_POINT('',(-147.048278205584,124.489148380246,-30.4791144883528));
#8333=CARTESIAN_POINT('',(-147.048278205584,127.047578550655,-29.9075952953624));
#8334=CARTESIAN_POINT('',(-147.048278205584,129.657399378954,-30.1546466442593));
#8335=CARTESIAN_POINT('Origin',(-146.448278205585,132.8405484922,-31.0192624885334));
#8336=CARTESIAN_POINT('Origin',(-146.448278205585,134.823317135784,-33.0020311321167));
#8337=CARTESIAN_POINT('Origin',(-146.448278205585,136.096332967788,-35.5004653776833));
#8338=CARTESIAN_POINT('Origin',(-146.448278205585,136.534984328955,-38.2700010736621));
#8339=CARTESIAN_POINT('Origin',(-146.448278205585,136.096332967788,-41.0395367696409));
#8340=CARTESIAN_POINT('Origin',(-146.448278205585,134.823317135784,-43.5379710152074));
#8341=CARTESIAN_POINT('Origin',(-146.448278205585,132.8405484922,-45.5207396587907));
#8342=CARTESIAN_POINT('Origin',(-146.448278205585,130.342114246634,-46.7937554907953));
#8343=CARTESIAN_POINT('Origin',(-146.448278205584,127.572578550655,-47.2324068519617));
#8344=CARTESIAN_POINT('Origin',(-146.448278205584,124.803042854676,-46.7937554907953));
#8345=CARTESIAN_POINT('Origin',(-146.448278205584,122.30460860911,-45.5207396587907));
#8346=CARTESIAN_POINT('Origin',(-146.448278205584,120.321839965526,-43.5379710152074));
#8347=CARTESIAN_POINT('Origin',(-146.448278205584,119.048824133522,-41.0395367696409));
#8348=CARTESIAN_POINT('Origin',(-146.448278205584,118.610172772355,-38.2700010736621));
#8349=CARTESIAN_POINT('Origin',(-146.448278205584,119.048824133522,-35.5004653776833));
#8350=CARTESIAN_POINT('Origin',(-146.448278205584,120.321839965526,-33.0020311321167));
#8351=CARTESIAN_POINT('Origin',(-146.448278205584,122.30460860911,-31.0192624885334));
#8352=CARTESIAN_POINT('Origin',(-146.448278205585,130.342114246634,-29.7462466565291));
#8353=CARTESIAN_POINT('Origin',(-146.448278205584,124.803042854676,-29.7462466565289));
#8354=CARTESIAN_POINT('Origin',(-146.448278205585,127.572578550655,-29.3075952953624));
#8355=CARTESIAN_POINT('Origin',(-143.798278205584,127.572578550655,-29.3075952953624));
#8356=CARTESIAN_POINT('Origin',(-143.798278205584,132.8405484922,-31.0192624885334));
#8357=CARTESIAN_POINT('Origin',(-143.798278205584,134.823317135784,-33.0020311321167));
#8358=CARTESIAN_POINT('Origin',(-143.798278205584,136.096332967788,-35.5004653776833));
#8359=CARTESIAN_POINT('Origin',(-143.798278205584,136.534984328955,-38.2700010736621));
#8360=CARTESIAN_POINT('Origin',(-143.798278205584,136.096332967788,-41.0395367696409));
#8361=CARTESIAN_POINT('Origin',(-143.798278205584,134.823317135784,-43.5379710152074));
#8362=CARTESIAN_POINT('Origin',(-143.798278205584,132.8405484922,-45.5207396587907));
#8363=CARTESIAN_POINT('Origin',(-143.798278205584,130.342114246634,-46.7937554907953));
#8364=CARTESIAN_POINT('Origin',(-143.798278205584,127.572578550655,-47.2324068519617));
#8365=CARTESIAN_POINT('Origin',(-143.798278205584,124.803042854676,-46.7937554907953));
#8366=CARTESIAN_POINT('Origin',(-143.798278205584,122.30460860911,-45.5207396587907));
#8367=CARTESIAN_POINT('Origin',(-143.798278205584,120.321839965526,-43.5379710152074));
#8368=CARTESIAN_POINT('Origin',(-143.798278205584,119.048824133522,-41.0395367696409));
#8369=CARTESIAN_POINT('Origin',(-143.798278205584,118.610172772355,-38.2700010736621));
#8370=CARTESIAN_POINT('Origin',(-143.798278205584,119.048824133522,-35.5004653776833));
#8371=CARTESIAN_POINT('Origin',(-143.798278205584,120.321839965526,-33.0020311321167));
#8372=CARTESIAN_POINT('Origin',(-143.798278205584,122.30460860911,-31.0192624885334));
#8373=CARTESIAN_POINT('Origin',(-143.798278205584,130.342114246634,-29.7462466565291));
#8374=CARTESIAN_POINT('Origin',(-143.798278205584,124.803042854676,-29.7462466565289));
#8375=UNCERTAINTY_MEASURE_WITH_UNIT(LENGTH_MEASURE(0.01),#8379,
'DISTANCE_ACCURACY_VALUE',
'Maximum model space distance between geometric entities at asserted c
onnectivities');
#8376=UNCERTAINTY_MEASURE_WITH_UNIT(LENGTH_MEASURE(0.01),#8379,
'DISTANCE_ACCURACY_VALUE',
'Maximum model space distance between geometric entities at asserted c
onnectivities');
#8377=(
GEOMETRIC_REPRESENTATION_CONTEXT(3)
GLOBAL_UNCERTAINTY_ASSIGNED_CONTEXT((#8375))
GLOBAL_UNIT_ASSIGNED_CONTEXT((#8379,#8381,#8382))
REPRESENTATION_CONTEXT('','3D')
);
#8378=(
GEOMETRIC_REPRESENTATION_CONTEXT(3)
GLOBAL_UNCERTAINTY_ASSIGNED_CONTEXT((#8376))
GLOBAL_UNIT_ASSIGNED_CONTEXT((#8379,#8381,#8382))
REPRESENTATION_CONTEXT('','3D')
);
#8379=(
LENGTH_UNIT()
NAMED_UNIT(*)
SI_UNIT(.MILLI.,.METRE.)
);
#8380=(
LENGTH_UNIT()
NAMED_UNIT(*)
SI_UNIT($,.METRE.)
);
#8381=(
NAMED_UNIT(*)
PLANE_ANGLE_UNIT()
SI_UNIT($,.RADIAN.)
);
#8382=(
NAMED_UNIT(*)
SI_UNIT($,.STERADIAN.)
SOLID_ANGLE_UNIT()
);
#8383=SHAPE_DEFINITION_REPRESENTATION(#8384,#8385);
#8384=PRODUCT_DEFINITION_SHAPE('',$,#8387);
#8385=SHAPE_REPRESENTATION('',(#5047),#8377);
#8386=PRODUCT_DEFINITION_CONTEXT('part definition',#8391,'design');
#8387=PRODUCT_DEFINITION('2026-08-03-14-40-19-866','robot',#8388,#8386);
#8388=PRODUCT_DEFINITION_FORMATION('',$,#8393);
#8389=PRODUCT_RELATED_PRODUCT_CATEGORY('robot','robot',(#8393));
#8390=APPLICATION_PROTOCOL_DEFINITION('international standard',
'automotive_design',2009,#8391);
#8391=APPLICATION_CONTEXT(
'Core Data for Automotive Mechanical Design Process');
#8392=PRODUCT_CONTEXT('part definition',#8391,'mechanical');
#8393=PRODUCT('2026-08-03-14-40-19-866','robot',
'Spur Gear; Module: 1.0; Num Teeth: 16; Pressure Angle: 20.0; Backlash
: 0.00 mm',(#8392));
#8394=PRESENTATION_STYLE_ASSIGNMENT((#8420));
#8395=PRESENTATION_STYLE_ASSIGNMENT((#8421));
#8396=PRESENTATION_STYLE_ASSIGNMENT((#8422));
#8397=PRESENTATION_STYLE_ASSIGNMENT((#8423));
#8398=PRESENTATION_STYLE_ASSIGNMENT((#8424));
#8399=PRESENTATION_STYLE_ASSIGNMENT((#8425));
#8400=PRESENTATION_STYLE_ASSIGNMENT((#8426));
#8401=PRESENTATION_STYLE_ASSIGNMENT((#8427));
#8402=PRESENTATION_STYLE_ASSIGNMENT((#8428));
#8403=PRESENTATION_STYLE_ASSIGNMENT((#8429));
#8404=PRESENTATION_STYLE_ASSIGNMENT((#8430));
#8405=PRESENTATION_STYLE_ASSIGNMENT((#8431));
#8406=PRESENTATION_STYLE_ASSIGNMENT((#8432));
#8407=PRESENTATION_STYLE_ASSIGNMENT((#8433));
#8408=PRESENTATION_STYLE_ASSIGNMENT((#8434));
#8409=PRESENTATION_STYLE_ASSIGNMENT((#8435));
#8410=PRESENTATION_STYLE_ASSIGNMENT((#8436));
#8411=PRESENTATION_STYLE_ASSIGNMENT((#8437));
#8412=PRESENTATION_STYLE_ASSIGNMENT((#8438));
#8413=PRESENTATION_STYLE_ASSIGNMENT((#8439));
#8414=PRESENTATION_STYLE_ASSIGNMENT((#8440));
#8415=PRESENTATION_STYLE_ASSIGNMENT((#8441));
#8416=PRESENTATION_STYLE_ASSIGNMENT((#8442));
#8417=PRESENTATION_STYLE_ASSIGNMENT((#8443));
#8418=PRESENTATION_STYLE_ASSIGNMENT((#8444));
#8419=PRESENTATION_STYLE_ASSIGNMENT((#8445));
#8420=SURFACE_STYLE_USAGE(.BOTH.,#8446);
#8421=SURFACE_STYLE_USAGE(.BOTH.,#8447);
#8422=SURFACE_STYLE_USAGE(.BOTH.,#8448);
#8423=SURFACE_STYLE_USAGE(.BOTH.,#8449);
#8424=SURFACE_STYLE_USAGE(.BOTH.,#8450);
#8425=SURFACE_STYLE_USAGE(.BOTH.,#8451);
#8426=SURFACE_STYLE_USAGE(.BOTH.,#8452);
#8427=SURFACE_STYLE_USAGE(.BOTH.,#8453);
#8428=SURFACE_STYLE_USAGE(.BOTH.,#8454);
#8429=SURFACE_STYLE_USAGE(.BOTH.,#8455);
#8430=SURFACE_STYLE_USAGE(.BOTH.,#8456);
#8431=SURFACE_STYLE_USAGE(.BOTH.,#8457);
#8432=SURFACE_STYLE_USAGE(.BOTH.,#8458);
#8433=SURFACE_STYLE_USAGE(.BOTH.,#8459);
#8434=SURFACE_STYLE_USAGE(.BOTH.,#8460);
#8435=SURFACE_STYLE_USAGE(.BOTH.,#8461);
#8436=SURFACE_STYLE_USAGE(.BOTH.,#8462);
#8437=SURFACE_STYLE_USAGE(.BOTH.,#8463);
#8438=SURFACE_STYLE_USAGE(.BOTH.,#8464);
#8439=SURFACE_STYLE_USAGE(.BOTH.,#8465);
#8440=SURFACE_STYLE_USAGE(.BOTH.,#8466);
#8441=SURFACE_STYLE_USAGE(.BOTH.,#8467);
#8442=SURFACE_STYLE_USAGE(.BOTH.,#8468);
#8443=SURFACE_STYLE_USAGE(.BOTH.,#8469);
#8444=SURFACE_STYLE_USAGE(.BOTH.,#8470);
#8445=SURFACE_STYLE_USAGE(.BOTH.,#8471);
#8446=SURFACE_SIDE_STYLE('',(#8472));
#8447=SURFACE_SIDE_STYLE('',(#8473));
#8448=SURFACE_SIDE_STYLE('',(#8474));
#8449=SURFACE_SIDE_STYLE('',(#8475));
#8450=SURFACE_SIDE_STYLE('',(#8476));
#8451=SURFACE_SIDE_STYLE('',(#8477));
#8452=SURFACE_SIDE_STYLE('',(#8478));
#8453=SURFACE_SIDE_STYLE('',(#8479));
#8454=SURFACE_SIDE_STYLE('',(#8480));
#8455=SURFACE_SIDE_STYLE('',(#8481));
#8456=SURFACE_SIDE_STYLE('',(#8482));
#8457=SURFACE_SIDE_STYLE('',(#8483));
#8458=SURFACE_SIDE_STYLE('',(#8484));
#8459=SURFACE_SIDE_STYLE('',(#8485));
#8460=SURFACE_SIDE_STYLE('',(#8486));
#8461=SURFACE_SIDE_STYLE('',(#8487));
#8462=SURFACE_SIDE_STYLE('',(#8488));
#8463=SURFACE_SIDE_STYLE('',(#8489));
#8464=SURFACE_SIDE_STYLE('',(#8490));
#8465=SURFACE_SIDE_STYLE('',(#8491));
#8466=SURFACE_SIDE_STYLE('',(#8492));
#8467=SURFACE_SIDE_STYLE('',(#8493));
#8468=SURFACE_SIDE_STYLE('',(#8494));
#8469=SURFACE_SIDE_STYLE('',(#8495));
#8470=SURFACE_SIDE_STYLE('',(#8496));
#8471=SURFACE_SIDE_STYLE('',(#8497));
#8472=SURFACE_STYLE_FILL_AREA(#8498);
#8473=SURFACE_STYLE_FILL_AREA(#8499);
#8474=SURFACE_STYLE_FILL_AREA(#8500);
#8475=SURFACE_STYLE_FILL_AREA(#8501);
#8476=SURFACE_STYLE_FILL_AREA(#8502);
#8477=SURFACE_STYLE_FILL_AREA(#8503);
#8478=SURFACE_STYLE_FILL_AREA(#8504);
#8479=SURFACE_STYLE_FILL_AREA(#8505);
#8480=SURFACE_STYLE_FILL_AREA(#8506);
#8481=SURFACE_STYLE_FILL_AREA(#8507);
#8482=SURFACE_STYLE_FILL_AREA(#8508);
#8483=SURFACE_STYLE_FILL_AREA(#8509);
#8484=SURFACE_STYLE_FILL_AREA(#8510);
#8485=SURFACE_STYLE_FILL_AREA(#8511);
#8486=SURFACE_STYLE_FILL_AREA(#8512);
#8487=SURFACE_STYLE_FILL_AREA(#8513);
#8488=SURFACE_STYLE_FILL_AREA(#8514);
#8489=SURFACE_STYLE_FILL_AREA(#8515);
#8490=SURFACE_STYLE_FILL_AREA(#8516);
#8491=SURFACE_STYLE_FILL_AREA(#8517);
#8492=SURFACE_STYLE_FILL_AREA(#8518);
#8493=SURFACE_STYLE_FILL_AREA(#8519);
#8494=SURFACE_STYLE_FILL_AREA(#8520);
#8495=SURFACE_STYLE_FILL_AREA(#8521);
#8496=SURFACE_STYLE_FILL_AREA(#8522);
#8497=SURFACE_STYLE_FILL_AREA(#8523);
#8498=FILL_AREA_STYLE('Steel - Satin',(#8524));
#8499=FILL_AREA_STYLE('Opaque(76,76,76)',(#8525));
#8500=FILL_AREA_STYLE('Opaque(51,51,51)',(#8526));
#8501=FILL_AREA_STYLE('Opaque(223,223,223)',(#8527));
#8502=FILL_AREA_STYLE('Opaque(255,255,255)',(#8528));
#8503=FILL_AREA_STYLE('Opaque(255,202,0)',(#8529));
#8504=FILL_AREA_STYLE('Opaque(152,170,175)',(#8530));
#8505=FILL_AREA_STYLE('Opaque(153,153,153)',(#8531));
#8506=FILL_AREA_STYLE('Opaque(195,225,190)',(#8532));
#8507=FILL_AREA_STYLE('Opaque(255,153,0)',(#8533));
#8508=FILL_AREA_STYLE('Opaque(204,255,51)',(#8534));
#8509=FILL_AREA_STYLE('Opaque(0,153,0)',(#8535));
#8510=FILL_AREA_STYLE('Opaque(153,102,51)',(#8536));
#8511=FILL_AREA_STYLE('Opaque(0,153,255)',(#8537));
#8512=FILL_AREA_STYLE('Opaque(230,235,235)',(#8538));
#8513=FILL_AREA_STYLE('Opaque(255,245,227)',(#8539));
#8514=FILL_AREA_STYLE('Opaque(204,0,0)',(#8540));
#8515=FILL_AREA_STYLE('Opaque(0,0,172)',(#8541));
#8516=FILL_AREA_STYLE('Opaque(255,248,56)',(#8542));
#8517=FILL_AREA_STYLE('Opaque(112,112,112)',(#8543));
#8518=FILL_AREA_STYLE('Opaque(112,121,128)',(#8544));
#8519=FILL_AREA_STYLE('Opaque(234,234,234)',(#8545));
#8520=FILL_AREA_STYLE('Opaque(95,167,61)',(#8546));
#8521=FILL_AREA_STYLE('Opaque(131,188,104)',(#8547));
#8522=FILL_AREA_STYLE('Opaque(30,23,23)',(#8548));
#8523=FILL_AREA_STYLE('Opaque(202,209,238)',(#8549));
#8524=FILL_AREA_STYLE_COLOUR('Steel - Satin',#8550);
#8525=FILL_AREA_STYLE_COLOUR('Opaque(76,76,76)',#8551);
#8526=FILL_AREA_STYLE_COLOUR('Opaque(51,51,51)',#8552);
#8527=FILL_AREA_STYLE_COLOUR('Opaque(223,223,223)',#8553);
#8528=FILL_AREA_STYLE_COLOUR('Opaque(255,255,255)',#8554);
#8529=FILL_AREA_STYLE_COLOUR('Opaque(255,202,0)',#8555);
#8530=FILL_AREA_STYLE_COLOUR('Opaque(152,170,175)',#8556);
#8531=FILL_AREA_STYLE_COLOUR('Opaque(153,153,153)',#8557);
#8532=FILL_AREA_STYLE_COLOUR('Opaque(195,225,190)',#8558);
#8533=FILL_AREA_STYLE_COLOUR('Opaque(255,153,0)',#8559);
#8534=FILL_AREA_STYLE_COLOUR('Opaque(204,255,51)',#8560);
#8535=FILL_AREA_STYLE_COLOUR('Opaque(0,153,0)',#8561);
#8536=FILL_AREA_STYLE_COLOUR('Opaque(153,102,51)',#8562);
#8537=FILL_AREA_STYLE_COLOUR('Opaque(0,153,255)',#8563);
#8538=FILL_AREA_STYLE_COLOUR('Opaque(230,235,235)',#8564);
#8539=FILL_AREA_STYLE_COLOUR('Opaque(255,245,227)',#8565);
#8540=FILL_AREA_STYLE_COLOUR('Opaque(204,0,0)',#8566);
#8541=FILL_AREA_STYLE_COLOUR('Opaque(0,0,172)',#8567);
#8542=FILL_AREA_STYLE_COLOUR('Opaque(255,248,56)',#8568);
#8543=FILL_AREA_STYLE_COLOUR('Opaque(112,112,112)',#8569);
#8544=FILL_AREA_STYLE_COLOUR('Opaque(112,121,128)',#8570);
#8545=FILL_AREA_STYLE_COLOUR('Opaque(234,234,234)',#8571);
#8546=FILL_AREA_STYLE_COLOUR('Opaque(95,167,61)',#8572);
#8547=FILL_AREA_STYLE_COLOUR('Opaque(131,188,104)',#8573);
#8548=FILL_AREA_STYLE_COLOUR('Opaque(30,23,23)',#8574);
#8549=FILL_AREA_STYLE_COLOUR('Opaque(202,209,238)',#8575);
#8550=COLOUR_RGB('Steel - Satin',0.627450980392157,0.627450980392157,0.627450980392157);
#8551=COLOUR_RGB('Opaque(76,76,76)',0.298039215686275,0.298039215686275,
0.298039215686275);
#8552=COLOUR_RGB('Opaque(51,51,51)',0.2,0.2,0.2);
#8553=COLOUR_RGB('Opaque(223,223,223)',0.874509803921569,0.874509803921569,
0.874509803921569);
#8554=COLOUR_RGB('Opaque(255,255,255)',1.,1.,1.);
#8555=COLOUR_RGB('Opaque(255,202,0)',1.,0.792156862745098,0.);
#8556=COLOUR_RGB('Opaque(152,170,175)',0.596078431372549,0.666666666666667,
0.686274509803922);
#8557=COLOUR_RGB('Opaque(153,153,153)',0.6,0.6,0.6);
#8558=COLOUR_RGB('Opaque(195,225,190)',0.764705882352941,0.882352941176471,
0.745098039215686);
#8559=COLOUR_RGB('Opaque(255,153,0)',1.,0.6,0.);
#8560=COLOUR_RGB('Opaque(204,255,51)',0.8,1.,0.2);
#8561=COLOUR_RGB('Opaque(0,153,0)',0.,0.6,0.);
#8562=COLOUR_RGB('Opaque(153,102,51)',0.6,0.4,0.2);
#8563=COLOUR_RGB('Opaque(0,153,255)',0.,0.6,1.);
#8564=COLOUR_RGB('Opaque(230,235,235)',0.901960784313726,0.92156862745098,
0.92156862745098);
#8565=COLOUR_RGB('Opaque(255,245,227)',1.,0.96078431372549,0.890196078431372);
#8566=COLOUR_RGB('Opaque(204,0,0)',0.8,0.,0.);
#8567=COLOUR_RGB('Opaque(0,0,172)',0.,0.,0.674509803921569);
#8568=COLOUR_RGB('Opaque(255,248,56)',1.,0.972549019607843,0.219607843137255);
#8569=COLOUR_RGB('Opaque(112,112,112)',0.43921568627451,0.43921568627451,
0.43921568627451);
#8570=COLOUR_RGB('Opaque(112,121,128)',0.43921568627451,0.474509803921569,
0.501960784313725);
#8571=COLOUR_RGB('Opaque(234,234,234)',0.917647058823529,0.917647058823529,
0.917647058823529);
#8572=COLOUR_RGB('Opaque(95,167,61)',0.372549019607843,0.654901960784314,
0.23921568627451);
#8573=COLOUR_RGB('Opaque(131,188,104)',0.513725490196078,0.737254901960784,
0.407843137254902);
#8574=COLOUR_RGB('Opaque(30,23,23)',0.117647058823529,0.0901960784313725,
0.0901960784313725);
#8575=COLOUR_RGB('Opaque(202,209,238)',0.792156862745098,0.819607843137255,
0.933333333333333);
ENDSEC;
END-ISO-10303-21;
