solid ASCII
  facet normal -9.063078e-01 -4.226183e-01 -6.582273e-15
    outer loop
      vertex   -6.982243e+01 -9.880561e+01 8.594975e+01
      vertex   -7.278076e+01 -9.246146e+01 8.494975e+01
      vertex   -4.308513e+01 -1.561439e+02 7.894975e+01
    endloop
  endfacet
  facet normal -9.063078e-01 -4.226183e-01 1.294362e-15
    outer loop
      vertex   -4.308513e+01 -1.561439e+02 7.894975e+01
      vertex   -7.278076e+01 -9.246146e+01 8.494975e+01
      vertex   -7.278076e+01 -9.246146e+01 7.494975e+01
    endloop
  endfacet
  facet normal -9.063078e-01 -4.226183e-01 -9.255450e-15
    outer loop
      vertex   -4.308513e+01 -1.561439e+02 7.894975e+01
      vertex   -7.278076e+01 -9.246146e+01 7.494975e+01
      vertex   -6.982243e+01 -9.880561e+01 7.394975e+01
    endloop
  endfacet
  facet normal -9.063078e-01 -4.226183e-01 0.000000e+00
    outer loop
      vertex   -6.982243e+01 -9.880561e+01 7.394975e+01
      vertex   -4.308513e+01 -1.561439e+02 7.394975e+01
      vertex   -4.308513e+01 -1.561439e+02 7.894975e+01
    endloop
  endfacet
  facet normal -9.063078e-01 -4.226183e-01 9.199577e-16
    outer loop
      vertex   -4.308513e+01 -1.561439e+02 7.894975e+01
      vertex   -4.308513e+01 -1.561439e+02 8.594975e+01
      vertex   -6.982243e+01 -9.880561e+01 8.594975e+01
    endloop
  endfacet
  facet normal 8.288226e-02 -1.777416e-01 9.805807e-01
    outer loop
      vertex   -6.816005e+01 -9.527199e+01 8.574449e+01
      vertex   -5.094020e+01 -8.724224e+01 8.574449e+01
      vertex   -6.921660e+01 -9.300622e+01 8.624449e+01
    endloop
  endfacet
  facet normal 8.288226e-02 -1.777416e-01 9.805807e-01
    outer loop
      vertex   -6.921660e+01 -9.300622e+01 8.624449e+01
      vertex   -5.094020e+01 -8.724224e+01 8.574449e+01
      vertex   -5.199675e+01 -8.497647e+01 8.624449e+01
    endloop
  endfacet
  facet normal -9.063078e-01 -4.226183e-01 -0.000000e+00
    outer loop
      vertex   -6.816005e+01 -9.527199e+01 8.574449e+01
      vertex   -6.921660e+01 -9.300622e+01 8.624449e+01
      vertex   -6.816005e+01 -9.527199e+01 8.559260e+01
    endloop
  endfacet
  facet normal -9.063078e-01 -4.226183e-01 -1.525728e-14
    outer loop
      vertex   -6.816005e+01 -9.527199e+01 8.559260e+01
      vertex   -6.921660e+01 -9.300622e+01 8.624449e+01
      vertex   -7.006183e+01 -9.119360e+01 8.494975e+01
    endloop
  endfacet
  facet normal -9.063078e-01 -4.226183e-01 -5.638042e-15
    outer loop
      vertex   -7.006183e+01 -9.119360e+01 8.494975e+01
      vertex   -6.921660e+01 -9.300622e+01 8.624449e+01
      vertex   -7.007166e+01 -9.117253e+01 8.624449e+01
    endloop
  endfacet
  facet normal -9.063078e-01 -4.226183e-01 -5.627672e-15
    outer loop
      vertex   -7.006183e+01 -9.119360e+01 8.494975e+01
      vertex   -7.007166e+01 -9.117253e+01 8.624449e+01
      vertex   -7.169875e+01 -8.768323e+01 8.814449e+01
    endloop
  endfacet
  facet normal -9.063078e-01 -4.226183e-01 -0.000000e+00
    outer loop
      vertex   -7.169875e+01 -8.768323e+01 8.815436e+01
      vertex   -7.333567e+01 -8.417285e+01 8.815436e+01
      vertex   -7.169875e+01 -8.768323e+01 8.814449e+01
    endloop
  endfacet
  facet normal -9.063078e-01 -4.226183e-01 -0.000000e+00
    outer loop
      vertex   -7.169875e+01 -8.768323e+01 8.814449e+01
      vertex   -7.333567e+01 -8.417285e+01 8.815436e+01
      vertex   -7.169875e+01 -8.768323e+01 7.405436e+01
    endloop
  endfacet
  facet normal -9.063078e-01 -4.226183e-01 -0.000000e+00
    outer loop
      vertex   -7.169875e+01 -8.768323e+01 8.814449e+01
      vertex   -7.169875e+01 -8.768323e+01 7.405436e+01
      vertex   -7.006183e+01 -9.119360e+01 8.494975e+01
    endloop
  endfacet
  facet normal -9.063078e-01 -4.226183e-01 -1.174268e-15
    outer loop
      vertex   -7.006183e+01 -9.119360e+01 8.494975e+01
      vertex   -7.169875e+01 -8.768323e+01 7.405436e+01
      vertex   -7.007166e+01 -9.117253e+01 7.565436e+01
    endloop
  endfacet
  facet normal -9.063078e-01 -4.226183e-01 1.292203e-15
    outer loop
      vertex   -7.006183e+01 -9.119360e+01 8.494975e+01
      vertex   -7.007166e+01 -9.117253e+01 7.565436e+01
      vertex   -7.006183e+01 -9.119360e+01 7.565436e+01
    endloop
  endfacet
  facet normal -9.063078e-01 -4.226183e-01 -0.000000e+00
    outer loop
      vertex   -7.333567e+01 -8.417285e+01 8.815436e+01
      vertex   -7.333567e+01 -8.417285e+01 7.394975e+01
      vertex   -7.169875e+01 -8.768323e+01 7.405436e+01
    endloop
  endfacet
  facet normal -9.063078e-01 -4.226183e-01 -0.000000e+00
    outer loop
      vertex   -7.169875e+01 -8.768323e+01 7.405436e+01
      vertex   -7.333567e+01 -8.417285e+01 7.394975e+01
      vertex   -7.169875e+01 -8.768323e+01 7.394936e+01
    endloop
  endfacet
  facet normal -9.063078e-01 -4.226183e-01 0.000000e+00
    outer loop
      vertex   -7.169875e+01 -8.768323e+01 7.394936e+01
      vertex   -7.333567e+01 -8.417285e+01 7.394975e+01
      vertex   -7.333567e+01 -8.417285e+01 7.394936e+01
    endloop
  endfacet
  facet normal -1.355722e-15 -6.321835e-16 1.000000e+00
    outer loop
      vertex   -7.007166e+01 -9.117253e+01 8.624449e+01
      vertex   -6.921660e+01 -9.300622e+01 8.624449e+01
      vertex   -6.147340e+01 -8.713256e+01 8.624449e+01
    endloop
  endfacet
  facet normal 7.862922e-16 -3.455985e-15 1.000000e+00
    outer loop
      vertex   -6.147340e+01 -8.713256e+01 8.624449e+01
      vertex   -6.921660e+01 -9.300622e+01 8.624449e+01
      vertex   -5.199675e+01 -8.497647e+01 8.624449e+01
    endloop
  endfacet
  facet normal 0.000000e+00 0.000000e+00 1.000000e+00
    outer loop
      vertex   -6.147340e+01 -8.713256e+01 8.624449e+01
      vertex   -5.199675e+01 -8.497647e+01 8.624449e+01
      vertex   -5.284609e+01 -8.315506e+01 8.624449e+01
    endloop
  endfacet
  facet normal 4.226183e-01 -9.063078e-01 0.000000e+00
    outer loop
      vertex   -6.816005e+01 -9.527199e+01 8.574449e+01
      vertex   -6.816005e+01 -9.527199e+01 8.559260e+01
      vertex   -5.094020e+01 -8.724224e+01 8.574449e+01
    endloop
  endfacet
  facet normal 4.226183e-01 -9.063078e-01 0.000000e+00
    outer loop
      vertex   -5.094020e+01 -8.724224e+01 8.574449e+01
      vertex   -6.816005e+01 -9.527199e+01 8.559260e+01
      vertex   -5.094020e+01 -8.724224e+01 8.559260e+01
    endloop
  endfacet
  facet normal -5.976725e-02 1.281713e-01 9.899495e-01
    outer loop
      vertex   -5.284199e+01 -8.316386e+01 8.494975e+01
      vertex   -5.094020e+01 -8.724224e+01 8.559260e+01
      vertex   -5.012261e+01 -8.189579e+01 8.494975e+01
    endloop
  endfacet
  facet normal -5.976725e-02 1.281713e-01 9.899495e-01
    outer loop
      vertex   -5.012261e+01 -8.189579e+01 8.494975e+01
      vertex   -5.094020e+01 -8.724224e+01 8.559260e+01
      vertex   -4.716429e+01 -8.823995e+01 8.594975e+01
    endloop
  endfacet
  facet normal -5.976725e-02 1.281713e-01 9.899495e-01
    outer loop
      vertex   -4.716429e+01 -8.823995e+01 8.594975e+01
      vertex   -5.094020e+01 -8.724224e+01 8.559260e+01
      vertex   -6.816005e+01 -9.527199e+01 8.559260e+01
    endloop
  endfacet
  facet normal -5.976725e-02 1.281713e-01 9.899495e-01
    outer loop
      vertex   -4.716429e+01 -8.823995e+01 8.594975e+01
      vertex   -6.816005e+01 -9.527199e+01 8.559260e+01
      vertex   -6.982243e+01 -9.880561e+01 8.594975e+01
    endloop
  endfacet
  facet normal -5.976725e-02 1.281713e-01 9.899495e-01
    outer loop
      vertex   -6.982243e+01 -9.880561e+01 8.594975e+01
      vertex   -6.816005e+01 -9.527199e+01 8.559260e+01
      vertex   -7.278076e+01 -9.246146e+01 8.494975e+01
    endloop
  endfacet
  facet normal -5.976725e-02 1.281713e-01 9.899495e-01
    outer loop
      vertex   -7.278076e+01 -9.246146e+01 8.494975e+01
      vertex   -6.816005e+01 -9.527199e+01 8.559260e+01
      vertex   -7.006183e+01 -9.119360e+01 8.494975e+01
    endloop
  endfacet
  facet normal -4.226183e-01 9.063078e-01 -9.691525e-16
    outer loop
      vertex   -5.284199e+01 -8.316386e+01 8.494975e+01
      vertex   -5.012261e+01 -8.189579e+01 8.494975e+01
      vertex   -5.284199e+01 -8.316386e+01 7.565436e+01
    endloop
  endfacet
  facet normal -4.226183e-01 9.063078e-01 0.000000e+00
    outer loop
      vertex   -5.284199e+01 -8.316386e+01 7.565436e+01
      vertex   -5.012261e+01 -8.189579e+01 8.494975e+01
      vertex   -5.012261e+01 -8.189579e+01 7.494975e+01
    endloop
  endfacet
  facet normal -4.226183e-01 9.063078e-01 3.811750e-14
    outer loop
      vertex   -5.284199e+01 -8.316386e+01 7.565436e+01
      vertex   -5.012261e+01 -8.189579e+01 7.494975e+01
      vertex   -7.278076e+01 -9.246146e+01 7.494975e+01
    endloop
  endfacet
  facet normal -4.226183e-01 9.063078e-01 3.609080e-14
    outer loop
      vertex   -5.284199e+01 -8.316386e+01 7.565436e+01
      vertex   -7.278076e+01 -9.246146e+01 7.494975e+01
      vertex   -7.006183e+01 -9.119360e+01 7.565436e+01
    endloop
  endfacet
  facet normal -4.226183e-01 9.063078e-01 -2.575717e-15
    outer loop
      vertex   -7.006183e+01 -9.119360e+01 7.565436e+01
      vertex   -7.278076e+01 -9.246146e+01 7.494975e+01
      vertex   -7.278076e+01 -9.246146e+01 8.494975e+01
    endloop
  endfacet
  facet normal -4.226183e-01 9.063078e-01 -2.771139e-15
    outer loop
      vertex   -7.006183e+01 -9.119360e+01 7.565436e+01
      vertex   -7.278076e+01 -9.246146e+01 8.494975e+01
      vertex   -7.006183e+01 -9.119360e+01 8.494975e+01
    endloop
  endfacet
  facet normal -5.976725e-02 1.281713e-01 -9.899495e-01
    outer loop
      vertex   -6.982243e+01 -9.880561e+01 7.394975e+01
      vertex   -7.278076e+01 -9.246146e+01 7.494975e+01
      vertex   -4.716429e+01 -8.823995e+01 7.394975e+01
    endloop
  endfacet
  facet normal -5.976725e-02 1.281713e-01 -9.899495e-01
    outer loop
      vertex   -4.716429e+01 -8.823995e+01 7.394975e+01
      vertex   -7.278076e+01 -9.246146e+01 7.494975e+01
      vertex   -5.012261e+01 -8.189579e+01 7.494975e+01
    endloop
  endfacet
  facet normal 1.606751e-01 -3.485084e-01 -9.234313e-01
    outer loop
      vertex   -6.147340e+01 -8.713256e+01 7.565436e+01
      vertex   -6.309800e+01 -8.364210e+01 7.405436e+01
      vertex   -5.284609e+01 -8.315506e+01 7.565436e+01
    endloop
  endfacet
  facet normal 1.606751e-01 -3.485084e-01 -9.234313e-01
    outer loop
      vertex   -5.284609e+01 -8.315506e+01 7.565436e+01
      vertex   -6.309800e+01 -8.364210e+01 7.405436e+01
      vertex   -5.447319e+01 -7.966574e+01 7.405436e+01
    endloop
  endfacet
  facet normal 1.631978e-01 -3.473342e-01 -9.234313e-01
    outer loop
      vertex   -6.309800e+01 -8.364210e+01 7.405436e+01
      vertex   -6.147340e+01 -8.713256e+01 7.565436e+01
      vertex   -7.169875e+01 -8.768323e+01 7.405436e+01
    endloop
  endfacet
  facet normal 1.631978e-01 -3.473342e-01 -9.234313e-01
    outer loop
      vertex   -7.169875e+01 -8.768323e+01 7.405436e+01
      vertex   -6.147340e+01 -8.713256e+01 7.565436e+01
      vertex   -7.007166e+01 -9.117253e+01 7.565436e+01
    endloop
  endfacet
  facet normal 4.186824e-01 -9.081327e-01 0.000000e+00
    outer loop
      vertex   -5.447319e+01 -7.966574e+01 7.405436e+01
      vertex   -6.309800e+01 -8.364210e+01 7.405436e+01
      vertex   -5.447319e+01 -7.966574e+01 7.394936e+01
    endloop
  endfacet
  facet normal 4.186824e-01 -9.081327e-01 0.000000e+00
    outer loop
      vertex   -5.447319e+01 -7.966574e+01 7.394936e+01
      vertex   -6.309800e+01 -8.364210e+01 7.405436e+01
      vertex   -6.309800e+01 -8.364210e+01 7.394936e+01
    endloop
  endfacet
  facet normal 4.252560e-01 -9.050731e-01 0.000000e+00
    outer loop
      vertex   -6.309800e+01 -8.364210e+01 7.405436e+01
      vertex   -7.169875e+01 -8.768323e+01 7.405436e+01
      vertex   -6.309800e+01 -8.364210e+01 7.394936e+01
    endloop
  endfacet
  facet normal 4.252560e-01 -9.050731e-01 0.000000e+00
    outer loop
      vertex   -6.309800e+01 -8.364210e+01 7.394936e+01
      vertex   -7.169875e+01 -8.768323e+01 7.405436e+01
      vertex   -7.169875e+01 -8.768323e+01 7.394936e+01
    endloop
  endfacet
  facet normal 1.881967e-01 -4.005393e-01 8.967443e-01
    outer loop
      vertex   -6.309800e+01 -8.364210e+01 8.814449e+01
      vertex   -7.169875e+01 -8.768323e+01 8.814449e+01
      vertex   -6.147340e+01 -8.713256e+01 8.624449e+01
    endloop
  endfacet
  facet normal 1.881967e-01 -4.005393e-01 8.967443e-01
    outer loop
      vertex   -6.147340e+01 -8.713256e+01 8.624449e+01
      vertex   -7.169875e+01 -8.768323e+01 8.814449e+01
      vertex   -7.007166e+01 -9.117253e+01 8.624449e+01
    endloop
  endfacet
  facet normal 1.852875e-01 -4.018933e-01 8.967443e-01
    outer loop
      vertex   -6.147340e+01 -8.713256e+01 8.624449e+01
      vertex   -5.284609e+01 -8.315506e+01 8.624449e+01
      vertex   -6.309800e+01 -8.364210e+01 8.814449e+01
    endloop
  endfacet
  facet normal 1.852875e-01 -4.018933e-01 8.967443e-01
    outer loop
      vertex   -6.309800e+01 -8.364210e+01 8.814449e+01
      vertex   -5.284609e+01 -8.315506e+01 8.624449e+01
      vertex   -5.447319e+01 -7.966574e+01 8.814449e+01
    endloop
  endfacet
  facet normal 4.252560e-01 -9.050731e-01 0.000000e+00
    outer loop
      vertex   -7.169875e+01 -8.768323e+01 8.814449e+01
      vertex   -6.309800e+01 -8.364210e+01 8.814449e+01
      vertex   -7.169875e+01 -8.768323e+01 8.815436e+01
    endloop
  endfacet
  facet normal 4.252560e-01 -9.050731e-01 0.000000e+00
    outer loop
      vertex   -7.169875e+01 -8.768323e+01 8.815436e+01
      vertex   -6.309800e+01 -8.364210e+01 8.814449e+01
      vertex   -6.309800e+01 -8.364210e+01 8.815436e+01
    endloop
  endfacet
  facet normal 4.186824e-01 -9.081327e-01 0.000000e+00
    outer loop
      vertex   -6.309800e+01 -8.364210e+01 8.814449e+01
      vertex   -5.447319e+01 -7.966574e+01 8.814449e+01
      vertex   -6.309800e+01 -8.364210e+01 8.815436e+01
    endloop
  endfacet
  facet normal 4.186824e-01 -9.081327e-01 1.365354e-12
    outer loop
      vertex   -6.309800e+01 -8.364210e+01 8.815436e+01
      vertex   -5.447319e+01 -7.966574e+01 8.814449e+01
      vertex   -5.447319e+01 -7.966574e+01 8.815436e+01
    endloop
  endfacet
  facet normal 5.261555e-02 9.986148e-01 0.000000e+00
    outer loop
      vertex   -7.333567e+01 -8.417285e+01 7.394975e+01
      vertex   -7.166361e+01 -8.426095e+01 7.394975e+01
      vertex   -7.333567e+01 -8.417285e+01 7.394936e+01
    endloop
  endfacet
  facet normal 5.261555e-02 9.986148e-01 3.641202e-11
    outer loop
      vertex   -7.333567e+01 -8.417285e+01 7.394936e+01
      vertex   -7.166361e+01 -8.426095e+01 7.394975e+01
      vertex   -7.166361e+01 -8.426095e+01 7.394936e+01
    endloop
  endfacet
  facet normal -4.306171e-02 9.990724e-01 3.643256e-11
    outer loop
      vertex   -7.166361e+01 -8.426095e+01 7.394936e+01
      vertex   -7.166361e+01 -8.426095e+01 7.394975e+01
      vertex   -6.999080e+01 -8.418885e+01 7.394975e+01
    endloop
  endfacet
  facet normal -4.306171e-02 9.990724e-01 -3.147768e-12
    outer loop
      vertex   -7.166361e+01 -8.426095e+01 7.394936e+01
      vertex   -6.999080e+01 -8.418885e+01 7.394975e+01
      vertex   -6.999080e+01 -8.418885e+01 7.394936e+01
    endloop
  endfacet
  facet normal -1.383448e-01 9.903841e-01 -1.008987e-11
    outer loop
      vertex   -6.999080e+01 -8.418885e+01 7.394936e+01
      vertex   -6.999080e+01 -8.418885e+01 7.394975e+01
      vertex   -6.833252e+01 -8.395721e+01 7.394975e+01
    endloop
  endfacet
  facet normal -1.383448e-01 9.903841e-01 -5.019414e-12
    outer loop
      vertex   -6.999080e+01 -8.418885e+01 7.394936e+01
      vertex   -6.833252e+01 -8.395721e+01 7.394975e+01
      vertex   -6.833252e+01 -8.395721e+01 7.394936e+01
    endloop
  endfacet
  facet normal -2.323614e-01 9.726295e-01 -8.473378e-12
    outer loop
      vertex   -6.833252e+01 -8.395721e+01 7.394936e+01
      vertex   -6.833252e+01 -8.395721e+01 7.394975e+01
      vertex   -6.670398e+01 -8.356815e+01 7.394975e+01
    endloop
  endfacet
  facet normal -2.323614e-01 9.726295e-01 2.705379e-11
    outer loop
      vertex   -6.833252e+01 -8.395721e+01 7.394936e+01
      vertex   -6.670398e+01 -8.356815e+01 7.394975e+01
      vertex   -6.670398e+01 -8.356815e+01 7.394936e+01
    endloop
  endfacet
  facet normal -3.242508e-01 9.459711e-01 2.267189e-11
    outer loop
      vertex   -6.670398e+01 -8.356815e+01 7.394936e+01
      vertex   -6.670398e+01 -8.356815e+01 7.394975e+01
      vertex   -6.512008e+01 -8.302523e+01 7.394975e+01
    endloop
  endfacet
  facet normal -3.242508e-01 9.459711e-01 6.891059e-11
    outer loop
      vertex   -6.670398e+01 -8.356815e+01 7.394936e+01
      vertex   -6.512008e+01 -8.302523e+01 7.394975e+01
      vertex   -6.512008e+01 -8.302523e+01 7.394936e+01
    endloop
  endfacet
  facet normal -4.131720e-01 9.106530e-01 6.641644e-11
    outer loop
      vertex   -6.512008e+01 -8.302523e+01 7.394936e+01
      vertex   -6.512008e+01 -8.302523e+01 7.394975e+01
      vertex   -6.359530e+01 -8.233343e+01 7.394975e+01
    endloop
  endfacet
  facet normal -4.131720e-01 9.106530e-01 3.334932e-11
    outer loop
      vertex   -6.512008e+01 -8.302523e+01 7.394936e+01
      vertex   -6.359530e+01 -8.233343e+01 7.394975e+01
      vertex   -6.359530e+01 -8.233343e+01 7.394936e+01
    endloop
  endfacet
  facet normal -4.983109e-01 8.669984e-01 3.161630e-11
    outer loop
      vertex   -6.359530e+01 -8.233343e+01 7.394936e+01
      vertex   -6.359530e+01 -8.233343e+01 7.394975e+01
      vertex   -6.214363e+01 -8.149907e+01 7.394975e+01
    endloop
  endfacet
  facet normal -4.983109e-01 8.669984e-01 -1.803586e-11
    outer loop
      vertex   -6.359530e+01 -8.233343e+01 7.394936e+01
      vertex   -6.214363e+01 -8.149907e+01 7.394975e+01
      vertex   -6.214363e+01 -8.149907e+01 7.394936e+01
    endloop
  endfacet
  facet normal -5.788880e-01 8.154070e-01 -2.110995e-11
    outer loop
      vertex   -6.214363e+01 -8.149907e+01 7.394936e+01
      vertex   -6.214363e+01 -8.149907e+01 7.394975e+01
      vertex   -6.077833e+01 -8.052980e+01 7.394975e+01
    endloop
  endfacet
  facet normal -5.788880e-01 8.154070e-01 0.000000e+00
    outer loop
      vertex   -6.214363e+01 -8.149907e+01 7.394936e+01
      vertex   -6.077833e+01 -8.052980e+01 7.394975e+01
      vertex   -6.077833e+01 -8.052980e+01 7.394936e+01
    endloop
  endfacet
  facet normal -6.541658e-01 7.563511e-01 0.000000e+00
    outer loop
      vertex   -6.077833e+01 -8.052980e+01 7.394936e+01
      vertex   -6.077833e+01 -8.052980e+01 7.394975e+01
      vertex   -5.951192e+01 -7.943448e+01 7.394975e+01
    endloop
  endfacet
  facet normal -6.541658e-01 7.563511e-01 2.756424e-11
    outer loop
      vertex   -6.077833e+01 -8.052980e+01 7.394936e+01
      vertex   -5.951192e+01 -7.943448e+01 7.394975e+01
      vertex   -5.951192e+01 -7.943448e+01 7.394936e+01
    endloop
  endfacet
  facet normal -7.234552e-01 6.903713e-01 2.517535e-11
    outer loop
      vertex   -5.951192e+01 -7.943448e+01 7.394936e+01
      vertex   -5.951192e+01 -7.943448e+01 7.394975e+01
      vertex   -5.835598e+01 -7.822315e+01 7.394975e+01
    endloop
  endfacet
  facet normal -7.234552e-01 6.903713e-01 -1.293137e-11
    outer loop
      vertex   -5.951192e+01 -7.943448e+01 7.394936e+01
      vertex   -5.835598e+01 -7.822315e+01 7.394975e+01
      vertex   -5.835598e+01 -7.822315e+01 7.394936e+01
    endloop
  endfacet
  facet normal -7.861218e-01 6.180717e-01 -1.433351e-11
    outer loop
      vertex   -5.835598e+01 -7.822315e+01 7.394936e+01
      vertex   -5.835598e+01 -7.822315e+01 7.394975e+01
      vertex   -5.732110e+01 -7.690689e+01 7.394975e+01
    endloop
  endfacet
  facet normal -7.861218e-01 6.180717e-01 -1.429257e-11
    outer loop
      vertex   -5.835598e+01 -7.822315e+01 7.394936e+01
      vertex   -5.732110e+01 -7.690689e+01 7.394975e+01
      vertex   -5.732110e+01 -7.690689e+01 7.394936e+01
    endloop
  endfacet
  facet normal -8.415919e-01 5.401139e-01 -1.534491e-11
    outer loop
      vertex   -5.732110e+01 -7.690689e+01 7.394936e+01
      vertex   -5.732110e+01 -7.690689e+01 7.394975e+01
      vertex   -5.641675e+01 -7.549775e+01 7.394975e+01
    endloop
  endfacet
  facet normal -8.415919e-01 5.401139e-01 -1.973736e-11
    outer loop
      vertex   -5.732110e+01 -7.690689e+01 7.394936e+01
      vertex   -5.641675e+01 -7.549775e+01 7.394975e+01
      vertex   -5.641675e+01 -7.549775e+01 7.394936e+01
    endloop
  endfacet
  facet normal 0.000000e+00 0.000000e+00 -1.000000e+00
    outer loop
      vertex   -7.333567e+01 -8.417285e+01 7.394936e+01
      vertex   -7.166361e+01 -8.426095e+01 7.394936e+01
      vertex   -7.169875e+01 -8.768323e+01 7.394936e+01
    endloop
  endfacet
  facet normal 0.000000e+00 0.000000e+00 -1.000000e+00
    outer loop
      vertex   -7.169875e+01 -8.768323e+01 7.394936e+01
      vertex   -7.166361e+01 -8.426095e+01 7.394936e+01
      vertex   -6.999080e+01 -8.418885e+01 7.394936e+01
    endloop
  endfacet
  facet normal 0.000000e+00 0.000000e+00 -1.000000e+00
    outer loop
      vertex   -7.169875e+01 -8.768323e+01 7.394936e+01
      vertex   -6.999080e+01 -8.418885e+01 7.394936e+01
      vertex   -6.833252e+01 -8.395721e+01 7.394936e+01
    endloop
  endfacet
  facet normal 0.000000e+00 -0.000000e+00 -1.000000e+00
    outer loop
      vertex   -6.833252e+01 -8.395721e+01 7.394936e+01
      vertex   -6.670398e+01 -8.356815e+01 7.394936e+01
      vertex   -7.169875e+01 -8.768323e+01 7.394936e+01
    endloop
  endfacet
  facet normal 7.690409e-15 -9.334403e-15 -1.000000e+00
    outer loop
      vertex   -7.169875e+01 -8.768323e+01 7.394936e+01
      vertex   -6.670398e+01 -8.356815e+01 7.394936e+01
      vertex   -6.309800e+01 -8.364210e+01 7.394936e+01
    endloop
  endfacet
  facet normal 7.436903e-15 -2.169646e-14 -1.000000e+00
    outer loop
      vertex   -6.309800e+01 -8.364210e+01 7.394936e+01
      vertex   -6.670398e+01 -8.356815e+01 7.394936e+01
      vertex   -6.512008e+01 -8.302523e+01 7.394936e+01
    endloop
  endfacet
  facet normal 8.404632e-15 -1.852425e-14 -1.000000e+00
    outer loop
      vertex   -6.309800e+01 -8.364210e+01 7.394936e+01
      vertex   -6.512008e+01 -8.302523e+01 7.394936e+01
      vertex   -6.359530e+01 -8.233343e+01 7.394936e+01
    endloop
  endfacet
  facet normal 1.024495e-14 -1.782492e-14 -1.000000e+00
    outer loop
      vertex   -6.359530e+01 -8.233343e+01 7.394936e+01
      vertex   -6.214363e+01 -8.149907e+01 7.394936e+01
      vertex   -6.309800e+01 -8.364210e+01 7.394936e+01
    endloop
  endfacet
  facet normal 1.376865e-14 -1.939417e-14 -1.000000e+00
    outer loop
      vertex   -6.309800e+01 -8.364210e+01 7.394936e+01
      vertex   -6.214363e+01 -8.149907e+01 7.394936e+01
      vertex   -6.077833e+01 -8.052980e+01 7.394936e+01
    endloop
  endfacet
  facet normal 6.414313e-15 -1.391281e-14 -1.000000e+00
    outer loop
      vertex   -6.309800e+01 -8.364210e+01 7.394936e+01
      vertex   -6.077833e+01 -8.052980e+01 7.394936e+01
      vertex   -5.447319e+01 -7.966574e+01 7.394936e+01
    endloop
  endfacet
  facet normal 5.356405e-15 -6.193113e-15 -1.000000e+00
    outer loop
      vertex   -5.447319e+01 -7.966574e+01 7.394936e+01
      vertex   -6.077833e+01 -8.052980e+01 7.394936e+01
      vertex   -5.951192e+01 -7.943448e+01 7.394936e+01
    endloop
  endfacet
  facet normal 5.403966e-15 -5.156841e-15 -1.000000e+00
    outer loop
      vertex   -5.447319e+01 -7.966574e+01 7.394936e+01
      vertex   -5.951192e+01 -7.943448e+01 7.394936e+01
      vertex   -5.835598e+01 -7.822315e+01 7.394936e+01
    endloop
  endfacet
  facet normal 5.665077e-15 -4.454047e-15 -1.000000e+00
    outer loop
      vertex   -5.835598e+01 -7.822315e+01 7.394936e+01
      vertex   -5.732110e+01 -7.690689e+01 7.394936e+01
      vertex   -5.447319e+01 -7.966574e+01 7.394936e+01
    endloop
  endfacet
  facet normal 1.820221e-14 8.487831e-15 -1.000000e+00
    outer loop
      vertex   -5.447319e+01 -7.966574e+01 7.394936e+01
      vertex   -5.732110e+01 -7.690689e+01 7.394936e+01
      vertex   -5.641675e+01 -7.549775e+01 7.394936e+01
    endloop
  endfacet
  facet normal 0.000000e+00 0.000000e+00 1.000000e+00
    outer loop
      vertex   -7.333567e+01 -8.417285e+01 8.815436e+01
      vertex   -7.169875e+01 -8.768323e+01 8.815436e+01
      vertex   -7.166361e+01 -8.426095e+01 8.815436e+01
    endloop
  endfacet
  facet normal -0.000000e+00 0.000000e+00 1.000000e+00
    outer loop
      vertex   -7.166361e+01 -8.426095e+01 8.815436e+01
      vertex   -7.169875e+01 -8.768323e+01 8.815436e+01
      vertex   -6.999080e+01 -8.418885e+01 8.815436e+01
    endloop
  endfacet
  facet normal -0.000000e+00 0.000000e+00 1.000000e+00
    outer loop
      vertex   -6.999080e+01 -8.418885e+01 8.815436e+01
      vertex   -7.169875e+01 -8.768323e+01 8.815436e+01
      vertex   -6.833252e+01 -8.395721e+01 8.815436e+01
    endloop
  endfacet
  facet normal -0.000000e+00 0.000000e+00 1.000000e+00
    outer loop
      vertex   -6.833252e+01 -8.395721e+01 8.815436e+01
      vertex   -7.169875e+01 -8.768323e+01 8.815436e+01
      vertex   -6.670398e+01 -8.356815e+01 8.815436e+01
    endloop
  endfacet
  facet normal -3.845204e-15 4.667201e-15 1.000000e+00
    outer loop
      vertex   -6.670398e+01 -8.356815e+01 8.815436e+01
      vertex   -7.169875e+01 -8.768323e+01 8.815436e+01
      vertex   -6.309800e+01 -8.364210e+01 8.815436e+01
    endloop
  endfacet
  facet normal -3.718452e-15 1.084823e-14 1.000000e+00
    outer loop
      vertex   -6.670398e+01 -8.356815e+01 8.815436e+01
      vertex   -6.309800e+01 -8.364210e+01 8.815436e+01
      vertex   -6.512008e+01 -8.302523e+01 8.815436e+01
    endloop
  endfacet
  facet normal -4.202316e-15 9.262126e-15 1.000000e+00
    outer loop
      vertex   -6.512008e+01 -8.302523e+01 8.815436e+01
      vertex   -6.309800e+01 -8.364210e+01 8.815436e+01
      vertex   -6.359530e+01 -8.233343e+01 8.815436e+01
    endloop
  endfacet
  facet normal -5.122473e-15 8.912460e-15 1.000000e+00
    outer loop
      vertex   -6.359530e+01 -8.233343e+01 8.815436e+01
      vertex   -6.309800e+01 -8.364210e+01 8.815436e+01
      vertex   -6.214363e+01 -8.149907e+01 8.815436e+01
    endloop
  endfacet
  facet normal -6.884323e-15 9.697083e-15 1.000000e+00
    outer loop
      vertex   -6.214363e+01 -8.149907e+01 8.815436e+01
      vertex   -6.309800e+01 -8.364210e+01 8.815436e+01
      vertex   -6.077833e+01 -8.052980e+01 8.815436e+01
    endloop
  endfacet
  facet normal -3.207157e-15 6.956404e-15 1.000000e+00
    outer loop
      vertex   -6.077833e+01 -8.052980e+01 8.815436e+01
      vertex   -6.309800e+01 -8.364210e+01 8.815436e+01
      vertex   -5.447319e+01 -7.966574e+01 8.815436e+01
    endloop
  endfacet
  facet normal -2.678202e-15 3.096557e-15 1.000000e+00
    outer loop
      vertex   -6.077833e+01 -8.052980e+01 8.815436e+01
      vertex   -5.447319e+01 -7.966574e+01 8.815436e+01
      vertex   -5.951192e+01 -7.943448e+01 8.815436e+01
    endloop
  endfacet
  facet normal -2.701983e-15 2.578420e-15 1.000000e+00
    outer loop
      vertex   -5.951192e+01 -7.943448e+01 8.815436e+01
      vertex   -5.447319e+01 -7.966574e+01 8.815436e+01
      vertex   -5.835598e+01 -7.822315e+01 8.815436e+01
    endloop
  endfacet
  facet normal -2.832539e-15 2.227024e-15 1.000000e+00
    outer loop
      vertex   -5.835598e+01 -7.822315e+01 8.815436e+01
      vertex   -5.447319e+01 -7.966574e+01 8.815436e+01
      vertex   -5.732110e+01 -7.690689e+01 8.815436e+01
    endloop
  endfacet
  facet normal -9.101106e-15 -4.243915e-15 1.000000e+00
    outer loop
      vertex   -5.732110e+01 -7.690689e+01 8.815436e+01
      vertex   -5.447319e+01 -7.966574e+01 8.815436e+01
      vertex   -5.641675e+01 -7.549775e+01 8.815436e+01
    endloop
  endfacet
  facet normal 9.063078e-01 4.226183e-01 0.000000e+00
    outer loop
      vertex   -5.094020e+01 -8.724224e+01 8.574449e+01
      vertex   -5.094020e+01 -8.724224e+01 8.559260e+01
      vertex   -5.199675e+01 -8.497647e+01 8.624449e+01
    endloop
  endfacet
  facet normal 9.063078e-01 4.226183e-01 2.445076e-15
    outer loop
      vertex   -5.199675e+01 -8.497647e+01 8.624449e+01
      vertex   -5.094020e+01 -8.724224e+01 8.559260e+01
      vertex   -5.284199e+01 -8.316386e+01 8.494975e+01
    endloop
  endfacet
  facet normal 9.063078e-01 4.226183e-01 -7.253389e-15
    outer loop
      vertex   -5.199675e+01 -8.497647e+01 8.624449e+01
      vertex   -5.284199e+01 -8.316386e+01 8.494975e+01
      vertex   -5.284609e+01 -8.315506e+01 8.624449e+01
    endloop
  endfacet
  facet normal 9.063078e-01 4.226183e-01 -7.215359e-15
    outer loop
      vertex   -5.284609e+01 -8.315506e+01 8.624449e+01
      vertex   -5.284199e+01 -8.316386e+01 8.494975e+01
      vertex   -5.447319e+01 -7.966574e+01 8.814449e+01
    endloop
  endfacet
  facet normal 9.063078e-01 4.226183e-01 4.262391e-16
    outer loop
      vertex   -5.447319e+01 -7.966574e+01 8.814449e+01
      vertex   -5.284199e+01 -8.316386e+01 8.494975e+01
      vertex   -5.447319e+01 -7.966574e+01 7.405436e+01
    endloop
  endfacet
  facet normal 9.063078e-01 4.226183e-01 4.262391e-16
    outer loop
      vertex   -5.447319e+01 -7.966574e+01 8.814449e+01
      vertex   -5.447319e+01 -7.966574e+01 7.405436e+01
      vertex   -5.641675e+01 -7.549775e+01 8.815436e+01
    endloop
  endfacet
  facet normal 9.063078e-01 4.226183e-01 4.228040e-16
    outer loop
      vertex   -5.641675e+01 -7.549775e+01 8.815436e+01
      vertex   -5.447319e+01 -7.966574e+01 7.405436e+01
      vertex   -5.641675e+01 -7.549775e+01 7.394975e+01
    endloop
  endfacet
  facet normal 9.063078e-01 4.226183e-01 0.000000e+00
    outer loop
      vertex   -5.641675e+01 -7.549775e+01 7.394975e+01
      vertex   -5.447319e+01 -7.966574e+01 7.405436e+01
      vertex   -5.447319e+01 -7.966574e+01 7.394936e+01
    endloop
  endfacet
  facet normal 9.063078e-01 4.226183e-01 -1.541136e-11
    outer loop
      vertex   -5.641675e+01 -7.549775e+01 7.394975e+01
      vertex   -5.447319e+01 -7.966574e+01 7.394936e+01
      vertex   -5.641675e+01 -7.549775e+01 7.394936e+01
    endloop
  endfacet
  facet normal 9.063078e-01 4.226183e-01 2.078354e-15
    outer loop
      vertex   -5.284199e+01 -8.316386e+01 7.565436e+01
      vertex   -5.284609e+01 -8.315506e+01 7.565436e+01
      vertex   -5.284199e+01 -8.316386e+01 8.494975e+01
    endloop
  endfacet
  facet normal 9.063078e-01 4.226183e-01 1.000088e-15
    outer loop
      vertex   -5.284199e+01 -8.316386e+01 8.494975e+01
      vertex   -5.284609e+01 -8.315506e+01 7.565436e+01
      vertex   -5.447319e+01 -7.966574e+01 7.405436e+01
    endloop
  endfacet
  facet normal 9.063078e-01 4.226183e-01 -6.265889e-13
    outer loop
      vertex   -5.641675e+01 -7.549775e+01 8.815436e+01
      vertex   -5.447319e+01 -7.966574e+01 8.815436e+01
      vertex   -5.447319e+01 -7.966574e+01 8.814449e+01
    endloop
  endfacet
  facet normal -1.727526e-13 3.747048e-13 -1.000000e+00
    outer loop
      vertex   -6.147340e+01 -8.713256e+01 7.565436e+01
      vertex   -5.284609e+01 -8.315506e+01 7.565436e+01
      vertex   -7.007166e+01 -9.117253e+01 7.565436e+01
    endloop
  endfacet
  facet normal 1.355727e-15 6.321860e-16 -1.000000e+00
    outer loop
      vertex   -7.007166e+01 -9.117253e+01 7.565436e+01
      vertex   -5.284609e+01 -8.315506e+01 7.565436e+01
      vertex   -7.006183e+01 -9.119360e+01 7.565436e+01
    endloop
  endfacet
  facet normal 1.355727e-15 6.321860e-16 -1.000000e+00
    outer loop
      vertex   -7.006183e+01 -9.119360e+01 7.565436e+01
      vertex   -5.284609e+01 -8.315506e+01 7.565436e+01
      vertex   -5.284199e+01 -8.316386e+01 7.565436e+01
    endloop
  endfacet
  facet normal 8.872148e-01 -4.613566e-01 -4.615594e-16
    outer loop
      vertex   -5.641675e+01 -7.549775e+01 7.394975e+01
      vertex   -5.571954e+01 -7.415697e+01 9.394975e+01
      vertex   -5.641675e+01 -7.549775e+01 8.815436e+01
    endloop
  endfacet
  facet normal 8.841141e-01 -4.672679e-01 1.740634e-03
    outer loop
      vertex   -5.641675e+01 -7.549775e+01 8.815436e+01
      vertex   -5.571954e+01 -7.415697e+01 9.394975e+01
      vertex   -5.653473e+01 -7.569940e+01 9.394975e+01
    endloop
  endfacet
  facet normal 8.415908e-01 -5.401132e-01 -1.659713e-03
    outer loop
      vertex   -5.641675e+01 -7.549775e+01 8.815436e+01
      vertex   -5.653473e+01 -7.569940e+01 9.394975e+01
      vertex   -5.732110e+01 -7.690689e+01 8.815436e+01
    endloop
  endfacet
  facet normal 8.331952e-01 -5.529748e-01 2.159242e-03
    outer loop
      vertex   -5.732110e+01 -7.690689e+01 8.815436e+01
      vertex   -5.653473e+01 -7.569940e+01 9.394975e+01
      vertex   -5.749946e+01 -7.715300e+01 9.394975e+01
    endloop
  endfacet
  facet normal 7.861201e-01 -6.180703e-01 -2.053957e-03
    outer loop
      vertex   -5.732110e+01 -7.690689e+01 8.815436e+01
      vertex   -5.749946e+01 -7.715300e+01 9.394975e+01
      vertex   -5.835598e+01 -7.822315e+01 8.815436e+01
    endloop
  endfacet
  facet normal 7.739956e-01 -6.331859e-01 2.529120e-03
    outer loop
      vertex   -5.835598e+01 -7.822315e+01 8.815436e+01
      vertex   -5.749946e+01 -7.715300e+01 9.394975e+01
      vertex   -5.860412e+01 -7.850332e+01 9.394975e+01
    endloop
  endfacet
  facet normal 7.234531e-01 -6.903694e-01 -2.399469e-03
    outer loop
      vertex   -5.835598e+01 -7.822315e+01 8.815436e+01
      vertex   -5.860412e+01 -7.850332e+01 9.394975e+01
      vertex   -5.951192e+01 -7.943448e+01 8.815436e+01
    endloop
  endfacet
  facet normal 7.071039e-01 -7.071039e-01 2.850262e-03
    outer loop
      vertex   -5.951192e+01 -7.943448e+01 8.815436e+01
      vertex   -5.860412e+01 -7.850332e+01 9.394975e+01
      vertex   -5.983775e+01 -7.973695e+01 9.394975e+01
    endloop
  endfacet
  facet normal 6.541635e-01 -7.563484e-01 -2.696241e-03
    outer loop
      vertex   -5.951192e+01 -7.943448e+01 8.815436e+01
      vertex   -5.983775e+01 -7.973695e+01 9.394975e+01
      vertex   -6.077833e+01 -8.052980e+01 8.815436e+01
    endloop
  endfacet
  facet normal 6.331848e-01 -7.739943e-01 3.122663e-03
    outer loop
      vertex   -6.077833e+01 -8.052980e+01 8.815436e+01
      vertex   -5.983775e+01 -7.973695e+01 9.394975e+01
      vertex   -6.118807e+01 -8.084161e+01 9.394975e+01
    endloop
  endfacet
  facet normal 5.788855e-01 -8.154035e-01 -2.944271e-03
    outer loop
      vertex   -6.077833e+01 -8.052980e+01 8.815436e+01
      vertex   -6.118807e+01 -8.084161e+01 9.394975e+01
      vertex   -6.214363e+01 -8.149907e+01 8.815436e+01
    endloop
  endfacet
  facet normal 5.529730e-01 -8.331924e-01 3.346319e-03
    outer loop
      vertex   -6.214363e+01 -8.149907e+01 8.815436e+01
      vertex   -6.118807e+01 -8.084161e+01 9.394975e+01
      vertex   -6.264167e+01 -8.180634e+01 9.394975e+01
    endloop
  endfacet
  facet normal 4.983084e-01 -8.669941e-01 -3.143554e-03
    outer loop
      vertex   -6.214363e+01 -8.149907e+01 8.815436e+01
      vertex   -6.264167e+01 -8.180634e+01 9.394975e+01
      vertex   -6.359530e+01 -8.233343e+01 8.815436e+01
    endloop
  endfacet
  facet normal 4.672657e-01 -8.841099e-01 3.521227e-03
    outer loop
      vertex   -6.359530e+01 -8.233343e+01 8.815436e+01
      vertex   -6.264167e+01 -8.180634e+01 9.394975e+01
      vertex   -6.418410e+01 -8.262154e+01 9.394975e+01
    endloop
  endfacet
  facet normal 4.131698e-01 -9.106481e-01 -3.294087e-03
    outer loop
      vertex   -6.359530e+01 -8.233343e+01 8.815436e+01
      vertex   -6.418410e+01 -8.262154e+01 9.394975e+01
      vertex   -6.512008e+01 -8.302523e+01 8.815436e+01
    endloop
  endfacet
  facet normal 3.769147e-01 -9.262408e-01 3.647384e-03
    outer loop
      vertex   -6.512008e+01 -8.302523e+01 8.815436e+01
      vertex   -6.418410e+01 -8.262154e+01 9.394975e+01
      vertex   -6.580004e+01 -8.327911e+01 9.394975e+01
    endloop
  endfacet
  facet normal 3.242490e-01 -9.459657e-01 -3.395868e-03
    outer loop
      vertex   -6.512008e+01 -8.302523e+01 8.815436e+01
      vertex   -6.580004e+01 -8.327911e+01 9.394975e+01
      vertex   -6.670398e+01 -8.356815e+01 8.815436e+01
    endloop
  endfacet
  facet normal 2.828178e-01 -9.591664e-01 3.724788e-03
    outer loop
      vertex   -6.670398e+01 -8.356815e+01 8.815436e+01
      vertex   -6.580004e+01 -8.327911e+01 9.394975e+01
      vertex   -6.747342e+01 -8.377252e+01 9.394975e+01
    endloop
  endfacet
  facet normal 2.323600e-01 -9.726237e-01 -3.448896e-03
    outer loop
      vertex   -6.670398e+01 -8.356815e+01 8.815436e+01
      vertex   -6.747342e+01 -8.377252e+01 9.394975e+01
      vertex   -6.833252e+01 -8.395721e+01 8.815436e+01
    endloop
  endfacet
  facet normal 1.859103e-01 -9.825596e-01 3.753439e-03
    outer loop
      vertex   -6.833252e+01 -8.395721e+01 8.815436e+01
      vertex   -6.747342e+01 -8.377252e+01 9.394975e+01
      vertex   -6.918761e+01 -8.409686e+01 9.394975e+01
    endloop
  endfacet
  facet normal 1.383439e-01 -9.903782e-01 -3.453170e-03
    outer loop
      vertex   -6.833252e+01 -8.395721e+01 8.815436e+01
      vertex   -6.918761e+01 -8.409686e+01 9.394975e+01
      vertex   -6.999080e+01 -8.418885e+01 8.815436e+01
    endloop
  endfacet
  facet normal 8.715514e-02 -9.961878e-01 3.733335e-03
    outer loop
      vertex   -6.999080e+01 -8.418885e+01 8.815436e+01
      vertex   -6.918761e+01 -8.409686e+01 9.394975e+01
      vertex   -7.092558e+01 -8.424891e+01 9.394975e+01
    endloop
  endfacet
  facet normal 4.306146e-02 -9.990666e-01 -3.408689e-03
    outer loop
      vertex   -6.999080e+01 -8.418885e+01 8.815436e+01
      vertex   -7.092558e+01 -8.424891e+01 9.394975e+01
      vertex   -7.166361e+01 -8.426095e+01 8.815436e+01
    endloop
  endfacet
  facet normal -1.246623e-02 -9.999156e-01 3.664477e-03
    outer loop
      vertex   -7.166361e+01 -8.426095e+01 8.815436e+01
      vertex   -7.092558e+01 -8.424891e+01 9.394975e+01
      vertex   -7.267005e+01 -8.422716e+01 9.394975e+01
    endloop
  endfacet
  facet normal -5.261526e-02 -9.986094e-01 -3.315454e-03
    outer loop
      vertex   -7.166361e+01 -8.426095e+01 8.815436e+01
      vertex   -7.267005e+01 -8.422716e+01 9.394975e+01
      vertex   -7.333567e+01 -8.417285e+01 8.815436e+01
    endloop
  endfacet
  facet normal -1.119638e-01 -9.937060e-01 3.546867e-03
    outer loop
      vertex   -7.333567e+01 -8.417285e+01 8.815436e+01
      vertex   -7.267005e+01 -8.422716e+01 9.394975e+01
      vertex   -7.440368e+01 -8.403183e+01 9.394975e+01
    endloop
  endfacet
  facet normal -1.309050e-01 -9.913949e-01 -0.000000e+00
    outer loop
      vertex   -7.333567e+01 -8.417285e+01 8.815436e+01
      vertex   -7.440368e+01 -8.403183e+01 9.394975e+01
      vertex   -7.333567e+01 -8.417285e+01 7.394975e+01
    endloop
  endfacet
  facet normal -1.502652e-01 -9.886452e-01 -1.053238e-03
    outer loop
      vertex   -7.333567e+01 -8.417285e+01 7.394975e+01
      vertex   -7.440368e+01 -8.403183e+01 9.394975e+01
      vertex   -7.507680e+01 -8.390821e+01 7.394975e+01
    endloop
  endfacet
  facet normal -2.103498e-01 -9.776256e-01 1.037070e-03
    outer loop
      vertex   -7.507680e+01 -8.390821e+01 7.394975e+01
      vertex   -7.440368e+01 -8.403183e+01 9.394975e+01
      vertex   -7.610925e+01 -8.366485e+01 9.394975e+01
    endloop
  endfacet
  facet normal -2.488716e-01 -9.685359e-01 -1.062137e-03
    outer loop
      vertex   -7.507680e+01 -8.390821e+01 7.394975e+01
      vertex   -7.610925e+01 -8.366485e+01 9.394975e+01
      vertex   -7.678252e+01 -8.346992e+01 7.394975e+01
    endloop
  endfacet
  facet normal -3.066446e-01 -9.518235e-01 1.045577e-03
    outer loop
      vertex   -7.678252e+01 -8.346992e+01 7.394975e+01
      vertex   -7.610925e+01 -8.366485e+01 9.394975e+01
      vertex   -7.776981e+01 -8.312988e+01 9.394975e+01
    endloop
  endfacet
  facet normal -3.449575e-01 -9.386177e-01 -1.070254e-03
    outer loop
      vertex   -7.678252e+01 -8.346992e+01 7.394975e+01
      vertex   -7.776981e+01 -8.312988e+01 9.394975e+01
      vertex   -7.843555e+01 -8.286240e+01 7.394975e+01
    endloop
  endfacet
  facet normal -3.998918e-01 -9.165617e-01 1.053303e-03
    outer loop
      vertex   -7.843555e+01 -8.286240e+01 7.394975e+01
      vertex   -7.776981e+01 -8.312988e+01 9.394975e+01
      vertex   -7.936885e+01 -8.243222e+01 9.394975e+01
    endloop
  endfacet
  facet normal -4.375498e-01 -8.991935e-01 -1.077588e-03
    outer loop
      vertex   -7.843555e+01 -8.286240e+01 7.394975e+01
      vertex   -7.936885e+01 -8.243222e+01 9.394975e+01
      vertex   -8.001915e+01 -8.209182e+01 7.394975e+01
    endloop
  endfacet
  facet normal -4.891647e-01 -8.721908e-01 1.060247e-03
    outer loop
      vertex   -8.001915e+01 -8.209182e+01 7.394975e+01
      vertex   -7.936885e+01 -8.243222e+01 9.394975e+01
      vertex   -8.089048e+01 -8.157882e+01 9.394975e+01
    endloop
  endfacet
  facet normal -5.257108e-01 -8.506627e-01 -1.084141e-03
    outer loop
      vertex   -8.001915e+01 -8.209182e+01 7.394975e+01
      vertex   -8.089048e+01 -8.157882e+01 9.394975e+01
      vertex   -8.151728e+01 -8.116597e+01 7.394975e+01
    endloop
  endfacet
  facet normal -5.735761e-01 -8.191516e-01 1.066408e-03
    outer loop
      vertex   -8.151728e+01 -8.116597e+01 7.394975e+01
      vertex   -8.089048e+01 -8.157882e+01 9.394975e+01
      vertex   -8.231958e+01 -8.057816e+01 9.394975e+01
    endloop
  endfacet
  facet normal -6.085476e-01 -7.935166e-01 -1.089911e-03
    outer loop
      vertex   -8.151728e+01 -8.116597e+01 7.394975e+01
      vertex   -8.231958e+01 -8.057816e+01 9.394975e+01
      vertex   -8.291476e+01 -8.009424e+01 7.394975e+01
    endloop
  endfacet
  facet normal -6.522870e-01 -7.579713e-01 1.071787e-03
    outer loop
      vertex   -8.291476e+01 -8.009424e+01 7.394975e+01
      vertex   -8.231958e+01 -8.057816e+01 9.394975e+01
      vertex   -8.364194e+01 -7.944017e+01 9.394975e+01
    endloop
  endfacet
  facet normal -6.852212e-01 -7.283342e-01 -1.094899e-03
    outer loop
      vertex   -8.291476e+01 -8.009424e+01 7.394975e+01
      vertex   -8.364194e+01 -7.944017e+01 9.394975e+01
      vertex   -8.419746e+01 -7.888748e+01 7.394975e+01
    endloop
  endfacet
  facet normal -7.245152e-01 -6.892579e-01 1.076384e-03
    outer loop
      vertex   -8.419746e+01 -7.888748e+01 7.394975e+01
      vertex   -8.364194e+01 -7.944017e+01 9.394975e+01
      vertex   -8.484443e+01 -7.817618e+01 9.394975e+01
    endloop
  endfacet
  facet normal -7.549552e-01 -6.557754e-01 -1.099105e-03
    outer loop
      vertex   -8.419746e+01 -7.888748e+01 7.394975e+01
      vertex   -8.484443e+01 -7.817618e+01 9.394975e+01
      vertex   -8.535236e+01 -7.755790e+01 7.394975e+01
    endloop
  endfacet
  facet normal -7.895429e-01 -6.136944e-01 1.080199e-03
    outer loop
      vertex   -8.535236e+01 -7.755790e+01 7.394975e+01
      vertex   -8.484443e+01 -7.817618e+01 9.394975e+01
      vertex   -8.591508e+01 -7.679874e+01 9.394975e+01
    endloop
  endfacet
  facet normal -8.170433e-01 -5.765752e-01 -1.102529e-03
    outer loop
      vertex   -8.535236e+01 -7.755790e+01 7.394975e+01
      vertex   -8.591508e+01 -7.679874e+01 9.394975e+01
      vertex   -8.636779e+01 -7.611898e+01 7.394975e+01
    endloop
  endfacet
  facet normal -8.467237e-01 -5.320318e-01 1.083232e-03
    outer loop
      vertex   -8.636779e+01 -7.611898e+01 7.394975e+01
      vertex   -8.591508e+01 -7.679874e+01 9.394975e+01
      vertex   -8.684327e+01 -7.532154e+01 9.394975e+01
    endloop
  endfacet
  facet normal -8.708567e-01 -4.915357e-01 -1.105171e-03
    outer loop
      vertex   -8.636779e+01 -7.611898e+01 7.394975e+01
      vertex   -8.684327e+01 -7.532154e+01 9.394975e+01
      vertex   -8.723345e+01 -7.458529e+01 7.394975e+01
    endloop
  endfacet
  facet normal -8.954894e-01 -4.450815e-01 1.085483e-03
    outer loop
      vertex   -8.723345e+01 -7.458529e+01 7.394975e+01
      vertex   -8.684327e+01 -7.532154e+01 9.394975e+01
      vertex   -8.761976e+01 -7.375926e+01 9.394975e+01
    endloop
  endfacet
  facet normal -9.158504e-01 -4.015181e-01 -1.107031e-03
    outer loop
      vertex   -8.723345e+01 -7.458529e+01 7.394975e+01
      vertex   -8.761976e+01 -7.375926e+01 9.394975e+01
      vertex   -8.794057e+01 -7.297235e+01 7.394975e+01
    endloop
  endfacet
  facet normal -9.353553e-01 -3.537079e-01 1.086951e-03
    outer loop
      vertex   -8.794057e+01 -7.297235e+01 7.394975e+01
      vertex   -8.761976e+01 -7.375926e+01 9.394975e+01
      vertex   -8.823684e+01 -7.212743e+01 9.394975e+01
    endloop
  endfacet
  facet normal -9.515687e-01 -3.074341e-01 -1.108108e-03
    outer loop
      vertex   -8.794057e+01 -7.297235e+01 7.394975e+01
      vertex   -8.823684e+01 -7.212743e+01 9.394975e+01
      vertex   -8.848201e+01 -7.129651e+01 7.394975e+01
    endloop
  endfacet
  facet normal -9.659253e-01 -2.588189e-01 1.087638e-03
    outer loop
      vertex   -8.848201e+01 -7.129651e+01 7.394975e+01
      vertex   -8.823684e+01 -7.212743e+01 9.394975e+01
      vertex   -8.868838e+01 -7.044227e+01 9.394975e+01
    endloop
  endfacet
  facet normal -9.776499e-01 -2.102365e-01 -1.108403e-03
    outer loop
      vertex   -8.848201e+01 -7.129651e+01 7.394975e+01
      vertex   -8.868838e+01 -7.044227e+01 9.394975e+01
      vertex   -8.885226e+01 -6.957474e+01 7.394975e+01
    endloop
  endfacet
  facet normal -9.868954e-01 -1.613577e-01 1.087542e-03
    outer loop
      vertex   -8.885226e+01 -6.957474e+01 7.394975e+01
      vertex   -8.868838e+01 -7.044227e+01 9.394975e+01
      vertex   -8.896989e+01 -6.872053e+01 9.394975e+01
    endloop
  endfacet
  facet normal -9.938299e-01 -1.109097e-01 -1.107916e-03
    outer loop
      vertex   -8.885226e+01 -6.957474e+01 7.394975e+01
      vertex   -8.896989e+01 -6.872053e+01 9.394975e+01
      vertex   -8.904759e+01 -6.782448e+01 7.394975e+01
    endloop
  endfacet
  facet normal -9.980573e-01 -6.229279e-02 1.086664e-03
    outer loop
      vertex   -8.904759e+01 -6.782448e+01 7.394975e+01
      vertex   -8.896989e+01 -6.872053e+01 9.394975e+01
      vertex   -8.907856e+01 -6.697931e+01 9.394975e+01
    endloop
  endfacet
  facet normal -9.999447e-01 -1.045967e-02 -1.106647e-03
    outer loop
      vertex   -8.904759e+01 -6.782448e+01 7.394975e+01
      vertex   -8.907856e+01 -6.697931e+01 9.394975e+01
      vertex   -8.906601e+01 -6.606344e+01 7.394975e+01
    endloop
  endfacet
  facet normal -9.993001e-01 3.739117e-02 1.085004e-03
    outer loop
      vertex   -8.906601e+01 -6.606344e+01 7.394975e+01
      vertex   -8.907856e+01 -6.697931e+01 9.394975e+01
      vertex   -8.901333e+01 -6.523592e+01 9.394975e+01
    endloop
  endfacet
  facet normal -9.959324e-01 9.009630e-02 -1.104596e-03
    outer loop
      vertex   -8.906601e+01 -6.606344e+01 7.394975e+01
      vertex   -8.901333e+01 -6.523592e+01 9.394975e+01
      vertex   -8.890734e+01 -6.430948e+01 7.394975e+01
    endloop
  endfacet
  facet normal -9.906114e-01 1.367035e-01 1.082561e-03
    outer loop
      vertex   -8.890734e+01 -6.430948e+01 7.394975e+01
      vertex   -8.901333e+01 -6.523592e+01 9.394975e+01
      vertex   -8.877483e+01 -6.350770e+01 9.394975e+01
    endloop
  endfacet
  facet normal -9.818338e-01 1.897398e-01 -1.101763e-03
    outer loop
      vertex   -8.890734e+01 -6.430948e+01 7.394975e+01
      vertex   -8.877483e+01 -6.350770e+01 9.394975e+01
      vertex   -8.857318e+01 -6.258034e+01 7.394975e+01
    endloop
  endfacet
  facet normal -9.720776e-01 2.346573e-01 1.079337e-03
    outer loop
      vertex   -8.857318e+01 -6.258034e+01 7.394975e+01
      vertex   -8.877483e+01 -6.350770e+01 9.394975e+01
      vertex   -8.836545e+01 -6.181180e+01 9.394975e+01
    endloop
  endfacet
  facet normal -9.577915e-01 2.874617e-01 -1.098147e-03
    outer loop
      vertex   -8.857318e+01 -6.258034e+01 7.394975e+01
      vertex   -8.836545e+01 -6.181180e+01 9.394975e+01
      vertex   -8.806692e+01 -6.089354e+01 7.394975e+01
    endloop
  endfacet
  facet normal -9.438828e-01 3.302789e-01 1.075330e-03
    outer loop
      vertex   -8.806692e+01 -6.089354e+01 7.394975e+01
      vertex   -8.836545e+01 -6.181180e+01 9.394975e+01
      vertex   -8.778924e+01 -6.016510e+01 9.394975e+01
    endloop
  endfacet
  facet normal -9.240491e-01 3.822723e-01 -1.093749e-03
    outer loop
      vertex   -8.806692e+01 -6.089354e+01 7.394975e+01
      vertex   -8.778924e+01 -6.016510e+01 9.394975e+01
      vertex   -8.739369e+01 -5.926617e+01 7.394975e+01
    endloop
  endfacet
  facet normal -9.063073e-01 4.226180e-01 1.070541e-03
    outer loop
      vertex   -8.739369e+01 -5.926617e+01 7.394975e+01
      vertex   -8.778924e+01 -6.016510e+01 9.394975e+01
      vertex   -8.705194e+01 -5.858395e+01 9.394975e+01
    endloop
  endfacet
  facet normal -8.809482e-01 4.732114e-01 -1.088570e-03
    outer loop
      vertex   -8.739369e+01 -5.926617e+01 7.394975e+01
      vertex   -8.705194e+01 -5.858395e+01 9.394975e+01
      vertex   -8.656030e+01 -5.771470e+01 7.394975e+01
    endloop
  endfacet
  facet normal -8.597245e-01 5.107570e-01 1.064970e-03
    outer loop
      vertex   -8.656030e+01 -5.771470e+01 7.394975e+01
      vertex   -8.705194e+01 -5.858395e+01 9.394975e+01
      vertex   -8.616087e+01 -5.708407e+01 9.394975e+01
    endloop
  endfacet
  facet normal -8.289255e-01 5.593580e-01 -1.082608e-03
    outer loop
      vertex   -8.656030e+01 -5.771470e+01 7.394975e+01
      vertex   -8.616087e+01 -5.708407e+01 9.394975e+01
      vertex   -8.557520e+01 -5.625485e+01 7.394975e+01
    endloop
  endfacet
  facet normal -8.045973e-01 5.938199e-01 1.058617e-03
    outer loop
      vertex   -8.557520e+01 -5.625485e+01 7.394975e+01
      vertex   -8.616087e+01 -5.708407e+01 9.394975e+01
      vertex   -8.512489e+01 -5.568036e+01 9.394975e+01
    endloop
  endfacet
  facet normal -7.685077e-01 6.398396e-01 -1.075863e-03
    outer loop
      vertex   -8.557520e+01 -5.625485e+01 7.394975e+01
      vertex   -8.512489e+01 -5.568036e+01 9.394975e+01
      vertex   -8.444836e+01 -5.490141e+01 7.394975e+01
    endloop
  endfacet
  facet normal -7.414737e-01 6.709811e-01 1.051482e-03
    outer loop
      vertex   -8.444836e+01 -5.490141e+01 7.394975e+01
      vertex   -8.512489e+01 -5.568036e+01 9.394975e+01
      vertex   -8.395429e+01 -5.438678e+01 9.394975e+01
    endloop
  endfacet
  facet normal -7.003068e-01 7.138412e-01 -1.068337e-03
    outer loop
      vertex   -8.444836e+01 -5.490141e+01 7.394975e+01
      vertex   -8.395429e+01 -5.438678e+01 9.394975e+01
      vertex   -8.319119e+01 -5.366808e+01 7.394975e+01
    endloop
  endfacet
  facet normal -6.709811e-01 7.414738e-01 1.043565e-03
    outer loop
      vertex   -8.319119e+01 -5.366808e+01 7.394975e+01
      vertex   -8.395429e+01 -5.438678e+01 9.394975e+01
      vertex   -8.266071e+01 -5.321618e+01 9.394975e+01
    endloop
  endfacet
  facet normal -6.250134e-01 7.806133e-01 -1.060029e-03
    outer loop
      vertex   -8.319119e+01 -5.366808e+01 7.394975e+01
      vertex   -8.266071e+01 -5.321618e+01 9.394975e+01
      vertex   -8.181643e+01 -5.256735e+01 7.394975e+01
    endloop
  endfacet
  facet normal -5.938199e-01 8.045973e-01 1.034865e-03
    outer loop
      vertex   -8.181643e+01 -5.256735e+01 7.394975e+01
      vertex   -8.266071e+01 -5.321618e+01 9.394975e+01
      vertex   -8.125700e+01 -5.218020e+01 9.394975e+01
    endloop
  endfacet
  facet normal -5.433901e-01 8.394796e-01 -1.050938e-03
    outer loop
      vertex   -8.181643e+01 -5.256735e+01 7.394975e+01
      vertex   -8.125700e+01 -5.218020e+01 9.394975e+01
      vertex   -8.033799e+01 -5.161037e+01 7.394975e+01
    endloop
  endfacet
  facet normal -5.107570e-01 8.597245e-01 1.025384e-03
    outer loop
      vertex   -8.033799e+01 -5.161037e+01 7.394975e+01
      vertex   -8.125700e+01 -5.218020e+01 9.394975e+01
      vertex   -7.975712e+01 -5.128913e+01 9.394975e+01
    endloop
  endfacet
  facet normal -4.562636e-01 8.898441e-01 -1.041066e-03
    outer loop
      vertex   -8.033799e+01 -5.161037e+01 7.394975e+01
      vertex   -7.975712e+01 -5.128913e+01 9.394975e+01
      vertex   -7.877086e+01 -5.080683e+01 7.394975e+01
    endloop
  endfacet
  facet normal -4.226180e-01 9.063073e-01 1.015120e-03
    outer loop
      vertex   -7.877086e+01 -5.080683e+01 7.394975e+01
      vertex   -7.975712e+01 -5.128913e+01 9.394975e+01
      vertex   -7.817597e+01 -5.055183e+01 9.394975e+01
    endloop
  endfacet
  facet normal -3.645162e-01 9.311965e-01 -1.030411e-03
    outer loop
      vertex   -7.877086e+01 -5.080683e+01 7.394975e+01
      vertex   -7.817597e+01 -5.055183e+01 9.394975e+01
      vertex   -7.713090e+01 -5.016486e+01 7.394975e+01
    endloop
  endfacet
  facet normal -3.302789e-01 9.438829e-01 1.004074e-03
    outer loop
      vertex   -7.713090e+01 -5.016486e+01 7.394975e+01
      vertex   -7.817597e+01 -5.055183e+01 9.394975e+01
      vertex   -7.652927e+01 -4.997562e+01 9.394975e+01
    endloop
  endfacet
  facet normal -2.690772e-01 9.631181e-01 -1.018974e-03
    outer loop
      vertex   -7.713090e+01 -5.016486e+01 7.394975e+01
      vertex   -7.652927e+01 -4.997562e+01 9.394975e+01
      vertex   -7.543472e+01 -4.969098e+01 7.394975e+01
    endloop
  endfacet
  facet normal -2.346573e-01 9.720777e-01 9.922467e-04
    outer loop
      vertex   -7.543472e+01 -4.969098e+01 7.394975e+01
      vertex   -7.652927e+01 -4.997562e+01 9.394975e+01
      vertex   -7.483337e+01 -4.956624e+01 9.394975e+01
    endloop
  endfacet
  facet normal -1.709130e-01 9.852856e-01 -1.006755e-03
    outer loop
      vertex   -7.543472e+01 -4.969098e+01 7.394975e+01
      vertex   -7.483337e+01 -4.956624e+01 9.394975e+01
      vertex   -7.369950e+01 -4.938998e+01 7.394975e+01
    endloop
  endfacet
  facet normal -1.367035e-01 9.906115e-01 9.796367e-04
    outer loop
      vertex   -7.369950e+01 -4.938998e+01 7.394975e+01
      vertex   -7.483337e+01 -4.956624e+01 9.394975e+01
      vertex   -7.310515e+01 -4.932774e+01 9.394975e+01
    endloop
  endfacet
  facet normal -7.101789e-02 9.974745e-01 -9.937544e-04
    outer loop
      vertex   -7.369950e+01 -4.938998e+01 7.394975e+01
      vertex   -7.310515e+01 -4.932774e+01 9.394975e+01
      vertex   -7.194282e+01 -4.926491e+01 7.394975e+01
    endloop
  endfacet
  facet normal -3.739118e-02 9.993002e-01 9.662447e-04
    outer loop
      vertex   -7.194282e+01 -4.926491e+01 7.394975e+01
      vertex   -7.310515e+01 -4.932774e+01 9.394975e+01
      vertex   -7.136176e+01 -4.926251e+01 9.394975e+01
    endloop
  endfacet
  facet normal 2.959647e-02 9.995614e-01 -9.799713e-04
    outer loop
      vertex   -7.194282e+01 -4.926491e+01 7.394975e+01
      vertex   -7.136176e+01 -4.926251e+01 9.394975e+01
      vertex   -7.018246e+01 -4.931704e+01 7.394975e+01
    endloop
  endfacet
  facet normal 6.229280e-02 9.980575e-01 9.520707e-04
    outer loop
      vertex   -7.018246e+01 -4.931704e+01 7.394975e+01
      vertex   -7.136176e+01 -4.926251e+01 9.394975e+01
      vertex   -6.962054e+01 -4.937119e+01 9.394975e+01
    endloop
  endfacet
  facet normal 1.299111e-01 9.915252e-01 -9.654063e-04
    outer loop
      vertex   -7.018246e+01 -4.931704e+01 7.394975e+01
      vertex   -6.962054e+01 -4.937119e+01 9.394975e+01
      vertex   -6.843625e+01 -4.954583e+01 7.394975e+01
    endloop
  endfacet
  facet normal 1.613577e-01 9.868955e-01 9.371146e-04
    outer loop
      vertex   -6.843625e+01 -4.954583e+01 7.394975e+01
      vertex   -6.962054e+01 -4.937119e+01 9.394975e+01
      vertex   -6.789880e+01 -4.965269e+01 9.394975e+01
    endloop
  endfacet
  facet normal 2.289100e-01 9.734471e-01 -9.500592e-04
    outer loop
      vertex   -6.843625e+01 -4.954583e+01 7.394975e+01
      vertex   -6.789880e+01 -4.965269e+01 9.394975e+01
      vertex   -6.672188e+01 -4.994897e+01 7.394975e+01
    endloop
  endfacet
  facet normal 2.588189e-01 9.659254e-01 9.213765e-04
    outer loop
      vertex   -6.672188e+01 -4.994897e+01 7.394975e+01
      vertex   -6.789880e+01 -4.965269e+01 9.394975e+01
      vertex   -6.621364e+01 -5.010423e+01 9.394975e+01
    endloop
  endfacet
  facet normal 3.255906e-01 9.455104e-01 -9.339301e-04
    outer loop
      vertex   -6.672188e+01 -4.994897e+01 7.394975e+01
      vertex   -6.621364e+01 -5.010423e+01 9.394975e+01
      vertex   -6.505672e+01 -5.052237e+01 7.394975e+01
    endloop
  endfacet
  facet normal 3.537079e-01 9.353555e-01 9.048564e-04
    outer loop
      vertex   -6.505672e+01 -5.052237e+01 7.394975e+01
      vertex   -6.621364e+01 -5.010423e+01 9.394975e+01
      vertex   -6.458181e+01 -5.072131e+01 9.394975e+01
    endloop
  endfacet
  facet normal 4.189738e-01 9.079979e-01 -9.170190e-04
    outer loop
      vertex   -6.505672e+01 -5.052237e+01 7.394975e+01
      vertex   -6.458181e+01 -5.072131e+01 9.394975e+01
      vertex   -6.345761e+01 -5.126024e+01 7.394975e+01
    endloop
  endfacet
  facet normal 4.450816e-01 8.954896e-01 8.875543e-04
    outer loop
      vertex   -6.345761e+01 -5.126024e+01 7.394975e+01
      vertex   -6.458181e+01 -5.072131e+01 9.394975e+01
      vertex   -6.301953e+01 -5.149780e+01 9.394975e+01
    endloop
  endfacet
  facet normal 5.081138e-01 8.612895e-01 -8.993258e-04
    outer loop
      vertex   -6.345761e+01 -5.126024e+01 7.394975e+01
      vertex   -6.301953e+01 -5.149780e+01 9.394975e+01
      vertex   -6.194077e+01 -5.215510e+01 7.394975e+01
    endloop
  endfacet
  facet normal 5.320319e-01 8.467239e-01 8.694702e-04
    outer loop
      vertex   -6.194077e+01 -5.215510e+01 7.394975e+01
      vertex   -6.301953e+01 -5.149780e+01 9.394975e+01
      vertex   -6.154233e+01 -5.242599e+01 9.394975e+01
    endloop
  endfacet
  facet normal 5.921078e-01 8.058583e-01 -8.808508e-04
    outer loop
      vertex   -6.194077e+01 -5.215510e+01 7.394975e+01
      vertex   -6.154233e+01 -5.242599e+01 9.394975e+01
      vertex   -6.052155e+01 -5.319788e+01 7.394975e+01
    endloop
  endfacet
  facet normal 6.136946e-01 7.895431e-01 8.506041e-04
    outer loop
      vertex   -6.052155e+01 -5.319788e+01 7.394975e+01
      vertex   -6.154233e+01 -5.242599e+01 9.394975e+01
      vertex   -6.016489e+01 -5.349664e+01 9.394975e+01
    endloop
  endfacet
  facet normal 6.701051e-01 7.422657e-01 -8.615937e-04
    outer loop
      vertex   -6.052155e+01 -5.319788e+01 7.394975e+01
      vertex   -6.016489e+01 -5.349664e+01 9.394975e+01
      vertex   -5.921432e+01 -5.437802e+01 7.394975e+01
    endloop
  endfacet
  facet normal 6.892581e-01 7.245154e-01 8.309561e-04
    outer loop
      vertex   -5.921432e+01 -5.437802e+01 7.394975e+01
      vertex   -6.016489e+01 -5.349664e+01 9.394975e+01
      vertex   -5.890090e+01 -5.469913e+01 9.394975e+01
    endloop
  endfacet
  facet normal 7.413159e-01 6.711557e-01 -8.415547e-04
    outer loop
      vertex   -5.921432e+01 -5.437802e+01 7.394975e+01
      vertex   -5.890090e+01 -5.469913e+01 9.394975e+01
      vertex   -5.803233e+01 -5.568358e+01 7.394975e+01
    endloop
  endfacet
  facet normal 7.579715e-01 6.522872e-01 8.105261e-04
    outer loop
      vertex   -5.803233e+01 -5.568358e+01 7.394975e+01
      vertex   -5.890090e+01 -5.469913e+01 9.394975e+01
      vertex   -5.776291e+01 -5.602149e+01 9.394975e+01
    endloop
  endfacet
  facet normal 8.050190e-01 5.932485e-01 -8.207338e-04
    outer loop
      vertex   -5.803233e+01 -5.568358e+01 7.394975e+01
      vertex   -5.776291e+01 -5.602149e+01 9.394975e+01
      vertex   -5.698754e+01 -5.710132e+01 7.394975e+01
    endloop
  endfacet
  facet normal 8.191518e-01 5.735763e-01 7.893143e-04
    outer loop
      vertex   -5.698754e+01 -5.710132e+01 7.394975e+01
      vertex   -5.776291e+01 -5.602149e+01 9.394975e+01
      vertex   -5.676225e+01 -5.745059e+01 9.394975e+01
    endloop
  endfacet
  facet normal 8.605691e-01 5.093331e-01 -7.991310e-04
    outer loop
      vertex   -5.698754e+01 -5.710132e+01 7.394975e+01
      vertex   -5.676225e+01 -5.745059e+01 9.394975e+01
      vertex   -5.609053e+01 -5.861690e+01 7.394975e+01
    endloop
  endfacet
  facet normal 8.721910e-01 4.891649e-01 7.673205e-04
    outer loop
      vertex   -5.609053e+01 -5.861690e+01 7.394975e+01
      vertex   -5.676225e+01 -5.745059e+01 9.394975e+01
      vertex   -5.590885e+01 -5.897222e+01 9.394975e+01
    endloop
  endfacet
  facet normal 9.074037e-01 4.202594e-01 -7.767463e-04
    outer loop
      vertex   -5.609053e+01 -5.861690e+01 7.394975e+01
      vertex   -5.590885e+01 -5.897222e+01 9.394975e+01
      vertex   -5.535040e+01 -6.021495e+01 7.394975e+01
    endloop
  endfacet
  facet normal 9.165620e-01 3.998919e-01 7.445449e-04
    outer loop
      vertex   -5.535040e+01 -6.021495e+01 7.394975e+01
      vertex   -5.590885e+01 -5.897222e+01 9.394975e+01
      vertex   -5.521119e+01 -6.057126e+01 9.394975e+01
    endloop
  endfacet
  facet normal 9.450484e-01 3.269295e-01 -7.535797e-04
    outer loop
      vertex   -5.535040e+01 -6.021495e+01 7.394975e+01
      vertex   -5.521119e+01 -6.057126e+01 9.394975e+01
      vertex   -5.477464e+01 -6.187931e+01 7.394975e+01
    endloop
  endfacet
  facet normal 9.518238e-01 3.066447e-01 7.209874e-04
    outer loop
      vertex   -5.477464e+01 -6.187931e+01 7.394975e+01
      vertex   -5.521119e+01 -6.057126e+01 9.394975e+01
      vertex   -5.467622e+01 -6.223182e+01 9.394975e+01
    endloop
  endfacet
  facet normal 9.731221e-01 2.302885e-01 -7.296313e-04
    outer loop
      vertex   -5.477464e+01 -6.187931e+01 7.394975e+01
      vertex   -5.467622e+01 -6.223182e+01 9.394975e+01
      vertex   -5.436907e+01 -6.359310e+01 7.394975e+01
    endloop
  endfacet
  facet normal 9.776259e-01 2.103498e-01 6.966480e-04
    outer loop
      vertex   -5.436907e+01 -6.359310e+01 7.394975e+01
      vertex   -5.467622e+01 -6.223182e+01 9.394975e+01
      vertex   -5.430924e+01 -6.393739e+01 9.394975e+01
    endloop
  endfacet
  facet normal 9.913404e-01 1.313153e-01 -7.049011e-04
    outer loop
      vertex   -5.436907e+01 -6.359310e+01 7.394975e+01
      vertex   -5.430924e+01 -6.393739e+01 9.394975e+01
      vertex   -5.413780e+01 -6.533898e+01 7.394975e+01
    endloop
  endfacet
  facet normal 9.937120e-01 1.119645e-01 6.715269e-04
    outer loop
      vertex   -5.413780e+01 -6.533898e+01 7.394975e+01
      vertex   -5.430924e+01 -6.393739e+01 9.394975e+01
      vertex   -5.411391e+01 -6.567102e+01 9.394975e+01
    endloop
  endfacet
  facet normal 9.995188e-01 3.101210e-02 -6.793890e-04
    outer loop
      vertex   -5.413780e+01 -6.533898e+01 7.394975e+01
      vertex   -5.411391e+01 -6.567102e+01 9.394975e+01
      vertex   -5.408319e+01 -6.709927e+01 7.394975e+01
    endloop
  endfacet
  facet normal 9.999221e-01 1.246631e-02 6.456240e-04
    outer loop
      vertex   -5.408319e+01 -6.709927e+01 7.394975e+01
      vertex   -5.411391e+01 -6.567102e+01 9.394975e+01
      vertex   -5.409216e+01 -6.741550e+01 9.394975e+01
    endloop
  endfacet
  facet normal 9.975744e-01 -6.960514e-02 -6.530952e-04
    outer loop
      vertex   -5.408319e+01 -6.709927e+01 7.394975e+01
      vertex   -5.409216e+01 -6.741550e+01 9.394975e+01
      vertex   -5.420577e+01 -6.885613e+01 7.394975e+01
    endloop
  endfacet
  facet normal 9.961945e-01 -8.715573e-02 6.189393e-04
    outer loop
      vertex   -5.420577e+01 -6.885613e+01 7.394975e+01
      vertex   -5.409216e+01 -6.741550e+01 9.394975e+01
      vertex   -5.424421e+01 -6.915346e+01 9.394975e+01
    endloop
  endfacet
  facet normal 9.855270e-01 -1.695175e-01 -6.260196e-04
    outer loop
      vertex   -5.420577e+01 -6.885613e+01 7.394975e+01
      vertex   -5.424421e+01 -6.915346e+01 9.394975e+01
      vertex   -5.450431e+01 -7.059177e+01 7.394975e+01
    endloop
  endfacet
  facet normal 9.825663e-01 -1.859116e-01 5.914728e-04
    outer loop
      vertex   -5.450431e+01 -7.059177e+01 7.394975e+01
      vertex   -5.424421e+01 -6.915346e+01 9.394975e+01
      vertex   -5.456855e+01 -7.086765e+01 9.394975e+01
    endloop
  endfacet
  facet normal 9.634985e-01 -2.677130e-01 -5.981623e-04
    outer loop
      vertex   -5.450431e+01 -7.059177e+01 7.394975e+01
      vertex   -5.456855e+01 -7.086765e+01 9.394975e+01
      vertex   -5.497579e+01 -7.228862e+01 7.394975e+01
    endloop
  endfacet
  facet normal 9.591729e-01 -2.828198e-01 5.632247e-04
    outer loop
      vertex   -5.497579e+01 -7.228862e+01 7.394975e+01
      vertex   -5.456855e+01 -7.086765e+01 9.394975e+01
      vertex   -5.506196e+01 -7.254103e+01 9.394975e+01
    endloop
  endfacet
  facet normal 9.317121e-01 -3.631972e-01 -5.695233e-04
    outer loop
      vertex   -5.497579e+01 -7.228862e+01 7.394975e+01
      vertex   -5.506196e+01 -7.254103e+01 9.394975e+01
      vertex   -5.561543e+01 -7.392948e+01 7.394975e+01
    endloop
  endfacet
  facet normal 9.262468e-01 -3.769171e-01 5.341948e-04
    outer loop
      vertex   -5.561543e+01 -7.392948e+01 7.394975e+01
      vertex   -5.506196e+01 -7.254103e+01 9.394975e+01
      vertex   -5.571954e+01 -7.415697e+01 9.394975e+01
    endloop
  endfacet
  facet normal 8.904897e-01 -4.550031e-01 -5.401026e-04
    outer loop
      vertex   -5.561543e+01 -7.392948e+01 7.394975e+01
      vertex   -5.571954e+01 -7.415697e+01 9.394975e+01
      vertex   -5.641675e+01 -7.549775e+01 7.394975e+01
    endloop
  endfacet
  facet normal 9.996873e-15 1.375382e-14 -1.000000e+00
    outer loop
      vertex   -5.732110e+01 -7.690689e+01 7.394975e+01
      vertex   -6.338840e+01 -7.249691e+01 7.394975e+01
      vertex   -5.641675e+01 -7.549775e+01 7.394975e+01
    endloop
  endfacet
  facet normal 3.232456e-15 -1.961503e-15 -1.000000e+00
    outer loop
      vertex   -5.641675e+01 -7.549775e+01 7.394975e+01
      vertex   -6.338840e+01 -7.249691e+01 7.394975e+01
      vertex   -6.270981e+01 -7.137864e+01 7.394975e+01
    endloop
  endfacet
  facet normal -5.504916e-15 -1.531020e-14 -1.000000e+00
    outer loop
      vertex   -5.641675e+01 -7.549775e+01 7.394975e+01
      vertex   -6.270981e+01 -7.137864e+01 7.394975e+01
      vertex   -5.561543e+01 -7.392948e+01 7.394975e+01
    endloop
  endfacet
  facet normal 0.000000e+00 0.000000e+00 -1.000000e+00
    outer loop
      vertex   -5.561543e+01 -7.392948e+01 7.394975e+01
      vertex   -6.270981e+01 -7.137864e+01 7.394975e+01
      vertex   -6.218300e+01 -7.018135e+01 7.394975e+01
    endloop
  endfacet
  facet normal 0.000000e+00 0.000000e+00 -1.000000e+00
    outer loop
      vertex   -5.561543e+01 -7.392948e+01 7.394975e+01
      vertex   -6.218300e+01 -7.018135e+01 7.394975e+01
      vertex   -5.497579e+01 -7.228862e+01 7.394975e+01
    endloop
  endfacet
  facet normal 0.000000e+00 0.000000e+00 -1.000000e+00
    outer loop
      vertex   -5.497579e+01 -7.228862e+01 7.394975e+01
      vertex   -6.218300e+01 -7.018135e+01 7.394975e+01
      vertex   -6.181696e+01 -6.892555e+01 7.394975e+01
    endloop
  endfacet
  facet normal 0.000000e+00 0.000000e+00 -1.000000e+00
    outer loop
      vertex   -5.497579e+01 -7.228862e+01 7.394975e+01
      vertex   -6.181696e+01 -6.892555e+01 7.394975e+01
      vertex   -5.450431e+01 -7.059177e+01 7.394975e+01
    endloop
  endfacet
  facet normal 0.000000e+00 0.000000e+00 -1.000000e+00
    outer loop
      vertex   -5.450431e+01 -7.059177e+01 7.394975e+01
      vertex   -6.181696e+01 -6.892555e+01 7.394975e+01
      vertex   -5.420577e+01 -6.885613e+01 7.394975e+01
    endloop
  endfacet
  facet normal -0.000000e+00 0.000000e+00 -1.000000e+00
    outer loop
      vertex   -5.420577e+01 -6.885613e+01 7.394975e+01
      vertex   -6.181696e+01 -6.892555e+01 7.394975e+01
      vertex   -6.161797e+01 -6.763271e+01 7.394975e+01
    endloop
  endfacet
  facet normal 0.000000e+00 0.000000e+00 -1.000000e+00
    outer loop
      vertex   -5.420577e+01 -6.885613e+01 7.394975e+01
      vertex   -6.161797e+01 -6.763271e+01 7.394975e+01
      vertex   -5.408319e+01 -6.709927e+01 7.394975e+01
    endloop
  endfacet
  facet normal -0.000000e+00 0.000000e+00 -1.000000e+00
    outer loop
      vertex   -5.408319e+01 -6.709927e+01 7.394975e+01
      vertex   -6.161797e+01 -6.763271e+01 7.394975e+01
      vertex   -6.158944e+01 -6.632496e+01 7.394975e+01
    endloop
  endfacet
  facet normal 0.000000e+00 0.000000e+00 -1.000000e+00
    outer loop
      vertex   -5.408319e+01 -6.709927e+01 7.394975e+01
      vertex   -6.158944e+01 -6.632496e+01 7.394975e+01
      vertex   -5.413780e+01 -6.533898e+01 7.394975e+01
    endloop
  endfacet
  facet normal -0.000000e+00 0.000000e+00 -1.000000e+00
    outer loop
      vertex   -5.413780e+01 -6.533898e+01 7.394975e+01
      vertex   -6.158944e+01 -6.632496e+01 7.394975e+01
      vertex   -6.173184e+01 -6.502467e+01 7.394975e+01
    endloop
  endfacet
  facet normal 3.387555e-16 8.184521e-15 -1.000000e+00
    outer loop
      vertex   -5.413780e+01 -6.533898e+01 7.394975e+01
      vertex   -6.173184e+01 -6.502467e+01 7.394975e+01
      vertex   -5.436907e+01 -6.359310e+01 7.394975e+01
    endloop
  endfacet
  facet normal 1.845193e-15 4.366633e-16 -1.000000e+00
    outer loop
      vertex   -5.436907e+01 -6.359310e+01 7.394975e+01
      vertex   -6.173184e+01 -6.502467e+01 7.394975e+01
      vertex   -5.477464e+01 -6.187931e+01 7.394975e+01
    endloop
  endfacet
  facet normal 1.839147e-15 4.500364e-16 -1.000000e+00
    outer loop
      vertex   -5.477464e+01 -6.187931e+01 7.394975e+01
      vertex   -6.173184e+01 -6.502467e+01 7.394975e+01
      vertex   -6.204275e+01 -6.375409e+01 7.394975e+01
    endloop
  endfacet
  facet normal 1.795053e-15 6.209795e-16 -1.000000e+00
    outer loop
      vertex   -5.477464e+01 -6.187931e+01 7.394975e+01
      vertex   -6.204275e+01 -6.375409e+01 7.394975e+01
      vertex   -5.535040e+01 -6.021495e+01 7.394975e+01
    endloop
  endfacet
  facet normal 1.761244e-15 6.849104e-16 -1.000000e+00
    outer loop
      vertex   -5.535040e+01 -6.021495e+01 7.394975e+01
      vertex   -6.204275e+01 -6.375409e+01 7.394975e+01
      vertex   -6.251684e+01 -6.253497e+01 7.394975e+01
    endloop
  endfacet
  facet normal 1.724421e-15 7.986567e-16 -1.000000e+00
    outer loop
      vertex   -5.535040e+01 -6.021495e+01 7.394975e+01
      vertex   -6.251684e+01 -6.253497e+01 7.394975e+01
      vertex   -5.609053e+01 -5.861690e+01 7.394975e+01
    endloop
  endfacet
  facet normal 1.657081e-15 9.091056e-16 -1.000000e+00
    outer loop
      vertex   -5.609053e+01 -5.861690e+01 7.394975e+01
      vertex   -6.251684e+01 -6.253497e+01 7.394975e+01
      vertex   -6.314601e+01 -6.138815e+01 7.394975e+01
    endloop
  endfacet
  facet normal 1.634247e-15 9.672392e-16 -1.000000e+00
    outer loop
      vertex   -5.609053e+01 -5.861690e+01 7.394975e+01
      vertex   -6.314601e+01 -6.138815e+01 7.394975e+01
      vertex   -5.698754e+01 -5.710132e+01 7.394975e+01
    endloop
  endfacet
  facet normal 1.527769e-15 1.120206e-15 -1.000000e+00
    outer loop
      vertex   -5.698754e+01 -5.710132e+01 7.394975e+01
      vertex   -6.314601e+01 -6.138815e+01 7.394975e+01
      vertex   -6.391948e+01 -6.033327e+01 7.394975e+01
    endloop
  endfacet
  facet normal 1.525803e-15 1.124421e-15 -1.000000e+00
    outer loop
      vertex   -5.698754e+01 -5.710132e+01 7.394975e+01
      vertex   -6.391948e+01 -6.033327e+01 7.394975e+01
      vertex   -5.803233e+01 -5.568358e+01 7.394975e+01
    endloop
  endfacet
  facet normal 1.407463e-15 1.274257e-15 -1.000000e+00
    outer loop
      vertex   -5.803233e+01 -5.568358e+01 7.394975e+01
      vertex   -6.391948e+01 -6.033327e+01 7.394975e+01
      vertex   -5.921432e+01 -5.437802e+01 7.394975e+01
    endloop
  endfacet
  facet normal 1.365631e-15 1.307307e-15 -1.000000e+00
    outer loop
      vertex   -5.921432e+01 -5.437802e+01 7.394975e+01
      vertex   -6.391948e+01 -6.033327e+01 7.394975e+01
      vertex   -6.482402e+01 -5.938838e+01 7.394975e+01
    endloop
  endfacet
  facet normal 1.273420e-15 1.410549e-15 -1.000000e+00
    outer loop
      vertex   -5.921432e+01 -5.437802e+01 7.394975e+01
      vertex   -6.482402e+01 -5.938838e+01 7.394975e+01
      vertex   -6.052155e+01 -5.319788e+01 7.394975e+01
    endloop
  endfacet
  facet normal 1.182693e-15 1.473605e-15 -1.000000e+00
    outer loop
      vertex   -6.052155e+01 -5.319788e+01 7.394975e+01
      vertex   -6.482402e+01 -5.938838e+01 7.394975e+01
      vertex   -6.584416e+01 -5.856963e+01 7.394975e+01
    endloop
  endfacet
  facet normal 1.124850e-15 1.530919e-15 -1.000000e+00
    outer loop
      vertex   -6.052155e+01 -5.319788e+01 7.394975e+01
      vertex   -6.584416e+01 -5.856963e+01 7.394975e+01
      vertex   -6.194077e+01 -5.215510e+01 7.394975e+01
    endloop
  endfacet
  facet normal 9.818053e-16 1.617965e-15 -1.000000e+00
    outer loop
      vertex   -6.194077e+01 -5.215510e+01 7.394975e+01
      vertex   -6.584416e+01 -5.856963e+01 7.394975e+01
      vertex   -6.696244e+01 -5.789104e+01 7.394975e+01
    endloop
  endfacet
  facet normal 9.638069e-16 1.633722e-15 -1.000000e+00
    outer loop
      vertex   -6.194077e+01 -5.215510e+01 7.394975e+01
      vertex   -6.696244e+01 -5.789104e+01 7.394975e+01
      vertex   -6.345761e+01 -5.126024e+01 7.394975e+01
    endloop
  endfacet
  facet normal 7.950105e-16 1.722943e-15 -1.000000e+00
    outer loop
      vertex   -6.345761e+01 -5.126024e+01 7.394975e+01
      vertex   -6.696244e+01 -5.789104e+01 7.394975e+01
      vertex   -6.505672e+01 -5.052237e+01 7.394975e+01
    endloop
  endfacet
  facet normal 7.618827e-16 1.731510e-15 -1.000000e+00
    outer loop
      vertex   -6.505672e+01 -5.052237e+01 7.394975e+01
      vertex   -6.696244e+01 -5.789104e+01 7.394975e+01
      vertex   -6.815972e+01 -5.736422e+01 7.394975e+01
    endloop
  endfacet
  facet normal 6.186263e-16 1.796482e-15 -1.000000e+00
    outer loop
      vertex   -6.505672e+01 -5.052237e+01 7.394975e+01
      vertex   -6.815972e+01 -5.736422e+01 7.394975e+01
      vertex   -6.672188e+01 -4.994897e+01 7.394975e+01
    endloop
  endfacet
  facet normal 5.287086e-16 1.813917e-15 -1.000000e+00
    outer loop
      vertex   -6.672188e+01 -4.994897e+01 7.394975e+01
      vertex   -6.815972e+01 -5.736422e+01 7.394975e+01
      vertex   -6.941553e+01 -5.699819e+01 7.394975e+01
    endloop
  endfacet
  facet normal 4.349727e-16 1.849735e-15 -1.000000e+00
    outer loop
      vertex   -6.672188e+01 -4.994897e+01 7.394975e+01
      vertex   -6.941553e+01 -5.699819e+01 7.394975e+01
      vertex   -6.843625e+01 -4.954583e+01 7.394975e+01
    endloop
  endfacet
  facet normal 2.876805e-16 1.869090e-15 -1.000000e+00
    outer loop
      vertex   -6.843625e+01 -4.954583e+01 7.394975e+01
      vertex   -6.941553e+01 -5.699819e+01 7.394975e+01
      vertex   -7.070836e+01 -5.679920e+01 7.394975e+01
    endloop
  endfacet
  facet normal 2.465779e-16 1.881965e-15 -1.000000e+00
    outer loop
      vertex   -6.843625e+01 -4.954583e+01 7.394975e+01
      vertex   -7.070836e+01 -5.679920e+01 7.394975e+01
      vertex   -7.018246e+01 -4.931704e+01 7.394975e+01
    endloop
  endfacet
  facet normal 5.612035e-17 1.895352e-15 -1.000000e+00
    outer loop
      vertex   -7.018246e+01 -4.931704e+01 7.394975e+01
      vertex   -7.070836e+01 -5.679920e+01 7.394975e+01
      vertex   -7.194282e+01 -4.926491e+01 7.394975e+01
    endloop
  endfacet
  facet normal 4.130376e-17 1.892925e-15 -1.000000e+00
    outer loop
      vertex   -7.194282e+01 -4.926491e+01 7.394975e+01
      vertex   -7.070836e+01 -5.679920e+01 7.394975e+01
      vertex   -7.201612e+01 -5.677067e+01 7.394975e+01
    endloop
  endfacet
  facet normal -1.348944e-16 1.894645e-15 -1.000000e+00
    outer loop
      vertex   -7.194282e+01 -4.926491e+01 7.394975e+01
      vertex   -7.201612e+01 -5.677067e+01 7.394975e+01
      vertex   -7.369950e+01 -4.938998e+01 7.394975e+01
    endloop
  endfacet
  facet normal -2.057281e-16 1.878489e-15 -1.000000e+00
    outer loop
      vertex   -7.369950e+01 -4.938998e+01 7.394975e+01
      vertex   -7.201612e+01 -5.677067e+01 7.394975e+01
      vertex   -7.331640e+01 -5.691307e+01 7.394975e+01
    endloop
  endfacet
  facet normal -3.248012e-16 1.872426e-15 -1.000000e+00
    outer loop
      vertex   -7.369950e+01 -4.938998e+01 7.394975e+01
      vertex   -7.331640e+01 -5.691307e+01 7.394975e+01
      vertex   -7.543472e+01 -4.969098e+01 7.394975e+01
    endloop
  endfacet
  facet normal -4.492478e-16 1.835924e-15 -1.000000e+00
    outer loop
      vertex   -7.543472e+01 -4.969098e+01 7.394975e+01
      vertex   -7.331640e+01 -5.691307e+01 7.394975e+01
      vertex   -7.458698e+01 -5.722398e+01 7.394975e+01
    endloop
  endfacet
  facet normal -8.633759e-15 9.148635e-16 -1.000000e+00
    outer loop
      vertex   -7.543472e+01 -4.969098e+01 7.394975e+01
      vertex   -7.458698e+01 -5.722398e+01 7.394975e+01
      vertex   -7.713090e+01 -5.016486e+01 7.394975e+01
    endloop
  endfacet
  facet normal -1.373268e-15 3.531353e-15 -1.000000e+00
    outer loop
      vertex   -7.713090e+01 -5.016486e+01 7.394975e+01
      vertex   -7.458698e+01 -5.722398e+01 7.394975e+01
      vertex   -7.580610e+01 -5.769807e+01 7.394975e+01
    endloop
  endfacet
  facet normal -1.381761e-15 3.529859e-15 -1.000000e+00
    outer loop
      vertex   -7.713090e+01 -5.016486e+01 7.394975e+01
      vertex   -7.580610e+01 -5.769807e+01 7.394975e+01
      vertex   -7.877086e+01 -5.080683e+01 7.394975e+01
    endloop
  endfacet
  facet normal 5.696682e-15 6.575150e-15 -1.000000e+00
    outer loop
      vertex   -7.877086e+01 -5.080683e+01 7.394975e+01
      vertex   -7.580610e+01 -5.769807e+01 7.394975e+01
      vertex   -8.033799e+01 -5.161037e+01 7.394975e+01
    endloop
  endfacet
  facet normal -9.093022e-16 1.657439e-15 -1.000000e+00
    outer loop
      vertex   -8.033799e+01 -5.161037e+01 7.394975e+01
      vertex   -7.580610e+01 -5.769807e+01 7.394975e+01
      vertex   -7.695292e+01 -5.832723e+01 7.394975e+01
    endloop
  endfacet
  facet normal -1.032622e-15 1.595290e-15 -1.000000e+00
    outer loop
      vertex   -8.033799e+01 -5.161037e+01 7.394975e+01
      vertex   -7.695292e+01 -5.832723e+01 7.394975e+01
      vertex   -8.181643e+01 -5.256735e+01 7.394975e+01
    endloop
  endfacet
  facet normal -1.117293e-15 1.523796e-15 -1.000000e+00
    outer loop
      vertex   -8.181643e+01 -5.256735e+01 7.394975e+01
      vertex   -7.695292e+01 -5.832723e+01 7.394975e+01
      vertex   -7.800780e+01 -5.910070e+01 7.394975e+01
    endloop
  endfacet
  facet normal -1.187355e-15 1.482953e-15 -1.000000e+00
    outer loop
      vertex   -8.181643e+01 -5.256735e+01 7.394975e+01
      vertex   -7.800780e+01 -5.910070e+01 7.394975e+01
      vertex   -8.319119e+01 -5.366808e+01 7.394975e+01
    endloop
  endfacet
  facet normal -1.308745e-15 1.367133e-15 -1.000000e+00
    outer loop
      vertex   -8.319119e+01 -5.366808e+01 7.394975e+01
      vertex   -7.800780e+01 -5.910070e+01 7.394975e+01
      vertex   -7.895269e+01 -6.000525e+01 7.394975e+01
    endloop
  endfacet
  facet normal -1.328349e-15 1.354021e-15 -1.000000e+00
    outer loop
      vertex   -8.319119e+01 -5.366808e+01 7.394975e+01
      vertex   -7.895269e+01 -6.000525e+01 7.394975e+01
      vertex   -8.444836e+01 -5.490141e+01 7.394975e+01
    endloop
  endfacet
  facet normal -1.458274e-15 1.214121e-15 -1.000000e+00
    outer loop
      vertex   -8.444836e+01 -5.490141e+01 7.394975e+01
      vertex   -7.895269e+01 -6.000525e+01 7.394975e+01
      vertex   -8.557520e+01 -5.625485e+01 7.394975e+01
    endloop
  endfacet
  facet normal -1.475301e-15 1.184054e-15 -1.000000e+00
    outer loop
      vertex   -8.557520e+01 -5.625485e+01 7.394975e+01
      vertex   -7.895269e+01 -6.000525e+01 7.394975e+01
      vertex   -7.977144e+01 -6.102538e+01 7.394975e+01
    endloop
  endfacet
  facet normal -1.574976e-15 1.062792e-15 -1.000000e+00
    outer loop
      vertex   -8.557520e+01 -5.625485e+01 7.394975e+01
      vertex   -7.977144e+01 -6.102538e+01 7.394975e+01
      vertex   -8.656030e+01 -5.771470e+01 7.394975e+01
    endloop
  endfacet
  facet normal -1.615268e-15 9.801686e-16 -1.000000e+00
    outer loop
      vertex   -8.656030e+01 -5.771470e+01 7.394975e+01
      vertex   -7.977144e+01 -6.102538e+01 7.394975e+01
      vertex   -8.045003e+01 -6.214366e+01 7.394975e+01
    endloop
  endfacet
  facet normal -1.673965e-15 8.991893e-16 -1.000000e+00
    outer loop
      vertex   -8.656030e+01 -5.771470e+01 7.394975e+01
      vertex   -8.045003e+01 -6.214366e+01 7.394975e+01
      vertex   -8.739369e+01 -5.926617e+01 7.394975e+01
    endloop
  endfacet
  facet normal -1.730965e-15 7.616428e-16 -1.000000e+00
    outer loop
      vertex   -8.739369e+01 -5.926617e+01 7.394975e+01
      vertex   -8.045003e+01 -6.214366e+01 7.394975e+01
      vertex   -8.097685e+01 -6.334095e+01 7.394975e+01
    endloop
  endfacet
  facet normal -1.753875e-15 7.255651e-16 -1.000000e+00
    outer loop
      vertex   -8.739369e+01 -5.926617e+01 7.394975e+01
      vertex   -8.097685e+01 -6.334095e+01 7.394975e+01
      vertex   -8.806692e+01 -6.089354e+01 7.394975e+01
    endloop
  endfacet
  facet normal -1.816173e-15 5.450876e-16 -1.000000e+00
    outer loop
      vertex   -8.806692e+01 -6.089354e+01 7.394975e+01
      vertex   -8.097685e+01 -6.334095e+01 7.394975e+01
      vertex   -8.857318e+01 -6.258034e+01 7.394975e+01
    endloop
  endfacet
  facet normal -1.817703e-15 5.298121e-16 -1.000000e+00
    outer loop
      vertex   -8.857318e+01 -6.258034e+01 7.394975e+01
      vertex   -8.097685e+01 -6.334095e+01 7.394975e+01
      vertex   -8.134288e+01 -6.459675e+01 7.394975e+01
    endloop
  endfacet
  facet normal -1.864949e-15 3.604022e-16 -1.000000e+00
    outer loop
      vertex   -8.857318e+01 -6.258034e+01 7.394975e+01
      vertex   -8.134288e+01 -6.459675e+01 7.394975e+01
      vertex   -8.890734e+01 -6.430948e+01 7.394975e+01
    endloop
  endfacet
  facet normal -1.867718e-15 2.874694e-16 -1.000000e+00
    outer loop
      vertex   -8.890734e+01 -6.430948e+01 7.394975e+01
      vertex   -8.134288e+01 -6.459675e+01 7.394975e+01
      vertex   -8.154187e+01 -6.588959e+01 7.394975e+01
    endloop
  endfacet
  facet normal -1.875995e-16 8.119087e-15 -1.000000e+00
    outer loop
      vertex   -8.890734e+01 -6.430948e+01 7.394975e+01
      vertex   -8.154187e+01 -6.588959e+01 7.394975e+01
      vertex   -8.906601e+01 -6.606344e+01 7.394975e+01
    endloop
  endfacet
  facet normal 0.000000e+00 0.000000e+00 -1.000000e+00
    outer loop
      vertex   -8.906601e+01 -6.606344e+01 7.394975e+01
      vertex   -8.154187e+01 -6.588959e+01 7.394975e+01
      vertex   -8.157040e+01 -6.719734e+01 7.394975e+01
    endloop
  endfacet
  facet normal 0.000000e+00 0.000000e+00 -1.000000e+00
    outer loop
      vertex   -8.906601e+01 -6.606344e+01 7.394975e+01
      vertex   -8.157040e+01 -6.719734e+01 7.394975e+01
      vertex   -8.904759e+01 -6.782448e+01 7.394975e+01
    endloop
  endfacet
  facet normal 0.000000e+00 0.000000e+00 -1.000000e+00
    outer loop
      vertex   -8.904759e+01 -6.782448e+01 7.394975e+01
      vertex   -8.157040e+01 -6.719734e+01 7.394975e+01
      vertex   -8.142800e+01 -6.849763e+01 7.394975e+01
    endloop
  endfacet
  facet normal 0.000000e+00 0.000000e+00 -1.000000e+00
    outer loop
      vertex   -8.904759e+01 -6.782448e+01 7.394975e+01
      vertex   -8.142800e+01 -6.849763e+01 7.394975e+01
      vertex   -8.885226e+01 -6.957474e+01 7.394975e+01
    endloop
  endfacet
  facet normal 0.000000e+00 0.000000e+00 -1.000000e+00
    outer loop
      vertex   -8.885226e+01 -6.957474e+01 7.394975e+01
      vertex   -8.142800e+01 -6.849763e+01 7.394975e+01
      vertex   -8.848201e+01 -7.129651e+01 7.394975e+01
    endloop
  endfacet
  facet normal 0.000000e+00 0.000000e+00 -1.000000e+00
    outer loop
      vertex   -8.848201e+01 -7.129651e+01 7.394975e+01
      vertex   -8.142800e+01 -6.849763e+01 7.394975e+01
      vertex   -8.111709e+01 -6.976821e+01 7.394975e+01
    endloop
  endfacet
  facet normal 0.000000e+00 0.000000e+00 -1.000000e+00
    outer loop
      vertex   -8.848201e+01 -7.129651e+01 7.394975e+01
      vertex   -8.111709e+01 -6.976821e+01 7.394975e+01
      vertex   -8.794057e+01 -7.297235e+01 7.394975e+01
    endloop
  endfacet
  facet normal 0.000000e+00 0.000000e+00 -1.000000e+00
    outer loop
      vertex   -8.794057e+01 -7.297235e+01 7.394975e+01
      vertex   -8.111709e+01 -6.976821e+01 7.394975e+01
      vertex   -8.064300e+01 -7.098733e+01 7.394975e+01
    endloop
  endfacet
  facet normal 0.000000e+00 0.000000e+00 -1.000000e+00
    outer loop
      vertex   -8.794057e+01 -7.297235e+01 7.394975e+01
      vertex   -8.064300e+01 -7.098733e+01 7.394975e+01
      vertex   -8.723345e+01 -7.458529e+01 7.394975e+01
    endloop
  endfacet
  facet normal 0.000000e+00 0.000000e+00 -1.000000e+00
    outer loop
      vertex   -8.723345e+01 -7.458529e+01 7.394975e+01
      vertex   -8.064300e+01 -7.098733e+01 7.394975e+01
      vertex   -8.001384e+01 -7.213415e+01 7.394975e+01
    endloop
  endfacet
  facet normal 0.000000e+00 0.000000e+00 -1.000000e+00
    outer loop
      vertex   -8.723345e+01 -7.458529e+01 7.394975e+01
      vertex   -8.001384e+01 -7.213415e+01 7.394975e+01
      vertex   -8.636779e+01 -7.611898e+01 7.394975e+01
    endloop
  endfacet
  facet normal 0.000000e+00 0.000000e+00 -1.000000e+00
    outer loop
      vertex   -8.636779e+01 -7.611898e+01 7.394975e+01
      vertex   -8.001384e+01 -7.213415e+01 7.394975e+01
      vertex   -8.535236e+01 -7.755790e+01 7.394975e+01
    endloop
  endfacet
  facet normal 0.000000e+00 0.000000e+00 -1.000000e+00
    outer loop
      vertex   -8.535236e+01 -7.755790e+01 7.394975e+01
      vertex   -8.001384e+01 -7.213415e+01 7.394975e+01
      vertex   -7.924037e+01 -7.318903e+01 7.394975e+01
    endloop
  endfacet
  facet normal 0.000000e+00 0.000000e+00 -1.000000e+00
    outer loop
      vertex   -8.535236e+01 -7.755790e+01 7.394975e+01
      vertex   -7.924037e+01 -7.318903e+01 7.394975e+01
      vertex   -8.419746e+01 -7.888748e+01 7.394975e+01
    endloop
  endfacet
  facet normal 0.000000e+00 0.000000e+00 -1.000000e+00
    outer loop
      vertex   -8.419746e+01 -7.888748e+01 7.394975e+01
      vertex   -7.924037e+01 -7.318903e+01 7.394975e+01
      vertex   -7.833582e+01 -7.413392e+01 7.394975e+01
    endloop
  endfacet
  facet normal 0.000000e+00 0.000000e+00 -1.000000e+00
    outer loop
      vertex   -8.419746e+01 -7.888748e+01 7.394975e+01
      vertex   -7.833582e+01 -7.413392e+01 7.394975e+01
      vertex   -8.291476e+01 -8.009424e+01 7.394975e+01
    endloop
  endfacet
  facet normal 0.000000e+00 0.000000e+00 -1.000000e+00
    outer loop
      vertex   -8.291476e+01 -8.009424e+01 7.394975e+01
      vertex   -7.833582e+01 -7.413392e+01 7.394975e+01
      vertex   -7.731569e+01 -7.495267e+01 7.394975e+01
    endloop
  endfacet
  facet normal 0.000000e+00 0.000000e+00 -1.000000e+00
    outer loop
      vertex   -8.291476e+01 -8.009424e+01 7.394975e+01
      vertex   -7.731569e+01 -7.495267e+01 7.394975e+01
      vertex   -8.151728e+01 -8.116597e+01 7.394975e+01
    endloop
  endfacet
  facet normal 0.000000e+00 0.000000e+00 -1.000000e+00
    outer loop
      vertex   -8.151728e+01 -8.116597e+01 7.394975e+01
      vertex   -7.731569e+01 -7.495267e+01 7.394975e+01
      vertex   -8.001915e+01 -8.209182e+01 7.394975e+01
    endloop
  endfacet
  facet normal 0.000000e+00 0.000000e+00 -1.000000e+00
    outer loop
      vertex   -8.001915e+01 -8.209182e+01 7.394975e+01
      vertex   -7.731569e+01 -7.495267e+01 7.394975e+01
      vertex   -7.619741e+01 -7.563126e+01 7.394975e+01
    endloop
  endfacet
  facet normal 0.000000e+00 0.000000e+00 -1.000000e+00
    outer loop
      vertex   -8.001915e+01 -8.209182e+01 7.394975e+01
      vertex   -7.619741e+01 -7.563126e+01 7.394975e+01
      vertex   -7.843555e+01 -8.286240e+01 7.394975e+01
    endloop
  endfacet
  facet normal 0.000000e+00 0.000000e+00 -1.000000e+00
    outer loop
      vertex   -7.843555e+01 -8.286240e+01 7.394975e+01
      vertex   -7.619741e+01 -7.563126e+01 7.394975e+01
      vertex   -7.500012e+01 -7.615808e+01 7.394975e+01
    endloop
  endfacet
  facet normal 0.000000e+00 0.000000e+00 -1.000000e+00
    outer loop
      vertex   -7.843555e+01 -8.286240e+01 7.394975e+01
      vertex   -7.500012e+01 -7.615808e+01 7.394975e+01
      vertex   -7.678252e+01 -8.346992e+01 7.394975e+01
    endloop
  endfacet
  facet normal 0.000000e+00 0.000000e+00 -1.000000e+00
    outer loop
      vertex   -7.678252e+01 -8.346992e+01 7.394975e+01
      vertex   -7.500012e+01 -7.615808e+01 7.394975e+01
      vertex   -7.374432e+01 -7.652411e+01 7.394975e+01
    endloop
  endfacet
  facet normal 0.000000e+00 0.000000e+00 -1.000000e+00
    outer loop
      vertex   -7.678252e+01 -8.346992e+01 7.394975e+01
      vertex   -7.374432e+01 -7.652411e+01 7.394975e+01
      vertex   -7.507680e+01 -8.390821e+01 7.394975e+01
    endloop
  endfacet
  facet normal 0.000000e+00 0.000000e+00 -1.000000e+00
    outer loop
      vertex   -7.507680e+01 -8.390821e+01 7.394975e+01
      vertex   -7.374432e+01 -7.652411e+01 7.394975e+01
      vertex   -7.245148e+01 -7.672310e+01 7.394975e+01
    endloop
  endfacet
  facet normal 0.000000e+00 0.000000e+00 -1.000000e+00
    outer loop
      vertex   -7.507680e+01 -8.390821e+01 7.394975e+01
      vertex   -7.245148e+01 -7.672310e+01 7.394975e+01
      vertex   -7.333567e+01 -8.417285e+01 7.394975e+01
    endloop
  endfacet
  facet normal 0.000000e+00 0.000000e+00 -1.000000e+00
    outer loop
      vertex   -7.333567e+01 -8.417285e+01 7.394975e+01
      vertex   -7.245148e+01 -7.672310e+01 7.394975e+01
      vertex   -7.166361e+01 -8.426095e+01 7.394975e+01
    endloop
  endfacet
  facet normal 0.000000e+00 0.000000e+00 -1.000000e+00
    outer loop
      vertex   -7.166361e+01 -8.426095e+01 7.394975e+01
      vertex   -7.245148e+01 -7.672310e+01 7.394975e+01
      vertex   -7.114373e+01 -7.675163e+01 7.394975e+01
    endloop
  endfacet
  facet normal 0.000000e+00 0.000000e+00 -1.000000e+00
    outer loop
      vertex   -7.166361e+01 -8.426095e+01 7.394975e+01
      vertex   -7.114373e+01 -7.675163e+01 7.394975e+01
      vertex   -6.999080e+01 -8.418885e+01 7.394975e+01
    endloop
  endfacet
  facet normal 0.000000e+00 0.000000e+00 -1.000000e+00
    outer loop
      vertex   -6.999080e+01 -8.418885e+01 7.394975e+01
      vertex   -7.114373e+01 -7.675163e+01 7.394975e+01
      vertex   -6.984344e+01 -7.660923e+01 7.394975e+01
    endloop
  endfacet
  facet normal 0.000000e+00 0.000000e+00 -1.000000e+00
    outer loop
      vertex   -6.999080e+01 -8.418885e+01 7.394975e+01
      vertex   -6.984344e+01 -7.660923e+01 7.394975e+01
      vertex   -6.833252e+01 -8.395721e+01 7.394975e+01
    endloop
  endfacet
  facet normal -8.317531e-15 -1.710277e-15 -1.000000e+00
    outer loop
      vertex   -6.833252e+01 -8.395721e+01 7.394975e+01
      vertex   -6.984344e+01 -7.660923e+01 7.394975e+01
      vertex   -6.670398e+01 -8.356815e+01 7.394975e+01
    endloop
  endfacet
  facet normal -4.500207e-16 1.839083e-15 -1.000000e+00
    outer loop
      vertex   -6.670398e+01 -8.356815e+01 7.394975e+01
      vertex   -6.984344e+01 -7.660923e+01 7.394975e+01
      vertex   -6.857286e+01 -7.629832e+01 7.394975e+01
    endloop
  endfacet
  facet normal -6.157771e-16 1.796471e-15 -1.000000e+00
    outer loop
      vertex   -6.670398e+01 -8.356815e+01 7.394975e+01
      vertex   -6.857286e+01 -7.629832e+01 7.394975e+01
      vertex   -6.512008e+01 -8.302523e+01 7.394975e+01
    endloop
  endfacet
  facet normal -6.848269e-16 1.761029e-15 -1.000000e+00
    outer loop
      vertex   -6.512008e+01 -8.302523e+01 7.394975e+01
      vertex   -6.857286e+01 -7.629832e+01 7.394975e+01
      vertex   -6.735374e+01 -7.582423e+01 7.394975e+01
    endloop
  endfacet
  facet normal 7.385252e-15 4.264269e-15 -1.000000e+00
    outer loop
      vertex   -6.512008e+01 -8.302523e+01 7.394975e+01
      vertex   -6.735374e+01 -7.582423e+01 7.394975e+01
      vertex   -6.359530e+01 -8.233343e+01 7.394975e+01
    endloop
  endfacet
  facet normal 0.000000e+00 0.000000e+00 -1.000000e+00
    outer loop
      vertex   -6.359530e+01 -8.233343e+01 7.394975e+01
      vertex   -6.735374e+01 -7.582423e+01 7.394975e+01
      vertex   -6.620693e+01 -7.519506e+01 7.394975e+01
    endloop
  endfacet
  facet normal 0.000000e+00 0.000000e+00 -1.000000e+00
    outer loop
      vertex   -6.359530e+01 -8.233343e+01 7.394975e+01
      vertex   -6.620693e+01 -7.519506e+01 7.394975e+01
      vertex   -6.214363e+01 -8.149907e+01 7.394975e+01
    endloop
  endfacet
  facet normal 0.000000e+00 0.000000e+00 -1.000000e+00
    outer loop
      vertex   -6.214363e+01 -8.149907e+01 7.394975e+01
      vertex   -6.620693e+01 -7.519506e+01 7.394975e+01
      vertex   -6.077833e+01 -8.052980e+01 7.394975e+01
    endloop
  endfacet
  facet normal 0.000000e+00 0.000000e+00 -1.000000e+00
    outer loop
      vertex   -6.077833e+01 -8.052980e+01 7.394975e+01
      vertex   -6.620693e+01 -7.519506e+01 7.394975e+01
      vertex   -6.515205e+01 -7.442159e+01 7.394975e+01
    endloop
  endfacet
  facet normal 0.000000e+00 0.000000e+00 -1.000000e+00
    outer loop
      vertex   -6.077833e+01 -8.052980e+01 7.394975e+01
      vertex   -6.515205e+01 -7.442159e+01 7.394975e+01
      vertex   -5.951192e+01 -7.943448e+01 7.394975e+01
    endloop
  endfacet
  facet normal 0.000000e+00 0.000000e+00 -1.000000e+00
    outer loop
      vertex   -5.951192e+01 -7.943448e+01 7.394975e+01
      vertex   -6.515205e+01 -7.442159e+01 7.394975e+01
      vertex   -6.420715e+01 -7.351705e+01 7.394975e+01
    endloop
  endfacet
  facet normal 0.000000e+00 0.000000e+00 -1.000000e+00
    outer loop
      vertex   -5.951192e+01 -7.943448e+01 7.394975e+01
      vertex   -6.420715e+01 -7.351705e+01 7.394975e+01
      vertex   -5.835598e+01 -7.822315e+01 7.394975e+01
    endloop
  endfacet
  facet normal 0.000000e+00 0.000000e+00 -1.000000e+00
    outer loop
      vertex   -5.835598e+01 -7.822315e+01 7.394975e+01
      vertex   -6.420715e+01 -7.351705e+01 7.394975e+01
      vertex   -6.338840e+01 -7.249691e+01 7.394975e+01
    endloop
  endfacet
  facet normal 0.000000e+00 0.000000e+00 -1.000000e+00
    outer loop
      vertex   -5.835598e+01 -7.822315e+01 7.394975e+01
      vertex   -6.338840e+01 -7.249691e+01 7.394975e+01
      vertex   -5.732110e+01 -7.690689e+01 7.394975e+01
    endloop
  endfacet
  facet normal 5.458597e-16 1.744033e-16 -1.000000e+00
    outer loop
      vertex   -4.716429e+01 -8.823995e+01 7.394975e+01
      vertex   -2.315079e+01 -1.633991e+02 7.394975e+01
      vertex   -6.982243e+01 -9.880561e+01 7.394975e+01
    endloop
  endfacet
  facet normal 7.673547e-17 -1.645597e-16 -1.000000e+00
    outer loop
      vertex   -6.982243e+01 -9.880561e+01 7.394975e+01
      vertex   -2.315079e+01 -1.633991e+02 7.394975e+01
      vertex   -2.768277e+01 -1.655124e+02 7.394975e+01
    endloop
  endfacet
  facet normal -2.104349e-16 -3.459695e-16 -1.000000e+00
    outer loop
      vertex   -6.982243e+01 -9.880561e+01 7.394975e+01
      vertex   -2.768277e+01 -1.655124e+02 7.394975e+01
      vertex   -4.308513e+01 -1.561439e+02 7.394975e+01
    endloop
  endfacet
  facet normal 0.000000e+00 0.000000e+00 -1.000000e+00
    outer loop
      vertex   -4.308513e+01 -1.561439e+02 7.394975e+01
      vertex   -2.768277e+01 -1.655124e+02 7.394975e+01
      vertex   -2.819876e+01 -1.657272e+02 7.394975e+01
    endloop
  endfacet
  facet normal 0.000000e+00 0.000000e+00 -1.000000e+00
    outer loop
      vertex   -4.308513e+01 -1.561439e+02 7.394975e+01
      vertex   -2.819876e+01 -1.657272e+02 7.394975e+01
      vertex   -2.873020e+01 -1.658981e+02 7.394975e+01
    endloop
  endfacet
  facet normal 0.000000e+00 0.000000e+00 -1.000000e+00
    outer loop
      vertex   -4.716429e+01 -8.823995e+01 7.394975e+01
      vertex   -2.042698e+01 -1.455783e+02 7.394975e+01
      vertex   -2.315079e+01 -1.633991e+02 7.394975e+01
    endloop
  endfacet
  facet normal 0.000000e+00 0.000000e+00 -1.000000e+00
    outer loop
      vertex   -2.315079e+01 -1.633991e+02 7.394975e+01
      vertex   -2.042698e+01 -1.455783e+02 7.394975e+01
      vertex   -2.260826e+01 -1.631151e+02 7.394975e+01
    endloop
  endfacet
  facet normal 0.000000e+00 0.000000e+00 -1.000000e+00
    outer loop
      vertex   -2.260826e+01 -1.631151e+02 7.394975e+01
      vertex   -2.042698e+01 -1.455783e+02 7.394975e+01
      vertex   -2.209674e+01 -1.627850e+02 7.394975e+01
    endloop
  endfacet
  facet normal 0.000000e+00 0.000000e+00 -1.000000e+00
    outer loop
      vertex   -2.209674e+01 -1.627850e+02 7.394975e+01
      vertex   -2.042698e+01 -1.455783e+02 7.394975e+01
      vertex   -2.161678e+01 -1.624111e+02 7.394975e+01
    endloop
  endfacet
  facet normal 0.000000e+00 0.000000e+00 -1.000000e+00
    outer loop
      vertex   -2.161678e+01 -1.624111e+02 7.394975e+01
      vertex   -2.042698e+01 -1.455783e+02 7.394975e+01
      vertex   -2.116893e+01 -1.619956e+02 7.394975e+01
    endloop
  endfacet
  facet normal 0.000000e+00 0.000000e+00 -1.000000e+00
    outer loop
      vertex   -2.116893e+01 -1.619956e+02 7.394975e+01
      vertex   -2.042698e+01 -1.455783e+02 7.394975e+01
      vertex   -2.075436e+01 -1.615415e+02 7.394975e+01
    endloop
  endfacet
  facet normal 0.000000e+00 0.000000e+00 -1.000000e+00
    outer loop
      vertex   -2.075436e+01 -1.615415e+02 7.394975e+01
      vertex   -2.042698e+01 -1.455783e+02 7.394975e+01
      vertex   -2.037718e+01 -1.610567e+02 7.394975e+01
    endloop
  endfacet
  facet normal 0.000000e+00 0.000000e+00 -1.000000e+00
    outer loop
      vertex   -2.037718e+01 -1.610567e+02 7.394975e+01
      vertex   -2.042698e+01 -1.455783e+02 7.394975e+01
      vertex   -1.973344e+01 -1.600107e+02 7.394975e+01
    endloop
  endfacet
  facet normal 0.000000e+00 0.000000e+00 -1.000000e+00
    outer loop
      vertex   -1.973344e+01 -1.600107e+02 7.394975e+01
      vertex   -2.042698e+01 -1.455783e+02 7.394975e+01
      vertex   -1.923031e+01 -1.588854e+02 7.394975e+01
    endloop
  endfacet
  facet normal 0.000000e+00 0.000000e+00 -1.000000e+00
    outer loop
      vertex   -1.923031e+01 -1.588854e+02 7.394975e+01
      vertex   -2.042698e+01 -1.455783e+02 7.394975e+01
      vertex   -1.885856e+01 -1.577051e+02 7.394975e+01
    endloop
  endfacet
  facet normal 0.000000e+00 0.000000e+00 -1.000000e+00
    outer loop
      vertex   -1.885856e+01 -1.577051e+02 7.394975e+01
      vertex   -2.042698e+01 -1.455783e+02 7.394975e+01
      vertex   -1.860801e+01 -1.564880e+02 7.394975e+01
    endloop
  endfacet
  facet normal 0.000000e+00 0.000000e+00 -1.000000e+00
    outer loop
      vertex   -1.860801e+01 -1.564880e+02 7.394975e+01
      vertex   -2.042698e+01 -1.455783e+02 7.394975e+01
      vertex   -1.846863e+01 -1.552514e+02 7.394975e+01
    endloop
  endfacet
  facet normal 4.908128e-14 9.936614e-15 -1.000000e+00
    outer loop
      vertex   -1.846863e+01 -1.552514e+02 7.394975e+01
      vertex   -2.042698e+01 -1.455783e+02 7.394975e+01
      vertex   -1.843039e+01 -1.540102e+02 7.394975e+01
    endloop
  endfacet
  facet normal -5.035585e-14 -1.360916e-14 -1.000000e+00
    outer loop
      vertex   -1.843039e+01 -1.540102e+02 7.394975e+01
      vertex   -2.042698e+01 -1.455783e+02 7.394975e+01
      vertex   -1.848452e+01 -1.527657e+02 7.394975e+01
    endloop
  endfacet
  facet normal 0.000000e+00 0.000000e+00 -1.000000e+00
    outer loop
      vertex   -1.848452e+01 -1.527657e+02 7.394975e+01
      vertex   -2.042698e+01 -1.455783e+02 7.394975e+01
      vertex   -1.862440e+01 -1.515251e+02 7.394975e+01
    endloop
  endfacet
  facet normal 0.000000e+00 0.000000e+00 -1.000000e+00
    outer loop
      vertex   -1.862440e+01 -1.515251e+02 7.394975e+01
      vertex   -2.042698e+01 -1.455783e+02 7.394975e+01
      vertex   -1.884358e+01 -1.502972e+02 7.394975e+01
    endloop
  endfacet
  facet normal 0.000000e+00 0.000000e+00 -1.000000e+00
    outer loop
      vertex   -1.884358e+01 -1.502972e+02 7.394975e+01
      vertex   -2.042698e+01 -1.455783e+02 7.394975e+01
      vertex   -1.913648e+01 -1.490872e+02 7.394975e+01
    endloop
  endfacet
  facet normal 0.000000e+00 0.000000e+00 -1.000000e+00
    outer loop
      vertex   -1.913648e+01 -1.490872e+02 7.394975e+01
      vertex   -2.042698e+01 -1.455783e+02 7.394975e+01
      vertex   -1.950036e+01 -1.478937e+02 7.394975e+01
    endloop
  endfacet
  facet normal 0.000000e+00 0.000000e+00 -1.000000e+00
    outer loop
      vertex   -1.950036e+01 -1.478937e+02 7.394975e+01
      vertex   -2.042698e+01 -1.455783e+02 7.394975e+01
      vertex   -1.993173e+01 -1.467221e+02 7.394975e+01
    endloop
  endfacet
  facet normal 1.941297e-14 2.856954e-14 -1.000000e+00
    outer loop
      vertex   -2.873020e+01 -1.658981e+02 7.394975e+01
      vertex   -2.927505e+01 -1.660253e+02 7.394975e+01
      vertex   -4.308513e+01 -1.561439e+02 7.394975e+01
    endloop
  endfacet
  facet normal 2.106551e-14 3.087913e-14 -1.000000e+00
    outer loop
      vertex   -4.308513e+01 -1.561439e+02 7.394975e+01
      vertex   -2.927505e+01 -1.660253e+02 7.394975e+01
      vertex   -2.982755e+01 -1.661086e+02 7.394975e+01
    endloop
  endfacet
  facet normal 3.630727e-14 5.115770e-14 -1.000000e+00
    outer loop
      vertex   -4.308513e+01 -1.561439e+02 7.394975e+01
      vertex   -2.982755e+01 -1.661086e+02 7.394975e+01
      vertex   -3.094487e+01 -1.661490e+02 7.394975e+01
    endloop
  endfacet
  facet normal 8.434226e-16 8.125288e-15 -1.000000e+00
    outer loop
      vertex   -3.094487e+01 -1.661490e+02 7.394975e+01
      vertex   -3.205608e+01 -1.660336e+02 7.394975e+01
      vertex   -4.308513e+01 -1.561439e+02 7.394975e+01
    endloop
  endfacet
  facet normal -1.533651e-14 -9.918710e-15 -1.000000e+00
    outer loop
      vertex   -4.308513e+01 -1.561439e+02 7.394975e+01
      vertex   -3.205608e+01 -1.660336e+02 7.394975e+01
      vertex   -3.314661e+01 -1.657801e+02 7.394975e+01
    endloop
  endfacet
  facet normal 2.435926e-14 3.102243e-14 -1.000000e+00
    outer loop
      vertex   -4.308513e+01 -1.561439e+02 7.394975e+01
      vertex   -3.314661e+01 -1.657801e+02 7.394975e+01
      vertex   -3.420660e+01 -1.654059e+02 7.394975e+01
    endloop
  endfacet
  facet normal 6.561376e-15 1.396136e-14 -1.000000e+00
    outer loop
      vertex   -3.420660e+01 -1.654059e+02 7.394975e+01
      vertex   -3.525030e+01 -1.649154e+02 7.394975e+01
      vertex   -4.308513e+01 -1.561439e+02 7.394975e+01
    endloop
  endfacet
  facet normal -7.701868e-14 -6.069389e-14 -1.000000e+00
    outer loop
      vertex   -4.308513e+01 -1.561439e+02 7.394975e+01
      vertex   -3.525030e+01 -1.649154e+02 7.394975e+01
      vertex   -3.628085e+01 -1.643101e+02 7.394975e+01
    endloop
  endfacet
  facet normal -2.829721e-14 -2.009766e-14 -1.000000e+00
    outer loop
      vertex   -4.308513e+01 -1.561439e+02 7.394975e+01
      vertex   -3.628085e+01 -1.643101e+02 7.394975e+01
      vertex   -3.729138e+01 -1.635944e+02 7.394975e+01
    endloop
  endfacet
  facet normal -3.668655e-14 -2.662155e-14 -1.000000e+00
    outer loop
      vertex   -3.729138e+01 -1.635944e+02 7.394975e+01
      vertex   -3.827500e+01 -1.627727e+02 7.394975e+01
      vertex   -4.308513e+01 -1.561439e+02 7.394975e+01
    endloop
  endfacet
  facet normal 0.000000e+00 0.000000e+00 -1.000000e+00
    outer loop
      vertex   -4.308513e+01 -1.561439e+02 7.394975e+01
      vertex   -3.827500e+01 -1.627727e+02 7.394975e+01
      vertex   -3.922147e+01 -1.618530e+02 7.394975e+01
    endloop
  endfacet
  facet normal 0.000000e+00 0.000000e+00 -1.000000e+00
    outer loop
      vertex   -4.308513e+01 -1.561439e+02 7.394975e+01
      vertex   -3.922147e+01 -1.618530e+02 7.394975e+01
      vertex   -4.011725e+01 -1.608492e+02 7.394975e+01
    endloop
  endfacet
  facet normal 0.000000e+00 0.000000e+00 -1.000000e+00
    outer loop
      vertex   -4.011725e+01 -1.608492e+02 7.394975e+01
      vertex   -4.095679e+01 -1.597689e+02 7.394975e+01
      vertex   -4.308513e+01 -1.561439e+02 7.394975e+01
    endloop
  endfacet
  facet normal 0.000000e+00 0.000000e+00 -1.000000e+00
    outer loop
      vertex   -4.308513e+01 -1.561439e+02 7.394975e+01
      vertex   -4.095679e+01 -1.597689e+02 7.394975e+01
      vertex   -4.173480e+01 -1.586197e+02 7.394975e+01
    endloop
  endfacet
  facet normal 0.000000e+00 0.000000e+00 -1.000000e+00
    outer loop
      vertex   -4.308513e+01 -1.561439e+02 7.394975e+01
      vertex   -4.173480e+01 -1.586197e+02 7.394975e+01
      vertex   -4.244600e+01 -1.574089e+02 7.394975e+01
    endloop
  endfacet
  facet normal 9.063078e-01 4.226183e-01 1.128008e-14
    outer loop
      vertex   -4.716429e+01 -8.823995e+01 7.394975e+01
      vertex   -5.012261e+01 -8.189579e+01 7.494975e+01
      vertex   -2.042698e+01 -1.455783e+02 7.894975e+01
    endloop
  endfacet
  facet normal 9.063078e-01 4.226183e-01 0.000000e+00
    outer loop
      vertex   -2.042698e+01 -1.455783e+02 7.894975e+01
      vertex   -5.012261e+01 -8.189579e+01 7.494975e+01
      vertex   -5.012261e+01 -8.189579e+01 8.494975e+01
    endloop
  endfacet
  facet normal 9.063078e-01 4.226183e-01 -1.012657e-14
    outer loop
      vertex   -2.042698e+01 -1.455783e+02 7.894975e+01
      vertex   -5.012261e+01 -8.189579e+01 8.494975e+01
      vertex   -4.716429e+01 -8.823995e+01 8.594975e+01
    endloop
  endfacet
  facet normal 9.063078e-01 4.226183e-01 -5.647620e-15
    outer loop
      vertex   -4.716429e+01 -8.823995e+01 8.594975e+01
      vertex   -2.042698e+01 -1.455783e+02 8.594975e+01
      vertex   -2.042698e+01 -1.455783e+02 7.894975e+01
    endloop
  endfacet
  facet normal 9.063078e-01 4.226183e-01 6.439704e-16
    outer loop
      vertex   -2.042698e+01 -1.455783e+02 7.894975e+01
      vertex   -2.042698e+01 -1.455783e+02 7.394975e+01
      vertex   -4.716429e+01 -8.823995e+01 7.394975e+01
    endloop
  endfacet
  facet normal -1.775307e-16 -9.642875e-16 1.000000e+00
    outer loop
      vertex   -6.982243e+01 -9.880561e+01 8.594975e+01
      vertex   -2.768277e+01 -1.655124e+02 8.594975e+01
      vertex   -4.716429e+01 -8.823995e+01 8.594975e+01
    endloop
  endfacet
  facet normal 3.836773e-16 -8.227987e-16 1.000000e+00
    outer loop
      vertex   -4.716429e+01 -8.823995e+01 8.594975e+01
      vertex   -2.768277e+01 -1.655124e+02 8.594975e+01
      vertex   -2.315079e+01 -1.633991e+02 8.594975e+01
    endloop
  endfacet
  facet normal 2.001465e-15 -3.059121e-16 1.000000e+00
    outer loop
      vertex   -4.716429e+01 -8.823995e+01 8.594975e+01
      vertex   -2.315079e+01 -1.633991e+02 8.594975e+01
      vertex   -2.042698e+01 -1.455783e+02 8.594975e+01
    endloop
  endfacet
  facet normal 0.000000e+00 0.000000e+00 1.000000e+00
    outer loop
      vertex   -2.042698e+01 -1.455783e+02 8.594975e+01
      vertex   -2.315079e+01 -1.633991e+02 8.594975e+01
      vertex   -2.265459e+01 -1.631419e+02 8.594975e+01
    endloop
  endfacet
  facet normal 0.000000e+00 0.000000e+00 1.000000e+00
    outer loop
      vertex   -2.042698e+01 -1.455783e+02 8.594975e+01
      vertex   -2.265459e+01 -1.631419e+02 8.594975e+01
      vertex   -2.218204e+01 -1.628446e+02 8.594975e+01
    endloop
  endfacet
  facet normal -8.417397e-16 -1.383878e-15 1.000000e+00
    outer loop
      vertex   -6.982243e+01 -9.880561e+01 8.594975e+01
      vertex   -4.308513e+01 -1.561439e+02 8.594975e+01
      vertex   -2.768277e+01 -1.655124e+02 8.594975e+01
    endloop
  endfacet
  facet normal 0.000000e+00 0.000000e+00 1.000000e+00
    outer loop
      vertex   -2.768277e+01 -1.655124e+02 8.594975e+01
      vertex   -4.308513e+01 -1.561439e+02 8.594975e+01
      vertex   -2.824903e+01 -1.657455e+02 8.594975e+01
    endloop
  endfacet
  facet normal 0.000000e+00 0.000000e+00 1.000000e+00
    outer loop
      vertex   -2.824903e+01 -1.657455e+02 8.594975e+01
      vertex   -4.308513e+01 -1.561439e+02 8.594975e+01
      vertex   -2.883070e+01 -1.659251e+02 8.594975e+01
    endloop
  endfacet
  facet normal 0.000000e+00 0.000000e+00 1.000000e+00
    outer loop
      vertex   -2.883070e+01 -1.659251e+02 8.594975e+01
      vertex   -4.308513e+01 -1.561439e+02 8.594975e+01
      vertex   -2.942568e+01 -1.660524e+02 8.594975e+01
    endloop
  endfacet
  facet normal 0.000000e+00 0.000000e+00 1.000000e+00
    outer loop
      vertex   -2.942568e+01 -1.660524e+02 8.594975e+01
      vertex   -4.308513e+01 -1.561439e+02 8.594975e+01
      vertex   -3.003184e+01 -1.661284e+02 8.594975e+01
    endloop
  endfacet
  facet normal 0.000000e+00 0.000000e+00 1.000000e+00
    outer loop
      vertex   -3.003184e+01 -1.661284e+02 8.594975e+01
      vertex   -4.308513e+01 -1.561439e+02 8.594975e+01
      vertex   -3.064613e+01 -1.661541e+02 8.594975e+01
    endloop
  endfacet
  facet normal 0.000000e+00 0.000000e+00 1.000000e+00
    outer loop
      vertex   -3.064613e+01 -1.661541e+02 8.594975e+01
      vertex   -4.308513e+01 -1.561439e+02 8.594975e+01
      vertex   -3.125998e+01 -1.661314e+02 8.594975e+01
    endloop
  endfacet
  facet normal 0.000000e+00 0.000000e+00 1.000000e+00
    outer loop
      vertex   -3.125998e+01 -1.661314e+02 8.594975e+01
      vertex   -4.308513e+01 -1.561439e+02 8.594975e+01
      vertex   -3.247503e+01 -1.659522e+02 8.594975e+01
    endloop
  endfacet
  facet normal 0.000000e+00 0.000000e+00 1.000000e+00
    outer loop
      vertex   -3.247503e+01 -1.659522e+02 8.594975e+01
      vertex   -4.308513e+01 -1.561439e+02 8.594975e+01
      vertex   -3.366049e+01 -1.656143e+02 8.594975e+01
    endloop
  endfacet
  facet normal 0.000000e+00 0.000000e+00 1.000000e+00
    outer loop
      vertex   -3.366049e+01 -1.656143e+02 8.594975e+01
      vertex   -4.308513e+01 -1.561439e+02 8.594975e+01
      vertex   -3.480361e+01 -1.651404e+02 8.594975e+01
    endloop
  endfacet
  facet normal 0.000000e+00 0.000000e+00 1.000000e+00
    outer loop
      vertex   -3.480361e+01 -1.651404e+02 8.594975e+01
      vertex   -4.308513e+01 -1.561439e+02 8.594975e+01
      vertex   -3.589699e+01 -1.645500e+02 8.594975e+01
    endloop
  endfacet
  facet normal 0.000000e+00 0.000000e+00 1.000000e+00
    outer loop
      vertex   -3.589699e+01 -1.645500e+02 8.594975e+01
      vertex   -4.308513e+01 -1.561439e+02 8.594975e+01
      vertex   -3.693387e+01 -1.638619e+02 8.594975e+01
    endloop
  endfacet
  facet normal 0.000000e+00 0.000000e+00 1.000000e+00
    outer loop
      vertex   -3.693387e+01 -1.638619e+02 8.594975e+01
      vertex   -4.308513e+01 -1.561439e+02 8.594975e+01
      vertex   -3.790930e+01 -1.630933e+02 8.594975e+01
    endloop
  endfacet
  facet normal 0.000000e+00 0.000000e+00 1.000000e+00
    outer loop
      vertex   -3.790930e+01 -1.630933e+02 8.594975e+01
      vertex   -4.308513e+01 -1.561439e+02 8.594975e+01
      vertex   -3.882784e+01 -1.622519e+02 8.594975e+01
    endloop
  endfacet
  facet normal 0.000000e+00 0.000000e+00 1.000000e+00
    outer loop
      vertex   -3.882784e+01 -1.622519e+02 8.594975e+01
      vertex   -4.308513e+01 -1.561439e+02 8.594975e+01
      vertex   -3.968825e+01 -1.613474e+02 8.594975e+01
    endloop
  endfacet
  facet normal 0.000000e+00 0.000000e+00 1.000000e+00
    outer loop
      vertex   -3.968825e+01 -1.613474e+02 8.594975e+01
      vertex   -4.308513e+01 -1.561439e+02 8.594975e+01
      vertex   -4.048803e+01 -1.603902e+02 8.594975e+01
    endloop
  endfacet
  facet normal 0.000000e+00 0.000000e+00 1.000000e+00
    outer loop
      vertex   -4.048803e+01 -1.603902e+02 8.594975e+01
      vertex   -4.308513e+01 -1.561439e+02 8.594975e+01
      vertex   -4.122665e+01 -1.593880e+02 8.594975e+01
    endloop
  endfacet
  facet normal 0.000000e+00 0.000000e+00 1.000000e+00
    outer loop
      vertex   -4.122665e+01 -1.593880e+02 8.594975e+01
      vertex   -4.308513e+01 -1.561439e+02 8.594975e+01
      vertex   -4.190703e+01 -1.583421e+02 8.594975e+01
    endloop
  endfacet
  facet normal 0.000000e+00 0.000000e+00 1.000000e+00
    outer loop
      vertex   -4.190703e+01 -1.583421e+02 8.594975e+01
      vertex   -4.308513e+01 -1.561439e+02 8.594975e+01
      vertex   -4.252724e+01 -1.572586e+02 8.594975e+01
    endloop
  endfacet
  facet normal 0.000000e+00 0.000000e+00 1.000000e+00
    outer loop
      vertex   -2.218204e+01 -1.628446e+02 8.594975e+01
      vertex   -2.173438e+01 -1.625090e+02 8.594975e+01
      vertex   -2.042698e+01 -1.455783e+02 8.594975e+01
    endloop
  endfacet
  facet normal 0.000000e+00 0.000000e+00 1.000000e+00
    outer loop
      vertex   -2.042698e+01 -1.455783e+02 8.594975e+01
      vertex   -2.173438e+01 -1.625090e+02 8.594975e+01
      vertex   -2.131543e+01 -1.621393e+02 8.594975e+01
    endloop
  endfacet
  facet normal 0.000000e+00 0.000000e+00 1.000000e+00
    outer loop
      vertex   -2.042698e+01 -1.455783e+02 8.594975e+01
      vertex   -2.131543e+01 -1.621393e+02 8.594975e+01
      vertex   -2.056630e+01 -1.613094e+02 8.594975e+01
    endloop
  endfacet
  facet normal 0.000000e+00 0.000000e+00 1.000000e+00
    outer loop
      vertex   -2.056630e+01 -1.613094e+02 8.594975e+01
      vertex   -1.994039e+01 -1.603840e+02 8.594975e+01
      vertex   -2.042698e+01 -1.455783e+02 8.594975e+01
    endloop
  endfacet
  facet normal 0.000000e+00 0.000000e+00 1.000000e+00
    outer loop
      vertex   -2.042698e+01 -1.455783e+02 8.594975e+01
      vertex   -1.994039e+01 -1.603840e+02 8.594975e+01
      vertex   -1.943358e+01 -1.593857e+02 8.594975e+01
    endloop
  endfacet
  facet normal 0.000000e+00 0.000000e+00 1.000000e+00
    outer loop
      vertex   -2.042698e+01 -1.455783e+02 8.594975e+01
      vertex   -1.943358e+01 -1.593857e+02 8.594975e+01
      vertex   -1.903891e+01 -1.583331e+02 8.594975e+01
    endloop
  endfacet
  facet normal 0.000000e+00 -0.000000e+00 1.000000e+00
    outer loop
      vertex   -1.903891e+01 -1.583331e+02 8.594975e+01
      vertex   -1.874379e+01 -1.572183e+02 8.594975e+01
      vertex   -2.042698e+01 -1.455783e+02 8.594975e+01
    endloop
  endfacet
  facet normal 0.000000e+00 0.000000e+00 1.000000e+00
    outer loop
      vertex   -2.042698e+01 -1.455783e+02 8.594975e+01
      vertex   -1.874379e+01 -1.572183e+02 8.594975e+01
      vertex   -1.854506e+01 -1.560398e+02 8.594975e+01
    endloop
  endfacet
  facet normal 0.000000e+00 0.000000e+00 1.000000e+00
    outer loop
      vertex   -2.042698e+01 -1.455783e+02 8.594975e+01
      vertex   -1.854506e+01 -1.560398e+02 8.594975e+01
      vertex   -1.844378e+01 -1.548056e+02 8.594975e+01
    endloop
  endfacet
  facet normal 0.000000e+00 -0.000000e+00 1.000000e+00
    outer loop
      vertex   -1.844378e+01 -1.548056e+02 8.594975e+01
      vertex   -1.844098e+01 -1.535239e+02 8.594975e+01
      vertex   -2.042698e+01 -1.455783e+02 8.594975e+01
    endloop
  endfacet
  facet normal 0.000000e+00 0.000000e+00 1.000000e+00
    outer loop
      vertex   -2.042698e+01 -1.455783e+02 8.594975e+01
      vertex   -1.844098e+01 -1.535239e+02 8.594975e+01
      vertex   -1.853713e+01 -1.522077e+02 8.594975e+01
    endloop
  endfacet
  facet normal 0.000000e+00 0.000000e+00 1.000000e+00
    outer loop
      vertex   -2.042698e+01 -1.455783e+02 8.594975e+01
      vertex   -1.853713e+01 -1.522077e+02 8.594975e+01
      vertex   -1.873030e+01 -1.508763e+02 8.594975e+01
    endloop
  endfacet
  facet normal 0.000000e+00 0.000000e+00 1.000000e+00
    outer loop
      vertex   -1.873030e+01 -1.508763e+02 8.594975e+01
      vertex   -1.901816e+01 -1.495388e+02 8.594975e+01
      vertex   -2.042698e+01 -1.455783e+02 8.594975e+01
    endloop
  endfacet
  facet normal 0.000000e+00 0.000000e+00 1.000000e+00
    outer loop
      vertex   -2.042698e+01 -1.455783e+02 8.594975e+01
      vertex   -1.901816e+01 -1.495388e+02 8.594975e+01
      vertex   -1.939843e+01 -1.482041e+02 8.594975e+01
    endloop
  endfacet
  facet normal 0.000000e+00 0.000000e+00 1.000000e+00
    outer loop
      vertex   -2.042698e+01 -1.455783e+02 8.594975e+01
      vertex   -1.939843e+01 -1.482041e+02 8.594975e+01
      vertex   -1.986880e+01 -1.468810e+02 8.594975e+01
    endloop
  endfacet
  facet normal 3.842951e-01 -9.232103e-01 2.730581e-16
    outer loop
      vertex   -2.768277e+01 -1.655124e+02 7.894975e+01
      vertex   -2.819876e+01 -1.657272e+02 7.894975e+01
      vertex   -2.768277e+01 -1.655124e+02 7.394975e+01
    endloop
  endfacet
  facet normal 3.842951e-01 -9.232103e-01 0.000000e+00
    outer loop
      vertex   -2.768277e+01 -1.655124e+02 7.394975e+01
      vertex   -2.819876e+01 -1.657272e+02 7.894975e+01
      vertex   -2.819876e+01 -1.657272e+02 7.394975e+01
    endloop
  endfacet
  facet normal 3.061984e-01 -9.519677e-01 0.000000e+00
    outer loop
      vertex   -2.819876e+01 -1.657272e+02 7.394975e+01
      vertex   -2.819876e+01 -1.657272e+02 7.894975e+01
      vertex   -2.873020e+01 -1.658981e+02 7.894975e+01
    endloop
  endfacet
  facet normal 3.061984e-01 -9.519677e-01 4.325500e-16
    outer loop
      vertex   -2.819876e+01 -1.657272e+02 7.394975e+01
      vertex   -2.873020e+01 -1.658981e+02 7.894975e+01
      vertex   -2.873020e+01 -1.658981e+02 7.394975e+01
    endloop
  endfacet
  facet normal 2.273173e-01 -9.738208e-01 3.230373e-16
    outer loop
      vertex   -2.873020e+01 -1.658981e+02 7.394975e+01
      vertex   -2.873020e+01 -1.658981e+02 7.894975e+01
      vertex   -2.927505e+01 -1.660253e+02 7.894975e+01
    endloop
  endfacet
  facet normal 2.273173e-01 -9.738208e-01 0.000000e+00
    outer loop
      vertex   -2.873020e+01 -1.658981e+02 7.394975e+01
      vertex   -2.927505e+01 -1.660253e+02 7.894975e+01
      vertex   -2.927505e+01 -1.660253e+02 7.394975e+01
    endloop
  endfacet
  facet normal 1.490812e-01 -9.888250e-01 0.000000e+00
    outer loop
      vertex   -2.927505e+01 -1.660253e+02 7.394975e+01
      vertex   -2.927505e+01 -1.660253e+02 7.894975e+01
      vertex   -2.982755e+01 -1.661086e+02 7.894975e+01
    endloop
  endfacet
  facet normal 1.490812e-01 -9.888250e-01 1.068013e-16
    outer loop
      vertex   -2.927505e+01 -1.660253e+02 7.394975e+01
      vertex   -2.982755e+01 -1.661086e+02 7.894975e+01
      vertex   -2.982755e+01 -1.661086e+02 7.394975e+01
    endloop
  endfacet
  facet normal 3.611653e-02 -9.993476e-01 2.566234e-17
    outer loop
      vertex   -2.982755e+01 -1.661086e+02 7.394975e+01
      vertex   -2.982755e+01 -1.661086e+02 7.894975e+01
      vertex   -3.094487e+01 -1.661490e+02 7.894975e+01
    endloop
  endfacet
  facet normal 3.611653e-02 -9.993476e-01 0.000000e+00
    outer loop
      vertex   -2.982755e+01 -1.661086e+02 7.394975e+01
      vertex   -3.094487e+01 -1.661490e+02 7.894975e+01
      vertex   -3.094487e+01 -1.661490e+02 7.394975e+01
    endloop
  endfacet
  facet normal -1.032474e-01 -9.946557e-01 0.000000e+00
    outer loop
      vertex   -3.094487e+01 -1.661490e+02 7.394975e+01
      vertex   -3.094487e+01 -1.661490e+02 7.894975e+01
      vertex   -3.205608e+01 -1.660336e+02 7.894975e+01
    endloop
  endfacet
  facet normal -1.032474e-01 -9.946557e-01 -1.440974e-16
    outer loop
      vertex   -3.094487e+01 -1.661490e+02 7.394975e+01
      vertex   -3.205608e+01 -1.660336e+02 7.894975e+01
      vertex   -3.205608e+01 -1.660336e+02 7.394975e+01
    endloop
  endfacet
  facet normal -2.263973e-01 -9.740350e-01 -3.217299e-16
    outer loop
      vertex   -3.205608e+01 -1.660336e+02 7.394975e+01
      vertex   -3.205608e+01 -1.660336e+02 7.894975e+01
      vertex   -3.314661e+01 -1.657801e+02 7.894975e+01
    endloop
  endfacet
  facet normal -2.263973e-01 -9.740350e-01 0.000000e+00
    outer loop
      vertex   -3.205608e+01 -1.660336e+02 7.394975e+01
      vertex   -3.314661e+01 -1.657801e+02 7.894975e+01
      vertex   -3.314661e+01 -1.657801e+02 7.394975e+01
    endloop
  endfacet
  facet normal -3.329151e-01 -9.429568e-01 0.000000e+00
    outer loop
      vertex   -3.314661e+01 -1.657801e+02 7.394975e+01
      vertex   -3.314661e+01 -1.657801e+02 7.894975e+01
      vertex   -3.420660e+01 -1.654059e+02 7.894975e+01
    endloop
  endfacet
  facet normal -3.329151e-01 -9.429568e-01 -4.740711e-16
    outer loop
      vertex   -3.314661e+01 -1.657801e+02 7.394975e+01
      vertex   -3.420660e+01 -1.654059e+02 7.894975e+01
      vertex   -3.420660e+01 -1.654059e+02 7.394975e+01
    endloop
  endfacet
  facet normal -4.253365e-01 -9.050353e-01 -6.044395e-16
    outer loop
      vertex   -3.420660e+01 -1.654059e+02 7.394975e+01
      vertex   -3.420660e+01 -1.654059e+02 7.894975e+01
      vertex   -3.525030e+01 -1.649154e+02 7.894975e+01
    endloop
  endfacet
  facet normal -4.253365e-01 -9.050353e-01 -5.968886e-16
    outer loop
      vertex   -3.420660e+01 -1.654059e+02 7.394975e+01
      vertex   -3.525030e+01 -1.649154e+02 7.894975e+01
      vertex   -3.525030e+01 -1.649154e+02 7.394975e+01
    endloop
  endfacet
  facet normal -5.064693e-01 -8.622580e-01 -7.197362e-16
    outer loop
      vertex   -3.525030e+01 -1.649154e+02 7.394975e+01
      vertex   -3.525030e+01 -1.649154e+02 7.894975e+01
      vertex   -3.628085e+01 -1.643101e+02 7.894975e+01
    endloop
  endfacet
  facet normal -5.064693e-01 -8.622580e-01 -7.245546e-16
    outer loop
      vertex   -3.525030e+01 -1.649154e+02 7.394975e+01
      vertex   -3.628085e+01 -1.643101e+02 7.894975e+01
      vertex   -3.628085e+01 -1.643101e+02 7.394975e+01
    endloop
  endfacet
  facet normal -5.779791e-01 -8.160515e-01 -8.213578e-16
    outer loop
      vertex   -3.628085e+01 -1.643101e+02 7.394975e+01
      vertex   -3.628085e+01 -1.643101e+02 7.894975e+01
      vertex   -3.729138e+01 -1.635944e+02 7.894975e+01
    endloop
  endfacet
  facet normal -5.779791e-01 -8.160515e-01 -8.248338e-16
    outer loop
      vertex   -3.628085e+01 -1.643101e+02 7.394975e+01
      vertex   -3.729138e+01 -1.635944e+02 7.894975e+01
      vertex   -3.729138e+01 -1.635944e+02 7.394975e+01
    endloop
  endfacet
  facet normal -6.411104e-01 -7.674487e-01 -9.110727e-16
    outer loop
      vertex   -3.729138e+01 -1.635944e+02 7.394975e+01
      vertex   -3.729138e+01 -1.635944e+02 7.894975e+01
      vertex   -3.827500e+01 -1.627727e+02 7.894975e+01
    endloop
  endfacet
  facet normal -6.411104e-01 -7.674487e-01 -9.008745e-16
    outer loop
      vertex   -3.729138e+01 -1.635944e+02 7.394975e+01
      vertex   -3.827500e+01 -1.627727e+02 7.894975e+01
      vertex   -3.827500e+01 -1.627727e+02 7.394975e+01
    endloop
  endfacet
  facet normal -6.968947e-01 -7.171735e-01 -9.903469e-16
    outer loop
      vertex   -3.827500e+01 -1.627727e+02 7.394975e+01
      vertex   -3.827500e+01 -1.627727e+02 7.894975e+01
      vertex   -3.922147e+01 -1.618530e+02 7.894975e+01
    endloop
  endfacet
  facet normal -6.968947e-01 -7.171735e-01 0.000000e+00
    outer loop
      vertex   -3.827500e+01 -1.627727e+02 7.394975e+01
      vertex   -3.922147e+01 -1.618530e+02 7.894975e+01
      vertex   -3.922147e+01 -1.618530e+02 7.394975e+01
    endloop
  endfacet
  facet normal -7.461141e-01 -6.658181e-01 0.000000e+00
    outer loop
      vertex   -3.922147e+01 -1.618530e+02 7.394975e+01
      vertex   -3.922147e+01 -1.618530e+02 7.894975e+01
      vertex   -4.011725e+01 -1.608492e+02 7.894975e+01
    endloop
  endfacet
  facet normal -7.461141e-01 -6.658181e-01 0.000000e+00
    outer loop
      vertex   -3.922147e+01 -1.618530e+02 7.394975e+01
      vertex   -4.011725e+01 -1.608492e+02 7.894975e+01
      vertex   -4.011725e+01 -1.608492e+02 7.394975e+01
    endloop
  endfacet
  facet normal -7.895808e-01 -6.136466e-01 0.000000e+00
    outer loop
      vertex   -4.011725e+01 -1.608492e+02 7.394975e+01
      vertex   -4.011725e+01 -1.608492e+02 7.894975e+01
      vertex   -4.095679e+01 -1.597689e+02 7.894975e+01
    endloop
  endfacet
  facet normal -7.895808e-01 -6.136466e-01 0.000000e+00
    outer loop
      vertex   -4.011725e+01 -1.608492e+02 7.394975e+01
      vertex   -4.095679e+01 -1.597689e+02 7.894975e+01
      vertex   -4.095679e+01 -1.597689e+02 7.394975e+01
    endloop
  endfacet
  facet normal -8.280858e-01 -5.606014e-01 0.000000e+00
    outer loop
      vertex   -4.095679e+01 -1.597689e+02 7.394975e+01
      vertex   -4.095679e+01 -1.597689e+02 7.894975e+01
      vertex   -4.173480e+01 -1.586197e+02 7.894975e+01
    endloop
  endfacet
  facet normal -8.280858e-01 -5.606014e-01 0.000000e+00
    outer loop
      vertex   -4.095679e+01 -1.597689e+02 7.394975e+01
      vertex   -4.173480e+01 -1.586197e+02 7.894975e+01
      vertex   -4.173480e+01 -1.586197e+02 7.394975e+01
    endloop
  endfacet
  facet normal -8.622542e-01 -5.064758e-01 0.000000e+00
    outer loop
      vertex   -4.173480e+01 -1.586197e+02 7.394975e+01
      vertex   -4.173480e+01 -1.586197e+02 7.894975e+01
      vertex   -4.244600e+01 -1.574089e+02 7.894975e+01
    endloop
  endfacet
  facet normal -8.622542e-01 -5.064758e-01 0.000000e+00
    outer loop
      vertex   -4.173480e+01 -1.586197e+02 7.394975e+01
      vertex   -4.244600e+01 -1.574089e+02 7.894975e+01
      vertex   -4.244600e+01 -1.574089e+02 7.394975e+01
    endloop
  endfacet
  facet normal -8.925420e-01 -4.509644e-01 0.000000e+00
    outer loop
      vertex   -4.244600e+01 -1.574089e+02 7.394975e+01
      vertex   -4.244600e+01 -1.574089e+02 7.894975e+01
      vertex   -4.308513e+01 -1.561439e+02 7.894975e+01
    endloop
  endfacet
  facet normal -8.925420e-01 -4.509644e-01 0.000000e+00
    outer loop
      vertex   -4.244600e+01 -1.574089e+02 7.394975e+01
      vertex   -4.308513e+01 -1.561439e+02 7.894975e+01
      vertex   -4.308513e+01 -1.561439e+02 7.394975e+01
    endloop
  endfacet
  facet normal 9.176752e-01 3.973313e-01 6.520475e-16
    outer loop
      vertex   -2.042698e+01 -1.455783e+02 7.894975e+01
      vertex   -1.993173e+01 -1.467221e+02 7.894975e+01
      vertex   -2.042698e+01 -1.455783e+02 7.394975e+01
    endloop
  endfacet
  facet normal 9.176752e-01 3.973313e-01 0.000000e+00
    outer loop
      vertex   -2.042698e+01 -1.455783e+02 7.394975e+01
      vertex   -1.993173e+01 -1.467221e+02 7.894975e+01
      vertex   -1.993173e+01 -1.467221e+02 7.394975e+01
    endloop
  endfacet
  facet normal 9.384136e-01 3.455139e-01 -0.000000e+00
    outer loop
      vertex   -1.993173e+01 -1.467221e+02 7.394975e+01
      vertex   -1.993173e+01 -1.467221e+02 7.894975e+01
      vertex   -1.950036e+01 -1.478937e+02 7.894975e+01
    endloop
  endfacet
  facet normal 9.384136e-01 3.455139e-01 0.000000e+00
    outer loop
      vertex   -1.993173e+01 -1.467221e+02 7.394975e+01
      vertex   -1.950036e+01 -1.478937e+02 7.894975e+01
      vertex   -1.950036e+01 -1.478937e+02 7.394975e+01
    endloop
  endfacet
  facet normal 9.565291e-01 2.916369e-01 -0.000000e+00
    outer loop
      vertex   -1.950036e+01 -1.478937e+02 7.394975e+01
      vertex   -1.950036e+01 -1.478937e+02 7.894975e+01
      vertex   -1.913648e+01 -1.490872e+02 7.894975e+01
    endloop
  endfacet
  facet normal 9.565291e-01 2.916369e-01 0.000000e+00
    outer loop
      vertex   -1.950036e+01 -1.478937e+02 7.394975e+01
      vertex   -1.913648e+01 -1.490872e+02 7.894975e+01
      vertex   -1.913648e+01 -1.490872e+02 7.394975e+01
    endloop
  endfacet
  facet normal 9.719300e-01 2.352701e-01 -0.000000e+00
    outer loop
      vertex   -1.913648e+01 -1.490872e+02 7.394975e+01
      vertex   -1.913648e+01 -1.490872e+02 7.894975e+01
      vertex   -1.884358e+01 -1.502972e+02 7.894975e+01
    endloop
  endfacet
  facet normal 9.719300e-01 2.352701e-01 -6.866865e-16
    outer loop
      vertex   -1.913648e+01 -1.490872e+02 7.394975e+01
      vertex   -1.884358e+01 -1.502972e+02 7.894975e+01
      vertex   -1.884358e+01 -1.502972e+02 7.394975e+01
    endloop
  endfacet
  facet normal 9.844407e-01 1.757170e-01 -6.994872e-16
    outer loop
      vertex   -1.884358e+01 -1.502972e+02 7.394975e+01
      vertex   -1.884358e+01 -1.502972e+02 7.894975e+01
      vertex   -1.862440e+01 -1.515251e+02 7.894975e+01
    endloop
  endfacet
  facet normal 9.844407e-01 1.757170e-01 -6.942464e-16
    outer loop
      vertex   -1.884358e+01 -1.502972e+02 7.394975e+01
      vertex   -1.862440e+01 -1.515251e+02 7.894975e+01
      vertex   -1.862440e+01 -1.515251e+02 7.394975e+01
    endloop
  endfacet
  facet normal 9.937026e-01 1.120501e-01 -7.060681e-16
    outer loop
      vertex   -1.862440e+01 -1.515251e+02 7.394975e+01
      vertex   -1.862440e+01 -1.515251e+02 7.894975e+01
      vertex   -1.848452e+01 -1.527657e+02 7.894975e+01
    endloop
  endfacet
  facet normal 9.937026e-01 1.120501e-01 0.000000e+00
    outer loop
      vertex   -1.862440e+01 -1.515251e+02 7.394975e+01
      vertex   -1.848452e+01 -1.527657e+02 7.894975e+01
      vertex   -1.848452e+01 -1.527657e+02 7.394975e+01
    endloop
  endfacet
  facet normal 9.990555e-01 4.345181e-02 -0.000000e+00
    outer loop
      vertex   -1.848452e+01 -1.527657e+02 7.394975e+01
      vertex   -1.848452e+01 -1.527657e+02 7.894975e+01
      vertex   -1.843039e+01 -1.540102e+02 7.894975e+01
    endloop
  endfacet
  facet normal 9.990555e-01 4.345181e-02 0.000000e+00
    outer loop
      vertex   -1.848452e+01 -1.527657e+02 7.394975e+01
      vertex   -1.843039e+01 -1.540102e+02 7.894975e+01
      vertex   -1.843039e+01 -1.540102e+02 7.394975e+01
    endloop
  endfacet
  facet normal 9.995257e-01 -3.079621e-02 0.000000e+00
    outer loop
      vertex   -1.843039e+01 -1.540102e+02 7.394975e+01
      vertex   -1.843039e+01 -1.540102e+02 7.894975e+01
      vertex   -1.846863e+01 -1.552514e+02 7.894975e+01
    endloop
  endfacet
  facet normal 9.995257e-01 -3.079621e-02 -1.420370e-15
    outer loop
      vertex   -1.843039e+01 -1.540102e+02 7.394975e+01
      vertex   -1.846863e+01 -1.552514e+02 7.894975e+01
      vertex   -1.846863e+01 -1.552514e+02 7.394975e+01
    endloop
  endfacet
  facet normal 9.937081e-01 -1.120010e-01 -1.412144e-15
    outer loop
      vertex   -1.846863e+01 -1.552514e+02 7.394975e+01
      vertex   -1.846863e+01 -1.552514e+02 7.894975e+01
      vertex   -1.860801e+01 -1.564880e+02 7.894975e+01
    endloop
  endfacet
  facet normal 9.937081e-01 -1.120010e-01 0.000000e+00
    outer loop
      vertex   -1.846863e+01 -1.552514e+02 7.394975e+01
      vertex   -1.860801e+01 -1.564880e+02 7.894975e+01
      vertex   -1.860801e+01 -1.564880e+02 7.394975e+01
    endloop
  endfacet
  facet normal 9.794603e-01 -2.016373e-01 0.000000e+00
    outer loop
      vertex   -1.860801e+01 -1.564880e+02 7.394975e+01
      vertex   -1.860801e+01 -1.564880e+02 7.894975e+01
      vertex   -1.885856e+01 -1.577051e+02 7.894975e+01
    endloop
  endfacet
  facet normal 9.794603e-01 -2.016373e-01 -6.969090e-16
    outer loop
      vertex   -1.860801e+01 -1.564880e+02 7.394975e+01
      vertex   -1.885856e+01 -1.577051e+02 7.894975e+01
      vertex   -1.885856e+01 -1.577051e+02 7.394975e+01
    endloop
  endfacet
  facet normal 9.538100e-01 -3.004105e-01 -6.777228e-16
    outer loop
      vertex   -1.885856e+01 -1.577051e+02 7.394975e+01
      vertex   -1.885856e+01 -1.577051e+02 7.894975e+01
      vertex   -1.923031e+01 -1.588854e+02 7.894975e+01
    endloop
  endfacet
  facet normal 9.538100e-01 -3.004105e-01 -6.728840e-16
    outer loop
      vertex   -1.885856e+01 -1.577051e+02 7.394975e+01
      vertex   -1.923031e+01 -1.588854e+02 7.894975e+01
      vertex   -1.923031e+01 -1.588854e+02 7.394975e+01
    endloop
  endfacet
  facet normal 9.129121e-01 -4.081563e-01 -6.486630e-16
    outer loop
      vertex   -1.923031e+01 -1.588854e+02 7.394975e+01
      vertex   -1.923031e+01 -1.588854e+02 7.894975e+01
      vertex   -1.973344e+01 -1.600107e+02 7.894975e+01
    endloop
  endfacet
  facet normal 9.129121e-01 -4.081563e-01 6.484714e-16
    outer loop
      vertex   -1.923031e+01 -1.588854e+02 7.394975e+01
      vertex   -1.973344e+01 -1.600107e+02 7.894975e+01
      vertex   -1.973344e+01 -1.600107e+02 7.394975e+01
    endloop
  endfacet
  facet normal 8.516310e-01 -5.241418e-01 6.051202e-16
    outer loop
      vertex   -1.973344e+01 -1.600107e+02 7.394975e+01
      vertex   -1.973344e+01 -1.600107e+02 7.894975e+01
      vertex   -2.037718e+01 -1.610567e+02 7.894975e+01
    endloop
  endfacet
  facet normal 8.516310e-01 -5.241418e-01 1.825975e-15
    outer loop
      vertex   -1.973344e+01 -1.600107e+02 7.394975e+01
      vertex   -2.037718e+01 -1.610567e+02 7.894975e+01
      vertex   -2.037718e+01 -1.610567e+02 7.394975e+01
    endloop
  endfacet
  facet normal 7.892848e-01 -6.140273e-01 1.682462e-15
    outer loop
      vertex   -2.037718e+01 -1.610567e+02 7.394975e+01
      vertex   -2.037718e+01 -1.610567e+02 7.894975e+01
      vertex   -2.075436e+01 -1.615415e+02 7.894975e+01
    endloop
  endfacet
  facet normal 7.892848e-01 -6.140273e-01 0.000000e+00
    outer loop
      vertex   -2.037718e+01 -1.610567e+02 7.394975e+01
      vertex   -2.075436e+01 -1.615415e+02 7.894975e+01
      vertex   -2.075436e+01 -1.615415e+02 7.394975e+01
    endloop
  endfacet
  facet normal 7.384689e-01 -6.742875e-01 0.000000e+00
    outer loop
      vertex   -2.075436e+01 -1.615415e+02 7.394975e+01
      vertex   -2.075436e+01 -1.615415e+02 7.894975e+01
      vertex   -2.116893e+01 -1.619956e+02 7.894975e+01
    endloop
  endfacet
  facet normal 7.384689e-01 -6.742875e-01 1.047335e-15
    outer loop
      vertex   -2.075436e+01 -1.615415e+02 7.394975e+01
      vertex   -2.116893e+01 -1.619956e+02 7.894975e+01
      vertex   -2.116893e+01 -1.619956e+02 7.394975e+01
    endloop
  endfacet
  facet normal 6.801440e-01 -7.330785e-01 9.665428e-16
    outer loop
      vertex   -2.116893e+01 -1.619956e+02 7.394975e+01
      vertex   -2.116893e+01 -1.619956e+02 7.894975e+01
      vertex   -2.161678e+01 -1.624111e+02 7.894975e+01
    endloop
  endfacet
  facet normal 6.801440e-01 -7.330785e-01 4.815920e-16
    outer loop
      vertex   -2.116893e+01 -1.619956e+02 7.394975e+01
      vertex   -2.161678e+01 -1.624111e+02 7.894975e+01
      vertex   -2.161678e+01 -1.624111e+02 7.394975e+01
    endloop
  endfacet
  facet normal 6.146046e-01 -7.888353e-01 4.367028e-16
    outer loop
      vertex   -2.161678e+01 -1.624111e+02 7.394975e+01
      vertex   -2.161678e+01 -1.624111e+02 7.894975e+01
      vertex   -2.209674e+01 -1.627850e+02 7.894975e+01
    endloop
  endfacet
  facet normal 6.146046e-01 -7.888353e-01 8.667337e-16
    outer loop
      vertex   -2.161678e+01 -1.624111e+02 7.394975e+01
      vertex   -2.209674e+01 -1.627850e+02 7.894975e+01
      vertex   -2.209674e+01 -1.627850e+02 7.394975e+01
    endloop
  endfacet
  facet normal 5.422302e-01 -8.402300e-01 7.705555e-16
    outer loop
      vertex   -2.209674e+01 -1.627850e+02 7.394975e+01
      vertex   -2.209674e+01 -1.627850e+02 7.894975e+01
      vertex   -2.260826e+01 -1.631151e+02 7.894975e+01
    endloop
  endfacet
  facet normal 5.422302e-01 -8.402300e-01 7.750581e-16
    outer loop
      vertex   -2.209674e+01 -1.627850e+02 7.394975e+01
      vertex   -2.260826e+01 -1.631151e+02 7.894975e+01
      vertex   -2.260826e+01 -1.631151e+02 7.394975e+01
    endloop
  endfacet
  facet normal 4.637264e-01 -8.859785e-01 6.589949e-16
    outer loop
      vertex   -2.260826e+01 -1.631151e+02 7.394975e+01
      vertex   -2.260826e+01 -1.631151e+02 7.894975e+01
      vertex   -2.315079e+01 -1.633991e+02 7.894975e+01
    endloop
  endfacet
  facet normal 4.637264e-01 -8.859785e-01 3.263502e-16
    outer loop
      vertex   -2.260826e+01 -1.631151e+02 7.394975e+01
      vertex   -2.315079e+01 -1.633991e+02 7.894975e+01
      vertex   -2.315079e+01 -1.633991e+02 7.394975e+01
    endloop
  endfacet
  facet normal -5.210096e-01 -8.535508e-01 -0.000000e+00
    outer loop
      vertex   -6.633307e+01 -5.680961e+01 9.394975e+01
      vertex   -6.633307e+01 -5.680961e+01 8.794975e+01
      vertex   -6.512719e+01 -5.754569e+01 9.394975e+01
    endloop
  endfacet
  facet normal -5.210096e-01 -8.535508e-01 -0.000000e+00
    outer loop
      vertex   -6.512719e+01 -5.754569e+01 9.394975e+01
      vertex   -6.633307e+01 -5.680961e+01 8.794975e+01
      vertex   -6.512719e+01 -5.754569e+01 8.794975e+01
    endloop
  endfacet
  facet normal -6.238796e-01 -7.815205e-01 -0.000000e+00
    outer loop
      vertex   -6.512719e+01 -5.754569e+01 9.394975e+01
      vertex   -6.512719e+01 -5.754569e+01 8.794975e+01
      vertex   -6.402306e+01 -5.842710e+01 9.394975e+01
    endloop
  endfacet
  facet normal -6.238796e-01 -7.815205e-01 -1.298875e-15
    outer loop
      vertex   -6.402306e+01 -5.842710e+01 9.394975e+01
      vertex   -6.512719e+01 -5.754569e+01 8.794975e+01
      vertex   -6.402306e+01 -5.842710e+01 8.794975e+01
    endloop
  endfacet
  facet normal -7.169106e-01 -6.971651e-01 -7.788426e-16
    outer loop
      vertex   -6.402306e+01 -5.842710e+01 9.394975e+01
      vertex   -6.402306e+01 -5.842710e+01 8.794975e+01
      vertex   -6.303812e+01 -5.943994e+01 9.394975e+01
    endloop
  endfacet
  facet normal -7.169106e-01 -6.971651e-01 8.489927e-16
    outer loop
      vertex   -6.303812e+01 -5.943994e+01 9.394975e+01
      vertex   -6.402306e+01 -5.842710e+01 8.794975e+01
      vertex   -6.303812e+01 -5.943994e+01 8.794975e+01
    endloop
  endfacet
  facet normal -7.986355e-01 -6.018150e-01 9.457744e-16
    outer loop
      vertex   -6.303812e+01 -5.943994e+01 9.394975e+01
      vertex   -6.303812e+01 -5.943994e+01 8.794975e+01
      vertex   -6.218788e+01 -6.056824e+01 9.394975e+01
    endloop
  endfacet
  facet normal -7.986355e-01 -6.018150e-01 2.330823e-16
    outer loop
      vertex   -6.218788e+01 -6.056824e+01 9.394975e+01
      vertex   -6.303812e+01 -5.943994e+01 8.794975e+01
      vertex   -6.218788e+01 -6.056824e+01 8.794975e+01
    endloop
  endfacet
  facet normal -8.677655e-01 -4.969740e-01 4.391053e-16
    outer loop
      vertex   -6.218788e+01 -6.056824e+01 9.394975e+01
      vertex   -6.218788e+01 -6.056824e+01 8.794975e+01
      vertex   -6.148576e+01 -6.179421e+01 9.394975e+01
    endloop
  endfacet
  facet normal -8.677655e-01 -4.969740e-01 -0.000000e+00
    outer loop
      vertex   -6.148576e+01 -6.179421e+01 9.394975e+01
      vertex   -6.218788e+01 -6.056824e+01 8.794975e+01
      vertex   -6.148576e+01 -6.179421e+01 8.794975e+01
    endloop
  endfacet
  facet normal -9.232102e-01 -3.842953e-01 -0.000000e+00
    outer loop
      vertex   -6.148576e+01 -6.179421e+01 9.394975e+01
      vertex   -6.148576e+01 -6.179421e+01 8.794975e+01
      vertex   -6.094284e+01 -6.309851e+01 9.394975e+01
    endloop
  endfacet
  facet normal -9.232102e-01 -3.842953e-01 -1.548398e-15
    outer loop
      vertex   -6.094284e+01 -6.309851e+01 9.394975e+01
      vertex   -6.148576e+01 -6.179421e+01 8.794975e+01
      vertex   -6.094284e+01 -6.309851e+01 8.794975e+01
    endloop
  endfacet
  facet normal -9.640954e-01 -2.655561e-01 -1.456200e-15
    outer loop
      vertex   -6.094284e+01 -6.309851e+01 9.394975e+01
      vertex   -6.094284e+01 -6.309851e+01 8.794975e+01
      vertex   -6.056766e+01 -6.446057e+01 9.394975e+01
    endloop
  endfacet
  facet normal -9.640954e-01 -2.655561e-01 -0.000000e+00
    outer loop
      vertex   -6.056766e+01 -6.446057e+01 9.394975e+01
      vertex   -6.094284e+01 -6.309851e+01 8.794975e+01
      vertex   -6.056766e+01 -6.446057e+01 8.794975e+01
    endloop
  endfacet
  facet normal -9.897762e-01 -1.426289e-01 -0.000000e+00
    outer loop
      vertex   -6.056766e+01 -6.446057e+01 9.394975e+01
      vertex   -6.056766e+01 -6.446057e+01 8.794975e+01
      vertex   -6.036616e+01 -6.585891e+01 9.394975e+01
    endloop
  endfacet
  facet normal -9.897762e-01 -1.426289e-01 -3.378132e-16
    outer loop
      vertex   -6.036616e+01 -6.585891e+01 9.394975e+01
      vertex   -6.056766e+01 -6.446057e+01 8.794975e+01
      vertex   -6.036616e+01 -6.585891e+01 8.794975e+01
    endloop
  endfacet
  facet normal -9.998477e-01 -1.745241e-02 -4.133560e-17
    outer loop
      vertex   -6.036616e+01 -6.585891e+01 9.394975e+01
      vertex   -6.036616e+01 -6.585891e+01 8.794975e+01
      vertex   -6.034150e+01 -6.727148e+01 9.394975e+01
    endloop
  endfacet
  facet normal -9.998477e-01 -1.745241e-02 -1.184058e-15
    outer loop
      vertex   -6.034150e+01 -6.727148e+01 9.394975e+01
      vertex   -6.036616e+01 -6.585891e+01 8.794975e+01
      vertex   -6.034150e+01 -6.727148e+01 8.794975e+01
    endloop
  endfacet
  facet normal -9.941510e-01 1.079994e-01 -1.177311e-15
    outer loop
      vertex   -6.034150e+01 -6.727148e+01 9.394975e+01
      vertex   -6.034150e+01 -6.727148e+01 8.794975e+01
      vertex   -6.049408e+01 -6.867601e+01 9.394975e+01
    endloop
  endfacet
  facet normal -9.941510e-01 1.079994e-01 0.000000e+00
    outer loop
      vertex   -6.049408e+01 -6.867601e+01 9.394975e+01
      vertex   -6.034150e+01 -6.727148e+01 8.794975e+01
      vertex   -6.049408e+01 -6.867601e+01 8.794975e+01
    endloop
  endfacet
  facet normal -9.727759e-01 2.317479e-01 0.000000e+00
    outer loop
      vertex   -6.049408e+01 -6.867601e+01 9.394975e+01
      vertex   -6.049408e+01 -6.867601e+01 8.794975e+01
      vertex   -6.082149e+01 -7.005033e+01 9.394975e+01
    endloop
  endfacet
  facet normal -9.727759e-01 2.317479e-01 0.000000e+00
    outer loop
      vertex   -6.082149e+01 -7.005033e+01 9.394975e+01
      vertex   -6.049408e+01 -6.867601e+01 8.794975e+01
      vertex   -6.082149e+01 -7.005033e+01 8.794975e+01
    endloop
  endfacet
  facet normal -9.360595e-01 3.518416e-01 0.000000e+00
    outer loop
      vertex   -6.082149e+01 -7.005033e+01 9.394975e+01
      vertex   -6.082149e+01 -7.005033e+01 8.794975e+01
      vertex   -6.131857e+01 -7.137278e+01 9.394975e+01
    endloop
  endfacet
  facet normal -9.360595e-01 3.518416e-01 8.333284e-16
    outer loop
      vertex   -6.131857e+01 -7.137278e+01 9.394975e+01
      vertex   -6.082149e+01 -7.005033e+01 8.794975e+01
      vertex   -6.131857e+01 -7.137278e+01 8.794975e+01
    endloop
  endfacet
  facet normal -8.845810e-01 4.663866e-01 1.104625e-15
    outer loop
      vertex   -6.131857e+01 -7.137278e+01 9.394975e+01
      vertex   -6.131857e+01 -7.137278e+01 8.794975e+01
      vertex   -6.197748e+01 -7.262251e+01 9.394975e+01
    endloop
  endfacet
  facet normal -8.845810e-01 4.663866e-01 -2.095109e-15
    outer loop
      vertex   -6.197748e+01 -7.262251e+01 9.394975e+01
      vertex   -6.131857e+01 -7.137278e+01 8.794975e+01
      vertex   -6.197748e+01 -7.262251e+01 8.794975e+01
    endloop
  endfacet
  facet normal -8.191520e-01 5.735764e-01 -1.940142e-15
    outer loop
      vertex   -6.197748e+01 -7.262251e+01 9.394975e+01
      vertex   -6.197748e+01 -7.262251e+01 8.794975e+01
      vertex   -6.278782e+01 -7.377979e+01 9.394975e+01
    endloop
  endfacet
  facet normal -8.191520e-01 5.735764e-01 0.000000e+00
    outer loop
      vertex   -6.278782e+01 -7.377979e+01 9.394975e+01
      vertex   -6.197748e+01 -7.262251e+01 8.794975e+01
      vertex   -6.278782e+01 -7.377979e+01 8.794975e+01
    endloop
  endfacet
  facet normal -7.408046e-01 6.717206e-01 0.000000e+00
    outer loop
      vertex   -6.278782e+01 -7.377979e+01 9.394975e+01
      vertex   -6.278782e+01 -7.377979e+01 8.794975e+01
      vertex   -6.373681e+01 -7.482639e+01 9.394975e+01
    endloop
  endfacet
  facet normal -7.408046e-01 6.717206e-01 0.000000e+00
    outer loop
      vertex   -6.373681e+01 -7.482639e+01 9.394975e+01
      vertex   -6.278782e+01 -7.377979e+01 8.794975e+01
      vertex   -6.373681e+01 -7.482639e+01 8.794975e+01
    endloop
  endfacet
  facet normal -6.507742e-01 7.592713e-01 0.000000e+00
    outer loop
      vertex   -6.373681e+01 -7.482639e+01 9.394975e+01
      vertex   -6.373681e+01 -7.482639e+01 8.794975e+01
      vertex   -6.480950e+01 -7.574580e+01 9.394975e+01
    endloop
  endfacet
  facet normal -6.507742e-01 7.592713e-01 1.798316e-15
    outer loop
      vertex   -6.480950e+01 -7.574580e+01 9.394975e+01
      vertex   -6.373681e+01 -7.482639e+01 8.794975e+01
      vertex   -6.480950e+01 -7.574580e+01 8.794975e+01
    endloop
  endfacet
  facet normal -5.504807e-01 8.348479e-01 1.977317e-15
    outer loop
      vertex   -6.480950e+01 -7.574580e+01 9.394975e+01
      vertex   -6.480950e+01 -7.574580e+01 8.794975e+01
      vertex   -6.598896e+01 -7.652351e+01 9.394975e+01
    endloop
  endfacet
  facet normal -5.504807e-01 8.348479e-01 6.735166e-16
    outer loop
      vertex   -6.598896e+01 -7.652351e+01 9.394975e+01
      vertex   -6.480950e+01 -7.574580e+01 8.794975e+01
      vertex   -6.598896e+01 -7.652351e+01 8.794975e+01
    endloop
  endfacet
  facet normal -4.415059e-01 8.972584e-01 1.079439e-15
    outer loop
      vertex   -6.598896e+01 -7.652351e+01 9.394975e+01
      vertex   -6.598896e+01 -7.652351e+01 8.794975e+01
      vertex   -6.725660e+01 -7.714726e+01 9.394975e+01
    endloop
  endfacet
  facet normal -4.415059e-01 8.972584e-01 -1.045696e-15
    outer loop
      vertex   -6.725660e+01 -7.714726e+01 9.394975e+01
      vertex   -6.598896e+01 -7.652351e+01 8.794975e+01
      vertex   -6.725660e+01 -7.714726e+01 8.794975e+01
    endloop
  endfacet
  facet normal -3.255682e-01 9.455186e-01 -7.711003e-16
    outer loop
      vertex   -6.725660e+01 -7.714726e+01 9.394975e+01
      vertex   -6.725660e+01 -7.714726e+01 8.794975e+01
      vertex   -6.859242e+01 -7.760722e+01 9.394975e+01
    endloop
  endfacet
  facet normal -3.255682e-01 9.455186e-01 0.000000e+00
    outer loop
      vertex   -6.859242e+01 -7.760722e+01 9.394975e+01
      vertex   -6.725660e+01 -7.714726e+01 8.794975e+01
      vertex   -6.859242e+01 -7.760722e+01 8.794975e+01
    endloop
  endfacet
  facet normal -2.044961e-01 9.788674e-01 0.000000e+00
    outer loop
      vertex   -6.859242e+01 -7.760722e+01 9.394975e+01
      vertex   -6.859242e+01 -7.760722e+01 8.794975e+01
      vertex   -6.997535e+01 -7.789613e+01 9.394975e+01
    endloop
  endfacet
  facet normal -2.044961e-01 9.788674e-01 2.318424e-15
    outer loop
      vertex   -6.997535e+01 -7.789613e+01 9.394975e+01
      vertex   -6.859242e+01 -7.760722e+01 8.794975e+01
      vertex   -6.997535e+01 -7.789613e+01 8.794975e+01
    endloop
  endfacet
  facet normal -8.019892e-02 9.967789e-01 2.360847e-15
    outer loop
      vertex   -6.997535e+01 -7.789613e+01 9.394975e+01
      vertex   -6.997535e+01 -7.789613e+01 8.794975e+01
      vertex   -7.138358e+01 -7.800944e+01 9.394975e+01
    endloop
  endfacet
  facet normal -8.019892e-02 9.967789e-01 -1.899492e-16
    outer loop
      vertex   -7.138358e+01 -7.800944e+01 9.394975e+01
      vertex   -6.997535e+01 -7.789613e+01 8.794975e+01
      vertex   -7.138358e+01 -7.800944e+01 8.794975e+01
    endloop
  endfacet
  facet normal 4.536299e-02 9.989706e-01 1.074411e-16
    outer loop
      vertex   -7.138358e+01 -7.800944e+01 9.394975e+01
      vertex   -7.138358e+01 -7.800944e+01 8.794975e+01
      vertex   -7.279491e+01 -7.794535e+01 9.394975e+01
    endloop
  endfacet
  facet normal 4.536299e-02 9.989706e-01 0.000000e+00
    outer loop
      vertex   -7.279491e+01 -7.794535e+01 9.394975e+01
      vertex   -7.138358e+01 -7.800944e+01 8.794975e+01
      vertex   -7.279491e+01 -7.794535e+01 8.794975e+01
    endloop
  endfacet
  facet normal 1.702095e-01 9.854079e-01 0.000000e+00
    outer loop
      vertex   -7.279491e+01 -7.794535e+01 9.394975e+01
      vertex   -7.279491e+01 -7.794535e+01 8.794975e+01
      vertex   -7.418709e+01 -7.770488e+01 9.394975e+01
    endloop
  endfacet
  facet normal 1.702095e-01 9.854079e-01 -1.930778e-15
    outer loop
      vertex   -7.418709e+01 -7.770488e+01 9.394975e+01
      vertex   -7.279491e+01 -7.794535e+01 8.794975e+01
      vertex   -7.418709e+01 -7.770488e+01 8.794975e+01
    endloop
  endfacet
  facet normal 2.923717e-01 9.563048e-01 -1.572509e-15
    outer loop
      vertex   -7.418709e+01 -7.770488e+01 9.394975e+01
      vertex   -7.418709e+01 -7.770488e+01 8.794975e+01
      vertex   -7.553814e+01 -7.729182e+01 9.394975e+01
    endloop
  endfacet
  facet normal 2.923717e-01 9.563048e-01 0.000000e+00
    outer loop
      vertex   -7.553814e+01 -7.729182e+01 9.394975e+01
      vertex   -7.418709e+01 -7.770488e+01 8.794975e+01
      vertex   -7.553814e+01 -7.729182e+01 8.794975e+01
    endloop
  endfacet
  facet normal 4.099230e-01 9.121201e-01 0.000000e+00
    outer loop
      vertex   -7.553814e+01 -7.729182e+01 9.394975e+01
      vertex   -7.553814e+01 -7.729182e+01 8.794975e+01
      vertex   -7.682677e+01 -7.671269e+01 9.394975e+01
    endloop
  endfacet
  facet normal 4.099230e-01 9.121201e-01 0.000000e+00
    outer loop
      vertex   -7.682677e+01 -7.671269e+01 9.394975e+01
      vertex   -7.553814e+01 -7.729182e+01 8.794975e+01
      vertex   -7.682677e+01 -7.671269e+01 8.794975e+01
    endloop
  endfacet
  facet normal 5.210096e-01 8.535508e-01 0.000000e+00
    outer loop
      vertex   -7.682677e+01 -7.671269e+01 9.394975e+01
      vertex   -7.682677e+01 -7.671269e+01 8.794975e+01
      vertex   -7.803266e+01 -7.597661e+01 9.394975e+01
    endloop
  endfacet
  facet normal 5.210096e-01 8.535508e-01 0.000000e+00
    outer loop
      vertex   -7.803266e+01 -7.597661e+01 9.394975e+01
      vertex   -7.682677e+01 -7.671269e+01 8.794975e+01
      vertex   -7.803266e+01 -7.597661e+01 8.794975e+01
    endloop
  endfacet
  facet normal 6.238796e-01 7.815205e-01 0.000000e+00
    outer loop
      vertex   -7.803266e+01 -7.597661e+01 9.394975e+01
      vertex   -7.803266e+01 -7.597661e+01 8.794975e+01
      vertex   -7.913678e+01 -7.509520e+01 9.394975e+01
    endloop
  endfacet
  facet normal 6.238796e-01 7.815205e-01 0.000000e+00
    outer loop
      vertex   -7.913678e+01 -7.509520e+01 9.394975e+01
      vertex   -7.803266e+01 -7.597661e+01 8.794975e+01
      vertex   -7.913678e+01 -7.509520e+01 8.794975e+01
    endloop
  endfacet
  facet normal 7.169106e-01 6.971651e-01 0.000000e+00
    outer loop
      vertex   -7.913678e+01 -7.509520e+01 9.394975e+01
      vertex   -7.913678e+01 -7.509520e+01 8.794975e+01
      vertex   -8.012172e+01 -7.408236e+01 9.394975e+01
    endloop
  endfacet
  facet normal 7.169106e-01 6.971651e-01 0.000000e+00
    outer loop
      vertex   -8.012172e+01 -7.408236e+01 9.394975e+01
      vertex   -7.913678e+01 -7.509520e+01 8.794975e+01
      vertex   -8.012172e+01 -7.408236e+01 8.794975e+01
    endloop
  endfacet
  facet normal 7.986355e-01 6.018150e-01 0.000000e+00
    outer loop
      vertex   -8.012172e+01 -7.408236e+01 9.394975e+01
      vertex   -8.012172e+01 -7.408236e+01 8.794975e+01
      vertex   -8.097196e+01 -7.295406e+01 9.394975e+01
    endloop
  endfacet
  facet normal 7.986355e-01 6.018150e-01 -1.425384e-15
    outer loop
      vertex   -8.097196e+01 -7.295406e+01 9.394975e+01
      vertex   -8.012172e+01 -7.408236e+01 8.794975e+01
      vertex   -8.097196e+01 -7.295406e+01 8.794975e+01
    endloop
  endfacet
  facet normal 8.677655e-01 4.969740e-01 -1.177071e-15
    outer loop
      vertex   -8.097196e+01 -7.295406e+01 9.394975e+01
      vertex   -8.097196e+01 -7.295406e+01 8.794975e+01
      vertex   -8.167408e+01 -7.172809e+01 9.394975e+01
    endloop
  endfacet
  facet normal 8.677655e-01 4.969740e-01 4.110563e-15
    outer loop
      vertex   -8.167408e+01 -7.172809e+01 9.394975e+01
      vertex   -8.097196e+01 -7.295406e+01 8.794975e+01
      vertex   -8.167408e+01 -7.172809e+01 8.794975e+01
    endloop
  endfacet
  facet normal 9.232102e-01 3.842953e-01 4.373202e-15
    outer loop
      vertex   -8.167408e+01 -7.172809e+01 9.394975e+01
      vertex   -8.167408e+01 -7.172809e+01 8.794975e+01
      vertex   -8.221701e+01 -7.042379e+01 9.394975e+01
    endloop
  endfacet
  facet normal 9.232102e-01 3.842953e-01 0.000000e+00
    outer loop
      vertex   -8.221701e+01 -7.042379e+01 9.394975e+01
      vertex   -8.167408e+01 -7.172809e+01 8.794975e+01
      vertex   -8.221701e+01 -7.042379e+01 8.794975e+01
    endloop
  endfacet
  facet normal 9.640954e-01 2.655561e-01 0.000000e+00
    outer loop
      vertex   -8.221701e+01 -7.042379e+01 9.394975e+01
      vertex   -8.221701e+01 -7.042379e+01 8.794975e+01
      vertex   -8.259218e+01 -6.906173e+01 9.394975e+01
    endloop
  endfacet
  facet normal 9.640954e-01 2.655561e-01 0.000000e+00
    outer loop
      vertex   -8.259218e+01 -6.906173e+01 9.394975e+01
      vertex   -8.221701e+01 -7.042379e+01 8.794975e+01
      vertex   -8.259218e+01 -6.906173e+01 8.794975e+01
    endloop
  endfacet
  facet normal 9.897762e-01 1.426289e-01 0.000000e+00
    outer loop
      vertex   -8.259218e+01 -6.906173e+01 9.394975e+01
      vertex   -8.259218e+01 -6.906173e+01 8.794975e+01
      vertex   -8.279368e+01 -6.766339e+01 9.394975e+01
    endloop
  endfacet
  facet normal 9.897762e-01 1.426289e-01 -3.378132e-16
    outer loop
      vertex   -8.279368e+01 -6.766339e+01 9.394975e+01
      vertex   -8.259218e+01 -6.906173e+01 8.794975e+01
      vertex   -8.279368e+01 -6.766339e+01 8.794975e+01
    endloop
  endfacet
  facet normal 9.998477e-01 1.745241e-02 -4.133560e-17
    outer loop
      vertex   -8.279368e+01 -6.766339e+01 9.394975e+01
      vertex   -8.279368e+01 -6.766339e+01 8.794975e+01
      vertex   -8.281834e+01 -6.625082e+01 9.394975e+01
    endloop
  endfacet
  facet normal 9.998477e-01 1.745241e-02 -2.409451e-15
    outer loop
      vertex   -8.281834e+01 -6.625082e+01 9.394975e+01
      vertex   -8.279368e+01 -6.766339e+01 8.794975e+01
      vertex   -8.281834e+01 -6.625082e+01 8.794975e+01
    endloop
  endfacet
  facet normal 9.941510e-01 -1.079994e-01 -2.098829e-15
    outer loop
      vertex   -8.281834e+01 -6.625082e+01 9.394975e+01
      vertex   -8.281834e+01 -6.625082e+01 8.794975e+01
      vertex   -8.266576e+01 -6.484629e+01 9.394975e+01
    endloop
  endfacet
  facet normal 9.941510e-01 -1.079994e-01 2.557939e-16
    outer loop
      vertex   -8.266576e+01 -6.484629e+01 9.394975e+01
      vertex   -8.281834e+01 -6.625082e+01 8.794975e+01
      vertex   -8.266576e+01 -6.484629e+01 8.794975e+01
    endloop
  endfacet
  facet normal 9.727759e-01 -2.317479e-01 5.488893e-16
    outer loop
      vertex   -8.266576e+01 -6.484629e+01 9.394975e+01
      vertex   -8.266576e+01 -6.484629e+01 8.794975e+01
      vertex   -8.233835e+01 -6.347197e+01 9.394975e+01
    endloop
  endfacet
  facet normal 9.727759e-01 -2.317479e-01 2.744446e-16
    outer loop
      vertex   -8.233835e+01 -6.347197e+01 9.394975e+01
      vertex   -8.266576e+01 -6.484629e+01 8.794975e+01
      vertex   -8.233835e+01 -6.347197e+01 8.794975e+01
    endloop
  endfacet
  facet normal 9.360595e-01 -3.518416e-01 4.166642e-16
    outer loop
      vertex   -8.233835e+01 -6.347197e+01 9.394975e+01
      vertex   -8.233835e+01 -6.347197e+01 8.794975e+01
      vertex   -8.184127e+01 -6.214952e+01 9.394975e+01
    endloop
  endfacet
  facet normal 9.360595e-01 -3.518416e-01 8.333284e-16
    outer loop
      vertex   -8.184127e+01 -6.214952e+01 9.394975e+01
      vertex   -8.233835e+01 -6.347197e+01 8.794975e+01
      vertex   -8.184127e+01 -6.214952e+01 8.794975e+01
    endloop
  endfacet
  facet normal 8.845810e-01 -4.663866e-01 1.104625e-15
    outer loop
      vertex   -8.184127e+01 -6.214952e+01 9.394975e+01
      vertex   -8.184127e+01 -6.214952e+01 8.794975e+01
      vertex   -8.118237e+01 -6.089979e+01 9.394975e+01
    endloop
  endfacet
  facet normal 8.845810e-01 -4.663866e-01 0.000000e+00
    outer loop
      vertex   -8.118237e+01 -6.089979e+01 9.394975e+01
      vertex   -8.184127e+01 -6.214952e+01 8.794975e+01
      vertex   -8.118237e+01 -6.089979e+01 8.794975e+01
    endloop
  endfacet
  facet normal 8.191520e-01 -5.735764e-01 0.000000e+00
    outer loop
      vertex   -8.118237e+01 -6.089979e+01 9.394975e+01
      vertex   -8.118237e+01 -6.089979e+01 8.794975e+01
      vertex   -8.037203e+01 -5.974250e+01 9.394975e+01
    endloop
  endfacet
  facet normal 8.191520e-01 -5.735764e-01 -3.201033e-15
    outer loop
      vertex   -8.037203e+01 -5.974250e+01 9.394975e+01
      vertex   -8.118237e+01 -6.089979e+01 8.794975e+01
      vertex   -8.037203e+01 -5.974250e+01 8.794975e+01
    endloop
  endfacet
  facet normal 7.408046e-01 -6.717206e-01 -2.713679e-15
    outer loop
      vertex   -8.037203e+01 -5.974250e+01 9.394975e+01
      vertex   -8.037203e+01 -5.974250e+01 8.794975e+01
      vertex   -7.942303e+01 -5.869590e+01 9.394975e+01
    endloop
  endfacet
  facet normal 7.408046e-01 -6.717206e-01 0.000000e+00
    outer loop
      vertex   -7.942303e+01 -5.869590e+01 9.394975e+01
      vertex   -8.037203e+01 -5.974250e+01 8.794975e+01
      vertex   -7.942303e+01 -5.869590e+01 8.794975e+01
    endloop
  endfacet
  facet normal 6.507742e-01 -7.592713e-01 0.000000e+00
    outer loop
      vertex   -7.942303e+01 -5.869590e+01 9.394975e+01
      vertex   -7.942303e+01 -5.869590e+01 8.794975e+01
      vertex   -7.835034e+01 -5.777650e+01 9.394975e+01
    endloop
  endfacet
  facet normal 6.507742e-01 -7.592713e-01 0.000000e+00
    outer loop
      vertex   -7.835034e+01 -5.777650e+01 9.394975e+01
      vertex   -7.942303e+01 -5.869590e+01 8.794975e+01
      vertex   -7.835034e+01 -5.777650e+01 8.794975e+01
    endloop
  endfacet
  facet normal 5.504807e-01 -8.348479e-01 0.000000e+00
    outer loop
      vertex   -7.835034e+01 -5.777650e+01 9.394975e+01
      vertex   -7.835034e+01 -5.777650e+01 8.794975e+01
      vertex   -7.717088e+01 -5.699879e+01 9.394975e+01
    endloop
  endfacet
  facet normal 5.504807e-01 -8.348479e-01 0.000000e+00
    outer loop
      vertex   -7.717088e+01 -5.699879e+01 9.394975e+01
      vertex   -7.835034e+01 -5.777650e+01 8.794975e+01
      vertex   -7.717088e+01 -5.699879e+01 8.794975e+01
    endloop
  endfacet
  facet normal 4.415059e-01 -8.972584e-01 0.000000e+00
    outer loop
      vertex   -7.717088e+01 -5.699879e+01 9.394975e+01
      vertex   -7.717088e+01 -5.699879e+01 8.794975e+01
      vertex   -7.590324e+01 -5.637503e+01 9.394975e+01
    endloop
  endfacet
  facet normal 4.415059e-01 -8.972584e-01 -1.045696e-15
    outer loop
      vertex   -7.590324e+01 -5.637503e+01 9.394975e+01
      vertex   -7.717088e+01 -5.699879e+01 8.794975e+01
      vertex   -7.590324e+01 -5.637503e+01 8.794975e+01
    endloop
  endfacet
  facet normal 3.255682e-01 -9.455186e-01 -7.711003e-16
    outer loop
      vertex   -7.590324e+01 -5.637503e+01 9.394975e+01
      vertex   -7.590324e+01 -5.637503e+01 8.794975e+01
      vertex   -7.456743e+01 -5.591508e+01 9.394975e+01
    endloop
  endfacet
  facet normal 3.255682e-01 -9.455186e-01 -7.711003e-16
    outer loop
      vertex   -7.456743e+01 -5.591508e+01 9.394975e+01
      vertex   -7.590324e+01 -5.637503e+01 8.794975e+01
      vertex   -7.456743e+01 -5.591508e+01 8.794975e+01
    endloop
  endfacet
  facet normal 2.044961e-01 -9.788674e-01 -4.843439e-16
    outer loop
      vertex   -7.456743e+01 -5.591508e+01 9.394975e+01
      vertex   -7.456743e+01 -5.591508e+01 8.794975e+01
      vertex   -7.318450e+01 -5.562617e+01 9.394975e+01
    endloop
  endfacet
  facet normal 2.044961e-01 -9.788674e-01 1.159212e-15
    outer loop
      vertex   -7.318450e+01 -5.562617e+01 9.394975e+01
      vertex   -7.456743e+01 -5.591508e+01 8.794975e+01
      vertex   -7.318450e+01 -5.562617e+01 8.794975e+01
    endloop
  endfacet
  facet normal 8.019892e-02 -9.967789e-01 1.180423e-15
    outer loop
      vertex   -7.318450e+01 -5.562617e+01 9.394975e+01
      vertex   -7.318450e+01 -5.562617e+01 8.794975e+01
      vertex   -7.177626e+01 -5.551286e+01 9.394975e+01
    endloop
  endfacet
  facet normal 8.019892e-02 -9.967789e-01 2.170897e-15
    outer loop
      vertex   -7.177626e+01 -5.551286e+01 9.394975e+01
      vertex   -7.318450e+01 -5.562617e+01 8.794975e+01
      vertex   -7.177626e+01 -5.551286e+01 8.794975e+01
    endloop
  endfacet
  facet normal -4.536299e-02 -9.989706e-01 2.473479e-15
    outer loop
      vertex   -7.177626e+01 -5.551286e+01 9.394975e+01
      vertex   -7.177626e+01 -5.551286e+01 8.794975e+01
      vertex   -7.036493e+01 -5.557695e+01 9.394975e+01
    endloop
  endfacet
  facet normal -4.536299e-02 -9.989706e-01 -0.000000e+00
    outer loop
      vertex   -7.036493e+01 -5.557695e+01 9.394975e+01
      vertex   -7.177626e+01 -5.551286e+01 8.794975e+01
      vertex   -7.036493e+01 -5.557695e+01 8.794975e+01
    endloop
  endfacet
  facet normal -1.702095e-01 -9.854079e-01 -0.000000e+00
    outer loop
      vertex   -7.036493e+01 -5.557695e+01 9.394975e+01
      vertex   -7.036493e+01 -5.557695e+01 8.794975e+01
      vertex   -6.897276e+01 -5.581742e+01 9.394975e+01
    endloop
  endfacet
  facet normal -1.702095e-01 -9.854079e-01 -1.166957e-15
    outer loop
      vertex   -6.897276e+01 -5.581742e+01 9.394975e+01
      vertex   -7.036493e+01 -5.557695e+01 8.794975e+01
      vertex   -6.897276e+01 -5.581742e+01 8.794975e+01
    endloop
  endfacet
  facet normal -2.923717e-01 -9.563048e-01 -1.132492e-15
    outer loop
      vertex   -6.897276e+01 -5.581742e+01 9.394975e+01
      vertex   -6.897276e+01 -5.581742e+01 8.794975e+01
      vertex   -6.762170e+01 -5.623048e+01 9.394975e+01
    endloop
  endfacet
  facet normal -2.923717e-01 -9.563048e-01 6.924753e-16
    outer loop
      vertex   -6.762170e+01 -5.623048e+01 9.394975e+01
      vertex   -6.897276e+01 -5.581742e+01 8.794975e+01
      vertex   -6.762170e+01 -5.623048e+01 8.794975e+01
    endloop
  endfacet
  facet normal -4.099230e-01 -9.121201e-01 9.708928e-16
    outer loop
      vertex   -6.762170e+01 -5.623048e+01 9.394975e+01
      vertex   -6.762170e+01 -5.623048e+01 8.794975e+01
      vertex   -6.633307e+01 -5.680961e+01 9.394975e+01
    endloop
  endfacet
  facet normal -4.099230e-01 -9.121201e-01 -0.000000e+00
    outer loop
      vertex   -6.633307e+01 -5.680961e+01 9.394975e+01
      vertex   -6.762170e+01 -5.623048e+01 8.794975e+01
      vertex   -6.633307e+01 -5.680961e+01 8.794975e+01
    endloop
  endfacet
  facet normal 6.505820e-15 -7.973188e-15 1.000000e+00
    outer loop
      vertex   -6.402306e+01 -5.842710e+01 9.394975e+01
      vertex   -6.016489e+01 -5.349664e+01 9.394975e+01
      vertex   -6.512719e+01 -5.754569e+01 9.394975e+01
    endloop
  endfacet
  facet normal 0.000000e+00 0.000000e+00 1.000000e+00
    outer loop
      vertex   -6.512719e+01 -5.754569e+01 9.394975e+01
      vertex   -6.016489e+01 -5.349664e+01 9.394975e+01
      vertex   -6.154233e+01 -5.242599e+01 9.394975e+01
    endloop
  endfacet
  facet normal 0.000000e+00 0.000000e+00 1.000000e+00
    outer loop
      vertex   -6.512719e+01 -5.754569e+01 9.394975e+01
      vertex   -6.154233e+01 -5.242599e+01 9.394975e+01
      vertex   -6.301953e+01 -5.149780e+01 9.394975e+01
    endloop
  endfacet
  facet normal -1.571853e-15 -1.652257e-15 1.000000e+00
    outer loop
      vertex   -6.016489e+01 -5.349664e+01 9.394975e+01
      vertex   -6.402306e+01 -5.842710e+01 9.394975e+01
      vertex   -5.890090e+01 -5.469913e+01 9.394975e+01
    endloop
  endfacet
  facet normal -1.624569e-15 -1.579825e-15 1.000000e+00
    outer loop
      vertex   -5.890090e+01 -5.469913e+01 9.394975e+01
      vertex   -6.402306e+01 -5.842710e+01 9.394975e+01
      vertex   -6.303812e+01 -5.943994e+01 9.394975e+01
    endloop
  endfacet
  facet normal -1.729442e-15 -1.488305e-15 1.000000e+00
    outer loop
      vertex   -5.890090e+01 -5.469913e+01 9.394975e+01
      vertex   -6.303812e+01 -5.943994e+01 9.394975e+01
      vertex   -5.776291e+01 -5.602149e+01 9.394975e+01
    endloop
  endfacet
  facet normal -1.810025e-15 -1.363952e-15 1.000000e+00
    outer loop
      vertex   -5.776291e+01 -5.602149e+01 9.394975e+01
      vertex   -6.303812e+01 -5.943994e+01 9.394975e+01
      vertex   -6.218788e+01 -6.056824e+01 9.394975e+01
    endloop
  endfacet
  facet normal 4.074545e-15 -7.090909e-15 1.000000e+00
    outer loop
      vertex   -5.776291e+01 -5.602149e+01 9.394975e+01
      vertex   -6.218788e+01 -6.056824e+01 9.394975e+01
      vertex   -5.676225e+01 -5.745059e+01 9.394975e+01
    endloop
  endfacet
  facet normal 0.000000e+00 0.000000e+00 1.000000e+00
    outer loop
      vertex   -5.676225e+01 -5.745059e+01 9.394975e+01
      vertex   -6.218788e+01 -6.056824e+01 9.394975e+01
      vertex   -6.148576e+01 -6.179421e+01 9.394975e+01
    endloop
  endfacet
  facet normal 0.000000e+00 0.000000e+00 1.000000e+00
    outer loop
      vertex   -5.676225e+01 -5.745059e+01 9.394975e+01
      vertex   -6.148576e+01 -6.179421e+01 9.394975e+01
      vertex   -5.590885e+01 -5.897222e+01 9.394975e+01
    endloop
  endfacet
  facet normal 0.000000e+00 0.000000e+00 1.000000e+00
    outer loop
      vertex   -5.590885e+01 -5.897222e+01 9.394975e+01
      vertex   -6.148576e+01 -6.179421e+01 9.394975e+01
      vertex   -5.521119e+01 -6.057126e+01 9.394975e+01
    endloop
  endfacet
  facet normal 0.000000e+00 0.000000e+00 1.000000e+00
    outer loop
      vertex   -5.521119e+01 -6.057126e+01 9.394975e+01
      vertex   -6.148576e+01 -6.179421e+01 9.394975e+01
      vertex   -6.094284e+01 -6.309851e+01 9.394975e+01
    endloop
  endfacet
  facet normal 0.000000e+00 0.000000e+00 1.000000e+00
    outer loop
      vertex   -5.521119e+01 -6.057126e+01 9.394975e+01
      vertex   -6.094284e+01 -6.309851e+01 9.394975e+01
      vertex   -5.467622e+01 -6.223182e+01 9.394975e+01
    endloop
  endfacet
  facet normal 0.000000e+00 0.000000e+00 1.000000e+00
    outer loop
      vertex   -5.467622e+01 -6.223182e+01 9.394975e+01
      vertex   -6.094284e+01 -6.309851e+01 9.394975e+01
      vertex   -6.056766e+01 -6.446057e+01 9.394975e+01
    endloop
  endfacet
  facet normal 0.000000e+00 0.000000e+00 1.000000e+00
    outer loop
      vertex   -5.467622e+01 -6.223182e+01 9.394975e+01
      vertex   -6.056766e+01 -6.446057e+01 9.394975e+01
      vertex   -5.430924e+01 -6.393739e+01 9.394975e+01
    endloop
  endfacet
  facet normal 0.000000e+00 0.000000e+00 1.000000e+00
    outer loop
      vertex   -5.430924e+01 -6.393739e+01 9.394975e+01
      vertex   -6.056766e+01 -6.446057e+01 9.394975e+01
      vertex   -6.036616e+01 -6.585891e+01 9.394975e+01
    endloop
  endfacet
  facet normal 0.000000e+00 0.000000e+00 1.000000e+00
    outer loop
      vertex   -5.430924e+01 -6.393739e+01 9.394975e+01
      vertex   -6.036616e+01 -6.585891e+01 9.394975e+01
      vertex   -5.411391e+01 -6.567102e+01 9.394975e+01
    endloop
  endfacet
  facet normal 0.000000e+00 0.000000e+00 1.000000e+00
    outer loop
      vertex   -5.411391e+01 -6.567102e+01 9.394975e+01
      vertex   -6.036616e+01 -6.585891e+01 9.394975e+01
      vertex   -6.034150e+01 -6.727148e+01 9.394975e+01
    endloop
  endfacet
  facet normal 0.000000e+00 0.000000e+00 1.000000e+00
    outer loop
      vertex   -5.411391e+01 -6.567102e+01 9.394975e+01
      vertex   -6.034150e+01 -6.727148e+01 9.394975e+01
      vertex   -5.409216e+01 -6.741550e+01 9.394975e+01
    endloop
  endfacet
  facet normal 0.000000e+00 0.000000e+00 1.000000e+00
    outer loop
      vertex   -5.409216e+01 -6.741550e+01 9.394975e+01
      vertex   -6.034150e+01 -6.727148e+01 9.394975e+01
      vertex   -5.424421e+01 -6.915346e+01 9.394975e+01
    endloop
  endfacet
  facet normal 0.000000e+00 0.000000e+00 1.000000e+00
    outer loop
      vertex   -5.424421e+01 -6.915346e+01 9.394975e+01
      vertex   -6.034150e+01 -6.727148e+01 9.394975e+01
      vertex   -6.049408e+01 -6.867601e+01 9.394975e+01
    endloop
  endfacet
  facet normal 0.000000e+00 0.000000e+00 1.000000e+00
    outer loop
      vertex   -5.424421e+01 -6.915346e+01 9.394975e+01
      vertex   -6.049408e+01 -6.867601e+01 9.394975e+01
      vertex   -5.456855e+01 -7.086765e+01 9.394975e+01
    endloop
  endfacet
  facet normal 0.000000e+00 0.000000e+00 1.000000e+00
    outer loop
      vertex   -5.456855e+01 -7.086765e+01 9.394975e+01
      vertex   -6.049408e+01 -6.867601e+01 9.394975e+01
      vertex   -6.082149e+01 -7.005033e+01 9.394975e+01
    endloop
  endfacet
  facet normal 0.000000e+00 0.000000e+00 1.000000e+00
    outer loop
      vertex   -5.456855e+01 -7.086765e+01 9.394975e+01
      vertex   -6.082149e+01 -7.005033e+01 9.394975e+01
      vertex   -5.506196e+01 -7.254103e+01 9.394975e+01
    endloop
  endfacet
  facet normal 0.000000e+00 0.000000e+00 1.000000e+00
    outer loop
      vertex   -5.506196e+01 -7.254103e+01 9.394975e+01
      vertex   -6.082149e+01 -7.005033e+01 9.394975e+01
      vertex   -6.131857e+01 -7.137278e+01 9.394975e+01
    endloop
  endfacet
  facet normal 0.000000e+00 0.000000e+00 1.000000e+00
    outer loop
      vertex   -5.506196e+01 -7.254103e+01 9.394975e+01
      vertex   -6.131857e+01 -7.137278e+01 9.394975e+01
      vertex   -5.571954e+01 -7.415697e+01 9.394975e+01
    endloop
  endfacet
  facet normal 0.000000e+00 0.000000e+00 1.000000e+00
    outer loop
      vertex   -5.571954e+01 -7.415697e+01 9.394975e+01
      vertex   -6.131857e+01 -7.137278e+01 9.394975e+01
      vertex   -6.197748e+01 -7.262251e+01 9.394975e+01
    endloop
  endfacet
  facet normal 0.000000e+00 0.000000e+00 1.000000e+00
    outer loop
      vertex   -5.571954e+01 -7.415697e+01 9.394975e+01
      vertex   -6.197748e+01 -7.262251e+01 9.394975e+01
      vertex   -5.653473e+01 -7.569940e+01 9.394975e+01
    endloop
  endfacet
  facet normal 0.000000e+00 0.000000e+00 1.000000e+00
    outer loop
      vertex   -5.653473e+01 -7.569940e+01 9.394975e+01
      vertex   -6.197748e+01 -7.262251e+01 9.394975e+01
      vertex   -5.749946e+01 -7.715300e+01 9.394975e+01
    endloop
  endfacet
  facet normal 0.000000e+00 0.000000e+00 1.000000e+00
    outer loop
      vertex   -5.749946e+01 -7.715300e+01 9.394975e+01
      vertex   -6.197748e+01 -7.262251e+01 9.394975e+01
      vertex   -6.278782e+01 -7.377979e+01 9.394975e+01
    endloop
  endfacet
  facet normal 0.000000e+00 0.000000e+00 1.000000e+00
    outer loop
      vertex   -5.749946e+01 -7.715300e+01 9.394975e+01
      vertex   -6.278782e+01 -7.377979e+01 9.394975e+01
      vertex   -5.860412e+01 -7.850332e+01 9.394975e+01
    endloop
  endfacet
  facet normal 0.000000e+00 0.000000e+00 1.000000e+00
    outer loop
      vertex   -5.860412e+01 -7.850332e+01 9.394975e+01
      vertex   -6.278782e+01 -7.377979e+01 9.394975e+01
      vertex   -6.373681e+01 -7.482639e+01 9.394975e+01
    endloop
  endfacet
  facet normal 0.000000e+00 0.000000e+00 1.000000e+00
    outer loop
      vertex   -5.860412e+01 -7.850332e+01 9.394975e+01
      vertex   -6.373681e+01 -7.482639e+01 9.394975e+01
      vertex   -5.983775e+01 -7.973695e+01 9.394975e+01
    endloop
  endfacet
  facet normal 0.000000e+00 0.000000e+00 1.000000e+00
    outer loop
      vertex   -5.983775e+01 -7.973695e+01 9.394975e+01
      vertex   -6.373681e+01 -7.482639e+01 9.394975e+01
      vertex   -6.480950e+01 -7.574580e+01 9.394975e+01
    endloop
  endfacet
  facet normal 0.000000e+00 0.000000e+00 1.000000e+00
    outer loop
      vertex   -5.983775e+01 -7.973695e+01 9.394975e+01
      vertex   -6.480950e+01 -7.574580e+01 9.394975e+01
      vertex   -6.118807e+01 -8.084161e+01 9.394975e+01
    endloop
  endfacet
  facet normal 0.000000e+00 0.000000e+00 1.000000e+00
    outer loop
      vertex   -6.118807e+01 -8.084161e+01 9.394975e+01
      vertex   -6.480950e+01 -7.574580e+01 9.394975e+01
      vertex   -6.264167e+01 -8.180634e+01 9.394975e+01
    endloop
  endfacet
  facet normal 0.000000e+00 0.000000e+00 1.000000e+00
    outer loop
      vertex   -6.264167e+01 -8.180634e+01 9.394975e+01
      vertex   -6.480950e+01 -7.574580e+01 9.394975e+01
      vertex   -6.598896e+01 -7.652351e+01 9.394975e+01
    endloop
  endfacet
  facet normal 0.000000e+00 0.000000e+00 1.000000e+00
    outer loop
      vertex   -6.264167e+01 -8.180634e+01 9.394975e+01
      vertex   -6.598896e+01 -7.652351e+01 9.394975e+01
      vertex   -6.418410e+01 -8.262154e+01 9.394975e+01
    endloop
  endfacet
  facet normal 0.000000e+00 0.000000e+00 1.000000e+00
    outer loop
      vertex   -6.418410e+01 -8.262154e+01 9.394975e+01
      vertex   -6.598896e+01 -7.652351e+01 9.394975e+01
      vertex   -6.725660e+01 -7.714726e+01 9.394975e+01
    endloop
  endfacet
  facet normal 0.000000e+00 0.000000e+00 1.000000e+00
    outer loop
      vertex   -6.418410e+01 -8.262154e+01 9.394975e+01
      vertex   -6.725660e+01 -7.714726e+01 9.394975e+01
      vertex   -6.580004e+01 -8.327911e+01 9.394975e+01
    endloop
  endfacet
  facet normal 0.000000e+00 0.000000e+00 1.000000e+00
    outer loop
      vertex   -6.580004e+01 -8.327911e+01 9.394975e+01
      vertex   -6.725660e+01 -7.714726e+01 9.394975e+01
      vertex   -6.859242e+01 -7.760722e+01 9.394975e+01
    endloop
  endfacet
  facet normal 0.000000e+00 0.000000e+00 1.000000e+00
    outer loop
      vertex   -6.580004e+01 -8.327911e+01 9.394975e+01
      vertex   -6.859242e+01 -7.760722e+01 9.394975e+01
      vertex   -6.747342e+01 -8.377252e+01 9.394975e+01
    endloop
  endfacet
  facet normal 0.000000e+00 0.000000e+00 1.000000e+00
    outer loop
      vertex   -6.747342e+01 -8.377252e+01 9.394975e+01
      vertex   -6.859242e+01 -7.760722e+01 9.394975e+01
      vertex   -6.997535e+01 -7.789613e+01 9.394975e+01
    endloop
  endfacet
  facet normal 0.000000e+00 0.000000e+00 1.000000e+00
    outer loop
      vertex   -6.747342e+01 -8.377252e+01 9.394975e+01
      vertex   -6.997535e+01 -7.789613e+01 9.394975e+01
      vertex   -6.918761e+01 -8.409686e+01 9.394975e+01
    endloop
  endfacet
  facet normal 0.000000e+00 0.000000e+00 1.000000e+00
    outer loop
      vertex   -6.918761e+01 -8.409686e+01 9.394975e+01
      vertex   -6.997535e+01 -7.789613e+01 9.394975e+01
      vertex   -7.092558e+01 -8.424891e+01 9.394975e+01
    endloop
  endfacet
  facet normal 0.000000e+00 -0.000000e+00 1.000000e+00
    outer loop
      vertex   -7.092558e+01 -8.424891e+01 9.394975e+01
      vertex   -6.997535e+01 -7.789613e+01 9.394975e+01
      vertex   -7.138358e+01 -7.800944e+01 9.394975e+01
    endloop
  endfacet
  facet normal 0.000000e+00 0.000000e+00 1.000000e+00
    outer loop
      vertex   -7.092558e+01 -8.424891e+01 9.394975e+01
      vertex   -7.138358e+01 -7.800944e+01 9.394975e+01
      vertex   -7.267005e+01 -8.422716e+01 9.394975e+01
    endloop
  endfacet
  facet normal 0.000000e+00 -0.000000e+00 1.000000e+00
    outer loop
      vertex   -7.267005e+01 -8.422716e+01 9.394975e+01
      vertex   -7.138358e+01 -7.800944e+01 9.394975e+01
      vertex   -7.279491e+01 -7.794535e+01 9.394975e+01
    endloop
  endfacet
  facet normal 0.000000e+00 0.000000e+00 1.000000e+00
    outer loop
      vertex   -7.267005e+01 -8.422716e+01 9.394975e+01
      vertex   -7.279491e+01 -7.794535e+01 9.394975e+01
      vertex   -7.440368e+01 -8.403183e+01 9.394975e+01
    endloop
  endfacet
  facet normal 0.000000e+00 0.000000e+00 1.000000e+00
    outer loop
      vertex   -7.440368e+01 -8.403183e+01 9.394975e+01
      vertex   -7.279491e+01 -7.794535e+01 9.394975e+01
      vertex   -7.418709e+01 -7.770488e+01 9.394975e+01
    endloop
  endfacet
  facet normal 0.000000e+00 -0.000000e+00 1.000000e+00
    outer loop
      vertex   -7.440368e+01 -8.403183e+01 9.394975e+01
      vertex   -7.418709e+01 -7.770488e+01 9.394975e+01
      vertex   -7.610925e+01 -8.366485e+01 9.394975e+01
    endloop
  endfacet
  facet normal 0.000000e+00 0.000000e+00 1.000000e+00
    outer loop
      vertex   -7.610925e+01 -8.366485e+01 9.394975e+01
      vertex   -7.418709e+01 -7.770488e+01 9.394975e+01
      vertex   -7.553814e+01 -7.729182e+01 9.394975e+01
    endloop
  endfacet
  facet normal -8.317741e-15 7.453885e-16 1.000000e+00
    outer loop
      vertex   -7.610925e+01 -8.366485e+01 9.394975e+01
      vertex   -7.553814e+01 -7.729182e+01 9.394975e+01
      vertex   -7.776981e+01 -8.312988e+01 9.394975e+01
    endloop
  endfacet
  facet normal -9.102145e-16 -2.086234e-15 1.000000e+00
    outer loop
      vertex   -7.776981e+01 -8.312988e+01 9.394975e+01
      vertex   -7.553814e+01 -7.729182e+01 9.394975e+01
      vertex   -7.936885e+01 -8.243222e+01 9.394975e+01
    endloop
  endfacet
  facet normal -9.307223e-16 -2.070951e-15 1.000000e+00
    outer loop
      vertex   -7.936885e+01 -8.243222e+01 9.394975e+01
      vertex   -7.553814e+01 -7.729182e+01 9.394975e+01
      vertex   -7.682677e+01 -7.671269e+01 9.394975e+01
    endloop
  endfacet
  facet normal -1.115440e-15 -1.988852e-15 1.000000e+00
    outer loop
      vertex   -7.936885e+01 -8.243222e+01 9.394975e+01
      vertex   -7.682677e+01 -7.671269e+01 9.394975e+01
      vertex   -8.089048e+01 -8.157882e+01 9.394975e+01
    endloop
  endfacet
  facet normal -1.180723e-15 -1.934334e-15 1.000000e+00
    outer loop
      vertex   -8.089048e+01 -8.157882e+01 9.394975e+01
      vertex   -7.682677e+01 -7.671269e+01 9.394975e+01
      vertex   -7.803266e+01 -7.597661e+01 9.394975e+01
    endloop
  endfacet
  facet normal -1.308717e-15 -1.869042e-15 1.000000e+00
    outer loop
      vertex   -8.089048e+01 -8.157882e+01 9.394975e+01
      vertex   -7.803266e+01 -7.597661e+01 9.394975e+01
      vertex   -8.231958e+01 -8.057816e+01 9.394975e+01
    endloop
  endfacet
  facet normal -1.413849e-15 -1.771098e-15 1.000000e+00
    outer loop
      vertex   -8.231958e+01 -8.057816e+01 9.394975e+01
      vertex   -7.803266e+01 -7.597661e+01 9.394975e+01
      vertex   -7.913678e+01 -7.509520e+01 9.394975e+01
    endloop
  endfacet
  facet normal -1.487407e-15 -1.728398e-15 1.000000e+00
    outer loop
      vertex   -8.231958e+01 -8.057816e+01 9.394975e+01
      vertex   -7.913678e+01 -7.509520e+01 9.394975e+01
      vertex   -8.364194e+01 -7.944017e+01 9.394975e+01
    endloop
  endfacet
  facet normal -1.627732e-15 -1.582900e-15 1.000000e+00
    outer loop
      vertex   -8.364194e+01 -7.944017e+01 9.394975e+01
      vertex   -7.913678e+01 -7.509520e+01 9.394975e+01
      vertex   -8.012172e+01 -7.408236e+01 9.394975e+01
    endloop
  endfacet
  facet normal -1.649107e-15 -1.568856e-15 1.000000e+00
    outer loop
      vertex   -8.364194e+01 -7.944017e+01 9.394975e+01
      vertex   -8.012172e+01 -7.408236e+01 9.394975e+01
      vertex   -8.484443e+01 -7.817618e+01 9.394975e+01
    endloop
  endfacet
  facet normal 3.545271e-15 -7.561182e-15 1.000000e+00
    outer loop
      vertex   -8.484443e+01 -7.817618e+01 9.394975e+01
      vertex   -8.012172e+01 -7.408236e+01 9.394975e+01
      vertex   -8.591508e+01 -7.679874e+01 9.394975e+01
    endloop
  endfacet
  facet normal 0.000000e+00 0.000000e+00 1.000000e+00
    outer loop
      vertex   -8.591508e+01 -7.679874e+01 9.394975e+01
      vertex   -8.012172e+01 -7.408236e+01 9.394975e+01
      vertex   -8.097196e+01 -7.295406e+01 9.394975e+01
    endloop
  endfacet
  facet normal 0.000000e+00 -0.000000e+00 1.000000e+00
    outer loop
      vertex   -8.591508e+01 -7.679874e+01 9.394975e+01
      vertex   -8.097196e+01 -7.295406e+01 9.394975e+01
      vertex   -8.684327e+01 -7.532154e+01 9.394975e+01
    endloop
  endfacet
  facet normal 0.000000e+00 0.000000e+00 1.000000e+00
    outer loop
      vertex   -8.684327e+01 -7.532154e+01 9.394975e+01
      vertex   -8.097196e+01 -7.295406e+01 9.394975e+01
      vertex   -8.167408e+01 -7.172809e+01 9.394975e+01
    endloop
  endfacet
  facet normal 0.000000e+00 -0.000000e+00 1.000000e+00
    outer loop
      vertex   -8.684327e+01 -7.532154e+01 9.394975e+01
      vertex   -8.167408e+01 -7.172809e+01 9.394975e+01
      vertex   -8.761976e+01 -7.375926e+01 9.394975e+01
    endloop
  endfacet
  facet normal 0.000000e+00 0.000000e+00 1.000000e+00
    outer loop
      vertex   -8.761976e+01 -7.375926e+01 9.394975e+01
      vertex   -8.167408e+01 -7.172809e+01 9.394975e+01
      vertex   -8.221701e+01 -7.042379e+01 9.394975e+01
    endloop
  endfacet
  facet normal 0.000000e+00 -0.000000e+00 1.000000e+00
    outer loop
      vertex   -8.761976e+01 -7.375926e+01 9.394975e+01
      vertex   -8.221701e+01 -7.042379e+01 9.394975e+01
      vertex   -8.823684e+01 -7.212743e+01 9.394975e+01
    endloop
  endfacet
  facet normal 0.000000e+00 0.000000e+00 1.000000e+00
    outer loop
      vertex   -8.823684e+01 -7.212743e+01 9.394975e+01
      vertex   -8.221701e+01 -7.042379e+01 9.394975e+01
      vertex   -8.259218e+01 -6.906173e+01 9.394975e+01
    endloop
  endfacet
  facet normal 0.000000e+00 -0.000000e+00 1.000000e+00
    outer loop
      vertex   -8.823684e+01 -7.212743e+01 9.394975e+01
      vertex   -8.259218e+01 -6.906173e+01 9.394975e+01
      vertex   -8.868838e+01 -7.044227e+01 9.394975e+01
    endloop
  endfacet
  facet normal 0.000000e+00 -0.000000e+00 1.000000e+00
    outer loop
      vertex   -8.868838e+01 -7.044227e+01 9.394975e+01
      vertex   -8.259218e+01 -6.906173e+01 9.394975e+01
      vertex   -8.896989e+01 -6.872053e+01 9.394975e+01
    endloop
  endfacet
  facet normal -0.000000e+00 0.000000e+00 1.000000e+00
    outer loop
      vertex   -8.896989e+01 -6.872053e+01 9.394975e+01
      vertex   -8.259218e+01 -6.906173e+01 9.394975e+01
      vertex   -8.279368e+01 -6.766339e+01 9.394975e+01
    endloop
  endfacet
  facet normal 0.000000e+00 -0.000000e+00 1.000000e+00
    outer loop
      vertex   -8.896989e+01 -6.872053e+01 9.394975e+01
      vertex   -8.279368e+01 -6.766339e+01 9.394975e+01
      vertex   -8.907856e+01 -6.697931e+01 9.394975e+01
    endloop
  endfacet
  facet normal -0.000000e+00 0.000000e+00 1.000000e+00
    outer loop
      vertex   -8.907856e+01 -6.697931e+01 9.394975e+01
      vertex   -8.279368e+01 -6.766339e+01 9.394975e+01
      vertex   -8.281834e+01 -6.625082e+01 9.394975e+01
    endloop
  endfacet
  facet normal 0.000000e+00 0.000000e+00 1.000000e+00
    outer loop
      vertex   -8.907856e+01 -6.697931e+01 9.394975e+01
      vertex   -8.281834e+01 -6.625082e+01 9.394975e+01
      vertex   -8.901333e+01 -6.523592e+01 9.394975e+01
    endloop
  endfacet
  facet normal -0.000000e+00 0.000000e+00 1.000000e+00
    outer loop
      vertex   -8.901333e+01 -6.523592e+01 9.394975e+01
      vertex   -8.281834e+01 -6.625082e+01 9.394975e+01
      vertex   -8.266576e+01 -6.484629e+01 9.394975e+01
    endloop
  endfacet
  facet normal 0.000000e+00 0.000000e+00 1.000000e+00
    outer loop
      vertex   -8.901333e+01 -6.523592e+01 9.394975e+01
      vertex   -8.266576e+01 -6.484629e+01 9.394975e+01
      vertex   -8.877483e+01 -6.350770e+01 9.394975e+01
    endloop
  endfacet
  facet normal -0.000000e+00 0.000000e+00 1.000000e+00
    outer loop
      vertex   -8.877483e+01 -6.350770e+01 9.394975e+01
      vertex   -8.266576e+01 -6.484629e+01 9.394975e+01
      vertex   -8.233835e+01 -6.347197e+01 9.394975e+01
    endloop
  endfacet
  facet normal 0.000000e+00 0.000000e+00 1.000000e+00
    outer loop
      vertex   -8.877483e+01 -6.350770e+01 9.394975e+01
      vertex   -8.233835e+01 -6.347197e+01 9.394975e+01
      vertex   -8.836545e+01 -6.181180e+01 9.394975e+01
    endloop
  endfacet
  facet normal -0.000000e+00 0.000000e+00 1.000000e+00
    outer loop
      vertex   -8.836545e+01 -6.181180e+01 9.394975e+01
      vertex   -8.233835e+01 -6.347197e+01 9.394975e+01
      vertex   -8.778924e+01 -6.016510e+01 9.394975e+01
    endloop
  endfacet
  facet normal 0.000000e+00 0.000000e+00 1.000000e+00
    outer loop
      vertex   -8.778924e+01 -6.016510e+01 9.394975e+01
      vertex   -8.233835e+01 -6.347197e+01 9.394975e+01
      vertex   -8.184127e+01 -6.214952e+01 9.394975e+01
    endloop
  endfacet
  facet normal -0.000000e+00 0.000000e+00 1.000000e+00
    outer loop
      vertex   -8.778924e+01 -6.016510e+01 9.394975e+01
      vertex   -8.184127e+01 -6.214952e+01 9.394975e+01
      vertex   -8.705194e+01 -5.858395e+01 9.394975e+01
    endloop
  endfacet
  facet normal 0.000000e+00 0.000000e+00 1.000000e+00
    outer loop
      vertex   -8.705194e+01 -5.858395e+01 9.394975e+01
      vertex   -8.184127e+01 -6.214952e+01 9.394975e+01
      vertex   -8.118237e+01 -6.089979e+01 9.394975e+01
    endloop
  endfacet
  facet normal -0.000000e+00 0.000000e+00 1.000000e+00
    outer loop
      vertex   -8.705194e+01 -5.858395e+01 9.394975e+01
      vertex   -8.118237e+01 -6.089979e+01 9.394975e+01
      vertex   -8.616087e+01 -5.708407e+01 9.394975e+01
    endloop
  endfacet
  facet normal 0.000000e+00 0.000000e+00 1.000000e+00
    outer loop
      vertex   -8.616087e+01 -5.708407e+01 9.394975e+01
      vertex   -8.118237e+01 -6.089979e+01 9.394975e+01
      vertex   -8.037203e+01 -5.974250e+01 9.394975e+01
    endloop
  endfacet
  facet normal -0.000000e+00 0.000000e+00 1.000000e+00
    outer loop
      vertex   -8.616087e+01 -5.708407e+01 9.394975e+01
      vertex   -8.037203e+01 -5.974250e+01 9.394975e+01
      vertex   -8.512489e+01 -5.568036e+01 9.394975e+01
    endloop
  endfacet
  facet normal -0.000000e+00 0.000000e+00 1.000000e+00
    outer loop
      vertex   -8.512489e+01 -5.568036e+01 9.394975e+01
      vertex   -8.037203e+01 -5.974250e+01 9.394975e+01
      vertex   -8.395429e+01 -5.438678e+01 9.394975e+01
    endloop
  endfacet
  facet normal 0.000000e+00 0.000000e+00 1.000000e+00
    outer loop
      vertex   -8.395429e+01 -5.438678e+01 9.394975e+01
      vertex   -8.037203e+01 -5.974250e+01 9.394975e+01
      vertex   -7.942303e+01 -5.869590e+01 9.394975e+01
    endloop
  endfacet
  facet normal -0.000000e+00 0.000000e+00 1.000000e+00
    outer loop
      vertex   -8.395429e+01 -5.438678e+01 9.394975e+01
      vertex   -7.942303e+01 -5.869590e+01 9.394975e+01
      vertex   -8.266071e+01 -5.321618e+01 9.394975e+01
    endloop
  endfacet
  facet normal 0.000000e+00 0.000000e+00 1.000000e+00
    outer loop
      vertex   -8.266071e+01 -5.321618e+01 9.394975e+01
      vertex   -7.942303e+01 -5.869590e+01 9.394975e+01
      vertex   -7.835034e+01 -5.777650e+01 9.394975e+01
    endloop
  endfacet
  facet normal -0.000000e+00 0.000000e+00 1.000000e+00
    outer loop
      vertex   -8.266071e+01 -5.321618e+01 9.394975e+01
      vertex   -7.835034e+01 -5.777650e+01 9.394975e+01
      vertex   -8.125700e+01 -5.218020e+01 9.394975e+01
    endloop
  endfacet
  facet normal 0.000000e+00 0.000000e+00 1.000000e+00
    outer loop
      vertex   -8.125700e+01 -5.218020e+01 9.394975e+01
      vertex   -7.835034e+01 -5.777650e+01 9.394975e+01
      vertex   -7.717088e+01 -5.699879e+01 9.394975e+01
    endloop
  endfacet
  facet normal -0.000000e+00 0.000000e+00 1.000000e+00
    outer loop
      vertex   -8.125700e+01 -5.218020e+01 9.394975e+01
      vertex   -7.717088e+01 -5.699879e+01 9.394975e+01
      vertex   -7.975712e+01 -5.128913e+01 9.394975e+01
    endloop
  endfacet
  facet normal 0.000000e+00 0.000000e+00 1.000000e+00
    outer loop
      vertex   -7.975712e+01 -5.128913e+01 9.394975e+01
      vertex   -7.717088e+01 -5.699879e+01 9.394975e+01
      vertex   -7.590324e+01 -5.637503e+01 9.394975e+01
    endloop
  endfacet
  facet normal -0.000000e+00 0.000000e+00 1.000000e+00
    outer loop
      vertex   -7.975712e+01 -5.128913e+01 9.394975e+01
      vertex   -7.590324e+01 -5.637503e+01 9.394975e+01
      vertex   -7.817597e+01 -5.055183e+01 9.394975e+01
    endloop
  endfacet
  facet normal -0.000000e+00 0.000000e+00 1.000000e+00
    outer loop
      vertex   -7.817597e+01 -5.055183e+01 9.394975e+01
      vertex   -7.590324e+01 -5.637503e+01 9.394975e+01
      vertex   -7.652927e+01 -4.997562e+01 9.394975e+01
    endloop
  endfacet
  facet normal 0.000000e+00 0.000000e+00 1.000000e+00
    outer loop
      vertex   -7.652927e+01 -4.997562e+01 9.394975e+01
      vertex   -7.590324e+01 -5.637503e+01 9.394975e+01
      vertex   -7.456743e+01 -5.591508e+01 9.394975e+01
    endloop
  endfacet
  facet normal -0.000000e+00 0.000000e+00 1.000000e+00
    outer loop
      vertex   -7.652927e+01 -4.997562e+01 9.394975e+01
      vertex   -7.456743e+01 -5.591508e+01 9.394975e+01
      vertex   -7.483337e+01 -4.956624e+01 9.394975e+01
    endloop
  endfacet
  facet normal 0.000000e+00 0.000000e+00 1.000000e+00
    outer loop
      vertex   -7.483337e+01 -4.956624e+01 9.394975e+01
      vertex   -7.456743e+01 -5.591508e+01 9.394975e+01
      vertex   -7.318450e+01 -5.562617e+01 9.394975e+01
    endloop
  endfacet
  facet normal -0.000000e+00 0.000000e+00 1.000000e+00
    outer loop
      vertex   -7.483337e+01 -4.956624e+01 9.394975e+01
      vertex   -7.318450e+01 -5.562617e+01 9.394975e+01
      vertex   -7.310515e+01 -4.932774e+01 9.394975e+01
    endloop
  endfacet
  facet normal 0.000000e+00 0.000000e+00 1.000000e+00
    outer loop
      vertex   -7.310515e+01 -4.932774e+01 9.394975e+01
      vertex   -7.318450e+01 -5.562617e+01 9.394975e+01
      vertex   -7.177626e+01 -5.551286e+01 9.394975e+01
    endloop
  endfacet
  facet normal -0.000000e+00 0.000000e+00 1.000000e+00
    outer loop
      vertex   -7.310515e+01 -4.932774e+01 9.394975e+01
      vertex   -7.177626e+01 -5.551286e+01 9.394975e+01
      vertex   -7.136176e+01 -4.926251e+01 9.394975e+01
    endloop
  endfacet
  facet normal 0.000000e+00 0.000000e+00 1.000000e+00
    outer loop
      vertex   -7.136176e+01 -4.926251e+01 9.394975e+01
      vertex   -7.177626e+01 -5.551286e+01 9.394975e+01
      vertex   -7.036493e+01 -5.557695e+01 9.394975e+01
    endloop
  endfacet
  facet normal 0.000000e+00 0.000000e+00 1.000000e+00
    outer loop
      vertex   -7.136176e+01 -4.926251e+01 9.394975e+01
      vertex   -7.036493e+01 -5.557695e+01 9.394975e+01
      vertex   -6.962054e+01 -4.937119e+01 9.394975e+01
    endloop
  endfacet
  facet normal 0.000000e+00 0.000000e+00 1.000000e+00
    outer loop
      vertex   -6.962054e+01 -4.937119e+01 9.394975e+01
      vertex   -7.036493e+01 -5.557695e+01 9.394975e+01
      vertex   -6.789880e+01 -4.965269e+01 9.394975e+01
    endloop
  endfacet
  facet normal 0.000000e+00 0.000000e+00 1.000000e+00
    outer loop
      vertex   -6.789880e+01 -4.965269e+01 9.394975e+01
      vertex   -7.036493e+01 -5.557695e+01 9.394975e+01
      vertex   -6.897276e+01 -5.581742e+01 9.394975e+01
    endloop
  endfacet
  facet normal -8.056851e-15 1.403586e-15 1.000000e+00
    outer loop
      vertex   -6.789880e+01 -4.965269e+01 9.394975e+01
      vertex   -6.897276e+01 -5.581742e+01 9.394975e+01
      vertex   -6.621364e+01 -5.010423e+01 9.394975e+01
    endloop
  endfacet
  facet normal -6.626303e-16 -2.167366e-15 1.000000e+00
    outer loop
      vertex   -6.621364e+01 -5.010423e+01 9.394975e+01
      vertex   -6.897276e+01 -5.581742e+01 9.394975e+01
      vertex   -6.762170e+01 -5.623048e+01 9.394975e+01
    endloop
  endfacet
  facet normal -8.070452e-16 -2.134174e-15 1.000000e+00
    outer loop
      vertex   -6.621364e+01 -5.010423e+01 9.394975e+01
      vertex   -6.762170e+01 -5.623048e+01 9.394975e+01
      vertex   -6.458181e+01 -5.072131e+01 9.394975e+01
    endloop
  endfacet
  facet normal -9.289142e-16 -2.066928e-15 1.000000e+00
    outer loop
      vertex   -6.458181e+01 -5.072131e+01 9.394975e+01
      vertex   -6.762170e+01 -5.623048e+01 9.394975e+01
      vertex   -6.633307e+01 -5.680961e+01 9.394975e+01
    endloop
  endfacet
  facet normal -1.015008e-15 -2.042163e-15 1.000000e+00
    outer loop
      vertex   -6.458181e+01 -5.072131e+01 9.394975e+01
      vertex   -6.633307e+01 -5.680961e+01 9.394975e+01
      vertex   -6.301953e+01 -5.149780e+01 9.394975e+01
    endloop
  endfacet
  facet normal -9.717467e-15 3.386480e-15 1.000000e+00
    outer loop
      vertex   -6.301953e+01 -5.149780e+01 9.394975e+01
      vertex   -6.633307e+01 -5.680961e+01 9.394975e+01
      vertex   -6.512719e+01 -5.754569e+01 9.394975e+01
    endloop
  endfacet
  facet normal -8.925420e-01 -4.509644e-01 9.059846e-16
    outer loop
      vertex   -4.308513e+01 -1.561439e+02 7.894975e+01
      vertex   -4.244600e+01 -1.574089e+02 7.894975e+01
      vertex   -4.308513e+01 -1.561439e+02 8.594975e+01
    endloop
  endfacet
  facet normal -8.909898e-01 -4.540228e-01 6.943997e-04
    outer loop
      vertex   -4.308513e+01 -1.561439e+02 8.594975e+01
      vertex   -4.244600e+01 -1.574089e+02 7.894975e+01
      vertex   -4.238094e+01 -1.575272e+02 8.507475e+01
    endloop
  endfacet
  facet normal -8.941782e-01 -4.475476e-01 -1.210811e-02
    outer loop
      vertex   -4.308513e+01 -1.561439e+02 8.594975e+01
      vertex   -4.238094e+01 -1.575272e+02 8.507475e+01
      vertex   -4.252724e+01 -1.572586e+02 8.594975e+01
    endloop
  endfacet
  facet normal -8.678559e-01 -4.967609e-01 7.402737e-03
    outer loop
      vertex   -4.252724e+01 -1.572586e+02 8.594975e+01
      vertex   -4.238094e+01 -1.575272e+02 8.507475e+01
      vertex   -4.190703e+01 -1.583421e+02 8.594975e+01
    endloop
  endfacet
  facet normal -8.567040e-01 -5.155558e-01 -1.614110e-02
    outer loop
      vertex   -4.190703e+01 -1.583421e+02 8.594975e+01
      vertex   -4.238094e+01 -1.575272e+02 8.507475e+01
      vertex   -4.155518e+01 -1.588994e+02 8.507475e+01
    endloop
  endfacet
  facet normal -8.382082e-01 -5.452548e-01 1.021083e-02
    outer loop
      vertex   -4.190703e+01 -1.583421e+02 8.594975e+01
      vertex   -4.155518e+01 -1.588994e+02 8.507475e+01
      vertex   -4.122665e+01 -1.593880e+02 8.594975e+01
    endloop
  endfacet
  facet normal -8.158001e-01 -5.780973e-01 -1.654376e-02
    outer loop
      vertex   -4.122665e+01 -1.593880e+02 8.594975e+01
      vertex   -4.155518e+01 -1.588994e+02 8.507475e+01
      vertex   -4.061111e+01 -1.602316e+02 8.507475e+01
    endloop
  endfacet
  facet normal -8.049586e-01 -5.933031e-01 5.743242e-03
    outer loop
      vertex   -4.122665e+01 -1.593880e+02 8.594975e+01
      vertex   -4.061111e+01 -1.602316e+02 8.507475e+01
      vertex   -4.048803e+01 -1.603902e+02 8.594975e+01
    endloop
  endfacet
  facet normal -7.673636e-01 -6.411595e-01 -8.215465e-03
    outer loop
      vertex   -4.048803e+01 -1.603902e+02 8.594975e+01
      vertex   -4.061111e+01 -1.602316e+02 8.507475e+01
      vertex   -3.955728e+01 -1.614929e+02 8.507475e+01
    endloop
  endfacet
  facet normal -7.673674e-01 -6.411549e-01 -8.225275e-03
    outer loop
      vertex   -4.048803e+01 -1.603902e+02 8.594975e+01
      vertex   -3.955728e+01 -1.614929e+02 8.507475e+01
      vertex   -3.968825e+01 -1.613474e+02 8.594975e+01
    endloop
  endfacet
  facet normal -7.245613e-01 -6.891828e-01 6.170145e-03
    outer loop
      vertex   -3.968825e+01 -1.613474e+02 8.594975e+01
      vertex   -3.955728e+01 -1.614929e+02 8.507475e+01
      vertex   -3.882784e+01 -1.622519e+02 8.594975e+01
    endloop
  endfacet
  facet normal -7.097991e-01 -7.041448e-01 -1.911531e-02
    outer loop
      vertex   -3.882784e+01 -1.622519e+02 8.594975e+01
      vertex   -3.955728e+01 -1.614929e+02 8.507475e+01
      vertex   -3.840777e+01 -1.626516e+02 8.507475e+01
    endloop
  endfacet
  facet normal -6.754133e-01 -7.373326e-01 1.255268e-02
    outer loop
      vertex   -3.882784e+01 -1.622519e+02 8.594975e+01
      vertex   -3.840777e+01 -1.626516e+02 8.507475e+01
      vertex   -3.790930e+01 -1.630933e+02 8.594975e+01
    endloop
  endfacet
  facet normal -6.418104e-01 -7.665662e-01 -2.134766e-02
    outer loop
      vertex   -3.790930e+01 -1.630933e+02 8.594975e+01
      vertex   -3.840777e+01 -1.626516e+02 8.507475e+01
      vertex   -3.718192e+01 -1.636780e+02 8.507475e+01
    endloop
  endfacet
  facet normal -6.188584e-01 -7.854345e-01 1.033928e-02
    outer loop
      vertex   -3.790930e+01 -1.630933e+02 8.594975e+01
      vertex   -3.718192e+01 -1.636780e+02 8.507475e+01
      vertex   -3.693387e+01 -1.638619e+02 8.594975e+01
    endloop
  endfacet
  facet normal -5.616506e-01 -8.272445e-01 -1.466674e-02
    outer loop
      vertex   -3.693387e+01 -1.638619e+02 8.594975e+01
      vertex   -3.718192e+01 -1.636780e+02 8.507475e+01
      vertex   -3.590336e+01 -1.645461e+02 8.507475e+01
    endloop
  endfacet
  facet normal -5.529455e-01 -8.332174e-01 2.555752e-04
    outer loop
      vertex   -3.693387e+01 -1.638619e+02 8.594975e+01
      vertex   -3.590336e+01 -1.645461e+02 8.507475e+01
      vertex   -3.589699e+01 -1.645500e+02 8.594975e+01
    endloop
  endfacet
  facet normal -4.923815e-01 -8.703794e-01 -3.528269e-04
    outer loop
      vertex   -3.589699e+01 -1.645500e+02 8.594975e+01
      vertex   -3.590336e+01 -1.645461e+02 8.507475e+01
      vertex   -3.525253e+01 -1.649142e+02 8.507475e+01
    endloop
  endfacet
  facet normal -4.750584e-01 -8.798027e-01 1.632868e-02
    outer loop
      vertex   -3.589699e+01 -1.645500e+02 8.594975e+01
      vertex   -3.525253e+01 -1.649142e+02 8.507475e+01
      vertex   -3.480361e+01 -1.651404e+02 8.594975e+01
    endloop
  endfacet
  facet normal -4.414180e-01 -8.972850e-01 -5.449022e-03
    outer loop
      vertex   -3.480361e+01 -1.651404e+02 8.594975e+01
      vertex   -3.525253e+01 -1.649142e+02 8.507475e+01
      vertex   -3.459859e+01 -1.652359e+02 8.507475e+01
    endloop
  endfacet
  facet normal -3.829457e-01 -9.237037e-01 1.113646e-02
    outer loop
      vertex   -3.480361e+01 -1.651404e+02 8.594975e+01
      vertex   -3.459859e+01 -1.652359e+02 8.507475e+01
      vertex   -3.366049e+01 -1.656143e+02 8.594975e+01
    endloop
  endfacet
  facet normal -3.727246e-01 -9.279405e-01 -1.653752e-03
    outer loop
      vertex   -3.366049e+01 -1.656143e+02 8.594975e+01
      vertex   -3.459859e+01 -1.652359e+02 8.507475e+01
      vertex   -3.363064e+01 -1.656247e+02 8.507475e+01
    endloop
  endfacet
  facet normal -2.825955e-01 -9.592375e-01 1.794915e-03
    outer loop
      vertex   -3.366049e+01 -1.656143e+02 8.594975e+01
      vertex   -3.363064e+01 -1.656247e+02 8.507475e+01
      vertex   -3.267448e+01 -1.659064e+02 8.507475e+01
    endloop
  endfacet
  facet normal -2.825960e-01 -9.592390e-01 4.589635e-15
    outer loop
      vertex   -3.267448e+01 -1.659064e+02 8.507475e+01
      vertex   -3.363064e+01 -1.656247e+02 8.507475e+01
      vertex   -3.267448e+01 -1.659064e+02 8.419975e+01
    endloop
  endfacet
  facet normal -1.840593e-01 -9.829151e-01 2.989303e-15
    outer loop
      vertex   -3.267448e+01 -1.659064e+02 8.507475e+01
      vertex   -3.267448e+01 -1.659064e+02 8.419975e+01
      vertex   -3.174048e+01 -1.660813e+02 8.419975e+01
    endloop
  endfacet
  facet normal -1.840593e-01 -9.829151e-01 7.473258e-16
    outer loop
      vertex   -3.174048e+01 -1.660813e+02 8.419975e+01
      vertex   -3.267448e+01 -1.659064e+02 8.419975e+01
      vertex   -3.174048e+01 -1.660813e+02 8.332475e+01
    endloop
  endfacet
  facet normal -7.817827e-02 -9.969394e-01 3.174228e-16
    outer loop
      vertex   -3.174048e+01 -1.660813e+02 8.419975e+01
      vertex   -3.174048e+01 -1.660813e+02 8.332475e+01
      vertex   -3.083800e+01 -1.661521e+02 8.332475e+01
    endloop
  endfacet
  facet normal -7.817827e-02 -9.969394e-01 -3.174228e-16
    outer loop
      vertex   -3.083800e+01 -1.661521e+02 8.332475e+01
      vertex   -3.174048e+01 -1.660813e+02 8.332475e+01
      vertex   -3.083800e+01 -1.661521e+02 8.244975e+01
    endloop
  endfacet
  facet normal 3.314351e-02 -9.994506e-01 1.345708e-16
    outer loop
      vertex   -3.083800e+01 -1.661521e+02 8.332475e+01
      vertex   -3.083800e+01 -1.661521e+02 8.244975e+01
      vertex   -2.997512e+01 -1.661235e+02 8.244975e+01
    endloop
  endfacet
  facet normal 3.314351e-02 -9.994506e-01 0.000000e+00
    outer loop
      vertex   -2.997512e+01 -1.661235e+02 8.244975e+01
      vertex   -3.083800e+01 -1.661521e+02 8.244975e+01
      vertex   -2.997512e+01 -1.661235e+02 8.069975e+01
    endloop
  endfacet
  facet normal 1.471855e-01 -9.891089e-01 0.000000e+00
    outer loop
      vertex   -2.997512e+01 -1.661235e+02 8.244975e+01
      vertex   -2.997512e+01 -1.661235e+02 8.069975e+01
      vertex   -2.915847e+01 -1.660020e+02 8.069975e+01
    endloop
  endfacet
  facet normal 1.471844e-01 -9.891010e-01 3.993990e-03
    outer loop
      vertex   -2.915847e+01 -1.660020e+02 8.069975e+01
      vertex   -2.997512e+01 -1.661235e+02 8.069975e+01
      vertex   -2.982755e+01 -1.661086e+02 7.894975e+01
    endloop
  endfacet
  facet normal 1.490804e-01 -9.888197e-01 3.251933e-03
    outer loop
      vertex   -2.915847e+01 -1.660020e+02 8.069975e+01
      vertex   -2.982755e+01 -1.661086e+02 7.894975e+01
      vertex   -2.927505e+01 -1.660253e+02 7.894975e+01
    endloop
  endfacet
  facet normal -8.622521e-01 -5.064746e-01 -2.184399e-03
    outer loop
      vertex   -4.173480e+01 -1.586197e+02 7.894975e+01
      vertex   -4.238094e+01 -1.575272e+02 8.069975e+01
      vertex   -4.244600e+01 -1.574089e+02 7.894975e+01
    endloop
  endfacet
  facet normal -8.762470e-01 -4.818623e-01 0.000000e+00
    outer loop
      vertex   -4.244600e+01 -1.574089e+02 7.894975e+01
      vertex   -4.238094e+01 -1.575272e+02 8.069975e+01
      vertex   -4.238094e+01 -1.575272e+02 8.244975e+01
    endloop
  endfacet
  facet normal -8.762470e-01 -4.818623e-01 0.000000e+00
    outer loop
      vertex   -4.244600e+01 -1.574089e+02 7.894975e+01
      vertex   -4.238094e+01 -1.575272e+02 8.244975e+01
      vertex   -4.238094e+01 -1.575272e+02 8.332475e+01
    endloop
  endfacet
  facet normal -8.568156e-01 -5.156230e-01 -0.000000e+00
    outer loop
      vertex   -4.238094e+01 -1.575272e+02 8.332475e+01
      vertex   -4.238094e+01 -1.575272e+02 8.244975e+01
      vertex   -4.155518e+01 -1.588994e+02 8.244975e+01
    endloop
  endfacet
  facet normal -8.568156e-01 -5.156230e-01 0.000000e+00
    outer loop
      vertex   -4.238094e+01 -1.575272e+02 8.332475e+01
      vertex   -4.155518e+01 -1.588994e+02 8.244975e+01
      vertex   -4.155518e+01 -1.588994e+02 8.332475e+01
    endloop
  endfacet
  facet normal -8.159118e-01 -5.781764e-01 -0.000000e+00
    outer loop
      vertex   -4.155518e+01 -1.588994e+02 8.332475e+01
      vertex   -4.155518e+01 -1.588994e+02 8.244975e+01
      vertex   -4.061111e+01 -1.602316e+02 8.244975e+01
    endloop
  endfacet
  facet normal -8.159118e-01 -5.781764e-01 0.000000e+00
    outer loop
      vertex   -4.155518e+01 -1.588994e+02 8.332475e+01
      vertex   -4.061111e+01 -1.602316e+02 8.244975e+01
      vertex   -4.061111e+01 -1.602316e+02 8.332475e+01
    endloop
  endfacet
  facet normal -7.673895e-01 -6.411812e-01 -0.000000e+00
    outer loop
      vertex   -4.061111e+01 -1.602316e+02 8.332475e+01
      vertex   -4.061111e+01 -1.602316e+02 8.244975e+01
      vertex   -3.955728e+01 -1.614929e+02 8.244975e+01
    endloop
  endfacet
  facet normal -7.673895e-01 -6.411812e-01 -6.330291e-15
    outer loop
      vertex   -4.061111e+01 -1.602316e+02 8.332475e+01
      vertex   -3.955728e+01 -1.614929e+02 8.244975e+01
      vertex   -3.955728e+01 -1.614929e+02 8.332475e+01
    endloop
  endfacet
  facet normal -7.099288e-01 -7.042735e-01 -5.764969e-15
    outer loop
      vertex   -3.955728e+01 -1.614929e+02 8.332475e+01
      vertex   -3.955728e+01 -1.614929e+02 8.244975e+01
      vertex   -3.840777e+01 -1.626516e+02 8.244975e+01
    endloop
  endfacet
  facet normal -7.099288e-01 -7.042735e-01 0.000000e+00
    outer loop
      vertex   -3.955728e+01 -1.614929e+02 8.332475e+01
      vertex   -3.840777e+01 -1.626516e+02 8.244975e+01
      vertex   -3.840777e+01 -1.626516e+02 8.332475e+01
    endloop
  endfacet
  facet normal -6.419567e-01 -7.667409e-01 -0.000000e+00
    outer loop
      vertex   -3.840777e+01 -1.626516e+02 8.332475e+01
      vertex   -3.840777e+01 -1.626516e+02 8.244975e+01
      vertex   -3.718192e+01 -1.636780e+02 8.244975e+01
    endloop
  endfacet
  facet normal -6.419567e-01 -7.667409e-01 0.000000e+00
    outer loop
      vertex   -3.840777e+01 -1.626516e+02 8.332475e+01
      vertex   -3.718192e+01 -1.636780e+02 8.244975e+01
      vertex   -3.718192e+01 -1.636780e+02 8.332475e+01
    endloop
  endfacet
  facet normal -5.617110e-01 -8.273335e-01 -0.000000e+00
    outer loop
      vertex   -3.718192e+01 -1.636780e+02 8.332475e+01
      vertex   -3.718192e+01 -1.636780e+02 8.244975e+01
      vertex   -3.590336e+01 -1.645461e+02 8.244975e+01
    endloop
  endfacet
  facet normal -5.617110e-01 -8.273335e-01 0.000000e+00
    outer loop
      vertex   -3.718192e+01 -1.636780e+02 8.332475e+01
      vertex   -3.590336e+01 -1.645461e+02 8.244975e+01
      vertex   -3.590336e+01 -1.645461e+02 8.332475e+01
    endloop
  endfacet
  facet normal -4.923815e-01 -8.703795e-01 -0.000000e+00
    outer loop
      vertex   -3.590336e+01 -1.645461e+02 8.332475e+01
      vertex   -3.590336e+01 -1.645461e+02 8.244975e+01
      vertex   -3.525253e+01 -1.649142e+02 8.244975e+01
    endloop
  endfacet
  facet normal -4.923815e-01 -8.703795e-01 0.000000e+00
    outer loop
      vertex   -3.590336e+01 -1.645461e+02 8.332475e+01
      vertex   -3.525253e+01 -1.649142e+02 8.244975e+01
      vertex   -3.525253e+01 -1.649142e+02 8.332475e+01
    endloop
  endfacet
  facet normal -4.414246e-01 -8.972984e-01 -0.000000e+00
    outer loop
      vertex   -3.525253e+01 -1.649142e+02 8.332475e+01
      vertex   -3.525253e+01 -1.649142e+02 8.244975e+01
      vertex   -3.459859e+01 -1.652359e+02 8.244975e+01
    endloop
  endfacet
  facet normal -4.414246e-01 -8.972984e-01 0.000000e+00
    outer loop
      vertex   -3.525253e+01 -1.649142e+02 8.332475e+01
      vertex   -3.459859e+01 -1.652359e+02 8.244975e+01
      vertex   -3.459859e+01 -1.652359e+02 8.332475e+01
    endloop
  endfacet
  facet normal -3.727251e-01 -9.279418e-01 -0.000000e+00
    outer loop
      vertex   -3.459859e+01 -1.652359e+02 8.332475e+01
      vertex   -3.459859e+01 -1.652359e+02 8.244975e+01
      vertex   -3.363064e+01 -1.656247e+02 8.244975e+01
    endloop
  endfacet
  facet normal -3.727251e-01 -9.279418e-01 0.000000e+00
    outer loop
      vertex   -3.459859e+01 -1.652359e+02 8.332475e+01
      vertex   -3.363064e+01 -1.656247e+02 8.244975e+01
      vertex   -3.363064e+01 -1.656247e+02 8.332475e+01
    endloop
  endfacet
  facet normal -2.825960e-01 -9.592390e-01 -0.000000e+00
    outer loop
      vertex   -3.363064e+01 -1.656247e+02 8.332475e+01
      vertex   -3.363064e+01 -1.656247e+02 8.244975e+01
      vertex   -3.267448e+01 -1.659064e+02 8.244975e+01
    endloop
  endfacet
  facet normal -2.825960e-01 -9.592390e-01 0.000000e+00
    outer loop
      vertex   -3.363064e+01 -1.656247e+02 8.332475e+01
      vertex   -3.267448e+01 -1.659064e+02 8.244975e+01
      vertex   -3.267448e+01 -1.659064e+02 8.332475e+01
    endloop
  endfacet
  facet normal -1.840593e-01 -9.829151e-01 -0.000000e+00
    outer loop
      vertex   -3.267448e+01 -1.659064e+02 8.332475e+01
      vertex   -3.267448e+01 -1.659064e+02 8.244975e+01
      vertex   -3.174048e+01 -1.660813e+02 8.244975e+01
    endloop
  endfacet
  facet normal -1.840593e-01 -9.829151e-01 -7.677862e-16
    outer loop
      vertex   -3.267448e+01 -1.659064e+02 8.332475e+01
      vertex   -3.174048e+01 -1.660813e+02 8.244975e+01
      vertex   -3.174048e+01 -1.660813e+02 8.332475e+01
    endloop
  endfacet
  facet normal -7.817827e-02 -9.969394e-01 -3.174228e-16
    outer loop
      vertex   -3.174048e+01 -1.660813e+02 8.332475e+01
      vertex   -3.174048e+01 -1.660813e+02 8.244975e+01
      vertex   -3.083800e+01 -1.661521e+02 8.244975e+01
    endloop
  endfacet
  facet normal -8.568025e-01 -5.156151e-01 5.533914e-03
    outer loop
      vertex   -4.238094e+01 -1.575272e+02 8.069975e+01
      vertex   -4.173480e+01 -1.586197e+02 7.894975e+01
      vertex   -4.155518e+01 -1.588994e+02 8.069975e+01
    endloop
  endfacet
  facet normal -8.280770e-01 -5.605954e-01 -4.602988e-03
    outer loop
      vertex   -4.155518e+01 -1.588994e+02 8.069975e+01
      vertex   -4.173480e+01 -1.586197e+02 7.894975e+01
      vertex   -4.095679e+01 -1.597689e+02 7.894975e+01
    endloop
  endfacet
  facet normal -8.158837e-01 -5.781565e-01 8.292214e-03
    outer loop
      vertex   -4.155518e+01 -1.588994e+02 8.069975e+01
      vertex   -4.095679e+01 -1.597689e+02 7.894975e+01
      vertex   -4.061111e+01 -1.602316e+02 8.069975e+01
    endloop
  endfacet
  facet normal -7.895652e-01 -6.136345e-01 -6.287010e-03
    outer loop
      vertex   -4.061111e+01 -1.602316e+02 8.069975e+01
      vertex   -4.095679e+01 -1.597689e+02 7.894975e+01
      vertex   -4.011725e+01 -1.608492e+02 7.894975e+01
    endloop
  endfacet
  facet normal -7.673535e-01 -6.411511e-01 9.691037e-03
    outer loop
      vertex   -4.061111e+01 -1.602316e+02 8.069975e+01
      vertex   -4.011725e+01 -1.608492e+02 7.894975e+01
      vertex   -3.955728e+01 -1.614929e+02 8.069975e+01
    endloop
  endfacet
  facet normal -7.460998e-01 -6.658054e-01 -6.179064e-03
    outer loop
      vertex   -3.955728e+01 -1.614929e+02 8.069975e+01
      vertex   -4.011725e+01 -1.608492e+02 7.894975e+01
      vertex   -3.922147e+01 -1.618530e+02 7.894975e+01
    endloop
  endfacet
  facet normal -7.099021e-01 -7.042470e-01 8.676335e-03
    outer loop
      vertex   -3.955728e+01 -1.614929e+02 8.069975e+01
      vertex   -3.922147e+01 -1.618530e+02 7.894975e+01
      vertex   -3.840777e+01 -1.626516e+02 8.069975e+01
    endloop
  endfacet
  facet normal -6.968909e-01 -7.171697e-01 -3.271151e-03
    outer loop
      vertex   -3.840777e+01 -1.626516e+02 8.069975e+01
      vertex   -3.922147e+01 -1.618530e+02 7.894975e+01
      vertex   -3.827500e+01 -1.627727e+02 7.894975e+01
    endloop
  endfacet
  facet normal -6.419507e-01 -7.667337e-01 4.324945e-03
    outer loop
      vertex   -3.840777e+01 -1.626516e+02 8.069975e+01
      vertex   -3.827500e+01 -1.627727e+02 7.894975e+01
      vertex   -3.718192e+01 -1.636780e+02 8.069975e+01
    endloop
  endfacet
  facet normal -6.411066e-01 -7.674441e-01 3.430227e-03
    outer loop
      vertex   -3.718192e+01 -1.636780e+02 8.069975e+01
      vertex   -3.827500e+01 -1.627727e+02 7.894975e+01
      vertex   -3.729138e+01 -1.635944e+02 7.894975e+01
    endloop
  endfacet
  facet normal -5.779768e-01 -8.160482e-01 -2.840871e-03
    outer loop
      vertex   -3.718192e+01 -1.636780e+02 8.069975e+01
      vertex   -3.729138e+01 -1.635944e+02 7.894975e+01
      vertex   -3.628085e+01 -1.643101e+02 7.894975e+01
    endloop
  endfacet
  facet normal -5.616851e-01 -8.272953e-01 9.610123e-03
    outer loop
      vertex   -3.718192e+01 -1.636780e+02 8.069975e+01
      vertex   -3.628085e+01 -1.643101e+02 7.894975e+01
      vertex   -3.590336e+01 -1.645461e+02 8.069975e+01
    endloop
  endfacet
  facet normal -5.064569e-01 -8.622368e-01 -7.014618e-03
    outer loop
      vertex   -3.590336e+01 -1.645461e+02 8.069975e+01
      vertex   -3.628085e+01 -1.643101e+02 7.894975e+01
      vertex   -3.525030e+01 -1.649154e+02 7.894975e+01
    endloop
  endfacet
  facet normal -4.923815e-01 -8.703795e-01 -4.339526e-05
    outer loop
      vertex   -3.590336e+01 -1.645461e+02 8.069975e+01
      vertex   -3.525030e+01 -1.649154e+02 7.894975e+01
      vertex   -3.525253e+01 -1.649142e+02 8.069975e+01
    endloop
  endfacet
  facet normal -4.414246e-01 -8.972984e-01 3.969708e-05
    outer loop
      vertex   -3.525253e+01 -1.649142e+02 8.069975e+01
      vertex   -3.525030e+01 -1.649154e+02 7.894975e+01
      vertex   -3.459859e+01 -1.652359e+02 8.069975e+01
    endloop
  endfacet
  facet normal -4.414246e-01 -8.972984e-01 0.000000e+00
    outer loop
      vertex   -3.525253e+01 -1.649142e+02 8.069975e+01
      vertex   -3.459859e+01 -1.652359e+02 8.069975e+01
      vertex   -3.525253e+01 -1.649142e+02 8.244975e+01
    endloop
  endfacet
  facet normal -4.414246e-01 -8.972984e-01 0.000000e+00
    outer loop
      vertex   -3.525253e+01 -1.649142e+02 8.244975e+01
      vertex   -3.459859e+01 -1.652359e+02 8.069975e+01
      vertex   -3.459859e+01 -1.652359e+02 8.244975e+01
    endloop
  endfacet
  facet normal -4.253249e-01 -9.050107e-01 -7.368445e-03
    outer loop
      vertex   -3.525030e+01 -1.649154e+02 7.894975e+01
      vertex   -3.420660e+01 -1.654059e+02 7.894975e+01
      vertex   -3.459859e+01 -1.652359e+02 8.069975e+01
    endloop
  endfacet
  facet normal -3.727169e-01 -9.279214e-01 6.640757e-03
    outer loop
      vertex   -3.459859e+01 -1.652359e+02 8.069975e+01
      vertex   -3.420660e+01 -1.654059e+02 7.894975e+01
      vertex   -3.363064e+01 -1.656247e+02 8.069975e+01
    endloop
  endfacet
  facet normal -3.727251e-01 -9.279418e-01 0.000000e+00
    outer loop
      vertex   -3.459859e+01 -1.652359e+02 8.069975e+01
      vertex   -3.363064e+01 -1.656247e+02 8.069975e+01
      vertex   -3.459859e+01 -1.652359e+02 8.244975e+01
    endloop
  endfacet
  facet normal -3.727251e-01 -9.279418e-01 0.000000e+00
    outer loop
      vertex   -3.459859e+01 -1.652359e+02 8.244975e+01
      vertex   -3.363064e+01 -1.656247e+02 8.069975e+01
      vertex   -3.363064e+01 -1.656247e+02 8.244975e+01
    endloop
  endfacet
  facet normal -3.329035e-01 -9.429240e-01 -8.338641e-03
    outer loop
      vertex   -3.420660e+01 -1.654059e+02 7.894975e+01
      vertex   -3.314661e+01 -1.657801e+02 7.894975e+01
      vertex   -3.363064e+01 -1.656247e+02 8.069975e+01
    endloop
  endfacet
  facet normal -2.825890e-01 -9.592154e-01 7.024309e-03
    outer loop
      vertex   -3.363064e+01 -1.656247e+02 8.069975e+01
      vertex   -3.314661e+01 -1.657801e+02 7.894975e+01
      vertex   -3.267448e+01 -1.659064e+02 8.069975e+01
    endloop
  endfacet
  facet normal -2.825960e-01 -9.592390e-01 0.000000e+00
    outer loop
      vertex   -3.363064e+01 -1.656247e+02 8.069975e+01
      vertex   -3.267448e+01 -1.659064e+02 8.069975e+01
      vertex   -3.363064e+01 -1.656247e+02 8.244975e+01
    endloop
  endfacet
  facet normal -2.825960e-01 -9.592390e-01 0.000000e+00
    outer loop
      vertex   -3.363064e+01 -1.656247e+02 8.244975e+01
      vertex   -3.267448e+01 -1.659064e+02 8.069975e+01
      vertex   -3.267448e+01 -1.659064e+02 8.244975e+01
    endloop
  endfacet
  facet normal -2.263877e-01 -9.739938e-01 -9.204732e-03
    outer loop
      vertex   -3.314661e+01 -1.657801e+02 7.894975e+01
      vertex   -3.205608e+01 -1.660336e+02 7.894975e+01
      vertex   -3.267448e+01 -1.659064e+02 8.069975e+01
    endloop
  endfacet
  facet normal -1.840556e-01 -9.828950e-01 6.401217e-03
    outer loop
      vertex   -3.267448e+01 -1.659064e+02 8.069975e+01
      vertex   -3.205608e+01 -1.660336e+02 7.894975e+01
      vertex   -3.174048e+01 -1.660813e+02 8.069975e+01
    endloop
  endfacet
  facet normal -1.840593e-01 -9.829151e-01 0.000000e+00
    outer loop
      vertex   -3.267448e+01 -1.659064e+02 8.069975e+01
      vertex   -3.174048e+01 -1.660813e+02 8.069975e+01
      vertex   -3.267448e+01 -1.659064e+02 8.244975e+01
    endloop
  endfacet
  facet normal -1.840593e-01 -9.829151e-01 3.838931e-16
    outer loop
      vertex   -3.267448e+01 -1.659064e+02 8.244975e+01
      vertex   -3.174048e+01 -1.660813e+02 8.069975e+01
      vertex   -3.174048e+01 -1.660813e+02 8.244975e+01
    endloop
  endfacet
  facet normal -1.032437e-01 -9.946198e-01 -8.492085e-03
    outer loop
      vertex   -3.205608e+01 -1.660336e+02 7.894975e+01
      vertex   -3.094487e+01 -1.661490e+02 7.894975e+01
      vertex   -3.174048e+01 -1.660813e+02 8.069975e+01
    endloop
  endfacet
  facet normal -7.817791e-02 -9.969349e-01 2.993164e-03
    outer loop
      vertex   -3.174048e+01 -1.660813e+02 8.069975e+01
      vertex   -3.094487e+01 -1.661490e+02 7.894975e+01
      vertex   -3.083800e+01 -1.661521e+02 8.069975e+01
    endloop
  endfacet
  facet normal -7.817827e-02 -9.969394e-01 1.587114e-16
    outer loop
      vertex   -3.174048e+01 -1.660813e+02 8.069975e+01
      vertex   -3.083800e+01 -1.661521e+02 8.069975e+01
      vertex   -3.174048e+01 -1.660813e+02 8.244975e+01
    endloop
  endfacet
  facet normal -7.817827e-02 -9.969394e-01 0.000000e+00
    outer loop
      vertex   -3.174048e+01 -1.660813e+02 8.244975e+01
      vertex   -3.083800e+01 -1.661521e+02 8.069975e+01
      vertex   -3.083800e+01 -1.661521e+02 8.244975e+01
    endloop
  endfacet
  facet normal 3.314327e-02 -9.994433e-01 -3.809698e-03
    outer loop
      vertex   -3.083800e+01 -1.661521e+02 8.069975e+01
      vertex   -3.094487e+01 -1.661490e+02 7.894975e+01
      vertex   -2.997512e+01 -1.661235e+02 8.069975e+01
    endloop
  endfacet
  facet normal 3.611599e-02 -9.993327e-01 -5.458631e-03
    outer loop
      vertex   -2.997512e+01 -1.661235e+02 8.069975e+01
      vertex   -3.094487e+01 -1.661490e+02 7.894975e+01
      vertex   -2.982755e+01 -1.661086e+02 7.894975e+01
    endloop
  endfacet
  facet normal 2.273167e-01 -9.738185e-01 -2.160197e-03
    outer loop
      vertex   -2.927505e+01 -1.660253e+02 7.894975e+01
      vertex   -2.873020e+01 -1.658981e+02 7.894975e+01
      vertex   -2.915847e+01 -1.660020e+02 8.069975e+01
    endloop
  endfacet
  facet normal 2.606363e-01 -9.654152e-01 6.492619e-03
    outer loop
      vertex   -2.915847e+01 -1.660020e+02 8.069975e+01
      vertex   -2.873020e+01 -1.658981e+02 7.894975e+01
      vertex   -2.839316e+01 -1.657953e+02 8.069975e+01
    endloop
  endfacet
  facet normal 2.606417e-01 -9.654356e-01 0.000000e+00
    outer loop
      vertex   -2.915847e+01 -1.660020e+02 8.069975e+01
      vertex   -2.839316e+01 -1.657953e+02 8.069975e+01
      vertex   -2.915847e+01 -1.660020e+02 8.244975e+01
    endloop
  endfacet
  facet normal 2.606417e-01 -9.654356e-01 -1.040404e-15
    outer loop
      vertex   -2.915847e+01 -1.660020e+02 8.244975e+01
      vertex   -2.839316e+01 -1.657953e+02 8.069975e+01
      vertex   -2.839316e+01 -1.657953e+02 8.244975e+01
    endloop
  endfacet
  facet normal 2.606417e-01 -9.654356e-01 0.000000e+00
    outer loop
      vertex   -2.915847e+01 -1.660020e+02 8.244975e+01
      vertex   -2.839316e+01 -1.657953e+02 8.244975e+01
      vertex   -2.915847e+01 -1.660020e+02 8.332475e+01
    endloop
  endfacet
  facet normal 2.606417e-01 -9.654356e-01 2.080809e-15
    outer loop
      vertex   -2.915847e+01 -1.660020e+02 8.332475e+01
      vertex   -2.839316e+01 -1.657953e+02 8.244975e+01
      vertex   -2.839316e+01 -1.657953e+02 8.332475e+01
    endloop
  endfacet
  facet normal 2.606417e-01 -9.654356e-01 0.000000e+00
    outer loop
      vertex   -2.915847e+01 -1.660020e+02 8.332475e+01
      vertex   -2.839316e+01 -1.657953e+02 8.332475e+01
      vertex   -2.915847e+01 -1.660020e+02 8.419975e+01
    endloop
  endfacet
  facet normal 2.606417e-01 -9.654356e-01 0.000000e+00
    outer loop
      vertex   -2.915847e+01 -1.660020e+02 8.419975e+01
      vertex   -2.839316e+01 -1.657953e+02 8.332475e+01
      vertex   -2.839316e+01 -1.657953e+02 8.419975e+01
    endloop
  endfacet
  facet normal 2.606417e-01 -9.654356e-01 0.000000e+00
    outer loop
      vertex   -2.915847e+01 -1.660020e+02 8.419975e+01
      vertex   -2.839316e+01 -1.657953e+02 8.419975e+01
      vertex   -2.915847e+01 -1.660020e+02 8.507475e+01
    endloop
  endfacet
  facet normal 2.606417e-01 -9.654356e-01 -2.080809e-15
    outer loop
      vertex   -2.915847e+01 -1.660020e+02 8.507475e+01
      vertex   -2.839316e+01 -1.657953e+02 8.419975e+01
      vertex   -2.839316e+01 -1.657953e+02 8.507475e+01
    endloop
  endfacet
  facet normal 2.606202e-01 -9.653558e-01 -1.285317e-02
    outer loop
      vertex   -2.915847e+01 -1.660020e+02 8.507475e+01
      vertex   -2.839316e+01 -1.657953e+02 8.507475e+01
      vertex   -2.883070e+01 -1.659251e+02 8.594975e+01
    endloop
  endfacet
  facet normal 2.951096e-01 -9.554454e-01 5.863113e-03
    outer loop
      vertex   -2.883070e+01 -1.659251e+02 8.594975e+01
      vertex   -2.839316e+01 -1.657953e+02 8.507475e+01
      vertex   -2.824903e+01 -1.657455e+02 8.594975e+01
    endloop
  endfacet
  facet normal 3.270871e-01 -9.449942e-01 -2.658262e-15
    outer loop
      vertex   -2.824903e+01 -1.657455e+02 8.594975e+01
      vertex   -2.839316e+01 -1.657953e+02 8.507475e+01
      vertex   -2.839316e+01 -1.657953e+02 8.419975e+01
    endloop
  endfacet
  facet normal 3.270871e-01 -9.449942e-01 0.000000e+00
    outer loop
      vertex   -2.824903e+01 -1.657455e+02 8.594975e+01
      vertex   -2.839316e+01 -1.657953e+02 8.419975e+01
      vertex   -2.839316e+01 -1.657953e+02 8.332475e+01
    endloop
  endfacet
  facet normal 3.061970e-01 -9.519632e-01 -3.072000e-03
    outer loop
      vertex   -2.873020e+01 -1.658981e+02 7.894975e+01
      vertex   -2.819876e+01 -1.657272e+02 7.894975e+01
      vertex   -2.839316e+01 -1.657953e+02 8.069975e+01
    endloop
  endfacet
  facet normal 3.842864e-01 -9.231894e-01 6.723693e-03
    outer loop
      vertex   -2.839316e+01 -1.657953e+02 8.069975e+01
      vertex   -2.819876e+01 -1.657272e+02 7.894975e+01
      vertex   -2.768277e+01 -1.655124e+02 7.894975e+01
    endloop
  endfacet
  facet normal 3.673875e-01 -9.300671e-01 -1.248201e-03
    outer loop
      vertex   -2.839316e+01 -1.657953e+02 8.069975e+01
      vertex   -2.768277e+01 -1.655124e+02 7.894975e+01
      vertex   -2.824903e+01 -1.657455e+02 8.594975e+01
    endloop
  endfacet
  facet normal 3.806213e-01 -9.247310e-01 7.310504e-15
    outer loop
      vertex   -2.824903e+01 -1.657455e+02 8.594975e+01
      vertex   -2.768277e+01 -1.655124e+02 7.894975e+01
      vertex   -2.768277e+01 -1.655124e+02 8.594975e+01
    endloop
  endfacet
  facet normal 2.092168e-01 -9.778405e-01 7.498235e-03
    outer loop
      vertex   -2.883070e+01 -1.659251e+02 8.594975e+01
      vertex   -2.942568e+01 -1.660524e+02 8.594975e+01
      vertex   -2.915847e+01 -1.660020e+02 8.507475e+01
    endloop
  endfacet
  facet normal 1.471748e-01 -9.890366e-01 -1.209407e-02
    outer loop
      vertex   -2.915847e+01 -1.660020e+02 8.507475e+01
      vertex   -2.942568e+01 -1.660524e+02 8.594975e+01
      vertex   -2.997512e+01 -1.661235e+02 8.507475e+01
    endloop
  endfacet
  facet normal 1.471855e-01 -9.891089e-01 0.000000e+00
    outer loop
      vertex   -2.915847e+01 -1.660020e+02 8.507475e+01
      vertex   -2.997512e+01 -1.661235e+02 8.507475e+01
      vertex   -2.915847e+01 -1.660020e+02 8.419975e+01
    endloop
  endfacet
  facet normal 1.471855e-01 -9.891089e-01 -5.955012e-16
    outer loop
      vertex   -2.915847e+01 -1.660020e+02 8.419975e+01
      vertex   -2.997512e+01 -1.661235e+02 8.507475e+01
      vertex   -2.997512e+01 -1.661235e+02 8.419975e+01
    endloop
  endfacet
  facet normal 1.471855e-01 -9.891089e-01 0.000000e+00
    outer loop
      vertex   -2.915847e+01 -1.660020e+02 8.419975e+01
      vertex   -2.997512e+01 -1.661235e+02 8.419975e+01
      vertex   -2.915847e+01 -1.660020e+02 8.332475e+01
    endloop
  endfacet
  facet normal 1.471855e-01 -9.891089e-01 0.000000e+00
    outer loop
      vertex   -2.915847e+01 -1.660020e+02 8.332475e+01
      vertex   -2.997512e+01 -1.661235e+02 8.419975e+01
      vertex   -2.997512e+01 -1.661235e+02 8.332475e+01
    endloop
  endfacet
  facet normal 1.471855e-01 -9.891089e-01 0.000000e+00
    outer loop
      vertex   -2.915847e+01 -1.660020e+02 8.332475e+01
      vertex   -2.997512e+01 -1.661235e+02 8.332475e+01
      vertex   -2.915847e+01 -1.660020e+02 8.244975e+01
    endloop
  endfacet
  facet normal 1.471855e-01 -9.891089e-01 0.000000e+00
    outer loop
      vertex   -2.915847e+01 -1.660020e+02 8.244975e+01
      vertex   -2.997512e+01 -1.661235e+02 8.332475e+01
      vertex   -2.997512e+01 -1.661235e+02 8.244975e+01
    endloop
  endfacet
  facet normal 1.471855e-01 -9.891089e-01 0.000000e+00
    outer loop
      vertex   -2.915847e+01 -1.660020e+02 8.244975e+01
      vertex   -2.997512e+01 -1.661235e+02 8.244975e+01
      vertex   -2.915847e+01 -1.660020e+02 8.069975e+01
    endloop
  endfacet
  facet normal 1.243822e-01 -9.922313e-01 2.477538e-03
    outer loop
      vertex   -2.942568e+01 -1.660524e+02 8.594975e+01
      vertex   -3.003184e+01 -1.661284e+02 8.594975e+01
      vertex   -2.997512e+01 -1.661235e+02 8.507475e+01
    endloop
  endfacet
  facet normal 4.185535e-02 -9.991194e-01 -2.911520e-03
    outer loop
      vertex   -2.997512e+01 -1.661235e+02 8.507475e+01
      vertex   -3.003184e+01 -1.661284e+02 8.594975e+01
      vertex   -3.064613e+01 -1.661541e+02 8.594975e+01
    endloop
  endfacet
  facet normal 3.314198e-02 -9.994045e-01 -9.603560e-03
    outer loop
      vertex   -2.997512e+01 -1.661235e+02 8.507475e+01
      vertex   -3.064613e+01 -1.661541e+02 8.594975e+01
      vertex   -3.083800e+01 -1.661521e+02 8.507475e+01
    endloop
  endfacet
  facet normal -3.696969e-02 -9.992997e-01 5.770627e-03
    outer loop
      vertex   -3.083800e+01 -1.661521e+02 8.507475e+01
      vertex   -3.064613e+01 -1.661541e+02 8.594975e+01
      vertex   -3.125998e+01 -1.661314e+02 8.594975e+01
    endloop
  endfacet
  facet normal -7.817043e-02 -9.968395e-01 -1.415726e-02
    outer loop
      vertex   -3.083800e+01 -1.661521e+02 8.507475e+01
      vertex   -3.125998e+01 -1.661314e+02 8.594975e+01
      vertex   -3.174048e+01 -1.660813e+02 8.507475e+01
    endloop
  endfacet
  facet normal -1.458618e-01 -9.890267e-01 2.346218e-02
    outer loop
      vertex   -3.174048e+01 -1.660813e+02 8.507475e+01
      vertex   -3.125998e+01 -1.661314e+02 8.594975e+01
      vertex   -3.247503e+01 -1.659522e+02 8.594975e+01
    endloop
  endfacet
  facet normal -1.840510e-01 -9.828707e-01 -9.505442e-03
    outer loop
      vertex   -3.174048e+01 -1.660813e+02 8.507475e+01
      vertex   -3.247503e+01 -1.659522e+02 8.594975e+01
      vertex   -3.267448e+01 -1.659064e+02 8.507475e+01
    endloop
  endfacet
  facet normal -2.741225e-01 -9.616182e-01 1.213776e-02
    outer loop
      vertex   -3.267448e+01 -1.659064e+02 8.507475e+01
      vertex   -3.247503e+01 -1.659522e+02 8.594975e+01
      vertex   -3.366049e+01 -1.656143e+02 8.594975e+01
    endloop
  endfacet
  facet normal 3.270871e-01 -9.449942e-01 2.656107e-15
    outer loop
      vertex   -2.839316e+01 -1.657953e+02 8.332475e+01
      vertex   -2.839316e+01 -1.657953e+02 8.244975e+01
      vertex   -2.824903e+01 -1.657455e+02 8.594975e+01
    endloop
  endfacet
  facet normal 3.270871e-01 -9.449942e-01 -1.329131e-15
    outer loop
      vertex   -2.824903e+01 -1.657455e+02 8.594975e+01
      vertex   -2.839316e+01 -1.657953e+02 8.244975e+01
      vertex   -2.839316e+01 -1.657953e+02 8.069975e+01
    endloop
  endfacet
  facet normal -8.762470e-01 -4.818623e-01 0.000000e+00
    outer loop
      vertex   -4.244600e+01 -1.574089e+02 7.894975e+01
      vertex   -4.238094e+01 -1.575272e+02 8.419975e+01
      vertex   -4.238094e+01 -1.575272e+02 8.507475e+01
    endloop
  endfacet
  facet normal -8.568156e-01 -5.156230e-01 -0.000000e+00
    outer loop
      vertex   -4.238094e+01 -1.575272e+02 8.507475e+01
      vertex   -4.238094e+01 -1.575272e+02 8.419975e+01
      vertex   -4.155518e+01 -1.588994e+02 8.419975e+01
    endloop
  endfacet
  facet normal -8.568156e-01 -5.156230e-01 -9.824406e-15
    outer loop
      vertex   -4.238094e+01 -1.575272e+02 8.507475e+01
      vertex   -4.155518e+01 -1.588994e+02 8.419975e+01
      vertex   -4.155518e+01 -1.588994e+02 8.507475e+01
    endloop
  endfacet
  facet normal -8.159118e-01 -5.781764e-01 -1.215470e-14
    outer loop
      vertex   -4.155518e+01 -1.588994e+02 8.507475e+01
      vertex   -4.155518e+01 -1.588994e+02 8.419975e+01
      vertex   -4.061111e+01 -1.602316e+02 8.419975e+01
    endloop
  endfacet
  facet normal -8.159118e-01 -5.781764e-01 6.682763e-15
    outer loop
      vertex   -4.155518e+01 -1.588994e+02 8.507475e+01
      vertex   -4.061111e+01 -1.602316e+02 8.419975e+01
      vertex   -4.061111e+01 -1.602316e+02 8.507475e+01
    endloop
  endfacet
  facet normal -7.673895e-01 -6.411812e-01 6.231578e-15
    outer loop
      vertex   -4.061111e+01 -1.602316e+02 8.507475e+01
      vertex   -4.061111e+01 -1.602316e+02 8.419975e+01
      vertex   -3.955728e+01 -1.614929e+02 8.419975e+01
    endloop
  endfacet
  facet normal -7.673895e-01 -6.411812e-01 6.330291e-15
    outer loop
      vertex   -4.061111e+01 -1.602316e+02 8.507475e+01
      vertex   -3.955728e+01 -1.614929e+02 8.419975e+01
      vertex   -3.955728e+01 -1.614929e+02 8.507475e+01
    endloop
  endfacet
  facet normal -7.099288e-01 -7.042735e-01 5.764969e-15
    outer loop
      vertex   -3.955728e+01 -1.614929e+02 8.507475e+01
      vertex   -3.955728e+01 -1.614929e+02 8.419975e+01
      vertex   -3.840777e+01 -1.626516e+02 8.419975e+01
    endloop
  endfacet
  facet normal -7.099288e-01 -7.042735e-01 1.725781e-14
    outer loop
      vertex   -3.955728e+01 -1.614929e+02 8.507475e+01
      vertex   -3.840777e+01 -1.626516e+02 8.419975e+01
      vertex   -3.840777e+01 -1.626516e+02 8.507475e+01
    endloop
  endfacet
  facet normal -6.419567e-01 -7.667409e-01 1.563901e-14
    outer loop
      vertex   -3.840777e+01 -1.626516e+02 8.507475e+01
      vertex   -3.840777e+01 -1.626516e+02 8.419975e+01
      vertex   -3.718192e+01 -1.636780e+02 8.419975e+01
    endloop
  endfacet
  facet normal -6.419567e-01 -7.667409e-01 -9.206000e-15
    outer loop
      vertex   -3.840777e+01 -1.626516e+02 8.507475e+01
      vertex   -3.718192e+01 -1.636780e+02 8.419975e+01
      vertex   -3.718192e+01 -1.636780e+02 8.507475e+01
    endloop
  endfacet
  facet normal -5.617110e-01 -8.273335e-01 -1.318930e-14
    outer loop
      vertex   -3.718192e+01 -1.636780e+02 8.507475e+01
      vertex   -3.718192e+01 -1.636780e+02 8.419975e+01
      vertex   -3.590336e+01 -1.645461e+02 8.419975e+01
    endloop
  endfacet
  facet normal -5.617110e-01 -8.273335e-01 -4.466421e-14
    outer loop
      vertex   -3.718192e+01 -1.636780e+02 8.507475e+01
      vertex   -3.590336e+01 -1.645461e+02 8.419975e+01
      vertex   -3.590336e+01 -1.645461e+02 8.507475e+01
    endloop
  endfacet
  facet normal -4.923815e-01 -8.703795e-01 -4.854649e-14
    outer loop
      vertex   -3.590336e+01 -1.645461e+02 8.507475e+01
      vertex   -3.590336e+01 -1.645461e+02 8.419975e+01
      vertex   -3.525253e+01 -1.649142e+02 8.419975e+01
    endloop
  endfacet
  facet normal -4.923815e-01 -8.703795e-01 7.975204e-15
    outer loop
      vertex   -3.590336e+01 -1.645461e+02 8.507475e+01
      vertex   -3.525253e+01 -1.649142e+02 8.419975e+01
      vertex   -3.525253e+01 -1.649142e+02 8.507475e+01
    endloop
  endfacet
  facet normal -4.414246e-01 -8.972984e-01 7.169166e-15
    outer loop
      vertex   -3.525253e+01 -1.649142e+02 8.507475e+01
      vertex   -3.525253e+01 -1.649142e+02 8.419975e+01
      vertex   -3.459859e+01 -1.652359e+02 8.419975e+01
    endloop
  endfacet
  facet normal -4.414246e-01 -8.972984e-01 7.181687e-15
    outer loop
      vertex   -3.525253e+01 -1.649142e+02 8.507475e+01
      vertex   -3.459859e+01 -1.652359e+02 8.419975e+01
      vertex   -3.459859e+01 -1.652359e+02 8.507475e+01
    endloop
  endfacet
  facet normal -3.727251e-01 -9.279418e-01 6.053419e-15
    outer loop
      vertex   -3.459859e+01 -1.652359e+02 8.507475e+01
      vertex   -3.459859e+01 -1.652359e+02 8.419975e+01
      vertex   -3.363064e+01 -1.656247e+02 8.419975e+01
    endloop
  endfacet
  facet normal -3.727251e-01 -9.279418e-01 6.081885e-15
    outer loop
      vertex   -3.459859e+01 -1.652359e+02 8.507475e+01
      vertex   -3.363064e+01 -1.656247e+02 8.419975e+01
      vertex   -3.363064e+01 -1.656247e+02 8.507475e+01
    endloop
  endfacet
  facet normal -2.825960e-01 -9.592390e-01 4.589635e-15
    outer loop
      vertex   -3.363064e+01 -1.656247e+02 8.507475e+01
      vertex   -3.363064e+01 -1.656247e+02 8.419975e+01
      vertex   -3.267448e+01 -1.659064e+02 8.419975e+01
    endloop
  endfacet
  facet normal 3.314351e-02 -9.994506e-01 0.000000e+00
    outer loop
      vertex   -3.083800e+01 -1.661521e+02 8.244975e+01
      vertex   -3.083800e+01 -1.661521e+02 8.069975e+01
      vertex   -2.997512e+01 -1.661235e+02 8.069975e+01
    endloop
  endfacet
  facet normal -4.923815e-01 -8.703795e-01 -0.000000e+00
    outer loop
      vertex   -3.525253e+01 -1.649142e+02 8.244975e+01
      vertex   -3.590336e+01 -1.645461e+02 8.244975e+01
      vertex   -3.525253e+01 -1.649142e+02 8.069975e+01
    endloop
  endfacet
  facet normal -4.923815e-01 -8.703795e-01 0.000000e+00
    outer loop
      vertex   -3.525253e+01 -1.649142e+02 8.069975e+01
      vertex   -3.590336e+01 -1.645461e+02 8.244975e+01
      vertex   -3.590336e+01 -1.645461e+02 8.069975e+01
    endloop
  endfacet
  facet normal -5.617110e-01 -8.273335e-01 -0.000000e+00
    outer loop
      vertex   -3.590336e+01 -1.645461e+02 8.244975e+01
      vertex   -3.718192e+01 -1.636780e+02 8.244975e+01
      vertex   -3.590336e+01 -1.645461e+02 8.069975e+01
    endloop
  endfacet
  facet normal -5.617110e-01 -8.273335e-01 0.000000e+00
    outer loop
      vertex   -3.590336e+01 -1.645461e+02 8.069975e+01
      vertex   -3.718192e+01 -1.636780e+02 8.244975e+01
      vertex   -3.718192e+01 -1.636780e+02 8.069975e+01
    endloop
  endfacet
  facet normal -6.419567e-01 -7.667409e-01 -0.000000e+00
    outer loop
      vertex   -3.718192e+01 -1.636780e+02 8.244975e+01
      vertex   -3.840777e+01 -1.626516e+02 8.244975e+01
      vertex   -3.718192e+01 -1.636780e+02 8.069975e+01
    endloop
  endfacet
  facet normal -6.419567e-01 -7.667409e-01 1.238048e-14
    outer loop
      vertex   -3.718192e+01 -1.636780e+02 8.069975e+01
      vertex   -3.840777e+01 -1.626516e+02 8.244975e+01
      vertex   -3.840777e+01 -1.626516e+02 8.069975e+01
    endloop
  endfacet
  facet normal -7.099288e-01 -7.042735e-01 1.143809e-14
    outer loop
      vertex   -3.840777e+01 -1.626516e+02 8.244975e+01
      vertex   -3.955728e+01 -1.614929e+02 8.244975e+01
      vertex   -3.840777e+01 -1.626516e+02 8.069975e+01
    endloop
  endfacet
  facet normal -7.099288e-01 -7.042735e-01 0.000000e+00
    outer loop
      vertex   -3.840777e+01 -1.626516e+02 8.069975e+01
      vertex   -3.955728e+01 -1.614929e+02 8.244975e+01
      vertex   -3.955728e+01 -1.614929e+02 8.069975e+01
    endloop
  endfacet
  facet normal -7.673895e-01 -6.411812e-01 -0.000000e+00
    outer loop
      vertex   -3.955728e+01 -1.614929e+02 8.244975e+01
      vertex   -4.061111e+01 -1.602316e+02 8.244975e+01
      vertex   -3.955728e+01 -1.614929e+02 8.069975e+01
    endloop
  endfacet
  facet normal -7.673895e-01 -6.411812e-01 0.000000e+00
    outer loop
      vertex   -3.955728e+01 -1.614929e+02 8.069975e+01
      vertex   -4.061111e+01 -1.602316e+02 8.244975e+01
      vertex   -4.061111e+01 -1.602316e+02 8.069975e+01
    endloop
  endfacet
  facet normal -8.568156e-01 -5.156230e-01 -0.000000e+00
    outer loop
      vertex   -4.238094e+01 -1.575272e+02 8.244975e+01
      vertex   -4.238094e+01 -1.575272e+02 8.069975e+01
      vertex   -4.155518e+01 -1.588994e+02 8.069975e+01
    endloop
  endfacet
  facet normal -8.159118e-01 -5.781764e-01 -0.000000e+00
    outer loop
      vertex   -4.061111e+01 -1.602316e+02 8.244975e+01
      vertex   -4.155518e+01 -1.588994e+02 8.244975e+01
      vertex   -4.061111e+01 -1.602316e+02 8.069975e+01
    endloop
  endfacet
  facet normal -8.159118e-01 -5.781764e-01 0.000000e+00
    outer loop
      vertex   -4.061111e+01 -1.602316e+02 8.069975e+01
      vertex   -4.155518e+01 -1.588994e+02 8.244975e+01
      vertex   -4.155518e+01 -1.588994e+02 8.069975e+01
    endloop
  endfacet
  facet normal -8.762470e-01 -4.818623e-01 -0.000000e+00
    outer loop
      vertex   -4.238094e+01 -1.575272e+02 8.419975e+01
      vertex   -4.244600e+01 -1.574089e+02 7.894975e+01
      vertex   -4.238094e+01 -1.575272e+02 8.332475e+01
    endloop
  endfacet
  facet normal -8.568156e-01 -5.156230e-01 -0.000000e+00
    outer loop
      vertex   -4.155518e+01 -1.588994e+02 8.244975e+01
      vertex   -4.238094e+01 -1.575272e+02 8.244975e+01
      vertex   -4.155518e+01 -1.588994e+02 8.069975e+01
    endloop
  endfacet
  facet normal -1.840593e-01 -9.829151e-01 7.677862e-16
    outer loop
      vertex   -3.267448e+01 -1.659064e+02 8.507475e+01
      vertex   -3.174048e+01 -1.660813e+02 8.419975e+01
      vertex   -3.174048e+01 -1.660813e+02 8.507475e+01
    endloop
  endfacet
  facet normal -7.817827e-02 -9.969394e-01 3.174228e-16
    outer loop
      vertex   -3.174048e+01 -1.660813e+02 8.507475e+01
      vertex   -3.174048e+01 -1.660813e+02 8.419975e+01
      vertex   -3.083800e+01 -1.661521e+02 8.419975e+01
    endloop
  endfacet
  facet normal -7.817827e-02 -9.969394e-01 3.153662e-16
    outer loop
      vertex   -3.174048e+01 -1.660813e+02 8.507475e+01
      vertex   -3.083800e+01 -1.661521e+02 8.419975e+01
      vertex   -3.083800e+01 -1.661521e+02 8.507475e+01
    endloop
  endfacet
  facet normal 3.314351e-02 -9.994506e-01 -1.345708e-16
    outer loop
      vertex   -3.083800e+01 -1.661521e+02 8.507475e+01
      vertex   -3.083800e+01 -1.661521e+02 8.419975e+01
      vertex   -2.997512e+01 -1.661235e+02 8.419975e+01
    endloop
  endfacet
  facet normal 3.314351e-02 -9.994506e-01 -1.377790e-16
    outer loop
      vertex   -3.083800e+01 -1.661521e+02 8.507475e+01
      vertex   -2.997512e+01 -1.661235e+02 8.419975e+01
      vertex   -2.997512e+01 -1.661235e+02 8.507475e+01
    endloop
  endfacet
  facet normal 3.314351e-02 -9.994506e-01 0.000000e+00
    outer loop
      vertex   -3.083800e+01 -1.661521e+02 8.332475e+01
      vertex   -2.997512e+01 -1.661235e+02 8.244975e+01
      vertex   -2.997512e+01 -1.661235e+02 8.332475e+01
    endloop
  endfacet
  facet normal 3.314351e-02 -9.994506e-01 0.000000e+00
    outer loop
      vertex   -2.997512e+01 -1.661235e+02 8.419975e+01
      vertex   -3.083800e+01 -1.661521e+02 8.419975e+01
      vertex   -2.997512e+01 -1.661235e+02 8.332475e+01
    endloop
  endfacet
  facet normal 3.314351e-02 -9.994506e-01 -1.331864e-16
    outer loop
      vertex   -2.997512e+01 -1.661235e+02 8.332475e+01
      vertex   -3.083800e+01 -1.661521e+02 8.419975e+01
      vertex   -3.083800e+01 -1.661521e+02 8.332475e+01
    endloop
  endfacet
  facet normal -7.817827e-02 -9.969394e-01 3.174228e-16
    outer loop
      vertex   -3.083800e+01 -1.661521e+02 8.419975e+01
      vertex   -3.174048e+01 -1.660813e+02 8.419975e+01
      vertex   -3.083800e+01 -1.661521e+02 8.332475e+01
    endloop
  endfacet
  facet normal -1.840593e-01 -9.829151e-01 0.000000e+00
    outer loop
      vertex   -3.174048e+01 -1.660813e+02 8.332475e+01
      vertex   -3.267448e+01 -1.659064e+02 8.419975e+01
      vertex   -3.267448e+01 -1.659064e+02 8.332475e+01
    endloop
  endfacet
  facet normal -2.825960e-01 -9.592390e-01 0.000000e+00
    outer loop
      vertex   -3.267448e+01 -1.659064e+02 8.332475e+01
      vertex   -3.267448e+01 -1.659064e+02 8.419975e+01
      vertex   -3.363064e+01 -1.656247e+02 8.419975e+01
    endloop
  endfacet
  facet normal -2.825960e-01 -9.592390e-01 0.000000e+00
    outer loop
      vertex   -3.267448e+01 -1.659064e+02 8.332475e+01
      vertex   -3.363064e+01 -1.656247e+02 8.419975e+01
      vertex   -3.363064e+01 -1.656247e+02 8.332475e+01
    endloop
  endfacet
  facet normal -3.727251e-01 -9.279418e-01 0.000000e+00
    outer loop
      vertex   -3.363064e+01 -1.656247e+02 8.332475e+01
      vertex   -3.363064e+01 -1.656247e+02 8.419975e+01
      vertex   -3.459859e+01 -1.652359e+02 8.419975e+01
    endloop
  endfacet
  facet normal -3.727251e-01 -9.279418e-01 0.000000e+00
    outer loop
      vertex   -3.363064e+01 -1.656247e+02 8.332475e+01
      vertex   -3.459859e+01 -1.652359e+02 8.419975e+01
      vertex   -3.459859e+01 -1.652359e+02 8.332475e+01
    endloop
  endfacet
  facet normal -4.414246e-01 -8.972984e-01 0.000000e+00
    outer loop
      vertex   -3.459859e+01 -1.652359e+02 8.332475e+01
      vertex   -3.459859e+01 -1.652359e+02 8.419975e+01
      vertex   -3.525253e+01 -1.649142e+02 8.419975e+01
    endloop
  endfacet
  facet normal -4.414246e-01 -8.972984e-01 0.000000e+00
    outer loop
      vertex   -3.459859e+01 -1.652359e+02 8.332475e+01
      vertex   -3.525253e+01 -1.649142e+02 8.419975e+01
      vertex   -3.525253e+01 -1.649142e+02 8.332475e+01
    endloop
  endfacet
  facet normal -4.923815e-01 -8.703795e-01 0.000000e+00
    outer loop
      vertex   -3.525253e+01 -1.649142e+02 8.332475e+01
      vertex   -3.525253e+01 -1.649142e+02 8.419975e+01
      vertex   -3.590336e+01 -1.645461e+02 8.419975e+01
    endloop
  endfacet
  facet normal -4.923815e-01 -8.703795e-01 3.987602e-15
    outer loop
      vertex   -3.525253e+01 -1.649142e+02 8.332475e+01
      vertex   -3.590336e+01 -1.645461e+02 8.419975e+01
      vertex   -3.590336e+01 -1.645461e+02 8.332475e+01
    endloop
  endfacet
  facet normal -5.617110e-01 -8.273335e-01 4.561368e-15
    outer loop
      vertex   -3.590336e+01 -1.645461e+02 8.332475e+01
      vertex   -3.590336e+01 -1.645461e+02 8.419975e+01
      vertex   -3.718192e+01 -1.636780e+02 8.419975e+01
    endloop
  endfacet
  facet normal -5.617110e-01 -8.273335e-01 0.000000e+00
    outer loop
      vertex   -3.590336e+01 -1.645461e+02 8.332475e+01
      vertex   -3.718192e+01 -1.636780e+02 8.419975e+01
      vertex   -3.718192e+01 -1.636780e+02 8.332475e+01
    endloop
  endfacet
  facet normal -6.419567e-01 -7.667409e-01 0.000000e+00
    outer loop
      vertex   -3.718192e+01 -1.636780e+02 8.332475e+01
      vertex   -3.718192e+01 -1.636780e+02 8.419975e+01
      vertex   -3.840777e+01 -1.626516e+02 8.419975e+01
    endloop
  endfacet
  facet normal -6.419567e-01 -7.667409e-01 -2.476097e-14
    outer loop
      vertex   -3.718192e+01 -1.636780e+02 8.332475e+01
      vertex   -3.840777e+01 -1.626516e+02 8.419975e+01
      vertex   -3.840777e+01 -1.626516e+02 8.332475e+01
    endloop
  endfacet
  facet normal -7.099288e-01 -7.042735e-01 -2.287618e-14
    outer loop
      vertex   -3.840777e+01 -1.626516e+02 8.332475e+01
      vertex   -3.840777e+01 -1.626516e+02 8.419975e+01
      vertex   -3.955728e+01 -1.614929e+02 8.419975e+01
    endloop
  endfacet
  facet normal -7.099288e-01 -7.042735e-01 1.150521e-14
    outer loop
      vertex   -3.840777e+01 -1.626516e+02 8.332475e+01
      vertex   -3.955728e+01 -1.614929e+02 8.419975e+01
      vertex   -3.955728e+01 -1.614929e+02 8.332475e+01
    endloop
  endfacet
  facet normal -7.673895e-01 -6.411812e-01 1.246316e-14
    outer loop
      vertex   -3.955728e+01 -1.614929e+02 8.332475e+01
      vertex   -3.955728e+01 -1.614929e+02 8.419975e+01
      vertex   -4.061111e+01 -1.602316e+02 8.419975e+01
    endloop
  endfacet
  facet normal -7.673895e-01 -6.411812e-01 6.175894e-15
    outer loop
      vertex   -3.955728e+01 -1.614929e+02 8.332475e+01
      vertex   -4.061111e+01 -1.602316e+02 8.419975e+01
      vertex   -4.061111e+01 -1.602316e+02 8.332475e+01
    endloop
  endfacet
  facet normal -8.159118e-01 -5.781764e-01 6.625602e-15
    outer loop
      vertex   -4.061111e+01 -1.602316e+02 8.332475e+01
      vertex   -4.061111e+01 -1.602316e+02 8.419975e+01
      vertex   -4.155518e+01 -1.588994e+02 8.419975e+01
    endloop
  endfacet
  facet normal -8.159118e-01 -5.781764e-01 0.000000e+00
    outer loop
      vertex   -4.061111e+01 -1.602316e+02 8.332475e+01
      vertex   -4.155518e+01 -1.588994e+02 8.419975e+01
      vertex   -4.155518e+01 -1.588994e+02 8.332475e+01
    endloop
  endfacet
  facet normal -8.568156e-01 -5.156230e-01 0.000000e+00
    outer loop
      vertex   -4.155518e+01 -1.588994e+02 8.332475e+01
      vertex   -4.155518e+01 -1.588994e+02 8.419975e+01
      vertex   -4.238094e+01 -1.575272e+02 8.419975e+01
    endloop
  endfacet
  facet normal -8.568156e-01 -5.156230e-01 0.000000e+00
    outer loop
      vertex   -4.155518e+01 -1.588994e+02 8.332475e+01
      vertex   -4.238094e+01 -1.575272e+02 8.419975e+01
      vertex   -4.238094e+01 -1.575272e+02 8.332475e+01
    endloop
  endfacet
  facet normal -4.939105e-14 3.492195e-14 1.000000e+00
    outer loop
      vertex   -6.633307e+01 -5.680961e+01 8.794975e+01
      vertex   -6.803671e+01 -5.921912e+01 8.794975e+01
      vertex   -6.512719e+01 -5.754569e+01 8.794975e+01
    endloop
  endfacet
  facet normal -2.144700e-14 -1.366325e-14 1.000000e+00
    outer loop
      vertex   -6.512719e+01 -5.754569e+01 8.794975e+01
      vertex   -6.803671e+01 -5.921912e+01 8.794975e+01
      vertex   -6.782632e+01 -5.954937e+01 8.794975e+01
    endloop
  endfacet
  facet normal -2.559829e-14 -8.071110e-15 1.000000e+00
    outer loop
      vertex   -6.512719e+01 -5.754569e+01 8.794975e+01
      vertex   -6.782632e+01 -5.954937e+01 8.794975e+01
      vertex   -6.770857e+01 -5.992283e+01 8.794975e+01
    endloop
  endfacet
  facet normal 0.000000e+00 -0.000000e+00 1.000000e+00
    outer loop
      vertex   -6.803671e+01 -5.921912e+01 8.794975e+01
      vertex   -6.633307e+01 -5.680961e+01 8.794975e+01
      vertex   -6.832542e+01 -5.895457e+01 8.794975e+01
    endloop
  endfacet
  facet normal 0.000000e+00 0.000000e+00 1.000000e+00
    outer loop
      vertex   -6.832542e+01 -5.895457e+01 8.794975e+01
      vertex   -6.633307e+01 -5.680961e+01 8.794975e+01
      vertex   -6.762170e+01 -5.623048e+01 8.794975e+01
    endloop
  endfacet
  facet normal 0.000000e+00 -0.000000e+00 1.000000e+00
    outer loop
      vertex   -6.832542e+01 -5.895457e+01 8.794975e+01
      vertex   -6.762170e+01 -5.623048e+01 8.794975e+01
      vertex   -6.867275e+01 -5.877376e+01 8.794975e+01
    endloop
  endfacet
  facet normal 0.000000e+00 -0.000000e+00 1.000000e+00
    outer loop
      vertex   -6.867275e+01 -5.877376e+01 8.794975e+01
      vertex   -6.762170e+01 -5.623048e+01 8.794975e+01
      vertex   -6.905505e+01 -5.868901e+01 8.794975e+01
    endloop
  endfacet
  facet normal 0.000000e+00 0.000000e+00 1.000000e+00
    outer loop
      vertex   -6.905505e+01 -5.868901e+01 8.794975e+01
      vertex   -6.762170e+01 -5.623048e+01 8.794975e+01
      vertex   -6.897276e+01 -5.581742e+01 8.794975e+01
    endloop
  endfacet
  facet normal 0.000000e+00 -0.000000e+00 1.000000e+00
    outer loop
      vertex   -6.905505e+01 -5.868901e+01 8.794975e+01
      vertex   -6.897276e+01 -5.581742e+01 8.794975e+01
      vertex   -6.944625e+01 -5.870609e+01 8.794975e+01
    endloop
  endfacet
  facet normal 0.000000e+00 -0.000000e+00 1.000000e+00
    outer loop
      vertex   -6.944625e+01 -5.870609e+01 8.794975e+01
      vertex   -6.897276e+01 -5.581742e+01 8.794975e+01
      vertex   -7.036493e+01 -5.557695e+01 8.794975e+01
    endloop
  endfacet
  facet normal 0.000000e+00 0.000000e+00 1.000000e+00
    outer loop
      vertex   -6.944625e+01 -5.870609e+01 8.794975e+01
      vertex   -7.036493e+01 -5.557695e+01 8.794975e+01
      vertex   -6.981971e+01 -5.882384e+01 8.794975e+01
    endloop
  endfacet
  facet normal 0.000000e+00 0.000000e+00 1.000000e+00
    outer loop
      vertex   -6.981971e+01 -5.882384e+01 8.794975e+01
      vertex   -7.036493e+01 -5.557695e+01 8.794975e+01
      vertex   -7.014996e+01 -5.903423e+01 8.794975e+01
    endloop
  endfacet
  facet normal 0.000000e+00 0.000000e+00 1.000000e+00
    outer loop
      vertex   -7.014996e+01 -5.903423e+01 8.794975e+01
      vertex   -7.036493e+01 -5.557695e+01 8.794975e+01
      vertex   -7.177626e+01 -5.551286e+01 8.794975e+01
    endloop
  endfacet
  facet normal 0.000000e+00 0.000000e+00 1.000000e+00
    outer loop
      vertex   -7.014996e+01 -5.903423e+01 8.794975e+01
      vertex   -7.177626e+01 -5.551286e+01 8.794975e+01
      vertex   -7.041451e+01 -5.932294e+01 8.794975e+01
    endloop
  endfacet
  facet normal 0.000000e+00 0.000000e+00 1.000000e+00
    outer loop
      vertex   -7.041451e+01 -5.932294e+01 8.794975e+01
      vertex   -7.177626e+01 -5.551286e+01 8.794975e+01
      vertex   -7.318450e+01 -5.562617e+01 8.794975e+01
    endloop
  endfacet
  facet normal 0.000000e+00 0.000000e+00 1.000000e+00
    outer loop
      vertex   -7.041451e+01 -5.932294e+01 8.794975e+01
      vertex   -7.318450e+01 -5.562617e+01 8.794975e+01
      vertex   -7.059532e+01 -5.967027e+01 8.794975e+01
    endloop
  endfacet
  facet normal 0.000000e+00 0.000000e+00 1.000000e+00
    outer loop
      vertex   -7.059532e+01 -5.967027e+01 8.794975e+01
      vertex   -7.318450e+01 -5.562617e+01 8.794975e+01
      vertex   -7.456743e+01 -5.591508e+01 8.794975e+01
    endloop
  endfacet
  facet normal 0.000000e+00 0.000000e+00 1.000000e+00
    outer loop
      vertex   -7.059532e+01 -5.967027e+01 8.794975e+01
      vertex   -7.456743e+01 -5.591508e+01 8.794975e+01
      vertex   -7.068007e+01 -6.005257e+01 8.794975e+01
    endloop
  endfacet
  facet normal 0.000000e+00 0.000000e+00 1.000000e+00
    outer loop
      vertex   -7.068007e+01 -6.005257e+01 8.794975e+01
      vertex   -7.456743e+01 -5.591508e+01 8.794975e+01
      vertex   -7.590324e+01 -5.637503e+01 8.794975e+01
    endloop
  endfacet
  facet normal 0.000000e+00 0.000000e+00 1.000000e+00
    outer loop
      vertex   -7.068007e+01 -6.005257e+01 8.794975e+01
      vertex   -7.590324e+01 -5.637503e+01 8.794975e+01
      vertex   -7.729741e+01 -6.313828e+01 8.794975e+01
    endloop
  endfacet
  facet normal 0.000000e+00 0.000000e+00 1.000000e+00
    outer loop
      vertex   -7.729741e+01 -6.313828e+01 8.794975e+01
      vertex   -7.590324e+01 -5.637503e+01 8.794975e+01
      vertex   -7.717088e+01 -5.699879e+01 8.794975e+01
    endloop
  endfacet
  facet normal 0.000000e+00 -0.000000e+00 1.000000e+00
    outer loop
      vertex   -7.729741e+01 -6.313828e+01 8.794975e+01
      vertex   -7.717088e+01 -5.699879e+01 8.794975e+01
      vertex   -7.764474e+01 -6.295747e+01 8.794975e+01
    endloop
  endfacet
  facet normal 0.000000e+00 -0.000000e+00 1.000000e+00
    outer loop
      vertex   -7.764474e+01 -6.295747e+01 8.794975e+01
      vertex   -7.717088e+01 -5.699879e+01 8.794975e+01
      vertex   -7.835034e+01 -5.777650e+01 8.794975e+01
    endloop
  endfacet
  facet normal 0.000000e+00 0.000000e+00 1.000000e+00
    outer loop
      vertex   -7.764474e+01 -6.295747e+01 8.794975e+01
      vertex   -7.835034e+01 -5.777650e+01 8.794975e+01
      vertex   -7.942303e+01 -5.869590e+01 8.794975e+01
    endloop
  endfacet
  facet normal -0.000000e+00 0.000000e+00 1.000000e+00
    outer loop
      vertex   -8.037203e+01 -5.974250e+01 8.794975e+01
      vertex   -7.841824e+01 -6.288980e+01 8.794975e+01
      vertex   -7.942303e+01 -5.869590e+01 8.794975e+01
    endloop
  endfacet
  facet normal 0.000000e+00 0.000000e+00 1.000000e+00
    outer loop
      vertex   -7.942303e+01 -5.869590e+01 8.794975e+01
      vertex   -7.841824e+01 -6.288980e+01 8.794975e+01
      vertex   -7.802704e+01 -6.287272e+01 8.794975e+01
    endloop
  endfacet
  facet normal 0.000000e+00 0.000000e+00 1.000000e+00
    outer loop
      vertex   -7.942303e+01 -5.869590e+01 8.794975e+01
      vertex   -7.802704e+01 -6.287272e+01 8.794975e+01
      vertex   -7.764474e+01 -6.295747e+01 8.794975e+01
    endloop
  endfacet
  facet normal 0.000000e+00 0.000000e+00 1.000000e+00
    outer loop
      vertex   -7.841824e+01 -6.288980e+01 8.794975e+01
      vertex   -8.037203e+01 -5.974250e+01 8.794975e+01
      vertex   -7.879170e+01 -6.300755e+01 8.794975e+01
    endloop
  endfacet
  facet normal 0.000000e+00 0.000000e+00 1.000000e+00
    outer loop
      vertex   -7.879170e+01 -6.300755e+01 8.794975e+01
      vertex   -8.037203e+01 -5.974250e+01 8.794975e+01
      vertex   -8.118237e+01 -6.089979e+01 8.794975e+01
    endloop
  endfacet
  facet normal 0.000000e+00 0.000000e+00 1.000000e+00
    outer loop
      vertex   -7.879170e+01 -6.300755e+01 8.794975e+01
      vertex   -8.118237e+01 -6.089979e+01 8.794975e+01
      vertex   -7.912195e+01 -6.321794e+01 8.794975e+01
    endloop
  endfacet
  facet normal 0.000000e+00 0.000000e+00 1.000000e+00
    outer loop
      vertex   -7.912195e+01 -6.321794e+01 8.794975e+01
      vertex   -8.118237e+01 -6.089979e+01 8.794975e+01
      vertex   -8.184127e+01 -6.214952e+01 8.794975e+01
    endloop
  endfacet
  facet normal 0.000000e+00 0.000000e+00 1.000000e+00
    outer loop
      vertex   -7.912195e+01 -6.321794e+01 8.794975e+01
      vertex   -8.184127e+01 -6.214952e+01 8.794975e+01
      vertex   -7.938650e+01 -6.350664e+01 8.794975e+01
    endloop
  endfacet
  facet normal 0.000000e+00 0.000000e+00 1.000000e+00
    outer loop
      vertex   -7.938650e+01 -6.350664e+01 8.794975e+01
      vertex   -8.184127e+01 -6.214952e+01 8.794975e+01
      vertex   -7.956731e+01 -6.385398e+01 8.794975e+01
    endloop
  endfacet
  facet normal 0.000000e+00 0.000000e+00 1.000000e+00
    outer loop
      vertex   -7.956731e+01 -6.385398e+01 8.794975e+01
      vertex   -8.184127e+01 -6.214952e+01 8.794975e+01
      vertex   -8.233835e+01 -6.347197e+01 8.794975e+01
    endloop
  endfacet
  facet normal 0.000000e+00 0.000000e+00 1.000000e+00
    outer loop
      vertex   -7.956731e+01 -6.385398e+01 8.794975e+01
      vertex   -8.233835e+01 -6.347197e+01 8.794975e+01
      vertex   -7.965206e+01 -6.423627e+01 8.794975e+01
    endloop
  endfacet
  facet normal 0.000000e+00 0.000000e+00 1.000000e+00
    outer loop
      vertex   -7.965206e+01 -6.423627e+01 8.794975e+01
      vertex   -8.233835e+01 -6.347197e+01 8.794975e+01
      vertex   -8.266576e+01 -6.484629e+01 8.794975e+01
    endloop
  endfacet
  facet normal 0.000000e+00 0.000000e+00 1.000000e+00
    outer loop
      vertex   -7.965206e+01 -6.423627e+01 8.794975e+01
      vertex   -8.266576e+01 -6.484629e+01 8.794975e+01
      vertex   -7.963498e+01 -6.462748e+01 8.794975e+01
    endloop
  endfacet
  facet normal 0.000000e+00 0.000000e+00 1.000000e+00
    outer loop
      vertex   -7.963498e+01 -6.462748e+01 8.794975e+01
      vertex   -8.266576e+01 -6.484629e+01 8.794975e+01
      vertex   -7.951723e+01 -6.500094e+01 8.794975e+01
    endloop
  endfacet
  facet normal 0.000000e+00 0.000000e+00 1.000000e+00
    outer loop
      vertex   -7.951723e+01 -6.500094e+01 8.794975e+01
      vertex   -8.266576e+01 -6.484629e+01 8.794975e+01
      vertex   -8.281834e+01 -6.625082e+01 8.794975e+01
    endloop
  endfacet
  facet normal 0.000000e+00 0.000000e+00 1.000000e+00
    outer loop
      vertex   -7.951723e+01 -6.500094e+01 8.794975e+01
      vertex   -8.281834e+01 -6.625082e+01 8.794975e+01
      vertex   -7.930684e+01 -6.533119e+01 8.794975e+01
    endloop
  endfacet
  facet normal 0.000000e+00 0.000000e+00 1.000000e+00
    outer loop
      vertex   -7.930684e+01 -6.533119e+01 8.794975e+01
      vertex   -8.281834e+01 -6.625082e+01 8.794975e+01
      vertex   -8.279368e+01 -6.766339e+01 8.794975e+01
    endloop
  endfacet
  facet normal 0.000000e+00 0.000000e+00 1.000000e+00
    outer loop
      vertex   -7.930684e+01 -6.533119e+01 8.794975e+01
      vertex   -8.279368e+01 -6.766339e+01 8.794975e+01
      vertex   -7.901813e+01 -6.559574e+01 8.794975e+01
    endloop
  endfacet
  facet normal 0.000000e+00 0.000000e+00 1.000000e+00
    outer loop
      vertex   -7.901813e+01 -6.559574e+01 8.794975e+01
      vertex   -8.279368e+01 -6.766339e+01 8.794975e+01
      vertex   -8.259218e+01 -6.906173e+01 8.794975e+01
    endloop
  endfacet
  facet normal 0.000000e+00 0.000000e+00 1.000000e+00
    outer loop
      vertex   -7.901813e+01 -6.559574e+01 8.794975e+01
      vertex   -8.259218e+01 -6.906173e+01 8.794975e+01
      vertex   -7.867080e+01 -6.577655e+01 8.794975e+01
    endloop
  endfacet
  facet normal 0.000000e+00 0.000000e+00 1.000000e+00
    outer loop
      vertex   -7.867080e+01 -6.577655e+01 8.794975e+01
      vertex   -8.259218e+01 -6.906173e+01 8.794975e+01
      vertex   -8.221701e+01 -7.042379e+01 8.794975e+01
    endloop
  endfacet
  facet normal 0.000000e+00 0.000000e+00 1.000000e+00
    outer loop
      vertex   -7.867080e+01 -6.577655e+01 8.794975e+01
      vertex   -8.221701e+01 -7.042379e+01 8.794975e+01
      vertex   -7.828850e+01 -6.586130e+01 8.794975e+01
    endloop
  endfacet
  facet normal 0.000000e+00 0.000000e+00 1.000000e+00
    outer loop
      vertex   -7.828850e+01 -6.586130e+01 8.794975e+01
      vertex   -8.221701e+01 -7.042379e+01 8.794975e+01
      vertex   -8.167408e+01 -7.172809e+01 8.794975e+01
    endloop
  endfacet
  facet normal 0.000000e+00 0.000000e+00 1.000000e+00
    outer loop
      vertex   -7.828850e+01 -6.586130e+01 8.794975e+01
      vertex   -8.167408e+01 -7.172809e+01 8.794975e+01
      vertex   -7.520279e+01 -7.247863e+01 8.794975e+01
    endloop
  endfacet
  facet normal 0.000000e+00 0.000000e+00 1.000000e+00
    outer loop
      vertex   -7.520279e+01 -7.247863e+01 8.794975e+01
      vertex   -8.167408e+01 -7.172809e+01 8.794975e+01
      vertex   -8.097196e+01 -7.295406e+01 8.794975e+01
    endloop
  endfacet
  facet normal 0.000000e+00 0.000000e+00 1.000000e+00
    outer loop
      vertex   -7.520279e+01 -7.247863e+01 8.794975e+01
      vertex   -8.097196e+01 -7.295406e+01 8.794975e+01
      vertex   -7.538360e+01 -7.282597e+01 8.794975e+01
    endloop
  endfacet
  facet normal 0.000000e+00 0.000000e+00 1.000000e+00
    outer loop
      vertex   -7.538360e+01 -7.282597e+01 8.794975e+01
      vertex   -8.097196e+01 -7.295406e+01 8.794975e+01
      vertex   -8.012172e+01 -7.408236e+01 8.794975e+01
    endloop
  endfacet
  facet normal 0.000000e+00 0.000000e+00 1.000000e+00
    outer loop
      vertex   -7.538360e+01 -7.282597e+01 8.794975e+01
      vertex   -8.012172e+01 -7.408236e+01 8.794975e+01
      vertex   -7.546835e+01 -7.320826e+01 8.794975e+01
    endloop
  endfacet
  facet normal 0.000000e+00 0.000000e+00 1.000000e+00
    outer loop
      vertex   -7.546835e+01 -7.320826e+01 8.794975e+01
      vertex   -8.012172e+01 -7.408236e+01 8.794975e+01
      vertex   -7.913678e+01 -7.509520e+01 8.794975e+01
    endloop
  endfacet
  facet normal 0.000000e+00 0.000000e+00 1.000000e+00
    outer loop
      vertex   -7.546835e+01 -7.320826e+01 8.794975e+01
      vertex   -7.913678e+01 -7.509520e+01 8.794975e+01
      vertex   -7.545127e+01 -7.359947e+01 8.794975e+01
    endloop
  endfacet
  facet normal 0.000000e+00 0.000000e+00 1.000000e+00
    outer loop
      vertex   -7.545127e+01 -7.359947e+01 8.794975e+01
      vertex   -7.913678e+01 -7.509520e+01 8.794975e+01
      vertex   -7.803266e+01 -7.597661e+01 8.794975e+01
    endloop
  endfacet
  facet normal 0.000000e+00 0.000000e+00 1.000000e+00
    outer loop
      vertex   -7.545127e+01 -7.359947e+01 8.794975e+01
      vertex   -7.803266e+01 -7.597661e+01 8.794975e+01
      vertex   -7.533352e+01 -7.397292e+01 8.794975e+01
    endloop
  endfacet
  facet normal 0.000000e+00 0.000000e+00 1.000000e+00
    outer loop
      vertex   -7.533352e+01 -7.397292e+01 8.794975e+01
      vertex   -7.803266e+01 -7.597661e+01 8.794975e+01
      vertex   -7.512313e+01 -7.430318e+01 8.794975e+01
    endloop
  endfacet
  facet normal 0.000000e+00 0.000000e+00 1.000000e+00
    outer loop
      vertex   -7.512313e+01 -7.430318e+01 8.794975e+01
      vertex   -7.803266e+01 -7.597661e+01 8.794975e+01
      vertex   -7.682677e+01 -7.671269e+01 8.794975e+01
    endloop
  endfacet
  facet normal 0.000000e+00 0.000000e+00 1.000000e+00
    outer loop
      vertex   -7.512313e+01 -7.430318e+01 8.794975e+01
      vertex   -7.682677e+01 -7.671269e+01 8.794975e+01
      vertex   -7.483443e+01 -7.456773e+01 8.794975e+01
    endloop
  endfacet
  facet normal 0.000000e+00 0.000000e+00 1.000000e+00
    outer loop
      vertex   -7.483443e+01 -7.456773e+01 8.794975e+01
      vertex   -7.682677e+01 -7.671269e+01 8.794975e+01
      vertex   -7.553814e+01 -7.729182e+01 8.794975e+01
    endloop
  endfacet
  facet normal 0.000000e+00 0.000000e+00 1.000000e+00
    outer loop
      vertex   -7.483443e+01 -7.456773e+01 8.794975e+01
      vertex   -7.553814e+01 -7.729182e+01 8.794975e+01
      vertex   -7.448709e+01 -7.474854e+01 8.794975e+01
    endloop
  endfacet
  facet normal 0.000000e+00 0.000000e+00 1.000000e+00
    outer loop
      vertex   -7.448709e+01 -7.474854e+01 8.794975e+01
      vertex   -7.553814e+01 -7.729182e+01 8.794975e+01
      vertex   -7.410480e+01 -7.483329e+01 8.794975e+01
    endloop
  endfacet
  facet normal 0.000000e+00 0.000000e+00 1.000000e+00
    outer loop
      vertex   -7.410480e+01 -7.483329e+01 8.794975e+01
      vertex   -7.553814e+01 -7.729182e+01 8.794975e+01
      vertex   -7.418709e+01 -7.770488e+01 8.794975e+01
    endloop
  endfacet
  facet normal -0.000000e+00 0.000000e+00 1.000000e+00
    outer loop
      vertex   -7.410480e+01 -7.483329e+01 8.794975e+01
      vertex   -7.418709e+01 -7.770488e+01 8.794975e+01
      vertex   -7.371359e+01 -7.481621e+01 8.794975e+01
    endloop
  endfacet
  facet normal 0.000000e+00 0.000000e+00 1.000000e+00
    outer loop
      vertex   -7.371359e+01 -7.481621e+01 8.794975e+01
      vertex   -7.418709e+01 -7.770488e+01 8.794975e+01
      vertex   -7.279491e+01 -7.794535e+01 8.794975e+01
    endloop
  endfacet
  facet normal -0.000000e+00 0.000000e+00 1.000000e+00
    outer loop
      vertex   -7.371359e+01 -7.481621e+01 8.794975e+01
      vertex   -7.279491e+01 -7.794535e+01 8.794975e+01
      vertex   -7.334014e+01 -7.469846e+01 8.794975e+01
    endloop
  endfacet
  facet normal -0.000000e+00 0.000000e+00 1.000000e+00
    outer loop
      vertex   -7.334014e+01 -7.469846e+01 8.794975e+01
      vertex   -7.279491e+01 -7.794535e+01 8.794975e+01
      vertex   -7.300988e+01 -7.448806e+01 8.794975e+01
    endloop
  endfacet
  facet normal 0.000000e+00 0.000000e+00 1.000000e+00
    outer loop
      vertex   -7.300988e+01 -7.448806e+01 8.794975e+01
      vertex   -7.279491e+01 -7.794535e+01 8.794975e+01
      vertex   -7.138358e+01 -7.800944e+01 8.794975e+01
    endloop
  endfacet
  facet normal -0.000000e+00 0.000000e+00 1.000000e+00
    outer loop
      vertex   -7.300988e+01 -7.448806e+01 8.794975e+01
      vertex   -7.138358e+01 -7.800944e+01 8.794975e+01
      vertex   -7.274533e+01 -7.419936e+01 8.794975e+01
    endloop
  endfacet
  facet normal 0.000000e+00 0.000000e+00 1.000000e+00
    outer loop
      vertex   -7.274533e+01 -7.419936e+01 8.794975e+01
      vertex   -7.138358e+01 -7.800944e+01 8.794975e+01
      vertex   -6.997535e+01 -7.789613e+01 8.794975e+01
    endloop
  endfacet
  facet normal -0.000000e+00 0.000000e+00 1.000000e+00
    outer loop
      vertex   -7.274533e+01 -7.419936e+01 8.794975e+01
      vertex   -6.997535e+01 -7.789613e+01 8.794975e+01
      vertex   -7.256452e+01 -7.385203e+01 8.794975e+01
    endloop
  endfacet
  facet normal 0.000000e+00 0.000000e+00 1.000000e+00
    outer loop
      vertex   -7.256452e+01 -7.385203e+01 8.794975e+01
      vertex   -6.997535e+01 -7.789613e+01 8.794975e+01
      vertex   -6.859242e+01 -7.760722e+01 8.794975e+01
    endloop
  endfacet
  facet normal -0.000000e+00 0.000000e+00 1.000000e+00
    outer loop
      vertex   -7.256452e+01 -7.385203e+01 8.794975e+01
      vertex   -6.859242e+01 -7.760722e+01 8.794975e+01
      vertex   -7.247977e+01 -7.346973e+01 8.794975e+01
    endloop
  endfacet
  facet normal 0.000000e+00 0.000000e+00 1.000000e+00
    outer loop
      vertex   -7.247977e+01 -7.346973e+01 8.794975e+01
      vertex   -6.859242e+01 -7.760722e+01 8.794975e+01
      vertex   -6.725660e+01 -7.714726e+01 8.794975e+01
    endloop
  endfacet
  facet normal -1.291902e-15 -1.834879e-15 1.000000e+00
    outer loop
      vertex   -7.247977e+01 -7.346973e+01 8.794975e+01
      vertex   -6.725660e+01 -7.714726e+01 8.794975e+01
      vertex   -6.586244e+01 -7.038402e+01 8.794975e+01
    endloop
  endfacet
  facet normal 1.150623e-15 -2.338376e-15 1.000000e+00
    outer loop
      vertex   -6.586244e+01 -7.038402e+01 8.794975e+01
      vertex   -6.725660e+01 -7.714726e+01 8.794975e+01
      vertex   -6.598896e+01 -7.652351e+01 8.794975e+01
    endloop
  endfacet
  facet normal -1.192148e-15 -2.290094e-15 1.000000e+00
    outer loop
      vertex   -6.586244e+01 -7.038402e+01 8.794975e+01
      vertex   -6.598896e+01 -7.652351e+01 8.794975e+01
      vertex   -6.551510e+01 -7.056483e+01 8.794975e+01
    endloop
  endfacet
  facet normal 1.659574e-15 -2.516876e-15 1.000000e+00
    outer loop
      vertex   -6.551510e+01 -7.056483e+01 8.794975e+01
      vertex   -6.598896e+01 -7.652351e+01 8.794975e+01
      vertex   -6.480950e+01 -7.574580e+01 8.794975e+01
    endloop
  endfacet
  facet normal 2.105205e-15 -2.456185e-15 1.000000e+00
    outer loop
      vertex   -6.551510e+01 -7.056483e+01 8.794975e+01
      vertex   -6.480950e+01 -7.574580e+01 8.794975e+01
      vertex   -6.373681e+01 -7.482639e+01 8.794975e+01
    endloop
  endfacet
  facet normal 2.955930e-15 -2.680273e-15 1.000000e+00
    outer loop
      vertex   -6.278782e+01 -7.377979e+01 8.794975e+01
      vertex   -6.474160e+01 -7.063250e+01 8.794975e+01
      vertex   -6.373681e+01 -7.482639e+01 8.794975e+01
    endloop
  endfacet
  facet normal 1.464120e-16 -3.353387e-15 1.000000e+00
    outer loop
      vertex   -6.373681e+01 -7.482639e+01 8.794975e+01
      vertex   -6.474160e+01 -7.063250e+01 8.794975e+01
      vertex   -6.513281e+01 -7.064958e+01 8.794975e+01
    endloop
  endfacet
  facet normal -8.146377e-16 -3.674593e-15 1.000000e+00
    outer loop
      vertex   -6.373681e+01 -7.482639e+01 8.794975e+01
      vertex   -6.513281e+01 -7.064958e+01 8.794975e+01
      vertex   -6.551510e+01 -7.056483e+01 8.794975e+01
    endloop
  endfacet
  facet normal 1.190615e-15 -3.776150e-15 1.000000e+00
    outer loop
      vertex   -6.474160e+01 -7.063250e+01 8.794975e+01
      vertex   -6.278782e+01 -7.377979e+01 8.794975e+01
      vertex   -6.436815e+01 -7.051475e+01 8.794975e+01
    endloop
  endfacet
  facet normal 3.675344e-15 -2.573504e-15 1.000000e+00
    outer loop
      vertex   -6.436815e+01 -7.051475e+01 8.794975e+01
      vertex   -6.278782e+01 -7.377979e+01 8.794975e+01
      vertex   -6.197748e+01 -7.262251e+01 8.794975e+01
    endloop
  endfacet
  facet normal 2.493489e-15 -3.913994e-15 1.000000e+00
    outer loop
      vertex   -6.436815e+01 -7.051475e+01 8.794975e+01
      vertex   -6.197748e+01 -7.262251e+01 8.794975e+01
      vertex   -6.403789e+01 -7.030436e+01 8.794975e+01
    endloop
  endfacet
  facet normal 4.329095e-15 -2.282473e-15 1.000000e+00
    outer loop
      vertex   -6.403789e+01 -7.030436e+01 8.794975e+01
      vertex   -6.197748e+01 -7.262251e+01 8.794975e+01
      vertex   -6.131857e+01 -7.137278e+01 8.794975e+01
    endloop
  endfacet
  facet normal 3.842481e-15 -3.520985e-15 1.000000e+00
    outer loop
      vertex   -6.403789e+01 -7.030436e+01 8.794975e+01
      vertex   -6.131857e+01 -7.137278e+01 8.794975e+01
      vertex   -6.377335e+01 -7.001565e+01 8.794975e+01
    endloop
  endfacet
  facet normal 4.495326e-15 -2.340119e-15 1.000000e+00
    outer loop
      vertex   -6.377335e+01 -7.001565e+01 8.794975e+01
      vertex   -6.131857e+01 -7.137278e+01 8.794975e+01
      vertex   -6.359253e+01 -6.966832e+01 8.794975e+01
    endloop
  endfacet
  facet normal 4.875698e-15 -1.832655e-15 1.000000e+00
    outer loop
      vertex   -6.359253e+01 -6.966832e+01 8.794975e+01
      vertex   -6.131857e+01 -7.137278e+01 8.794975e+01
      vertex   -6.082149e+01 -7.005033e+01 8.794975e+01
    endloop
  endfacet
  facet normal 4.976258e-15 -1.103210e-15 1.000000e+00
    outer loop
      vertex   -6.359253e+01 -6.966832e+01 8.794975e+01
      vertex   -6.082149e+01 -7.005033e+01 8.794975e+01
      vertex   -6.350778e+01 -6.928602e+01 8.794975e+01
    endloop
  endfacet
  facet normal 4.954328e-15 -1.180287e-15 1.000000e+00
    outer loop
      vertex   -6.350778e+01 -6.928602e+01 8.794975e+01
      vertex   -6.082149e+01 -7.005033e+01 8.794975e+01
      vertex   -6.049408e+01 -6.867601e+01 8.794975e+01
    endloop
  endfacet
  facet normal 4.674112e-15 2.040761e-16 1.000000e+00
    outer loop
      vertex   -6.350778e+01 -6.928602e+01 8.794975e+01
      vertex   -6.049408e+01 -6.867601e+01 8.794975e+01
      vertex   -6.352486e+01 -6.889482e+01 8.794975e+01
    endloop
  endfacet
  facet normal 4.584487e-15 1.445483e-15 1.000000e+00
    outer loop
      vertex   -6.352486e+01 -6.889482e+01 8.794975e+01
      vertex   -6.049408e+01 -6.867601e+01 8.794975e+01
      vertex   -6.364261e+01 -6.852136e+01 8.794975e+01
    endloop
  endfacet
  facet normal 4.489536e-15 -4.877196e-16 1.000000e+00
    outer loop
      vertex   -6.364261e+01 -6.852136e+01 8.794975e+01
      vertex   -6.049408e+01 -6.867601e+01 8.794975e+01
      vertex   -6.034150e+01 -6.727148e+01 8.794975e+01
    endloop
  endfacet
  facet normal 3.468287e-15 2.209542e-15 1.000000e+00
    outer loop
      vertex   -6.364261e+01 -6.852136e+01 8.794975e+01
      vertex   -6.034150e+01 -6.727148e+01 8.794975e+01
      vertex   -6.385301e+01 -6.819111e+01 8.794975e+01
    endloop
  endfacet
  facet normal 4.028527e-15 7.031820e-17 1.000000e+00
    outer loop
      vertex   -6.385301e+01 -6.819111e+01 8.794975e+01
      vertex   -6.034150e+01 -6.727148e+01 8.794975e+01
      vertex   -6.036616e+01 -6.585891e+01 8.794975e+01
    endloop
  endfacet
  facet normal 2.355913e-15 2.571028e-15 1.000000e+00
    outer loop
      vertex   -6.385301e+01 -6.819111e+01 8.794975e+01
      vertex   -6.036616e+01 -6.585891e+01 8.794975e+01
      vertex   -6.414171e+01 -6.792656e+01 8.794975e+01
    endloop
  endfacet
  facet normal 3.488608e-15 5.027161e-16 1.000000e+00
    outer loop
      vertex   -6.414171e+01 -6.792656e+01 8.794975e+01
      vertex   -6.036616e+01 -6.585891e+01 8.794975e+01
      vertex   -6.056766e+01 -6.446057e+01 8.794975e+01
    endloop
  endfacet
  facet normal 1.388843e-15 2.667942e-15 1.000000e+00
    outer loop
      vertex   -6.414171e+01 -6.792656e+01 8.794975e+01
      vertex   -6.056766e+01 -6.446057e+01 8.794975e+01
      vertex   -6.448904e+01 -6.774575e+01 8.794975e+01
    endloop
  endfacet
  facet normal 2.944480e-15 8.110449e-16 1.000000e+00
    outer loop
      vertex   -6.448904e+01 -6.774575e+01 8.794975e+01
      vertex   -6.056766e+01 -6.446057e+01 8.794975e+01
      vertex   -6.094284e+01 -6.309851e+01 8.794975e+01
    endloop
  endfacet
  facet normal 5.798321e-16 2.615454e-15 1.000000e+00
    outer loop
      vertex   -6.448904e+01 -6.774575e+01 8.794975e+01
      vertex   -6.094284e+01 -6.309851e+01 8.794975e+01
      vertex   -6.487134e+01 -6.766100e+01 8.794975e+01
    endloop
  endfacet
  facet normal 2.438508e-15 1.015053e-15 1.000000e+00
    outer loop
      vertex   -6.487134e+01 -6.766100e+01 8.794975e+01
      vertex   -6.094284e+01 -6.309851e+01 8.794975e+01
      vertex   -6.148576e+01 -6.179421e+01 8.794975e+01
    endloop
  endfacet
  facet normal 2.633109e-16 2.270304e-15 1.000000e+00
    outer loop
      vertex   -6.487134e+01 -6.766100e+01 8.794975e+01
      vertex   -6.148576e+01 -6.179421e+01 8.794975e+01
      vertex   -6.795705e+01 -6.104367e+01 8.794975e+01
    endloop
  endfacet
  facet normal -0.000000e+00 0.000000e+00 1.000000e+00
    outer loop
      vertex   -6.795705e+01 -6.104367e+01 8.794975e+01
      vertex   -6.148576e+01 -6.179421e+01 8.794975e+01
      vertex   -6.218788e+01 -6.056824e+01 8.794975e+01
    endloop
  endfacet
  facet normal 0.000000e+00 0.000000e+00 1.000000e+00
    outer loop
      vertex   -6.795705e+01 -6.104367e+01 8.794975e+01
      vertex   -6.218788e+01 -6.056824e+01 8.794975e+01
      vertex   -6.777624e+01 -6.069633e+01 8.794975e+01
    endloop
  endfacet
  facet normal 0.000000e+00 0.000000e+00 1.000000e+00
    outer loop
      vertex   -6.777624e+01 -6.069633e+01 8.794975e+01
      vertex   -6.218788e+01 -6.056824e+01 8.794975e+01
      vertex   -6.303812e+01 -5.943994e+01 8.794975e+01
    endloop
  endfacet
  facet normal 0.000000e+00 0.000000e+00 1.000000e+00
    outer loop
      vertex   -6.777624e+01 -6.069633e+01 8.794975e+01
      vertex   -6.303812e+01 -5.943994e+01 8.794975e+01
      vertex   -6.769149e+01 -6.031403e+01 8.794975e+01
    endloop
  endfacet
  facet normal 0.000000e+00 0.000000e+00 1.000000e+00
    outer loop
      vertex   -6.769149e+01 -6.031403e+01 8.794975e+01
      vertex   -6.303812e+01 -5.943994e+01 8.794975e+01
      vertex   -6.402306e+01 -5.842710e+01 8.794975e+01
    endloop
  endfacet
  facet normal 0.000000e+00 -0.000000e+00 1.000000e+00
    outer loop
      vertex   -6.769149e+01 -6.031403e+01 8.794975e+01
      vertex   -6.402306e+01 -5.842710e+01 8.794975e+01
      vertex   -6.770857e+01 -5.992283e+01 8.794975e+01
    endloop
  endfacet
  facet normal 2.602779e-14 -6.413287e-14 1.000000e+00
    outer loop
      vertex   -6.770857e+01 -5.992283e+01 8.794975e+01
      vertex   -6.402306e+01 -5.842710e+01 8.794975e+01
      vertex   -6.512719e+01 -5.754569e+01 8.794975e+01
    endloop
  endfacet
  facet normal 0.000000e+00 0.000000e+00 1.000000e+00
    outer loop
      vertex   -7.066299e+01 -6.044377e+01 8.794975e+01
      vertex   -7.700870e+01 -6.340283e+01 8.794975e+01
      vertex   -7.054524e+01 -6.081723e+01 8.794975e+01
    endloop
  endfacet
  facet normal 0.000000e+00 0.000000e+00 1.000000e+00
    outer loop
      vertex   -7.054524e+01 -6.081723e+01 8.794975e+01
      vertex   -7.700870e+01 -6.340283e+01 8.794975e+01
      vertex   -7.679831e+01 -6.373308e+01 8.794975e+01
    endloop
  endfacet
  facet normal 0.000000e+00 0.000000e+00 1.000000e+00
    outer loop
      vertex   -7.054524e+01 -6.081723e+01 8.794975e+01
      vertex   -7.679831e+01 -6.373308e+01 8.794975e+01
      vertex   -7.015316e+01 -6.284115e+01 8.794975e+01
    endloop
  endfacet
  facet normal 0.000000e+00 0.000000e+00 1.000000e+00
    outer loop
      vertex   -7.015316e+01 -6.284115e+01 8.794975e+01
      vertex   -7.679831e+01 -6.373308e+01 8.794975e+01
      vertex   -7.549992e+01 -6.533439e+01 8.794975e+01
    endloop
  endfacet
  facet normal 0.000000e+00 0.000000e+00 1.000000e+00
    outer loop
      vertex   -7.549992e+01 -6.533439e+01 8.794975e+01
      vertex   -7.679831e+01 -6.373308e+01 8.794975e+01
      vertex   -7.668056e+01 -6.410654e+01 8.794975e+01
    endloop
  endfacet
  facet normal 0.000000e+00 0.000000e+00 1.000000e+00
    outer loop
      vertex   -7.549992e+01 -6.533439e+01 8.794975e+01
      vertex   -7.668056e+01 -6.410654e+01 8.794975e+01
      vertex   -7.666348e+01 -6.449774e+01 8.794975e+01
    endloop
  endfacet
  facet normal 0.000000e+00 -0.000000e+00 1.000000e+00
    outer loop
      vertex   -7.700870e+01 -6.340283e+01 8.794975e+01
      vertex   -7.066299e+01 -6.044377e+01 8.794975e+01
      vertex   -7.729741e+01 -6.313828e+01 8.794975e+01
    endloop
  endfacet
  facet normal 0.000000e+00 0.000000e+00 1.000000e+00
    outer loop
      vertex   -7.729741e+01 -6.313828e+01 8.794975e+01
      vertex   -7.066299e+01 -6.044377e+01 8.794975e+01
      vertex   -7.068007e+01 -6.005257e+01 8.794975e+01
    endloop
  endfacet
  facet normal -1.553204e-15 1.423249e-15 1.000000e+00
    outer loop
      vertex   -6.795705e+01 -6.104367e+01 8.794975e+01
      vertex   -6.822160e+01 -6.133237e+01 8.794975e+01
      vertex   -6.487134e+01 -6.766100e+01 8.794975e+01
    endloop
  endfacet
  facet normal -9.582522e-17 2.194758e-15 1.000000e+00
    outer loop
      vertex   -6.487134e+01 -6.766100e+01 8.794975e+01
      vertex   -6.822160e+01 -6.133237e+01 8.794975e+01
      vertex   -6.526255e+01 -6.767808e+01 8.794975e+01
    endloop
  endfacet
  facet normal -1.099926e-15 1.726538e-15 1.000000e+00
    outer loop
      vertex   -6.526255e+01 -6.767808e+01 8.794975e+01
      vertex   -6.822160e+01 -6.133237e+01 8.794975e+01
      vertex   -6.855185e+01 -6.154276e+01 8.794975e+01
    endloop
  endfacet
  facet normal -6.247067e-16 1.981316e-15 1.000000e+00
    outer loop
      vertex   -6.526255e+01 -6.767808e+01 8.794975e+01
      vertex   -6.855185e+01 -6.154276e+01 8.794975e+01
      vertex   -6.563600e+01 -6.779583e+01 8.794975e+01
    endloop
  endfacet
  facet normal -1.337144e-15 1.649101e-15 1.000000e+00
    outer loop
      vertex   -6.563600e+01 -6.779583e+01 8.794975e+01
      vertex   -6.855185e+01 -6.154276e+01 8.794975e+01
      vertex   -7.015316e+01 -6.284115e+01 8.794975e+01
    endloop
  endfacet
  facet normal -6.439704e-15 -3.002883e-15 1.000000e+00
    outer loop
      vertex   -6.563600e+01 -6.779583e+01 8.794975e+01
      vertex   -7.015316e+01 -6.284115e+01 8.794975e+01
      vertex   -6.765993e+01 -6.818791e+01 8.794975e+01
    endloop
  endfacet
  facet normal 0.000000e+00 0.000000e+00 1.000000e+00
    outer loop
      vertex   -6.855185e+01 -6.154276e+01 8.794975e+01
      vertex   -6.892531e+01 -6.166051e+01 8.794975e+01
      vertex   -7.015316e+01 -6.284115e+01 8.794975e+01
    endloop
  endfacet
  facet normal 0.000000e+00 0.000000e+00 1.000000e+00
    outer loop
      vertex   -7.015316e+01 -6.284115e+01 8.794975e+01
      vertex   -6.892531e+01 -6.166051e+01 8.794975e+01
      vertex   -6.931651e+01 -6.167759e+01 8.794975e+01
    endloop
  endfacet
  facet normal 0.000000e+00 0.000000e+00 1.000000e+00
    outer loop
      vertex   -7.015316e+01 -6.284115e+01 8.794975e+01
      vertex   -6.931651e+01 -6.167759e+01 8.794975e+01
      vertex   -6.969881e+01 -6.159284e+01 8.794975e+01
    endloop
  endfacet
  facet normal 0.000000e+00 0.000000e+00 1.000000e+00
    outer loop
      vertex   -6.969881e+01 -6.159284e+01 8.794975e+01
      vertex   -7.004615e+01 -6.141203e+01 8.794975e+01
      vertex   -7.015316e+01 -6.284115e+01 8.794975e+01
    endloop
  endfacet
  facet normal 0.000000e+00 -0.000000e+00 1.000000e+00
    outer loop
      vertex   -7.015316e+01 -6.284115e+01 8.794975e+01
      vertex   -7.004615e+01 -6.141203e+01 8.794975e+01
      vertex   -7.033485e+01 -6.114748e+01 8.794975e+01
    endloop
  endfacet
  facet normal 0.000000e+00 0.000000e+00 1.000000e+00
    outer loop
      vertex   -7.015316e+01 -6.284115e+01 8.794975e+01
      vertex   -7.033485e+01 -6.114748e+01 8.794975e+01
      vertex   -7.054524e+01 -6.081723e+01 8.794975e+01
    endloop
  endfacet
  facet normal 0.000000e+00 0.000000e+00 1.000000e+00
    outer loop
      vertex   -7.666348e+01 -6.449774e+01 8.794975e+01
      vertex   -7.674823e+01 -6.488004e+01 8.794975e+01
      vertex   -7.549992e+01 -6.533439e+01 8.794975e+01
    endloop
  endfacet
  facet normal 0.000000e+00 0.000000e+00 1.000000e+00
    outer loop
      vertex   -7.549992e+01 -6.533439e+01 8.794975e+01
      vertex   -7.674823e+01 -6.488004e+01 8.794975e+01
      vertex   -7.692904e+01 -6.522737e+01 8.794975e+01
    endloop
  endfacet
  facet normal 0.000000e+00 0.000000e+00 1.000000e+00
    outer loop
      vertex   -7.549992e+01 -6.533439e+01 8.794975e+01
      vertex   -7.692904e+01 -6.522737e+01 8.794975e+01
      vertex   -7.719359e+01 -6.551607e+01 8.794975e+01
    endloop
  endfacet
  facet normal -0.000000e+00 0.000000e+00 1.000000e+00
    outer loop
      vertex   -7.719359e+01 -6.551607e+01 8.794975e+01
      vertex   -7.752384e+01 -6.572647e+01 8.794975e+01
      vertex   -7.549992e+01 -6.533439e+01 8.794975e+01
    endloop
  endfacet
  facet normal 0.000000e+00 0.000000e+00 1.000000e+00
    outer loop
      vertex   -7.549992e+01 -6.533439e+01 8.794975e+01
      vertex   -7.752384e+01 -6.572647e+01 8.794975e+01
      vertex   -7.300668e+01 -7.068115e+01 8.794975e+01
    endloop
  endfacet
  facet normal 0.000000e+00 0.000000e+00 1.000000e+00
    outer loop
      vertex   -7.300668e+01 -7.068115e+01 8.794975e+01
      vertex   -7.752384e+01 -6.572647e+01 8.794975e+01
      vertex   -7.460799e+01 -7.197954e+01 8.794975e+01
    endloop
  endfacet
  facet normal 0.000000e+00 0.000000e+00 1.000000e+00
    outer loop
      vertex   -7.300668e+01 -7.068115e+01 8.794975e+01
      vertex   -7.460799e+01 -7.197954e+01 8.794975e+01
      vertex   -7.423453e+01 -7.186179e+01 8.794975e+01
    endloop
  endfacet
  facet normal 0.000000e+00 0.000000e+00 1.000000e+00
    outer loop
      vertex   -7.752384e+01 -6.572647e+01 8.794975e+01
      vertex   -7.789730e+01 -6.584422e+01 8.794975e+01
      vertex   -7.460799e+01 -7.197954e+01 8.794975e+01
    endloop
  endfacet
  facet normal 0.000000e+00 0.000000e+00 1.000000e+00
    outer loop
      vertex   -7.460799e+01 -7.197954e+01 8.794975e+01
      vertex   -7.789730e+01 -6.584422e+01 8.794975e+01
      vertex   -7.493824e+01 -7.218993e+01 8.794975e+01
    endloop
  endfacet
  facet normal 0.000000e+00 0.000000e+00 1.000000e+00
    outer loop
      vertex   -7.493824e+01 -7.218993e+01 8.794975e+01
      vertex   -7.789730e+01 -6.584422e+01 8.794975e+01
      vertex   -7.828850e+01 -6.586130e+01 8.794975e+01
    endloop
  endfacet
  facet normal 0.000000e+00 0.000000e+00 1.000000e+00
    outer loop
      vertex   -7.493824e+01 -7.218993e+01 8.794975e+01
      vertex   -7.828850e+01 -6.586130e+01 8.794975e+01
      vertex   -7.520279e+01 -7.247863e+01 8.794975e+01
    endloop
  endfacet
  facet normal -7.679078e-14 -6.226441e-14 1.000000e+00
    outer loop
      vertex   -6.647928e+01 -6.941576e+01 8.794975e+01
      vertex   -6.765993e+01 -6.818791e+01 8.794975e+01
      vertex   -6.636153e+01 -6.978922e+01 8.794975e+01
    endloop
  endfacet
  facet normal 0.000000e+00 0.000000e+00 1.000000e+00
    outer loop
      vertex   -6.636153e+01 -6.978922e+01 8.794975e+01
      vertex   -6.765993e+01 -6.818791e+01 8.794975e+01
      vertex   -7.300668e+01 -7.068115e+01 8.794975e+01
    endloop
  endfacet
  facet normal 0.000000e+00 0.000000e+00 1.000000e+00
    outer loop
      vertex   -6.636153e+01 -6.978922e+01 8.794975e+01
      vertex   -7.300668e+01 -7.068115e+01 8.794975e+01
      vertex   -7.261460e+01 -7.270507e+01 8.794975e+01
    endloop
  endfacet
  facet normal 0.000000e+00 0.000000e+00 1.000000e+00
    outer loop
      vertex   -7.261460e+01 -7.270507e+01 8.794975e+01
      vertex   -7.300668e+01 -7.068115e+01 8.794975e+01
      vertex   -7.282500e+01 -7.237482e+01 8.794975e+01
    endloop
  endfacet
  facet normal 0.000000e+00 0.000000e+00 1.000000e+00
    outer loop
      vertex   -7.282500e+01 -7.237482e+01 8.794975e+01
      vertex   -7.300668e+01 -7.068115e+01 8.794975e+01
      vertex   -7.311370e+01 -7.211027e+01 8.794975e+01
    endloop
  endfacet
  facet normal 0.000000e+00 -0.000000e+00 1.000000e+00
    outer loop
      vertex   -7.311370e+01 -7.211027e+01 8.794975e+01
      vertex   -7.300668e+01 -7.068115e+01 8.794975e+01
      vertex   -7.346103e+01 -7.192946e+01 8.794975e+01
    endloop
  endfacet
  facet normal 0.000000e+00 -0.000000e+00 1.000000e+00
    outer loop
      vertex   -7.346103e+01 -7.192946e+01 8.794975e+01
      vertex   -7.300668e+01 -7.068115e+01 8.794975e+01
      vertex   -7.384333e+01 -7.184471e+01 8.794975e+01
    endloop
  endfacet
  facet normal 0.000000e+00 -0.000000e+00 1.000000e+00
    outer loop
      vertex   -7.384333e+01 -7.184471e+01 8.794975e+01
      vertex   -7.300668e+01 -7.068115e+01 8.794975e+01
      vertex   -7.423453e+01 -7.186179e+01 8.794975e+01
    endloop
  endfacet
  facet normal -1.260910e-14 -5.505254e-16 1.000000e+00
    outer loop
      vertex   -6.647928e+01 -6.941576e+01 8.794975e+01
      vertex   -6.649637e+01 -6.902456e+01 8.794975e+01
      vertex   -6.765993e+01 -6.818791e+01 8.794975e+01
    endloop
  endfacet
  facet normal -1.053405e-14 2.335343e-15 1.000000e+00
    outer loop
      vertex   -6.765993e+01 -6.818791e+01 8.794975e+01
      vertex   -6.649637e+01 -6.902456e+01 8.794975e+01
      vertex   -6.641161e+01 -6.864226e+01 8.794975e+01
    endloop
  endfacet
  facet normal -9.570681e-15 4.982181e-15 1.000000e+00
    outer loop
      vertex   -6.765993e+01 -6.818791e+01 8.794975e+01
      vertex   -6.641161e+01 -6.864226e+01 8.794975e+01
      vertex   -6.623080e+01 -6.829493e+01 8.794975e+01
    endloop
  endfacet
  facet normal -9.305263e-15 8.526702e-15 1.000000e+00
    outer loop
      vertex   -6.623080e+01 -6.829493e+01 8.794975e+01
      vertex   -6.596625e+01 -6.800622e+01 8.794975e+01
      vertex   -6.765993e+01 -6.818791e+01 8.794975e+01
    endloop
  endfacet
  facet normal -1.008951e-14 1.583736e-14 1.000000e+00
    outer loop
      vertex   -6.765993e+01 -6.818791e+01 8.794975e+01
      vertex   -6.596625e+01 -6.800622e+01 8.794975e+01
      vertex   -6.563600e+01 -6.779583e+01 8.794975e+01
    endloop
  endfacet
  facet normal -2.104670e-15 -9.189188e-17 1.000000e+00
    outer loop
      vertex   -7.247977e+01 -7.346973e+01 8.794975e+01
      vertex   -6.586244e+01 -7.038402e+01 8.794975e+01
      vertex   -7.249685e+01 -7.307853e+01 8.794975e+01
    endloop
  endfacet
  facet normal -1.484170e-15 -1.619687e-15 1.000000e+00
    outer loop
      vertex   -7.249685e+01 -7.307853e+01 8.794975e+01
      vertex   -6.586244e+01 -7.038402e+01 8.794975e+01
      vertex   -6.615114e+01 -7.011947e+01 8.794975e+01
    endloop
  endfacet
  facet normal -1.952390e-15 -6.155862e-16 1.000000e+00
    outer loop
      vertex   -7.249685e+01 -7.307853e+01 8.794975e+01
      vertex   -6.615114e+01 -7.011947e+01 8.794975e+01
      vertex   -7.261460e+01 -7.270507e+01 8.794975e+01
    endloop
  endfacet
  facet normal -1.546967e-14 3.317481e-14 1.000000e+00
    outer loop
      vertex   -7.261460e+01 -7.270507e+01 8.794975e+01
      vertex   -6.615114e+01 -7.011947e+01 8.794975e+01
      vertex   -6.636153e+01 -6.978922e+01 8.794975e+01
    endloop
  endfacet
  facet normal 9.191737e-01 3.938525e-01 -5.331207e-15
    outer loop
      vertex   -2.042698e+01 -1.455783e+02 8.594975e+01
      vertex   -1.986880e+01 -1.468810e+02 8.594975e+01
      vertex   -2.042698e+01 -1.455783e+02 7.894975e+01
    endloop
  endfacet
  facet normal 9.205188e-01 3.906975e-01 -6.943997e-04
    outer loop
      vertex   -2.042698e+01 -1.455783e+02 7.894975e+01
      vertex   -1.986880e+01 -1.468810e+02 8.594975e+01
      vertex   -1.981998e+01 -1.470069e+02 7.982475e+01
    endloop
  endfacet
  facet normal 9.176080e-01 3.973022e-01 1.210811e-02
    outer loop
      vertex   -2.042698e+01 -1.455783e+02 7.894975e+01
      vertex   -1.981998e+01 -1.470069e+02 7.982475e+01
      vertex   -1.993173e+01 -1.467221e+02 7.894975e+01
    endloop
  endfacet
  facet normal 9.383879e-01 3.455045e-01 -7.402737e-03
    outer loop
      vertex   -1.993173e+01 -1.467221e+02 7.894975e+01
      vertex   -1.981998e+01 -1.470069e+02 7.982475e+01
      vertex   -1.950036e+01 -1.478937e+02 7.894975e+01
    endloop
  endfacet
  facet normal 9.456174e-01 3.248804e-01 1.614110e-02
    outer loop
      vertex   -1.950036e+01 -1.478937e+02 7.894975e+01
      vertex   -1.981998e+01 -1.470069e+02 7.982475e+01
      vertex   -1.929963e+01 -1.485214e+02 7.982475e+01
    endloop
  endfacet
  facet normal 9.564792e-01 2.916217e-01 -1.021083e-02
    outer loop
      vertex   -1.950036e+01 -1.478937e+02 7.894975e+01
      vertex   -1.929963e+01 -1.485214e+02 7.982475e+01
      vertex   -1.913648e+01 -1.490872e+02 7.894975e+01
    endloop
  endfacet
  facet normal 9.672344e-01 2.533454e-01 1.654376e-02
    outer loop
      vertex   -1.913648e+01 -1.490872e+02 7.894975e+01
      vertex   -1.929963e+01 -1.485214e+02 7.982475e+01
      vertex   -1.888590e+01 -1.501010e+02 7.982475e+01
    endloop
  endfacet
  facet normal 9.719140e-01 2.352662e-01 -5.743242e-03
    outer loop
      vertex   -1.913648e+01 -1.490872e+02 7.894975e+01
      vertex   -1.888590e+01 -1.501010e+02 7.982475e+01
      vertex   -1.884358e+01 -1.502972e+02 7.894975e+01
    endloop
  endfacet
  facet normal 9.844085e-01 1.757053e-01 8.215465e-03
    outer loop
      vertex   -1.884358e+01 -1.502972e+02 7.894975e+01
      vertex   -1.888590e+01 -1.501010e+02 7.982475e+01
      vertex   -1.859711e+01 -1.517190e+02 7.982475e+01
    endloop
  endfacet
  facet normal 9.844074e-01 1.757111e-01 8.225275e-03
    outer loop
      vertex   -1.884358e+01 -1.502972e+02 7.894975e+01
      vertex   -1.859711e+01 -1.517190e+02 7.982475e+01
      vertex   -1.862440e+01 -1.515251e+02 7.894975e+01
    endloop
  endfacet
  facet normal 9.936836e-01 1.120480e-01 -6.170145e-03
    outer loop
      vertex   -1.862440e+01 -1.515251e+02 7.894975e+01
      vertex   -1.859711e+01 -1.517190e+02 7.982475e+01
      vertex   -1.848452e+01 -1.527657e+02 7.894975e+01
    endloop
  endfacet
  facet normal 9.956562e-01 9.112210e-02 1.911531e-02
    outer loop
      vertex   -1.848452e+01 -1.527657e+02 7.894975e+01
      vertex   -1.859711e+01 -1.517190e+02 7.982475e+01
      vertex   -1.844835e+01 -1.533444e+02 7.982475e+01
    endloop
  endfacet
  facet normal 9.989768e-01 4.344839e-02 -1.255268e-02
    outer loop
      vertex   -1.848452e+01 -1.527657e+02 7.894975e+01
      vertex   -1.844835e+01 -1.533444e+02 7.982475e+01
      vertex   -1.843039e+01 -1.540102e+02 7.894975e+01
    endloop
  endfacet
  facet normal 9.997715e-01 -1.083950e-03 2.134766e-02
    outer loop
      vertex   -1.843039e+01 -1.540102e+02 7.894975e+01
      vertex   -1.844835e+01 -1.533444e+02 7.982475e+01
      vertex   -1.845008e+01 -1.549432e+02 7.982475e+01
    endloop
  endfacet
  facet normal 9.994723e-01 -3.079456e-02 -1.033928e-02
    outer loop
      vertex   -1.843039e+01 -1.540102e+02 7.894975e+01
      vertex   -1.845008e+01 -1.549432e+02 7.982475e+01
      vertex   -1.846863e+01 -1.552514e+02 7.894975e+01
    endloop
  endfacet
  facet normal 9.947281e-01 -1.014932e-01 1.466674e-02
    outer loop
      vertex   -1.846863e+01 -1.552514e+02 7.894975e+01
      vertex   -1.845008e+01 -1.549432e+02 7.982475e+01
      vertex   -1.860695e+01 -1.564806e+02 7.982475e+01
    endloop
  endfacet
  facet normal 9.937081e-01 -1.120010e-01 -2.555752e-04
    outer loop
      vertex   -1.846863e+01 -1.552514e+02 7.894975e+01
      vertex   -1.860695e+01 -1.564806e+02 7.982475e+01
      vertex   -1.860801e+01 -1.564880e+02 7.894975e+01
    endloop
  endfacet
  facet normal 9.832460e-01 -1.822830e-01 3.528269e-04
    outer loop
      vertex   -1.860801e+01 -1.564880e+02 7.894975e+01
      vertex   -1.860695e+01 -1.564806e+02 7.982475e+01
      vertex   -1.874325e+01 -1.572158e+02 7.982475e+01
    endloop
  endfacet
  facet normal 9.793297e-01 -2.016104e-01 -1.632868e-02
    outer loop
      vertex   -1.860801e+01 -1.564880e+02 7.894975e+01
      vertex   -1.874325e+01 -1.572158e+02 7.982475e+01
      vertex   -1.885856e+01 -1.577051e+02 7.894975e+01
    endloop
  endfacet
  facet normal 9.710983e-01 -2.386179e-01 5.449022e-03
    outer loop
      vertex   -1.885856e+01 -1.577051e+02 7.894975e+01
      vertex   -1.874325e+01 -1.572158e+02 7.982475e+01
      vertex   -1.891716e+01 -1.579236e+02 7.982475e+01
    endloop
  endfacet
  facet normal 9.537508e-01 -3.003919e-01 -1.113646e-02
    outer loop
      vertex   -1.885856e+01 -1.577051e+02 7.894975e+01
      vertex   -1.891716e+01 -1.579236e+02 7.982475e+01
      vertex   -1.923031e+01 -1.588854e+02 7.894975e+01
    endloop
  endfacet
  facet normal 9.504264e-01 -3.109451e-01 1.653752e-03
    outer loop
      vertex   -1.923031e+01 -1.588854e+02 7.894975e+01
      vertex   -1.891716e+01 -1.579236e+02 7.982475e+01
      vertex   -1.924151e+01 -1.589150e+02 7.982475e+01
    endloop
  endfacet
  facet normal 9.164674e-01 -4.001052e-01 -1.794915e-03
    outer loop
      vertex   -1.923031e+01 -1.588854e+02 7.894975e+01
      vertex   -1.924151e+01 -1.589150e+02 7.982475e+01
      vertex   -1.964033e+01 -1.598285e+02 7.982475e+01
    endloop
  endfacet
  facet normal 9.164689e-01 -4.001059e-01 0.000000e+00
    outer loop
      vertex   -1.964033e+01 -1.598285e+02 7.982475e+01
      vertex   -1.924151e+01 -1.589150e+02 7.982475e+01
      vertex   -1.964033e+01 -1.598285e+02 8.069975e+01
    endloop
  endfacet
  facet normal 8.712677e-01 -4.908080e-01 0.000000e+00
    outer loop
      vertex   -1.964033e+01 -1.598285e+02 7.982475e+01
      vertex   -1.964033e+01 -1.598285e+02 8.069975e+01
      vertex   -2.010671e+01 -1.606564e+02 8.069975e+01
    endloop
  endfacet
  facet normal 8.712677e-01 -4.908080e-01 0.000000e+00
    outer loop
      vertex   -2.010671e+01 -1.606564e+02 8.069975e+01
      vertex   -1.964033e+01 -1.598285e+02 8.069975e+01
      vertex   -2.010671e+01 -1.606564e+02 8.157475e+01
    endloop
  endfacet
  facet normal 8.139519e-01 -5.809323e-01 0.000000e+00
    outer loop
      vertex   -2.010671e+01 -1.606564e+02 8.069975e+01
      vertex   -2.010671e+01 -1.606564e+02 8.157475e+01
      vertex   -2.063260e+01 -1.613932e+02 8.157475e+01
    endloop
  endfacet
  facet normal 8.139519e-01 -5.809323e-01 0.000000e+00
    outer loop
      vertex   -2.063260e+01 -1.613932e+02 8.157475e+01
      vertex   -2.010671e+01 -1.606564e+02 8.157475e+01
      vertex   -2.063260e+01 -1.613932e+02 8.244975e+01
    endloop
  endfacet
  facet normal 7.443193e-01 -6.678239e-01 0.000000e+00
    outer loop
      vertex   -2.063260e+01 -1.613932e+02 8.157475e+01
      vertex   -2.063260e+01 -1.613932e+02 8.244975e+01
      vertex   -2.120917e+01 -1.620358e+02 8.244975e+01
    endloop
  endfacet
  facet normal 7.443193e-01 -6.678239e-01 0.000000e+00
    outer loop
      vertex   -2.120917e+01 -1.620358e+02 8.244975e+01
      vertex   -2.063260e+01 -1.613932e+02 8.244975e+01
      vertex   -2.120917e+01 -1.620358e+02 8.419975e+01
    endloop
  endfacet
  facet normal 6.630923e-01 -7.485376e-01 0.000000e+00
    outer loop
      vertex   -2.120917e+01 -1.620358e+02 8.244975e+01
      vertex   -2.120917e+01 -1.620358e+02 8.419975e+01
      vertex   -2.182719e+01 -1.625833e+02 8.419975e+01
    endloop
  endfacet
  facet normal 6.630871e-01 -7.485316e-01 -3.993990e-03
    outer loop
      vertex   -2.182719e+01 -1.625833e+02 8.419975e+01
      vertex   -2.120917e+01 -1.620358e+02 8.419975e+01
      vertex   -2.131543e+01 -1.621393e+02 8.594975e+01
    endloop
  endfacet
  facet normal 6.616528e-01 -7.498033e-01 -3.251933e-03
    outer loop
      vertex   -2.182719e+01 -1.625833e+02 8.419975e+01
      vertex   -2.131543e+01 -1.621393e+02 8.594975e+01
      vertex   -2.173438e+01 -1.625090e+02 8.594975e+01
    endloop
  endfacet
  facet normal 9.422270e-01 3.349679e-01 2.184399e-03
    outer loop
      vertex   -1.939843e+01 -1.482041e+02 8.594975e+01
      vertex   -1.981998e+01 -1.470069e+02 8.419975e+01
      vertex   -1.986880e+01 -1.468810e+02 8.594975e+01
    endloop
  endfacet
  facet normal 9.323686e-01 3.615090e-01 -3.788025e-15
    outer loop
      vertex   -1.986880e+01 -1.468810e+02 8.594975e+01
      vertex   -1.981998e+01 -1.470069e+02 8.419975e+01
      vertex   -1.981998e+01 -1.470069e+02 8.244975e+01
    endloop
  endfacet
  facet normal 9.323686e-01 3.615090e-01 0.000000e+00
    outer loop
      vertex   -1.986880e+01 -1.468810e+02 8.594975e+01
      vertex   -1.981998e+01 -1.470069e+02 8.244975e+01
      vertex   -1.981998e+01 -1.470069e+02 8.157475e+01
    endloop
  endfacet
  facet normal 9.457406e-01 3.249228e-01 -0.000000e+00
    outer loop
      vertex   -1.981998e+01 -1.470069e+02 8.157475e+01
      vertex   -1.981998e+01 -1.470069e+02 8.244975e+01
      vertex   -1.929963e+01 -1.485214e+02 8.244975e+01
    endloop
  endfacet
  facet normal 9.457406e-01 3.249228e-01 -1.053747e-14
    outer loop
      vertex   -1.981998e+01 -1.470069e+02 8.157475e+01
      vertex   -1.929963e+01 -1.485214e+02 8.244975e+01
      vertex   -1.929963e+01 -1.485214e+02 8.157475e+01
    endloop
  endfacet
  facet normal 9.673668e-01 2.533801e-01 -8.230280e-15
    outer loop
      vertex   -1.929963e+01 -1.485214e+02 8.157475e+01
      vertex   -1.929963e+01 -1.485214e+02 8.244975e+01
      vertex   -1.888590e+01 -1.501010e+02 8.244975e+01
    endloop
  endfacet
  facet normal 9.673668e-01 2.533801e-01 -8.236894e-15
    outer loop
      vertex   -1.929963e+01 -1.485214e+02 8.157475e+01
      vertex   -1.888590e+01 -1.501010e+02 8.244975e+01
      vertex   -1.888590e+01 -1.501010e+02 8.157475e+01
    endloop
  endfacet
  facet normal 9.844418e-01 1.757112e-01 -5.707443e-15
    outer loop
      vertex   -1.888590e+01 -1.501010e+02 8.157475e+01
      vertex   -1.888590e+01 -1.501010e+02 8.244975e+01
      vertex   -1.859711e+01 -1.517190e+02 8.244975e+01
    endloop
  endfacet
  facet normal 9.844418e-01 1.757112e-01 0.000000e+00
    outer loop
      vertex   -1.888590e+01 -1.501010e+02 8.157475e+01
      vertex   -1.859711e+01 -1.517190e+02 8.244975e+01
      vertex   -1.859711e+01 -1.517190e+02 8.157475e+01
    endloop
  endfacet
  facet normal 9.958382e-01 9.113875e-02 -0.000000e+00
    outer loop
      vertex   -1.859711e+01 -1.517190e+02 8.157475e+01
      vertex   -1.859711e+01 -1.517190e+02 8.244975e+01
      vertex   -1.844835e+01 -1.533444e+02 8.244975e+01
    endloop
  endfacet
  facet normal 9.958382e-01 9.113875e-02 0.000000e+00
    outer loop
      vertex   -1.859711e+01 -1.517190e+02 8.157475e+01
      vertex   -1.844835e+01 -1.533444e+02 8.244975e+01
      vertex   -1.844835e+01 -1.533444e+02 8.157475e+01
    endloop
  endfacet
  facet normal 9.999994e-01 -1.084197e-03 0.000000e+00
    outer loop
      vertex   -1.844835e+01 -1.533444e+02 8.157475e+01
      vertex   -1.844835e+01 -1.533444e+02 8.244975e+01
      vertex   -1.845008e+01 -1.549432e+02 8.244975e+01
    endloop
  endfacet
  facet normal 9.999994e-01 -1.084197e-03 -4.060176e-15
    outer loop
      vertex   -1.844835e+01 -1.533444e+02 8.157475e+01
      vertex   -1.845008e+01 -1.549432e+02 8.244975e+01
      vertex   -1.845008e+01 -1.549432e+02 8.157475e+01
    endloop
  endfacet
  facet normal 9.948351e-01 -1.015041e-01 -4.039274e-15
    outer loop
      vertex   -1.845008e+01 -1.549432e+02 8.157475e+01
      vertex   -1.845008e+01 -1.549432e+02 8.244975e+01
      vertex   -1.860695e+01 -1.564806e+02 8.244975e+01
    endloop
  endfacet
  facet normal 9.948351e-01 -1.015041e-01 -8.087178e-15
    outer loop
      vertex   -1.845008e+01 -1.549432e+02 8.157475e+01
      vertex   -1.860695e+01 -1.564806e+02 8.244975e+01
      vertex   -1.860695e+01 -1.564806e+02 8.157475e+01
    endloop
  endfacet
  facet normal 9.832461e-01 -1.822830e-01 -7.984439e-15
    outer loop
      vertex   -1.860695e+01 -1.564806e+02 8.157475e+01
      vertex   -1.860695e+01 -1.564806e+02 8.244975e+01
      vertex   -1.874325e+01 -1.572158e+02 8.244975e+01
    endloop
  endfacet
  facet normal 9.832461e-01 -1.822830e-01 -5.917771e-15
    outer loop
      vertex   -1.860695e+01 -1.564806e+02 8.157475e+01
      vertex   -1.874325e+01 -1.572158e+02 8.244975e+01
      vertex   -1.874325e+01 -1.572158e+02 8.157475e+01
    endloop
  endfacet
  facet normal 9.711127e-01 -2.386214e-01 -7.750890e-15
    outer loop
      vertex   -1.874325e+01 -1.572158e+02 8.157475e+01
      vertex   -1.874325e+01 -1.572158e+02 8.244975e+01
      vertex   -1.891716e+01 -1.579236e+02 8.244975e+01
    endloop
  endfacet
  facet normal 9.711127e-01 -2.386214e-01 -7.878093e-15
    outer loop
      vertex   -1.874325e+01 -1.572158e+02 8.157475e+01
      vertex   -1.891716e+01 -1.579236e+02 8.244975e+01
      vertex   -1.891716e+01 -1.579236e+02 8.157475e+01
    endloop
  endfacet
  facet normal 9.504277e-01 -3.109455e-01 -7.717937e-15
    outer loop
      vertex   -1.891716e+01 -1.579236e+02 8.157475e+01
      vertex   -1.891716e+01 -1.579236e+02 8.244975e+01
      vertex   -1.924151e+01 -1.589150e+02 8.244975e+01
    endloop
  endfacet
  facet normal 9.504277e-01 -3.109455e-01 -1.392752e-14
    outer loop
      vertex   -1.891716e+01 -1.579236e+02 8.157475e+01
      vertex   -1.924151e+01 -1.589150e+02 8.244975e+01
      vertex   -1.924151e+01 -1.589150e+02 8.157475e+01
    endloop
  endfacet
  facet normal 9.164689e-01 -4.001059e-01 -1.671731e-14
    outer loop
      vertex   -1.924151e+01 -1.589150e+02 8.157475e+01
      vertex   -1.924151e+01 -1.589150e+02 8.244975e+01
      vertex   -1.964033e+01 -1.598285e+02 8.244975e+01
    endloop
  endfacet
  facet normal 9.164689e-01 -4.001059e-01 -3.691456e-15
    outer loop
      vertex   -1.924151e+01 -1.589150e+02 8.157475e+01
      vertex   -1.964033e+01 -1.598285e+02 8.244975e+01
      vertex   -1.964033e+01 -1.598285e+02 8.157475e+01
    endloop
  endfacet
  facet normal 8.712677e-01 -4.908080e-01 -3.537560e-15
    outer loop
      vertex   -1.964033e+01 -1.598285e+02 8.157475e+01
      vertex   -1.964033e+01 -1.598285e+02 8.244975e+01
      vertex   -2.010671e+01 -1.606564e+02 8.244975e+01
    endloop
  endfacet
  facet normal 8.712677e-01 -4.908080e-01 0.000000e+00
    outer loop
      vertex   -1.964033e+01 -1.598285e+02 8.157475e+01
      vertex   -2.010671e+01 -1.606564e+02 8.244975e+01
      vertex   -2.010671e+01 -1.606564e+02 8.157475e+01
    endloop
  endfacet
  facet normal 8.139519e-01 -5.809323e-01 0.000000e+00
    outer loop
      vertex   -2.010671e+01 -1.606564e+02 8.157475e+01
      vertex   -2.010671e+01 -1.606564e+02 8.244975e+01
      vertex   -2.063260e+01 -1.613932e+02 8.244975e+01
    endloop
  endfacet
  facet normal 9.457261e-01 3.249178e-01 -5.533914e-03
    outer loop
      vertex   -1.981998e+01 -1.470069e+02 8.419975e+01
      vertex   -1.939843e+01 -1.482041e+02 8.594975e+01
      vertex   -1.929963e+01 -1.485214e+02 8.419975e+01
    endloop
  endfacet
  facet normal 9.617187e-01 2.740000e-01 4.602988e-03
    outer loop
      vertex   -1.929963e+01 -1.485214e+02 8.419975e+01
      vertex   -1.939843e+01 -1.482041e+02 8.594975e+01
      vertex   -1.901816e+01 -1.495388e+02 8.594975e+01
    endloop
  endfacet
  facet normal 9.673335e-01 2.533714e-01 -8.292214e-03
    outer loop
      vertex   -1.929963e+01 -1.485214e+02 8.419975e+01
      vertex   -1.901816e+01 -1.495388e+02 8.594975e+01
      vertex   -1.888590e+01 -1.501010e+02 8.419975e+01
    endloop
  endfacet
  facet normal 9.775940e-01 2.104053e-01 6.287010e-03
    outer loop
      vertex   -1.888590e+01 -1.501010e+02 8.419975e+01
      vertex   -1.901816e+01 -1.495388e+02 8.594975e+01
      vertex   -1.873030e+01 -1.508763e+02 8.594975e+01
    endloop
  endfacet
  facet normal 9.843955e-01 1.757029e-01 -9.691037e-03
    outer loop
      vertex   -1.888590e+01 -1.501010e+02 8.419975e+01
      vertex   -1.873030e+01 -1.508763e+02 8.594975e+01
      vertex   -1.859711e+01 -1.517190e+02 8.419975e+01
    endloop
  endfacet
  facet normal 9.896203e-01 1.435742e-01 6.179064e-03
    outer loop
      vertex   -1.859711e+01 -1.517190e+02 8.419975e+01
      vertex   -1.873030e+01 -1.508763e+02 8.594975e+01
      vertex   -1.853713e+01 -1.522077e+02 8.594975e+01
    endloop
  endfacet
  facet normal 9.958007e-01 9.113532e-02 -8.676335e-03
    outer loop
      vertex   -1.859711e+01 -1.517190e+02 8.419975e+01
      vertex   -1.853713e+01 -1.522077e+02 8.594975e+01
      vertex   -1.844835e+01 -1.533444e+02 8.419975e+01
    endloop
  endfacet
  facet normal 9.973367e-01 7.286166e-02 3.271151e-03
    outer loop
      vertex   -1.844835e+01 -1.533444e+02 8.419975e+01
      vertex   -1.853713e+01 -1.522077e+02 8.594975e+01
      vertex   -1.844098e+01 -1.535239e+02 8.594975e+01
    endloop
  endfacet
  facet normal 9.999901e-01 -1.084187e-03 -4.324945e-03
    outer loop
      vertex   -1.844835e+01 -1.533444e+02 8.419975e+01
      vertex   -1.844098e+01 -1.535239e+02 8.594975e+01
      vertex   -1.845008e+01 -1.549432e+02 8.419975e+01
    endloop
  endfacet
  facet normal 9.999917e-01 -2.187406e-03 -3.430227e-03
    outer loop
      vertex   -1.845008e+01 -1.549432e+02 8.419975e+01
      vertex   -1.844098e+01 -1.535239e+02 8.594975e+01
      vertex   -1.844378e+01 -1.548056e+02 8.594975e+01
    endloop
  endfacet
  facet normal 9.966456e-01 -8.178979e-02 2.840871e-03
    outer loop
      vertex   -1.845008e+01 -1.549432e+02 8.419975e+01
      vertex   -1.844378e+01 -1.548056e+02 8.594975e+01
      vertex   -1.854506e+01 -1.560398e+02 8.594975e+01
    endloop
  endfacet
  facet normal 9.947892e-01 -1.014994e-01 -9.610123e-03
    outer loop
      vertex   -1.845008e+01 -1.549432e+02 8.419975e+01
      vertex   -1.854506e+01 -1.560398e+02 8.594975e+01
      vertex   -1.860695e+01 -1.564806e+02 8.419975e+01
    endloop
  endfacet
  facet normal 9.860559e-01 -1.662666e-01 7.014618e-03
    outer loop
      vertex   -1.860695e+01 -1.564806e+02 8.419975e+01
      vertex   -1.854506e+01 -1.560398e+02 8.594975e+01
      vertex   -1.874379e+01 -1.572183e+02 8.594975e+01
    endloop
  endfacet
  facet normal 9.832461e-01 -1.822830e-01 4.339526e-05
    outer loop
      vertex   -1.860695e+01 -1.564806e+02 8.419975e+01
      vertex   -1.874379e+01 -1.572183e+02 8.594975e+01
      vertex   -1.874325e+01 -1.572158e+02 8.419975e+01
    endloop
  endfacet
  facet normal 9.711127e-01 -2.386214e-01 -3.969708e-05
    outer loop
      vertex   -1.874325e+01 -1.572158e+02 8.419975e+01
      vertex   -1.874379e+01 -1.572183e+02 8.594975e+01
      vertex   -1.891716e+01 -1.579236e+02 8.419975e+01
    endloop
  endfacet
  facet normal 9.711127e-01 -2.386214e-01 -1.903968e-15
    outer loop
      vertex   -1.874325e+01 -1.572158e+02 8.419975e+01
      vertex   -1.891716e+01 -1.579236e+02 8.419975e+01
      vertex   -1.874325e+01 -1.572158e+02 8.244975e+01
    endloop
  endfacet
  facet normal 9.711127e-01 -2.386214e-01 -3.873758e-15
    outer loop
      vertex   -1.874325e+01 -1.572158e+02 8.244975e+01
      vertex   -1.891716e+01 -1.579236e+02 8.419975e+01
      vertex   -1.891716e+01 -1.579236e+02 8.244975e+01
    endloop
  endfacet
  facet normal 9.666720e-01 -2.559119e-01 7.368445e-03
    outer loop
      vertex   -1.874379e+01 -1.572183e+02 8.594975e+01
      vertex   -1.903891e+01 -1.583331e+02 8.594975e+01
      vertex   -1.891716e+01 -1.579236e+02 8.419975e+01
    endloop
  endfacet
  facet normal 9.504068e-01 -3.109387e-01 -6.640757e-03
    outer loop
      vertex   -1.891716e+01 -1.579236e+02 8.419975e+01
      vertex   -1.903891e+01 -1.583331e+02 8.594975e+01
      vertex   -1.924151e+01 -1.589150e+02 8.419975e+01
    endloop
  endfacet
  facet normal 9.504277e-01 -3.109455e-01 -5.050059e-15
    outer loop
      vertex   -1.891716e+01 -1.579236e+02 8.419975e+01
      vertex   -1.924151e+01 -1.589150e+02 8.419975e+01
      vertex   -1.891716e+01 -1.579236e+02 8.244975e+01
    endloop
  endfacet
  facet normal 9.504277e-01 -3.109455e-01 5.047965e-15
    outer loop
      vertex   -1.891716e+01 -1.579236e+02 8.244975e+01
      vertex   -1.924151e+01 -1.589150e+02 8.419975e+01
      vertex   -1.924151e+01 -1.589150e+02 8.244975e+01
    endloop
  endfacet
  facet normal 9.363080e-01 -3.510810e-01 8.338641e-03
    outer loop
      vertex   -1.903891e+01 -1.583331e+02 8.594975e+01
      vertex   -1.943358e+01 -1.593857e+02 8.594975e+01
      vertex   -1.924151e+01 -1.589150e+02 8.419975e+01
    endloop
  endfacet
  facet normal 9.164463e-01 -4.000960e-01 -7.024309e-03
    outer loop
      vertex   -1.924151e+01 -1.589150e+02 8.419975e+01
      vertex   -1.943358e+01 -1.593857e+02 8.594975e+01
      vertex   -1.964033e+01 -1.598285e+02 8.419975e+01
    endloop
  endfacet
  facet normal 9.164689e-01 -4.001059e-01 6.498110e-15
    outer loop
      vertex   -1.924151e+01 -1.589150e+02 8.419975e+01
      vertex   -1.964033e+01 -1.598285e+02 8.419975e+01
      vertex   -1.924151e+01 -1.589150e+02 8.244975e+01
    endloop
  endfacet
  facet normal 9.164689e-01 -4.001059e-01 -1.877551e-15
    outer loop
      vertex   -1.924151e+01 -1.589150e+02 8.244975e+01
      vertex   -1.964033e+01 -1.598285e+02 8.419975e+01
      vertex   -1.964033e+01 -1.598285e+02 8.244975e+01
    endloop
  endfacet
  facet normal 8.916417e-01 -4.526481e-01 9.204732e-03
    outer loop
      vertex   -1.943358e+01 -1.593857e+02 8.594975e+01
      vertex   -1.994039e+01 -1.603840e+02 8.594975e+01
      vertex   -1.964033e+01 -1.598285e+02 8.419975e+01
    endloop
  endfacet
  facet normal 8.712499e-01 -4.907980e-01 -6.401217e-03
    outer loop
      vertex   -1.964033e+01 -1.598285e+02 8.419975e+01
      vertex   -1.994039e+01 -1.603840e+02 8.594975e+01
      vertex   -2.010671e+01 -1.606564e+02 8.419975e+01
    endloop
  endfacet
  facet normal 8.712677e-01 -4.908080e-01 -1.768780e-15
    outer loop
      vertex   -1.964033e+01 -1.598285e+02 8.419975e+01
      vertex   -2.010671e+01 -1.606564e+02 8.419975e+01
      vertex   -1.964033e+01 -1.598285e+02 8.244975e+01
    endloop
  endfacet
  facet normal 8.712677e-01 -4.908080e-01 -7.944918e-15
    outer loop
      vertex   -1.964033e+01 -1.598285e+02 8.244975e+01
      vertex   -2.010671e+01 -1.606564e+02 8.419975e+01
      vertex   -2.010671e+01 -1.606564e+02 8.244975e+01
    endloop
  endfacet
  facet normal 8.282868e-01 -5.602400e-01 8.492085e-03
    outer loop
      vertex   -1.994039e+01 -1.603840e+02 8.594975e+01
      vertex   -2.056630e+01 -1.613094e+02 8.594975e+01
      vertex   -2.010671e+01 -1.606564e+02 8.419975e+01
    endloop
  endfacet
  facet normal 8.139483e-01 -5.809297e-01 -2.993164e-03
    outer loop
      vertex   -2.010671e+01 -1.606564e+02 8.419975e+01
      vertex   -2.056630e+01 -1.613094e+02 8.594975e+01
      vertex   -2.063260e+01 -1.613932e+02 8.419975e+01
    endloop
  endfacet
  facet normal 8.139519e-01 -5.809323e-01 -9.434907e-15
    outer loop
      vertex   -2.010671e+01 -1.606564e+02 8.419975e+01
      vertex   -2.063260e+01 -1.613932e+02 8.419975e+01
      vertex   -2.010671e+01 -1.606564e+02 8.244975e+01
    endloop
  endfacet
  facet normal 8.139519e-01 -5.809323e-01 1.646912e-15
    outer loop
      vertex   -2.010671e+01 -1.606564e+02 8.244975e+01
      vertex   -2.063260e+01 -1.613932e+02 8.419975e+01
      vertex   -2.063260e+01 -1.613932e+02 8.244975e+01
    endloop
  endfacet
  facet normal 7.443139e-01 -6.678190e-01 3.809698e-03
    outer loop
      vertex   -2.063260e+01 -1.613932e+02 8.419975e+01
      vertex   -2.056630e+01 -1.613094e+02 8.594975e+01
      vertex   -2.120917e+01 -1.620358e+02 8.419975e+01
    endloop
  endfacet
  facet normal 7.423183e-01 -6.700251e-01 5.458631e-03
    outer loop
      vertex   -2.120917e+01 -1.620358e+02 8.419975e+01
      vertex   -2.056630e+01 -1.613094e+02 8.594975e+01
      vertex   -2.131543e+01 -1.621393e+02 8.594975e+01
    endloop
  endfacet
  facet normal 5.998718e-01 -8.000932e-01 2.160197e-03
    outer loop
      vertex   -2.173438e+01 -1.625090e+02 8.594975e+01
      vertex   -2.218204e+01 -1.628446e+02 8.594975e+01
      vertex   -2.182719e+01 -1.625833e+02 8.419975e+01
    endloop
  endfacet
  facet normal 5.720172e-01 -8.202159e-01 -6.492619e-03
    outer loop
      vertex   -2.182719e+01 -1.625833e+02 8.419975e+01
      vertex   -2.218204e+01 -1.628446e+02 8.594975e+01
      vertex   -2.247740e+01 -1.630368e+02 8.419975e+01
    endloop
  endfacet
  facet normal 5.720293e-01 -8.202332e-01 -2.322579e-15
    outer loop
      vertex   -2.182719e+01 -1.625833e+02 8.419975e+01
      vertex   -2.247740e+01 -1.630368e+02 8.419975e+01
      vertex   -2.182719e+01 -1.625833e+02 8.244975e+01
    endloop
  endfacet
  facet normal 5.720293e-01 -8.202332e-01 0.000000e+00
    outer loop
      vertex   -2.182719e+01 -1.625833e+02 8.244975e+01
      vertex   -2.247740e+01 -1.630368e+02 8.419975e+01
      vertex   -2.247740e+01 -1.630368e+02 8.244975e+01
    endloop
  endfacet
  facet normal 5.720293e-01 -8.202332e-01 0.000000e+00
    outer loop
      vertex   -2.182719e+01 -1.625833e+02 8.244975e+01
      vertex   -2.247740e+01 -1.630368e+02 8.244975e+01
      vertex   -2.182719e+01 -1.625833e+02 8.157475e+01
    endloop
  endfacet
  facet normal 5.720293e-01 -8.202332e-01 0.000000e+00
    outer loop
      vertex   -2.182719e+01 -1.625833e+02 8.157475e+01
      vertex   -2.247740e+01 -1.630368e+02 8.244975e+01
      vertex   -2.247740e+01 -1.630368e+02 8.157475e+01
    endloop
  endfacet
  facet normal 5.720293e-01 -8.202332e-01 0.000000e+00
    outer loop
      vertex   -2.182719e+01 -1.625833e+02 8.157475e+01
      vertex   -2.247740e+01 -1.630368e+02 8.157475e+01
      vertex   -2.182719e+01 -1.625833e+02 8.069975e+01
    endloop
  endfacet
  facet normal 5.720293e-01 -8.202332e-01 0.000000e+00
    outer loop
      vertex   -2.182719e+01 -1.625833e+02 8.069975e+01
      vertex   -2.247740e+01 -1.630368e+02 8.157475e+01
      vertex   -2.247740e+01 -1.630368e+02 8.069975e+01
    endloop
  endfacet
  facet normal 5.720293e-01 -8.202332e-01 0.000000e+00
    outer loop
      vertex   -2.182719e+01 -1.625833e+02 8.069975e+01
      vertex   -2.247740e+01 -1.630368e+02 8.069975e+01
      vertex   -2.182719e+01 -1.625833e+02 7.982475e+01
    endloop
  endfacet
  facet normal 5.720293e-01 -8.202332e-01 0.000000e+00
    outer loop
      vertex   -2.182719e+01 -1.625833e+02 7.982475e+01
      vertex   -2.247740e+01 -1.630368e+02 8.069975e+01
      vertex   -2.247740e+01 -1.630368e+02 7.982475e+01
    endloop
  endfacet
  facet normal 5.719820e-01 -8.201654e-01 1.285317e-02
    outer loop
      vertex   -2.182719e+01 -1.625833e+02 7.982475e+01
      vertex   -2.247740e+01 -1.630368e+02 7.982475e+01
      vertex   -2.209674e+01 -1.627850e+02 7.894975e+01
    endloop
  endfacet
  facet normal 5.422209e-01 -8.402155e-01 -5.863113e-03
    outer loop
      vertex   -2.209674e+01 -1.627850e+02 7.894975e+01
      vertex   -2.247740e+01 -1.630368e+02 7.982475e+01
      vertex   -2.260826e+01 -1.631151e+02 7.894975e+01
    endloop
  endfacet
  facet normal 5.136600e-01 -8.579938e-01 0.000000e+00
    outer loop
      vertex   -2.260826e+01 -1.631151e+02 7.894975e+01
      vertex   -2.247740e+01 -1.630368e+02 7.982475e+01
      vertex   -2.247740e+01 -1.630368e+02 8.069975e+01
    endloop
  endfacet
  facet normal 5.136600e-01 -8.579938e-01 0.000000e+00
    outer loop
      vertex   -2.260826e+01 -1.631151e+02 7.894975e+01
      vertex   -2.247740e+01 -1.630368e+02 8.069975e+01
      vertex   -2.247740e+01 -1.630368e+02 8.157475e+01
    endloop
  endfacet
  facet normal 5.324265e-01 -8.464707e-01 3.072000e-03
    outer loop
      vertex   -2.218204e+01 -1.628446e+02 8.594975e+01
      vertex   -2.265459e+01 -1.631419e+02 8.594975e+01
      vertex   -2.247740e+01 -1.630368e+02 8.419975e+01
    endloop
  endfacet
  facet normal 4.601896e-01 -8.877952e-01 -6.723693e-03
    outer loop
      vertex   -2.247740e+01 -1.630368e+02 8.419975e+01
      vertex   -2.265459e+01 -1.631419e+02 8.594975e+01
      vertex   -2.315079e+01 -1.633991e+02 8.594975e+01
    endloop
  endfacet
  facet normal 4.763206e-01 -8.792708e-01 1.248201e-03
    outer loop
      vertex   -2.247740e+01 -1.630368e+02 8.419975e+01
      vertex   -2.315079e+01 -1.633991e+02 8.594975e+01
      vertex   -2.260826e+01 -1.631151e+02 7.894975e+01
    endloop
  endfacet
  facet normal 4.637264e-01 -8.859785e-01 7.057971e-16
    outer loop
      vertex   -2.260826e+01 -1.631151e+02 7.894975e+01
      vertex   -2.315079e+01 -1.633991e+02 8.594975e+01
      vertex   -2.315079e+01 -1.633991e+02 7.894975e+01
    endloop
  endfacet
  facet normal 6.145873e-01 -7.888132e-01 -7.498235e-03
    outer loop
      vertex   -2.209674e+01 -1.627850e+02 7.894975e+01
      vertex   -2.161678e+01 -1.624111e+02 7.894975e+01
      vertex   -2.182719e+01 -1.625833e+02 7.982475e+01
    endloop
  endfacet
  facet normal 6.630438e-01 -7.484829e-01 1.209407e-02
    outer loop
      vertex   -2.182719e+01 -1.625833e+02 7.982475e+01
      vertex   -2.161678e+01 -1.624111e+02 7.894975e+01
      vertex   -2.120917e+01 -1.620358e+02 7.982475e+01
    endloop
  endfacet
  facet normal 6.630923e-01 -7.485376e-01 0.000000e+00
    outer loop
      vertex   -2.182719e+01 -1.625833e+02 7.982475e+01
      vertex   -2.120917e+01 -1.620358e+02 7.982475e+01
      vertex   -2.182719e+01 -1.625833e+02 8.069975e+01
    endloop
  endfacet
  facet normal 6.630923e-01 -7.485376e-01 0.000000e+00
    outer loop
      vertex   -2.182719e+01 -1.625833e+02 8.069975e+01
      vertex   -2.120917e+01 -1.620358e+02 7.982475e+01
      vertex   -2.120917e+01 -1.620358e+02 8.069975e+01
    endloop
  endfacet
  facet normal 6.630923e-01 -7.485376e-01 0.000000e+00
    outer loop
      vertex   -2.182719e+01 -1.625833e+02 8.069975e+01
      vertex   -2.120917e+01 -1.620358e+02 8.069975e+01
      vertex   -2.182719e+01 -1.625833e+02 8.157475e+01
    endloop
  endfacet
  facet normal 6.630923e-01 -7.485376e-01 0.000000e+00
    outer loop
      vertex   -2.182719e+01 -1.625833e+02 8.157475e+01
      vertex   -2.120917e+01 -1.620358e+02 8.069975e+01
      vertex   -2.120917e+01 -1.620358e+02 8.157475e+01
    endloop
  endfacet
  facet normal 6.630923e-01 -7.485376e-01 0.000000e+00
    outer loop
      vertex   -2.182719e+01 -1.625833e+02 8.157475e+01
      vertex   -2.120917e+01 -1.620358e+02 8.157475e+01
      vertex   -2.182719e+01 -1.625833e+02 8.244975e+01
    endloop
  endfacet
  facet normal 6.630923e-01 -7.485376e-01 0.000000e+00
    outer loop
      vertex   -2.182719e+01 -1.625833e+02 8.244975e+01
      vertex   -2.120917e+01 -1.620358e+02 8.157475e+01
      vertex   -2.120917e+01 -1.620358e+02 8.244975e+01
    endloop
  endfacet
  facet normal 6.630923e-01 -7.485376e-01 -2.692317e-15
    outer loop
      vertex   -2.182719e+01 -1.625833e+02 8.244975e+01
      vertex   -2.120917e+01 -1.620358e+02 8.244975e+01
      vertex   -2.182719e+01 -1.625833e+02 8.419975e+01
    endloop
  endfacet
  facet normal 6.801420e-01 -7.330762e-01 -2.477538e-03
    outer loop
      vertex   -2.161678e+01 -1.624111e+02 7.894975e+01
      vertex   -2.116893e+01 -1.619956e+02 7.894975e+01
      vertex   -2.120917e+01 -1.620358e+02 7.982475e+01
    endloop
  endfacet
  facet normal 7.384658e-01 -6.742847e-01 2.911520e-03
    outer loop
      vertex   -2.120917e+01 -1.620358e+02 7.982475e+01
      vertex   -2.116893e+01 -1.619956e+02 7.894975e+01
      vertex   -2.075436e+01 -1.615415e+02 7.894975e+01
    endloop
  endfacet
  facet normal 7.442850e-01 -6.677931e-01 9.603560e-03
    outer loop
      vertex   -2.120917e+01 -1.620358e+02 7.982475e+01
      vertex   -2.075436e+01 -1.615415e+02 7.894975e+01
      vertex   -2.063260e+01 -1.613932e+02 7.982475e+01
    endloop
  endfacet
  facet normal 7.892717e-01 -6.140171e-01 -5.770627e-03
    outer loop
      vertex   -2.063260e+01 -1.613932e+02 7.982475e+01
      vertex   -2.075436e+01 -1.615415e+02 7.894975e+01
      vertex   -2.037718e+01 -1.610567e+02 7.894975e+01
    endloop
  endfacet
  facet normal 8.138703e-01 -5.808740e-01 1.415726e-02
    outer loop
      vertex   -2.063260e+01 -1.613932e+02 7.982475e+01
      vertex   -2.037718e+01 -1.610567e+02 7.894975e+01
      vertex   -2.010671e+01 -1.606564e+02 7.982475e+01
    endloop
  endfacet
  facet normal 8.513966e-01 -5.239975e-01 -2.346218e-02
    outer loop
      vertex   -2.010671e+01 -1.606564e+02 7.982475e+01
      vertex   -2.037718e+01 -1.610567e+02 7.894975e+01
      vertex   -1.973344e+01 -1.600107e+02 7.894975e+01
    endloop
  endfacet
  facet normal 8.712284e-01 -4.907859e-01 9.505442e-03
    outer loop
      vertex   -2.010671e+01 -1.606564e+02 7.982475e+01
      vertex   -1.973344e+01 -1.600107e+02 7.894975e+01
      vertex   -1.964033e+01 -1.598285e+02 7.982475e+01
    endloop
  endfacet
  facet normal 9.128448e-01 -4.081262e-01 -1.213776e-02
    outer loop
      vertex   -1.964033e+01 -1.598285e+02 7.982475e+01
      vertex   -1.973344e+01 -1.600107e+02 7.894975e+01
      vertex   -1.923031e+01 -1.588854e+02 7.894975e+01
    endloop
  endfacet
  facet normal 5.136600e-01 -8.579938e-01 0.000000e+00
    outer loop
      vertex   -2.247740e+01 -1.630368e+02 8.157475e+01
      vertex   -2.247740e+01 -1.630368e+02 8.244975e+01
      vertex   -2.260826e+01 -1.631151e+02 7.894975e+01
    endloop
  endfacet
  facet normal 5.136600e-01 -8.579938e-01 0.000000e+00
    outer loop
      vertex   -2.260826e+01 -1.631151e+02 7.894975e+01
      vertex   -2.247740e+01 -1.630368e+02 8.244975e+01
      vertex   -2.247740e+01 -1.630368e+02 8.419975e+01
    endloop
  endfacet
  facet normal 9.323686e-01 3.615090e-01 0.000000e+00
    outer loop
      vertex   -1.986880e+01 -1.468810e+02 8.594975e+01
      vertex   -1.981998e+01 -1.470069e+02 8.069975e+01
      vertex   -1.981998e+01 -1.470069e+02 7.982475e+01
    endloop
  endfacet
  facet normal 9.457406e-01 3.249228e-01 -0.000000e+00
    outer loop
      vertex   -1.981998e+01 -1.470069e+02 7.982475e+01
      vertex   -1.981998e+01 -1.470069e+02 8.069975e+01
      vertex   -1.929963e+01 -1.485214e+02 8.069975e+01
    endloop
  endfacet
  facet normal 9.457406e-01 3.249228e-01 0.000000e+00
    outer loop
      vertex   -1.981998e+01 -1.470069e+02 7.982475e+01
      vertex   -1.929963e+01 -1.485214e+02 8.069975e+01
      vertex   -1.929963e+01 -1.485214e+02 7.982475e+01
    endloop
  endfacet
  facet normal 9.673668e-01 2.533801e-01 -0.000000e+00
    outer loop
      vertex   -1.929963e+01 -1.485214e+02 7.982475e+01
      vertex   -1.929963e+01 -1.485214e+02 8.069975e+01
      vertex   -1.888590e+01 -1.501010e+02 8.069975e+01
    endloop
  endfacet
  facet normal 9.673668e-01 2.533801e-01 3.963034e-15
    outer loop
      vertex   -1.929963e+01 -1.485214e+02 7.982475e+01
      vertex   -1.888590e+01 -1.501010e+02 8.069975e+01
      vertex   -1.888590e+01 -1.501010e+02 7.982475e+01
    endloop
  endfacet
  facet normal 9.844418e-01 1.757112e-01 3.997074e-15
    outer loop
      vertex   -1.888590e+01 -1.501010e+02 7.982475e+01
      vertex   -1.888590e+01 -1.501010e+02 8.069975e+01
      vertex   -1.859711e+01 -1.517190e+02 8.069975e+01
    endloop
  endfacet
  facet normal 9.844418e-01 1.757112e-01 0.000000e+00
    outer loop
      vertex   -1.888590e+01 -1.501010e+02 7.982475e+01
      vertex   -1.859711e+01 -1.517190e+02 8.069975e+01
      vertex   -1.859711e+01 -1.517190e+02 7.982475e+01
    endloop
  endfacet
  facet normal 9.958382e-01 9.113875e-02 -0.000000e+00
    outer loop
      vertex   -1.859711e+01 -1.517190e+02 7.982475e+01
      vertex   -1.859711e+01 -1.517190e+02 8.069975e+01
      vertex   -1.844835e+01 -1.533444e+02 8.069975e+01
    endloop
  endfacet
  facet normal 9.958382e-01 9.113875e-02 4.042371e-15
    outer loop
      vertex   -1.859711e+01 -1.517190e+02 7.982475e+01
      vertex   -1.844835e+01 -1.533444e+02 8.069975e+01
      vertex   -1.844835e+01 -1.533444e+02 7.982475e+01
    endloop
  endfacet
  facet normal 9.999994e-01 -1.084197e-03 4.060242e-15
    outer loop
      vertex   -1.844835e+01 -1.533444e+02 7.982475e+01
      vertex   -1.844835e+01 -1.533444e+02 8.069975e+01
      vertex   -1.845008e+01 -1.549432e+02 8.069975e+01
    endloop
  endfacet
  facet normal 9.999994e-01 -1.084197e-03 4.060176e-15
    outer loop
      vertex   -1.844835e+01 -1.533444e+02 7.982475e+01
      vertex   -1.845008e+01 -1.549432e+02 8.069975e+01
      vertex   -1.845008e+01 -1.549432e+02 7.982475e+01
    endloop
  endfacet
  facet normal 9.948351e-01 -1.015041e-01 4.039274e-15
    outer loop
      vertex   -1.845008e+01 -1.549432e+02 7.982475e+01
      vertex   -1.845008e+01 -1.549432e+02 8.069975e+01
      vertex   -1.860695e+01 -1.564806e+02 8.069975e+01
    endloop
  endfacet
  facet normal 9.948351e-01 -1.015041e-01 8.087178e-15
    outer loop
      vertex   -1.845008e+01 -1.549432e+02 7.982475e+01
      vertex   -1.860695e+01 -1.564806e+02 8.069975e+01
      vertex   -1.860695e+01 -1.564806e+02 7.982475e+01
    endloop
  endfacet
  facet normal 9.832461e-01 -1.822830e-01 7.984439e-15
    outer loop
      vertex   -1.860695e+01 -1.564806e+02 7.982475e+01
      vertex   -1.860695e+01 -1.564806e+02 8.069975e+01
      vertex   -1.874325e+01 -1.572158e+02 8.069975e+01
    endloop
  endfacet
  facet normal 9.832461e-01 -1.822830e-01 1.930169e-15
    outer loop
      vertex   -1.860695e+01 -1.564806e+02 7.982475e+01
      vertex   -1.874325e+01 -1.572158e+02 8.069975e+01
      vertex   -1.874325e+01 -1.572158e+02 7.982475e+01
    endloop
  endfacet
  facet normal 9.711127e-01 -2.386214e-01 3.807935e-15
    outer loop
      vertex   -1.874325e+01 -1.572158e+02 7.982475e+01
      vertex   -1.874325e+01 -1.572158e+02 8.069975e+01
      vertex   -1.891716e+01 -1.579236e+02 8.069975e+01
    endloop
  endfacet
  facet normal 9.711127e-01 -2.386214e-01 3.939046e-15
    outer loop
      vertex   -1.874325e+01 -1.572158e+02 7.982475e+01
      vertex   -1.891716e+01 -1.579236e+02 8.069975e+01
      vertex   -1.891716e+01 -1.579236e+02 7.982475e+01
    endloop
  endfacet
  facet normal 9.504277e-01 -3.109455e-01 3.858969e-15
    outer loop
      vertex   -1.891716e+01 -1.579236e+02 7.982475e+01
      vertex   -1.891716e+01 -1.579236e+02 8.069975e+01
      vertex   -1.924151e+01 -1.589150e+02 8.069975e+01
    endloop
  endfacet
  facet normal 9.504277e-01 -3.109455e-01 1.392752e-14
    outer loop
      vertex   -1.891716e+01 -1.579236e+02 7.982475e+01
      vertex   -1.924151e+01 -1.589150e+02 8.069975e+01
      vertex   -1.924151e+01 -1.589150e+02 7.982475e+01
    endloop
  endfacet
  facet normal 9.164689e-01 -4.001059e-01 1.671731e-14
    outer loop
      vertex   -1.924151e+01 -1.589150e+02 7.982475e+01
      vertex   -1.924151e+01 -1.589150e+02 8.069975e+01
      vertex   -1.964033e+01 -1.598285e+02 8.069975e+01
    endloop
  endfacet
  facet normal 7.443193e-01 -6.678239e-01 1.511059e-15
    outer loop
      vertex   -2.063260e+01 -1.613932e+02 8.244975e+01
      vertex   -2.063260e+01 -1.613932e+02 8.419975e+01
      vertex   -2.120917e+01 -1.620358e+02 8.419975e+01
    endloop
  endfacet
  facet normal 9.832461e-01 -1.822830e-01 -9.643446e-16
    outer loop
      vertex   -1.874325e+01 -1.572158e+02 8.244975e+01
      vertex   -1.860695e+01 -1.564806e+02 8.244975e+01
      vertex   -1.874325e+01 -1.572158e+02 8.419975e+01
    endloop
  endfacet
  facet normal 9.832461e-01 -1.822830e-01 -1.993801e-15
    outer loop
      vertex   -1.874325e+01 -1.572158e+02 8.419975e+01
      vertex   -1.860695e+01 -1.564806e+02 8.244975e+01
      vertex   -1.860695e+01 -1.564806e+02 8.419975e+01
    endloop
  endfacet
  facet normal 9.948351e-01 -1.015041e-01 -2.019637e-15
    outer loop
      vertex   -1.860695e+01 -1.564806e+02 8.244975e+01
      vertex   -1.845008e+01 -1.549432e+02 8.244975e+01
      vertex   -1.860695e+01 -1.564806e+02 8.419975e+01
    endloop
  endfacet
  facet normal 9.948351e-01 -1.015041e-01 -2.021794e-15
    outer loop
      vertex   -1.860695e+01 -1.564806e+02 8.419975e+01
      vertex   -1.845008e+01 -1.549432e+02 8.244975e+01
      vertex   -1.845008e+01 -1.549432e+02 8.419975e+01
    endloop
  endfacet
  facet normal 9.999994e-01 -1.084197e-03 -2.030121e-15
    outer loop
      vertex   -1.845008e+01 -1.549432e+02 8.244975e+01
      vertex   -1.844835e+01 -1.533444e+02 8.244975e+01
      vertex   -1.845008e+01 -1.549432e+02 8.419975e+01
    endloop
  endfacet
  facet normal 9.999994e-01 -1.084197e-03 -4.060331e-15
    outer loop
      vertex   -1.845008e+01 -1.549432e+02 8.419975e+01
      vertex   -1.844835e+01 -1.533444e+02 8.244975e+01
      vertex   -1.844835e+01 -1.533444e+02 8.419975e+01
    endloop
  endfacet
  facet normal 9.958382e-01 9.113875e-02 -4.043346e-15
    outer loop
      vertex   -1.844835e+01 -1.533444e+02 8.244975e+01
      vertex   -1.859711e+01 -1.517190e+02 8.244975e+01
      vertex   -1.844835e+01 -1.533444e+02 8.419975e+01
    endloop
  endfacet
  facet normal 9.958382e-01 9.113875e-02 -6.063557e-15
    outer loop
      vertex   -1.844835e+01 -1.533444e+02 8.419975e+01
      vertex   -1.859711e+01 -1.517190e+02 8.244975e+01
      vertex   -1.859711e+01 -1.517190e+02 8.419975e+01
    endloop
  endfacet
  facet normal 9.844418e-01 1.757112e-01 -5.995611e-15
    outer loop
      vertex   -1.859711e+01 -1.517190e+02 8.244975e+01
      vertex   -1.888590e+01 -1.501010e+02 8.244975e+01
      vertex   -1.859711e+01 -1.517190e+02 8.419975e+01
    endloop
  endfacet
  facet normal 9.844418e-01 1.757112e-01 -3.145846e-15
    outer loop
      vertex   -1.859711e+01 -1.517190e+02 8.419975e+01
      vertex   -1.888590e+01 -1.501010e+02 8.244975e+01
      vertex   -1.888590e+01 -1.501010e+02 8.419975e+01
    endloop
  endfacet
  facet normal 9.457406e-01 3.249228e-01 -3.839938e-15
    outer loop
      vertex   -1.981998e+01 -1.470069e+02 8.244975e+01
      vertex   -1.981998e+01 -1.470069e+02 8.419975e+01
      vertex   -1.929963e+01 -1.485214e+02 8.419975e+01
    endloop
  endfacet
  facet normal 9.673668e-01 2.533801e-01 -1.776478e-15
    outer loop
      vertex   -1.888590e+01 -1.501010e+02 8.244975e+01
      vertex   -1.929963e+01 -1.485214e+02 8.244975e+01
      vertex   -1.888590e+01 -1.501010e+02 8.419975e+01
    endloop
  endfacet
  facet normal 9.673668e-01 2.533801e-01 -1.787251e-15
    outer loop
      vertex   -1.888590e+01 -1.501010e+02 8.419975e+01
      vertex   -1.929963e+01 -1.485214e+02 8.244975e+01
      vertex   -1.929963e+01 -1.485214e+02 8.419975e+01
    endloop
  endfacet
  facet normal 9.323686e-01 3.615090e-01 -7.571288e-15
    outer loop
      vertex   -1.981998e+01 -1.470069e+02 8.069975e+01
      vertex   -1.986880e+01 -1.468810e+02 8.594975e+01
      vertex   -1.981998e+01 -1.470069e+02 8.157475e+01
    endloop
  endfacet
  facet normal 9.457406e-01 3.249228e-01 -4.828435e-16
    outer loop
      vertex   -1.929963e+01 -1.485214e+02 8.244975e+01
      vertex   -1.981998e+01 -1.470069e+02 8.244975e+01
      vertex   -1.929963e+01 -1.485214e+02 8.419975e+01
    endloop
  endfacet
  facet normal 8.712677e-01 -4.908080e-01 0.000000e+00
    outer loop
      vertex   -1.964033e+01 -1.598285e+02 7.982475e+01
      vertex   -2.010671e+01 -1.606564e+02 8.069975e+01
      vertex   -2.010671e+01 -1.606564e+02 7.982475e+01
    endloop
  endfacet
  facet normal 8.139519e-01 -5.809323e-01 0.000000e+00
    outer loop
      vertex   -2.010671e+01 -1.606564e+02 7.982475e+01
      vertex   -2.010671e+01 -1.606564e+02 8.069975e+01
      vertex   -2.063260e+01 -1.613932e+02 8.069975e+01
    endloop
  endfacet
  facet normal 8.139519e-01 -5.809323e-01 0.000000e+00
    outer loop
      vertex   -2.010671e+01 -1.606564e+02 7.982475e+01
      vertex   -2.063260e+01 -1.613932e+02 8.069975e+01
      vertex   -2.063260e+01 -1.613932e+02 7.982475e+01
    endloop
  endfacet
  facet normal 7.443193e-01 -6.678239e-01 0.000000e+00
    outer loop
      vertex   -2.063260e+01 -1.613932e+02 7.982475e+01
      vertex   -2.063260e+01 -1.613932e+02 8.069975e+01
      vertex   -2.120917e+01 -1.620358e+02 8.069975e+01
    endloop
  endfacet
  facet normal 7.443193e-01 -6.678239e-01 0.000000e+00
    outer loop
      vertex   -2.063260e+01 -1.613932e+02 7.982475e+01
      vertex   -2.120917e+01 -1.620358e+02 8.069975e+01
      vertex   -2.120917e+01 -1.620358e+02 7.982475e+01
    endloop
  endfacet
  facet normal 7.443193e-01 -6.678239e-01 0.000000e+00
    outer loop
      vertex   -2.063260e+01 -1.613932e+02 8.157475e+01
      vertex   -2.120917e+01 -1.620358e+02 8.244975e+01
      vertex   -2.120917e+01 -1.620358e+02 8.157475e+01
    endloop
  endfacet
  facet normal 7.443193e-01 -6.678239e-01 0.000000e+00
    outer loop
      vertex   -2.120917e+01 -1.620358e+02 8.069975e+01
      vertex   -2.063260e+01 -1.613932e+02 8.069975e+01
      vertex   -2.120917e+01 -1.620358e+02 8.157475e+01
    endloop
  endfacet
  facet normal 7.443193e-01 -6.678239e-01 0.000000e+00
    outer loop
      vertex   -2.120917e+01 -1.620358e+02 8.157475e+01
      vertex   -2.063260e+01 -1.613932e+02 8.069975e+01
      vertex   -2.063260e+01 -1.613932e+02 8.157475e+01
    endloop
  endfacet
  facet normal 8.139519e-01 -5.809323e-01 0.000000e+00
    outer loop
      vertex   -2.063260e+01 -1.613932e+02 8.069975e+01
      vertex   -2.010671e+01 -1.606564e+02 8.069975e+01
      vertex   -2.063260e+01 -1.613932e+02 8.157475e+01
    endloop
  endfacet
  facet normal 8.712677e-01 -4.908080e-01 3.538493e-15
    outer loop
      vertex   -2.010671e+01 -1.606564e+02 8.157475e+01
      vertex   -1.964033e+01 -1.598285e+02 8.069975e+01
      vertex   -1.964033e+01 -1.598285e+02 8.157475e+01
    endloop
  endfacet
  facet normal 9.164689e-01 -4.001059e-01 3.721088e-15
    outer loop
      vertex   -1.964033e+01 -1.598285e+02 8.157475e+01
      vertex   -1.964033e+01 -1.598285e+02 8.069975e+01
      vertex   -1.924151e+01 -1.589150e+02 8.069975e+01
    endloop
  endfacet
  facet normal 9.164689e-01 -4.001059e-01 0.000000e+00
    outer loop
      vertex   -1.964033e+01 -1.598285e+02 8.157475e+01
      vertex   -1.924151e+01 -1.589150e+02 8.069975e+01
      vertex   -1.924151e+01 -1.589150e+02 8.157475e+01
    endloop
  endfacet
  facet normal 9.504277e-01 -3.109455e-01 0.000000e+00
    outer loop
      vertex   -1.924151e+01 -1.589150e+02 8.157475e+01
      vertex   -1.924151e+01 -1.589150e+02 8.069975e+01
      vertex   -1.891716e+01 -1.579236e+02 8.069975e+01
    endloop
  endfacet
  facet normal 9.504277e-01 -3.109455e-01 3.892407e-15
    outer loop
      vertex   -1.924151e+01 -1.589150e+02 8.157475e+01
      vertex   -1.891716e+01 -1.579236e+02 8.069975e+01
      vertex   -1.891716e+01 -1.579236e+02 8.157475e+01
    endloop
  endfacet
  facet normal 9.711127e-01 -2.386214e-01 3.942955e-15
    outer loop
      vertex   -1.891716e+01 -1.579236e+02 8.157475e+01
      vertex   -1.891716e+01 -1.579236e+02 8.069975e+01
      vertex   -1.874325e+01 -1.572158e+02 8.069975e+01
    endloop
  endfacet
  facet normal 9.711127e-01 -2.386214e-01 0.000000e+00
    outer loop
      vertex   -1.891716e+01 -1.579236e+02 8.157475e+01
      vertex   -1.874325e+01 -1.572158e+02 8.069975e+01
      vertex   -1.874325e+01 -1.572158e+02 8.157475e+01
    endloop
  endfacet
  facet normal 9.832461e-01 -1.822830e-01 0.000000e+00
    outer loop
      vertex   -1.874325e+01 -1.572158e+02 8.157475e+01
      vertex   -1.874325e+01 -1.572158e+02 8.069975e+01
      vertex   -1.860695e+01 -1.564806e+02 8.069975e+01
    endloop
  endfacet
  facet normal 9.832461e-01 -1.822830e-01 0.000000e+00
    outer loop
      vertex   -1.874325e+01 -1.572158e+02 8.157475e+01
      vertex   -1.860695e+01 -1.564806e+02 8.069975e+01
      vertex   -1.860695e+01 -1.564806e+02 8.157475e+01
    endloop
  endfacet
  facet normal 9.948351e-01 -1.015041e-01 0.000000e+00
    outer loop
      vertex   -1.860695e+01 -1.564806e+02 8.157475e+01
      vertex   -1.860695e+01 -1.564806e+02 8.069975e+01
      vertex   -1.845008e+01 -1.549432e+02 8.069975e+01
    endloop
  endfacet
  facet normal 9.948351e-01 -1.015041e-01 0.000000e+00
    outer loop
      vertex   -1.860695e+01 -1.564806e+02 8.157475e+01
      vertex   -1.845008e+01 -1.549432e+02 8.069975e+01
      vertex   -1.845008e+01 -1.549432e+02 8.157475e+01
    endloop
  endfacet
  facet normal 9.999994e-01 -1.084197e-03 0.000000e+00
    outer loop
      vertex   -1.845008e+01 -1.549432e+02 8.157475e+01
      vertex   -1.845008e+01 -1.549432e+02 8.069975e+01
      vertex   -1.844835e+01 -1.533444e+02 8.069975e+01
    endloop
  endfacet
  facet normal 9.999994e-01 -1.084197e-03 -4.060176e-15
    outer loop
      vertex   -1.845008e+01 -1.549432e+02 8.157475e+01
      vertex   -1.844835e+01 -1.533444e+02 8.069975e+01
      vertex   -1.844835e+01 -1.533444e+02 8.157475e+01
    endloop
  endfacet
  facet normal 9.958382e-01 9.113875e-02 -4.043346e-15
    outer loop
      vertex   -1.844835e+01 -1.533444e+02 8.157475e+01
      vertex   -1.844835e+01 -1.533444e+02 8.069975e+01
      vertex   -1.859711e+01 -1.517190e+02 8.069975e+01
    endloop
  endfacet
  facet normal 9.958382e-01 9.113875e-02 0.000000e+00
    outer loop
      vertex   -1.844835e+01 -1.533444e+02 8.157475e+01
      vertex   -1.859711e+01 -1.517190e+02 8.069975e+01
      vertex   -1.859711e+01 -1.517190e+02 8.157475e+01
    endloop
  endfacet
  facet normal 9.844418e-01 1.757112e-01 0.000000e+00
    outer loop
      vertex   -1.859711e+01 -1.517190e+02 8.157475e+01
      vertex   -1.859711e+01 -1.517190e+02 8.069975e+01
      vertex   -1.888590e+01 -1.501010e+02 8.069975e+01
    endloop
  endfacet
  facet normal 9.844418e-01 1.757112e-01 -4.014331e-15
    outer loop
      vertex   -1.859711e+01 -1.517190e+02 8.157475e+01
      vertex   -1.888590e+01 -1.501010e+02 8.069975e+01
      vertex   -1.888590e+01 -1.501010e+02 8.157475e+01
    endloop
  endfacet
  facet normal 9.673668e-01 2.533801e-01 -3.927745e-15
    outer loop
      vertex   -1.888590e+01 -1.501010e+02 8.157475e+01
      vertex   -1.888590e+01 -1.501010e+02 8.069975e+01
      vertex   -1.929963e+01 -1.485214e+02 8.069975e+01
    endloop
  endfacet
  facet normal 9.673668e-01 2.533801e-01 0.000000e+00
    outer loop
      vertex   -1.888590e+01 -1.501010e+02 8.157475e+01
      vertex   -1.929963e+01 -1.485214e+02 8.069975e+01
      vertex   -1.929963e+01 -1.485214e+02 8.157475e+01
    endloop
  endfacet
  facet normal 9.457406e-01 3.249228e-01 0.000000e+00
    outer loop
      vertex   -1.929963e+01 -1.485214e+02 8.157475e+01
      vertex   -1.929963e+01 -1.485214e+02 8.069975e+01
      vertex   -1.981998e+01 -1.470069e+02 8.069975e+01
    endloop
  endfacet
  facet normal 9.457406e-01 3.249228e-01 -7.685221e-15
    outer loop
      vertex   -1.929963e+01 -1.485214e+02 8.157475e+01
      vertex   -1.981998e+01 -1.470069e+02 8.069975e+01
      vertex   -1.981998e+01 -1.470069e+02 8.157475e+01
    endloop
  endfacet
  facet normal 4.226183e-01 -9.063078e-01 7.145170e-15
    outer loop
      vertex   -2.768277e+01 -1.655124e+02 8.594975e+01
      vertex   -2.768277e+01 -1.655124e+02 7.894975e+01
      vertex   -2.315079e+01 -1.633991e+02 8.594975e+01
    endloop
  endfacet
  facet normal 4.226183e-01 -9.063078e-01 6.434750e-16
    outer loop
      vertex   -2.315079e+01 -1.633991e+02 8.594975e+01
      vertex   -2.768277e+01 -1.655124e+02 7.894975e+01
      vertex   -2.315079e+01 -1.633991e+02 7.894975e+01
    endloop
  endfacet
  facet normal 4.226183e-01 -9.063078e-01 2.841890e-16
    outer loop
      vertex   -2.315079e+01 -1.633991e+02 7.894975e+01
      vertex   -2.768277e+01 -1.655124e+02 7.894975e+01
      vertex   -2.768277e+01 -1.655124e+02 7.394975e+01
    endloop
  endfacet
  facet normal 4.226183e-01 -9.063078e-01 3.002883e-16
    outer loop
      vertex   -2.315079e+01 -1.633991e+02 7.894975e+01
      vertex   -2.768277e+01 -1.655124e+02 7.394975e+01
      vertex   -2.315079e+01 -1.633991e+02 7.394975e+01
    endloop
  endfacet
  facet normal 9.320079e-01 3.624380e-01 -0.000000e+00
    outer loop
      vertex   -8.111709e+01 -6.976821e+01 7.394975e+01
      vertex   -8.111709e+01 -6.976821e+01 8.394975e+01
      vertex   -8.064300e+01 -7.098733e+01 7.394975e+01
    endloop
  endfacet
  facet normal 9.320079e-01 3.624380e-01 -0.000000e+00
    outer loop
      vertex   -8.064300e+01 -7.098733e+01 7.394975e+01
      vertex   -8.111709e+01 -6.976821e+01 8.394975e+01
      vertex   -8.064300e+01 -7.098733e+01 8.394975e+01
    endloop
  endfacet
  facet normal 8.767268e-01 4.809888e-01 -0.000000e+00
    outer loop
      vertex   -8.064300e+01 -7.098733e+01 7.394975e+01
      vertex   -8.064300e+01 -7.098733e+01 8.394975e+01
      vertex   -8.001384e+01 -7.213415e+01 7.394975e+01
    endloop
  endfacet
  facet normal 8.767268e-01 4.809888e-01 -0.000000e+00
    outer loop
      vertex   -8.001384e+01 -7.213415e+01 7.394975e+01
      vertex   -8.064300e+01 -7.098733e+01 8.394975e+01
      vertex   -8.001384e+01 -7.213415e+01 8.394975e+01
    endloop
  endfacet
  facet normal 8.064446e-01 5.913096e-01 -0.000000e+00
    outer loop
      vertex   -8.001384e+01 -7.213415e+01 7.394975e+01
      vertex   -8.001384e+01 -7.213415e+01 8.394975e+01
      vertex   -7.924037e+01 -7.318903e+01 8.394975e+01
    endloop
  endfacet
  facet normal 9.713421e-01 2.376859e-01 -0.000000e+00
    outer loop
      vertex   -8.111709e+01 -6.976821e+01 7.394975e+01
      vertex   -8.142800e+01 -6.849763e+01 7.394975e+01
      vertex   -8.111709e+01 -6.976821e+01 8.394975e+01
    endloop
  endfacet
  facet normal 9.713421e-01 2.376859e-01 0.000000e+00
    outer loop
      vertex   -8.111709e+01 -6.976821e+01 8.394975e+01
      vertex   -8.142800e+01 -6.849763e+01 7.394975e+01
      vertex   -8.142800e+01 -6.849763e+01 8.394975e+01
    endloop
  endfacet
  facet normal 9.940563e-01 1.088669e-01 0.000000e+00
    outer loop
      vertex   -8.142800e+01 -6.849763e+01 8.394975e+01
      vertex   -8.142800e+01 -6.849763e+01 7.394975e+01
      vertex   -8.157040e+01 -6.719734e+01 7.394975e+01
    endloop
  endfacet
  facet normal 9.940563e-01 1.088669e-01 0.000000e+00
    outer loop
      vertex   -8.142800e+01 -6.849763e+01 8.394975e+01
      vertex   -8.157040e+01 -6.719734e+01 7.394975e+01
      vertex   -8.157040e+01 -6.719734e+01 8.394975e+01
    endloop
  endfacet
  facet normal 9.997620e-01 -2.181489e-02 0.000000e+00
    outer loop
      vertex   -8.157040e+01 -6.719734e+01 8.394975e+01
      vertex   -8.157040e+01 -6.719734e+01 7.394975e+01
      vertex   -8.154187e+01 -6.588959e+01 7.394975e+01
    endloop
  endfacet
  facet normal 9.997620e-01 -2.181489e-02 0.000000e+00
    outer loop
      vertex   -8.157040e+01 -6.719734e+01 8.394975e+01
      vertex   -8.154187e+01 -6.588959e+01 7.394975e+01
      vertex   -8.154187e+01 -6.588959e+01 8.394975e+01
    endloop
  endfacet
  facet normal 9.883615e-01 -1.521234e-01 0.000000e+00
    outer loop
      vertex   -8.154187e+01 -6.588959e+01 8.394975e+01
      vertex   -8.154187e+01 -6.588959e+01 7.394975e+01
      vertex   -8.134288e+01 -6.459675e+01 7.394975e+01
    endloop
  endfacet
  facet normal 9.883615e-01 -1.521234e-01 0.000000e+00
    outer loop
      vertex   -8.154187e+01 -6.588959e+01 8.394975e+01
      vertex   -8.134288e+01 -6.459675e+01 7.394975e+01
      vertex   -8.134288e+01 -6.459675e+01 8.394975e+01
    endloop
  endfacet
  facet normal 9.600499e-01 -2.798290e-01 0.000000e+00
    outer loop
      vertex   -8.134288e+01 -6.459675e+01 8.394975e+01
      vertex   -8.134288e+01 -6.459675e+01 7.394975e+01
      vertex   -8.097685e+01 -6.334095e+01 7.394975e+01
    endloop
  endfacet
  facet normal 9.600499e-01 -2.798290e-01 0.000000e+00
    outer loop
      vertex   -8.134288e+01 -6.459675e+01 8.394975e+01
      vertex   -8.097685e+01 -6.334095e+01 7.394975e+01
      vertex   -8.097685e+01 -6.334095e+01 8.394975e+01
    endloop
  endfacet
  facet normal 9.153115e-01 -4.027467e-01 0.000000e+00
    outer loop
      vertex   -8.097685e+01 -6.334095e+01 8.394975e+01
      vertex   -8.097685e+01 -6.334095e+01 7.394975e+01
      vertex   -8.045003e+01 -6.214366e+01 7.394975e+01
    endloop
  endfacet
  facet normal 9.153115e-01 -4.027467e-01 0.000000e+00
    outer loop
      vertex   -8.097685e+01 -6.334095e+01 8.394975e+01
      vertex   -8.045003e+01 -6.214366e+01 7.394975e+01
      vertex   -8.045003e+01 -6.214366e+01 8.394975e+01
    endloop
  endfacet
  facet normal 8.549119e-01 -5.187733e-01 0.000000e+00
    outer loop
      vertex   -8.045003e+01 -6.214366e+01 8.394975e+01
      vertex   -8.045003e+01 -6.214366e+01 7.394975e+01
      vertex   -7.977144e+01 -6.102538e+01 7.394975e+01
    endloop
  endfacet
  facet normal 8.549119e-01 -5.187733e-01 0.000000e+00
    outer loop
      vertex   -8.045003e+01 -6.214366e+01 8.394975e+01
      vertex   -7.977144e+01 -6.102538e+01 7.394975e+01
      vertex   -7.977144e+01 -6.102538e+01 8.394975e+01
    endloop
  endfacet
  facet normal 7.798845e-01 -6.259235e-01 0.000000e+00
    outer loop
      vertex   -7.977144e+01 -6.102538e+01 8.394975e+01
      vertex   -7.977144e+01 -6.102538e+01 7.394975e+01
      vertex   -7.895269e+01 -6.000525e+01 7.394975e+01
    endloop
  endfacet
  facet normal 7.798845e-01 -6.259235e-01 0.000000e+00
    outer loop
      vertex   -7.977144e+01 -6.102538e+01 8.394975e+01
      vertex   -7.895269e+01 -6.000525e+01 7.394975e+01
      vertex   -7.895269e+01 -6.000525e+01 8.394975e+01
    endloop
  endfacet
  facet normal 6.915131e-01 -7.223640e-01 0.000000e+00
    outer loop
      vertex   -7.895269e+01 -6.000525e+01 8.394975e+01
      vertex   -7.895269e+01 -6.000525e+01 7.394975e+01
      vertex   -7.800780e+01 -5.910070e+01 7.394975e+01
    endloop
  endfacet
  facet normal 6.915131e-01 -7.223640e-01 0.000000e+00
    outer loop
      vertex   -7.895269e+01 -6.000525e+01 8.394975e+01
      vertex   -7.800780e+01 -5.910070e+01 7.394975e+01
      vertex   -7.800780e+01 -5.910070e+01 8.394975e+01
    endloop
  endfacet
  facet normal 5.913096e-01 -8.064446e-01 0.000000e+00
    outer loop
      vertex   -7.800780e+01 -5.910070e+01 8.394975e+01
      vertex   -7.800780e+01 -5.910070e+01 7.394975e+01
      vertex   -7.695292e+01 -5.832723e+01 7.394975e+01
    endloop
  endfacet
  facet normal 5.913096e-01 -8.064446e-01 0.000000e+00
    outer loop
      vertex   -7.800780e+01 -5.910070e+01 8.394975e+01
      vertex   -7.695292e+01 -5.832723e+01 7.394975e+01
      vertex   -7.695292e+01 -5.832723e+01 8.394975e+01
    endloop
  endfacet
  facet normal 4.809888e-01 -8.767268e-01 0.000000e+00
    outer loop
      vertex   -7.695292e+01 -5.832723e+01 8.394975e+01
      vertex   -7.695292e+01 -5.832723e+01 7.394975e+01
      vertex   -7.580610e+01 -5.769807e+01 7.394975e+01
    endloop
  endfacet
  facet normal 4.809888e-01 -8.767268e-01 0.000000e+00
    outer loop
      vertex   -7.695292e+01 -5.832723e+01 8.394975e+01
      vertex   -7.580610e+01 -5.769807e+01 7.394975e+01
      vertex   -7.580610e+01 -5.769807e+01 8.394975e+01
    endloop
  endfacet
  facet normal 3.624380e-01 -9.320079e-01 0.000000e+00
    outer loop
      vertex   -7.580610e+01 -5.769807e+01 8.394975e+01
      vertex   -7.580610e+01 -5.769807e+01 7.394975e+01
      vertex   -7.458698e+01 -5.722398e+01 7.394975e+01
    endloop
  endfacet
  facet normal 3.624380e-01 -9.320079e-01 0.000000e+00
    outer loop
      vertex   -7.580610e+01 -5.769807e+01 8.394975e+01
      vertex   -7.458698e+01 -5.722398e+01 7.394975e+01
      vertex   -7.458698e+01 -5.722398e+01 8.394975e+01
    endloop
  endfacet
  facet normal 2.376859e-01 -9.713421e-01 0.000000e+00
    outer loop
      vertex   -7.458698e+01 -5.722398e+01 8.394975e+01
      vertex   -7.458698e+01 -5.722398e+01 7.394975e+01
      vertex   -7.331640e+01 -5.691307e+01 7.394975e+01
    endloop
  endfacet
  facet normal 2.376859e-01 -9.713421e-01 0.000000e+00
    outer loop
      vertex   -7.458698e+01 -5.722398e+01 8.394975e+01
      vertex   -7.331640e+01 -5.691307e+01 7.394975e+01
      vertex   -7.331640e+01 -5.691307e+01 8.394975e+01
    endloop
  endfacet
  facet normal 1.088669e-01 -9.940563e-01 0.000000e+00
    outer loop
      vertex   -7.331640e+01 -5.691307e+01 8.394975e+01
      vertex   -7.331640e+01 -5.691307e+01 7.394975e+01
      vertex   -7.201612e+01 -5.677067e+01 7.394975e+01
    endloop
  endfacet
  facet normal 1.088669e-01 -9.940563e-01 0.000000e+00
    outer loop
      vertex   -7.331640e+01 -5.691307e+01 8.394975e+01
      vertex   -7.201612e+01 -5.677067e+01 7.394975e+01
      vertex   -7.201612e+01 -5.677067e+01 8.394975e+01
    endloop
  endfacet
  facet normal -2.181489e-02 -9.997620e-01 -0.000000e+00
    outer loop
      vertex   -7.201612e+01 -5.677067e+01 8.394975e+01
      vertex   -7.201612e+01 -5.677067e+01 7.394975e+01
      vertex   -7.070836e+01 -5.679920e+01 7.394975e+01
    endloop
  endfacet
  facet normal -2.181489e-02 -9.997620e-01 0.000000e+00
    outer loop
      vertex   -7.201612e+01 -5.677067e+01 8.394975e+01
      vertex   -7.070836e+01 -5.679920e+01 7.394975e+01
      vertex   -7.070836e+01 -5.679920e+01 8.394975e+01
    endloop
  endfacet
  facet normal -1.521234e-01 -9.883615e-01 -0.000000e+00
    outer loop
      vertex   -7.070836e+01 -5.679920e+01 8.394975e+01
      vertex   -7.070836e+01 -5.679920e+01 7.394975e+01
      vertex   -6.941553e+01 -5.699819e+01 7.394975e+01
    endloop
  endfacet
  facet normal -1.521234e-01 -9.883615e-01 0.000000e+00
    outer loop
      vertex   -7.070836e+01 -5.679920e+01 8.394975e+01
      vertex   -6.941553e+01 -5.699819e+01 7.394975e+01
      vertex   -6.941553e+01 -5.699819e+01 8.394975e+01
    endloop
  endfacet
  facet normal -2.798290e-01 -9.600499e-01 -0.000000e+00
    outer loop
      vertex   -6.941553e+01 -5.699819e+01 8.394975e+01
      vertex   -6.941553e+01 -5.699819e+01 7.394975e+01
      vertex   -6.815972e+01 -5.736422e+01 7.394975e+01
    endloop
  endfacet
  facet normal -2.798290e-01 -9.600499e-01 0.000000e+00
    outer loop
      vertex   -6.941553e+01 -5.699819e+01 8.394975e+01
      vertex   -6.815972e+01 -5.736422e+01 7.394975e+01
      vertex   -6.815972e+01 -5.736422e+01 8.394975e+01
    endloop
  endfacet
  facet normal -4.027467e-01 -9.153115e-01 -0.000000e+00
    outer loop
      vertex   -6.815972e+01 -5.736422e+01 8.394975e+01
      vertex   -6.815972e+01 -5.736422e+01 7.394975e+01
      vertex   -6.696244e+01 -5.789104e+01 7.394975e+01
    endloop
  endfacet
  facet normal -4.027467e-01 -9.153115e-01 0.000000e+00
    outer loop
      vertex   -6.815972e+01 -5.736422e+01 8.394975e+01
      vertex   -6.696244e+01 -5.789104e+01 7.394975e+01
      vertex   -6.696244e+01 -5.789104e+01 8.394975e+01
    endloop
  endfacet
  facet normal -5.187733e-01 -8.549119e-01 -0.000000e+00
    outer loop
      vertex   -6.696244e+01 -5.789104e+01 8.394975e+01
      vertex   -6.696244e+01 -5.789104e+01 7.394975e+01
      vertex   -6.584416e+01 -5.856963e+01 7.394975e+01
    endloop
  endfacet
  facet normal -5.187733e-01 -8.549119e-01 0.000000e+00
    outer loop
      vertex   -6.696244e+01 -5.789104e+01 8.394975e+01
      vertex   -6.584416e+01 -5.856963e+01 7.394975e+01
      vertex   -6.584416e+01 -5.856963e+01 8.394975e+01
    endloop
  endfacet
  facet normal -6.259235e-01 -7.798845e-01 -0.000000e+00
    outer loop
      vertex   -6.584416e+01 -5.856963e+01 8.394975e+01
      vertex   -6.584416e+01 -5.856963e+01 7.394975e+01
      vertex   -6.482402e+01 -5.938838e+01 7.394975e+01
    endloop
  endfacet
  facet normal -6.259235e-01 -7.798845e-01 0.000000e+00
    outer loop
      vertex   -6.584416e+01 -5.856963e+01 8.394975e+01
      vertex   -6.482402e+01 -5.938838e+01 7.394975e+01
      vertex   -6.482402e+01 -5.938838e+01 8.394975e+01
    endloop
  endfacet
  facet normal -7.223640e-01 -6.915131e-01 -0.000000e+00
    outer loop
      vertex   -6.482402e+01 -5.938838e+01 8.394975e+01
      vertex   -6.482402e+01 -5.938838e+01 7.394975e+01
      vertex   -6.391948e+01 -6.033327e+01 7.394975e+01
    endloop
  endfacet
  facet normal -7.223640e-01 -6.915131e-01 0.000000e+00
    outer loop
      vertex   -6.482402e+01 -5.938838e+01 8.394975e+01
      vertex   -6.391948e+01 -6.033327e+01 7.394975e+01
      vertex   -6.391948e+01 -6.033327e+01 8.394975e+01
    endloop
  endfacet
  facet normal -8.064446e-01 -5.913096e-01 -0.000000e+00
    outer loop
      vertex   -6.391948e+01 -6.033327e+01 8.394975e+01
      vertex   -6.391948e+01 -6.033327e+01 7.394975e+01
      vertex   -6.314601e+01 -6.138815e+01 7.394975e+01
    endloop
  endfacet
  facet normal -8.064446e-01 -5.913096e-01 0.000000e+00
    outer loop
      vertex   -6.391948e+01 -6.033327e+01 8.394975e+01
      vertex   -6.314601e+01 -6.138815e+01 7.394975e+01
      vertex   -6.314601e+01 -6.138815e+01 8.394975e+01
    endloop
  endfacet
  facet normal -8.767268e-01 -4.809888e-01 -0.000000e+00
    outer loop
      vertex   -6.314601e+01 -6.138815e+01 8.394975e+01
      vertex   -6.314601e+01 -6.138815e+01 7.394975e+01
      vertex   -6.251684e+01 -6.253497e+01 7.394975e+01
    endloop
  endfacet
  facet normal -8.767268e-01 -4.809888e-01 0.000000e+00
    outer loop
      vertex   -6.314601e+01 -6.138815e+01 8.394975e+01
      vertex   -6.251684e+01 -6.253497e+01 7.394975e+01
      vertex   -6.251684e+01 -6.253497e+01 8.394975e+01
    endloop
  endfacet
  facet normal -9.320079e-01 -3.624380e-01 -0.000000e+00
    outer loop
      vertex   -6.251684e+01 -6.253497e+01 8.394975e+01
      vertex   -6.251684e+01 -6.253497e+01 7.394975e+01
      vertex   -6.204275e+01 -6.375409e+01 7.394975e+01
    endloop
  endfacet
  facet normal -9.320079e-01 -3.624380e-01 0.000000e+00
    outer loop
      vertex   -6.251684e+01 -6.253497e+01 8.394975e+01
      vertex   -6.204275e+01 -6.375409e+01 7.394975e+01
      vertex   -6.204275e+01 -6.375409e+01 8.394975e+01
    endloop
  endfacet
  facet normal -9.713421e-01 -2.376859e-01 -0.000000e+00
    outer loop
      vertex   -6.204275e+01 -6.375409e+01 8.394975e+01
      vertex   -6.204275e+01 -6.375409e+01 7.394975e+01
      vertex   -6.173184e+01 -6.502467e+01 7.394975e+01
    endloop
  endfacet
  facet normal -9.713421e-01 -2.376859e-01 0.000000e+00
    outer loop
      vertex   -6.204275e+01 -6.375409e+01 8.394975e+01
      vertex   -6.173184e+01 -6.502467e+01 7.394975e+01
      vertex   -6.173184e+01 -6.502467e+01 8.394975e+01
    endloop
  endfacet
  facet normal -9.940563e-01 -1.088669e-01 -0.000000e+00
    outer loop
      vertex   -6.173184e+01 -6.502467e+01 8.394975e+01
      vertex   -6.173184e+01 -6.502467e+01 7.394975e+01
      vertex   -6.158944e+01 -6.632496e+01 7.394975e+01
    endloop
  endfacet
  facet normal -9.940563e-01 -1.088669e-01 0.000000e+00
    outer loop
      vertex   -6.173184e+01 -6.502467e+01 8.394975e+01
      vertex   -6.158944e+01 -6.632496e+01 7.394975e+01
      vertex   -6.158944e+01 -6.632496e+01 8.394975e+01
    endloop
  endfacet
  facet normal -9.997620e-01 2.181489e-02 0.000000e+00
    outer loop
      vertex   -6.158944e+01 -6.632496e+01 8.394975e+01
      vertex   -6.158944e+01 -6.632496e+01 7.394975e+01
      vertex   -6.161797e+01 -6.763271e+01 7.394975e+01
    endloop
  endfacet
  facet normal -9.997620e-01 2.181489e-02 0.000000e+00
    outer loop
      vertex   -6.158944e+01 -6.632496e+01 8.394975e+01
      vertex   -6.161797e+01 -6.763271e+01 7.394975e+01
      vertex   -6.161797e+01 -6.763271e+01 8.394975e+01
    endloop
  endfacet
  facet normal -9.883615e-01 1.521234e-01 0.000000e+00
    outer loop
      vertex   -6.161797e+01 -6.763271e+01 8.394975e+01
      vertex   -6.161797e+01 -6.763271e+01 7.394975e+01
      vertex   -6.181696e+01 -6.892555e+01 7.394975e+01
    endloop
  endfacet
  facet normal -9.883615e-01 1.521234e-01 0.000000e+00
    outer loop
      vertex   -6.161797e+01 -6.763271e+01 8.394975e+01
      vertex   -6.181696e+01 -6.892555e+01 7.394975e+01
      vertex   -6.181696e+01 -6.892555e+01 8.394975e+01
    endloop
  endfacet
  facet normal -9.600499e-01 2.798290e-01 0.000000e+00
    outer loop
      vertex   -6.181696e+01 -6.892555e+01 8.394975e+01
      vertex   -6.181696e+01 -6.892555e+01 7.394975e+01
      vertex   -6.218300e+01 -7.018135e+01 7.394975e+01
    endloop
  endfacet
  facet normal -9.600499e-01 2.798290e-01 0.000000e+00
    outer loop
      vertex   -6.181696e+01 -6.892555e+01 8.394975e+01
      vertex   -6.218300e+01 -7.018135e+01 7.394975e+01
      vertex   -6.218300e+01 -7.018135e+01 8.394975e+01
    endloop
  endfacet
  facet normal -9.153115e-01 4.027467e-01 0.000000e+00
    outer loop
      vertex   -6.218300e+01 -7.018135e+01 8.394975e+01
      vertex   -6.218300e+01 -7.018135e+01 7.394975e+01
      vertex   -6.270981e+01 -7.137864e+01 7.394975e+01
    endloop
  endfacet
  facet normal -9.153115e-01 4.027467e-01 0.000000e+00
    outer loop
      vertex   -6.218300e+01 -7.018135e+01 8.394975e+01
      vertex   -6.270981e+01 -7.137864e+01 7.394975e+01
      vertex   -6.270981e+01 -7.137864e+01 8.394975e+01
    endloop
  endfacet
  facet normal -8.549119e-01 5.187733e-01 0.000000e+00
    outer loop
      vertex   -6.270981e+01 -7.137864e+01 8.394975e+01
      vertex   -6.270981e+01 -7.137864e+01 7.394975e+01
      vertex   -6.338840e+01 -7.249691e+01 7.394975e+01
    endloop
  endfacet
  facet normal -8.549119e-01 5.187733e-01 0.000000e+00
    outer loop
      vertex   -6.270981e+01 -7.137864e+01 8.394975e+01
      vertex   -6.338840e+01 -7.249691e+01 7.394975e+01
      vertex   -6.338840e+01 -7.249691e+01 8.394975e+01
    endloop
  endfacet
  facet normal -7.798845e-01 6.259235e-01 0.000000e+00
    outer loop
      vertex   -6.338840e+01 -7.249691e+01 8.394975e+01
      vertex   -6.338840e+01 -7.249691e+01 7.394975e+01
      vertex   -6.420715e+01 -7.351705e+01 7.394975e+01
    endloop
  endfacet
  facet normal -7.798845e-01 6.259235e-01 0.000000e+00
    outer loop
      vertex   -6.338840e+01 -7.249691e+01 8.394975e+01
      vertex   -6.420715e+01 -7.351705e+01 7.394975e+01
      vertex   -6.420715e+01 -7.351705e+01 8.394975e+01
    endloop
  endfacet
  facet normal -6.915131e-01 7.223640e-01 0.000000e+00
    outer loop
      vertex   -6.420715e+01 -7.351705e+01 8.394975e+01
      vertex   -6.420715e+01 -7.351705e+01 7.394975e+01
      vertex   -6.515205e+01 -7.442159e+01 7.394975e+01
    endloop
  endfacet
  facet normal -6.915131e-01 7.223640e-01 0.000000e+00
    outer loop
      vertex   -6.420715e+01 -7.351705e+01 8.394975e+01
      vertex   -6.515205e+01 -7.442159e+01 7.394975e+01
      vertex   -6.515205e+01 -7.442159e+01 8.394975e+01
    endloop
  endfacet
  facet normal -5.913096e-01 8.064446e-01 0.000000e+00
    outer loop
      vertex   -6.515205e+01 -7.442159e+01 8.394975e+01
      vertex   -6.515205e+01 -7.442159e+01 7.394975e+01
      vertex   -6.620693e+01 -7.519506e+01 7.394975e+01
    endloop
  endfacet
  facet normal -5.913096e-01 8.064446e-01 0.000000e+00
    outer loop
      vertex   -6.515205e+01 -7.442159e+01 8.394975e+01
      vertex   -6.620693e+01 -7.519506e+01 7.394975e+01
      vertex   -6.620693e+01 -7.519506e+01 8.394975e+01
    endloop
  endfacet
  facet normal -4.809888e-01 8.767268e-01 0.000000e+00
    outer loop
      vertex   -6.620693e+01 -7.519506e+01 8.394975e+01
      vertex   -6.620693e+01 -7.519506e+01 7.394975e+01
      vertex   -6.735374e+01 -7.582423e+01 7.394975e+01
    endloop
  endfacet
  facet normal -4.809888e-01 8.767268e-01 0.000000e+00
    outer loop
      vertex   -6.620693e+01 -7.519506e+01 8.394975e+01
      vertex   -6.735374e+01 -7.582423e+01 7.394975e+01
      vertex   -6.735374e+01 -7.582423e+01 8.394975e+01
    endloop
  endfacet
  facet normal -3.624380e-01 9.320079e-01 0.000000e+00
    outer loop
      vertex   -6.735374e+01 -7.582423e+01 8.394975e+01
      vertex   -6.735374e+01 -7.582423e+01 7.394975e+01
      vertex   -6.857286e+01 -7.629832e+01 7.394975e+01
    endloop
  endfacet
  facet normal -3.624380e-01 9.320079e-01 0.000000e+00
    outer loop
      vertex   -6.735374e+01 -7.582423e+01 8.394975e+01
      vertex   -6.857286e+01 -7.629832e+01 7.394975e+01
      vertex   -6.857286e+01 -7.629832e+01 8.394975e+01
    endloop
  endfacet
  facet normal -2.376859e-01 9.713421e-01 0.000000e+00
    outer loop
      vertex   -6.857286e+01 -7.629832e+01 8.394975e+01
      vertex   -6.857286e+01 -7.629832e+01 7.394975e+01
      vertex   -6.984344e+01 -7.660923e+01 7.394975e+01
    endloop
  endfacet
  facet normal -2.376859e-01 9.713421e-01 0.000000e+00
    outer loop
      vertex   -6.857286e+01 -7.629832e+01 8.394975e+01
      vertex   -6.984344e+01 -7.660923e+01 7.394975e+01
      vertex   -6.984344e+01 -7.660923e+01 8.394975e+01
    endloop
  endfacet
  facet normal -1.088669e-01 9.940563e-01 0.000000e+00
    outer loop
      vertex   -6.984344e+01 -7.660923e+01 8.394975e+01
      vertex   -6.984344e+01 -7.660923e+01 7.394975e+01
      vertex   -7.114373e+01 -7.675163e+01 7.394975e+01
    endloop
  endfacet
  facet normal -1.088669e-01 9.940563e-01 0.000000e+00
    outer loop
      vertex   -6.984344e+01 -7.660923e+01 8.394975e+01
      vertex   -7.114373e+01 -7.675163e+01 7.394975e+01
      vertex   -7.114373e+01 -7.675163e+01 8.394975e+01
    endloop
  endfacet
  facet normal 2.181489e-02 9.997620e-01 0.000000e+00
    outer loop
      vertex   -7.114373e+01 -7.675163e+01 8.394975e+01
      vertex   -7.114373e+01 -7.675163e+01 7.394975e+01
      vertex   -7.245148e+01 -7.672310e+01 7.394975e+01
    endloop
  endfacet
  facet normal 2.181489e-02 9.997620e-01 0.000000e+00
    outer loop
      vertex   -7.114373e+01 -7.675163e+01 8.394975e+01
      vertex   -7.245148e+01 -7.672310e+01 7.394975e+01
      vertex   -7.245148e+01 -7.672310e+01 8.394975e+01
    endloop
  endfacet
  facet normal 1.521234e-01 9.883615e-01 0.000000e+00
    outer loop
      vertex   -7.245148e+01 -7.672310e+01 8.394975e+01
      vertex   -7.245148e+01 -7.672310e+01 7.394975e+01
      vertex   -7.374432e+01 -7.652411e+01 7.394975e+01
    endloop
  endfacet
  facet normal 1.521234e-01 9.883615e-01 0.000000e+00
    outer loop
      vertex   -7.245148e+01 -7.672310e+01 8.394975e+01
      vertex   -7.374432e+01 -7.652411e+01 7.394975e+01
      vertex   -7.374432e+01 -7.652411e+01 8.394975e+01
    endloop
  endfacet
  facet normal 2.798290e-01 9.600499e-01 0.000000e+00
    outer loop
      vertex   -7.374432e+01 -7.652411e+01 8.394975e+01
      vertex   -7.374432e+01 -7.652411e+01 7.394975e+01
      vertex   -7.500012e+01 -7.615808e+01 7.394975e+01
    endloop
  endfacet
  facet normal 2.798290e-01 9.600499e-01 0.000000e+00
    outer loop
      vertex   -7.374432e+01 -7.652411e+01 8.394975e+01
      vertex   -7.500012e+01 -7.615808e+01 7.394975e+01
      vertex   -7.500012e+01 -7.615808e+01 8.394975e+01
    endloop
  endfacet
  facet normal 4.027467e-01 9.153115e-01 0.000000e+00
    outer loop
      vertex   -7.500012e+01 -7.615808e+01 8.394975e+01
      vertex   -7.500012e+01 -7.615808e+01 7.394975e+01
      vertex   -7.619741e+01 -7.563126e+01 7.394975e+01
    endloop
  endfacet
  facet normal 4.027467e-01 9.153115e-01 0.000000e+00
    outer loop
      vertex   -7.500012e+01 -7.615808e+01 8.394975e+01
      vertex   -7.619741e+01 -7.563126e+01 7.394975e+01
      vertex   -7.619741e+01 -7.563126e+01 8.394975e+01
    endloop
  endfacet
  facet normal 5.187733e-01 8.549119e-01 0.000000e+00
    outer loop
      vertex   -7.619741e+01 -7.563126e+01 8.394975e+01
      vertex   -7.619741e+01 -7.563126e+01 7.394975e+01
      vertex   -7.731569e+01 -7.495267e+01 7.394975e+01
    endloop
  endfacet
  facet normal 5.187733e-01 8.549119e-01 0.000000e+00
    outer loop
      vertex   -7.619741e+01 -7.563126e+01 8.394975e+01
      vertex   -7.731569e+01 -7.495267e+01 7.394975e+01
      vertex   -7.731569e+01 -7.495267e+01 8.394975e+01
    endloop
  endfacet
  facet normal 6.259235e-01 7.798845e-01 0.000000e+00
    outer loop
      vertex   -7.731569e+01 -7.495267e+01 8.394975e+01
      vertex   -7.731569e+01 -7.495267e+01 7.394975e+01
      vertex   -7.833582e+01 -7.413392e+01 7.394975e+01
    endloop
  endfacet
  facet normal 6.259235e-01 7.798845e-01 0.000000e+00
    outer loop
      vertex   -7.731569e+01 -7.495267e+01 8.394975e+01
      vertex   -7.833582e+01 -7.413392e+01 7.394975e+01
      vertex   -7.833582e+01 -7.413392e+01 8.394975e+01
    endloop
  endfacet
  facet normal 7.223640e-01 6.915131e-01 0.000000e+00
    outer loop
      vertex   -7.833582e+01 -7.413392e+01 8.394975e+01
      vertex   -7.833582e+01 -7.413392e+01 7.394975e+01
      vertex   -7.924037e+01 -7.318903e+01 7.394975e+01
    endloop
  endfacet
  facet normal 7.223640e-01 6.915131e-01 0.000000e+00
    outer loop
      vertex   -7.833582e+01 -7.413392e+01 8.394975e+01
      vertex   -7.924037e+01 -7.318903e+01 7.394975e+01
      vertex   -7.924037e+01 -7.318903e+01 8.394975e+01
    endloop
  endfacet
  facet normal 8.064446e-01 5.913096e-01 0.000000e+00
    outer loop
      vertex   -7.924037e+01 -7.318903e+01 8.394975e+01
      vertex   -7.924037e+01 -7.318903e+01 7.394975e+01
      vertex   -8.001384e+01 -7.213415e+01 7.394975e+01
    endloop
  endfacet
  facet normal -4.226183e-01 9.063078e-01 0.000000e+00
    outer loop
      vertex   -6.765993e+01 -6.818791e+01 8.794975e+01
      vertex   -6.765993e+01 -6.818791e+01 8.594975e+01
      vertex   -7.300668e+01 -7.068115e+01 8.794975e+01
    endloop
  endfacet
  facet normal -4.226183e-01 9.063078e-01 0.000000e+00
    outer loop
      vertex   -7.300668e+01 -7.068115e+01 8.794975e+01
      vertex   -6.765993e+01 -6.818791e+01 8.594975e+01
      vertex   -7.300668e+01 -7.068115e+01 8.594975e+01
    endloop
  endfacet
  facet normal 0.000000e+00 0.000000e+00 1.000000e+00
    outer loop
      vertex   -6.765993e+01 -6.818791e+01 8.594975e+01
      vertex   -7.094599e+01 -6.812061e+01 8.594975e+01
      vertex   -7.300668e+01 -7.068115e+01 8.594975e+01
    endloop
  endfacet
  facet normal 0.000000e+00 0.000000e+00 1.000000e+00
    outer loop
      vertex   -7.300668e+01 -7.068115e+01 8.594975e+01
      vertex   -7.094599e+01 -6.812061e+01 8.594975e+01
      vertex   -7.131945e+01 -6.823836e+01 8.594975e+01
    endloop
  endfacet
  facet normal 0.000000e+00 0.000000e+00 1.000000e+00
    outer loop
      vertex   -7.300668e+01 -7.068115e+01 8.594975e+01
      vertex   -7.131945e+01 -6.823836e+01 8.594975e+01
      vertex   -7.171066e+01 -6.825544e+01 8.594975e+01
    endloop
  endfacet
  facet normal 0.000000e+00 0.000000e+00 1.000000e+00
    outer loop
      vertex   -7.015316e+01 -6.284115e+01 8.594975e+01
      vertex   -7.022046e+01 -6.612722e+01 8.594975e+01
      vertex   -6.765993e+01 -6.818791e+01 8.594975e+01
    endloop
  endfacet
  facet normal 0.000000e+00 0.000000e+00 1.000000e+00
    outer loop
      vertex   -6.765993e+01 -6.818791e+01 8.594975e+01
      vertex   -7.022046e+01 -6.612722e+01 8.594975e+01
      vertex   -7.010271e+01 -6.650068e+01 8.594975e+01
    endloop
  endfacet
  facet normal 0.000000e+00 0.000000e+00 1.000000e+00
    outer loop
      vertex   -6.765993e+01 -6.818791e+01 8.594975e+01
      vertex   -7.010271e+01 -6.650068e+01 8.594975e+01
      vertex   -7.008563e+01 -6.689188e+01 8.594975e+01
    endloop
  endfacet
  facet normal -0.000000e+00 0.000000e+00 1.000000e+00
    outer loop
      vertex   -7.549992e+01 -6.533439e+01 8.594975e+01
      vertex   -7.221385e+01 -6.540169e+01 8.594975e+01
      vertex   -7.015316e+01 -6.284115e+01 8.594975e+01
    endloop
  endfacet
  facet normal 0.000000e+00 0.000000e+00 1.000000e+00
    outer loop
      vertex   -7.015316e+01 -6.284115e+01 8.594975e+01
      vertex   -7.221385e+01 -6.540169e+01 8.594975e+01
      vertex   -7.184039e+01 -6.528394e+01 8.594975e+01
    endloop
  endfacet
  facet normal 0.000000e+00 0.000000e+00 1.000000e+00
    outer loop
      vertex   -7.015316e+01 -6.284115e+01 8.594975e+01
      vertex   -7.184039e+01 -6.528394e+01 8.594975e+01
      vertex   -7.144919e+01 -6.526686e+01 8.594975e+01
    endloop
  endfacet
  facet normal 0.000000e+00 -0.000000e+00 1.000000e+00
    outer loop
      vertex   -7.300668e+01 -7.068115e+01 8.594975e+01
      vertex   -7.293938e+01 -6.739508e+01 8.594975e+01
      vertex   -7.549992e+01 -6.533439e+01 8.594975e+01
    endloop
  endfacet
  facet normal 0.000000e+00 0.000000e+00 1.000000e+00
    outer loop
      vertex   -7.549992e+01 -6.533439e+01 8.594975e+01
      vertex   -7.293938e+01 -6.739508e+01 8.594975e+01
      vertex   -7.305713e+01 -6.702162e+01 8.594975e+01
    endloop
  endfacet
  facet normal 0.000000e+00 0.000000e+00 1.000000e+00
    outer loop
      vertex   -7.549992e+01 -6.533439e+01 8.594975e+01
      vertex   -7.305713e+01 -6.702162e+01 8.594975e+01
      vertex   -7.307421e+01 -6.663042e+01 8.594975e+01
    endloop
  endfacet
  facet normal 0.000000e+00 -0.000000e+00 1.000000e+00
    outer loop
      vertex   -7.307421e+01 -6.663042e+01 8.594975e+01
      vertex   -7.298946e+01 -6.624812e+01 8.594975e+01
      vertex   -7.549992e+01 -6.533439e+01 8.594975e+01
    endloop
  endfacet
  facet normal 0.000000e+00 0.000000e+00 1.000000e+00
    outer loop
      vertex   -7.549992e+01 -6.533439e+01 8.594975e+01
      vertex   -7.298946e+01 -6.624812e+01 8.594975e+01
      vertex   -7.280865e+01 -6.590078e+01 8.594975e+01
    endloop
  endfacet
  facet normal 0.000000e+00 0.000000e+00 1.000000e+00
    outer loop
      vertex   -7.549992e+01 -6.533439e+01 8.594975e+01
      vertex   -7.280865e+01 -6.590078e+01 8.594975e+01
      vertex   -7.254410e+01 -6.561208e+01 8.594975e+01
    endloop
  endfacet
  facet normal 0.000000e+00 -0.000000e+00 1.000000e+00
    outer loop
      vertex   -7.254410e+01 -6.561208e+01 8.594975e+01
      vertex   -7.221385e+01 -6.540169e+01 8.594975e+01
      vertex   -7.549992e+01 -6.533439e+01 8.594975e+01
    endloop
  endfacet
  facet normal -0.000000e+00 0.000000e+00 1.000000e+00
    outer loop
      vertex   -7.144919e+01 -6.526686e+01 8.594975e+01
      vertex   -7.106689e+01 -6.535161e+01 8.594975e+01
      vertex   -7.015316e+01 -6.284115e+01 8.594975e+01
    endloop
  endfacet
  facet normal 0.000000e+00 0.000000e+00 1.000000e+00
    outer loop
      vertex   -7.015316e+01 -6.284115e+01 8.594975e+01
      vertex   -7.106689e+01 -6.535161e+01 8.594975e+01
      vertex   -7.071956e+01 -6.553242e+01 8.594975e+01
    endloop
  endfacet
  facet normal 0.000000e+00 0.000000e+00 1.000000e+00
    outer loop
      vertex   -7.015316e+01 -6.284115e+01 8.594975e+01
      vertex   -7.071956e+01 -6.553242e+01 8.594975e+01
      vertex   -7.043085e+01 -6.579697e+01 8.594975e+01
    endloop
  endfacet
  facet normal -0.000000e+00 0.000000e+00 1.000000e+00
    outer loop
      vertex   -7.043085e+01 -6.579697e+01 8.594975e+01
      vertex   -7.022046e+01 -6.612722e+01 8.594975e+01
      vertex   -7.015316e+01 -6.284115e+01 8.594975e+01
    endloop
  endfacet
  facet normal 0.000000e+00 0.000000e+00 1.000000e+00
    outer loop
      vertex   -7.008563e+01 -6.689188e+01 8.594975e+01
      vertex   -7.017038e+01 -6.727418e+01 8.594975e+01
      vertex   -6.765993e+01 -6.818791e+01 8.594975e+01
    endloop
  endfacet
  facet normal 0.000000e+00 0.000000e+00 1.000000e+00
    outer loop
      vertex   -6.765993e+01 -6.818791e+01 8.594975e+01
      vertex   -7.017038e+01 -6.727418e+01 8.594975e+01
      vertex   -7.035119e+01 -6.762151e+01 8.594975e+01
    endloop
  endfacet
  facet normal 0.000000e+00 0.000000e+00 1.000000e+00
    outer loop
      vertex   -6.765993e+01 -6.818791e+01 8.594975e+01
      vertex   -7.035119e+01 -6.762151e+01 8.594975e+01
      vertex   -7.061574e+01 -6.791022e+01 8.594975e+01
    endloop
  endfacet
  facet normal 0.000000e+00 0.000000e+00 1.000000e+00
    outer loop
      vertex   -7.061574e+01 -6.791022e+01 8.594975e+01
      vertex   -7.094599e+01 -6.812061e+01 8.594975e+01
      vertex   -6.765993e+01 -6.818791e+01 8.594975e+01
    endloop
  endfacet
  facet normal 0.000000e+00 0.000000e+00 1.000000e+00
    outer loop
      vertex   -7.171066e+01 -6.825544e+01 8.594975e+01
      vertex   -7.209295e+01 -6.817069e+01 8.594975e+01
      vertex   -7.300668e+01 -7.068115e+01 8.594975e+01
    endloop
  endfacet
  facet normal 0.000000e+00 0.000000e+00 1.000000e+00
    outer loop
      vertex   -7.300668e+01 -7.068115e+01 8.594975e+01
      vertex   -7.209295e+01 -6.817069e+01 8.594975e+01
      vertex   -7.244029e+01 -6.798988e+01 8.594975e+01
    endloop
  endfacet
  facet normal 0.000000e+00 0.000000e+00 1.000000e+00
    outer loop
      vertex   -7.300668e+01 -7.068115e+01 8.594975e+01
      vertex   -7.244029e+01 -6.798988e+01 8.594975e+01
      vertex   -7.272899e+01 -6.772533e+01 8.594975e+01
    endloop
  endfacet
  facet normal 0.000000e+00 0.000000e+00 1.000000e+00
    outer loop
      vertex   -7.272899e+01 -6.772533e+01 8.594975e+01
      vertex   -7.293938e+01 -6.739508e+01 8.594975e+01
      vertex   -7.300668e+01 -7.068115e+01 8.594975e+01
    endloop
  endfacet
  facet normal 4.226183e-01 -9.063078e-01 0.000000e+00
    outer loop
      vertex   -7.549992e+01 -6.533439e+01 8.594975e+01
      vertex   -7.015316e+01 -6.284115e+01 8.594975e+01
      vertex   -7.549992e+01 -6.533439e+01 8.794975e+01
    endloop
  endfacet
  facet normal 4.226183e-01 -9.063078e-01 0.000000e+00
    outer loop
      vertex   -7.549992e+01 -6.533439e+01 8.794975e+01
      vertex   -7.015316e+01 -6.284115e+01 8.594975e+01
      vertex   -7.015316e+01 -6.284115e+01 8.794975e+01
    endloop
  endfacet
  facet normal 9.063078e-01 4.226183e-01 -0.000000e+00
    outer loop
      vertex   -7.300668e+01 -7.068115e+01 8.594975e+01
      vertex   -7.549992e+01 -6.533439e+01 8.594975e+01
      vertex   -7.300668e+01 -7.068115e+01 8.794975e+01
    endloop
  endfacet
  facet normal 9.063078e-01 4.226183e-01 0.000000e+00
    outer loop
      vertex   -7.300668e+01 -7.068115e+01 8.794975e+01
      vertex   -7.549992e+01 -6.533439e+01 8.594975e+01
      vertex   -7.549992e+01 -6.533439e+01 8.794975e+01
    endloop
  endfacet
  facet normal -9.063078e-01 -4.226183e-01 -0.000000e+00
    outer loop
      vertex   -6.765993e+01 -6.818791e+01 8.794975e+01
      vertex   -7.015316e+01 -6.284115e+01 8.794975e+01
      vertex   -6.765993e+01 -6.818791e+01 8.594975e+01
    endloop
  endfacet
  facet normal -9.063078e-01 -4.226183e-01 0.000000e+00
    outer loop
      vertex   -6.765993e+01 -6.818791e+01 8.594975e+01
      vertex   -7.015316e+01 -6.284115e+01 8.794975e+01
      vertex   -7.015316e+01 -6.284115e+01 8.594975e+01
    endloop
  endfacet
  facet normal 8.433914e-01 5.372996e-01 1.908872e-15
    outer loop
      vertex   -7.033485e+01 -6.114748e+01 8.794975e+01
      vertex   -7.033485e+01 -6.114748e+01 8.394975e+01
      vertex   -7.054524e+01 -6.081723e+01 8.794975e+01
    endloop
  endfacet
  facet normal 8.433914e-01 5.372996e-01 0.000000e+00
    outer loop
      vertex   -7.054524e+01 -6.081723e+01 8.794975e+01
      vertex   -7.033485e+01 -6.114748e+01 8.394975e+01
      vertex   -7.054524e+01 -6.081723e+01 8.394975e+01
    endloop
  endfacet
  facet normal 9.537170e-01 3.007058e-01 0.000000e+00
    outer loop
      vertex   -7.054524e+01 -6.081723e+01 8.794975e+01
      vertex   -7.054524e+01 -6.081723e+01 8.394975e+01
      vertex   -7.066299e+01 -6.044377e+01 8.794975e+01
    endloop
  endfacet
  facet normal 9.537170e-01 3.007058e-01 5.341608e-16
    outer loop
      vertex   -7.066299e+01 -6.044377e+01 8.794975e+01
      vertex   -7.054524e+01 -6.081723e+01 8.394975e+01
      vertex   -7.066299e+01 -6.044377e+01 8.394975e+01
    endloop
  endfacet
  facet normal 9.990482e-01 4.361939e-02 7.748360e-17
    outer loop
      vertex   -7.066299e+01 -6.044377e+01 8.794975e+01
      vertex   -7.066299e+01 -6.044377e+01 8.394975e+01
      vertex   -7.068007e+01 -6.005257e+01 8.794975e+01
    endloop
  endfacet
  facet normal 9.990482e-01 4.361939e-02 7.748360e-17
    outer loop
      vertex   -7.068007e+01 -6.005257e+01 8.794975e+01
      vertex   -7.066299e+01 -6.044377e+01 8.394975e+01
      vertex   -7.068007e+01 -6.005257e+01 8.394975e+01
    endloop
  endfacet
  facet normal 9.762960e-01 -2.164396e-01 -3.844740e-16
    outer loop
      vertex   -7.068007e+01 -6.005257e+01 8.794975e+01
      vertex   -7.068007e+01 -6.005257e+01 8.394975e+01
      vertex   -7.059532e+01 -5.967027e+01 8.794975e+01
    endloop
  endfacet
  facet normal 9.762960e-01 -2.164396e-01 -3.844740e-16
    outer loop
      vertex   -7.059532e+01 -5.967027e+01 8.794975e+01
      vertex   -7.068007e+01 -6.005257e+01 8.394975e+01
      vertex   -7.059532e+01 -5.967027e+01 8.394975e+01
    endloop
  endfacet
  facet normal 8.870108e-01 -4.617486e-01 -8.202303e-16
    outer loop
      vertex   -7.059532e+01 -5.967027e+01 8.794975e+01
      vertex   -7.059532e+01 -5.967027e+01 8.394975e+01
      vertex   -7.041451e+01 -5.932294e+01 8.794975e+01
    endloop
  endfacet
  facet normal 8.870108e-01 -4.617486e-01 -8.202303e-16
    outer loop
      vertex   -7.041451e+01 -5.932294e+01 8.794975e+01
      vertex   -7.059532e+01 -5.967027e+01 8.394975e+01
      vertex   -7.041451e+01 -5.932294e+01 8.394975e+01
    endloop
  endfacet
  facet normal 7.372773e-01 -6.755902e-01 -1.200089e-15
    outer loop
      vertex   -7.041451e+01 -5.932294e+01 8.794975e+01
      vertex   -7.041451e+01 -5.932294e+01 8.394975e+01
      vertex   -7.014996e+01 -5.903423e+01 8.794975e+01
    endloop
  endfacet
  facet normal 7.372773e-01 -6.755902e-01 -2.400179e-15
    outer loop
      vertex   -7.014996e+01 -5.903423e+01 8.794975e+01
      vertex   -7.041451e+01 -5.932294e+01 8.394975e+01
      vertex   -7.014996e+01 -5.903423e+01 8.394975e+01
    endloop
  endfacet
  facet normal 5.372996e-01 -8.433914e-01 -2.996328e-15
    outer loop
      vertex   -7.014996e+01 -5.903423e+01 8.794975e+01
      vertex   -7.014996e+01 -5.903423e+01 8.394975e+01
      vertex   -6.981971e+01 -5.882384e+01 8.794975e+01
    endloop
  endfacet
  facet normal 5.372996e-01 -8.433914e-01 -2.996328e-15
    outer loop
      vertex   -6.981971e+01 -5.882384e+01 8.794975e+01
      vertex   -7.014996e+01 -5.903423e+01 8.394975e+01
      vertex   -6.981971e+01 -5.882384e+01 8.394975e+01
    endloop
  endfacet
  facet normal 3.007058e-01 -9.537170e-01 -3.388283e-15
    outer loop
      vertex   -6.981971e+01 -5.882384e+01 8.794975e+01
      vertex   -6.981971e+01 -5.882384e+01 8.394975e+01
      vertex   -6.944625e+01 -5.870609e+01 8.794975e+01
    endloop
  endfacet
  facet normal 3.007058e-01 -9.537170e-01 -1.694142e-15
    outer loop
      vertex   -6.944625e+01 -5.870609e+01 8.794975e+01
      vertex   -6.981971e+01 -5.882384e+01 8.394975e+01
      vertex   -6.944625e+01 -5.870609e+01 8.394975e+01
    endloop
  endfacet
  facet normal 4.361939e-02 -9.990482e-01 -1.774666e-15
    outer loop
      vertex   -6.944625e+01 -5.870609e+01 8.794975e+01
      vertex   -6.944625e+01 -5.870609e+01 8.394975e+01
      vertex   -6.905505e+01 -5.868901e+01 8.794975e+01
    endloop
  endfacet
  facet normal 4.361939e-02 -9.990482e-01 -1.774666e-15
    outer loop
      vertex   -6.905505e+01 -5.868901e+01 8.794975e+01
      vertex   -6.944625e+01 -5.870609e+01 8.394975e+01
      vertex   -6.905505e+01 -5.868901e+01 8.394975e+01
    endloop
  endfacet
  facet normal -2.164396e-01 -9.762960e-01 -1.734250e-15
    outer loop
      vertex   -6.905505e+01 -5.868901e+01 8.794975e+01
      vertex   -6.905505e+01 -5.868901e+01 8.394975e+01
      vertex   -6.867275e+01 -5.877376e+01 8.794975e+01
    endloop
  endfacet
  facet normal -2.164396e-01 -9.762960e-01 -1.734250e-15
    outer loop
      vertex   -6.867275e+01 -5.877376e+01 8.794975e+01
      vertex   -6.905505e+01 -5.868901e+01 8.394975e+01
      vertex   -6.867275e+01 -5.877376e+01 8.394975e+01
    endloop
  endfacet
  facet normal -4.617486e-01 -8.870108e-01 -1.575648e-15
    outer loop
      vertex   -6.867275e+01 -5.877376e+01 8.794975e+01
      vertex   -6.867275e+01 -5.877376e+01 8.394975e+01
      vertex   -6.832542e+01 -5.895457e+01 8.794975e+01
    endloop
  endfacet
  facet normal -4.617486e-01 -8.870108e-01 -3.151296e-15
    outer loop
      vertex   -6.832542e+01 -5.895457e+01 8.794975e+01
      vertex   -6.867275e+01 -5.877376e+01 8.394975e+01
      vertex   -6.832542e+01 -5.895457e+01 8.394975e+01
    endloop
  endfacet
  facet normal -6.755902e-01 -7.372773e-01 -2.619335e-15
    outer loop
      vertex   -6.832542e+01 -5.895457e+01 8.794975e+01
      vertex   -6.832542e+01 -5.895457e+01 8.394975e+01
      vertex   -6.803671e+01 -5.921912e+01 8.794975e+01
    endloop
  endfacet
  facet normal -6.755902e-01 -7.372773e-01 -1.309668e-15
    outer loop
      vertex   -6.803671e+01 -5.921912e+01 8.794975e+01
      vertex   -6.832542e+01 -5.895457e+01 8.394975e+01
      vertex   -6.803671e+01 -5.921912e+01 8.394975e+01
    endloop
  endfacet
  facet normal -8.433914e-01 -5.372996e-01 -9.544358e-16
    outer loop
      vertex   -6.803671e+01 -5.921912e+01 8.794975e+01
      vertex   -6.803671e+01 -5.921912e+01 8.394975e+01
      vertex   -6.782632e+01 -5.954937e+01 8.794975e+01
    endloop
  endfacet
  facet normal -8.433914e-01 -5.372996e-01 -1.908872e-15
    outer loop
      vertex   -6.782632e+01 -5.954937e+01 8.794975e+01
      vertex   -6.803671e+01 -5.921912e+01 8.394975e+01
      vertex   -6.782632e+01 -5.954937e+01 8.394975e+01
    endloop
  endfacet
  facet normal -9.537170e-01 -3.007058e-01 -1.068322e-15
    outer loop
      vertex   -6.782632e+01 -5.954937e+01 8.794975e+01
      vertex   -6.782632e+01 -5.954937e+01 8.394975e+01
      vertex   -6.770857e+01 -5.992283e+01 8.794975e+01
    endloop
  endfacet
  facet normal -9.537170e-01 -3.007058e-01 -5.341608e-16
    outer loop
      vertex   -6.770857e+01 -5.992283e+01 8.794975e+01
      vertex   -6.782632e+01 -5.954937e+01 8.394975e+01
      vertex   -6.770857e+01 -5.992283e+01 8.394975e+01
    endloop
  endfacet
  facet normal -9.990482e-01 -4.361939e-02 -7.748360e-17
    outer loop
      vertex   -6.770857e+01 -5.992283e+01 8.794975e+01
      vertex   -6.770857e+01 -5.992283e+01 8.394975e+01
      vertex   -6.769149e+01 -6.031403e+01 8.794975e+01
    endloop
  endfacet
  facet normal -9.990482e-01 -4.361939e-02 -1.549672e-16
    outer loop
      vertex   -6.769149e+01 -6.031403e+01 8.794975e+01
      vertex   -6.770857e+01 -5.992283e+01 8.394975e+01
      vertex   -6.769149e+01 -6.031403e+01 8.394975e+01
    endloop
  endfacet
  facet normal -9.762960e-01 2.164396e-01 7.689480e-16
    outer loop
      vertex   -6.769149e+01 -6.031403e+01 8.794975e+01
      vertex   -6.769149e+01 -6.031403e+01 8.394975e+01
      vertex   -6.777624e+01 -6.069633e+01 8.794975e+01
    endloop
  endfacet
  facet normal -9.762960e-01 2.164396e-01 3.844740e-16
    outer loop
      vertex   -6.777624e+01 -6.069633e+01 8.794975e+01
      vertex   -6.769149e+01 -6.031403e+01 8.394975e+01
      vertex   -6.777624e+01 -6.069633e+01 8.394975e+01
    endloop
  endfacet
  facet normal -8.870108e-01 4.617486e-01 8.202303e-16
    outer loop
      vertex   -6.777624e+01 -6.069633e+01 8.794975e+01
      vertex   -6.777624e+01 -6.069633e+01 8.394975e+01
      vertex   -6.795705e+01 -6.104367e+01 8.794975e+01
    endloop
  endfacet
  facet normal -8.870108e-01 4.617486e-01 8.202303e-16
    outer loop
      vertex   -6.795705e+01 -6.104367e+01 8.794975e+01
      vertex   -6.777624e+01 -6.069633e+01 8.394975e+01
      vertex   -6.795705e+01 -6.104367e+01 8.394975e+01
    endloop
  endfacet
  facet normal -7.372773e-01 6.755902e-01 1.200089e-15
    outer loop
      vertex   -6.795705e+01 -6.104367e+01 8.794975e+01
      vertex   -6.795705e+01 -6.104367e+01 8.394975e+01
      vertex   -6.822160e+01 -6.133237e+01 8.794975e+01
    endloop
  endfacet
  facet normal -7.372773e-01 6.755902e-01 1.200089e-15
    outer loop
      vertex   -6.822160e+01 -6.133237e+01 8.794975e+01
      vertex   -6.795705e+01 -6.104367e+01 8.394975e+01
      vertex   -6.822160e+01 -6.133237e+01 8.394975e+01
    endloop
  endfacet
  facet normal -5.372996e-01 8.433914e-01 1.498164e-15
    outer loop
      vertex   -6.822160e+01 -6.133237e+01 8.794975e+01
      vertex   -6.822160e+01 -6.133237e+01 8.394975e+01
      vertex   -6.855185e+01 -6.154276e+01 8.794975e+01
    endloop
  endfacet
  facet normal -5.372996e-01 8.433914e-01 1.498164e-15
    outer loop
      vertex   -6.855185e+01 -6.154276e+01 8.794975e+01
      vertex   -6.822160e+01 -6.133237e+01 8.394975e+01
      vertex   -6.855185e+01 -6.154276e+01 8.394975e+01
    endloop
  endfacet
  facet normal -3.007058e-01 9.537170e-01 1.694142e-15
    outer loop
      vertex   -6.855185e+01 -6.154276e+01 8.794975e+01
      vertex   -6.855185e+01 -6.154276e+01 8.394975e+01
      vertex   -6.892531e+01 -6.166051e+01 8.794975e+01
    endloop
  endfacet
  facet normal -3.007058e-01 9.537170e-01 3.388283e-15
    outer loop
      vertex   -6.892531e+01 -6.166051e+01 8.794975e+01
      vertex   -6.855185e+01 -6.154276e+01 8.394975e+01
      vertex   -6.892531e+01 -6.166051e+01 8.394975e+01
    endloop
  endfacet
  facet normal -4.361939e-02 9.990482e-01 3.549332e-15
    outer loop
      vertex   -6.892531e+01 -6.166051e+01 8.794975e+01
      vertex   -6.892531e+01 -6.166051e+01 8.394975e+01
      vertex   -6.931651e+01 -6.167759e+01 8.794975e+01
    endloop
  endfacet
  facet normal -4.361939e-02 9.990482e-01 1.774666e-15
    outer loop
      vertex   -6.931651e+01 -6.167759e+01 8.794975e+01
      vertex   -6.892531e+01 -6.166051e+01 8.394975e+01
      vertex   -6.931651e+01 -6.167759e+01 8.394975e+01
    endloop
  endfacet
  facet normal 2.164396e-01 9.762960e-01 1.734250e-15
    outer loop
      vertex   -6.931651e+01 -6.167759e+01 8.794975e+01
      vertex   -6.931651e+01 -6.167759e+01 8.394975e+01
      vertex   -6.969881e+01 -6.159284e+01 8.794975e+01
    endloop
  endfacet
  facet normal 2.164396e-01 9.762960e-01 1.734250e-15
    outer loop
      vertex   -6.969881e+01 -6.159284e+01 8.794975e+01
      vertex   -6.931651e+01 -6.167759e+01 8.394975e+01
      vertex   -6.969881e+01 -6.159284e+01 8.394975e+01
    endloop
  endfacet
  facet normal 4.617486e-01 8.870108e-01 1.575648e-15
    outer loop
      vertex   -6.969881e+01 -6.159284e+01 8.794975e+01
      vertex   -6.969881e+01 -6.159284e+01 8.394975e+01
      vertex   -7.004615e+01 -6.141203e+01 8.794975e+01
    endloop
  endfacet
  facet normal 4.617486e-01 8.870108e-01 1.575648e-15
    outer loop
      vertex   -7.004615e+01 -6.141203e+01 8.794975e+01
      vertex   -6.969881e+01 -6.159284e+01 8.394975e+01
      vertex   -7.004615e+01 -6.141203e+01 8.394975e+01
    endloop
  endfacet
  facet normal 6.755902e-01 7.372773e-01 1.309668e-15
    outer loop
      vertex   -7.004615e+01 -6.141203e+01 8.794975e+01
      vertex   -7.004615e+01 -6.141203e+01 8.394975e+01
      vertex   -7.033485e+01 -6.114748e+01 8.794975e+01
    endloop
  endfacet
  facet normal 6.755902e-01 7.372773e-01 2.619335e-15
    outer loop
      vertex   -7.033485e+01 -6.114748e+01 8.794975e+01
      vertex   -7.004615e+01 -6.141203e+01 8.394975e+01
      vertex   -7.033485e+01 -6.114748e+01 8.394975e+01
    endloop
  endfacet
  facet normal 8.433914e-01 5.372996e-01 1.908872e-15
    outer loop
      vertex   -7.930684e+01 -6.533119e+01 8.794975e+01
      vertex   -7.930684e+01 -6.533119e+01 8.394975e+01
      vertex   -7.951723e+01 -6.500094e+01 8.794975e+01
    endloop
  endfacet
  facet normal 8.433914e-01 5.372996e-01 1.908872e-15
    outer loop
      vertex   -7.951723e+01 -6.500094e+01 8.794975e+01
      vertex   -7.930684e+01 -6.533119e+01 8.394975e+01
      vertex   -7.951723e+01 -6.500094e+01 8.394975e+01
    endloop
  endfacet
  facet normal 9.537170e-01 3.007058e-01 1.068322e-15
    outer loop
      vertex   -7.951723e+01 -6.500094e+01 8.794975e+01
      vertex   -7.951723e+01 -6.500094e+01 8.394975e+01
      vertex   -7.963498e+01 -6.462748e+01 8.794975e+01
    endloop
  endfacet
  facet normal 9.537170e-01 3.007058e-01 1.068322e-15
    outer loop
      vertex   -7.963498e+01 -6.462748e+01 8.794975e+01
      vertex   -7.951723e+01 -6.500094e+01 8.394975e+01
      vertex   -7.963498e+01 -6.462748e+01 8.394975e+01
    endloop
  endfacet
  facet normal 9.990482e-01 4.361939e-02 1.549672e-16
    outer loop
      vertex   -7.963498e+01 -6.462748e+01 8.794975e+01
      vertex   -7.963498e+01 -6.462748e+01 8.394975e+01
      vertex   -7.965206e+01 -6.423627e+01 8.794975e+01
    endloop
  endfacet
  facet normal 9.990482e-01 4.361939e-02 1.549672e-16
    outer loop
      vertex   -7.965206e+01 -6.423627e+01 8.794975e+01
      vertex   -7.963498e+01 -6.462748e+01 8.394975e+01
      vertex   -7.965206e+01 -6.423627e+01 8.394975e+01
    endloop
  endfacet
  facet normal 9.762960e-01 -2.164396e-01 -7.689480e-16
    outer loop
      vertex   -7.965206e+01 -6.423627e+01 8.794975e+01
      vertex   -7.965206e+01 -6.423627e+01 8.394975e+01
      vertex   -7.956731e+01 -6.385398e+01 8.794975e+01
    endloop
  endfacet
  facet normal 9.762960e-01 -2.164396e-01 -3.844740e-16
    outer loop
      vertex   -7.956731e+01 -6.385398e+01 8.794975e+01
      vertex   -7.965206e+01 -6.423627e+01 8.394975e+01
      vertex   -7.956731e+01 -6.385398e+01 8.394975e+01
    endloop
  endfacet
  facet normal 8.870108e-01 -4.617486e-01 -8.202303e-16
    outer loop
      vertex   -7.956731e+01 -6.385398e+01 8.794975e+01
      vertex   -7.956731e+01 -6.385398e+01 8.394975e+01
      vertex   -7.938650e+01 -6.350664e+01 8.794975e+01
    endloop
  endfacet
  facet normal 8.870108e-01 -4.617486e-01 -8.202303e-16
    outer loop
      vertex   -7.938650e+01 -6.350664e+01 8.794975e+01
      vertex   -7.956731e+01 -6.385398e+01 8.394975e+01
      vertex   -7.938650e+01 -6.350664e+01 8.394975e+01
    endloop
  endfacet
  facet normal 7.372773e-01 -6.755902e-01 -1.200089e-15
    outer loop
      vertex   -7.938650e+01 -6.350664e+01 8.794975e+01
      vertex   -7.938650e+01 -6.350664e+01 8.394975e+01
      vertex   -7.912195e+01 -6.321794e+01 8.794975e+01
    endloop
  endfacet
  facet normal 7.372773e-01 -6.755902e-01 -2.400179e-15
    outer loop
      vertex   -7.912195e+01 -6.321794e+01 8.794975e+01
      vertex   -7.938650e+01 -6.350664e+01 8.394975e+01
      vertex   -7.912195e+01 -6.321794e+01 8.394975e+01
    endloop
  endfacet
  facet normal 5.372996e-01 -8.433914e-01 -2.996328e-15
    outer loop
      vertex   -7.912195e+01 -6.321794e+01 8.794975e+01
      vertex   -7.912195e+01 -6.321794e+01 8.394975e+01
      vertex   -7.879170e+01 -6.300755e+01 8.794975e+01
    endloop
  endfacet
  facet normal 5.372996e-01 -8.433914e-01 -1.498164e-15
    outer loop
      vertex   -7.879170e+01 -6.300755e+01 8.794975e+01
      vertex   -7.912195e+01 -6.321794e+01 8.394975e+01
      vertex   -7.879170e+01 -6.300755e+01 8.394975e+01
    endloop
  endfacet
  facet normal 3.007058e-01 -9.537170e-01 -1.694142e-15
    outer loop
      vertex   -7.879170e+01 -6.300755e+01 8.794975e+01
      vertex   -7.879170e+01 -6.300755e+01 8.394975e+01
      vertex   -7.841824e+01 -6.288980e+01 8.794975e+01
    endloop
  endfacet
  facet normal 3.007058e-01 -9.537170e-01 -1.694142e-15
    outer loop
      vertex   -7.841824e+01 -6.288980e+01 8.794975e+01
      vertex   -7.879170e+01 -6.300755e+01 8.394975e+01
      vertex   -7.841824e+01 -6.288980e+01 8.394975e+01
    endloop
  endfacet
  facet normal 4.361939e-02 -9.990482e-01 -1.774666e-15
    outer loop
      vertex   -7.841824e+01 -6.288980e+01 8.794975e+01
      vertex   -7.841824e+01 -6.288980e+01 8.394975e+01
      vertex   -7.802704e+01 -6.287272e+01 8.794975e+01
    endloop
  endfacet
  facet normal 4.361939e-02 -9.990482e-01 -1.774666e-15
    outer loop
      vertex   -7.802704e+01 -6.287272e+01 8.794975e+01
      vertex   -7.841824e+01 -6.288980e+01 8.394975e+01
      vertex   -7.802704e+01 -6.287272e+01 8.394975e+01
    endloop
  endfacet
  facet normal -2.164396e-01 -9.762960e-01 -1.734250e-15
    outer loop
      vertex   -7.802704e+01 -6.287272e+01 8.794975e+01
      vertex   -7.802704e+01 -6.287272e+01 8.394975e+01
      vertex   -7.764474e+01 -6.295747e+01 8.794975e+01
    endloop
  endfacet
  facet normal -2.164396e-01 -9.762960e-01 -1.734250e-15
    outer loop
      vertex   -7.764474e+01 -6.295747e+01 8.794975e+01
      vertex   -7.802704e+01 -6.287272e+01 8.394975e+01
      vertex   -7.764474e+01 -6.295747e+01 8.394975e+01
    endloop
  endfacet
  facet normal -4.617486e-01 -8.870108e-01 -1.575648e-15
    outer loop
      vertex   -7.764474e+01 -6.295747e+01 8.794975e+01
      vertex   -7.764474e+01 -6.295747e+01 8.394975e+01
      vertex   -7.729741e+01 -6.313828e+01 8.794975e+01
    endloop
  endfacet
  facet normal -4.617486e-01 -8.870108e-01 -1.575648e-15
    outer loop
      vertex   -7.729741e+01 -6.313828e+01 8.794975e+01
      vertex   -7.764474e+01 -6.295747e+01 8.394975e+01
      vertex   -7.729741e+01 -6.313828e+01 8.394975e+01
    endloop
  endfacet
  facet normal -6.755902e-01 -7.372773e-01 -1.309668e-15
    outer loop
      vertex   -7.729741e+01 -6.313828e+01 8.794975e+01
      vertex   -7.729741e+01 -6.313828e+01 8.394975e+01
      vertex   -7.700870e+01 -6.340283e+01 8.794975e+01
    endloop
  endfacet
  facet normal -6.755902e-01 -7.372773e-01 -1.309668e-15
    outer loop
      vertex   -7.700870e+01 -6.340283e+01 8.794975e+01
      vertex   -7.729741e+01 -6.313828e+01 8.394975e+01
      vertex   -7.700870e+01 -6.340283e+01 8.394975e+01
    endloop
  endfacet
  facet normal -8.433914e-01 -5.372996e-01 -9.544358e-16
    outer loop
      vertex   -7.700870e+01 -6.340283e+01 8.794975e+01
      vertex   -7.700870e+01 -6.340283e+01 8.394975e+01
      vertex   -7.679831e+01 -6.373308e+01 8.794975e+01
    endloop
  endfacet
  facet normal -8.433914e-01 -5.372996e-01 -1.908872e-15
    outer loop
      vertex   -7.679831e+01 -6.373308e+01 8.794975e+01
      vertex   -7.700870e+01 -6.340283e+01 8.394975e+01
      vertex   -7.679831e+01 -6.373308e+01 8.394975e+01
    endloop
  endfacet
  facet normal -9.537170e-01 -3.007058e-01 -1.068322e-15
    outer loop
      vertex   -7.679831e+01 -6.373308e+01 8.794975e+01
      vertex   -7.679831e+01 -6.373308e+01 8.394975e+01
      vertex   -7.668056e+01 -6.410654e+01 8.794975e+01
    endloop
  endfacet
  facet normal -9.537170e-01 -3.007058e-01 -1.068322e-15
    outer loop
      vertex   -7.668056e+01 -6.410654e+01 8.794975e+01
      vertex   -7.679831e+01 -6.373308e+01 8.394975e+01
      vertex   -7.668056e+01 -6.410654e+01 8.394975e+01
    endloop
  endfacet
  facet normal -9.990482e-01 -4.361939e-02 -1.549672e-16
    outer loop
      vertex   -7.668056e+01 -6.410654e+01 8.794975e+01
      vertex   -7.668056e+01 -6.410654e+01 8.394975e+01
      vertex   -7.666348e+01 -6.449774e+01 8.794975e+01
    endloop
  endfacet
  facet normal -9.990482e-01 -4.361939e-02 -1.549672e-16
    outer loop
      vertex   -7.666348e+01 -6.449774e+01 8.794975e+01
      vertex   -7.668056e+01 -6.410654e+01 8.394975e+01
      vertex   -7.666348e+01 -6.449774e+01 8.394975e+01
    endloop
  endfacet
  facet normal -9.762960e-01 2.164396e-01 7.689480e-16
    outer loop
      vertex   -7.666348e+01 -6.449774e+01 8.794975e+01
      vertex   -7.666348e+01 -6.449774e+01 8.394975e+01
      vertex   -7.674823e+01 -6.488004e+01 8.794975e+01
    endloop
  endfacet
  facet normal -9.762960e-01 2.164396e-01 7.689480e-16
    outer loop
      vertex   -7.674823e+01 -6.488004e+01 8.794975e+01
      vertex   -7.666348e+01 -6.449774e+01 8.394975e+01
      vertex   -7.674823e+01 -6.488004e+01 8.394975e+01
    endloop
  endfacet
  facet normal -8.870108e-01 4.617486e-01 1.640461e-15
    outer loop
      vertex   -7.674823e+01 -6.488004e+01 8.794975e+01
      vertex   -7.674823e+01 -6.488004e+01 8.394975e+01
      vertex   -7.692904e+01 -6.522737e+01 8.794975e+01
    endloop
  endfacet
  facet normal -8.870108e-01 4.617486e-01 1.640461e-15
    outer loop
      vertex   -7.692904e+01 -6.522737e+01 8.794975e+01
      vertex   -7.674823e+01 -6.488004e+01 8.394975e+01
      vertex   -7.692904e+01 -6.522737e+01 8.394975e+01
    endloop
  endfacet
  facet normal -7.372773e-01 6.755902e-01 2.400179e-15
    outer loop
      vertex   -7.692904e+01 -6.522737e+01 8.794975e+01
      vertex   -7.692904e+01 -6.522737e+01 8.394975e+01
      vertex   -7.719359e+01 -6.551607e+01 8.794975e+01
    endloop
  endfacet
  facet normal -7.372773e-01 6.755902e-01 2.400179e-15
    outer loop
      vertex   -7.719359e+01 -6.551607e+01 8.794975e+01
      vertex   -7.692904e+01 -6.522737e+01 8.394975e+01
      vertex   -7.719359e+01 -6.551607e+01 8.394975e+01
    endloop
  endfacet
  facet normal -5.372996e-01 8.433914e-01 2.996328e-15
    outer loop
      vertex   -7.719359e+01 -6.551607e+01 8.794975e+01
      vertex   -7.719359e+01 -6.551607e+01 8.394975e+01
      vertex   -7.752384e+01 -6.572647e+01 8.794975e+01
    endloop
  endfacet
  facet normal -5.372996e-01 8.433914e-01 0.000000e+00
    outer loop
      vertex   -7.752384e+01 -6.572647e+01 8.794975e+01
      vertex   -7.719359e+01 -6.551607e+01 8.394975e+01
      vertex   -7.752384e+01 -6.572647e+01 8.394975e+01
    endloop
  endfacet
  facet normal -3.007058e-01 9.537170e-01 0.000000e+00
    outer loop
      vertex   -7.752384e+01 -6.572647e+01 8.794975e+01
      vertex   -7.752384e+01 -6.572647e+01 8.394975e+01
      vertex   -7.789730e+01 -6.584422e+01 8.794975e+01
    endloop
  endfacet
  facet normal -3.007058e-01 9.537170e-01 3.388283e-15
    outer loop
      vertex   -7.789730e+01 -6.584422e+01 8.794975e+01
      vertex   -7.752384e+01 -6.572647e+01 8.394975e+01
      vertex   -7.789730e+01 -6.584422e+01 8.394975e+01
    endloop
  endfacet
  facet normal -4.361939e-02 9.990482e-01 3.549332e-15
    outer loop
      vertex   -7.789730e+01 -6.584422e+01 8.794975e+01
      vertex   -7.789730e+01 -6.584422e+01 8.394975e+01
      vertex   -7.828850e+01 -6.586130e+01 8.794975e+01
    endloop
  endfacet
  facet normal -4.361939e-02 9.990482e-01 3.549332e-15
    outer loop
      vertex   -7.828850e+01 -6.586130e+01 8.794975e+01
      vertex   -7.789730e+01 -6.584422e+01 8.394975e+01
      vertex   -7.828850e+01 -6.586130e+01 8.394975e+01
    endloop
  endfacet
  facet normal 2.164396e-01 9.762960e-01 3.468500e-15
    outer loop
      vertex   -7.828850e+01 -6.586130e+01 8.794975e+01
      vertex   -7.828850e+01 -6.586130e+01 8.394975e+01
      vertex   -7.867080e+01 -6.577655e+01 8.794975e+01
    endloop
  endfacet
  facet normal 2.164396e-01 9.762960e-01 0.000000e+00
    outer loop
      vertex   -7.867080e+01 -6.577655e+01 8.794975e+01
      vertex   -7.828850e+01 -6.586130e+01 8.394975e+01
      vertex   -7.867080e+01 -6.577655e+01 8.394975e+01
    endloop
  endfacet
  facet normal 4.617486e-01 8.870108e-01 0.000000e+00
    outer loop
      vertex   -7.867080e+01 -6.577655e+01 8.794975e+01
      vertex   -7.867080e+01 -6.577655e+01 8.394975e+01
      vertex   -7.901813e+01 -6.559574e+01 8.794975e+01
    endloop
  endfacet
  facet normal 4.617486e-01 8.870108e-01 3.151296e-15
    outer loop
      vertex   -7.901813e+01 -6.559574e+01 8.794975e+01
      vertex   -7.867080e+01 -6.577655e+01 8.394975e+01
      vertex   -7.901813e+01 -6.559574e+01 8.394975e+01
    endloop
  endfacet
  facet normal 6.755902e-01 7.372773e-01 2.619335e-15
    outer loop
      vertex   -7.901813e+01 -6.559574e+01 8.794975e+01
      vertex   -7.901813e+01 -6.559574e+01 8.394975e+01
      vertex   -7.930684e+01 -6.533119e+01 8.794975e+01
    endloop
  endfacet
  facet normal 6.755902e-01 7.372773e-01 2.619335e-15
    outer loop
      vertex   -7.930684e+01 -6.533119e+01 8.794975e+01
      vertex   -7.901813e+01 -6.559574e+01 8.394975e+01
      vertex   -7.930684e+01 -6.533119e+01 8.394975e+01
    endloop
  endfacet
  facet normal 8.433914e-01 5.372996e-01 0.000000e+00
    outer loop
      vertex   -7.272899e+01 -6.772533e+01 8.594975e+01
      vertex   -7.272899e+01 -6.772533e+01 8.394975e+01
      vertex   -7.293938e+01 -6.739508e+01 8.594975e+01
    endloop
  endfacet
  facet normal 8.433914e-01 5.372996e-01 0.000000e+00
    outer loop
      vertex   -7.293938e+01 -6.739508e+01 8.594975e+01
      vertex   -7.272899e+01 -6.772533e+01 8.394975e+01
      vertex   -7.293938e+01 -6.739508e+01 8.394975e+01
    endloop
  endfacet
  facet normal 9.537170e-01 3.007058e-01 0.000000e+00
    outer loop
      vertex   -7.293938e+01 -6.739508e+01 8.594975e+01
      vertex   -7.293938e+01 -6.739508e+01 8.394975e+01
      vertex   -7.305713e+01 -6.702162e+01 8.594975e+01
    endloop
  endfacet
  facet normal 9.537170e-01 3.007058e-01 0.000000e+00
    outer loop
      vertex   -7.305713e+01 -6.702162e+01 8.594975e+01
      vertex   -7.293938e+01 -6.739508e+01 8.394975e+01
      vertex   -7.305713e+01 -6.702162e+01 8.394975e+01
    endloop
  endfacet
  facet normal 9.990482e-01 4.361939e-02 0.000000e+00
    outer loop
      vertex   -7.305713e+01 -6.702162e+01 8.594975e+01
      vertex   -7.305713e+01 -6.702162e+01 8.394975e+01
      vertex   -7.307421e+01 -6.663042e+01 8.594975e+01
    endloop
  endfacet
  facet normal 9.990482e-01 4.361939e-02 0.000000e+00
    outer loop
      vertex   -7.307421e+01 -6.663042e+01 8.594975e+01
      vertex   -7.305713e+01 -6.702162e+01 8.394975e+01
      vertex   -7.307421e+01 -6.663042e+01 8.394975e+01
    endloop
  endfacet
  facet normal 9.762960e-01 -2.164396e-01 0.000000e+00
    outer loop
      vertex   -7.307421e+01 -6.663042e+01 8.594975e+01
      vertex   -7.307421e+01 -6.663042e+01 8.394975e+01
      vertex   -7.298946e+01 -6.624812e+01 8.594975e+01
    endloop
  endfacet
  facet normal 9.762960e-01 -2.164396e-01 0.000000e+00
    outer loop
      vertex   -7.298946e+01 -6.624812e+01 8.594975e+01
      vertex   -7.307421e+01 -6.663042e+01 8.394975e+01
      vertex   -7.298946e+01 -6.624812e+01 8.394975e+01
    endloop
  endfacet
  facet normal 8.870108e-01 -4.617486e-01 0.000000e+00
    outer loop
      vertex   -7.298946e+01 -6.624812e+01 8.594975e+01
      vertex   -7.298946e+01 -6.624812e+01 8.394975e+01
      vertex   -7.280865e+01 -6.590078e+01 8.594975e+01
    endloop
  endfacet
  facet normal 8.870108e-01 -4.617486e-01 0.000000e+00
    outer loop
      vertex   -7.280865e+01 -6.590078e+01 8.594975e+01
      vertex   -7.298946e+01 -6.624812e+01 8.394975e+01
      vertex   -7.280865e+01 -6.590078e+01 8.394975e+01
    endloop
  endfacet
  facet normal 7.372773e-01 -6.755902e-01 0.000000e+00
    outer loop
      vertex   -7.280865e+01 -6.590078e+01 8.594975e+01
      vertex   -7.280865e+01 -6.590078e+01 8.394975e+01
      vertex   -7.254410e+01 -6.561208e+01 8.594975e+01
    endloop
  endfacet
  facet normal 7.372773e-01 -6.755902e-01 0.000000e+00
    outer loop
      vertex   -7.254410e+01 -6.561208e+01 8.594975e+01
      vertex   -7.280865e+01 -6.590078e+01 8.394975e+01
      vertex   -7.254410e+01 -6.561208e+01 8.394975e+01
    endloop
  endfacet
  facet normal 5.372996e-01 -8.433914e-01 0.000000e+00
    outer loop
      vertex   -7.254410e+01 -6.561208e+01 8.594975e+01
      vertex   -7.254410e+01 -6.561208e+01 8.394975e+01
      vertex   -7.221385e+01 -6.540169e+01 8.594975e+01
    endloop
  endfacet
  facet normal 5.372996e-01 -8.433914e-01 0.000000e+00
    outer loop
      vertex   -7.221385e+01 -6.540169e+01 8.594975e+01
      vertex   -7.254410e+01 -6.561208e+01 8.394975e+01
      vertex   -7.221385e+01 -6.540169e+01 8.394975e+01
    endloop
  endfacet
  facet normal 3.007058e-01 -9.537170e-01 0.000000e+00
    outer loop
      vertex   -7.221385e+01 -6.540169e+01 8.594975e+01
      vertex   -7.221385e+01 -6.540169e+01 8.394975e+01
      vertex   -7.184039e+01 -6.528394e+01 8.594975e+01
    endloop
  endfacet
  facet normal 3.007058e-01 -9.537170e-01 0.000000e+00
    outer loop
      vertex   -7.184039e+01 -6.528394e+01 8.594975e+01
      vertex   -7.221385e+01 -6.540169e+01 8.394975e+01
      vertex   -7.184039e+01 -6.528394e+01 8.394975e+01
    endloop
  endfacet
  facet normal 4.361939e-02 -9.990482e-01 0.000000e+00
    outer loop
      vertex   -7.184039e+01 -6.528394e+01 8.594975e+01
      vertex   -7.184039e+01 -6.528394e+01 8.394975e+01
      vertex   -7.144919e+01 -6.526686e+01 8.594975e+01
    endloop
  endfacet
  facet normal 4.361939e-02 -9.990482e-01 0.000000e+00
    outer loop
      vertex   -7.144919e+01 -6.526686e+01 8.594975e+01
      vertex   -7.184039e+01 -6.528394e+01 8.394975e+01
      vertex   -7.144919e+01 -6.526686e+01 8.394975e+01
    endloop
  endfacet
  facet normal -2.164396e-01 -9.762960e-01 -0.000000e+00
    outer loop
      vertex   -7.144919e+01 -6.526686e+01 8.594975e+01
      vertex   -7.144919e+01 -6.526686e+01 8.394975e+01
      vertex   -7.106689e+01 -6.535161e+01 8.594975e+01
    endloop
  endfacet
  facet normal -2.164396e-01 -9.762960e-01 -0.000000e+00
    outer loop
      vertex   -7.106689e+01 -6.535161e+01 8.594975e+01
      vertex   -7.144919e+01 -6.526686e+01 8.394975e+01
      vertex   -7.106689e+01 -6.535161e+01 8.394975e+01
    endloop
  endfacet
  facet normal -4.617486e-01 -8.870108e-01 -0.000000e+00
    outer loop
      vertex   -7.106689e+01 -6.535161e+01 8.594975e+01
      vertex   -7.106689e+01 -6.535161e+01 8.394975e+01
      vertex   -7.071956e+01 -6.553242e+01 8.594975e+01
    endloop
  endfacet
  facet normal -4.617486e-01 -8.870108e-01 -0.000000e+00
    outer loop
      vertex   -7.071956e+01 -6.553242e+01 8.594975e+01
      vertex   -7.106689e+01 -6.535161e+01 8.394975e+01
      vertex   -7.071956e+01 -6.553242e+01 8.394975e+01
    endloop
  endfacet
  facet normal -6.755902e-01 -7.372773e-01 -0.000000e+00
    outer loop
      vertex   -7.071956e+01 -6.553242e+01 8.594975e+01
      vertex   -7.071956e+01 -6.553242e+01 8.394975e+01
      vertex   -7.043085e+01 -6.579697e+01 8.594975e+01
    endloop
  endfacet
  facet normal -6.755902e-01 -7.372773e-01 -0.000000e+00
    outer loop
      vertex   -7.043085e+01 -6.579697e+01 8.594975e+01
      vertex   -7.071956e+01 -6.553242e+01 8.394975e+01
      vertex   -7.043085e+01 -6.579697e+01 8.394975e+01
    endloop
  endfacet
  facet normal -8.433914e-01 -5.372996e-01 -0.000000e+00
    outer loop
      vertex   -7.043085e+01 -6.579697e+01 8.594975e+01
      vertex   -7.043085e+01 -6.579697e+01 8.394975e+01
      vertex   -7.022046e+01 -6.612722e+01 8.594975e+01
    endloop
  endfacet
  facet normal -8.433914e-01 -5.372996e-01 -0.000000e+00
    outer loop
      vertex   -7.022046e+01 -6.612722e+01 8.594975e+01
      vertex   -7.043085e+01 -6.579697e+01 8.394975e+01
      vertex   -7.022046e+01 -6.612722e+01 8.394975e+01
    endloop
  endfacet
  facet normal -9.537170e-01 -3.007058e-01 -0.000000e+00
    outer loop
      vertex   -7.022046e+01 -6.612722e+01 8.594975e+01
      vertex   -7.022046e+01 -6.612722e+01 8.394975e+01
      vertex   -7.010271e+01 -6.650068e+01 8.594975e+01
    endloop
  endfacet
  facet normal -9.537170e-01 -3.007058e-01 -0.000000e+00
    outer loop
      vertex   -7.010271e+01 -6.650068e+01 8.594975e+01
      vertex   -7.022046e+01 -6.612722e+01 8.394975e+01
      vertex   -7.010271e+01 -6.650068e+01 8.394975e+01
    endloop
  endfacet
  facet normal -9.990482e-01 -4.361939e-02 -0.000000e+00
    outer loop
      vertex   -7.010271e+01 -6.650068e+01 8.594975e+01
      vertex   -7.010271e+01 -6.650068e+01 8.394975e+01
      vertex   -7.008563e+01 -6.689188e+01 8.594975e+01
    endloop
  endfacet
  facet normal -9.990482e-01 -4.361939e-02 -0.000000e+00
    outer loop
      vertex   -7.008563e+01 -6.689188e+01 8.594975e+01
      vertex   -7.010271e+01 -6.650068e+01 8.394975e+01
      vertex   -7.008563e+01 -6.689188e+01 8.394975e+01
    endloop
  endfacet
  facet normal -9.762960e-01 2.164396e-01 0.000000e+00
    outer loop
      vertex   -7.008563e+01 -6.689188e+01 8.594975e+01
      vertex   -7.008563e+01 -6.689188e+01 8.394975e+01
      vertex   -7.017038e+01 -6.727418e+01 8.594975e+01
    endloop
  endfacet
  facet normal -9.762960e-01 2.164396e-01 0.000000e+00
    outer loop
      vertex   -7.017038e+01 -6.727418e+01 8.594975e+01
      vertex   -7.008563e+01 -6.689188e+01 8.394975e+01
      vertex   -7.017038e+01 -6.727418e+01 8.394975e+01
    endloop
  endfacet
  facet normal -8.870108e-01 4.617486e-01 0.000000e+00
    outer loop
      vertex   -7.017038e+01 -6.727418e+01 8.594975e+01
      vertex   -7.017038e+01 -6.727418e+01 8.394975e+01
      vertex   -7.035119e+01 -6.762151e+01 8.594975e+01
    endloop
  endfacet
  facet normal -8.870108e-01 4.617486e-01 0.000000e+00
    outer loop
      vertex   -7.035119e+01 -6.762151e+01 8.594975e+01
      vertex   -7.017038e+01 -6.727418e+01 8.394975e+01
      vertex   -7.035119e+01 -6.762151e+01 8.394975e+01
    endloop
  endfacet
  facet normal -7.372773e-01 6.755902e-01 0.000000e+00
    outer loop
      vertex   -7.035119e+01 -6.762151e+01 8.594975e+01
      vertex   -7.035119e+01 -6.762151e+01 8.394975e+01
      vertex   -7.061574e+01 -6.791022e+01 8.594975e+01
    endloop
  endfacet
  facet normal -7.372773e-01 6.755902e-01 0.000000e+00
    outer loop
      vertex   -7.061574e+01 -6.791022e+01 8.594975e+01
      vertex   -7.035119e+01 -6.762151e+01 8.394975e+01
      vertex   -7.061574e+01 -6.791022e+01 8.394975e+01
    endloop
  endfacet
  facet normal -5.372996e-01 8.433914e-01 0.000000e+00
    outer loop
      vertex   -7.061574e+01 -6.791022e+01 8.594975e+01
      vertex   -7.061574e+01 -6.791022e+01 8.394975e+01
      vertex   -7.094599e+01 -6.812061e+01 8.594975e+01
    endloop
  endfacet
  facet normal -5.372996e-01 8.433914e-01 0.000000e+00
    outer loop
      vertex   -7.094599e+01 -6.812061e+01 8.594975e+01
      vertex   -7.061574e+01 -6.791022e+01 8.394975e+01
      vertex   -7.094599e+01 -6.812061e+01 8.394975e+01
    endloop
  endfacet
  facet normal -3.007058e-01 9.537170e-01 0.000000e+00
    outer loop
      vertex   -7.094599e+01 -6.812061e+01 8.594975e+01
      vertex   -7.094599e+01 -6.812061e+01 8.394975e+01
      vertex   -7.131945e+01 -6.823836e+01 8.594975e+01
    endloop
  endfacet
  facet normal -3.007058e-01 9.537170e-01 0.000000e+00
    outer loop
      vertex   -7.131945e+01 -6.823836e+01 8.594975e+01
      vertex   -7.094599e+01 -6.812061e+01 8.394975e+01
      vertex   -7.131945e+01 -6.823836e+01 8.394975e+01
    endloop
  endfacet
  facet normal -4.361939e-02 9.990482e-01 0.000000e+00
    outer loop
      vertex   -7.131945e+01 -6.823836e+01 8.594975e+01
      vertex   -7.131945e+01 -6.823836e+01 8.394975e+01
      vertex   -7.171066e+01 -6.825544e+01 8.594975e+01
    endloop
  endfacet
  facet normal -4.361939e-02 9.990482e-01 0.000000e+00
    outer loop
      vertex   -7.171066e+01 -6.825544e+01 8.594975e+01
      vertex   -7.131945e+01 -6.823836e+01 8.394975e+01
      vertex   -7.171066e+01 -6.825544e+01 8.394975e+01
    endloop
  endfacet
  facet normal 2.164396e-01 9.762960e-01 0.000000e+00
    outer loop
      vertex   -7.171066e+01 -6.825544e+01 8.594975e+01
      vertex   -7.171066e+01 -6.825544e+01 8.394975e+01
      vertex   -7.209295e+01 -6.817069e+01 8.594975e+01
    endloop
  endfacet
  facet normal 2.164396e-01 9.762960e-01 0.000000e+00
    outer loop
      vertex   -7.209295e+01 -6.817069e+01 8.594975e+01
      vertex   -7.171066e+01 -6.825544e+01 8.394975e+01
      vertex   -7.209295e+01 -6.817069e+01 8.394975e+01
    endloop
  endfacet
  facet normal 4.617486e-01 8.870108e-01 0.000000e+00
    outer loop
      vertex   -7.209295e+01 -6.817069e+01 8.594975e+01
      vertex   -7.209295e+01 -6.817069e+01 8.394975e+01
      vertex   -7.244029e+01 -6.798988e+01 8.594975e+01
    endloop
  endfacet
  facet normal 4.617486e-01 8.870108e-01 0.000000e+00
    outer loop
      vertex   -7.244029e+01 -6.798988e+01 8.594975e+01
      vertex   -7.209295e+01 -6.817069e+01 8.394975e+01
      vertex   -7.244029e+01 -6.798988e+01 8.394975e+01
    endloop
  endfacet
  facet normal 6.755902e-01 7.372773e-01 0.000000e+00
    outer loop
      vertex   -7.244029e+01 -6.798988e+01 8.594975e+01
      vertex   -7.244029e+01 -6.798988e+01 8.394975e+01
      vertex   -7.272899e+01 -6.772533e+01 8.594975e+01
    endloop
  endfacet
  facet normal 6.755902e-01 7.372773e-01 0.000000e+00
    outer loop
      vertex   -7.272899e+01 -6.772533e+01 8.594975e+01
      vertex   -7.244029e+01 -6.798988e+01 8.394975e+01
      vertex   -7.272899e+01 -6.772533e+01 8.394975e+01
    endloop
  endfacet
  facet normal 8.433914e-01 5.372996e-01 2.996328e-15
    outer loop
      vertex   -6.615114e+01 -7.011947e+01 8.794975e+01
      vertex   -6.615114e+01 -7.011947e+01 8.394975e+01
      vertex   -6.636153e+01 -6.978922e+01 8.794975e+01
    endloop
  endfacet
  facet normal 8.433914e-01 5.372996e-01 0.000000e+00
    outer loop
      vertex   -6.636153e+01 -6.978922e+01 8.794975e+01
      vertex   -6.615114e+01 -7.011947e+01 8.394975e+01
      vertex   -6.636153e+01 -6.978922e+01 8.394975e+01
    endloop
  endfacet
  facet normal 9.537170e-01 3.007058e-01 0.000000e+00
    outer loop
      vertex   -6.636153e+01 -6.978922e+01 8.794975e+01
      vertex   -6.636153e+01 -6.978922e+01 8.394975e+01
      vertex   -6.647928e+01 -6.941576e+01 8.794975e+01
    endloop
  endfacet
  facet normal 9.537170e-01 3.007058e-01 -3.388283e-15
    outer loop
      vertex   -6.647928e+01 -6.941576e+01 8.794975e+01
      vertex   -6.636153e+01 -6.978922e+01 8.394975e+01
      vertex   -6.647928e+01 -6.941576e+01 8.394975e+01
    endloop
  endfacet
  facet normal 9.990482e-01 4.361939e-02 -3.549332e-15
    outer loop
      vertex   -6.647928e+01 -6.941576e+01 8.794975e+01
      vertex   -6.647928e+01 -6.941576e+01 8.394975e+01
      vertex   -6.649637e+01 -6.902456e+01 8.794975e+01
    endloop
  endfacet
  facet normal 9.990482e-01 4.361939e-02 0.000000e+00
    outer loop
      vertex   -6.649637e+01 -6.902456e+01 8.794975e+01
      vertex   -6.647928e+01 -6.941576e+01 8.394975e+01
      vertex   -6.649637e+01 -6.902456e+01 8.394975e+01
    endloop
  endfacet
  facet normal 9.762960e-01 -2.164396e-01 0.000000e+00
    outer loop
      vertex   -6.649637e+01 -6.902456e+01 8.794975e+01
      vertex   -6.649637e+01 -6.902456e+01 8.394975e+01
      vertex   -6.641161e+01 -6.864226e+01 8.794975e+01
    endloop
  endfacet
  facet normal 9.762960e-01 -2.164396e-01 0.000000e+00
    outer loop
      vertex   -6.641161e+01 -6.864226e+01 8.794975e+01
      vertex   -6.649637e+01 -6.902456e+01 8.394975e+01
      vertex   -6.641161e+01 -6.864226e+01 8.394975e+01
    endloop
  endfacet
  facet normal 8.870108e-01 -4.617486e-01 0.000000e+00
    outer loop
      vertex   -6.641161e+01 -6.864226e+01 8.794975e+01
      vertex   -6.641161e+01 -6.864226e+01 8.394975e+01
      vertex   -6.623080e+01 -6.829493e+01 8.794975e+01
    endloop
  endfacet
  facet normal 8.870108e-01 -4.617486e-01 0.000000e+00
    outer loop
      vertex   -6.623080e+01 -6.829493e+01 8.794975e+01
      vertex   -6.641161e+01 -6.864226e+01 8.394975e+01
      vertex   -6.623080e+01 -6.829493e+01 8.394975e+01
    endloop
  endfacet
  facet normal 7.372773e-01 -6.755902e-01 0.000000e+00
    outer loop
      vertex   -6.623080e+01 -6.829493e+01 8.794975e+01
      vertex   -6.623080e+01 -6.829493e+01 8.394975e+01
      vertex   -6.596625e+01 -6.800622e+01 8.794975e+01
    endloop
  endfacet
  facet normal 7.372773e-01 -6.755902e-01 0.000000e+00
    outer loop
      vertex   -6.596625e+01 -6.800622e+01 8.794975e+01
      vertex   -6.623080e+01 -6.829493e+01 8.394975e+01
      vertex   -6.596625e+01 -6.800622e+01 8.394975e+01
    endloop
  endfacet
  facet normal 5.372996e-01 -8.433914e-01 0.000000e+00
    outer loop
      vertex   -6.596625e+01 -6.800622e+01 8.794975e+01
      vertex   -6.596625e+01 -6.800622e+01 8.394975e+01
      vertex   -6.563600e+01 -6.779583e+01 8.794975e+01
    endloop
  endfacet
  facet normal 5.372996e-01 -8.433914e-01 0.000000e+00
    outer loop
      vertex   -6.563600e+01 -6.779583e+01 8.794975e+01
      vertex   -6.596625e+01 -6.800622e+01 8.394975e+01
      vertex   -6.563600e+01 -6.779583e+01 8.394975e+01
    endloop
  endfacet
  facet normal 3.007058e-01 -9.537170e-01 0.000000e+00
    outer loop
      vertex   -6.563600e+01 -6.779583e+01 8.794975e+01
      vertex   -6.563600e+01 -6.779583e+01 8.394975e+01
      vertex   -6.526255e+01 -6.767808e+01 8.794975e+01
    endloop
  endfacet
  facet normal 3.007058e-01 -9.537170e-01 -3.388283e-15
    outer loop
      vertex   -6.526255e+01 -6.767808e+01 8.794975e+01
      vertex   -6.563600e+01 -6.779583e+01 8.394975e+01
      vertex   -6.526255e+01 -6.767808e+01 8.394975e+01
    endloop
  endfacet
  facet normal 4.361939e-02 -9.990482e-01 -3.549332e-15
    outer loop
      vertex   -6.526255e+01 -6.767808e+01 8.794975e+01
      vertex   -6.526255e+01 -6.767808e+01 8.394975e+01
      vertex   -6.487134e+01 -6.766100e+01 8.794975e+01
    endloop
  endfacet
  facet normal 4.361939e-02 -9.990482e-01 0.000000e+00
    outer loop
      vertex   -6.487134e+01 -6.766100e+01 8.794975e+01
      vertex   -6.526255e+01 -6.767808e+01 8.394975e+01
      vertex   -6.487134e+01 -6.766100e+01 8.394975e+01
    endloop
  endfacet
  facet normal -2.164396e-01 -9.762960e-01 -0.000000e+00
    outer loop
      vertex   -6.487134e+01 -6.766100e+01 8.794975e+01
      vertex   -6.487134e+01 -6.766100e+01 8.394975e+01
      vertex   -6.448904e+01 -6.774575e+01 8.794975e+01
    endloop
  endfacet
  facet normal -2.164396e-01 -9.762960e-01 -0.000000e+00
    outer loop
      vertex   -6.448904e+01 -6.774575e+01 8.794975e+01
      vertex   -6.487134e+01 -6.766100e+01 8.394975e+01
      vertex   -6.448904e+01 -6.774575e+01 8.394975e+01
    endloop
  endfacet
  facet normal -4.617486e-01 -8.870108e-01 -0.000000e+00
    outer loop
      vertex   -6.448904e+01 -6.774575e+01 8.794975e+01
      vertex   -6.448904e+01 -6.774575e+01 8.394975e+01
      vertex   -6.414171e+01 -6.792656e+01 8.794975e+01
    endloop
  endfacet
  facet normal -4.617486e-01 -8.870108e-01 -0.000000e+00
    outer loop
      vertex   -6.414171e+01 -6.792656e+01 8.794975e+01
      vertex   -6.448904e+01 -6.774575e+01 8.394975e+01
      vertex   -6.414171e+01 -6.792656e+01 8.394975e+01
    endloop
  endfacet
  facet normal -6.755902e-01 -7.372773e-01 -0.000000e+00
    outer loop
      vertex   -6.414171e+01 -6.792656e+01 8.794975e+01
      vertex   -6.414171e+01 -6.792656e+01 8.394975e+01
      vertex   -6.385301e+01 -6.819111e+01 8.794975e+01
    endloop
  endfacet
  facet normal -6.755902e-01 -7.372773e-01 -0.000000e+00
    outer loop
      vertex   -6.385301e+01 -6.819111e+01 8.794975e+01
      vertex   -6.414171e+01 -6.792656e+01 8.394975e+01
      vertex   -6.385301e+01 -6.819111e+01 8.394975e+01
    endloop
  endfacet
  facet normal -8.433914e-01 -5.372996e-01 -0.000000e+00
    outer loop
      vertex   -6.385301e+01 -6.819111e+01 8.794975e+01
      vertex   -6.385301e+01 -6.819111e+01 8.394975e+01
      vertex   -6.364261e+01 -6.852136e+01 8.794975e+01
    endloop
  endfacet
  facet normal -8.433914e-01 -5.372996e-01 -0.000000e+00
    outer loop
      vertex   -6.364261e+01 -6.852136e+01 8.794975e+01
      vertex   -6.385301e+01 -6.819111e+01 8.394975e+01
      vertex   -6.364261e+01 -6.852136e+01 8.394975e+01
    endloop
  endfacet
  facet normal -9.537170e-01 -3.007058e-01 -0.000000e+00
    outer loop
      vertex   -6.364261e+01 -6.852136e+01 8.794975e+01
      vertex   -6.364261e+01 -6.852136e+01 8.394975e+01
      vertex   -6.352486e+01 -6.889482e+01 8.794975e+01
    endloop
  endfacet
  facet normal -9.537170e-01 -3.007058e-01 -0.000000e+00
    outer loop
      vertex   -6.352486e+01 -6.889482e+01 8.794975e+01
      vertex   -6.364261e+01 -6.852136e+01 8.394975e+01
      vertex   -6.352486e+01 -6.889482e+01 8.394975e+01
    endloop
  endfacet
  facet normal -9.990482e-01 -4.361939e-02 -0.000000e+00
    outer loop
      vertex   -6.352486e+01 -6.889482e+01 8.794975e+01
      vertex   -6.352486e+01 -6.889482e+01 8.394975e+01
      vertex   -6.350778e+01 -6.928602e+01 8.794975e+01
    endloop
  endfacet
  facet normal -9.990482e-01 -4.361939e-02 -0.000000e+00
    outer loop
      vertex   -6.350778e+01 -6.928602e+01 8.794975e+01
      vertex   -6.352486e+01 -6.889482e+01 8.394975e+01
      vertex   -6.350778e+01 -6.928602e+01 8.394975e+01
    endloop
  endfacet
  facet normal -9.762960e-01 2.164396e-01 0.000000e+00
    outer loop
      vertex   -6.350778e+01 -6.928602e+01 8.794975e+01
      vertex   -6.350778e+01 -6.928602e+01 8.394975e+01
      vertex   -6.359253e+01 -6.966832e+01 8.794975e+01
    endloop
  endfacet
  facet normal -9.762960e-01 2.164396e-01 0.000000e+00
    outer loop
      vertex   -6.359253e+01 -6.966832e+01 8.794975e+01
      vertex   -6.350778e+01 -6.928602e+01 8.394975e+01
      vertex   -6.359253e+01 -6.966832e+01 8.394975e+01
    endloop
  endfacet
  facet normal -8.870108e-01 4.617486e-01 0.000000e+00
    outer loop
      vertex   -6.359253e+01 -6.966832e+01 8.794975e+01
      vertex   -6.359253e+01 -6.966832e+01 8.394975e+01
      vertex   -6.377335e+01 -7.001565e+01 8.794975e+01
    endloop
  endfacet
  facet normal -8.870108e-01 4.617486e-01 0.000000e+00
    outer loop
      vertex   -6.377335e+01 -7.001565e+01 8.794975e+01
      vertex   -6.359253e+01 -6.966832e+01 8.394975e+01
      vertex   -6.377335e+01 -7.001565e+01 8.394975e+01
    endloop
  endfacet
  facet normal -7.372773e-01 6.755902e-01 0.000000e+00
    outer loop
      vertex   -6.377335e+01 -7.001565e+01 8.794975e+01
      vertex   -6.377335e+01 -7.001565e+01 8.394975e+01
      vertex   -6.403789e+01 -7.030436e+01 8.794975e+01
    endloop
  endfacet
  facet normal -7.372773e-01 6.755902e-01 2.400179e-15
    outer loop
      vertex   -6.403789e+01 -7.030436e+01 8.794975e+01
      vertex   -6.377335e+01 -7.001565e+01 8.394975e+01
      vertex   -6.403789e+01 -7.030436e+01 8.394975e+01
    endloop
  endfacet
  facet normal -5.372996e-01 8.433914e-01 2.996328e-15
    outer loop
      vertex   -6.403789e+01 -7.030436e+01 8.794975e+01
      vertex   -6.403789e+01 -7.030436e+01 8.394975e+01
      vertex   -6.436815e+01 -7.051475e+01 8.794975e+01
    endloop
  endfacet
  facet normal -5.372996e-01 8.433914e-01 0.000000e+00
    outer loop
      vertex   -6.436815e+01 -7.051475e+01 8.794975e+01
      vertex   -6.403789e+01 -7.030436e+01 8.394975e+01
      vertex   -6.436815e+01 -7.051475e+01 8.394975e+01
    endloop
  endfacet
  facet normal -3.007058e-01 9.537170e-01 0.000000e+00
    outer loop
      vertex   -6.436815e+01 -7.051475e+01 8.794975e+01
      vertex   -6.436815e+01 -7.051475e+01 8.394975e+01
      vertex   -6.474160e+01 -7.063250e+01 8.794975e+01
    endloop
  endfacet
  facet normal -3.007058e-01 9.537170e-01 0.000000e+00
    outer loop
      vertex   -6.474160e+01 -7.063250e+01 8.794975e+01
      vertex   -6.436815e+01 -7.051475e+01 8.394975e+01
      vertex   -6.474160e+01 -7.063250e+01 8.394975e+01
    endloop
  endfacet
  facet normal -4.361939e-02 9.990482e-01 0.000000e+00
    outer loop
      vertex   -6.474160e+01 -7.063250e+01 8.794975e+01
      vertex   -6.474160e+01 -7.063250e+01 8.394975e+01
      vertex   -6.513281e+01 -7.064958e+01 8.794975e+01
    endloop
  endfacet
  facet normal -4.361939e-02 9.990482e-01 0.000000e+00
    outer loop
      vertex   -6.513281e+01 -7.064958e+01 8.794975e+01
      vertex   -6.474160e+01 -7.063250e+01 8.394975e+01
      vertex   -6.513281e+01 -7.064958e+01 8.394975e+01
    endloop
  endfacet
  facet normal 2.164396e-01 9.762960e-01 0.000000e+00
    outer loop
      vertex   -6.513281e+01 -7.064958e+01 8.794975e+01
      vertex   -6.513281e+01 -7.064958e+01 8.394975e+01
      vertex   -6.551510e+01 -7.056483e+01 8.794975e+01
    endloop
  endfacet
  facet normal 2.164396e-01 9.762960e-01 0.000000e+00
    outer loop
      vertex   -6.551510e+01 -7.056483e+01 8.794975e+01
      vertex   -6.513281e+01 -7.064958e+01 8.394975e+01
      vertex   -6.551510e+01 -7.056483e+01 8.394975e+01
    endloop
  endfacet
  facet normal 4.617486e-01 8.870108e-01 0.000000e+00
    outer loop
      vertex   -6.551510e+01 -7.056483e+01 8.794975e+01
      vertex   -6.551510e+01 -7.056483e+01 8.394975e+01
      vertex   -6.586244e+01 -7.038402e+01 8.794975e+01
    endloop
  endfacet
  facet normal 4.617486e-01 8.870108e-01 0.000000e+00
    outer loop
      vertex   -6.586244e+01 -7.038402e+01 8.794975e+01
      vertex   -6.551510e+01 -7.056483e+01 8.394975e+01
      vertex   -6.586244e+01 -7.038402e+01 8.394975e+01
    endloop
  endfacet
  facet normal 6.755902e-01 7.372773e-01 0.000000e+00
    outer loop
      vertex   -6.586244e+01 -7.038402e+01 8.794975e+01
      vertex   -6.586244e+01 -7.038402e+01 8.394975e+01
      vertex   -6.615114e+01 -7.011947e+01 8.794975e+01
    endloop
  endfacet
  facet normal 6.755902e-01 7.372773e-01 2.400179e-15
    outer loop
      vertex   -6.615114e+01 -7.011947e+01 8.794975e+01
      vertex   -6.586244e+01 -7.038402e+01 8.394975e+01
      vertex   -6.615114e+01 -7.011947e+01 8.394975e+01
    endloop
  endfacet
  facet normal 8.433914e-01 5.372996e-01 1.908872e-15
    outer loop
      vertex   -7.512313e+01 -7.430318e+01 8.794975e+01
      vertex   -7.512313e+01 -7.430318e+01 8.394975e+01
      vertex   -7.533352e+01 -7.397292e+01 8.794975e+01
    endloop
  endfacet
  facet normal 8.433914e-01 5.372996e-01 1.908872e-15
    outer loop
      vertex   -7.533352e+01 -7.397292e+01 8.794975e+01
      vertex   -7.512313e+01 -7.430318e+01 8.394975e+01
      vertex   -7.533352e+01 -7.397292e+01 8.394975e+01
    endloop
  endfacet
  facet normal 9.537170e-01 3.007058e-01 1.068322e-15
    outer loop
      vertex   -7.533352e+01 -7.397292e+01 8.794975e+01
      vertex   -7.533352e+01 -7.397292e+01 8.394975e+01
      vertex   -7.545127e+01 -7.359947e+01 8.794975e+01
    endloop
  endfacet
  facet normal 9.537170e-01 3.007058e-01 0.000000e+00
    outer loop
      vertex   -7.545127e+01 -7.359947e+01 8.794975e+01
      vertex   -7.533352e+01 -7.397292e+01 8.394975e+01
      vertex   -7.545127e+01 -7.359947e+01 8.394975e+01
    endloop
  endfacet
  facet normal 9.990482e-01 4.361939e-02 0.000000e+00
    outer loop
      vertex   -7.545127e+01 -7.359947e+01 8.794975e+01
      vertex   -7.545127e+01 -7.359947e+01 8.394975e+01
      vertex   -7.546835e+01 -7.320826e+01 8.794975e+01
    endloop
  endfacet
  facet normal 9.990482e-01 4.361939e-02 0.000000e+00
    outer loop
      vertex   -7.546835e+01 -7.320826e+01 8.794975e+01
      vertex   -7.545127e+01 -7.359947e+01 8.394975e+01
      vertex   -7.546835e+01 -7.320826e+01 8.394975e+01
    endloop
  endfacet
  facet normal 9.762960e-01 -2.164396e-01 0.000000e+00
    outer loop
      vertex   -7.546835e+01 -7.320826e+01 8.794975e+01
      vertex   -7.546835e+01 -7.320826e+01 8.394975e+01
      vertex   -7.538360e+01 -7.282597e+01 8.794975e+01
    endloop
  endfacet
  facet normal 9.762960e-01 -2.164396e-01 -7.689480e-16
    outer loop
      vertex   -7.538360e+01 -7.282597e+01 8.794975e+01
      vertex   -7.546835e+01 -7.320826e+01 8.394975e+01
      vertex   -7.538360e+01 -7.282597e+01 8.394975e+01
    endloop
  endfacet
  facet normal 8.870108e-01 -4.617486e-01 -1.640461e-15
    outer loop
      vertex   -7.538360e+01 -7.282597e+01 8.794975e+01
      vertex   -7.538360e+01 -7.282597e+01 8.394975e+01
      vertex   -7.520279e+01 -7.247863e+01 8.794975e+01
    endloop
  endfacet
  facet normal 8.870108e-01 -4.617486e-01 0.000000e+00
    outer loop
      vertex   -7.520279e+01 -7.247863e+01 8.794975e+01
      vertex   -7.538360e+01 -7.282597e+01 8.394975e+01
      vertex   -7.520279e+01 -7.247863e+01 8.394975e+01
    endloop
  endfacet
  facet normal 7.372773e-01 -6.755902e-01 0.000000e+00
    outer loop
      vertex   -7.520279e+01 -7.247863e+01 8.794975e+01
      vertex   -7.520279e+01 -7.247863e+01 8.394975e+01
      vertex   -7.493824e+01 -7.218993e+01 8.794975e+01
    endloop
  endfacet
  facet normal 7.372773e-01 -6.755902e-01 -2.400179e-15
    outer loop
      vertex   -7.493824e+01 -7.218993e+01 8.794975e+01
      vertex   -7.520279e+01 -7.247863e+01 8.394975e+01
      vertex   -7.493824e+01 -7.218993e+01 8.394975e+01
    endloop
  endfacet
  facet normal 5.372996e-01 -8.433914e-01 -2.996328e-15
    outer loop
      vertex   -7.493824e+01 -7.218993e+01 8.794975e+01
      vertex   -7.493824e+01 -7.218993e+01 8.394975e+01
      vertex   -7.460799e+01 -7.197954e+01 8.794975e+01
    endloop
  endfacet
  facet normal 5.372996e-01 -8.433914e-01 -2.996328e-15
    outer loop
      vertex   -7.460799e+01 -7.197954e+01 8.794975e+01
      vertex   -7.493824e+01 -7.218993e+01 8.394975e+01
      vertex   -7.460799e+01 -7.197954e+01 8.394975e+01
    endloop
  endfacet
  facet normal 3.007058e-01 -9.537170e-01 -3.388283e-15
    outer loop
      vertex   -7.460799e+01 -7.197954e+01 8.794975e+01
      vertex   -7.460799e+01 -7.197954e+01 8.394975e+01
      vertex   -7.423453e+01 -7.186179e+01 8.794975e+01
    endloop
  endfacet
  facet normal 3.007058e-01 -9.537170e-01 0.000000e+00
    outer loop
      vertex   -7.423453e+01 -7.186179e+01 8.794975e+01
      vertex   -7.460799e+01 -7.197954e+01 8.394975e+01
      vertex   -7.423453e+01 -7.186179e+01 8.394975e+01
    endloop
  endfacet
  facet normal 4.361939e-02 -9.990482e-01 0.000000e+00
    outer loop
      vertex   -7.423453e+01 -7.186179e+01 8.794975e+01
      vertex   -7.423453e+01 -7.186179e+01 8.394975e+01
      vertex   -7.384333e+01 -7.184471e+01 8.794975e+01
    endloop
  endfacet
  facet normal 4.361939e-02 -9.990482e-01 0.000000e+00
    outer loop
      vertex   -7.384333e+01 -7.184471e+01 8.794975e+01
      vertex   -7.423453e+01 -7.186179e+01 8.394975e+01
      vertex   -7.384333e+01 -7.184471e+01 8.394975e+01
    endloop
  endfacet
  facet normal -2.164396e-01 -9.762960e-01 -0.000000e+00
    outer loop
      vertex   -7.384333e+01 -7.184471e+01 8.794975e+01
      vertex   -7.384333e+01 -7.184471e+01 8.394975e+01
      vertex   -7.346103e+01 -7.192946e+01 8.794975e+01
    endloop
  endfacet
  facet normal -2.164396e-01 -9.762960e-01 -0.000000e+00
    outer loop
      vertex   -7.346103e+01 -7.192946e+01 8.794975e+01
      vertex   -7.384333e+01 -7.184471e+01 8.394975e+01
      vertex   -7.346103e+01 -7.192946e+01 8.394975e+01
    endloop
  endfacet
  facet normal -4.617486e-01 -8.870108e-01 -0.000000e+00
    outer loop
      vertex   -7.346103e+01 -7.192946e+01 8.794975e+01
      vertex   -7.346103e+01 -7.192946e+01 8.394975e+01
      vertex   -7.311370e+01 -7.211027e+01 8.794975e+01
    endloop
  endfacet
  facet normal -4.617486e-01 -8.870108e-01 -3.151296e-15
    outer loop
      vertex   -7.311370e+01 -7.211027e+01 8.794975e+01
      vertex   -7.346103e+01 -7.192946e+01 8.394975e+01
      vertex   -7.311370e+01 -7.211027e+01 8.394975e+01
    endloop
  endfacet
  facet normal -6.755902e-01 -7.372773e-01 -2.619335e-15
    outer loop
      vertex   -7.311370e+01 -7.211027e+01 8.794975e+01
      vertex   -7.311370e+01 -7.211027e+01 8.394975e+01
      vertex   -7.282500e+01 -7.237482e+01 8.794975e+01
    endloop
  endfacet
  facet normal -6.755902e-01 -7.372773e-01 -0.000000e+00
    outer loop
      vertex   -7.282500e+01 -7.237482e+01 8.794975e+01
      vertex   -7.311370e+01 -7.211027e+01 8.394975e+01
      vertex   -7.282500e+01 -7.237482e+01 8.394975e+01
    endloop
  endfacet
  facet normal -8.433914e-01 -5.372996e-01 -0.000000e+00
    outer loop
      vertex   -7.282500e+01 -7.237482e+01 8.794975e+01
      vertex   -7.282500e+01 -7.237482e+01 8.394975e+01
      vertex   -7.261460e+01 -7.270507e+01 8.794975e+01
    endloop
  endfacet
  facet normal -8.433914e-01 -5.372996e-01 -1.908872e-15
    outer loop
      vertex   -7.261460e+01 -7.270507e+01 8.794975e+01
      vertex   -7.282500e+01 -7.237482e+01 8.394975e+01
      vertex   -7.261460e+01 -7.270507e+01 8.394975e+01
    endloop
  endfacet
  facet normal -9.537170e-01 -3.007058e-01 -1.068322e-15
    outer loop
      vertex   -7.261460e+01 -7.270507e+01 8.794975e+01
      vertex   -7.261460e+01 -7.270507e+01 8.394975e+01
      vertex   -7.249685e+01 -7.307853e+01 8.794975e+01
    endloop
  endfacet
  facet normal -9.537170e-01 -3.007058e-01 -1.068322e-15
    outer loop
      vertex   -7.249685e+01 -7.307853e+01 8.794975e+01
      vertex   -7.261460e+01 -7.270507e+01 8.394975e+01
      vertex   -7.249685e+01 -7.307853e+01 8.394975e+01
    endloop
  endfacet
  facet normal -9.990482e-01 -4.361939e-02 -1.549672e-16
    outer loop
      vertex   -7.249685e+01 -7.307853e+01 8.794975e+01
      vertex   -7.249685e+01 -7.307853e+01 8.394975e+01
      vertex   -7.247977e+01 -7.346973e+01 8.794975e+01
    endloop
  endfacet
  facet normal -9.990482e-01 -4.361939e-02 -1.549672e-16
    outer loop
      vertex   -7.247977e+01 -7.346973e+01 8.794975e+01
      vertex   -7.249685e+01 -7.307853e+01 8.394975e+01
      vertex   -7.247977e+01 -7.346973e+01 8.394975e+01
    endloop
  endfacet
  facet normal -9.762960e-01 2.164396e-01 7.689480e-16
    outer loop
      vertex   -7.247977e+01 -7.346973e+01 8.794975e+01
      vertex   -7.247977e+01 -7.346973e+01 8.394975e+01
      vertex   -7.256452e+01 -7.385203e+01 8.794975e+01
    endloop
  endfacet
  facet normal -9.762960e-01 2.164396e-01 7.689480e-16
    outer loop
      vertex   -7.256452e+01 -7.385203e+01 8.794975e+01
      vertex   -7.247977e+01 -7.346973e+01 8.394975e+01
      vertex   -7.256452e+01 -7.385203e+01 8.394975e+01
    endloop
  endfacet
  facet normal -8.870108e-01 4.617486e-01 1.640461e-15
    outer loop
      vertex   -7.256452e+01 -7.385203e+01 8.794975e+01
      vertex   -7.256452e+01 -7.385203e+01 8.394975e+01
      vertex   -7.274533e+01 -7.419936e+01 8.794975e+01
    endloop
  endfacet
  facet normal -8.870108e-01 4.617486e-01 1.640461e-15
    outer loop
      vertex   -7.274533e+01 -7.419936e+01 8.794975e+01
      vertex   -7.256452e+01 -7.385203e+01 8.394975e+01
      vertex   -7.274533e+01 -7.419936e+01 8.394975e+01
    endloop
  endfacet
  facet normal -7.372773e-01 6.755902e-01 2.400179e-15
    outer loop
      vertex   -7.274533e+01 -7.419936e+01 8.794975e+01
      vertex   -7.274533e+01 -7.419936e+01 8.394975e+01
      vertex   -7.300988e+01 -7.448806e+01 8.794975e+01
    endloop
  endfacet
  facet normal -7.372773e-01 6.755902e-01 0.000000e+00
    outer loop
      vertex   -7.300988e+01 -7.448806e+01 8.794975e+01
      vertex   -7.274533e+01 -7.419936e+01 8.394975e+01
      vertex   -7.300988e+01 -7.448806e+01 8.394975e+01
    endloop
  endfacet
  facet normal -5.372996e-01 8.433914e-01 0.000000e+00
    outer loop
      vertex   -7.300988e+01 -7.448806e+01 8.794975e+01
      vertex   -7.300988e+01 -7.448806e+01 8.394975e+01
      vertex   -7.334014e+01 -7.469846e+01 8.794975e+01
    endloop
  endfacet
  facet normal -5.372996e-01 8.433914e-01 2.996328e-15
    outer loop
      vertex   -7.334014e+01 -7.469846e+01 8.794975e+01
      vertex   -7.300988e+01 -7.448806e+01 8.394975e+01
      vertex   -7.334014e+01 -7.469846e+01 8.394975e+01
    endloop
  endfacet
  facet normal -3.007058e-01 9.537170e-01 3.388283e-15
    outer loop
      vertex   -7.334014e+01 -7.469846e+01 8.794975e+01
      vertex   -7.334014e+01 -7.469846e+01 8.394975e+01
      vertex   -7.371359e+01 -7.481621e+01 8.794975e+01
    endloop
  endfacet
  facet normal -3.007058e-01 9.537170e-01 3.388283e-15
    outer loop
      vertex   -7.371359e+01 -7.481621e+01 8.794975e+01
      vertex   -7.334014e+01 -7.469846e+01 8.394975e+01
      vertex   -7.371359e+01 -7.481621e+01 8.394975e+01
    endloop
  endfacet
  facet normal -4.361939e-02 9.990482e-01 3.549332e-15
    outer loop
      vertex   -7.371359e+01 -7.481621e+01 8.794975e+01
      vertex   -7.371359e+01 -7.481621e+01 8.394975e+01
      vertex   -7.410480e+01 -7.483329e+01 8.794975e+01
    endloop
  endfacet
  facet normal -4.361939e-02 9.990482e-01 3.549332e-15
    outer loop
      vertex   -7.410480e+01 -7.483329e+01 8.794975e+01
      vertex   -7.371359e+01 -7.481621e+01 8.394975e+01
      vertex   -7.410480e+01 -7.483329e+01 8.394975e+01
    endloop
  endfacet
  facet normal 2.164396e-01 9.762960e-01 3.468500e-15
    outer loop
      vertex   -7.410480e+01 -7.483329e+01 8.794975e+01
      vertex   -7.410480e+01 -7.483329e+01 8.394975e+01
      vertex   -7.448709e+01 -7.474854e+01 8.794975e+01
    endloop
  endfacet
  facet normal 2.164396e-01 9.762960e-01 3.468500e-15
    outer loop
      vertex   -7.448709e+01 -7.474854e+01 8.794975e+01
      vertex   -7.410480e+01 -7.483329e+01 8.394975e+01
      vertex   -7.448709e+01 -7.474854e+01 8.394975e+01
    endloop
  endfacet
  facet normal 4.617486e-01 8.870108e-01 3.151296e-15
    outer loop
      vertex   -7.448709e+01 -7.474854e+01 8.794975e+01
      vertex   -7.448709e+01 -7.474854e+01 8.394975e+01
      vertex   -7.483443e+01 -7.456773e+01 8.794975e+01
    endloop
  endfacet
  facet normal 4.617486e-01 8.870108e-01 0.000000e+00
    outer loop
      vertex   -7.483443e+01 -7.456773e+01 8.794975e+01
      vertex   -7.448709e+01 -7.474854e+01 8.394975e+01
      vertex   -7.483443e+01 -7.456773e+01 8.394975e+01
    endloop
  endfacet
  facet normal 6.755902e-01 7.372773e-01 0.000000e+00
    outer loop
      vertex   -7.483443e+01 -7.456773e+01 8.794975e+01
      vertex   -7.483443e+01 -7.456773e+01 8.394975e+01
      vertex   -7.512313e+01 -7.430318e+01 8.794975e+01
    endloop
  endfacet
  facet normal 6.755902e-01 7.372773e-01 2.619335e-15
    outer loop
      vertex   -7.512313e+01 -7.430318e+01 8.794975e+01
      vertex   -7.483443e+01 -7.456773e+01 8.394975e+01
      vertex   -7.512313e+01 -7.430318e+01 8.394975e+01
    endloop
  endfacet
  facet normal 0.000000e+00 0.000000e+00 -1.000000e+00
    outer loop
      vertex   -8.111709e+01 -6.976821e+01 8.394975e+01
      vertex   -7.789730e+01 -6.584422e+01 8.394975e+01
      vertex   -8.064300e+01 -7.098733e+01 8.394975e+01
    endloop
  endfacet
  facet normal 0.000000e+00 0.000000e+00 -1.000000e+00
    outer loop
      vertex   -8.064300e+01 -7.098733e+01 8.394975e+01
      vertex   -7.789730e+01 -6.584422e+01 8.394975e+01
      vertex   -7.493824e+01 -7.218993e+01 8.394975e+01
    endloop
  endfacet
  facet normal 0.000000e+00 0.000000e+00 -1.000000e+00
    outer loop
      vertex   -8.064300e+01 -7.098733e+01 8.394975e+01
      vertex   -7.493824e+01 -7.218993e+01 8.394975e+01
      vertex   -8.001384e+01 -7.213415e+01 8.394975e+01
    endloop
  endfacet
  facet normal 0.000000e+00 0.000000e+00 -1.000000e+00
    outer loop
      vertex   -8.001384e+01 -7.213415e+01 8.394975e+01
      vertex   -7.493824e+01 -7.218993e+01 8.394975e+01
      vertex   -7.520279e+01 -7.247863e+01 8.394975e+01
    endloop
  endfacet
  facet normal 0.000000e+00 0.000000e+00 -1.000000e+00
    outer loop
      vertex   -8.001384e+01 -7.213415e+01 8.394975e+01
      vertex   -7.520279e+01 -7.247863e+01 8.394975e+01
      vertex   -7.924037e+01 -7.318903e+01 8.394975e+01
    endloop
  endfacet
  facet normal 0.000000e+00 0.000000e+00 -1.000000e+00
    outer loop
      vertex   -7.924037e+01 -7.318903e+01 8.394975e+01
      vertex   -7.520279e+01 -7.247863e+01 8.394975e+01
      vertex   -7.538360e+01 -7.282597e+01 8.394975e+01
    endloop
  endfacet
  facet normal 0.000000e+00 0.000000e+00 -1.000000e+00
    outer loop
      vertex   -7.924037e+01 -7.318903e+01 8.394975e+01
      vertex   -7.538360e+01 -7.282597e+01 8.394975e+01
      vertex   -7.833582e+01 -7.413392e+01 8.394975e+01
    endloop
  endfacet
  facet normal 0.000000e+00 0.000000e+00 -1.000000e+00
    outer loop
      vertex   -7.833582e+01 -7.413392e+01 8.394975e+01
      vertex   -7.538360e+01 -7.282597e+01 8.394975e+01
      vertex   -7.546835e+01 -7.320826e+01 8.394975e+01
    endloop
  endfacet
  facet normal 0.000000e+00 0.000000e+00 -1.000000e+00
    outer loop
      vertex   -7.833582e+01 -7.413392e+01 8.394975e+01
      vertex   -7.546835e+01 -7.320826e+01 8.394975e+01
      vertex   -7.545127e+01 -7.359947e+01 8.394975e+01
    endloop
  endfacet
  facet normal 0.000000e+00 0.000000e+00 -1.000000e+00
    outer loop
      vertex   -7.789730e+01 -6.584422e+01 8.394975e+01
      vertex   -8.111709e+01 -6.976821e+01 8.394975e+01
      vertex   -7.828850e+01 -6.586130e+01 8.394975e+01
    endloop
  endfacet
  facet normal 0.000000e+00 0.000000e+00 -1.000000e+00
    outer loop
      vertex   -7.828850e+01 -6.586130e+01 8.394975e+01
      vertex   -8.111709e+01 -6.976821e+01 8.394975e+01
      vertex   -8.142800e+01 -6.849763e+01 8.394975e+01
    endloop
  endfacet
  facet normal -0.000000e+00 0.000000e+00 -1.000000e+00
    outer loop
      vertex   -7.828850e+01 -6.586130e+01 8.394975e+01
      vertex   -8.142800e+01 -6.849763e+01 8.394975e+01
      vertex   -7.867080e+01 -6.577655e+01 8.394975e+01
    endloop
  endfacet
  facet normal 0.000000e+00 0.000000e+00 -1.000000e+00
    outer loop
      vertex   -7.867080e+01 -6.577655e+01 8.394975e+01
      vertex   -8.142800e+01 -6.849763e+01 8.394975e+01
      vertex   -8.157040e+01 -6.719734e+01 8.394975e+01
    endloop
  endfacet
  facet normal -0.000000e+00 0.000000e+00 -1.000000e+00
    outer loop
      vertex   -7.867080e+01 -6.577655e+01 8.394975e+01
      vertex   -8.157040e+01 -6.719734e+01 8.394975e+01
      vertex   -7.901813e+01 -6.559574e+01 8.394975e+01
    endloop
  endfacet
  facet normal -0.000000e+00 0.000000e+00 -1.000000e+00
    outer loop
      vertex   -7.901813e+01 -6.559574e+01 8.394975e+01
      vertex   -8.157040e+01 -6.719734e+01 8.394975e+01
      vertex   -7.930684e+01 -6.533119e+01 8.394975e+01
    endloop
  endfacet
  facet normal 0.000000e+00 0.000000e+00 -1.000000e+00
    outer loop
      vertex   -7.930684e+01 -6.533119e+01 8.394975e+01
      vertex   -8.157040e+01 -6.719734e+01 8.394975e+01
      vertex   -8.154187e+01 -6.588959e+01 8.394975e+01
    endloop
  endfacet
  facet normal -0.000000e+00 0.000000e+00 -1.000000e+00
    outer loop
      vertex   -7.930684e+01 -6.533119e+01 8.394975e+01
      vertex   -8.154187e+01 -6.588959e+01 8.394975e+01
      vertex   -7.951723e+01 -6.500094e+01 8.394975e+01
    endloop
  endfacet
  facet normal -0.000000e+00 0.000000e+00 -1.000000e+00
    outer loop
      vertex   -7.951723e+01 -6.500094e+01 8.394975e+01
      vertex   -8.154187e+01 -6.588959e+01 8.394975e+01
      vertex   -8.134288e+01 -6.459675e+01 8.394975e+01
    endloop
  endfacet
  facet normal 0.000000e+00 0.000000e+00 -1.000000e+00
    outer loop
      vertex   -7.951723e+01 -6.500094e+01 8.394975e+01
      vertex   -8.134288e+01 -6.459675e+01 8.394975e+01
      vertex   -7.963498e+01 -6.462748e+01 8.394975e+01
    endloop
  endfacet
  facet normal 0.000000e+00 0.000000e+00 -1.000000e+00
    outer loop
      vertex   -7.963498e+01 -6.462748e+01 8.394975e+01
      vertex   -8.134288e+01 -6.459675e+01 8.394975e+01
      vertex   -7.965206e+01 -6.423627e+01 8.394975e+01
    endloop
  endfacet
  facet normal -0.000000e+00 0.000000e+00 -1.000000e+00
    outer loop
      vertex   -7.965206e+01 -6.423627e+01 8.394975e+01
      vertex   -8.134288e+01 -6.459675e+01 8.394975e+01
      vertex   -8.097685e+01 -6.334095e+01 8.394975e+01
    endloop
  endfacet
  facet normal 0.000000e+00 0.000000e+00 -1.000000e+00
    outer loop
      vertex   -7.965206e+01 -6.423627e+01 8.394975e+01
      vertex   -8.097685e+01 -6.334095e+01 8.394975e+01
      vertex   -7.956731e+01 -6.385398e+01 8.394975e+01
    endloop
  endfacet
  facet normal 0.000000e+00 0.000000e+00 -1.000000e+00
    outer loop
      vertex   -7.956731e+01 -6.385398e+01 8.394975e+01
      vertex   -8.097685e+01 -6.334095e+01 8.394975e+01
      vertex   -7.938650e+01 -6.350664e+01 8.394975e+01
    endloop
  endfacet
  facet normal 0.000000e+00 0.000000e+00 -1.000000e+00
    outer loop
      vertex   -7.938650e+01 -6.350664e+01 8.394975e+01
      vertex   -8.097685e+01 -6.334095e+01 8.394975e+01
      vertex   -8.045003e+01 -6.214366e+01 8.394975e+01
    endloop
  endfacet
  facet normal 0.000000e+00 0.000000e+00 -1.000000e+00
    outer loop
      vertex   -7.938650e+01 -6.350664e+01 8.394975e+01
      vertex   -8.045003e+01 -6.214366e+01 8.394975e+01
      vertex   -7.912195e+01 -6.321794e+01 8.394975e+01
    endloop
  endfacet
  facet normal 0.000000e+00 0.000000e+00 -1.000000e+00
    outer loop
      vertex   -7.912195e+01 -6.321794e+01 8.394975e+01
      vertex   -8.045003e+01 -6.214366e+01 8.394975e+01
      vertex   -7.879170e+01 -6.300755e+01 8.394975e+01
    endloop
  endfacet
  facet normal 0.000000e+00 0.000000e+00 -1.000000e+00
    outer loop
      vertex   -7.879170e+01 -6.300755e+01 8.394975e+01
      vertex   -8.045003e+01 -6.214366e+01 8.394975e+01
      vertex   -7.977144e+01 -6.102538e+01 8.394975e+01
    endloop
  endfacet
  facet normal 0.000000e+00 0.000000e+00 -1.000000e+00
    outer loop
      vertex   -7.879170e+01 -6.300755e+01 8.394975e+01
      vertex   -7.977144e+01 -6.102538e+01 8.394975e+01
      vertex   -7.841824e+01 -6.288980e+01 8.394975e+01
    endloop
  endfacet
  facet normal 0.000000e+00 0.000000e+00 -1.000000e+00
    outer loop
      vertex   -7.841824e+01 -6.288980e+01 8.394975e+01
      vertex   -7.977144e+01 -6.102538e+01 8.394975e+01
      vertex   -7.895269e+01 -6.000525e+01 8.394975e+01
    endloop
  endfacet
  facet normal 0.000000e+00 0.000000e+00 -1.000000e+00
    outer loop
      vertex   -7.841824e+01 -6.288980e+01 8.394975e+01
      vertex   -7.895269e+01 -6.000525e+01 8.394975e+01
      vertex   -7.802704e+01 -6.287272e+01 8.394975e+01
    endloop
  endfacet
  facet normal 0.000000e+00 0.000000e+00 -1.000000e+00
    outer loop
      vertex   -7.802704e+01 -6.287272e+01 8.394975e+01
      vertex   -7.895269e+01 -6.000525e+01 8.394975e+01
      vertex   -7.764474e+01 -6.295747e+01 8.394975e+01
    endloop
  endfacet
  facet normal 0.000000e+00 0.000000e+00 -1.000000e+00
    outer loop
      vertex   -7.764474e+01 -6.295747e+01 8.394975e+01
      vertex   -7.895269e+01 -6.000525e+01 8.394975e+01
      vertex   -7.800780e+01 -5.910070e+01 8.394975e+01
    endloop
  endfacet
  facet normal 0.000000e+00 0.000000e+00 -1.000000e+00
    outer loop
      vertex   -7.764474e+01 -6.295747e+01 8.394975e+01
      vertex   -7.800780e+01 -5.910070e+01 8.394975e+01
      vertex   -7.729741e+01 -6.313828e+01 8.394975e+01
    endloop
  endfacet
  facet normal 0.000000e+00 0.000000e+00 -1.000000e+00
    outer loop
      vertex   -7.729741e+01 -6.313828e+01 8.394975e+01
      vertex   -7.800780e+01 -5.910070e+01 8.394975e+01
      vertex   -7.695292e+01 -5.832723e+01 8.394975e+01
    endloop
  endfacet
  facet normal 0.000000e+00 0.000000e+00 -1.000000e+00
    outer loop
      vertex   -7.729741e+01 -6.313828e+01 8.394975e+01
      vertex   -7.695292e+01 -5.832723e+01 8.394975e+01
      vertex   -7.700870e+01 -6.340283e+01 8.394975e+01
    endloop
  endfacet
  facet normal 0.000000e+00 0.000000e+00 -1.000000e+00
    outer loop
      vertex   -7.700870e+01 -6.340283e+01 8.394975e+01
      vertex   -7.695292e+01 -5.832723e+01 8.394975e+01
      vertex   -7.580610e+01 -5.769807e+01 8.394975e+01
    endloop
  endfacet
  facet normal 0.000000e+00 0.000000e+00 -1.000000e+00
    outer loop
      vertex   -7.700870e+01 -6.340283e+01 8.394975e+01
      vertex   -7.580610e+01 -5.769807e+01 8.394975e+01
      vertex   -7.066299e+01 -6.044377e+01 8.394975e+01
    endloop
  endfacet
  facet normal 0.000000e+00 0.000000e+00 -1.000000e+00
    outer loop
      vertex   -7.066299e+01 -6.044377e+01 8.394975e+01
      vertex   -7.580610e+01 -5.769807e+01 8.394975e+01
      vertex   -7.458698e+01 -5.722398e+01 8.394975e+01
    endloop
  endfacet
  facet normal 0.000000e+00 0.000000e+00 -1.000000e+00
    outer loop
      vertex   -7.066299e+01 -6.044377e+01 8.394975e+01
      vertex   -7.458698e+01 -5.722398e+01 8.394975e+01
      vertex   -7.068007e+01 -6.005257e+01 8.394975e+01
    endloop
  endfacet
  facet normal 0.000000e+00 0.000000e+00 -1.000000e+00
    outer loop
      vertex   -7.068007e+01 -6.005257e+01 8.394975e+01
      vertex   -7.458698e+01 -5.722398e+01 8.394975e+01
      vertex   -7.331640e+01 -5.691307e+01 8.394975e+01
    endloop
  endfacet
  facet normal 0.000000e+00 0.000000e+00 -1.000000e+00
    outer loop
      vertex   -7.068007e+01 -6.005257e+01 8.394975e+01
      vertex   -7.331640e+01 -5.691307e+01 8.394975e+01
      vertex   -7.059532e+01 -5.967027e+01 8.394975e+01
    endloop
  endfacet
  facet normal 0.000000e+00 0.000000e+00 -1.000000e+00
    outer loop
      vertex   -7.059532e+01 -5.967027e+01 8.394975e+01
      vertex   -7.331640e+01 -5.691307e+01 8.394975e+01
      vertex   -7.201612e+01 -5.677067e+01 8.394975e+01
    endloop
  endfacet
  facet normal 0.000000e+00 0.000000e+00 -1.000000e+00
    outer loop
      vertex   -7.059532e+01 -5.967027e+01 8.394975e+01
      vertex   -7.201612e+01 -5.677067e+01 8.394975e+01
      vertex   -7.041451e+01 -5.932294e+01 8.394975e+01
    endloop
  endfacet
  facet normal 0.000000e+00 0.000000e+00 -1.000000e+00
    outer loop
      vertex   -7.041451e+01 -5.932294e+01 8.394975e+01
      vertex   -7.201612e+01 -5.677067e+01 8.394975e+01
      vertex   -7.014996e+01 -5.903423e+01 8.394975e+01
    endloop
  endfacet
  facet normal 0.000000e+00 0.000000e+00 -1.000000e+00
    outer loop
      vertex   -7.014996e+01 -5.903423e+01 8.394975e+01
      vertex   -7.201612e+01 -5.677067e+01 8.394975e+01
      vertex   -7.070836e+01 -5.679920e+01 8.394975e+01
    endloop
  endfacet
  facet normal 0.000000e+00 0.000000e+00 -1.000000e+00
    outer loop
      vertex   -7.014996e+01 -5.903423e+01 8.394975e+01
      vertex   -7.070836e+01 -5.679920e+01 8.394975e+01
      vertex   -6.981971e+01 -5.882384e+01 8.394975e+01
    endloop
  endfacet
  facet normal 0.000000e+00 0.000000e+00 -1.000000e+00
    outer loop
      vertex   -6.981971e+01 -5.882384e+01 8.394975e+01
      vertex   -7.070836e+01 -5.679920e+01 8.394975e+01
      vertex   -6.941553e+01 -5.699819e+01 8.394975e+01
    endloop
  endfacet
  facet normal 0.000000e+00 0.000000e+00 -1.000000e+00
    outer loop
      vertex   -6.981971e+01 -5.882384e+01 8.394975e+01
      vertex   -6.941553e+01 -5.699819e+01 8.394975e+01
      vertex   -6.944625e+01 -5.870609e+01 8.394975e+01
    endloop
  endfacet
  facet normal 0.000000e+00 0.000000e+00 -1.000000e+00
    outer loop
      vertex   -6.944625e+01 -5.870609e+01 8.394975e+01
      vertex   -6.941553e+01 -5.699819e+01 8.394975e+01
      vertex   -6.905505e+01 -5.868901e+01 8.394975e+01
    endloop
  endfacet
  facet normal 0.000000e+00 0.000000e+00 -1.000000e+00
    outer loop
      vertex   -6.905505e+01 -5.868901e+01 8.394975e+01
      vertex   -6.941553e+01 -5.699819e+01 8.394975e+01
      vertex   -6.815972e+01 -5.736422e+01 8.394975e+01
    endloop
  endfacet
  facet normal 0.000000e+00 0.000000e+00 -1.000000e+00
    outer loop
      vertex   -6.905505e+01 -5.868901e+01 8.394975e+01
      vertex   -6.815972e+01 -5.736422e+01 8.394975e+01
      vertex   -6.867275e+01 -5.877376e+01 8.394975e+01
    endloop
  endfacet
  facet normal 0.000000e+00 0.000000e+00 -1.000000e+00
    outer loop
      vertex   -6.867275e+01 -5.877376e+01 8.394975e+01
      vertex   -6.815972e+01 -5.736422e+01 8.394975e+01
      vertex   -6.832542e+01 -5.895457e+01 8.394975e+01
    endloop
  endfacet
  facet normal 0.000000e+00 0.000000e+00 -1.000000e+00
    outer loop
      vertex   -6.832542e+01 -5.895457e+01 8.394975e+01
      vertex   -6.815972e+01 -5.736422e+01 8.394975e+01
      vertex   -6.696244e+01 -5.789104e+01 8.394975e+01
    endloop
  endfacet
  facet normal 0.000000e+00 0.000000e+00 -1.000000e+00
    outer loop
      vertex   -6.832542e+01 -5.895457e+01 8.394975e+01
      vertex   -6.696244e+01 -5.789104e+01 8.394975e+01
      vertex   -6.803671e+01 -5.921912e+01 8.394975e+01
    endloop
  endfacet
  facet normal 0.000000e+00 0.000000e+00 -1.000000e+00
    outer loop
      vertex   -6.803671e+01 -5.921912e+01 8.394975e+01
      vertex   -6.696244e+01 -5.789104e+01 8.394975e+01
      vertex   -6.782632e+01 -5.954937e+01 8.394975e+01
    endloop
  endfacet
  facet normal 0.000000e+00 0.000000e+00 -1.000000e+00
    outer loop
      vertex   -6.782632e+01 -5.954937e+01 8.394975e+01
      vertex   -6.696244e+01 -5.789104e+01 8.394975e+01
      vertex   -6.584416e+01 -5.856963e+01 8.394975e+01
    endloop
  endfacet
  facet normal 0.000000e+00 0.000000e+00 -1.000000e+00
    outer loop
      vertex   -6.782632e+01 -5.954937e+01 8.394975e+01
      vertex   -6.584416e+01 -5.856963e+01 8.394975e+01
      vertex   -6.770857e+01 -5.992283e+01 8.394975e+01
    endloop
  endfacet
  facet normal 0.000000e+00 0.000000e+00 -1.000000e+00
    outer loop
      vertex   -6.770857e+01 -5.992283e+01 8.394975e+01
      vertex   -6.584416e+01 -5.856963e+01 8.394975e+01
      vertex   -6.482402e+01 -5.938838e+01 8.394975e+01
    endloop
  endfacet
  facet normal 0.000000e+00 0.000000e+00 -1.000000e+00
    outer loop
      vertex   -6.770857e+01 -5.992283e+01 8.394975e+01
      vertex   -6.482402e+01 -5.938838e+01 8.394975e+01
      vertex   -6.769149e+01 -6.031403e+01 8.394975e+01
    endloop
  endfacet
  facet normal 0.000000e+00 -0.000000e+00 -1.000000e+00
    outer loop
      vertex   -6.769149e+01 -6.031403e+01 8.394975e+01
      vertex   -6.482402e+01 -5.938838e+01 8.394975e+01
      vertex   -6.777624e+01 -6.069633e+01 8.394975e+01
    endloop
  endfacet
  facet normal 0.000000e+00 0.000000e+00 -1.000000e+00
    outer loop
      vertex   -6.777624e+01 -6.069633e+01 8.394975e+01
      vertex   -6.482402e+01 -5.938838e+01 8.394975e+01
      vertex   -6.391948e+01 -6.033327e+01 8.394975e+01
    endloop
  endfacet
  facet normal 0.000000e+00 -0.000000e+00 -1.000000e+00
    outer loop
      vertex   -6.777624e+01 -6.069633e+01 8.394975e+01
      vertex   -6.391948e+01 -6.033327e+01 8.394975e+01
      vertex   -6.795705e+01 -6.104367e+01 8.394975e+01
    endloop
  endfacet
  facet normal 0.000000e+00 0.000000e+00 -1.000000e+00
    outer loop
      vertex   -6.795705e+01 -6.104367e+01 8.394975e+01
      vertex   -6.391948e+01 -6.033327e+01 8.394975e+01
      vertex   -6.314601e+01 -6.138815e+01 8.394975e+01
    endloop
  endfacet
  facet normal 0.000000e+00 -0.000000e+00 -1.000000e+00
    outer loop
      vertex   -6.795705e+01 -6.104367e+01 8.394975e+01
      vertex   -6.314601e+01 -6.138815e+01 8.394975e+01
      vertex   -6.822160e+01 -6.133237e+01 8.394975e+01
    endloop
  endfacet
  facet normal 0.000000e+00 0.000000e+00 -1.000000e+00
    outer loop
      vertex   -6.822160e+01 -6.133237e+01 8.394975e+01
      vertex   -6.314601e+01 -6.138815e+01 8.394975e+01
      vertex   -6.251684e+01 -6.253497e+01 8.394975e+01
    endloop
  endfacet
  facet normal -5.235546e-16 -2.483580e-15 -1.000000e+00
    outer loop
      vertex   -6.822160e+01 -6.133237e+01 8.394975e+01
      vertex   -6.251684e+01 -6.253497e+01 8.394975e+01
      vertex   -6.526255e+01 -6.767808e+01 8.394975e+01
    endloop
  endfacet
  facet normal -2.994439e-15 -1.164474e-15 -1.000000e+00
    outer loop
      vertex   -6.526255e+01 -6.767808e+01 8.394975e+01
      vertex   -6.251684e+01 -6.253497e+01 8.394975e+01
      vertex   -6.204275e+01 -6.375409e+01 8.394975e+01
    endloop
  endfacet
  facet normal 1.639948e-16 -3.756099e-15 -1.000000e+00
    outer loop
      vertex   -6.526255e+01 -6.767808e+01 8.394975e+01
      vertex   -6.204275e+01 -6.375409e+01 8.394975e+01
      vertex   -6.487134e+01 -6.766100e+01 8.394975e+01
    endloop
  endfacet
  facet normal -3.754914e-15 -9.188217e-16 -1.000000e+00
    outer loop
      vertex   -6.487134e+01 -6.766100e+01 8.394975e+01
      vertex   -6.204275e+01 -6.375409e+01 8.394975e+01
      vertex   -6.173184e+01 -6.502467e+01 8.394975e+01
    endloop
  endfacet
  facet normal -9.454229e-16 -4.264527e-15 -1.000000e+00
    outer loop
      vertex   -6.487134e+01 -6.766100e+01 8.394975e+01
      vertex   -6.173184e+01 -6.502467e+01 8.394975e+01
      vertex   -6.448904e+01 -6.774575e+01 8.394975e+01
    endloop
  endfacet
  facet normal -4.651357e-15 -5.094065e-16 -1.000000e+00
    outer loop
      vertex   -6.448904e+01 -6.774575e+01 8.394975e+01
      vertex   -6.173184e+01 -6.502467e+01 8.394975e+01
      vertex   -6.158944e+01 -6.632496e+01 8.394975e+01
    endloop
  endfacet
  facet normal -2.524612e-15 -4.849734e-15 -1.000000e+00
    outer loop
      vertex   -6.448904e+01 -6.774575e+01 8.394975e+01
      vertex   -6.158944e+01 -6.632496e+01 8.394975e+01
      vertex   -6.414171e+01 -6.792656e+01 8.394975e+01
    endloop
  endfacet
  facet normal -3.304761e-15 -3.606513e-15 -1.000000e+00
    outer loop
      vertex   -6.414171e+01 -6.792656e+01 8.394975e+01
      vertex   -6.158944e+01 -6.632496e+01 8.394975e+01
      vertex   -6.385301e+01 -6.819111e+01 8.394975e+01
    endloop
  endfacet
  facet normal -6.393086e-15 1.394976e-16 -1.000000e+00
    outer loop
      vertex   -6.385301e+01 -6.819111e+01 8.394975e+01
      vertex   -6.158944e+01 -6.632496e+01 8.394975e+01
      vertex   -6.161797e+01 -6.763271e+01 8.394975e+01
    endloop
  endfacet
  facet normal -5.485179e-15 -3.494444e-15 -1.000000e+00
    outer loop
      vertex   -6.385301e+01 -6.819111e+01 8.394975e+01
      vertex   -6.161797e+01 -6.763271e+01 8.394975e+01
      vertex   -6.364261e+01 -6.852136e+01 8.394975e+01
    endloop
  endfacet
  facet normal -7.527495e-15 1.158592e-15 -1.000000e+00
    outer loop
      vertex   -6.364261e+01 -6.852136e+01 8.394975e+01
      vertex   -6.161797e+01 -6.763271e+01 8.394975e+01
      vertex   -6.181696e+01 -6.892555e+01 8.394975e+01
    endloop
  endfacet
  facet normal -8.368129e-15 -2.638461e-15 -1.000000e+00
    outer loop
      vertex   -6.364261e+01 -6.852136e+01 8.394975e+01
      vertex   -6.181696e+01 -6.892555e+01 8.394975e+01
      vertex   -6.352486e+01 -6.889482e+01 8.394975e+01
    endloop
  endfacet
  facet normal -8.327200e-15 -3.635734e-16 -1.000000e+00
    outer loop
      vertex   -6.352486e+01 -6.889482e+01 8.394975e+01
      vertex   -6.181696e+01 -6.892555e+01 8.394975e+01
      vertex   -6.350778e+01 -6.928602e+01 8.394975e+01
    endloop
  endfacet
  facet normal -8.961600e-15 2.612068e-15 -1.000000e+00
    outer loop
      vertex   -6.350778e+01 -6.928602e+01 8.394975e+01
      vertex   -6.181696e+01 -6.892555e+01 8.394975e+01
      vertex   -6.218300e+01 -7.018135e+01 8.394975e+01
    endloop
  endfacet
  facet normal -9.329146e-15 2.068222e-15 -1.000000e+00
    outer loop
      vertex   -6.350778e+01 -6.928602e+01 8.394975e+01
      vertex   -6.218300e+01 -7.018135e+01 8.394975e+01
      vertex   -6.359253e+01 -6.966832e+01 8.394975e+01
    endloop
  endfacet
  facet normal -8.475968e-15 4.412310e-15 -1.000000e+00
    outer loop
      vertex   -6.359253e+01 -6.966832e+01 8.394975e+01
      vertex   -6.218300e+01 -7.018135e+01 8.394975e+01
      vertex   -6.377335e+01 -7.001565e+01 8.394975e+01
    endloop
  endfacet
  facet normal -8.543989e-15 3.759445e-15 -1.000000e+00
    outer loop
      vertex   -6.377335e+01 -7.001565e+01 8.394975e+01
      vertex   -6.218300e+01 -7.018135e+01 8.394975e+01
      vertex   -6.270981e+01 -7.137864e+01 8.394975e+01
    endloop
  endfacet
  facet normal -6.145305e-15 5.631135e-15 -1.000000e+00
    outer loop
      vertex   -6.377335e+01 -7.001565e+01 8.394975e+01
      vertex   -6.270981e+01 -7.137864e+01 8.394975e+01
      vertex   -6.403789e+01 -7.030436e+01 8.394975e+01
    endloop
  endfacet
  facet normal -4.714389e-15 7.400108e-15 -1.000000e+00
    outer loop
      vertex   -6.403789e+01 -7.030436e+01 8.394975e+01
      vertex   -6.270981e+01 -7.137864e+01 8.394975e+01
      vertex   -6.436815e+01 -7.051475e+01 8.394975e+01
    endloop
  endfacet
  facet normal -6.511125e-15 3.951047e-15 -1.000000e+00
    outer loop
      vertex   -6.436815e+01 -7.051475e+01 8.394975e+01
      vertex   -6.270981e+01 -7.137864e+01 8.394975e+01
      vertex   -6.338840e+01 -7.249691e+01 8.394975e+01
    endloop
  endfacet
  facet normal -1.955705e-15 6.202704e-15 -1.000000e+00
    outer loop
      vertex   -6.436815e+01 -7.051475e+01 8.394975e+01
      vertex   -6.338840e+01 -7.249691e+01 8.394975e+01
      vertex   -6.474160e+01 -7.063250e+01 8.394975e+01
    endloop
  endfacet
  facet normal -4.987055e-15 4.002535e-15 -1.000000e+00
    outer loop
      vertex   -6.474160e+01 -7.063250e+01 8.394975e+01
      vertex   -6.338840e+01 -7.249691e+01 8.394975e+01
      vertex   -6.420715e+01 -7.351705e+01 8.394975e+01
    endloop
  endfacet
  facet normal -2.133714e-16 4.887009e-15 -1.000000e+00
    outer loop
      vertex   -6.474160e+01 -7.063250e+01 8.394975e+01
      vertex   -6.420715e+01 -7.351705e+01 8.394975e+01
      vertex   -6.513281e+01 -7.064958e+01 8.394975e+01
    endloop
  endfacet
  facet normal 1.183384e-15 5.337901e-15 -1.000000e+00
    outer loop
      vertex   -6.513281e+01 -7.064958e+01 8.394975e+01
      vertex   -6.420715e+01 -7.351705e+01 8.394975e+01
      vertex   -6.551510e+01 -7.056483e+01 8.394975e+01
    endloop
  endfacet
  facet normal -3.235706e-15 3.380063e-15 -1.000000e+00
    outer loop
      vertex   -6.551510e+01 -7.056483e+01 8.394975e+01
      vertex   -6.420715e+01 -7.351705e+01 8.394975e+01
      vertex   -6.515205e+01 -7.442159e+01 8.394975e+01
    endloop
  endfacet
  facet normal 2.016949e-15 3.874523e-15 -1.000000e+00
    outer loop
      vertex   -6.551510e+01 -7.056483e+01 8.394975e+01
      vertex   -6.515205e+01 -7.442159e+01 8.394975e+01
      vertex   -6.586244e+01 -7.038402e+01 8.394975e+01
    endloop
  endfacet
  facet normal -2.285824e-15 3.117471e-15 -1.000000e+00
    outer loop
      vertex   -6.586244e+01 -7.038402e+01 8.394975e+01
      vertex   -6.515205e+01 -7.442159e+01 8.394975e+01
      vertex   -6.620693e+01 -7.519506e+01 8.394975e+01
    endloop
  endfacet
  facet normal 2.540001e-15 2.771925e-15 -1.000000e+00
    outer loop
      vertex   -6.586244e+01 -7.038402e+01 8.394975e+01
      vertex   -6.620693e+01 -7.519506e+01 8.394975e+01
      vertex   -6.615114e+01 -7.011947e+01 8.394975e+01
    endloop
  endfacet
  facet normal -1.545364e-15 2.816827e-15 -1.000000e+00
    outer loop
      vertex   -6.615114e+01 -7.011947e+01 8.394975e+01
      vertex   -6.620693e+01 -7.519506e+01 8.394975e+01
      vertex   -6.735374e+01 -7.582423e+01 8.394975e+01
    endloop
  endfacet
  facet normal 1.195348e-15 2.239067e-15 -1.000000e+00
    outer loop
      vertex   -6.615114e+01 -7.011947e+01 8.394975e+01
      vertex   -6.735374e+01 -7.582423e+01 8.394975e+01
      vertex   -7.249685e+01 -7.307853e+01 8.394975e+01
    endloop
  endfacet
  facet normal 0.000000e+00 0.000000e+00 -1.000000e+00
    outer loop
      vertex   -7.249685e+01 -7.307853e+01 8.394975e+01
      vertex   -6.735374e+01 -7.582423e+01 8.394975e+01
      vertex   -6.857286e+01 -7.629832e+01 8.394975e+01
    endloop
  endfacet
  facet normal 0.000000e+00 0.000000e+00 -1.000000e+00
    outer loop
      vertex   -7.249685e+01 -7.307853e+01 8.394975e+01
      vertex   -6.857286e+01 -7.629832e+01 8.394975e+01
      vertex   -7.247977e+01 -7.346973e+01 8.394975e+01
    endloop
  endfacet
  facet normal 0.000000e+00 0.000000e+00 -1.000000e+00
    outer loop
      vertex   -7.247977e+01 -7.346973e+01 8.394975e+01
      vertex   -6.857286e+01 -7.629832e+01 8.394975e+01
      vertex   -6.984344e+01 -7.660923e+01 8.394975e+01
    endloop
  endfacet
  facet normal 0.000000e+00 -0.000000e+00 -1.000000e+00
    outer loop
      vertex   -7.247977e+01 -7.346973e+01 8.394975e+01
      vertex   -6.984344e+01 -7.660923e+01 8.394975e+01
      vertex   -7.256452e+01 -7.385203e+01 8.394975e+01
    endloop
  endfacet
  facet normal 0.000000e+00 0.000000e+00 -1.000000e+00
    outer loop
      vertex   -7.256452e+01 -7.385203e+01 8.394975e+01
      vertex   -6.984344e+01 -7.660923e+01 8.394975e+01
      vertex   -7.114373e+01 -7.675163e+01 8.394975e+01
    endloop
  endfacet
  facet normal 0.000000e+00 -0.000000e+00 -1.000000e+00
    outer loop
      vertex   -7.256452e+01 -7.385203e+01 8.394975e+01
      vertex   -7.114373e+01 -7.675163e+01 8.394975e+01
      vertex   -7.274533e+01 -7.419936e+01 8.394975e+01
    endloop
  endfacet
  facet normal 0.000000e+00 -0.000000e+00 -1.000000e+00
    outer loop
      vertex   -7.274533e+01 -7.419936e+01 8.394975e+01
      vertex   -7.114373e+01 -7.675163e+01 8.394975e+01
      vertex   -7.300988e+01 -7.448806e+01 8.394975e+01
    endloop
  endfacet
  facet normal 0.000000e+00 0.000000e+00 -1.000000e+00
    outer loop
      vertex   -7.300988e+01 -7.448806e+01 8.394975e+01
      vertex   -7.114373e+01 -7.675163e+01 8.394975e+01
      vertex   -7.245148e+01 -7.672310e+01 8.394975e+01
    endloop
  endfacet
  facet normal 0.000000e+00 -0.000000e+00 -1.000000e+00
    outer loop
      vertex   -7.300988e+01 -7.448806e+01 8.394975e+01
      vertex   -7.245148e+01 -7.672310e+01 8.394975e+01
      vertex   -7.334014e+01 -7.469846e+01 8.394975e+01
    endloop
  endfacet
  facet normal 0.000000e+00 -0.000000e+00 -1.000000e+00
    outer loop
      vertex   -7.334014e+01 -7.469846e+01 8.394975e+01
      vertex   -7.245148e+01 -7.672310e+01 8.394975e+01
      vertex   -7.374432e+01 -7.652411e+01 8.394975e+01
    endloop
  endfacet
  facet normal 0.000000e+00 0.000000e+00 -1.000000e+00
    outer loop
      vertex   -7.334014e+01 -7.469846e+01 8.394975e+01
      vertex   -7.374432e+01 -7.652411e+01 8.394975e+01
      vertex   -7.371359e+01 -7.481621e+01 8.394975e+01
    endloop
  endfacet
  facet normal 0.000000e+00 0.000000e+00 -1.000000e+00
    outer loop
      vertex   -7.371359e+01 -7.481621e+01 8.394975e+01
      vertex   -7.374432e+01 -7.652411e+01 8.394975e+01
      vertex   -7.410480e+01 -7.483329e+01 8.394975e+01
    endloop
  endfacet
  facet normal 0.000000e+00 -0.000000e+00 -1.000000e+00
    outer loop
      vertex   -7.410480e+01 -7.483329e+01 8.394975e+01
      vertex   -7.374432e+01 -7.652411e+01 8.394975e+01
      vertex   -7.500012e+01 -7.615808e+01 8.394975e+01
    endloop
  endfacet
  facet normal -0.000000e+00 0.000000e+00 -1.000000e+00
    outer loop
      vertex   -7.410480e+01 -7.483329e+01 8.394975e+01
      vertex   -7.500012e+01 -7.615808e+01 8.394975e+01
      vertex   -7.448709e+01 -7.474854e+01 8.394975e+01
    endloop
  endfacet
  facet normal -0.000000e+00 0.000000e+00 -1.000000e+00
    outer loop
      vertex   -7.448709e+01 -7.474854e+01 8.394975e+01
      vertex   -7.500012e+01 -7.615808e+01 8.394975e+01
      vertex   -7.483443e+01 -7.456773e+01 8.394975e+01
    endloop
  endfacet
  facet normal 0.000000e+00 0.000000e+00 -1.000000e+00
    outer loop
      vertex   -7.483443e+01 -7.456773e+01 8.394975e+01
      vertex   -7.500012e+01 -7.615808e+01 8.394975e+01
      vertex   -7.619741e+01 -7.563126e+01 8.394975e+01
    endloop
  endfacet
  facet normal -0.000000e+00 0.000000e+00 -1.000000e+00
    outer loop
      vertex   -7.483443e+01 -7.456773e+01 8.394975e+01
      vertex   -7.619741e+01 -7.563126e+01 8.394975e+01
      vertex   -7.512313e+01 -7.430318e+01 8.394975e+01
    endloop
  endfacet
  facet normal -0.000000e+00 0.000000e+00 -1.000000e+00
    outer loop
      vertex   -7.512313e+01 -7.430318e+01 8.394975e+01
      vertex   -7.619741e+01 -7.563126e+01 8.394975e+01
      vertex   -7.533352e+01 -7.397292e+01 8.394975e+01
    endloop
  endfacet
  facet normal 0.000000e+00 0.000000e+00 -1.000000e+00
    outer loop
      vertex   -7.533352e+01 -7.397292e+01 8.394975e+01
      vertex   -7.619741e+01 -7.563126e+01 8.394975e+01
      vertex   -7.731569e+01 -7.495267e+01 8.394975e+01
    endloop
  endfacet
  facet normal -0.000000e+00 0.000000e+00 -1.000000e+00
    outer loop
      vertex   -7.533352e+01 -7.397292e+01 8.394975e+01
      vertex   -7.731569e+01 -7.495267e+01 8.394975e+01
      vertex   -7.545127e+01 -7.359947e+01 8.394975e+01
    endloop
  endfacet
  facet normal 0.000000e+00 0.000000e+00 -1.000000e+00
    outer loop
      vertex   -7.545127e+01 -7.359947e+01 8.394975e+01
      vertex   -7.731569e+01 -7.495267e+01 8.394975e+01
      vertex   -7.833582e+01 -7.413392e+01 8.394975e+01
    endloop
  endfacet
  facet normal 1.719621e-14 -3.207488e-14 -1.000000e+00
    outer loop
      vertex   -6.615114e+01 -7.011947e+01 8.394975e+01
      vertex   -7.249685e+01 -7.307853e+01 8.394975e+01
      vertex   -6.636153e+01 -6.978922e+01 8.394975e+01
    endloop
  endfacet
  facet normal 0.000000e+00 0.000000e+00 -1.000000e+00
    outer loop
      vertex   -6.636153e+01 -6.978922e+01 8.394975e+01
      vertex   -7.249685e+01 -7.307853e+01 8.394975e+01
      vertex   -7.261460e+01 -7.270507e+01 8.394975e+01
    endloop
  endfacet
  facet normal -0.000000e+00 0.000000e+00 -1.000000e+00
    outer loop
      vertex   -6.636153e+01 -6.978922e+01 8.394975e+01
      vertex   -7.261460e+01 -7.270507e+01 8.394975e+01
      vertex   -7.094599e+01 -6.812061e+01 8.394975e+01
    endloop
  endfacet
  facet normal 0.000000e+00 0.000000e+00 -1.000000e+00
    outer loop
      vertex   -7.094599e+01 -6.812061e+01 8.394975e+01
      vertex   -7.261460e+01 -7.270507e+01 8.394975e+01
      vertex   -7.282500e+01 -7.237482e+01 8.394975e+01
    endloop
  endfacet
  facet normal 0.000000e+00 0.000000e+00 -1.000000e+00
    outer loop
      vertex   -7.094599e+01 -6.812061e+01 8.394975e+01
      vertex   -7.282500e+01 -7.237482e+01 8.394975e+01
      vertex   -7.131945e+01 -6.823836e+01 8.394975e+01
    endloop
  endfacet
  facet normal 0.000000e+00 0.000000e+00 -1.000000e+00
    outer loop
      vertex   -7.131945e+01 -6.823836e+01 8.394975e+01
      vertex   -7.282500e+01 -7.237482e+01 8.394975e+01
      vertex   -7.311370e+01 -7.211027e+01 8.394975e+01
    endloop
  endfacet
  facet normal 0.000000e+00 0.000000e+00 -1.000000e+00
    outer loop
      vertex   -7.131945e+01 -6.823836e+01 8.394975e+01
      vertex   -7.311370e+01 -7.211027e+01 8.394975e+01
      vertex   -7.171066e+01 -6.825544e+01 8.394975e+01
    endloop
  endfacet
  facet normal 0.000000e+00 0.000000e+00 -1.000000e+00
    outer loop
      vertex   -7.171066e+01 -6.825544e+01 8.394975e+01
      vertex   -7.311370e+01 -7.211027e+01 8.394975e+01
      vertex   -7.346103e+01 -7.192946e+01 8.394975e+01
    endloop
  endfacet
  facet normal -0.000000e+00 0.000000e+00 -1.000000e+00
    outer loop
      vertex   -7.171066e+01 -6.825544e+01 8.394975e+01
      vertex   -7.346103e+01 -7.192946e+01 8.394975e+01
      vertex   -7.209295e+01 -6.817069e+01 8.394975e+01
    endloop
  endfacet
  facet normal 0.000000e+00 0.000000e+00 -1.000000e+00
    outer loop
      vertex   -7.209295e+01 -6.817069e+01 8.394975e+01
      vertex   -7.346103e+01 -7.192946e+01 8.394975e+01
      vertex   -7.384333e+01 -7.184471e+01 8.394975e+01
    endloop
  endfacet
  facet normal -0.000000e+00 0.000000e+00 -1.000000e+00
    outer loop
      vertex   -7.209295e+01 -6.817069e+01 8.394975e+01
      vertex   -7.384333e+01 -7.184471e+01 8.394975e+01
      vertex   -7.244029e+01 -6.798988e+01 8.394975e+01
    endloop
  endfacet
  facet normal 0.000000e+00 0.000000e+00 -1.000000e+00
    outer loop
      vertex   -7.244029e+01 -6.798988e+01 8.394975e+01
      vertex   -7.384333e+01 -7.184471e+01 8.394975e+01
      vertex   -7.423453e+01 -7.186179e+01 8.394975e+01
    endloop
  endfacet
  facet normal -0.000000e+00 0.000000e+00 -1.000000e+00
    outer loop
      vertex   -7.244029e+01 -6.798988e+01 8.394975e+01
      vertex   -7.423453e+01 -7.186179e+01 8.394975e+01
      vertex   -7.272899e+01 -6.772533e+01 8.394975e+01
    endloop
  endfacet
  facet normal 0.000000e+00 0.000000e+00 -1.000000e+00
    outer loop
      vertex   -7.272899e+01 -6.772533e+01 8.394975e+01
      vertex   -7.423453e+01 -7.186179e+01 8.394975e+01
      vertex   -7.460799e+01 -7.197954e+01 8.394975e+01
    endloop
  endfacet
  facet normal -0.000000e+00 0.000000e+00 -1.000000e+00
    outer loop
      vertex   -7.272899e+01 -6.772533e+01 8.394975e+01
      vertex   -7.460799e+01 -7.197954e+01 8.394975e+01
      vertex   -7.293938e+01 -6.739508e+01 8.394975e+01
    endloop
  endfacet
  facet normal -0.000000e+00 0.000000e+00 -1.000000e+00
    outer loop
      vertex   -7.293938e+01 -6.739508e+01 8.394975e+01
      vertex   -7.460799e+01 -7.197954e+01 8.394975e+01
      vertex   -7.752384e+01 -6.572647e+01 8.394975e+01
    endloop
  endfacet
  facet normal 0.000000e+00 0.000000e+00 -1.000000e+00
    outer loop
      vertex   -7.293938e+01 -6.739508e+01 8.394975e+01
      vertex   -7.752384e+01 -6.572647e+01 8.394975e+01
      vertex   -7.305713e+01 -6.702162e+01 8.394975e+01
    endloop
  endfacet
  facet normal 0.000000e+00 0.000000e+00 -1.000000e+00
    outer loop
      vertex   -7.305713e+01 -6.702162e+01 8.394975e+01
      vertex   -7.752384e+01 -6.572647e+01 8.394975e+01
      vertex   -7.719359e+01 -6.551607e+01 8.394975e+01
    endloop
  endfacet
  facet normal 0.000000e+00 0.000000e+00 -1.000000e+00
    outer loop
      vertex   -7.305713e+01 -6.702162e+01 8.394975e+01
      vertex   -7.719359e+01 -6.551607e+01 8.394975e+01
      vertex   -7.307421e+01 -6.663042e+01 8.394975e+01
    endloop
  endfacet
  facet normal 0.000000e+00 0.000000e+00 -1.000000e+00
    outer loop
      vertex   -7.307421e+01 -6.663042e+01 8.394975e+01
      vertex   -7.719359e+01 -6.551607e+01 8.394975e+01
      vertex   -7.692904e+01 -6.522737e+01 8.394975e+01
    endloop
  endfacet
  facet normal 0.000000e+00 0.000000e+00 -1.000000e+00
    outer loop
      vertex   -7.307421e+01 -6.663042e+01 8.394975e+01
      vertex   -7.692904e+01 -6.522737e+01 8.394975e+01
      vertex   -7.298946e+01 -6.624812e+01 8.394975e+01
    endloop
  endfacet
  facet normal 0.000000e+00 0.000000e+00 -1.000000e+00
    outer loop
      vertex   -7.298946e+01 -6.624812e+01 8.394975e+01
      vertex   -7.692904e+01 -6.522737e+01 8.394975e+01
      vertex   -7.674823e+01 -6.488004e+01 8.394975e+01
    endloop
  endfacet
  facet normal 0.000000e+00 0.000000e+00 -1.000000e+00
    outer loop
      vertex   -7.298946e+01 -6.624812e+01 8.394975e+01
      vertex   -7.674823e+01 -6.488004e+01 8.394975e+01
      vertex   -7.280865e+01 -6.590078e+01 8.394975e+01
    endloop
  endfacet
  facet normal 0.000000e+00 0.000000e+00 -1.000000e+00
    outer loop
      vertex   -7.280865e+01 -6.590078e+01 8.394975e+01
      vertex   -7.674823e+01 -6.488004e+01 8.394975e+01
      vertex   -7.666348e+01 -6.449774e+01 8.394975e+01
    endloop
  endfacet
  facet normal 0.000000e+00 0.000000e+00 -1.000000e+00
    outer loop
      vertex   -7.280865e+01 -6.590078e+01 8.394975e+01
      vertex   -7.666348e+01 -6.449774e+01 8.394975e+01
      vertex   -7.254410e+01 -6.561208e+01 8.394975e+01
    endloop
  endfacet
  facet normal 0.000000e+00 0.000000e+00 -1.000000e+00
    outer loop
      vertex   -7.254410e+01 -6.561208e+01 8.394975e+01
      vertex   -7.666348e+01 -6.449774e+01 8.394975e+01
      vertex   -7.668056e+01 -6.410654e+01 8.394975e+01
    endloop
  endfacet
  facet normal 0.000000e+00 0.000000e+00 -1.000000e+00
    outer loop
      vertex   -7.254410e+01 -6.561208e+01 8.394975e+01
      vertex   -7.668056e+01 -6.410654e+01 8.394975e+01
      vertex   -7.221385e+01 -6.540169e+01 8.394975e+01
    endloop
  endfacet
  facet normal 0.000000e+00 0.000000e+00 -1.000000e+00
    outer loop
      vertex   -7.221385e+01 -6.540169e+01 8.394975e+01
      vertex   -7.668056e+01 -6.410654e+01 8.394975e+01
      vertex   -7.679831e+01 -6.373308e+01 8.394975e+01
    endloop
  endfacet
  facet normal 0.000000e+00 0.000000e+00 -1.000000e+00
    outer loop
      vertex   -7.221385e+01 -6.540169e+01 8.394975e+01
      vertex   -7.679831e+01 -6.373308e+01 8.394975e+01
      vertex   -7.054524e+01 -6.081723e+01 8.394975e+01
    endloop
  endfacet
  facet normal -0.000000e+00 0.000000e+00 -1.000000e+00
    outer loop
      vertex   -7.054524e+01 -6.081723e+01 8.394975e+01
      vertex   -7.679831e+01 -6.373308e+01 8.394975e+01
      vertex   -7.066299e+01 -6.044377e+01 8.394975e+01
    endloop
  endfacet
  facet normal 0.000000e+00 0.000000e+00 -1.000000e+00
    outer loop
      vertex   -7.066299e+01 -6.044377e+01 8.394975e+01
      vertex   -7.679831e+01 -6.373308e+01 8.394975e+01
      vertex   -7.700870e+01 -6.340283e+01 8.394975e+01
    endloop
  endfacet
  facet normal -0.000000e+00 0.000000e+00 -1.000000e+00
    outer loop
      vertex   -7.460799e+01 -7.197954e+01 8.394975e+01
      vertex   -7.493824e+01 -7.218993e+01 8.394975e+01
      vertex   -7.752384e+01 -6.572647e+01 8.394975e+01
    endloop
  endfacet
  facet normal 0.000000e+00 -0.000000e+00 -1.000000e+00
    outer loop
      vertex   -7.752384e+01 -6.572647e+01 8.394975e+01
      vertex   -7.493824e+01 -7.218993e+01 8.394975e+01
      vertex   -7.789730e+01 -6.584422e+01 8.394975e+01
    endloop
  endfacet
  facet normal 1.099926e-15 -1.726538e-15 -1.000000e+00
    outer loop
      vertex   -6.822160e+01 -6.133237e+01 8.394975e+01
      vertex   -6.526255e+01 -6.767808e+01 8.394975e+01
      vertex   -6.855185e+01 -6.154276e+01 8.394975e+01
    endloop
  endfacet
  facet normal 6.247067e-16 -1.981316e-15 -1.000000e+00
    outer loop
      vertex   -6.855185e+01 -6.154276e+01 8.394975e+01
      vertex   -6.526255e+01 -6.767808e+01 8.394975e+01
      vertex   -6.563600e+01 -6.779583e+01 8.394975e+01
    endloop
  endfacet
  facet normal 2.737182e-15 -9.962529e-16 -1.000000e+00
    outer loop
      vertex   -6.855185e+01 -6.154276e+01 8.394975e+01
      vertex   -6.563600e+01 -6.779583e+01 8.394975e+01
      vertex   -7.022046e+01 -6.612722e+01 8.394975e+01
    endloop
  endfacet
  facet normal 3.501634e-15 1.104061e-15 -1.000000e+00
    outer loop
      vertex   -7.022046e+01 -6.612722e+01 8.394975e+01
      vertex   -6.563600e+01 -6.779583e+01 8.394975e+01
      vertex   -7.010271e+01 -6.650068e+01 8.394975e+01
    endloop
  endfacet
  facet normal 2.186390e-15 -3.431944e-15 -1.000000e+00
    outer loop
      vertex   -7.010271e+01 -6.650068e+01 8.394975e+01
      vertex   -6.563600e+01 -6.779583e+01 8.394975e+01
      vertex   -6.596625e+01 -6.800622e+01 8.394975e+01
    endloop
  endfacet
  facet normal 3.490991e-15 1.524200e-16 -1.000000e+00
    outer loop
      vertex   -7.010271e+01 -6.650068e+01 8.394975e+01
      vertex   -6.596625e+01 -6.800622e+01 8.394975e+01
      vertex   -7.008563e+01 -6.689188e+01 8.394975e+01
    endloop
  endfacet
  facet normal 2.764500e-15 -2.533197e-15 -1.000000e+00
    outer loop
      vertex   -7.008563e+01 -6.689188e+01 8.394975e+01
      vertex   -6.596625e+01 -6.800622e+01 8.394975e+01
      vertex   -6.623080e+01 -6.829493e+01 8.394975e+01
    endloop
  endfacet
  facet normal 3.411253e-15 -7.562566e-16 -1.000000e+00
    outer loop
      vertex   -7.008563e+01 -6.689188e+01 8.394975e+01
      vertex   -6.623080e+01 -6.829493e+01 8.394975e+01
      vertex   -7.017038e+01 -6.727418e+01 8.394975e+01
    endloop
  endfacet
  facet normal 3.178488e-15 -1.654616e-15 -1.000000e+00
    outer loop
      vertex   -7.017038e+01 -6.727418e+01 8.394975e+01
      vertex   -6.623080e+01 -6.829493e+01 8.394975e+01
      vertex   -6.641161e+01 -6.864226e+01 8.394975e+01
    endloop
  endfacet
  facet normal 3.178488e-15 -1.654616e-15 -1.000000e+00
    outer loop
      vertex   -7.017038e+01 -6.727418e+01 8.394975e+01
      vertex   -6.641161e+01 -6.864226e+01 8.394975e+01
      vertex   -7.035119e+01 -6.762151e+01 8.394975e+01
    endloop
  endfacet
  facet normal 3.411253e-15 -7.562566e-16 -1.000000e+00
    outer loop
      vertex   -7.035119e+01 -6.762151e+01 8.394975e+01
      vertex   -6.641161e+01 -6.864226e+01 8.394975e+01
      vertex   -6.649637e+01 -6.902456e+01 8.394975e+01
    endloop
  endfacet
  facet normal 2.764500e-15 -2.533197e-15 -1.000000e+00
    outer loop
      vertex   -7.035119e+01 -6.762151e+01 8.394975e+01
      vertex   -6.649637e+01 -6.902456e+01 8.394975e+01
      vertex   -7.061574e+01 -6.791022e+01 8.394975e+01
    endloop
  endfacet
  facet normal 3.490991e-15 1.524200e-16 -1.000000e+00
    outer loop
      vertex   -7.061574e+01 -6.791022e+01 8.394975e+01
      vertex   -6.649637e+01 -6.902456e+01 8.394975e+01
      vertex   -6.647928e+01 -6.941576e+01 8.394975e+01
    endloop
  endfacet
  facet normal 2.186390e-15 -3.431944e-15 -1.000000e+00
    outer loop
      vertex   -7.061574e+01 -6.791022e+01 8.394975e+01
      vertex   -6.647928e+01 -6.941576e+01 8.394975e+01
      vertex   -7.094599e+01 -6.812061e+01 8.394975e+01
    endloop
  endfacet
  facet normal 1.564539e-14 4.298535e-14 -1.000000e+00
    outer loop
      vertex   -7.094599e+01 -6.812061e+01 8.394975e+01
      vertex   -6.647928e+01 -6.941576e+01 8.394975e+01
      vertex   -6.636153e+01 -6.978922e+01 8.394975e+01
    endloop
  endfacet
  facet normal 0.000000e+00 -0.000000e+00 -1.000000e+00
    outer loop
      vertex   -7.054524e+01 -6.081723e+01 8.394975e+01
      vertex   -7.033485e+01 -6.114748e+01 8.394975e+01
      vertex   -7.221385e+01 -6.540169e+01 8.394975e+01
    endloop
  endfacet
  facet normal 0.000000e+00 0.000000e+00 -1.000000e+00
    outer loop
      vertex   -7.221385e+01 -6.540169e+01 8.394975e+01
      vertex   -7.033485e+01 -6.114748e+01 8.394975e+01
      vertex   -7.184039e+01 -6.528394e+01 8.394975e+01
    endloop
  endfacet
  facet normal 0.000000e+00 0.000000e+00 -1.000000e+00
    outer loop
      vertex   -7.184039e+01 -6.528394e+01 8.394975e+01
      vertex   -7.033485e+01 -6.114748e+01 8.394975e+01
      vertex   -7.004615e+01 -6.141203e+01 8.394975e+01
    endloop
  endfacet
  facet normal 0.000000e+00 0.000000e+00 -1.000000e+00
    outer loop
      vertex   -7.184039e+01 -6.528394e+01 8.394975e+01
      vertex   -7.004615e+01 -6.141203e+01 8.394975e+01
      vertex   -7.144919e+01 -6.526686e+01 8.394975e+01
    endloop
  endfacet
  facet normal 0.000000e+00 0.000000e+00 -1.000000e+00
    outer loop
      vertex   -7.144919e+01 -6.526686e+01 8.394975e+01
      vertex   -7.004615e+01 -6.141203e+01 8.394975e+01
      vertex   -6.969881e+01 -6.159284e+01 8.394975e+01
    endloop
  endfacet
  facet normal 0.000000e+00 0.000000e+00 -1.000000e+00
    outer loop
      vertex   -7.144919e+01 -6.526686e+01 8.394975e+01
      vertex   -6.969881e+01 -6.159284e+01 8.394975e+01
      vertex   -7.106689e+01 -6.535161e+01 8.394975e+01
    endloop
  endfacet
  facet normal 0.000000e+00 0.000000e+00 -1.000000e+00
    outer loop
      vertex   -7.106689e+01 -6.535161e+01 8.394975e+01
      vertex   -6.969881e+01 -6.159284e+01 8.394975e+01
      vertex   -6.931651e+01 -6.167759e+01 8.394975e+01
    endloop
  endfacet
  facet normal 0.000000e+00 0.000000e+00 -1.000000e+00
    outer loop
      vertex   -7.106689e+01 -6.535161e+01 8.394975e+01
      vertex   -6.931651e+01 -6.167759e+01 8.394975e+01
      vertex   -7.071956e+01 -6.553242e+01 8.394975e+01
    endloop
  endfacet
  facet normal 0.000000e+00 0.000000e+00 -1.000000e+00
    outer loop
      vertex   -7.071956e+01 -6.553242e+01 8.394975e+01
      vertex   -6.931651e+01 -6.167759e+01 8.394975e+01
      vertex   -6.892531e+01 -6.166051e+01 8.394975e+01
    endloop
  endfacet
  facet normal 0.000000e+00 0.000000e+00 -1.000000e+00
    outer loop
      vertex   -7.071956e+01 -6.553242e+01 8.394975e+01
      vertex   -6.892531e+01 -6.166051e+01 8.394975e+01
      vertex   -7.043085e+01 -6.579697e+01 8.394975e+01
    endloop
  endfacet
  facet normal 0.000000e+00 0.000000e+00 -1.000000e+00
    outer loop
      vertex   -7.043085e+01 -6.579697e+01 8.394975e+01
      vertex   -6.892531e+01 -6.166051e+01 8.394975e+01
      vertex   -6.855185e+01 -6.154276e+01 8.394975e+01
    endloop
  endfacet
  facet normal 0.000000e+00 0.000000e+00 -1.000000e+00
    outer loop
      vertex   -7.043085e+01 -6.579697e+01 8.394975e+01
      vertex   -6.855185e+01 -6.154276e+01 8.394975e+01
      vertex   -7.022046e+01 -6.612722e+01 8.394975e+01
    endloop
  endfacet
endsolid
