solid ASCII
  facet normal 7.660444e-01 -6.427876e-01 0.000000e+00
    outer loop
      vertex   -2.594104e+01 -9.317424e+00 -1.420503e+02
      vertex   -5.220560e+01 -4.061831e+01 -1.420503e+02
      vertex   -2.594104e+01 -9.317424e+00 -1.420505e+02
    endloop
  endfacet
  facet normal 7.660444e-01 -6.427876e-01 0.000000e+00
    outer loop
      vertex   -2.594104e+01 -9.317424e+00 -1.420505e+02
      vertex   -5.220560e+01 -4.061831e+01 -1.420503e+02
      vertex   -5.220560e+01 -4.061831e+01 -1.420505e+02
    endloop
  endfacet
  facet normal 8.081217e-01 -5.890107e-01 -2.371902e-03
    outer loop
      vertex   -2.445972e+01 -2.951605e+00 -1.330503e+02
      vertex   -2.395826e+01 -2.227370e+00 -1.420505e+02
      vertex   -2.365580e+01 -1.848638e+00 -1.330503e+02
    endloop
  endfacet
  facet normal 7.567370e-01 -6.537161e-01 2.077728e-03
    outer loop
      vertex   -2.365580e+01 -1.848638e+00 -1.330503e+02
      vertex   -2.395826e+01 -2.227370e+00 -1.420505e+02
      vertex   -2.313737e+01 -1.277105e+00 -1.420505e+02
    endloop
  endfacet
  facet normal 7.406741e-01 -6.718645e-01 0.000000e+00
    outer loop
      vertex   -2.365580e+01 -1.848638e+00 -1.330503e+02
      vertex   -2.313737e+01 -1.277105e+00 -1.420505e+02
      vertex   -2.313737e+01 -1.277105e+00 -1.420503e+02
    endloop
  endfacet
  facet normal 8.326986e-01 -5.537234e-01 1.836922e-03
    outer loop
      vertex   -2.395826e+01 -2.227370e+00 -1.420505e+02
      vertex   -2.445972e+01 -2.951605e+00 -1.330503e+02
      vertex   -2.465360e+01 -3.273022e+00 -1.420505e+02
    endloop
  endfacet
  facet normal 8.807991e-01 -4.734858e-01 -2.064691e-03
    outer loop
      vertex   -2.465360e+01 -3.273022e+00 -1.420505e+02
      vertex   -2.445972e+01 -2.951605e+00 -1.330503e+02
      vertex   -2.510595e+01 -4.153764e+00 -1.330503e+02
    endloop
  endfacet
  facet normal 8.955298e-01 -4.449992e-01 1.463313e-03
    outer loop
      vertex   -2.465360e+01 -3.273022e+00 -1.420505e+02
      vertex   -2.510595e+01 -4.153764e+00 -1.330503e+02
      vertex   -2.521240e+01 -4.397574e+00 -1.420505e+02
    endloop
  endfacet
  facet normal 9.370690e-01 -3.491405e-01 -1.624696e-03
    outer loop
      vertex   -2.521240e+01 -4.397574e+00 -1.420505e+02
      vertex   -2.510595e+01 -4.153764e+00 -1.330503e+02
      vertex   -2.558248e+01 -5.432723e+00 -1.330503e+02
    endloop
  endfacet
  facet normal 9.442396e-01 -3.292577e-01 9.569449e-04
    outer loop
      vertex   -2.521240e+01 -4.397574e+00 -1.420505e+02
      vertex   -2.558248e+01 -5.432723e+00 -1.330503e+02
      vertex   -2.562586e+01 -5.583291e+00 -1.420505e+02
    endloop
  endfacet
  facet normal 9.758831e-01 -2.182912e-01 -1.051971e-03
    outer loop
      vertex   -2.562586e+01 -5.583291e+00 -1.420505e+02
      vertex   -2.558248e+01 -5.432723e+00 -1.330503e+02
      vertex   -2.588041e+01 -6.764656e+00 -1.330503e+02
    endloop
  endfacet
  facet normal 9.780598e-01 -2.083240e-01 3.178781e-04
    outer loop
      vertex   -2.562586e+01 -5.583291e+00 -1.420505e+02
      vertex   -2.588041e+01 -6.764656e+00 -1.330503e+02
      vertex   -2.588746e+01 -6.811477e+00 -1.420505e+02
    endloop
  endfacet
  facet normal 9.964568e-01 -8.410524e-02 -3.427380e-04
    outer loop
      vertex   -2.588746e+01 -6.811477e+00 -1.420505e+02
      vertex   -2.588041e+01 -6.764656e+00 -1.330503e+02
      vertex   -2.599307e+01 -8.062765e+00 -1.420505e+02
    endloop
  endfacet
  facet normal 9.965181e-01 -8.337536e-02 -4.487762e-04
    outer loop
      vertex   -2.599307e+01 -8.062765e+00 -1.420505e+02
      vertex   -2.588041e+01 -6.764656e+00 -1.330503e+02
      vertex   -2.599421e+01 -8.124752e+00 -1.330503e+02
    endloop
  endfacet
  facet normal 9.991409e-01 4.143979e-02 4.111886e-04
    outer loop
      vertex   -2.599307e+01 -8.062765e+00 -1.420505e+02
      vertex   -2.599421e+01 -8.124752e+00 -1.330503e+02
      vertex   -2.594104e+01 -9.317424e+00 -1.420505e+02
    endloop
  endfacet
  facet normal 9.990077e-01 4.453680e-02 -0.000000e+00
    outer loop
      vertex   -2.594104e+01 -9.317424e+00 -1.420505e+02
      vertex   -2.599421e+01 -8.124752e+00 -1.330503e+02
      vertex   -2.594104e+01 -9.317424e+00 -1.420503e+02
    endloop
  endfacet
  facet normal 9.985889e-01 5.309371e-02 -1.136428e-03
    outer loop
      vertex   -2.594104e+01 -9.317424e+00 -1.420503e+02
      vertex   -2.599421e+01 -8.124752e+00 -1.330503e+02
      vertex   -2.592174e+01 -9.487676e+00 -1.330503e+02
    endloop
  endfacet
  facet normal 9.852738e-01 1.709804e-01 1.122163e-03
    outer loop
      vertex   -2.594104e+01 -9.317424e+00 -1.420503e+02
      vertex   -2.592174e+01 -9.487676e+00 -1.330503e+02
      vertex   -2.571024e+01 -1.064742e+01 -1.420503e+02
    endloop
  endfacet
  facet normal 9.820583e-01 1.885737e-01 -1.220478e-03
    outer loop
      vertex   -2.571024e+01 -1.064742e+01 -1.420503e+02
      vertex   -2.592174e+01 -9.487676e+00 -1.330503e+02
      vertex   -2.566437e+01 -1.082804e+01 -1.330503e+02
    endloop
  endfacet
  facet normal 9.532696e-01 3.021185e-01 1.204962e-03
    outer loop
      vertex   -2.571024e+01 -1.064742e+01 -1.420503e+02
      vertex   -2.566437e+01 -1.082804e+01 -1.330503e+02
      vertex   -2.530241e+01 -1.193421e+01 -1.420503e+02
    endloop
  endfacet
  facet normal 9.472338e-01 3.205408e-01 -1.302027e-03
    outer loop
      vertex   -2.530241e+01 -1.193421e+01 -1.420503e+02
      vertex   -2.566437e+01 -1.082804e+01 -1.330503e+02
      vertex   -2.522688e+01 -1.212087e+01 -1.330503e+02
    endloop
  endfacet
  facet normal 9.038954e-01 4.277516e-01 1.285261e-03
    outer loop
      vertex   -2.530241e+01 -1.193421e+01 -1.420503e+02
      vertex   -2.522688e+01 -1.212087e+01 -1.330503e+02
      vertex   -2.472500e+01 -1.315435e+01 -1.420503e+02
    endloop
  endfacet
  facet normal 8.947641e-01 4.465369e-01 -1.381074e-03
    outer loop
      vertex   -2.472500e+01 -1.315435e+01 -1.420503e+02
      vertex   -2.522688e+01 -1.212087e+01 -1.330503e+02
      vertex   -2.461742e+01 -1.334209e+01 -1.330503e+02
    endloop
  endfacet
  facet normal 8.380509e-01 5.455904e-01 1.363058e-03
    outer loop
      vertex   -2.472500e+01 -1.315435e+01 -1.420503e+02
      vertex   -2.461742e+01 -1.334209e+01 -1.330503e+02
      vertex   -2.398853e+01 -1.428561e+01 -1.420503e+02
    endloop
  endfacet
  facet normal 8.256267e-01 5.642148e-01 -1.457621e-03
    outer loop
      vertex   -2.398853e+01 -1.428561e+01 -1.420503e+02
      vertex   -2.461742e+01 -1.334209e+01 -1.330503e+02
      vertex   -2.384735e+01 -1.446894e+01 -1.330503e+02
    endloop
  endfacet
  facet normal 7.569358e-01 6.534876e-01 1.438354e-03
    outer loop
      vertex   -2.398853e+01 -1.428561e+01 -1.420503e+02
      vertex   -2.384735e+01 -1.446894e+01 -1.330503e+02
      vertex   -2.310640e+01 -1.530738e+01 -1.420503e+02
    endloop
  endfacet
  facet normal 7.411095e-01 6.713824e-01 -1.531666e-03
    outer loop
      vertex   -2.310640e+01 -1.530738e+01 -1.420503e+02
      vertex   -2.384735e+01 -1.446894e+01 -1.330503e+02
      vertex   -2.293102e+01 -1.548045e+01 -1.330503e+02
    endloop
  endfacet
  facet normal 6.620283e-01 7.494774e-01 1.511148e-03
    outer loop
      vertex   -2.310640e+01 -1.530738e+01 -1.420503e+02
      vertex   -2.293102e+01 -1.548045e+01 -1.330503e+02
      vertex   -2.209470e+01 -1.620103e+01 -1.420503e+02
    endloop
  endfacet
  facet normal 6.427868e-01 7.660435e-01 -1.603209e-03
    outer loop
      vertex   -2.209470e+01 -1.620103e+01 -1.420503e+02
      vertex   -2.293102e+01 -1.548045e+01 -1.330503e+02
      vertex   -2.188548e+01 -1.635775e+01 -1.330503e+02
    endloop
  endfacet
  facet normal 5.550576e-01 8.318104e-01 1.581440e-03
    outer loop
      vertex   -2.209470e+01 -1.620103e+01 -1.420503e+02
      vertex   -2.188548e+01 -1.635775e+01 -1.330503e+02
      vertex   -2.097187e+01 -1.695029e+01 -1.420503e+02
    endloop
  endfacet
  facet normal 5.324902e-01 8.464345e-01 -1.672250e-03
    outer loop
      vertex   -2.097187e+01 -1.695029e+01 -1.420503e+02
      vertex   -2.188548e+01 -1.635775e+01 -1.330503e+02
      vertex   -2.073023e+01 -1.708452e+01 -1.330503e+02
    endloop
  endfacet
  facet normal 4.379729e-01 8.989867e-01 1.649231e-03
    outer loop
      vertex   -2.097187e+01 -1.695029e+01 -1.420503e+02
      vertex   -2.073023e+01 -1.708452e+01 -1.330503e+02
      vertex   -1.975835e+01 -1.754150e+01 -1.420503e+02
    endloop
  endfacet
  facet normal 4.122744e-01 9.110581e-01 -1.738790e-03
    outer loop
      vertex   -1.975835e+01 -1.754150e+01 -1.420503e+02
      vertex   -2.073023e+01 -1.708452e+01 -1.330503e+02
      vertex   -1.948677e+01 -1.764722e+01 -1.330503e+02
    endloop
  endfacet
  facet normal 3.129077e-01 9.497820e-01 1.714519e-03
    outer loop
      vertex   -1.975835e+01 -1.754150e+01 -1.420503e+02
      vertex   -1.948677e+01 -1.764722e+01 -1.330503e+02
      vertex   -1.847626e+01 -1.796388e+01 -1.420503e+02
    endloop
  endfacet
  facet normal 2.843787e-01 9.587103e-01 -1.802827e-03
    outer loop
      vertex   -1.847626e+01 -1.796388e+01 -1.420503e+02
      vertex   -1.948677e+01 -1.764722e+01 -1.330503e+02
      vertex   -1.817827e+01 -1.803535e+01 -1.330503e+02
    endloop
  endfacet
  facet normal 1.821410e-01 9.832708e-01 1.777305e-03
    outer loop
      vertex   -1.847626e+01 -1.796388e+01 -1.420503e+02
      vertex   -1.817827e+01 -1.803535e+01 -1.330503e+02
      vertex   -1.714897e+01 -1.820975e+01 -1.420503e+02
    endloop
  endfacet
  facet normal 1.511855e-01 9.885036e-01 -1.864362e-03
    outer loop
      vertex   -1.714897e+01 -1.820975e+01 -1.420503e+02
      vertex   -1.817827e+01 -1.803535e+01 -1.330503e+02
      vertex   -1.682911e+01 -1.824170e+01 -1.330503e+02
    endloop
  endfacet
  facet normal 4.805533e-02 9.988430e-01 1.837589e-03
    outer loop
      vertex   -1.714897e+01 -1.820975e+01 -1.420503e+02
      vertex   -1.682911e+01 -1.824170e+01 -1.330503e+02
      vertex   -1.580066e+01 -1.827462e+01 -1.420503e+02
    endloop
  endfacet
  facet normal 1.517617e-02 9.998830e-01 -1.923395e-03
    outer loop
      vertex   -1.580066e+01 -1.827462e+01 -1.420503e+02
      vertex   -1.682911e+01 -1.824170e+01 -1.330503e+02
      vertex   -1.546442e+01 -1.826241e+01 -1.330503e+02
    endloop
  endfacet
  facet normal -8.690591e-02 9.962147e-01 1.895370e-03
    outer loop
      vertex   -1.580066e+01 -1.827462e+01 -1.420503e+02
      vertex   -1.546442e+01 -1.826241e+01 -1.330503e+02
      vertex   -1.445590e+01 -1.815731e+01 -1.420503e+02
    endloop
  endfacet
  facet normal -1.211159e-01 9.926364e-01 -1.979924e-03
    outer loop
      vertex   -1.445590e+01 -1.815731e+01 -1.420503e+02
      vertex   -1.546442e+01 -1.826241e+01 -1.330503e+02
      vertex   -1.410962e+01 -1.809710e+01 -1.330503e+02
    endloop
  endfacet
  facet normal -2.202836e-01 9.754339e-01 1.950649e-03
    outer loop
      vertex   -1.445590e+01 -1.815731e+01 -1.420503e+02
      vertex   -1.410962e+01 -1.809710e+01 -1.330503e+02
      vertex   -1.313919e+01 -1.785995e+01 -1.420503e+02
    endloop
  endfacet
  facet normal -2.551518e-01 9.668989e-01 -2.033952e-03
    outer loop
      vertex   -1.313919e+01 -1.785995e+01 -1.420503e+02
      vertex   -1.410962e+01 -1.809710e+01 -1.330503e+02
      vertex   -1.278995e+01 -1.774886e+01 -1.330503e+02
    endloop
  endfacet
  facet normal -3.496473e-01 9.368793e-01 2.003425e-03
    outer loop
      vertex   -1.313919e+01 -1.785995e+01 -1.420503e+02
      vertex   -1.278995e+01 -1.774886e+01 -1.330503e+02
      vertex   -1.187452e+01 -1.738797e+01 -1.420503e+02
    endloop
  endfacet
  facet normal -3.844346e-01 9.231499e-01 -2.085476e-03
    outer loop
      vertex   -1.187452e+01 -1.738797e+01 -1.420503e+02
      vertex   -1.278995e+01 -1.774886e+01 -1.330503e+02
      vertex   -1.152999e+01 -1.722416e+01 -1.330503e+02
    endloop
  endfacet
  facet normal -4.726399e-01 8.812533e-01 2.053698e-03
    outer loop
      vertex   -1.187452e+01 -1.738797e+01 -1.420503e+02
      vertex   -1.152999e+01 -1.722416e+01 -1.330503e+02
      vertex   -1.068494e+01 -1.674997e+01 -1.420503e+02
    endloop
  endfacet
  facet normal -5.065561e-01 8.622043e-01 -2.134498e-03
    outer loop
      vertex   -1.068494e+01 -1.674997e+01 -1.420503e+02
      vertex   -1.152999e+01 -1.722416e+01 -1.330503e+02
      vertex   -1.035321e+01 -1.653279e+01 -1.330503e+02
    endloop
  endfacet
  facet normal -5.870203e-01 8.095695e-01 2.101468e-03
    outer loop
      vertex   -1.068494e+01 -1.674997e+01 -1.420503e+02
      vertex   -1.035321e+01 -1.653279e+01 -1.330503e+02
      vertex   -9.592121e+00 -1.595756e+01 -1.420503e+02
    endloop
  endfacet
  facet normal -6.192414e-01 7.851976e-01 -2.181016e-03
    outer loop
      vertex   -9.592121e+00 -1.595756e+01 -1.420503e+02
      vertex   -1.035321e+01 -1.653279e+01 -1.330503e+02
      vertex   -9.281527e+00 -1.568762e+01 -1.330503e+02
    endloop
  endfacet
  facet normal -6.907042e-01 7.231342e-01 2.146734e-03
    outer loop
      vertex   -9.592121e+00 -1.595756e+01 -1.420503e+02
      vertex   -9.281527e+00 -1.568762e+01 -1.330503e+02
      vertex   -8.615981e+00 -1.502520e+01 -1.420503e+02
    endloop
  endfacet
  facet normal -7.203915e-01 6.935641e-01 -2.225031e-03
    outer loop
      vertex   -8.615981e+00 -1.502520e+01 -1.420503e+02
      vertex   -9.281527e+00 -1.568762e+01 -1.330503e+02
      vertex   -8.334915e+00 -1.470439e+01 -1.330503e+02
    endloop
  endfacet
  facet normal -7.818025e-01 6.235223e-01 2.189498e-03
    outer loop
      vertex   -8.615981e+00 -1.502520e+01 -1.420503e+02
      vertex   -8.334915e+00 -1.470439e+01 -1.330503e+02
      vertex   -7.774305e+00 -1.396987e+01 -1.420503e+02
    endloop
  endfacet
  facet normal -8.081219e-01 5.890109e-01 -2.266544e-03
    outer loop
      vertex   -7.774305e+00 -1.396987e+01 -1.420503e+02
      vertex   -8.334915e+00 -1.470439e+01 -1.330503e+02
      vertex   -7.531002e+00 -1.360142e+01 -1.330503e+02
    endloop
  endfacet
  facet normal -8.586551e-01 5.125489e-01 2.229759e-03
    outer loop
      vertex   -7.774305e+00 -1.396987e+01 -1.420503e+02
      vertex   -7.531002e+00 -1.360142e+01 -1.330503e+02
      vertex   -7.082428e+00 -1.281079e+01 -1.420503e+02
    endloop
  endfacet
  facet normal -8.807986e-01 4.734855e-01 -2.305552e-03
    outer loop
      vertex   -7.082428e+00 -1.281079e+01 -1.420503e+02
      vertex   -7.531002e+00 -1.360142e+01 -1.330503e+02
      vertex   -6.884765e+00 -1.239926e+01 -1.330503e+02
    endloop
  endfacet
  facet normal -9.198618e-01 3.922361e-01 2.267516e-03
    outer loop
      vertex   -7.082428e+00 -1.281079e+01 -1.420503e+02
      vertex   -6.884765e+00 -1.239926e+01 -1.330503e+02
      vertex   -6.552959e+00 -1.156909e+01 -1.420503e+02
    endloop
  endfacet
  facet normal -9.370676e-01 3.491400e-01 -2.342058e-03
    outer loop
      vertex   -6.552959e+00 -1.156909e+01 -1.420503e+02
      vertex   -6.884765e+00 -1.239926e+01 -1.330503e+02
      vertex   -6.408240e+00 -1.112031e+01 -1.330503e+02
    endloop
  endfacet
  facet normal -9.643071e-01 2.647762e-01 2.302769e-03
    outer loop
      vertex   -6.552959e+00 -1.156909e+01 -1.420503e+02
      vertex   -6.408240e+00 -1.112031e+01 -1.330503e+02
      vertex   -6.195544e+00 -1.026740e+01 -1.420503e+02
    endloop
  endfacet
  facet normal -9.758809e-01 2.182907e-01 -2.376060e-03
    outer loop
      vertex   -6.195544e+00 -1.026740e+01 -1.420503e+02
      vertex   -6.408240e+00 -1.112031e+01 -1.330503e+02
      vertex   -6.110306e+00 -9.788372e+00 -1.330503e+02
    endloop
  endfacet
  facet normal -9.911814e-01 1.324917e-01 2.335520e-03
    outer loop
      vertex   -6.195544e+00 -1.026740e+01 -1.420503e+02
      vertex   -6.110306e+00 -9.788372e+00 -1.330503e+02
      vertex   -6.016697e+00 -8.929429e+00 -1.420503e+02
    endloop
  endfacet
  facet normal -9.965153e-01 8.337513e-02 -2.407558e-03
    outer loop
      vertex   -6.016697e+00 -8.929429e+00 -1.420503e+02
      vertex   -6.110306e+00 -9.788372e+00 -1.330503e+02
      vertex   -5.996511e+00 -8.428276e+00 -1.330503e+02
    endloop
  endfacet
  facet normal -9.999948e-01 -2.206937e-03 2.365766e-03
    outer loop
      vertex   -6.016697e+00 -8.929429e+00 -1.420503e+02
      vertex   -5.996511e+00 -8.428276e+00 -1.330503e+02
      vertex   -6.019676e+00 -7.579561e+00 -1.420503e+02
    endloop
  endfacet
  facet normal -9.985866e-01 -5.309358e-02 -2.436553e-03
    outer loop
      vertex   -6.019676e+00 -7.579561e+00 -1.420503e+02
      vertex   -5.996511e+00 -8.428276e+00 -1.330503e+02
      vertex   -6.068976e+00 -7.065353e+00 -1.330503e+02
    endloop
  endfacet
  facet normal -9.905868e-01 -1.368654e-01 2.393509e-03
    outer loop
      vertex   -6.019676e+00 -7.579561e+00 -1.420503e+02
      vertex   -6.068976e+00 -7.065353e+00 -1.330503e+02
      vertex   -6.204427e+00 -6.242394e+00 -1.420503e+02
    endloop
  endfacet
  facet normal -9.820560e-01 -1.885732e-01 -2.463044e-03
    outer loop
      vertex   -6.204427e+00 -6.242394e+00 -1.420503e+02
      vertex   -6.068976e+00 -7.065353e+00 -1.330503e+02
      vertex   -6.326350e+00 -5.724991e+00 -1.330503e+02
    endloop
  endfacet
  facet normal -9.631288e-01 -2.690299e-01 2.418748e-03
    outer loop
      vertex   -6.204427e+00 -6.242394e+00 -1.420503e+02
      vertex   -6.326350e+00 -5.724991e+00 -1.330503e+02
      vertex   -6.567584e+00 -4.942290e+00 -1.420503e+02
    endloop
  endfacet
  facet normal -9.472317e-01 -3.205401e-01 -2.487031e-03
    outer loop
      vertex   -6.567584e+00 -4.942290e+00 -1.420503e+02
      vertex   -6.326350e+00 -5.724991e+00 -1.330503e+02
      vertex   -6.763840e+00 -4.432160e+00 -1.330503e+02
    endloop
  endfacet
  facet normal -9.181212e-01 -3.962923e-01 2.441483e-03
    outer loop
      vertex   -6.567584e+00 -4.942290e+00 -1.420503e+02
      vertex   -6.763840e+00 -4.432160e+00 -1.330503e+02
      vertex   -7.102529e+00 -3.702942e+00 -1.420503e+02
    endloop
  endfacet
  facet normal -8.947622e-01 -4.465359e-01 -2.508514e-03
    outer loop
      vertex   -7.102529e+00 -3.702942e+00 -1.420503e+02
      vertex   -6.763840e+00 -4.432160e+00 -1.330503e+02
      vertex   -7.373296e+00 -3.210941e+00 -1.330503e+02
    endloop
  endfacet
  facet normal -8.563840e-01 -5.163336e-01 2.461715e-03
    outer loop
      vertex   -7.102529e+00 -3.702942e+00 -1.420503e+02
      vertex   -7.373296e+00 -3.210941e+00 -1.330503e+02
      vertex   -7.799514e+00 -2.546931e+00 -1.420503e+02
    endloop
  endfacet
  facet normal -8.256250e-01 -5.642136e-01 -2.527494e-03
    outer loop
      vertex   -7.799514e+00 -2.546931e+00 -1.420503e+02
      vertex   -7.373296e+00 -3.210941e+00 -1.330503e+02
      vertex   -8.143365e+00 -2.084085e+00 -1.330503e+02
    endloop
  endfacet
  facet normal -7.790422e-01 -6.269666e-01 2.479442e-03
    outer loop
      vertex   -7.799514e+00 -2.546931e+00 -1.420503e+02
      vertex   -8.143365e+00 -2.084085e+00 -1.330503e+02
      vertex   -8.645841e+00 -1.495321e+00 -1.420503e+02
    endloop
  endfacet
  facet normal -7.411080e-01 -6.713811e-01 -2.543969e-03
    outer loop
      vertex   -8.645841e+00 -1.495321e+00 -1.420503e+02
      vertex   -8.143365e+00 -2.084085e+00 -1.330503e+02
      vertex   -9.059701e+00 -1.072582e+00 -1.330503e+02
    endloop
  endfacet
  facet normal -6.875051e-01 -7.261752e-01 2.494666e-03
    outer loop
      vertex   -8.645841e+00 -1.495321e+00 -1.420503e+02
      vertex   -9.059701e+00 -1.072582e+00 -1.330503e+02
      vertex   -9.626087e+00 -5.672753e-01 -1.420503e+02
    endloop
  endfacet
  facet normal -6.427855e-01 -7.660419e-01 -2.557941e-03
    outer loop
      vertex   -9.626087e+00 -5.672753e-01 -1.420503e+02
      vertex   -9.059701e+00 -1.072582e+00 -1.330503e+02
      vertex   -1.010524e+01 -1.952743e-01 -1.330503e+02
    endloop
  endfacet
  facet normal -5.834407e-01 -8.121519e-01 2.507386e-03
    outer loop
      vertex   -9.626087e+00 -5.672753e-01 -1.420503e+02
      vertex   -1.010524e+01 -1.952743e-01 -1.330503e+02
      vertex   -1.072239e+01 2.202966e-01 -1.420503e+02
    endloop
  endfacet
  facet normal -5.324892e-01 -8.464329e-01 -2.569409e-03
    outer loop
      vertex   -1.072239e+01 2.202966e-01 -1.420503e+02
      vertex   -1.010524e+01 -1.952743e-01 -1.330503e+02
      vertex   -1.126049e+01 5.314950e-01 -1.330503e+02
    endloop
  endfacet
  facet normal -4.687451e-01 -8.833299e-01 2.517602e-03
    outer loop
      vertex   -1.072239e+01 2.202966e-01 -1.420503e+02
      vertex   -1.126049e+01 5.314950e-01 -1.330503e+02
      vertex   -1.191477e+01 8.530439e-01 -1.420503e+02
    endloop
  endfacet
  facet normal -4.122736e-01 -9.110564e-01 -2.578373e-03
    outer loop
      vertex   -1.191477e+01 8.530439e-01 -1.420503e+02
      vertex   -1.126049e+01 5.314950e-01 -1.330503e+02
      vertex   -1.250395e+01 1.094188e+00 -1.330503e+02
    endloop
  endfacet
  facet normal -3.455082e-01 -9.384123e-01 2.525313e-03
    outer loop
      vertex   -1.191477e+01 8.530439e-01 -1.420503e+02
      vertex   -1.250395e+01 1.094188e+00 -1.330503e+02
      vertex   -1.318151e+01 1.319437e+00 -1.420503e+02
    endloop
  endfacet
  facet normal -2.843782e-01 -9.587087e-01 -2.584832e-03
    outer loop
      vertex   -1.318151e+01 1.319437e+00 -1.420503e+02
      vertex   -1.250395e+01 1.094188e+00 -1.330503e+02
      vertex   -1.381245e+01 1.482322e+00 -1.330503e+02
    endloop
  endfacet
  facet normal -2.159757e-01 -9.763955e-01 2.530521e-03
    outer loop
      vertex   -1.318151e+01 1.319437e+00 -1.420503e+02
      vertex   -1.381245e+01 1.482322e+00 -1.330503e+02
      vertex   -1.449953e+01 1.610977e+00 -1.420503e+02
    endloop
  endfacet
  facet normal -1.511853e-01 -9.885020e-01 -2.588788e-03
    outer loop
      vertex   -1.449953e+01 1.610977e+00 -1.420503e+02
      vertex   -1.381245e+01 1.482322e+00 -1.330503e+02
      vertex   -1.516161e+01 1.688668e+00 -1.330503e+02
    endloop
  endfacet
  facet normal -8.250778e-02 -9.965872e-01 2.533225e-03
    outer loop
      vertex   -1.449953e+01 1.610977e+00 -1.420503e+02
      vertex   -1.516161e+01 1.688668e+00 -1.330503e+02
      vertex   -1.584479e+01 1.722352e+00 -1.420503e+02
    endloop
  endfacet
  facet normal -1.517614e-02 -9.998815e-01 -2.590240e-03
    outer loop
      vertex   -1.584479e+01 1.722352e+00 -1.420503e+02
      vertex   -1.516161e+01 1.688668e+00 -1.330503e+02
      vertex   -1.652630e+01 1.709381e+00 -1.330503e+02
    endloop
  endfacet
  facet normal 5.246355e-02 -9.986196e-01 2.533425e-03
    outer loop
      vertex   -1.584479e+01 1.722352e+00 -1.420503e+02
      vertex   -1.652630e+01 1.709381e+00 -1.330503e+02
      vertex   -1.719281e+01 1.651533e+00 -1.420503e+02
    endloop
  endfacet
  facet normal 1.211157e-01 -9.926350e-01 -2.589187e-03
    outer loop
      vertex   -1.719281e+01 1.651533e+00 -1.420503e+02
      vertex   -1.652630e+01 1.709381e+00 -1.330503e+02
      vertex   -1.788110e+01 1.544076e+00 -1.330503e+02
    endloop
  endfacet
  facet normal 1.864789e-01 -9.824557e-01 2.531120e-03
    outer loop
      vertex   -1.719281e+01 1.651533e+00 -1.420503e+02
      vertex   -1.788110e+01 1.544076e+00 -1.330503e+02
      vertex   -1.851900e+01 1.399810e+00 -1.420503e+02
    endloop
  endfacet
  facet normal 2.551514e-01 -9.668976e-01 -2.585631e-03
    outer loop
      vertex   -1.851900e+01 1.399810e+00 -1.420503e+02
      vertex   -1.788110e+01 1.544076e+00 -1.330503e+02
      vertex   -1.920077e+01 1.195832e+00 -1.330503e+02
    endloop
  endfacet
  facet normal 3.170964e-01 -9.483900e-01 2.526312e-03
    outer loop
      vertex   -1.851900e+01 1.399810e+00 -1.420503e+02
      vertex   -1.920077e+01 1.195832e+00 -1.330503e+02
      vertex   -1.979921e+01 9.717692e-01 -1.420503e+02
    endloop
  endfacet
  facet normal 3.844342e-01 -9.231488e-01 -2.579571e-03
    outer loop
      vertex   -1.979921e+01 9.717692e-01 -1.420503e+02
      vertex   -1.920077e+01 1.195832e+00 -1.330503e+02
      vertex   -2.046073e+01 6.711358e-01 -1.330503e+02
    endloop
  endfacet
  facet normal 4.419359e-01 -8.970431e-01 2.518999e-03
    outer loop
      vertex   -1.979921e+01 9.717692e-01 -1.420503e+02
      vertex   -2.046073e+01 6.711358e-01 -1.330503e+02
      vertex   -2.101010e+01 3.752111e-01 -1.420503e+02
    endloop
  endfacet
  facet normal 5.065556e-01 -8.622035e-01 -2.571006e-03
    outer loop
      vertex   -2.101010e+01 3.752111e-01 -1.420503e+02
      vertex   -2.046073e+01 6.711358e-01 -1.330503e+02
      vertex   -2.163751e+01 -2.023806e-02 -1.330503e+02
    endloop
  endfacet
  facet normal 5.587226e-01 -8.293508e-01 2.509183e-03
    outer loop
      vertex   -2.101010e+01 3.752111e-01 -1.420503e+02
      vertex   -2.163751e+01 -2.023806e-02 -1.330503e+02
      vertex   -2.212962e+01 -3.789945e-01 -1.420503e+02
    endloop
  endfacet
  facet normal 6.192409e-01 -7.851969e-01 -2.559938e-03
    outer loop
      vertex   -2.212962e+01 -3.789945e-01 -1.420503e+02
      vertex   -2.163751e+01 -2.023806e-02 -1.330503e+02
      vertex   -2.270919e+01 -8.654107e-01 -1.330503e+02
    endloop
  endfacet
  facet normal 6.653286e-01 -7.465465e-01 2.496863e-03
    outer loop
      vertex   -2.212962e+01 -3.789945e-01 -1.420503e+02
      vertex   -2.270919e+01 -8.654107e-01 -1.330503e+02
      vertex   -2.313737e+01 -1.277105e+00 -1.420503e+02
    endloop
  endfacet
  facet normal 7.203909e-01 -6.935636e-01 -2.546365e-03
    outer loop
      vertex   -2.313737e+01 -1.277105e+00 -1.420503e+02
      vertex   -2.270919e+01 -8.654107e-01 -1.330503e+02
      vertex   -2.365580e+01 -1.848638e+00 -1.330503e+02
    endloop
  endfacet
  facet normal -5.701106e-01 -8.215680e-01 2.189097e-15
    outer loop
      vertex   -7.791372e+01 -8.454962e+01 -1.260505e+02
      vertex   -7.791372e+01 -8.454962e+01 -1.420505e+02
      vertex   -7.746335e+01 -8.486214e+01 -1.340505e+02
    endloop
  endfacet
  facet normal -5.646042e-01 -8.253617e-01 -4.581902e-04
    outer loop
      vertex   -7.746335e+01 -8.486214e+01 -1.340505e+02
      vertex   -7.791372e+01 -8.454962e+01 -1.420505e+02
      vertex   -7.742831e+01 -8.488166e+01 -1.420505e+02
    endloop
  endfacet
  facet normal -4.060805e-01 -9.138372e-01 4.519403e-04
    outer loop
      vertex   -7.746335e+01 -8.486214e+01 -1.340505e+02
      vertex   -7.742831e+01 -8.488166e+01 -1.420505e+02
      vertex   -7.693239e+01 -8.509808e+01 -1.340505e+02
    endloop
  endfacet
  facet normal -3.927365e-01 -9.196509e-01 -5.325332e-04
    outer loop
      vertex   -7.693239e+01 -8.509808e+01 -1.340505e+02
      vertex   -7.742831e+01 -8.488166e+01 -1.420505e+02
      vertex   -7.688745e+01 -8.511264e+01 -1.420505e+02
    endloop
  endfacet
  facet normal -2.183650e-01 -9.758670e-01 5.493180e-04
    outer loop
      vertex   -7.693239e+01 -8.509808e+01 -1.340505e+02
      vertex   -7.688745e+01 -8.511264e+01 -1.420505e+02
      vertex   -7.634182e+01 -8.523023e+01 -1.340505e+02
    endloop
  endfacet
  facet normal -2.057600e-01 -9.786024e-01 -3.505902e-04
    outer loop
      vertex   -7.634182e+01 -8.523023e+01 -1.340505e+02
      vertex   -7.688745e+01 -8.511264e+01 -1.420505e+02
      vertex   -7.631188e+01 -8.523366e+01 -1.420505e+02
    endloop
  endfacet
  facet normal -1.591847e-02 -9.998732e-01 3.690613e-04
    outer loop
      vertex   -7.634182e+01 -8.523023e+01 -1.340505e+02
      vertex   -7.631188e+01 -8.523366e+01 -1.420505e+02
      vertex   -7.572389e+01 -8.524007e+01 -1.340505e+02
    endloop
  endfacet
  facet normal -1.085568e-02 -9.999411e-01 -3.105196e-06
    outer loop
      vertex   -7.572389e+01 -8.524007e+01 -1.340505e+02
      vertex   -7.631188e+01 -8.523366e+01 -1.420505e+02
      vertex   -7.572363e+01 -8.524004e+01 -1.420505e+02
    endloop
  endfacet
  facet normal 1.844367e-01 -9.828444e-01 3.105732e-06
    outer loop
      vertex   -7.572389e+01 -8.524007e+01 -1.340505e+02
      vertex   -7.572363e+01 -8.524004e+01 -1.420505e+02
      vertex   -7.514579e+01 -8.513161e+01 -1.420505e+02
    endloop
  endfacet
  facet normal 1.893028e-01 -9.819187e-01 3.672897e-04
    outer loop
      vertex   -7.572389e+01 -8.524007e+01 -1.340505e+02
      vertex   -7.514579e+01 -8.513161e+01 -1.420505e+02
      vertex   -7.511704e+01 -8.512307e+01 -1.340505e+02
    endloop
  endfacet
  facet normal 3.726015e-01 -9.279914e-01 -3.489442e-04
    outer loop
      vertex   -7.511704e+01 -8.512307e+01 -1.340505e+02
      vertex   -7.514579e+01 -8.513161e+01 -1.420505e+02
      vertex   -7.460005e+01 -8.491249e+01 -1.420505e+02
    endloop
  endfacet
  facet normal 3.845050e-01 -9.231227e-01 5.484698e-04
    outer loop
      vertex   -7.511704e+01 -8.512307e+01 -1.340505e+02
      vertex   -7.460005e+01 -8.491249e+01 -1.420505e+02
      vertex   -7.455840e+01 -8.489038e+01 -1.340505e+02
    endloop
  endfacet
  facet normal 5.464796e-01 -8.374723e-01 -5.316553e-04
    outer loop
      vertex   -7.455840e+01 -8.489038e+01 -1.340505e+02
      vertex   -7.460005e+01 -8.491249e+01 -1.420505e+02
      vertex   -7.410757e+01 -8.459113e+01 -1.420505e+02
    endloop
  endfacet
  facet normal 5.585974e-01 -8.294388e-01 4.517261e-04
    outer loop
      vertex   -7.455840e+01 -8.489038e+01 -1.340505e+02
      vertex   -7.410757e+01 -8.459113e+01 -1.420505e+02
      vertex   -7.407648e+01 -8.456583e+01 -1.340505e+02
    endloop
  endfacet
  facet normal 6.993515e-01 -7.147778e-01 -4.579703e-04
    outer loop
      vertex   -7.407648e+01 -8.456583e+01 -1.340505e+02
      vertex   -7.410757e+01 -8.459113e+01 -1.420505e+02
      vertex   -7.368722e+01 -8.417985e+01 -1.420505e+02
    endloop
  endfacet
  facet normal 7.041131e-01 -7.100878e-01 1.249979e-15
    outer loop
      vertex   -7.407648e+01 -8.456583e+01 -1.340505e+02
      vertex   -7.368722e+01 -8.417985e+01 -1.420505e+02
      vertex   -7.368722e+01 -8.417985e+01 -1.260505e+02
    endloop
  endfacet
  facet normal 7.041131e-01 -7.100878e-01 1.250756e-15
    outer loop
      vertex   -7.368722e+01 -8.417985e+01 -1.100505e+02
      vertex   -7.407648e+01 -8.456583e+01 -1.180505e+02
      vertex   -7.368722e+01 -8.417985e+01 -1.260505e+02
    endloop
  endfacet
  facet normal 7.041131e-01 -7.100878e-01 5.063206e-17
    outer loop
      vertex   -7.368722e+01 -8.417985e+01 -1.260505e+02
      vertex   -7.407648e+01 -8.456583e+01 -1.180505e+02
      vertex   -7.407648e+01 -8.456583e+01 -1.200505e+02
    endloop
  endfacet
  facet normal 7.041131e-01 -7.100878e-01 0.000000e+00
    outer loop
      vertex   -7.368722e+01 -8.417985e+01 -1.260505e+02
      vertex   -7.407648e+01 -8.456583e+01 -1.200505e+02
      vertex   -7.407648e+01 -8.456583e+01 -1.220505e+02
    endloop
  endfacet
  facet normal 5.585975e-01 -8.294389e-01 0.000000e+00
    outer loop
      vertex   -7.407648e+01 -8.456583e+01 -1.220505e+02
      vertex   -7.407648e+01 -8.456583e+01 -1.200505e+02
      vertex   -7.455840e+01 -8.489038e+01 -1.200505e+02
    endloop
  endfacet
  facet normal 5.585975e-01 -8.294389e-01 -5.899671e-15
    outer loop
      vertex   -7.407648e+01 -8.456583e+01 -1.220505e+02
      vertex   -7.455840e+01 -8.489038e+01 -1.200505e+02
      vertex   -7.455840e+01 -8.489038e+01 -1.220505e+02
    endloop
  endfacet
  facet normal 3.845051e-01 -9.231229e-01 -6.559182e-15
    outer loop
      vertex   -7.455840e+01 -8.489038e+01 -1.220505e+02
      vertex   -7.455840e+01 -8.489038e+01 -1.200505e+02
      vertex   -7.511704e+01 -8.512307e+01 -1.200505e+02
    endloop
  endfacet
  facet normal 3.845051e-01 -9.231229e-01 -6.558534e-15
    outer loop
      vertex   -7.455840e+01 -8.489038e+01 -1.220505e+02
      vertex   -7.511704e+01 -8.512307e+01 -1.200505e+02
      vertex   -7.511704e+01 -8.512307e+01 -1.220505e+02
    endloop
  endfacet
  facet normal 1.893028e-01 -9.819188e-01 -6.976952e-15
    outer loop
      vertex   -7.511704e+01 -8.512307e+01 -1.220505e+02
      vertex   -7.511704e+01 -8.512307e+01 -1.200505e+02
      vertex   -7.572389e+01 -8.524007e+01 -1.200505e+02
    endloop
  endfacet
  facet normal 1.893028e-01 -9.819188e-01 -6.983630e-15
    outer loop
      vertex   -7.511704e+01 -8.512307e+01 -1.220505e+02
      vertex   -7.572389e+01 -8.524007e+01 -1.200505e+02
      vertex   -7.572389e+01 -8.524007e+01 -1.220505e+02
    endloop
  endfacet
  facet normal -1.591847e-02 -9.998733e-01 -7.104527e-15
    outer loop
      vertex   -7.572389e+01 -8.524007e+01 -1.220505e+02
      vertex   -7.572389e+01 -8.524007e+01 -1.200505e+02
      vertex   -7.634182e+01 -8.523023e+01 -1.200505e+02
    endloop
  endfacet
  facet normal -1.591847e-02 -9.998733e-01 1.129787e-16
    outer loop
      vertex   -7.572389e+01 -8.524007e+01 -1.220505e+02
      vertex   -7.634182e+01 -8.523023e+01 -1.200505e+02
      vertex   -7.634182e+01 -8.523023e+01 -1.220505e+02
    endloop
  endfacet
  facet normal -2.183650e-01 -9.758672e-01 1.551577e-15
    outer loop
      vertex   -7.634182e+01 -8.523023e+01 -1.220505e+02
      vertex   -7.634182e+01 -8.523023e+01 -1.200505e+02
      vertex   -7.693239e+01 -8.509808e+01 -1.200505e+02
    endloop
  endfacet
  facet normal -2.183650e-01 -9.758672e-01 3.107277e-15
    outer loop
      vertex   -7.634182e+01 -8.523023e+01 -1.220505e+02
      vertex   -7.693239e+01 -8.509808e+01 -1.200505e+02
      vertex   -7.693239e+01 -8.509808e+01 -1.220505e+02
    endloop
  endfacet
  facet normal -4.060806e-01 -9.138373e-01 5.770752e-15
    outer loop
      vertex   -7.693239e+01 -8.509808e+01 -1.220505e+02
      vertex   -7.693239e+01 -8.509808e+01 -1.200505e+02
      vertex   -7.746335e+01 -8.486214e+01 -1.200505e+02
    endloop
  endfacet
  facet normal -4.060806e-01 -9.138373e-01 0.000000e+00
    outer loop
      vertex   -7.693239e+01 -8.509808e+01 -1.220505e+02
      vertex   -7.746335e+01 -8.486214e+01 -1.200505e+02
      vertex   -7.746335e+01 -8.486214e+01 -1.220505e+02
    endloop
  endfacet
  facet normal -5.701106e-01 -8.215680e-01 0.000000e+00
    outer loop
      vertex   -7.746335e+01 -8.486214e+01 -1.220505e+02
      vertex   -7.746335e+01 -8.486214e+01 -1.200505e+02
      vertex   -7.791372e+01 -8.454962e+01 -1.260505e+02
    endloop
  endfacet
  facet normal -5.701106e-01 -8.215680e-01 -2.918796e-15
    outer loop
      vertex   -7.746335e+01 -8.486214e+01 -1.220505e+02
      vertex   -7.791372e+01 -8.454962e+01 -1.260505e+02
      vertex   -7.746335e+01 -8.486214e+01 -1.260505e+02
    endloop
  endfacet
  facet normal -5.701106e-01 -8.215680e-01 -2.025440e-15
    outer loop
      vertex   -7.746335e+01 -8.486214e+01 -1.260505e+02
      vertex   -7.791372e+01 -8.454962e+01 -1.260505e+02
      vertex   -7.746335e+01 -8.486214e+01 -1.300505e+02
    endloop
  endfacet
  facet normal -4.060806e-01 -9.138373e-01 -1.442688e-15
    outer loop
      vertex   -7.746335e+01 -8.486214e+01 -1.260505e+02
      vertex   -7.746335e+01 -8.486214e+01 -1.300505e+02
      vertex   -7.693239e+01 -8.509808e+01 -1.300505e+02
    endloop
  endfacet
  facet normal -4.060806e-01 -9.138373e-01 -0.000000e+00
    outer loop
      vertex   -7.693239e+01 -8.509808e+01 -1.300505e+02
      vertex   -7.746335e+01 -8.486214e+01 -1.300505e+02
      vertex   -7.693239e+01 -8.509808e+01 -1.340505e+02
    endloop
  endfacet
  facet normal -2.183650e-01 -9.758672e-01 -0.000000e+00
    outer loop
      vertex   -7.693239e+01 -8.509808e+01 -1.300505e+02
      vertex   -7.693239e+01 -8.509808e+01 -1.340505e+02
      vertex   -7.634182e+01 -8.523023e+01 -1.340505e+02
    endloop
  endfacet
  facet normal 6.993445e-01 -7.147753e-01 3.665497e-03
    outer loop
      vertex   -7.410759e+01 -8.459114e+01 -1.100505e+02
      vertex   -7.407648e+01 -8.456583e+01 -1.110505e+02
      vertex   -7.368722e+01 -8.417985e+01 -1.100505e+02
    endloop
  endfacet
  facet normal 7.041131e-01 -7.100878e-01 1.002515e-14
    outer loop
      vertex   -7.368722e+01 -8.417985e+01 -1.100505e+02
      vertex   -7.407648e+01 -8.456583e+01 -1.110505e+02
      vertex   -7.407648e+01 -8.456583e+01 -1.120505e+02
    endloop
  endfacet
  facet normal 7.041131e-01 -7.100878e-01 0.000000e+00
    outer loop
      vertex   -7.368722e+01 -8.417985e+01 -1.100505e+02
      vertex   -7.407648e+01 -8.456583e+01 -1.120505e+02
      vertex   -7.407648e+01 -8.456583e+01 -1.130505e+02
    endloop
  endfacet
  facet normal 5.585975e-01 -8.294389e-01 0.000000e+00
    outer loop
      vertex   -7.407648e+01 -8.456583e+01 -1.130505e+02
      vertex   -7.407648e+01 -8.456583e+01 -1.120505e+02
      vertex   -7.455840e+01 -8.489038e+01 -1.120505e+02
    endloop
  endfacet
  facet normal 5.585975e-01 -8.294389e-01 2.359868e-14
    outer loop
      vertex   -7.407648e+01 -8.456583e+01 -1.130505e+02
      vertex   -7.455840e+01 -8.489038e+01 -1.120505e+02
      vertex   -7.455840e+01 -8.489038e+01 -1.130505e+02
    endloop
  endfacet
  facet normal 3.845051e-01 -9.231229e-01 2.623673e-14
    outer loop
      vertex   -7.455840e+01 -8.489038e+01 -1.130505e+02
      vertex   -7.455840e+01 -8.489038e+01 -1.120505e+02
      vertex   -7.511704e+01 -8.512307e+01 -1.120505e+02
    endloop
  endfacet
  facet normal 3.845051e-01 -9.231229e-01 0.000000e+00
    outer loop
      vertex   -7.455840e+01 -8.489038e+01 -1.130505e+02
      vertex   -7.511704e+01 -8.512307e+01 -1.120505e+02
      vertex   -7.511704e+01 -8.512307e+01 -1.130505e+02
    endloop
  endfacet
  facet normal 1.893028e-01 -9.819188e-01 0.000000e+00
    outer loop
      vertex   -7.511704e+01 -8.512307e+01 -1.130505e+02
      vertex   -7.511704e+01 -8.512307e+01 -1.120505e+02
      vertex   -7.572389e+01 -8.524007e+01 -1.120505e+02
    endloop
  endfacet
  facet normal 1.893028e-01 -9.819188e-01 -1.394480e-14
    outer loop
      vertex   -7.511704e+01 -8.512307e+01 -1.130505e+02
      vertex   -7.572389e+01 -8.524007e+01 -1.120505e+02
      vertex   -7.572389e+01 -8.524007e+01 -1.130505e+02
    endloop
  endfacet
  facet normal -1.591847e-02 -9.998733e-01 -1.420905e-14
    outer loop
      vertex   -7.572389e+01 -8.524007e+01 -1.130505e+02
      vertex   -7.572389e+01 -8.524007e+01 -1.120505e+02
      vertex   -7.634182e+01 -8.523023e+01 -1.120505e+02
    endloop
  endfacet
  facet normal -1.591847e-02 -9.998733e-01 2.841871e-14
    outer loop
      vertex   -7.572389e+01 -8.524007e+01 -1.130505e+02
      vertex   -7.634182e+01 -8.523023e+01 -1.120505e+02
      vertex   -7.634182e+01 -8.523023e+01 -1.130505e+02
    endloop
  endfacet
  facet normal -2.183650e-01 -9.758672e-01 2.773581e-14
    outer loop
      vertex   -7.634182e+01 -8.523023e+01 -1.130505e+02
      vertex   -7.634182e+01 -8.523023e+01 -1.120505e+02
      vertex   -7.693239e+01 -8.509808e+01 -1.120505e+02
    endloop
  endfacet
  facet normal -2.183650e-01 -9.758672e-01 1.387382e-14
    outer loop
      vertex   -7.634182e+01 -8.523023e+01 -1.130505e+02
      vertex   -7.693239e+01 -8.509808e+01 -1.120505e+02
      vertex   -7.693239e+01 -8.509808e+01 -1.130505e+02
    endloop
  endfacet
  facet normal -4.060806e-01 -9.138373e-01 1.298641e-14
    outer loop
      vertex   -7.693239e+01 -8.509808e+01 -1.130505e+02
      vertex   -7.693239e+01 -8.509808e+01 -1.120505e+02
      vertex   -7.746335e+01 -8.486214e+01 -1.120505e+02
    endloop
  endfacet
  facet normal -4.060806e-01 -9.138373e-01 0.000000e+00
    outer loop
      vertex   -7.693239e+01 -8.509808e+01 -1.130505e+02
      vertex   -7.746335e+01 -8.486214e+01 -1.120505e+02
      vertex   -7.746335e+01 -8.486214e+01 -1.130505e+02
    endloop
  endfacet
  facet normal -5.701106e-01 -8.215680e-01 0.000000e+00
    outer loop
      vertex   -7.746335e+01 -8.486214e+01 -1.130505e+02
      vertex   -7.746335e+01 -8.486214e+01 -1.120505e+02
      vertex   -7.791372e+01 -8.454962e+01 -1.100505e+02
    endloop
  endfacet
  facet normal -5.701106e-01 -8.215680e-01 -0.000000e+00
    outer loop
      vertex   -7.746335e+01 -8.486214e+01 -1.130505e+02
      vertex   -7.791372e+01 -8.454962e+01 -1.100505e+02
      vertex   -7.746335e+01 -8.486214e+01 -1.140505e+02
    endloop
  endfacet
  facet normal -5.701106e-01 -8.215680e-01 -1.167518e-14
    outer loop
      vertex   -7.746335e+01 -8.486214e+01 -1.140505e+02
      vertex   -7.791372e+01 -8.454962e+01 -1.100505e+02
      vertex   -7.746335e+01 -8.486214e+01 -1.150505e+02
    endloop
  endfacet
  facet normal -4.060806e-01 -9.138373e-01 -1.298641e-14
    outer loop
      vertex   -7.746335e+01 -8.486214e+01 -1.140505e+02
      vertex   -7.746335e+01 -8.486214e+01 -1.150505e+02
      vertex   -7.693239e+01 -8.509808e+01 -1.150505e+02
    endloop
  endfacet
  facet normal -4.060806e-01 -9.138373e-01 1.875716e-14
    outer loop
      vertex   -7.693239e+01 -8.509808e+01 -1.150505e+02
      vertex   -7.746335e+01 -8.486214e+01 -1.150505e+02
      vertex   -7.693239e+01 -8.509808e+01 -1.160505e+02
    endloop
  endfacet
  facet normal -2.183650e-01 -9.758672e-01 1.697106e-14
    outer loop
      vertex   -7.693239e+01 -8.509808e+01 -1.150505e+02
      vertex   -7.693239e+01 -8.509808e+01 -1.160505e+02
      vertex   -7.634182e+01 -8.523023e+01 -1.160505e+02
    endloop
  endfacet
  facet normal -2.183650e-01 -9.758672e-01 -6.933953e-15
    outer loop
      vertex   -7.634182e+01 -8.523023e+01 -1.160505e+02
      vertex   -7.693239e+01 -8.509808e+01 -1.160505e+02
      vertex   -7.634182e+01 -8.523023e+01 -1.180505e+02
    endloop
  endfacet
  facet normal -1.591847e-02 -9.998733e-01 -7.104527e-15
    outer loop
      vertex   -7.634182e+01 -8.523023e+01 -1.160505e+02
      vertex   -7.634182e+01 -8.523023e+01 -1.180505e+02
      vertex   -7.572389e+01 -8.524007e+01 -1.180505e+02
    endloop
  endfacet
  facet normal -1.591847e-02 -9.998733e-01 -1.131076e-16
    outer loop
      vertex   -7.572389e+01 -8.524007e+01 -1.180505e+02
      vertex   -7.634182e+01 -8.523023e+01 -1.180505e+02
      vertex   -7.572389e+01 -8.524007e+01 -1.200505e+02
    endloop
  endfacet
  facet normal 1.893028e-01 -9.819188e-01 1.345077e-15
    outer loop
      vertex   -7.572389e+01 -8.524007e+01 -1.180505e+02
      vertex   -7.572389e+01 -8.524007e+01 -1.200505e+02
      vertex   -7.511704e+01 -8.512307e+01 -1.200505e+02
    endloop
  endfacet
  facet normal 5.585938e-01 -8.294335e-01 -3.615499e-03
    outer loop
      vertex   -7.407648e+01 -8.456583e+01 -1.110505e+02
      vertex   -7.410759e+01 -8.459114e+01 -1.100505e+02
      vertex   -7.455840e+01 -8.489038e+01 -1.110505e+02
    endloop
  endfacet
  facet normal 5.464607e-01 -8.374739e-01 4.260227e-03
    outer loop
      vertex   -7.455840e+01 -8.489038e+01 -1.110505e+02
      vertex   -7.410759e+01 -8.459114e+01 -1.100505e+02
      vertex   -7.460012e+01 -8.491252e+01 -1.100505e+02
    endloop
  endfacet
  facet normal 3.845014e-01 -9.231140e-01 -4.394502e-03
    outer loop
      vertex   -7.455840e+01 -8.489038e+01 -1.110505e+02
      vertex   -7.460012e+01 -8.491252e+01 -1.100505e+02
      vertex   -7.511704e+01 -8.512307e+01 -1.110505e+02
    endloop
  endfacet
  facet normal 3.725651e-01 -9.280018e-01 2.804711e-03
    outer loop
      vertex   -7.511704e+01 -8.512307e+01 -1.110505e+02
      vertex   -7.460012e+01 -8.491252e+01 -1.100505e+02
      vertex   -7.514594e+01 -8.513165e+01 -1.100505e+02
    endloop
  endfacet
  facet normal 1.893020e-01 -9.819145e-01 -2.952478e-03
    outer loop
      vertex   -7.511704e+01 -8.512307e+01 -1.110505e+02
      vertex   -7.514594e+01 -8.513165e+01 -1.100505e+02
      vertex   -7.572389e+01 -8.524007e+01 -1.110505e+02
    endloop
  endfacet
  facet normal 1.843287e-01 -9.828647e-01 2.484157e-05
    outer loop
      vertex   -7.572389e+01 -8.524007e+01 -1.110505e+02
      vertex   -7.514594e+01 -8.513165e+01 -1.100505e+02
      vertex   -7.572414e+01 -8.524009e+01 -1.100505e+02
    endloop
  endfacet
  facet normal -1.096552e-02 -9.999399e-01 -2.484585e-05
    outer loop
      vertex   -7.572389e+01 -8.524007e+01 -1.110505e+02
      vertex   -7.572414e+01 -8.524009e+01 -1.100505e+02
      vertex   -7.631203e+01 -8.523364e+01 -1.100505e+02
    endloop
  endfacet
  facet normal -1.591841e-02 -9.998690e-01 -2.938305e-03
    outer loop
      vertex   -7.572389e+01 -8.524007e+01 -1.110505e+02
      vertex   -7.631203e+01 -8.523364e+01 -1.100505e+02
      vertex   -7.634182e+01 -8.523023e+01 -1.110505e+02
    endloop
  endfacet
  facet normal -2.057960e-01 -9.785909e-01 2.791543e-03
    outer loop
      vertex   -7.634182e+01 -8.523023e+01 -1.110505e+02
      vertex   -7.631203e+01 -8.523364e+01 -1.100505e+02
      vertex   -7.688753e+01 -8.511262e+01 -1.100505e+02
    endloop
  endfacet
  facet normal -2.183629e-01 -9.758578e-01 -4.387716e-03
    outer loop
      vertex   -7.634182e+01 -8.523023e+01 -1.110505e+02
      vertex   -7.688753e+01 -8.511262e+01 -1.100505e+02
      vertex   -7.693239e+01 -8.509808e+01 -1.110505e+02
    endloop
  endfacet
  facet normal -3.927483e-01 -9.196362e-01 4.253205e-03
    outer loop
      vertex   -7.693239e+01 -8.509808e+01 -1.110505e+02
      vertex   -7.688753e+01 -8.511262e+01 -1.100505e+02
      vertex   -7.742833e+01 -8.488166e+01 -1.100505e+02
    endloop
  endfacet
  facet normal -4.060779e-01 -9.138313e-01 -3.613785e-03
    outer loop
      vertex   -7.693239e+01 -8.509808e+01 -1.110505e+02
      vertex   -7.742833e+01 -8.488166e+01 -1.100505e+02
      vertex   -7.746335e+01 -8.486214e+01 -1.110505e+02
    endloop
  endfacet
  facet normal -5.646031e-01 -8.253544e-01 3.663739e-03
    outer loop
      vertex   -7.746335e+01 -8.486214e+01 -1.110505e+02
      vertex   -7.742833e+01 -8.488166e+01 -1.100505e+02
      vertex   -7.791372e+01 -8.454962e+01 -1.100505e+02
    endloop
  endfacet
  facet normal -5.701106e-01 -8.215680e-01 -0.000000e+00
    outer loop
      vertex   -7.746335e+01 -8.486214e+01 -1.110505e+02
      vertex   -7.791372e+01 -8.454962e+01 -1.100505e+02
      vertex   -7.746335e+01 -8.486214e+01 -1.120505e+02
    endloop
  endfacet
  facet normal -5.701106e-01 -8.215680e-01 -3.708177e-15
    outer loop
      vertex   -7.791372e+01 -8.454962e+01 -1.260505e+02
      vertex   -7.746335e+01 -8.486214e+01 -1.180505e+02
      vertex   -7.791372e+01 -8.454962e+01 -1.100505e+02
    endloop
  endfacet
  facet normal -5.701106e-01 -8.215680e-01 0.000000e+00
    outer loop
      vertex   -7.791372e+01 -8.454962e+01 -1.100505e+02
      vertex   -7.746335e+01 -8.486214e+01 -1.180505e+02
      vertex   -7.746335e+01 -8.486214e+01 -1.160505e+02
    endloop
  endfacet
  facet normal -5.701106e-01 -8.215680e-01 1.164537e-14
    outer loop
      vertex   -7.791372e+01 -8.454962e+01 -1.100505e+02
      vertex   -7.746335e+01 -8.486214e+01 -1.160505e+02
      vertex   -7.746335e+01 -8.486214e+01 -1.150505e+02
    endloop
  endfacet
  facet normal -4.060806e-01 -9.138373e-01 1.298641e-14
    outer loop
      vertex   -7.746335e+01 -8.486214e+01 -1.150505e+02
      vertex   -7.746335e+01 -8.486214e+01 -1.160505e+02
      vertex   -7.693239e+01 -8.509808e+01 -1.160505e+02
    endloop
  endfacet
  facet normal -5.701106e-01 -8.215680e-01 -4.944235e-15
    outer loop
      vertex   -7.746335e+01 -8.486214e+01 -1.300505e+02
      vertex   -7.791372e+01 -8.454962e+01 -1.260505e+02
      vertex   -7.746335e+01 -8.486214e+01 -1.340505e+02
    endloop
  endfacet
  facet normal 7.041131e-01 -7.100878e-01 0.000000e+00
    outer loop
      vertex   -7.368722e+01 -8.417985e+01 -1.100505e+02
      vertex   -7.407648e+01 -8.456583e+01 -1.140505e+02
      vertex   -7.407648e+01 -8.456583e+01 -1.150505e+02
    endloop
  endfacet
  facet normal 5.585975e-01 -8.294389e-01 0.000000e+00
    outer loop
      vertex   -7.407648e+01 -8.456583e+01 -1.150505e+02
      vertex   -7.407648e+01 -8.456583e+01 -1.140505e+02
      vertex   -7.455840e+01 -8.489038e+01 -1.140505e+02
    endloop
  endfacet
  facet normal 5.585975e-01 -8.294389e-01 -2.359868e-14
    outer loop
      vertex   -7.407648e+01 -8.456583e+01 -1.150505e+02
      vertex   -7.455840e+01 -8.489038e+01 -1.140505e+02
      vertex   -7.455840e+01 -8.489038e+01 -1.150505e+02
    endloop
  endfacet
  facet normal 3.845051e-01 -9.231229e-01 -2.623673e-14
    outer loop
      vertex   -7.455840e+01 -8.489038e+01 -1.150505e+02
      vertex   -7.455840e+01 -8.489038e+01 -1.140505e+02
      vertex   -7.511704e+01 -8.512307e+01 -1.140505e+02
    endloop
  endfacet
  facet normal 3.845051e-01 -9.231229e-01 1.857487e-14
    outer loop
      vertex   -7.455840e+01 -8.489038e+01 -1.150505e+02
      vertex   -7.511704e+01 -8.512307e+01 -1.140505e+02
      vertex   -7.511704e+01 -8.512307e+01 -1.150505e+02
    endloop
  endfacet
  facet normal 1.893028e-01 -9.819188e-01 1.664406e-14
    outer loop
      vertex   -7.511704e+01 -8.512307e+01 -1.150505e+02
      vertex   -7.511704e+01 -8.512307e+01 -1.140505e+02
      vertex   -7.572389e+01 -8.524007e+01 -1.140505e+02
    endloop
  endfacet
  facet normal 1.893028e-01 -9.819188e-01 1.125016e-14
    outer loop
      vertex   -7.511704e+01 -8.512307e+01 -1.150505e+02
      vertex   -7.572389e+01 -8.524007e+01 -1.140505e+02
      vertex   -7.572389e+01 -8.524007e+01 -1.150505e+02
    endloop
  endfacet
  facet normal -1.591847e-02 -9.998733e-01 1.443527e-14
    outer loop
      vertex   -7.572389e+01 -8.524007e+01 -1.150505e+02
      vertex   -7.572389e+01 -8.524007e+01 -1.140505e+02
      vertex   -7.634182e+01 -8.523023e+01 -1.140505e+02
    endloop
  endfacet
  facet normal -1.591847e-02 -9.998733e-01 0.000000e+00
    outer loop
      vertex   -7.572389e+01 -8.524007e+01 -1.150505e+02
      vertex   -7.634182e+01 -8.523023e+01 -1.140505e+02
      vertex   -7.634182e+01 -8.523023e+01 -1.150505e+02
    endloop
  endfacet
  facet normal -2.183650e-01 -9.758672e-01 0.000000e+00
    outer loop
      vertex   -7.634182e+01 -8.523023e+01 -1.150505e+02
      vertex   -7.634182e+01 -8.523023e+01 -1.140505e+02
      vertex   -7.693239e+01 -8.509808e+01 -1.140505e+02
    endloop
  endfacet
  facet normal -2.183650e-01 -9.758672e-01 0.000000e+00
    outer loop
      vertex   -7.634182e+01 -8.523023e+01 -1.150505e+02
      vertex   -7.693239e+01 -8.509808e+01 -1.140505e+02
      vertex   -7.693239e+01 -8.509808e+01 -1.150505e+02
    endloop
  endfacet
  facet normal -4.060806e-01 -9.138373e-01 0.000000e+00
    outer loop
      vertex   -7.693239e+01 -8.509808e+01 -1.150505e+02
      vertex   -7.693239e+01 -8.509808e+01 -1.140505e+02
      vertex   -7.746335e+01 -8.486214e+01 -1.140505e+02
    endloop
  endfacet
  facet normal 7.041131e-01 -7.100878e-01 1.002515e-14
    outer loop
      vertex   -7.368722e+01 -8.417985e+01 -1.100505e+02
      vertex   -7.407648e+01 -8.456583e+01 -1.150505e+02
      vertex   -7.407648e+01 -8.456583e+01 -1.160505e+02
    endloop
  endfacet
  facet normal 5.585975e-01 -8.294389e-01 7.938147e-15
    outer loop
      vertex   -7.407648e+01 -8.456583e+01 -1.160505e+02
      vertex   -7.407648e+01 -8.456583e+01 -1.150505e+02
      vertex   -7.455840e+01 -8.489038e+01 -1.150505e+02
    endloop
  endfacet
  facet normal 5.585975e-01 -8.294389e-01 3.945853e-14
    outer loop
      vertex   -7.407648e+01 -8.456583e+01 -1.160505e+02
      vertex   -7.455840e+01 -8.489038e+01 -1.150505e+02
      vertex   -7.455840e+01 -8.489038e+01 -1.160505e+02
    endloop
  endfacet
  facet normal 3.845051e-01 -9.231229e-01 3.716502e-14
    outer loop
      vertex   -7.455840e+01 -8.489038e+01 -1.160505e+02
      vertex   -7.455840e+01 -8.489038e+01 -1.150505e+02
      vertex   -7.511704e+01 -8.512307e+01 -1.150505e+02
    endloop
  endfacet
  facet normal 3.845051e-01 -9.231229e-01 0.000000e+00
    outer loop
      vertex   -7.455840e+01 -8.489038e+01 -1.160505e+02
      vertex   -7.511704e+01 -8.512307e+01 -1.150505e+02
      vertex   -7.511704e+01 -8.512307e+01 -1.160505e+02
    endloop
  endfacet
  facet normal 1.893028e-01 -9.819188e-01 0.000000e+00
    outer loop
      vertex   -7.511704e+01 -8.512307e+01 -1.160505e+02
      vertex   -7.511704e+01 -8.512307e+01 -1.150505e+02
      vertex   -7.572389e+01 -8.524007e+01 -1.150505e+02
    endloop
  endfacet
  facet normal 1.893028e-01 -9.819188e-01 2.791206e-14
    outer loop
      vertex   -7.511704e+01 -8.512307e+01 -1.160505e+02
      vertex   -7.572389e+01 -8.524007e+01 -1.150505e+02
      vertex   -7.572389e+01 -8.524007e+01 -1.160505e+02
    endloop
  endfacet
  facet normal -1.591847e-02 -9.998733e-01 2.841811e-14
    outer loop
      vertex   -7.572389e+01 -8.524007e+01 -1.160505e+02
      vertex   -7.572389e+01 -8.524007e+01 -1.150505e+02
      vertex   -7.634182e+01 -8.523023e+01 -1.150505e+02
    endloop
  endfacet
  facet normal -1.591847e-02 -9.998733e-01 1.420865e-14
    outer loop
      vertex   -7.572389e+01 -8.524007e+01 -1.160505e+02
      vertex   -7.634182e+01 -8.523023e+01 -1.150505e+02
      vertex   -7.634182e+01 -8.523023e+01 -1.160505e+02
    endloop
  endfacet
  facet normal -2.183650e-01 -9.758672e-01 1.386791e-14
    outer loop
      vertex   -7.634182e+01 -8.523023e+01 -1.160505e+02
      vertex   -7.634182e+01 -8.523023e+01 -1.150505e+02
      vertex   -7.693239e+01 -8.509808e+01 -1.150505e+02
    endloop
  endfacet
  facet normal -5.701106e-01 -8.215680e-01 -0.000000e+00
    outer loop
      vertex   -7.746335e+01 -8.486214e+01 -1.180505e+02
      vertex   -7.791372e+01 -8.454962e+01 -1.260505e+02
      vertex   -7.746335e+01 -8.486214e+01 -1.200505e+02
    endloop
  endfacet
  facet normal 7.041131e-01 -7.100878e-01 0.000000e+00
    outer loop
      vertex   -7.368722e+01 -8.417985e+01 -1.260505e+02
      vertex   -7.407648e+01 -8.456583e+01 -1.260505e+02
      vertex   -7.407648e+01 -8.456583e+01 -1.300505e+02
    endloop
  endfacet
  facet normal 5.585975e-01 -8.294389e-01 0.000000e+00
    outer loop
      vertex   -7.407648e+01 -8.456583e+01 -1.300505e+02
      vertex   -7.407648e+01 -8.456583e+01 -1.260505e+02
      vertex   -7.455840e+01 -8.489038e+01 -1.260505e+02
    endloop
  endfacet
  facet normal 5.585975e-01 -8.294389e-01 1.982481e-15
    outer loop
      vertex   -7.407648e+01 -8.456583e+01 -1.300505e+02
      vertex   -7.455840e+01 -8.489038e+01 -1.260505e+02
      vertex   -7.455840e+01 -8.489038e+01 -1.300505e+02
    endloop
  endfacet
  facet normal 3.845051e-01 -9.231229e-01 1.366037e-15
    outer loop
      vertex   -7.455840e+01 -8.489038e+01 -1.300505e+02
      vertex   -7.455840e+01 -8.489038e+01 -1.260505e+02
      vertex   -7.511704e+01 -8.512307e+01 -1.260505e+02
    endloop
  endfacet
  facet normal 3.845051e-01 -9.231229e-01 1.364450e-15
    outer loop
      vertex   -7.455840e+01 -8.489038e+01 -1.300505e+02
      vertex   -7.511704e+01 -8.512307e+01 -1.260505e+02
      vertex   -7.511704e+01 -8.512307e+01 -1.300505e+02
    endloop
  endfacet
  facet normal 1.893028e-01 -9.819188e-01 6.725387e-16
    outer loop
      vertex   -7.511704e+01 -8.512307e+01 -1.300505e+02
      vertex   -7.511704e+01 -8.512307e+01 -1.260505e+02
      vertex   -7.572389e+01 -8.524007e+01 -1.260505e+02
    endloop
  endfacet
  facet normal 1.893028e-01 -9.819188e-01 1.347324e-15
    outer loop
      vertex   -7.511704e+01 -8.512307e+01 -1.300505e+02
      vertex   -7.572389e+01 -8.524007e+01 -1.260505e+02
      vertex   -7.572389e+01 -8.524007e+01 -1.300505e+02
    endloop
  endfacet
  facet normal -1.591847e-02 -9.998733e-01 -1.131076e-16
    outer loop
      vertex   -7.572389e+01 -8.524007e+01 -1.300505e+02
      vertex   -7.572389e+01 -8.524007e+01 -1.260505e+02
      vertex   -7.634182e+01 -8.523023e+01 -1.260505e+02
    endloop
  endfacet
  facet normal -1.591847e-02 -9.998733e-01 -5.648937e-17
    outer loop
      vertex   -7.572389e+01 -8.524007e+01 -1.300505e+02
      vertex   -7.634182e+01 -8.523023e+01 -1.260505e+02
      vertex   -7.634182e+01 -8.523023e+01 -1.300505e+02
    endloop
  endfacet
  facet normal -2.183650e-01 -9.758672e-01 -7.757883e-16
    outer loop
      vertex   -7.634182e+01 -8.523023e+01 -1.300505e+02
      vertex   -7.634182e+01 -8.523023e+01 -1.260505e+02
      vertex   -7.693239e+01 -8.509808e+01 -1.260505e+02
    endloop
  endfacet
  facet normal -2.183650e-01 -9.758672e-01 0.000000e+00
    outer loop
      vertex   -7.634182e+01 -8.523023e+01 -1.300505e+02
      vertex   -7.693239e+01 -8.509808e+01 -1.260505e+02
      vertex   -7.693239e+01 -8.509808e+01 -1.300505e+02
    endloop
  endfacet
  facet normal -4.060806e-01 -9.138373e-01 0.000000e+00
    outer loop
      vertex   -7.693239e+01 -8.509808e+01 -1.300505e+02
      vertex   -7.693239e+01 -8.509808e+01 -1.260505e+02
      vertex   -7.746335e+01 -8.486214e+01 -1.260505e+02
    endloop
  endfacet
  facet normal 7.041131e-01 -7.100878e-01 0.000000e+00
    outer loop
      vertex   -7.368722e+01 -8.417985e+01 -1.260505e+02
      vertex   -7.407648e+01 -8.456583e+01 -1.300505e+02
      vertex   -7.407648e+01 -8.456583e+01 -1.340505e+02
    endloop
  endfacet
  facet normal 5.585975e-01 -8.294389e-01 0.000000e+00
    outer loop
      vertex   -7.407648e+01 -8.456583e+01 -1.340505e+02
      vertex   -7.407648e+01 -8.456583e+01 -1.300505e+02
      vertex   -7.455840e+01 -8.489038e+01 -1.300505e+02
    endloop
  endfacet
  facet normal 5.585975e-01 -8.294389e-01 0.000000e+00
    outer loop
      vertex   -7.407648e+01 -8.456583e+01 -1.340505e+02
      vertex   -7.455840e+01 -8.489038e+01 -1.300505e+02
      vertex   -7.455840e+01 -8.489038e+01 -1.340505e+02
    endloop
  endfacet
  facet normal 3.845051e-01 -9.231229e-01 0.000000e+00
    outer loop
      vertex   -7.455840e+01 -8.489038e+01 -1.340505e+02
      vertex   -7.455840e+01 -8.489038e+01 -1.300505e+02
      vertex   -7.511704e+01 -8.512307e+01 -1.300505e+02
    endloop
  endfacet
  facet normal 3.845051e-01 -9.231229e-01 1.914817e-15
    outer loop
      vertex   -7.455840e+01 -8.489038e+01 -1.340505e+02
      vertex   -7.511704e+01 -8.512307e+01 -1.300505e+02
      vertex   -7.511704e+01 -8.512307e+01 -1.340505e+02
    endloop
  endfacet
  facet normal 1.893028e-01 -9.819188e-01 2.815938e-15
    outer loop
      vertex   -7.511704e+01 -8.512307e+01 -1.340505e+02
      vertex   -7.511704e+01 -8.512307e+01 -1.300505e+02
      vertex   -7.572389e+01 -8.524007e+01 -1.300505e+02
    endloop
  endfacet
  facet normal 1.893028e-01 -9.819188e-01 2.138877e-15
    outer loop
      vertex   -7.511704e+01 -8.512307e+01 -1.340505e+02
      vertex   -7.572389e+01 -8.524007e+01 -1.300505e+02
      vertex   -7.572389e+01 -8.524007e+01 -1.340505e+02
    endloop
  endfacet
  facet normal -1.591847e-02 -9.998733e-01 3.665371e-15
    outer loop
      vertex   -7.572389e+01 -8.524007e+01 -1.340505e+02
      vertex   -7.572389e+01 -8.524007e+01 -1.300505e+02
      vertex   -7.634182e+01 -8.523023e+01 -1.300505e+02
    endloop
  endfacet
  facet normal -1.591847e-02 -9.998733e-01 3.552164e-15
    outer loop
      vertex   -7.572389e+01 -8.524007e+01 -1.340505e+02
      vertex   -7.634182e+01 -8.523023e+01 -1.300505e+02
      vertex   -7.634182e+01 -8.523023e+01 -1.340505e+02
    endloop
  endfacet
  facet normal -2.183650e-01 -9.758672e-01 3.466977e-15
    outer loop
      vertex   -7.634182e+01 -8.523023e+01 -1.340505e+02
      vertex   -7.634182e+01 -8.523023e+01 -1.300505e+02
      vertex   -7.693239e+01 -8.509808e+01 -1.300505e+02
    endloop
  endfacet
  facet normal -4.060806e-01 -9.138373e-01 -4.689290e-15
    outer loop
      vertex   -7.746335e+01 -8.486214e+01 -1.300505e+02
      vertex   -7.746335e+01 -8.486214e+01 -1.340505e+02
      vertex   -7.693239e+01 -8.509808e+01 -1.340505e+02
    endloop
  endfacet
  facet normal 5.585975e-01 -8.294389e-01 -3.908981e-15
    outer loop
      vertex   -7.455840e+01 -8.489038e+01 -1.260505e+02
      vertex   -7.407648e+01 -8.456583e+01 -1.260505e+02
      vertex   -7.455840e+01 -8.489038e+01 -1.220505e+02
    endloop
  endfacet
  facet normal 5.585975e-01 -8.294389e-01 1.982481e-15
    outer loop
      vertex   -7.455840e+01 -8.489038e+01 -1.220505e+02
      vertex   -7.407648e+01 -8.456583e+01 -1.260505e+02
      vertex   -7.407648e+01 -8.456583e+01 -1.220505e+02
    endloop
  endfacet
  facet normal 3.845051e-01 -9.231229e-01 -5.475182e-16
    outer loop
      vertex   -7.511704e+01 -8.512307e+01 -1.260505e+02
      vertex   -7.455840e+01 -8.489038e+01 -1.260505e+02
      vertex   -7.511704e+01 -8.512307e+01 -1.220505e+02
    endloop
  endfacet
  facet normal 3.845051e-01 -9.231229e-01 -5.194084e-15
    outer loop
      vertex   -7.511704e+01 -8.512307e+01 -1.220505e+02
      vertex   -7.455840e+01 -8.489038e+01 -1.260505e+02
      vertex   -7.455840e+01 -8.489038e+01 -1.220505e+02
    endloop
  endfacet
  facet normal 1.893028e-01 -9.819188e-01 -3.488476e-15
    outer loop
      vertex   -7.572389e+01 -8.524007e+01 -1.260505e+02
      vertex   -7.511704e+01 -8.512307e+01 -1.260505e+02
      vertex   -7.572389e+01 -8.524007e+01 -1.220505e+02
    endloop
  endfacet
  facet normal 1.893028e-01 -9.819188e-01 -2.144491e-15
    outer loop
      vertex   -7.572389e+01 -8.524007e+01 -1.220505e+02
      vertex   -7.511704e+01 -8.512307e+01 -1.260505e+02
      vertex   -7.511704e+01 -8.512307e+01 -1.220505e+02
    endloop
  endfacet
  facet normal -1.591847e-02 -9.998733e-01 -1.076990e-14
    outer loop
      vertex   -7.634182e+01 -8.523023e+01 -1.260505e+02
      vertex   -7.572389e+01 -8.524007e+01 -1.260505e+02
      vertex   -7.634182e+01 -8.523023e+01 -1.220505e+02
    endloop
  endfacet
  facet normal -1.591847e-02 -9.998733e-01 -3.552164e-15
    outer loop
      vertex   -7.634182e+01 -8.523023e+01 -1.220505e+02
      vertex   -7.572389e+01 -8.524007e+01 -1.260505e+02
      vertex   -7.572389e+01 -8.524007e+01 -1.220505e+02
    endloop
  endfacet
  facet normal -2.183650e-01 -9.758672e-01 -1.551577e-15
    outer loop
      vertex   -7.693239e+01 -8.509808e+01 -1.260505e+02
      vertex   -7.634182e+01 -8.523023e+01 -1.260505e+02
      vertex   -7.693239e+01 -8.509808e+01 -1.220505e+02
    endloop
  endfacet
  facet normal -2.183650e-01 -9.758672e-01 -1.195327e-14
    outer loop
      vertex   -7.693239e+01 -8.509808e+01 -1.220505e+02
      vertex   -7.634182e+01 -8.523023e+01 -1.260505e+02
      vertex   -7.634182e+01 -8.523023e+01 -1.220505e+02
    endloop
  endfacet
  facet normal -4.060806e-01 -9.138373e-01 -3.246602e-15
    outer loop
      vertex   -7.746335e+01 -8.486214e+01 -1.260505e+02
      vertex   -7.693239e+01 -8.509808e+01 -1.260505e+02
      vertex   -7.746335e+01 -8.486214e+01 -1.220505e+02
    endloop
  endfacet
  facet normal -4.060806e-01 -9.138373e-01 -2.878180e-15
    outer loop
      vertex   -7.746335e+01 -8.486214e+01 -1.220505e+02
      vertex   -7.693239e+01 -8.509808e+01 -1.260505e+02
      vertex   -7.693239e+01 -8.509808e+01 -1.220505e+02
    endloop
  endfacet
  facet normal 7.041131e-01 -7.100878e-01 2.501512e-15
    outer loop
      vertex   -7.407648e+01 -8.456583e+01 -1.260505e+02
      vertex   -7.368722e+01 -8.417985e+01 -1.260505e+02
      vertex   -7.407648e+01 -8.456583e+01 -1.220505e+02
    endloop
  endfacet
  facet normal -4.060806e-01 -9.138373e-01 0.000000e+00
    outer loop
      vertex   -7.746335e+01 -8.486214e+01 -1.120505e+02
      vertex   -7.693239e+01 -8.509808e+01 -1.120505e+02
      vertex   -7.746335e+01 -8.486214e+01 -1.110505e+02
    endloop
  endfacet
  facet normal -4.060806e-01 -9.138373e-01 0.000000e+00
    outer loop
      vertex   -7.746335e+01 -8.486214e+01 -1.110505e+02
      vertex   -7.693239e+01 -8.509808e+01 -1.120505e+02
      vertex   -7.693239e+01 -8.509808e+01 -1.110505e+02
    endloop
  endfacet
  facet normal -2.183650e-01 -9.758672e-01 0.000000e+00
    outer loop
      vertex   -7.693239e+01 -8.509808e+01 -1.120505e+02
      vertex   -7.634182e+01 -8.523023e+01 -1.120505e+02
      vertex   -7.693239e+01 -8.509808e+01 -1.110505e+02
    endloop
  endfacet
  facet normal -2.183650e-01 -9.758672e-01 1.696963e-14
    outer loop
      vertex   -7.693239e+01 -8.509808e+01 -1.110505e+02
      vertex   -7.634182e+01 -8.523023e+01 -1.120505e+02
      vertex   -7.634182e+01 -8.523023e+01 -1.110505e+02
    endloop
  endfacet
  facet normal -1.591847e-02 -9.998733e-01 1.443527e-14
    outer loop
      vertex   -7.634182e+01 -8.523023e+01 -1.120505e+02
      vertex   -7.572389e+01 -8.524007e+01 -1.120505e+02
      vertex   -7.634182e+01 -8.523023e+01 -1.110505e+02
    endloop
  endfacet
  facet normal -1.591847e-02 -9.998733e-01 1.420865e-14
    outer loop
      vertex   -7.634182e+01 -8.523023e+01 -1.110505e+02
      vertex   -7.572389e+01 -8.524007e+01 -1.120505e+02
      vertex   -7.572389e+01 -8.524007e+01 -1.110505e+02
    endloop
  endfacet
  facet normal 1.893028e-01 -9.819188e-01 1.395390e-14
    outer loop
      vertex   -7.572389e+01 -8.524007e+01 -1.120505e+02
      vertex   -7.511704e+01 -8.512307e+01 -1.120505e+02
      vertex   -7.572389e+01 -8.524007e+01 -1.110505e+02
    endloop
  endfacet
  facet normal 1.893028e-01 -9.819188e-01 0.000000e+00
    outer loop
      vertex   -7.572389e+01 -8.524007e+01 -1.110505e+02
      vertex   -7.511704e+01 -8.512307e+01 -1.120505e+02
      vertex   -7.511704e+01 -8.512307e+01 -1.110505e+02
    endloop
  endfacet
  facet normal 5.585975e-01 -8.294389e-01 7.938147e-15
    outer loop
      vertex   -7.407648e+01 -8.456583e+01 -1.120505e+02
      vertex   -7.407648e+01 -8.456583e+01 -1.110505e+02
      vertex   -7.455840e+01 -8.489038e+01 -1.110505e+02
    endloop
  endfacet
  facet normal 3.845051e-01 -9.231229e-01 0.000000e+00
    outer loop
      vertex   -7.511704e+01 -8.512307e+01 -1.120505e+02
      vertex   -7.455840e+01 -8.489038e+01 -1.120505e+02
      vertex   -7.511704e+01 -8.512307e+01 -1.110505e+02
    endloop
  endfacet
  facet normal 3.845051e-01 -9.231229e-01 0.000000e+00
    outer loop
      vertex   -7.511704e+01 -8.512307e+01 -1.110505e+02
      vertex   -7.455840e+01 -8.489038e+01 -1.120505e+02
      vertex   -7.455840e+01 -8.489038e+01 -1.110505e+02
    endloop
  endfacet
  facet normal 7.041131e-01 -7.100878e-01 0.000000e+00
    outer loop
      vertex   -7.407648e+01 -8.456583e+01 -1.140505e+02
      vertex   -7.368722e+01 -8.417985e+01 -1.100505e+02
      vertex   -7.407648e+01 -8.456583e+01 -1.130505e+02
    endloop
  endfacet
  facet normal 5.585975e-01 -8.294389e-01 0.000000e+00
    outer loop
      vertex   -7.455840e+01 -8.489038e+01 -1.120505e+02
      vertex   -7.407648e+01 -8.456583e+01 -1.120505e+02
      vertex   -7.455840e+01 -8.489038e+01 -1.110505e+02
    endloop
  endfacet
  facet normal 5.585975e-01 -8.294389e-01 5.893518e-15
    outer loop
      vertex   -7.455840e+01 -8.489038e+01 -1.200505e+02
      vertex   -7.407648e+01 -8.456583e+01 -1.200505e+02
      vertex   -7.455840e+01 -8.489038e+01 -1.180505e+02
    endloop
  endfacet
  facet normal 5.585975e-01 -8.294389e-01 1.934710e-15
    outer loop
      vertex   -7.455840e+01 -8.489038e+01 -1.180505e+02
      vertex   -7.407648e+01 -8.456583e+01 -1.200505e+02
      vertex   -7.407648e+01 -8.456583e+01 -1.180505e+02
    endloop
  endfacet
  facet normal 5.585975e-01 -8.294389e-01 -7.938147e-15
    outer loop
      vertex   -7.455840e+01 -8.489038e+01 -1.180505e+02
      vertex   -7.407648e+01 -8.456583e+01 -1.180505e+02
      vertex   -7.455840e+01 -8.489038e+01 -1.160505e+02
    endloop
  endfacet
  facet normal 5.585975e-01 -8.294389e-01 -5.875786e-15
    outer loop
      vertex   -7.455840e+01 -8.489038e+01 -1.160505e+02
      vertex   -7.407648e+01 -8.456583e+01 -1.180505e+02
      vertex   -7.407648e+01 -8.456583e+01 -1.160505e+02
    endloop
  endfacet
  facet normal 3.845051e-01 -9.231229e-01 -6.559182e-15
    outer loop
      vertex   -7.511704e+01 -8.512307e+01 -1.200505e+02
      vertex   -7.455840e+01 -8.489038e+01 -1.200505e+02
      vertex   -7.511704e+01 -8.512307e+01 -1.180505e+02
    endloop
  endfacet
  facet normal 3.845051e-01 -9.231229e-01 6.558534e-15
    outer loop
      vertex   -7.511704e+01 -8.512307e+01 -1.180505e+02
      vertex   -7.455840e+01 -8.489038e+01 -1.200505e+02
      vertex   -7.455840e+01 -8.489038e+01 -1.180505e+02
    endloop
  endfacet
  facet normal 3.845051e-01 -9.231229e-01 3.827109e-15
    outer loop
      vertex   -7.511704e+01 -8.512307e+01 -1.180505e+02
      vertex   -7.455840e+01 -8.489038e+01 -1.180505e+02
      vertex   -7.511704e+01 -8.512307e+01 -1.160505e+02
    endloop
  endfacet
  facet normal 3.845051e-01 -9.231229e-01 -5.457801e-15
    outer loop
      vertex   -7.511704e+01 -8.512307e+01 -1.160505e+02
      vertex   -7.455840e+01 -8.489038e+01 -1.180505e+02
      vertex   -7.455840e+01 -8.489038e+01 -1.160505e+02
    endloop
  endfacet
  facet normal -1.591847e-02 -9.998733e-01 1.136805e-16
    outer loop
      vertex   -7.572389e+01 -8.524007e+01 -1.200505e+02
      vertex   -7.634182e+01 -8.523023e+01 -1.180505e+02
      vertex   -7.634182e+01 -8.523023e+01 -1.200505e+02
    endloop
  endfacet
  facet normal -2.183650e-01 -9.758672e-01 1.551577e-15
    outer loop
      vertex   -7.634182e+01 -8.523023e+01 -1.200505e+02
      vertex   -7.634182e+01 -8.523023e+01 -1.180505e+02
      vertex   -7.693239e+01 -8.509808e+01 -1.180505e+02
    endloop
  endfacet
  facet normal -2.183650e-01 -9.758672e-01 -1.547906e-15
    outer loop
      vertex   -7.634182e+01 -8.523023e+01 -1.200505e+02
      vertex   -7.693239e+01 -8.509808e+01 -1.180505e+02
      vertex   -7.693239e+01 -8.509808e+01 -1.200505e+02
    endloop
  endfacet
  facet normal -4.060806e-01 -9.138373e-01 -2.885376e-15
    outer loop
      vertex   -7.693239e+01 -8.509808e+01 -1.200505e+02
      vertex   -7.693239e+01 -8.509808e+01 -1.180505e+02
      vertex   -7.746335e+01 -8.486214e+01 -1.180505e+02
    endloop
  endfacet
  facet normal -4.060806e-01 -9.138373e-01 0.000000e+00
    outer loop
      vertex   -7.693239e+01 -8.509808e+01 -1.200505e+02
      vertex   -7.746335e+01 -8.486214e+01 -1.180505e+02
      vertex   -7.746335e+01 -8.486214e+01 -1.200505e+02
    endloop
  endfacet
  facet normal 1.893028e-01 -9.819188e-01 -6.976952e-15
    outer loop
      vertex   -7.511704e+01 -8.512307e+01 -1.200505e+02
      vertex   -7.511704e+01 -8.512307e+01 -1.180505e+02
      vertex   -7.572389e+01 -8.524007e+01 -1.180505e+02
    endloop
  endfacet
  facet normal 1.893028e-01 -9.819188e-01 -1.395390e-14
    outer loop
      vertex   -7.572389e+01 -8.524007e+01 -1.180505e+02
      vertex   -7.511704e+01 -8.512307e+01 -1.180505e+02
      vertex   -7.572389e+01 -8.524007e+01 -1.160505e+02
    endloop
  endfacet
  facet normal -1.591847e-02 -9.998733e-01 -1.420905e-14
    outer loop
      vertex   -7.572389e+01 -8.524007e+01 -1.180505e+02
      vertex   -7.572389e+01 -8.524007e+01 -1.160505e+02
      vertex   -7.634182e+01 -8.523023e+01 -1.160505e+02
    endloop
  endfacet
  facet normal 1.893028e-01 -9.819188e-01 5.636306e-15
    outer loop
      vertex   -7.572389e+01 -8.524007e+01 -1.160505e+02
      vertex   -7.511704e+01 -8.512307e+01 -1.180505e+02
      vertex   -7.511704e+01 -8.512307e+01 -1.160505e+02
    endloop
  endfacet
  facet normal -4.060806e-01 -9.138373e-01 -0.000000e+00
    outer loop
      vertex   -7.746335e+01 -8.486214e+01 -1.160505e+02
      vertex   -7.746335e+01 -8.486214e+01 -1.180505e+02
      vertex   -7.693239e+01 -8.509808e+01 -1.180505e+02
    endloop
  endfacet
  facet normal -4.060806e-01 -9.138373e-01 -6.496804e-15
    outer loop
      vertex   -7.746335e+01 -8.486214e+01 -1.160505e+02
      vertex   -7.693239e+01 -8.509808e+01 -1.180505e+02
      vertex   -7.693239e+01 -8.509808e+01 -1.160505e+02
    endloop
  endfacet
  facet normal -2.183650e-01 -9.758672e-01 -6.933953e-15
    outer loop
      vertex   -7.693239e+01 -8.509808e+01 -1.160505e+02
      vertex   -7.693239e+01 -8.509808e+01 -1.180505e+02
      vertex   -7.634182e+01 -8.523023e+01 -1.180505e+02
    endloop
  endfacet
  facet normal 7.041131e-01 -7.100878e-01 -5.037890e-15
    outer loop
      vertex   -7.368722e+01 -8.417985e+01 -1.100505e+02
      vertex   -7.407648e+01 -8.456583e+01 -1.160505e+02
      vertex   -7.407648e+01 -8.456583e+01 -1.180505e+02
    endloop
  endfacet
  facet normal 5.585975e-01 -8.294389e-01 0.000000e+00
    outer loop
      vertex   -7.407648e+01 -8.456583e+01 -1.130505e+02
      vertex   -7.455840e+01 -8.489038e+01 -1.130505e+02
      vertex   -7.407648e+01 -8.456583e+01 -1.140505e+02
    endloop
  endfacet
  facet normal 5.585975e-01 -8.294389e-01 0.000000e+00
    outer loop
      vertex   -7.407648e+01 -8.456583e+01 -1.140505e+02
      vertex   -7.455840e+01 -8.489038e+01 -1.130505e+02
      vertex   -7.455840e+01 -8.489038e+01 -1.140505e+02
    endloop
  endfacet
  facet normal 3.845051e-01 -9.231229e-01 0.000000e+00
    outer loop
      vertex   -7.455840e+01 -8.489038e+01 -1.130505e+02
      vertex   -7.511704e+01 -8.512307e+01 -1.130505e+02
      vertex   -7.455840e+01 -8.489038e+01 -1.140505e+02
    endloop
  endfacet
  facet normal 3.845051e-01 -9.231229e-01 -1.311707e-14
    outer loop
      vertex   -7.455840e+01 -8.489038e+01 -1.140505e+02
      vertex   -7.511704e+01 -8.512307e+01 -1.130505e+02
      vertex   -7.511704e+01 -8.512307e+01 -1.140505e+02
    endloop
  endfacet
  facet normal 1.893028e-01 -9.819188e-01 -1.395390e-14
    outer loop
      vertex   -7.511704e+01 -8.512307e+01 -1.130505e+02
      vertex   -7.572389e+01 -8.524007e+01 -1.130505e+02
      vertex   -7.511704e+01 -8.512307e+01 -1.140505e+02
    endloop
  endfacet
  facet normal 1.893028e-01 -9.819188e-01 0.000000e+00
    outer loop
      vertex   -7.511704e+01 -8.512307e+01 -1.140505e+02
      vertex   -7.572389e+01 -8.524007e+01 -1.130505e+02
      vertex   -7.572389e+01 -8.524007e+01 -1.140505e+02
    endloop
  endfacet
  facet normal -1.591847e-02 -9.998733e-01 -0.000000e+00
    outer loop
      vertex   -7.572389e+01 -8.524007e+01 -1.130505e+02
      vertex   -7.634182e+01 -8.523023e+01 -1.130505e+02
      vertex   -7.572389e+01 -8.524007e+01 -1.140505e+02
    endloop
  endfacet
  facet normal -1.591847e-02 -9.998733e-01 0.000000e+00
    outer loop
      vertex   -7.572389e+01 -8.524007e+01 -1.140505e+02
      vertex   -7.634182e+01 -8.523023e+01 -1.130505e+02
      vertex   -7.634182e+01 -8.523023e+01 -1.140505e+02
    endloop
  endfacet
  facet normal -4.060806e-01 -9.138373e-01 -0.000000e+00
    outer loop
      vertex   -7.746335e+01 -8.486214e+01 -1.130505e+02
      vertex   -7.746335e+01 -8.486214e+01 -1.140505e+02
      vertex   -7.693239e+01 -8.509808e+01 -1.140505e+02
    endloop
  endfacet
  facet normal -2.183650e-01 -9.758672e-01 -0.000000e+00
    outer loop
      vertex   -7.634182e+01 -8.523023e+01 -1.130505e+02
      vertex   -7.693239e+01 -8.509808e+01 -1.130505e+02
      vertex   -7.634182e+01 -8.523023e+01 -1.140505e+02
    endloop
  endfacet
  facet normal -2.183650e-01 -9.758672e-01 -1.387382e-14
    outer loop
      vertex   -7.634182e+01 -8.523023e+01 -1.140505e+02
      vertex   -7.693239e+01 -8.509808e+01 -1.130505e+02
      vertex   -7.693239e+01 -8.509808e+01 -1.140505e+02
    endloop
  endfacet
  facet normal -4.060806e-01 -9.138373e-01 -1.298641e-14
    outer loop
      vertex   -7.693239e+01 -8.509808e+01 -1.130505e+02
      vertex   -7.746335e+01 -8.486214e+01 -1.130505e+02
      vertex   -7.693239e+01 -8.509808e+01 -1.140505e+02
    endloop
  endfacet
  facet normal -6.427876e-01 -7.660444e-01 0.000000e+00
    outer loop
      vertex   -7.906278e+01 -8.358543e+01 -1.331005e+02
      vertex   -7.791372e+01 -8.454962e+01 -1.260505e+02
      vertex   -7.906278e+01 -8.358543e+01 -1.271005e+02
    endloop
  endfacet
  facet normal -6.427876e-01 -7.660444e-01 -3.756254e-15
    outer loop
      vertex   -7.906278e+01 -8.358543e+01 -1.271005e+02
      vertex   -7.791372e+01 -8.454962e+01 -1.260505e+02
      vertex   -7.791372e+01 -8.454962e+01 -1.100505e+02
    endloop
  endfacet
  facet normal -6.427876e-01 -7.660444e-01 -2.660728e-15
    outer loop
      vertex   -7.906278e+01 -8.358543e+01 -1.271005e+02
      vertex   -7.791372e+01 -8.454962e+01 -1.100505e+02
      vertex   -8.787229e+01 -7.619338e+01 -1.100505e+02
    endloop
  endfacet
  facet normal -6.427876e-01 -7.660444e-01 2.041152e-15
    outer loop
      vertex   -7.791372e+01 -8.454962e+01 -1.260505e+02
      vertex   -7.906278e+01 -8.358543e+01 -1.331005e+02
      vertex   -7.791372e+01 -8.454962e+01 -1.420505e+02
    endloop
  endfacet
  facet normal -6.427876e-01 -7.660444e-01 2.600031e-15
    outer loop
      vertex   -7.791372e+01 -8.454962e+01 -1.420505e+02
      vertex   -7.906278e+01 -8.358543e+01 -1.331005e+02
      vertex   -8.672323e+01 -7.715756e+01 -1.331005e+02
    endloop
  endfacet
  facet normal -6.427876e-01 -7.660444e-01 -1.954222e-15
    outer loop
      vertex   -7.791372e+01 -8.454962e+01 -1.420505e+02
      vertex   -8.672323e+01 -7.715756e+01 -1.331005e+02
      vertex   -8.787229e+01 -7.619338e+01 -1.420505e+02
    endloop
  endfacet
  facet normal -6.427876e-01 -7.660444e-01 0.000000e+00
    outer loop
      vertex   -8.787229e+01 -7.619338e+01 -1.420505e+02
      vertex   -8.672323e+01 -7.715756e+01 -1.331005e+02
      vertex   -8.672323e+01 -7.715756e+01 -1.271005e+02
    endloop
  endfacet
  facet normal -6.427876e-01 -7.660444e-01 -9.111022e-16
    outer loop
      vertex   -8.787229e+01 -7.619338e+01 -1.420505e+02
      vertex   -8.672323e+01 -7.715756e+01 -1.271005e+02
      vertex   -8.787229e+01 -7.619338e+01 -1.100505e+02
    endloop
  endfacet
  facet normal -6.427876e-01 -7.660444e-01 -3.542295e-16
    outer loop
      vertex   -8.787229e+01 -7.619338e+01 -1.100505e+02
      vertex   -8.672323e+01 -7.715756e+01 -1.271005e+02
      vertex   -7.906278e+01 -8.358543e+01 -1.271005e+02
    endloop
  endfacet
  facet normal -4.850522e-15 4.190179e-15 -1.000000e+00
    outer loop
      vertex   -2.313737e+01 -1.277105e+00 -1.420505e+02
      vertex   -2.395826e+01 -2.227370e+00 -1.420505e+02
      vertex   -2.653445e+01 1.573388e+00 -1.420505e+02
    endloop
  endfacet
  facet normal -1.131435e-15 6.711009e-15 -1.000000e+00
    outer loop
      vertex   -2.653445e+01 1.573388e+00 -1.420505e+02
      vertex   -2.395826e+01 -2.227370e+00 -1.420505e+02
      vertex   -3.065078e+01 -3.355687e+00 -1.420505e+02
    endloop
  endfacet
  facet normal -1.445650e-12 1.213044e-12 -1.000000e+00
    outer loop
      vertex   -2.653445e+01 1.573388e+00 -1.420505e+02
      vertex   -3.065078e+01 -3.355687e+00 -1.420505e+02
      vertex   -3.064618e+01 -3.326777e+00 -1.420505e+02
    endloop
  endfacet
  facet normal 0.000000e+00 0.000000e+00 -1.000000e+00
    outer loop
      vertex   -2.395826e+01 -2.227370e+00 -1.420505e+02
      vertex   -2.465360e+01 -3.273022e+00 -1.420505e+02
      vertex   -3.065078e+01 -3.355687e+00 -1.420505e+02
    endloop
  endfacet
  facet normal 0.000000e+00 -0.000000e+00 -1.000000e+00
    outer loop
      vertex   -3.065078e+01 -3.355687e+00 -1.420505e+02
      vertex   -2.465360e+01 -3.273022e+00 -1.420505e+02
      vertex   -4.015935e+01 -1.468756e+01 -1.420505e+02
    endloop
  endfacet
  facet normal 0.000000e+00 0.000000e+00 -1.000000e+00
    outer loop
      vertex   -4.015935e+01 -1.468756e+01 -1.420505e+02
      vertex   -2.465360e+01 -3.273022e+00 -1.420505e+02
      vertex   -2.521240e+01 -4.397574e+00 -1.420505e+02
    endloop
  endfacet
  facet normal 0.000000e+00 0.000000e+00 -1.000000e+00
    outer loop
      vertex   -4.015935e+01 -1.468756e+01 -1.420505e+02
      vertex   -2.521240e+01 -4.397574e+00 -1.420505e+02
      vertex   -2.562586e+01 -5.583291e+00 -1.420505e+02
    endloop
  endfacet
  facet normal 0.000000e+00 0.000000e+00 -1.000000e+00
    outer loop
      vertex   -2.562586e+01 -5.583291e+00 -1.420505e+02
      vertex   -2.588746e+01 -6.811477e+00 -1.420505e+02
      vertex   -4.015935e+01 -1.468756e+01 -1.420505e+02
    endloop
  endfacet
  facet normal 0.000000e+00 -0.000000e+00 -1.000000e+00
    outer loop
      vertex   -4.015935e+01 -1.468756e+01 -1.420505e+02
      vertex   -2.588746e+01 -6.811477e+00 -1.420505e+02
      vertex   -5.220560e+01 -4.061831e+01 -1.420505e+02
    endloop
  endfacet
  facet normal 0.000000e+00 0.000000e+00 -1.000000e+00
    outer loop
      vertex   -4.015935e+01 -1.468756e+01 -1.420505e+02
      vertex   -5.220560e+01 -4.061831e+01 -1.420505e+02
      vertex   -7.218563e+01 -5.672087e+01 -1.420505e+02
    endloop
  endfacet
  facet normal 0.000000e+00 -0.000000e+00 -1.000000e+00
    outer loop
      vertex   -7.218563e+01 -5.672087e+01 -1.420505e+02
      vertex   -5.220560e+01 -4.061831e+01 -1.420505e+02
      vertex   -7.539956e+01 -6.055109e+01 -1.420505e+02
    endloop
  endfacet
  facet normal 0.000000e+00 0.000000e+00 -1.000000e+00
    outer loop
      vertex   -7.539956e+01 -6.055109e+01 -1.420505e+02
      vertex   -5.220560e+01 -4.061831e+01 -1.420505e+02
      vertex   -6.467494e+01 -6.955012e+01 -1.420505e+02
    endloop
  endfacet
  facet normal -9.134561e-16 -1.088615e-15 -1.000000e+00
    outer loop
      vertex   -7.539956e+01 -6.055109e+01 -1.420505e+02
      vertex   -6.467494e+01 -6.955012e+01 -1.420505e+02
      vertex   -8.787229e+01 -7.619338e+01 -1.420505e+02
    endloop
  endfacet
  facet normal -1.639659e-15 1.447187e-15 -1.000000e+00
    outer loop
      vertex   -8.787229e+01 -7.619338e+01 -1.420505e+02
      vertex   -6.467494e+01 -6.955012e+01 -1.420505e+02
      vertex   -7.791372e+01 -8.454962e+01 -1.420505e+02
    endloop
  endfacet
  facet normal 0.000000e+00 0.000000e+00 -1.000000e+00
    outer loop
      vertex   -7.791372e+01 -8.454962e+01 -1.420505e+02
      vertex   -6.467494e+01 -6.955012e+01 -1.420505e+02
      vertex   -7.742831e+01 -8.488166e+01 -1.420505e+02
    endloop
  endfacet
  facet normal 0.000000e+00 0.000000e+00 -1.000000e+00
    outer loop
      vertex   -7.742831e+01 -8.488166e+01 -1.420505e+02
      vertex   -6.467494e+01 -6.955012e+01 -1.420505e+02
      vertex   -7.688745e+01 -8.511264e+01 -1.420505e+02
    endloop
  endfacet
  facet normal 0.000000e+00 0.000000e+00 -1.000000e+00
    outer loop
      vertex   -7.688745e+01 -8.511264e+01 -1.420505e+02
      vertex   -6.467494e+01 -6.955012e+01 -1.420505e+02
      vertex   -7.631188e+01 -8.523366e+01 -1.420505e+02
    endloop
  endfacet
  facet normal 0.000000e+00 0.000000e+00 -1.000000e+00
    outer loop
      vertex   -7.631188e+01 -8.523366e+01 -1.420505e+02
      vertex   -6.467494e+01 -6.955012e+01 -1.420505e+02
      vertex   -7.572363e+01 -8.524004e+01 -1.420505e+02
    endloop
  endfacet
  facet normal 0.000000e+00 0.000000e+00 -1.000000e+00
    outer loop
      vertex   -7.572363e+01 -8.524004e+01 -1.420505e+02
      vertex   -6.467494e+01 -6.955012e+01 -1.420505e+02
      vertex   -7.368722e+01 -8.417985e+01 -1.420505e+02
    endloop
  endfacet
  facet normal -7.690701e-14 1.477218e-13 -1.000000e+00
    outer loop
      vertex   -7.572363e+01 -8.524004e+01 -1.420505e+02
      vertex   -7.368722e+01 -8.417985e+01 -1.420505e+02
      vertex   -7.514579e+01 -8.513161e+01 -1.420505e+02
    endloop
  endfacet
  facet normal 1.042140e-13 -1.298454e-13 -1.000000e+00
    outer loop
      vertex   -7.514579e+01 -8.513161e+01 -1.420505e+02
      vertex   -7.368722e+01 -8.417985e+01 -1.420505e+02
      vertex   -7.460005e+01 -8.491249e+01 -1.420505e+02
    endloop
  endfacet
  facet normal -3.086566e-13 3.845704e-13 -1.000000e+00
    outer loop
      vertex   -7.460005e+01 -8.491249e+01 -1.420505e+02
      vertex   -7.368722e+01 -8.417985e+01 -1.420505e+02
      vertex   -7.410757e+01 -8.459113e+01 -1.420505e+02
    endloop
  endfacet
  facet normal 0.000000e+00 0.000000e+00 -1.000000e+00
    outer loop
      vertex   -2.588746e+01 -6.811477e+00 -1.420505e+02
      vertex   -2.599307e+01 -8.062765e+00 -1.420505e+02
      vertex   -5.220560e+01 -4.061831e+01 -1.420505e+02
    endloop
  endfacet
  facet normal 0.000000e+00 0.000000e+00 -1.000000e+00
    outer loop
      vertex   -5.220560e+01 -4.061831e+01 -1.420505e+02
      vertex   -2.599307e+01 -8.062765e+00 -1.420505e+02
      vertex   -2.594104e+01 -9.317424e+00 -1.420505e+02
    endloop
  endfacet
  facet normal 0.000000e+00 0.000000e+00 -1.000000e+00
    outer loop
      vertex   -6.467494e+01 -6.955012e+01 -1.420505e+02
      vertex   -5.220560e+01 -4.061831e+01 -1.420505e+02
      vertex   -6.146100e+01 -6.571990e+01 -1.420505e+02
    endloop
  endfacet
  facet normal 2.862291e-15 -1.055378e-15 -1.000000e+00
    outer loop
      vertex   -6.146100e+01 -6.571990e+01 -1.420505e+02
      vertex   -5.220560e+01 -4.061831e+01 -1.420505e+02
      vertex   -4.462215e+01 -4.698158e+01 -1.420505e+02
    endloop
  endfacet
  facet normal 7.255932e-16 8.647282e-16 -1.000000e+00
    outer loop
      vertex   -6.146100e+01 -6.571990e+01 -1.420505e+02
      vertex   -4.462215e+01 -4.698158e+01 -1.420505e+02
      vertex   -5.954589e+01 -6.732687e+01 -1.420505e+02
    endloop
  endfacet
  facet normal 1.076280e-14 -6.497798e-15 -1.000000e+00
    outer loop
      vertex   -5.954589e+01 -6.732687e+01 -1.420505e+02
      vertex   -4.462215e+01 -4.698158e+01 -1.420505e+02
      vertex   -4.071748e+01 -4.488805e+01 -1.420505e+02
    endloop
  endfacet
  facet normal 0.000000e+00 -0.000000e+00 -1.000000e+00
    outer loop
      vertex   -6.467494e+01 -6.955012e+01 -1.420505e+02
      vertex   -6.275983e+01 -7.115709e+01 -1.420505e+02
      vertex   -7.368722e+01 -8.417985e+01 -1.420505e+02
    endloop
  endfacet
  facet normal 6.574662e-14 -5.424155e-14 -1.000000e+00
    outer loop
      vertex   -8.787229e+01 -7.619338e+01 -1.420505e+02
      vertex   -8.833533e+01 -7.570666e+01 -1.420505e+02
      vertex   -7.539956e+01 -6.055109e+01 -1.420505e+02
    endloop
  endfacet
  facet normal 1.295453e-15 7.696207e-16 -1.000000e+00
    outer loop
      vertex   -7.539956e+01 -6.055109e+01 -1.420505e+02
      vertex   -8.833533e+01 -7.570666e+01 -1.420505e+02
      vertex   -8.867845e+01 -7.512911e+01 -1.420505e+02
    endloop
  endfacet
  facet normal 1.581143e-15 5.093897e-16 -1.000000e+00
    outer loop
      vertex   -7.539956e+01 -6.055109e+01 -1.420505e+02
      vertex   -8.867845e+01 -7.512911e+01 -1.420505e+02
      vertex   -8.888445e+01 -7.448968e+01 -1.420505e+02
    endloop
  endfacet
  facet normal 1.932877e-15 1.691048e-16 -1.000000e+00
    outer loop
      vertex   -8.888445e+01 -7.448968e+01 -1.420505e+02
      vertex   -8.894300e+01 -7.382045e+01 -1.420505e+02
      vertex   -7.539956e+01 -6.055109e+01 -1.420505e+02
    endloop
  endfacet
  facet normal -6.826221e-14 7.181406e-14 -1.000000e+00
    outer loop
      vertex   -7.539956e+01 -6.055109e+01 -1.420505e+02
      vertex   -8.894300e+01 -7.382045e+01 -1.420505e+02
      vertex   -8.824206e+01 -7.196688e+01 -1.420505e+02
    endloop
  endfacet
  facet normal -2.149309e-15 -2.561446e-15 -1.000000e+00
    outer loop
      vertex   -7.539956e+01 -6.055109e+01 -1.420505e+02
      vertex   -8.824206e+01 -7.196688e+01 -1.420505e+02
      vertex   -7.731467e+01 -5.894413e+01 -1.420505e+02
    endloop
  endfacet
  facet normal 1.915455e-13 -2.643311e-14 -1.000000e+00
    outer loop
      vertex   -8.894300e+01 -7.382045e+01 -1.420505e+02
      vertex   -8.885116e+01 -7.315497e+01 -1.420505e+02
      vertex   -8.824206e+01 -7.196688e+01 -1.420505e+02
    endloop
  endfacet
  facet normal 5.335142e-13 -2.017502e-13 -1.000000e+00
    outer loop
      vertex   -8.824206e+01 -7.196688e+01 -1.420505e+02
      vertex   -8.885116e+01 -7.315497e+01 -1.420505e+02
      vertex   -8.861355e+01 -7.252661e+01 -1.420505e+02
    endloop
  endfacet
  facet normal 0.000000e+00 0.000000e+00 -1.000000e+00
    outer loop
      vertex   -7.218563e+01 -5.672087e+01 -1.420505e+02
      vertex   -7.410074e+01 -5.511390e+01 -1.420505e+02
      vertex   -4.015935e+01 -1.468756e+01 -1.420505e+02
    endloop
  endfacet
  facet normal -1.445414e-12 1.213549e-12 -1.000000e+00
    outer loop
      vertex   -4.015935e+01 -1.468756e+01 -1.420505e+02
      vertex   -7.410074e+01 -5.511390e+01 -1.420505e+02
      vertex   -4.017347e+01 -1.468096e+01 -1.420505e+02
    endloop
  endfacet
  facet normal -8.331971e-01 5.529761e-01 1.846754e-15
    outer loop
      vertex   -8.861355e+01 -7.252661e+01 -1.420505e+02
      vertex   -8.861355e+01 -7.252661e+01 -1.313838e+02
      vertex   -8.824206e+01 -7.196688e+01 -1.420505e+02
    endloop
  endfacet
  facet normal -8.331971e-01 5.529761e-01 -1.107786e-15
    outer loop
      vertex   -8.824206e+01 -7.196688e+01 -1.420505e+02
      vertex   -8.861355e+01 -7.252661e+01 -1.313838e+02
      vertex   -8.861355e+01 -7.252661e+01 -1.207172e+02
    endloop
  endfacet
  facet normal -8.331971e-01 5.529761e-01 1.211276e-16
    outer loop
      vertex   -8.824206e+01 -7.196688e+01 -1.420505e+02
      vertex   -8.861355e+01 -7.252661e+01 -1.207172e+02
      vertex   -8.824206e+01 -7.196688e+01 -1.100505e+02
    endloop
  endfacet
  facet normal -8.331971e-01 5.529761e-01 -1.847602e-15
    outer loop
      vertex   -8.824206e+01 -7.196688e+01 -1.100505e+02
      vertex   -8.861355e+01 -7.252661e+01 -1.207172e+02
      vertex   -8.861355e+01 -7.252661e+01 -1.100505e+02
    endloop
  endfacet
  facet normal -9.353559e-01 3.537081e-01 -1.717378e-15
    outer loop
      vertex   -8.861355e+01 -7.252661e+01 -1.100505e+02
      vertex   -8.861355e+01 -7.252661e+01 -1.207172e+02
      vertex   -8.885116e+01 -7.315497e+01 -1.100505e+02
    endloop
  endfacet
  facet normal -9.353559e-01 3.537081e-01 -2.492289e-15
    outer loop
      vertex   -8.885116e+01 -7.315497e+01 -1.100505e+02
      vertex   -8.861355e+01 -7.252661e+01 -1.207172e+02
      vertex   -8.885116e+01 -7.315497e+01 -1.207172e+02
    endloop
  endfacet
  facet normal -9.906120e-01 1.367036e-01 -2.639521e-15
    outer loop
      vertex   -8.885116e+01 -7.315497e+01 -1.100505e+02
      vertex   -8.885116e+01 -7.315497e+01 -1.207172e+02
      vertex   -8.894300e+01 -7.382045e+01 -1.100505e+02
    endloop
  endfacet
  facet normal -9.906120e-01 1.367036e-01 -2.639521e-15
    outer loop
      vertex   -8.894300e+01 -7.382045e+01 -1.100505e+02
      vertex   -8.885116e+01 -7.315497e+01 -1.207172e+02
      vertex   -8.894300e+01 -7.382045e+01 -1.207172e+02
    endloop
  endfacet
  facet normal -9.961947e-01 -8.715574e-02 -2.654396e-15
    outer loop
      vertex   -8.894300e+01 -7.382045e+01 -1.100505e+02
      vertex   -8.894300e+01 -7.382045e+01 -1.207172e+02
      vertex   -8.888445e+01 -7.448968e+01 -1.100505e+02
    endloop
  endfacet
  facet normal -9.961947e-01 -8.715574e-02 -2.770511e-15
    outer loop
      vertex   -8.888445e+01 -7.448968e+01 -1.100505e+02
      vertex   -8.894300e+01 -7.382045e+01 -1.207172e+02
      vertex   -8.888445e+01 -7.448968e+01 -1.207172e+02
    endloop
  endfacet
  facet normal -9.518240e-01 -3.066447e-01 -2.944702e-15
    outer loop
      vertex   -8.888445e+01 -7.448968e+01 -1.100505e+02
      vertex   -8.888445e+01 -7.448968e+01 -1.207172e+02
      vertex   -8.867845e+01 -7.512911e+01 -1.100505e+02
    endloop
  endfacet
  facet normal -9.518240e-01 -3.066447e-01 -3.353234e-15
    outer loop
      vertex   -8.867845e+01 -7.512911e+01 -1.100505e+02
      vertex   -8.888445e+01 -7.448968e+01 -1.207172e+02
      vertex   -8.867845e+01 -7.512911e+01 -1.207172e+02
    endloop
  endfacet
  facet normal -8.597249e-01 -5.107573e-01 -3.651698e-15
    outer loop
      vertex   -8.867845e+01 -7.512911e+01 -1.100505e+02
      vertex   -8.867845e+01 -7.512911e+01 -1.207172e+02
      vertex   -8.833533e+01 -7.570666e+01 -1.100505e+02
    endloop
  endfacet
  facet normal -8.597249e-01 -5.107573e-01 -4.797082e-15
    outer loop
      vertex   -8.833533e+01 -7.570666e+01 -1.100505e+02
      vertex   -8.867845e+01 -7.512911e+01 -1.207172e+02
      vertex   -8.833533e+01 -7.570666e+01 -1.207172e+02
    endloop
  endfacet
  facet normal -7.245157e-01 -6.892583e-01 -4.732299e-15
    outer loop
      vertex   -8.833533e+01 -7.570666e+01 -1.100505e+02
      vertex   -8.833533e+01 -7.570666e+01 -1.207172e+02
      vertex   -8.787229e+01 -7.619338e+01 -1.100505e+02
    endloop
  endfacet
  facet normal -7.245157e-01 -6.892583e-01 -9.644714e-16
    outer loop
      vertex   -8.787229e+01 -7.619338e+01 -1.100505e+02
      vertex   -8.833533e+01 -7.570666e+01 -1.207172e+02
      vertex   -8.833533e+01 -7.570666e+01 -1.313838e+02
    endloop
  endfacet
  facet normal -7.245157e-01 -6.892583e-01 -9.495914e-16
    outer loop
      vertex   -8.787229e+01 -7.619338e+01 -1.100505e+02
      vertex   -8.833533e+01 -7.570666e+01 -1.313838e+02
      vertex   -8.787229e+01 -7.619338e+01 -1.420505e+02
    endloop
  endfacet
  facet normal -7.245157e-01 -6.892583e-01 3.815278e-15
    outer loop
      vertex   -8.787229e+01 -7.619338e+01 -1.420505e+02
      vertex   -8.833533e+01 -7.570666e+01 -1.313838e+02
      vertex   -8.833533e+01 -7.570666e+01 -1.420505e+02
    endloop
  endfacet
  facet normal -8.597249e-01 -5.107573e-01 4.116617e-15
    outer loop
      vertex   -8.833533e+01 -7.570666e+01 -1.420505e+02
      vertex   -8.833533e+01 -7.570666e+01 -1.313838e+02
      vertex   -8.867845e+01 -7.512911e+01 -1.420505e+02
    endloop
  endfacet
  facet normal -8.597249e-01 -5.107573e-01 4.116617e-15
    outer loop
      vertex   -8.867845e+01 -7.512911e+01 -1.420505e+02
      vertex   -8.833533e+01 -7.570666e+01 -1.313838e+02
      vertex   -8.867845e+01 -7.512911e+01 -1.313838e+02
    endloop
  endfacet
  facet normal -9.518240e-01 -3.066447e-01 4.212786e-15
    outer loop
      vertex   -8.867845e+01 -7.512911e+01 -1.420505e+02
      vertex   -8.867845e+01 -7.512911e+01 -1.313838e+02
      vertex   -8.888445e+01 -7.448968e+01 -1.420505e+02
    endloop
  endfacet
  facet normal -9.518240e-01 -3.066447e-01 2.536169e-15
    outer loop
      vertex   -8.888445e+01 -7.448968e+01 -1.420505e+02
      vertex   -8.867845e+01 -7.512911e+01 -1.313838e+02
      vertex   -8.888445e+01 -7.448968e+01 -1.313838e+02
    endloop
  endfacet
  facet normal -9.961947e-01 -8.715574e-02 2.654396e-15
    outer loop
      vertex   -8.888445e+01 -7.448968e+01 -1.420505e+02
      vertex   -8.888445e+01 -7.448968e+01 -1.313838e+02
      vertex   -8.894300e+01 -7.382045e+01 -1.420505e+02
    endloop
  endfacet
  facet normal -9.961947e-01 -8.715574e-02 3.981594e-15
    outer loop
      vertex   -8.894300e+01 -7.382045e+01 -1.420505e+02
      vertex   -8.888445e+01 -7.448968e+01 -1.313838e+02
      vertex   -8.894300e+01 -7.382045e+01 -1.313838e+02
    endloop
  endfacet
  facet normal -9.906120e-01 1.367036e-01 3.959281e-15
    outer loop
      vertex   -8.894300e+01 -7.382045e+01 -1.420505e+02
      vertex   -8.894300e+01 -7.382045e+01 -1.313838e+02
      vertex   -8.885116e+01 -7.315497e+01 -1.420505e+02
    endloop
  endfacet
  facet normal -9.906120e-01 1.367036e-01 2.821646e-15
    outer loop
      vertex   -8.885116e+01 -7.315497e+01 -1.420505e+02
      vertex   -8.894300e+01 -7.382045e+01 -1.313838e+02
      vertex   -8.885116e+01 -7.315497e+01 -1.313838e+02
    endloop
  endfacet
  facet normal -9.353559e-01 3.537081e-01 2.963523e-15
    outer loop
      vertex   -8.885116e+01 -7.315497e+01 -1.420505e+02
      vertex   -8.885116e+01 -7.315497e+01 -1.313838e+02
      vertex   -8.861355e+01 -7.252661e+01 -1.420505e+02
    endloop
  endfacet
  facet normal -9.353559e-01 3.537081e-01 1.717378e-15
    outer loop
      vertex   -8.861355e+01 -7.252661e+01 -1.420505e+02
      vertex   -8.885116e+01 -7.315497e+01 -1.313838e+02
      vertex   -8.861355e+01 -7.252661e+01 -1.313838e+02
    endloop
  endfacet
  facet normal -9.353559e-01 3.537081e-01 -1.243355e-15
    outer loop
      vertex   -8.885116e+01 -7.315497e+01 -1.207172e+02
      vertex   -8.861355e+01 -7.252661e+01 -1.207172e+02
      vertex   -8.861355e+01 -7.252661e+01 -1.313838e+02
    endloop
  endfacet
  facet normal -9.353559e-01 3.537081e-01 -1.246144e-15
    outer loop
      vertex   -8.885116e+01 -7.315497e+01 -1.207172e+02
      vertex   -8.861355e+01 -7.252661e+01 -1.313838e+02
      vertex   -8.885116e+01 -7.315497e+01 -1.313838e+02
    endloop
  endfacet
  facet normal -9.906120e-01 1.367036e-01 -1.319854e-15
    outer loop
      vertex   -8.894300e+01 -7.382045e+01 -1.207172e+02
      vertex   -8.885116e+01 -7.315497e+01 -1.207172e+02
      vertex   -8.885116e+01 -7.315497e+01 -1.313838e+02
    endloop
  endfacet
  facet normal -9.906120e-01 1.367036e-01 -2.639521e-15
    outer loop
      vertex   -8.894300e+01 -7.382045e+01 -1.207172e+02
      vertex   -8.885116e+01 -7.315497e+01 -1.313838e+02
      vertex   -8.894300e+01 -7.382045e+01 -1.313838e+02
    endloop
  endfacet
  facet normal -9.961947e-01 -8.715574e-02 -2.654233e-15
    outer loop
      vertex   -8.888445e+01 -7.448968e+01 -1.207172e+02
      vertex   -8.894300e+01 -7.382045e+01 -1.207172e+02
      vertex   -8.894300e+01 -7.382045e+01 -1.313838e+02
    endloop
  endfacet
  facet normal -9.961947e-01 -8.715574e-02 -1.327198e-15
    outer loop
      vertex   -8.888445e+01 -7.448968e+01 -1.207172e+02
      vertex   -8.894300e+01 -7.382045e+01 -1.313838e+02
      vertex   -8.888445e+01 -7.448968e+01 -1.313838e+02
    endloop
  endfacet
  facet normal -9.518240e-01 -3.066447e-01 -1.270468e-15
    outer loop
      vertex   -8.867845e+01 -7.512911e+01 -1.207172e+02
      vertex   -8.888445e+01 -7.448968e+01 -1.207172e+02
      vertex   -8.888445e+01 -7.448968e+01 -1.313838e+02
    endloop
  endfacet
  facet normal -9.518240e-01 -3.066447e-01 -2.536169e-15
    outer loop
      vertex   -8.867845e+01 -7.512911e+01 -1.207172e+02
      vertex   -8.888445e+01 -7.448968e+01 -1.313838e+02
      vertex   -8.867845e+01 -7.512911e+01 -1.313838e+02
    endloop
  endfacet
  facet normal -8.597249e-01 -5.107573e-01 -2.289167e-15
    outer loop
      vertex   -8.833533e+01 -7.570666e+01 -1.207172e+02
      vertex   -8.867845e+01 -7.512911e+01 -1.207172e+02
      vertex   -8.867845e+01 -7.512911e+01 -1.313838e+02
    endloop
  endfacet
  facet normal -8.597249e-01 -5.107573e-01 -1.145384e-15
    outer loop
      vertex   -8.833533e+01 -7.570666e+01 -1.207172e+02
      vertex   -8.867845e+01 -7.512911e+01 -1.313838e+02
      vertex   -8.833533e+01 -7.570666e+01 -1.313838e+02
    endloop
  endfacet
  facet normal -7.660444e-01 6.427876e-01 2.307180e-16
    outer loop
      vertex   -8.824206e+01 -7.196688e+01 -1.100505e+02
      vertex   -8.534952e+01 -6.851968e+01 -1.377884e+02
      vertex   -8.824206e+01 -7.196688e+01 -1.420505e+02
    endloop
  endfacet
  facet normal -7.660444e-01 6.427876e-01 2.358374e-15
    outer loop
      vertex   -8.824206e+01 -7.196688e+01 -1.420505e+02
      vertex   -8.534952e+01 -6.851968e+01 -1.377884e+02
      vertex   -5.899523e+01 -3.711186e+01 -1.377884e+02
    endloop
  endfacet
  facet normal -7.660444e-01 6.427876e-01 -1.430231e-15
    outer loop
      vertex   -8.824206e+01 -7.196688e+01 -1.420505e+02
      vertex   -5.899523e+01 -3.711186e+01 -1.377884e+02
      vertex   -4.028799e+01 -1.481744e+01 -1.420503e+02
    endloop
  endfacet
  facet normal -7.660444e-01 6.427876e-01 2.007891e-15
    outer loop
      vertex   -4.028799e+01 -1.481744e+01 -1.420503e+02
      vertex   -5.899523e+01 -3.711186e+01 -1.377884e+02
      vertex   -5.417432e+01 -3.136652e+01 -1.330503e+02
    endloop
  endfacet
  facet normal -7.660444e-01 6.427876e-01 1.433751e-15
    outer loop
      vertex   -4.028799e+01 -1.481744e+01 -1.420503e+02
      vertex   -5.417432e+01 -3.136652e+01 -1.330503e+02
      vertex   -4.028799e+01 -1.481744e+01 -1.330503e+02
    endloop
  endfacet
  facet normal -7.660444e-01 6.427876e-01 1.508515e-15
    outer loop
      vertex   -8.824206e+01 -7.196688e+01 -1.100505e+02
      vertex   -8.534952e+01 -6.851968e+01 -1.100505e+02
      vertex   -8.534952e+01 -6.851968e+01 -1.377884e+02
    endloop
  endfacet
  facet normal -7.660444e-01 6.427876e-01 4.939751e-16
    outer loop
      vertex   -5.899523e+01 -3.711186e+01 -1.377884e+02
      vertex   -5.899523e+01 -3.711186e+01 -1.100505e+02
      vertex   -5.417432e+01 -3.136652e+01 -1.330503e+02
    endloop
  endfacet
  facet normal -7.660444e-01 6.427876e-01 0.000000e+00
    outer loop
      vertex   -5.417432e+01 -3.136652e+01 -1.330503e+02
      vertex   -5.899523e+01 -3.711186e+01 -1.100505e+02
      vertex   -5.417432e+01 -3.136652e+01 -1.100505e+02
    endloop
  endfacet
  facet normal -7.660444e-01 6.427876e-01 5.129750e-06
    outer loop
      vertex   -4.028799e+01 -1.481744e+01 -1.420503e+02
      vertex   -4.028774e+01 -1.481715e+01 -1.420503e+02
      vertex   -8.824206e+01 -7.196688e+01 -1.420505e+02
    endloop
  endfacet
  facet normal -7.660444e-01 6.427876e-01 -2.935903e-10
    outer loop
      vertex   -8.824206e+01 -7.196688e+01 -1.420505e+02
      vertex   -4.028774e+01 -1.481715e+01 -1.420503e+02
      vertex   -7.731467e+01 -5.894413e+01 -1.420505e+02
    endloop
  endfacet
  facet normal -7.660444e-01 6.427876e-01 4.764169e-10
    outer loop
      vertex   -7.731467e+01 -5.894413e+01 -1.420505e+02
      vertex   -4.028774e+01 -1.481715e+01 -1.420503e+02
      vertex   -7.410074e+01 -5.511390e+01 -1.420505e+02
    endloop
  endfacet
  facet normal -7.660444e-01 6.427876e-01 0.000000e+00
    outer loop
      vertex   -7.731467e+01 -5.894413e+01 -1.420505e+02
      vertex   -7.410074e+01 -5.511390e+01 -1.420505e+02
      vertex   -7.731467e+01 -5.894413e+01 -1.490505e+02
    endloop
  endfacet
  facet normal -7.660444e-01 6.427876e-01 0.000000e+00
    outer loop
      vertex   -7.731467e+01 -5.894413e+01 -1.490505e+02
      vertex   -7.410074e+01 -5.511390e+01 -1.420505e+02
      vertex   -7.410074e+01 -5.511390e+01 -1.490505e+02
    endloop
  endfacet
  facet normal -7.660444e-01 6.427876e-01 -9.114134e-12
    outer loop
      vertex   -4.017347e+01 -1.468096e+01 -1.420503e+02
      vertex   -4.017347e+01 -1.468096e+01 -1.420505e+02
      vertex   -4.028774e+01 -1.481715e+01 -1.420503e+02
    endloop
  endfacet
  facet normal -7.660444e-01 6.427876e-01 -2.316998e-11
    outer loop
      vertex   -4.028774e+01 -1.481715e+01 -1.420503e+02
      vertex   -4.017347e+01 -1.468096e+01 -1.420505e+02
      vertex   -7.410074e+01 -5.511390e+01 -1.420505e+02
    endloop
  endfacet
  facet normal 0.000000e+00 -0.000000e+00 1.000000e+00
    outer loop
      vertex   -6.467494e+01 -6.955012e+01 -1.470505e+02
      vertex   -6.146100e+01 -6.571990e+01 -1.470505e+02
      vertex   -7.539956e+01 -6.055109e+01 -1.470505e+02
    endloop
  endfacet
  facet normal -0.000000e+00 0.000000e+00 1.000000e+00
    outer loop
      vertex   -7.539956e+01 -6.055109e+01 -1.470505e+02
      vertex   -6.146100e+01 -6.571990e+01 -1.470505e+02
      vertex   -7.218563e+01 -5.672087e+01 -1.470505e+02
    endloop
  endfacet
  facet normal 7.660444e-01 -6.427876e-01 1.360768e-15
    outer loop
      vertex   -7.368722e+01 -8.417985e+01 -1.100505e+02
      vertex   -7.368722e+01 -8.417985e+01 -1.260505e+02
      vertex   -7.079467e+01 -8.073265e+01 -1.100505e+02
    endloop
  endfacet
  facet normal 7.660444e-01 -6.427876e-01 2.747251e-15
    outer loop
      vertex   -7.079467e+01 -8.073265e+01 -1.100505e+02
      vertex   -7.368722e+01 -8.417985e+01 -1.260505e+02
      vertex   -7.079467e+01 -8.073265e+01 -1.377884e+02
    endloop
  endfacet
  facet normal 7.660444e-01 -6.427876e-01 1.356939e-15
    outer loop
      vertex   -7.079467e+01 -8.073265e+01 -1.377884e+02
      vertex   -7.368722e+01 -8.417985e+01 -1.260505e+02
      vertex   -7.368722e+01 -8.417985e+01 -1.420505e+02
    endloop
  endfacet
  facet normal 7.660444e-01 -6.427876e-01 -1.225828e-15
    outer loop
      vertex   -7.079467e+01 -8.073265e+01 -1.377884e+02
      vertex   -7.368722e+01 -8.417985e+01 -1.420505e+02
      vertex   -6.275983e+01 -7.115709e+01 -1.420505e+02
    endloop
  endfacet
  facet normal 7.660444e-01 -6.427876e-01 -4.044601e-08
    outer loop
      vertex   -6.275983e+01 -7.115709e+01 -1.490505e+02
      vertex   -5.954589e+01 -6.732687e+01 -1.490505e+02
      vertex   -6.275983e+01 -7.115709e+01 -1.420505e+02
    endloop
  endfacet
  facet normal 7.660444e-01 -6.427876e-01 -4.044601e-08
    outer loop
      vertex   -6.275983e+01 -7.115709e+01 -1.420505e+02
      vertex   -5.954589e+01 -6.732687e+01 -1.490505e+02
      vertex   -5.954589e+01 -6.732687e+01 -1.420505e+02
    endloop
  endfacet
  facet normal 7.660444e-01 -6.427876e-01 -7.335358e-15
    outer loop
      vertex   -6.275983e+01 -7.115709e+01 -1.420505e+02
      vertex   -5.954589e+01 -6.732687e+01 -1.420505e+02
      vertex   -7.079467e+01 -8.073265e+01 -1.377884e+02
    endloop
  endfacet
  facet normal 7.660444e-01 -6.427876e-01 -8.132325e-15
    outer loop
      vertex   -7.079467e+01 -8.073265e+01 -1.377884e+02
      vertex   -5.954589e+01 -6.732687e+01 -1.420505e+02
      vertex   -4.444038e+01 -4.932482e+01 -1.377884e+02
    endloop
  endfacet
  facet normal 7.660444e-01 -6.427876e-01 -1.024460e-14
    outer loop
      vertex   -4.444038e+01 -4.932482e+01 -1.377884e+02
      vertex   -5.954589e+01 -6.732687e+01 -1.420505e+02
      vertex   -4.071748e+01 -4.488805e+01 -1.420505e+02
    endloop
  endfacet
  facet normal 7.660444e-01 -6.427876e-01 0.000000e+00
    outer loop
      vertex   -4.444038e+01 -4.932482e+01 -1.377884e+02
      vertex   -4.071748e+01 -4.488805e+01 -1.420505e+02
      vertex   -4.071748e+01 -4.488805e+01 -1.420503e+02
    endloop
  endfacet
  facet normal 7.660444e-01 -6.427876e-01 -2.905695e-15
    outer loop
      vertex   -4.071748e+01 -4.488805e+01 -1.420503e+02
      vertex   -4.071748e+01 -4.488805e+01 -1.330503e+02
      vertex   -4.444038e+01 -4.932482e+01 -1.377884e+02
    endloop
  endfacet
  facet normal 7.660444e-01 -6.427876e-01 3.505166e-16
    outer loop
      vertex   -4.444038e+01 -4.932482e+01 -1.377884e+02
      vertex   -4.071748e+01 -4.488805e+01 -1.330503e+02
      vertex   -4.071748e+01 -4.488805e+01 -1.190503e+02
    endloop
  endfacet
  facet normal 7.660444e-01 -6.427876e-01 9.495872e-16
    outer loop
      vertex   -4.444038e+01 -4.932482e+01 -1.377884e+02
      vertex   -4.071748e+01 -4.488805e+01 -1.190503e+02
      vertex   -4.444038e+01 -4.932482e+01 -1.100505e+02
    endloop
  endfacet
  facet normal 7.660444e-01 -6.427876e-01 -5.452633e-16
    outer loop
      vertex   -4.444038e+01 -4.932482e+01 -1.100505e+02
      vertex   -4.071748e+01 -4.488805e+01 -1.190503e+02
      vertex   -4.071748e+01 -4.488805e+01 -1.100505e+02
    endloop
  endfacet
  facet normal 7.660444e-01 -6.427876e-01 3.887909e-16
    outer loop
      vertex   -4.071748e+01 -4.488805e+01 -1.330503e+02
      vertex   -3.961947e+01 -4.357949e+01 -1.330503e+02
      vertex   -4.071748e+01 -4.488805e+01 -1.190503e+02
    endloop
  endfacet
  facet normal 7.660444e-01 -6.427876e-01 7.799247e-16
    outer loop
      vertex   -4.071748e+01 -4.488805e+01 -1.190503e+02
      vertex   -3.961947e+01 -4.357949e+01 -1.330503e+02
      vertex   -3.961947e+01 -4.357949e+01 -1.190503e+02
    endloop
  endfacet
  facet normal 0.000000e+00 0.000000e+00 -1.000000e+00
    outer loop
      vertex   -7.731467e+01 -5.894413e+01 -1.490505e+02
      vertex   -7.410074e+01 -5.511390e+01 -1.490505e+02
      vertex   -6.275983e+01 -7.115709e+01 -1.490505e+02
    endloop
  endfacet
  facet normal 0.000000e+00 0.000000e+00 -1.000000e+00
    outer loop
      vertex   -6.275983e+01 -7.115709e+01 -1.490505e+02
      vertex   -7.410074e+01 -5.511390e+01 -1.490505e+02
      vertex   -5.954589e+01 -6.732687e+01 -1.490505e+02
    endloop
  endfacet
  facet normal -7.660444e-01 6.427876e-01 3.503170e-16
    outer loop
      vertex   -6.146100e+01 -6.571990e+01 -1.470505e+02
      vertex   -6.467494e+01 -6.955012e+01 -1.470505e+02
      vertex   -6.146100e+01 -6.571990e+01 -1.420505e+02
    endloop
  endfacet
  facet normal -7.660444e-01 6.427876e-01 0.000000e+00
    outer loop
      vertex   -6.146100e+01 -6.571990e+01 -1.420505e+02
      vertex   -6.467494e+01 -6.955012e+01 -1.470505e+02
      vertex   -6.467494e+01 -6.955012e+01 -1.420505e+02
    endloop
  endfacet
  facet normal 6.427876e-01 7.660444e-01 -2.915527e-15
    outer loop
      vertex   -7.218563e+01 -5.672087e+01 -1.420505e+02
      vertex   -7.218563e+01 -5.672087e+01 -1.470505e+02
      vertex   -7.410074e+01 -5.511390e+01 -1.420505e+02
    endloop
  endfacet
  facet normal 6.427876e-01 7.660444e-01 0.000000e+00
    outer loop
      vertex   -7.410074e+01 -5.511390e+01 -1.420505e+02
      vertex   -7.218563e+01 -5.672087e+01 -1.470505e+02
      vertex   -7.410074e+01 -5.511390e+01 -1.490505e+02
    endloop
  endfacet
  facet normal 6.427876e-01 7.660444e-01 1.093862e-14
    outer loop
      vertex   -7.410074e+01 -5.511390e+01 -1.490505e+02
      vertex   -7.218563e+01 -5.672087e+01 -1.470505e+02
      vertex   -5.954589e+01 -6.732687e+01 -1.490505e+02
    endloop
  endfacet
  facet normal 6.427876e-01 7.660444e-01 -1.078502e-14
    outer loop
      vertex   -5.954589e+01 -6.732687e+01 -1.490505e+02
      vertex   -7.218563e+01 -5.672087e+01 -1.470505e+02
      vertex   -6.146100e+01 -6.571990e+01 -1.470505e+02
    endloop
  endfacet
  facet normal 6.427876e-01 7.660444e-01 -3.413318e-15
    outer loop
      vertex   -5.954589e+01 -6.732687e+01 -1.490505e+02
      vertex   -6.146100e+01 -6.571990e+01 -1.470505e+02
      vertex   -5.954589e+01 -6.732687e+01 -1.420505e+02
    endloop
  endfacet
  facet normal 6.427876e-01 7.660444e-01 -4.014566e-15
    outer loop
      vertex   -5.954589e+01 -6.732687e+01 -1.420505e+02
      vertex   -6.146100e+01 -6.571990e+01 -1.470505e+02
      vertex   -6.146100e+01 -6.571990e+01 -1.420505e+02
    endloop
  endfacet
  facet normal 7.660444e-01 -6.427876e-01 3.653825e-15
    outer loop
      vertex   -7.539956e+01 -6.055109e+01 -1.470505e+02
      vertex   -7.218563e+01 -5.672087e+01 -1.470505e+02
      vertex   -7.539956e+01 -6.055109e+01 -1.420505e+02
    endloop
  endfacet
  facet normal 7.660444e-01 -6.427876e-01 -1.278977e-15
    outer loop
      vertex   -7.539956e+01 -6.055109e+01 -1.420505e+02
      vertex   -7.218563e+01 -5.672087e+01 -1.470505e+02
      vertex   -7.218563e+01 -5.672087e+01 -1.420505e+02
    endloop
  endfacet
  facet normal -6.427876e-01 -7.660444e-01 4.354459e-15
    outer loop
      vertex   -7.539956e+01 -6.055109e+01 -1.420505e+02
      vertex   -7.731467e+01 -5.894413e+01 -1.420505e+02
      vertex   -7.539956e+01 -6.055109e+01 -1.470505e+02
    endloop
  endfacet
  facet normal -6.427876e-01 -7.660444e-01 0.000000e+00
    outer loop
      vertex   -7.539956e+01 -6.055109e+01 -1.470505e+02
      vertex   -7.731467e+01 -5.894413e+01 -1.420505e+02
      vertex   -7.731467e+01 -5.894413e+01 -1.490505e+02
    endloop
  endfacet
  facet normal -6.427876e-01 -7.660444e-01 -1.355641e-14
    outer loop
      vertex   -7.539956e+01 -6.055109e+01 -1.470505e+02
      vertex   -7.731467e+01 -5.894413e+01 -1.490505e+02
      vertex   -6.275983e+01 -7.115709e+01 -1.490505e+02
    endloop
  endfacet
  facet normal -6.427876e-01 -7.660444e-01 1.928616e-14
    outer loop
      vertex   -7.539956e+01 -6.055109e+01 -1.470505e+02
      vertex   -6.275983e+01 -7.115709e+01 -1.490505e+02
      vertex   -6.467494e+01 -6.955012e+01 -1.470505e+02
    endloop
  endfacet
  facet normal -6.427876e-01 -7.660444e-01 5.354447e-15
    outer loop
      vertex   -6.467494e+01 -6.955012e+01 -1.470505e+02
      vertex   -6.275983e+01 -7.115709e+01 -1.490505e+02
      vertex   -6.275983e+01 -7.115709e+01 -1.420505e+02
    endloop
  endfacet
  facet normal -6.427876e-01 -7.660444e-01 0.000000e+00
    outer loop
      vertex   -6.467494e+01 -6.955012e+01 -1.470505e+02
      vertex   -6.275983e+01 -7.115709e+01 -1.420505e+02
      vertex   -6.467494e+01 -6.955012e+01 -1.420505e+02
    endloop
  endfacet
  facet normal -0.000000e+00 0.000000e+00 1.000000e+00
    outer loop
      vertex   -8.296293e+01 -7.267621e+01 -1.331005e+02
      vertex   -8.263176e+01 -7.302810e+01 -1.331005e+02
      vertex   -8.190232e+01 -7.141223e+01 -1.331005e+02
    endloop
  endfacet
  facet normal 0.000000e+00 0.000000e+00 1.000000e+00
    outer loop
      vertex   -8.190232e+01 -7.141223e+01 -1.331005e+02
      vertex   -8.263176e+01 -7.302810e+01 -1.331005e+02
      vertex   -8.239465e+01 -7.344914e+01 -1.331005e+02
    endloop
  endfacet
  facet normal 0.000000e+00 0.000000e+00 1.000000e+00
    outer loop
      vertex   -8.190232e+01 -7.141223e+01 -1.331005e+02
      vertex   -8.239465e+01 -7.344914e+01 -1.331005e+02
      vertex   -8.226545e+01 -7.391477e+01 -1.331005e+02
    endloop
  endfacet
  facet normal -0.000000e+00 -0.000000e+00 1.000000e+00
    outer loop
      vertex   -8.225169e+01 -7.439779e+01 -1.331005e+02
      vertex   -7.712142e+01 -7.870260e+01 -1.331005e+02
      vertex   -8.226545e+01 -7.391477e+01 -1.331005e+02
    endloop
  endfacet
  facet normal 0.000000e+00 0.000000e+00 1.000000e+00
    outer loop
      vertex   -8.226545e+01 -7.391477e+01 -1.331005e+02
      vertex   -7.712142e+01 -7.870260e+01 -1.331005e+02
      vertex   -7.664334e+01 -7.863227e+01 -1.331005e+02
    endloop
  endfacet
  facet normal 0.000000e+00 0.000000e+00 1.000000e+00
    outer loop
      vertex   -8.226545e+01 -7.391477e+01 -1.331005e+02
      vertex   -7.664334e+01 -7.863227e+01 -1.331005e+02
      vertex   -7.424188e+01 -7.784010e+01 -1.331005e+02
    endloop
  endfacet
  facet normal 0.000000e+00 0.000000e+00 1.000000e+00
    outer loop
      vertex   -7.424188e+01 -7.784010e+01 -1.331005e+02
      vertex   -7.664334e+01 -7.863227e+01 -1.331005e+02
      vertex   -7.616236e+01 -7.867866e+01 -1.331005e+02
    endloop
  endfacet
  facet normal 0.000000e+00 0.000000e+00 1.000000e+00
    outer loop
      vertex   -7.424188e+01 -7.784010e+01 -1.331005e+02
      vertex   -7.616236e+01 -7.867866e+01 -1.331005e+02
      vertex   -7.570653e+01 -7.883905e+01 -1.331005e+02
    endloop
  endfacet
  facet normal 0.000000e+00 0.000000e+00 1.000000e+00
    outer loop
      vertex   -7.712142e+01 -7.870260e+01 -1.331005e+02
      vertex   -8.225169e+01 -7.439779e+01 -1.331005e+02
      vertex   -7.756867e+01 -7.888554e+01 -1.331005e+02
    endloop
  endfacet
  facet normal 0.000000e+00 0.000000e+00 1.000000e+00
    outer loop
      vertex   -7.756867e+01 -7.888554e+01 -1.331005e+02
      vertex   -8.225169e+01 -7.439779e+01 -1.331005e+02
      vertex   -8.235418e+01 -7.487002e+01 -1.331005e+02
    endloop
  endfacet
  facet normal 0.000000e+00 0.000000e+00 1.000000e+00
    outer loop
      vertex   -7.756867e+01 -7.888554e+01 -1.331005e+02
      vertex   -8.235418e+01 -7.487002e+01 -1.331005e+02
      vertex   -7.795899e+01 -7.917041e+01 -1.331005e+02
    endloop
  endfacet
  facet normal 0.000000e+00 0.000000e+00 1.000000e+00
    outer loop
      vertex   -7.795899e+01 -7.917041e+01 -1.331005e+02
      vertex   -8.235418e+01 -7.487002e+01 -1.331005e+02
      vertex   -8.256694e+01 -7.530388e+01 -1.331005e+02
    endloop
  endfacet
  facet normal 0.000000e+00 0.000000e+00 1.000000e+00
    outer loop
      vertex   -7.795899e+01 -7.917041e+01 -1.331005e+02
      vertex   -8.256694e+01 -7.530388e+01 -1.331005e+02
      vertex   -7.826960e+01 -7.954057e+01 -1.331005e+02
    endloop
  endfacet
  facet normal 0.000000e+00 0.000000e+00 1.000000e+00
    outer loop
      vertex   -7.826960e+01 -7.954057e+01 -1.331005e+02
      vertex   -8.256694e+01 -7.530388e+01 -1.331005e+02
      vertex   -8.287755e+01 -7.567404e+01 -1.331005e+02
    endloop
  endfacet
  facet normal 0.000000e+00 0.000000e+00 1.000000e+00
    outer loop
      vertex   -7.826960e+01 -7.954057e+01 -1.331005e+02
      vertex   -8.287755e+01 -7.567404e+01 -1.331005e+02
      vertex   -7.848236e+01 -7.997443e+01 -1.331005e+02
    endloop
  endfacet
  facet normal 0.000000e+00 0.000000e+00 1.000000e+00
    outer loop
      vertex   -7.848236e+01 -7.997443e+01 -1.331005e+02
      vertex   -8.287755e+01 -7.567404e+01 -1.331005e+02
      vertex   -8.326787e+01 -7.595891e+01 -1.331005e+02
    endloop
  endfacet
  facet normal 0.000000e+00 0.000000e+00 1.000000e+00
    outer loop
      vertex   -7.848236e+01 -7.997443e+01 -1.331005e+02
      vertex   -8.326787e+01 -7.595891e+01 -1.331005e+02
      vertex   -7.858485e+01 -8.044666e+01 -1.331005e+02
    endloop
  endfacet
  facet normal 0.000000e+00 0.000000e+00 1.000000e+00
    outer loop
      vertex   -7.858485e+01 -8.044666e+01 -1.331005e+02
      vertex   -8.326787e+01 -7.595891e+01 -1.331005e+02
      vertex   -8.371513e+01 -7.614185e+01 -1.331005e+02
    endloop
  endfacet
  facet normal 0.000000e+00 0.000000e+00 1.000000e+00
    outer loop
      vertex   -7.858485e+01 -8.044666e+01 -1.331005e+02
      vertex   -8.371513e+01 -7.614185e+01 -1.331005e+02
      vertex   -7.857110e+01 -8.092968e+01 -1.331005e+02
    endloop
  endfacet
  facet normal 0.000000e+00 0.000000e+00 1.000000e+00
    outer loop
      vertex   -7.857110e+01 -8.092968e+01 -1.331005e+02
      vertex   -8.371513e+01 -7.614185e+01 -1.331005e+02
      vertex   -8.419320e+01 -7.621218e+01 -1.331005e+02
    endloop
  endfacet
  facet normal 0.000000e+00 0.000000e+00 1.000000e+00
    outer loop
      vertex   -7.857110e+01 -8.092968e+01 -1.331005e+02
      vertex   -8.419320e+01 -7.621218e+01 -1.331005e+02
      vertex   -7.906278e+01 -8.358543e+01 -1.331005e+02
    endloop
  endfacet
  facet normal 0.000000e+00 0.000000e+00 1.000000e+00
    outer loop
      vertex   -7.906278e+01 -8.358543e+01 -1.331005e+02
      vertex   -8.419320e+01 -7.621218e+01 -1.331005e+02
      vertex   -8.672323e+01 -7.715756e+01 -1.331005e+02
    endloop
  endfacet
  facet normal 0.000000e+00 0.000000e+00 1.000000e+00
    outer loop
      vertex   -8.672323e+01 -7.715756e+01 -1.331005e+02
      vertex   -8.419320e+01 -7.621218e+01 -1.331005e+02
      vertex   -8.467419e+01 -7.616579e+01 -1.331005e+02
    endloop
  endfacet
  facet normal 0.000000e+00 0.000000e+00 1.000000e+00
    outer loop
      vertex   -8.672323e+01 -7.715756e+01 -1.331005e+02
      vertex   -8.467419e+01 -7.616579e+01 -1.331005e+02
      vertex   -8.513001e+01 -7.600540e+01 -1.331005e+02
    endloop
  endfacet
  facet normal 0.000000e+00 0.000000e+00 1.000000e+00
    outer loop
      vertex   -8.513001e+01 -7.600540e+01 -1.331005e+02
      vertex   -8.553406e+01 -7.574037e+01 -1.331005e+02
      vertex   -8.672323e+01 -7.715756e+01 -1.331005e+02
    endloop
  endfacet
  facet normal 0.000000e+00 0.000000e+00 1.000000e+00
    outer loop
      vertex   -7.787362e+01 -8.216824e+01 -1.331005e+02
      vertex   -7.820479e+01 -8.181635e+01 -1.331005e+02
      vertex   -7.906278e+01 -8.358543e+01 -1.331005e+02
    endloop
  endfacet
  facet normal 0.000000e+00 0.000000e+00 1.000000e+00
    outer loop
      vertex   -7.906278e+01 -8.358543e+01 -1.331005e+02
      vertex   -7.820479e+01 -8.181635e+01 -1.331005e+02
      vertex   -7.844189e+01 -8.139531e+01 -1.331005e+02
    endloop
  endfacet
  facet normal 0.000000e+00 0.000000e+00 1.000000e+00
    outer loop
      vertex   -7.906278e+01 -8.358543e+01 -1.331005e+02
      vertex   -7.844189e+01 -8.139531e+01 -1.331005e+02
      vertex   -7.857110e+01 -8.092968e+01 -1.331005e+02
    endloop
  endfacet
  facet normal -0.000000e+00 0.000000e+00 1.000000e+00
    outer loop
      vertex   -7.570653e+01 -7.883905e+01 -1.331005e+02
      vertex   -7.530248e+01 -7.910408e+01 -1.331005e+02
      vertex   -7.424188e+01 -7.784010e+01 -1.331005e+02
    endloop
  endfacet
  facet normal 0.000000e+00 0.000000e+00 1.000000e+00
    outer loop
      vertex   -7.424188e+01 -7.784010e+01 -1.331005e+02
      vertex   -8.190232e+01 -7.141223e+01 -1.331005e+02
      vertex   -8.226545e+01 -7.391477e+01 -1.331005e+02
    endloop
  endfacet
  facet normal -7.372773e-01 -6.755902e-01 2.102677e-04
    outer loop
      vertex   -7.495512e+01 -7.948450e+01 -1.374005e+02
      vertex   -7.530248e+01 -7.910408e+01 -1.331005e+02
      vertex   -7.530785e+01 -7.909956e+01 -1.374005e+02
    endloop
  endfacet
  facet normal -5.484768e-01 -8.361658e-01 -1.943920e-04
    outer loop
      vertex   -7.530785e+01 -7.909956e+01 -1.374005e+02
      vertex   -7.530248e+01 -7.910408e+01 -1.331005e+02
      vertex   -7.570653e+01 -7.883905e+01 -1.331005e+02
    endloop
  endfacet
  facet normal -5.372992e-01 -8.433908e-01 1.279678e-03
    outer loop
      vertex   -7.530785e+01 -7.909956e+01 -1.374005e+02
      vertex   -7.570653e+01 -7.883905e+01 -1.331005e+02
      vertex   -7.574819e+01 -7.881903e+01 -1.374005e+02
    endloop
  endfacet
  facet normal -3.319219e-01 -9.433062e-01 -1.175046e-03
    outer loop
      vertex   -7.574819e+01 -7.881903e+01 -1.374005e+02
      vertex   -7.570653e+01 -7.883905e+01 -1.331005e+02
      vertex   -7.616236e+01 -7.867866e+01 -1.331005e+02
    endloop
  endfacet
  facet normal -3.007051e-01 -9.537147e-01 2.171478e-03
    outer loop
      vertex   -7.574819e+01 -7.881903e+01 -1.374005e+02
      vertex   -7.616236e+01 -7.867866e+01 -1.331005e+02
      vertex   -7.624613e+01 -7.866203e+01 -1.374005e+02
    endloop
  endfacet
  facet normal -9.599123e-02 -9.953802e-01 -1.977911e-03
    outer loop
      vertex   -7.624613e+01 -7.866203e+01 -1.374005e+02
      vertex   -7.616236e+01 -7.867866e+01 -1.331005e+02
      vertex   -7.664334e+01 -7.863227e+01 -1.331005e+02
    endloop
  endfacet
  facet normal -4.361921e-02 -9.990441e-01 2.885325e-03
    outer loop
      vertex   -7.624613e+01 -7.866203e+01 -1.374005e+02
      vertex   -7.664334e+01 -7.863227e+01 -1.331005e+02
      vertex   -7.676774e+01 -7.863926e+01 -1.374005e+02
    endloop
  endfacet
  facet normal 1.455423e-01 -9.893486e-01 -2.602679e-03
    outer loop
      vertex   -7.676774e+01 -7.863926e+01 -1.374005e+02
      vertex   -7.664334e+01 -7.863227e+01 -1.331005e+02
      vertex   -7.712142e+01 -7.870260e+01 -1.331005e+02
    endloop
  endfacet
  facet normal 2.164383e-01 -9.762903e-01 3.420948e-03
    outer loop
      vertex   -7.676774e+01 -7.863926e+01 -1.374005e+02
      vertex   -7.712142e+01 -7.870260e+01 -1.331005e+02
      vertex   -7.727747e+01 -7.875226e+01 -1.374005e+02
    endloop
  endfacet
  facet normal 3.785791e-01 -9.255639e-01 -3.049111e-03
    outer loop
      vertex   -7.727747e+01 -7.875226e+01 -1.374005e+02
      vertex   -7.712142e+01 -7.870260e+01 -1.331005e+02
      vertex   -7.756867e+01 -7.888554e+01 -1.331005e+02
    endloop
  endfacet
  facet normal 4.617453e-01 -8.870045e-01 3.778143e-03
    outer loop
      vertex   -7.727747e+01 -7.875226e+01 -1.374005e+02
      vertex   -7.756867e+01 -7.888554e+01 -1.331005e+02
      vertex   -7.774058e+01 -7.899335e+01 -1.374005e+02
    endloop
  endfacet
  facet normal 5.895161e-01 -8.077498e-01 -3.317038e-03
    outer loop
      vertex   -7.774058e+01 -7.899335e+01 -1.374005e+02
      vertex   -7.756867e+01 -7.888554e+01 -1.331005e+02
      vertex   -7.795899e+01 -7.917041e+01 -1.331005e+02
    endloop
  endfacet
  facet normal 6.755849e-01 -7.372716e-01 3.956774e-03
    outer loop
      vertex   -7.774058e+01 -7.899335e+01 -1.374005e+02
      vertex   -7.795899e+01 -7.917041e+01 -1.331005e+02
      vertex   -7.812552e+01 -7.934607e+01 -1.374005e+02
    endloop
  endfacet
  facet normal 7.660400e-01 -6.427839e-01 -3.406359e-03
    outer loop
      vertex   -7.812552e+01 -7.934607e+01 -1.374005e+02
      vertex   -7.795899e+01 -7.917041e+01 -1.331005e+02
      vertex   -7.826960e+01 -7.954057e+01 -1.331005e+02
    endloop
  endfacet
  facet normal 8.433848e-01 -5.372954e-01 3.956774e-03
    outer loop
      vertex   -7.812552e+01 -7.934607e+01 -1.374005e+02
      vertex   -7.826960e+01 -7.954057e+01 -1.331005e+02
      vertex   -7.840604e+01 -7.978641e+01 -1.374005e+02
    endloop
  endfacet
  facet normal 8.978467e-01 -4.402957e-01 -3.317038e-03
    outer loop
      vertex   -7.840604e+01 -7.978641e+01 -1.374005e+02
      vertex   -7.826960e+01 -7.954057e+01 -1.331005e+02
      vertex   -7.848236e+01 -7.997443e+01 -1.331005e+02
    endloop
  endfacet
  facet normal 9.537101e-01 -3.007037e-01 3.778143e-03
    outer loop
      vertex   -7.840604e+01 -7.978641e+01 -1.374005e+02
      vertex   -7.848236e+01 -7.997443e+01 -1.331005e+02
      vertex   -7.856304e+01 -8.028435e+01 -1.374005e+02
    endloop
  endfacet
  facet normal 9.772421e-01 -2.121052e-01 -3.049111e-03
    outer loop
      vertex   -7.856304e+01 -8.028435e+01 -1.374005e+02
      vertex   -7.848236e+01 -7.997443e+01 -1.331005e+02
      vertex   -7.858485e+01 -8.044666e+01 -1.331005e+02
    endloop
  endfacet
  facet normal 9.990424e-01 -4.361913e-02 3.420948e-03
    outer loop
      vertex   -7.856304e+01 -8.028435e+01 -1.374005e+02
      vertex   -7.858485e+01 -8.044666e+01 -1.331005e+02
      vertex   -7.858582e+01 -8.080596e+01 -1.374005e+02
    endloop
  endfacet
  facet normal 9.995913e-01 2.846741e-02 -2.602679e-03
    outer loop
      vertex   -7.858582e+01 -8.080596e+01 -1.374005e+02
      vertex   -7.858485e+01 -8.044666e+01 -1.331005e+02
      vertex   -7.857110e+01 -8.092968e+01 -1.331005e+02
    endloop
  endfacet
  facet normal 9.762919e-01 2.164387e-01 2.885325e-03
    outer loop
      vertex   -7.858582e+01 -8.080596e+01 -1.374005e+02
      vertex   -7.857110e+01 -8.092968e+01 -1.331005e+02
      vertex   -7.847281e+01 -8.131569e+01 -1.374005e+02
    endloop
  endfacet
  facet normal 9.635895e-01 2.673789e-01 -1.977911e-03
    outer loop
      vertex   -7.847281e+01 -8.131569e+01 -1.374005e+02
      vertex   -7.857110e+01 -8.092968e+01 -1.331005e+02
      vertex   -7.844189e+01 -8.139531e+01 -1.331005e+02
    endloop
  endfacet
  facet normal 8.870087e-01 4.617475e-01 2.171478e-03
    outer loop
      vertex   -7.847281e+01 -8.131569e+01 -1.374005e+02
      vertex   -7.844189e+01 -8.139531e+01 -1.331005e+02
      vertex   -7.823173e+01 -8.177880e+01 -1.374005e+02
    endloop
  endfacet
  facet normal 8.713376e-01 4.906826e-01 -1.175046e-03
    outer loop
      vertex   -7.823173e+01 -8.177880e+01 -1.374005e+02
      vertex   -7.844189e+01 -8.139531e+01 -1.331005e+02
      vertex   -7.820479e+01 -8.181635e+01 -1.331005e+02
    endloop
  endfacet
  facet normal 7.372767e-01 6.755897e-01 1.279678e-03
    outer loop
      vertex   -7.823173e+01 -8.177880e+01 -1.374005e+02
      vertex   -7.820479e+01 -8.181635e+01 -1.331005e+02
      vertex   -7.787900e+01 -8.216374e+01 -1.374005e+02
    endloop
  endfacet
  facet normal 7.282205e-01 6.853428e-01 -1.943920e-04
    outer loop
      vertex   -7.787900e+01 -8.216374e+01 -1.374005e+02
      vertex   -7.820479e+01 -8.181635e+01 -1.331005e+02
      vertex   -7.787362e+01 -8.216824e+01 -1.331005e+02
    endloop
  endfacet
  facet normal 5.372996e-01 8.433914e-01 2.102677e-04
    outer loop
      vertex   -7.787900e+01 -8.216374e+01 -1.374005e+02
      vertex   -7.787362e+01 -8.216824e+01 -1.331005e+02
      vertex   -7.743866e+01 -8.244427e+01 -1.374005e+02
    endloop
  endfacet
  facet normal 5.358185e-01 8.443332e-01 -3.948383e-15
    outer loop
      vertex   -7.743866e+01 -8.244427e+01 -1.374005e+02
      vertex   -7.787362e+01 -8.216824e+01 -1.331005e+02
      vertex   -7.743866e+01 -8.244427e+01 -1.282838e+02
    endloop
  endfacet
  facet normal 3.007058e-01 9.537170e-01 -4.459898e-15
    outer loop
      vertex   -7.743866e+01 -8.244427e+01 -1.374005e+02
      vertex   -7.743866e+01 -8.244427e+01 -1.282838e+02
      vertex   -7.694072e+01 -8.260127e+01 -1.374005e+02
    endloop
  endfacet
  facet normal 3.007058e-01 9.537170e-01 -5.946530e-15
    outer loop
      vertex   -7.694072e+01 -8.260127e+01 -1.374005e+02
      vertex   -7.743866e+01 -8.244427e+01 -1.282838e+02
      vertex   -7.694072e+01 -8.260127e+01 -1.282838e+02
    endloop
  endfacet
  facet normal 4.361939e-02 9.990482e-01 -6.229175e-15
    outer loop
      vertex   -7.694072e+01 -8.260127e+01 -1.374005e+02
      vertex   -7.694072e+01 -8.260127e+01 -1.282838e+02
      vertex   -7.641912e+01 -8.262404e+01 -1.374005e+02
    endloop
  endfacet
  facet normal 4.361939e-02 9.990482e-01 -1.557294e-15
    outer loop
      vertex   -7.641912e+01 -8.262404e+01 -1.374005e+02
      vertex   -7.694072e+01 -8.260127e+01 -1.282838e+02
      vertex   -7.641912e+01 -8.262404e+01 -1.282838e+02
    endloop
  endfacet
  facet normal -2.164396e-01 9.762960e-01 -1.521828e-15
    outer loop
      vertex   -7.641912e+01 -8.262404e+01 -1.374005e+02
      vertex   -7.641912e+01 -8.262404e+01 -1.282838e+02
      vertex   -7.590939e+01 -8.251104e+01 -1.374005e+02
    endloop
  endfacet
  facet normal -2.164396e-01 9.762960e-01 -5.240247e-15
    outer loop
      vertex   -7.590939e+01 -8.251104e+01 -1.374005e+02
      vertex   -7.641912e+01 -8.262404e+01 -1.282838e+02
      vertex   -7.590939e+01 -8.251104e+01 -1.282838e+02
    endloop
  endfacet
  facet normal -4.617486e-01 8.870108e-01 -5.587484e-15
    outer loop
      vertex   -7.590939e+01 -8.251104e+01 -1.374005e+02
      vertex   -7.590939e+01 -8.251104e+01 -1.282838e+02
      vertex   -7.544627e+01 -8.226995e+01 -1.374005e+02
    endloop
  endfacet
  facet normal -4.617486e-01 8.870108e-01 -2.102416e-15
    outer loop
      vertex   -7.544627e+01 -8.226995e+01 -1.374005e+02
      vertex   -7.590939e+01 -8.251104e+01 -1.282838e+02
      vertex   -7.544627e+01 -8.226995e+01 -1.282838e+02
    endloop
  endfacet
  facet normal -6.755902e-01 7.372773e-01 -2.202346e-15
    outer loop
      vertex   -7.544627e+01 -8.226995e+01 -1.374005e+02
      vertex   -7.544627e+01 -8.226995e+01 -1.282838e+02
      vertex   -7.506134e+01 -8.191723e+01 -1.374005e+02
    endloop
  endfacet
  facet normal -6.755902e-01 7.372773e-01 -2.202346e-15
    outer loop
      vertex   -7.506134e+01 -8.191723e+01 -1.374005e+02
      vertex   -7.544627e+01 -8.226995e+01 -1.282838e+02
      vertex   -7.506134e+01 -8.191723e+01 -1.282838e+02
    endloop
  endfacet
  facet normal -8.433914e-01 5.372996e-01 -2.152190e-15
    outer loop
      vertex   -7.506134e+01 -8.191723e+01 -1.374005e+02
      vertex   -7.506134e+01 -8.191723e+01 -1.282838e+02
      vertex   -7.478081e+01 -8.147689e+01 -1.374005e+02
    endloop
  endfacet
  facet normal -8.433914e-01 5.372996e-01 0.000000e+00
    outer loop
      vertex   -7.478081e+01 -8.147689e+01 -1.374005e+02
      vertex   -7.506134e+01 -8.191723e+01 -1.282838e+02
      vertex   -7.478081e+01 -8.147689e+01 -1.282838e+02
    endloop
  endfacet
  facet normal -9.537170e-01 3.007058e-01 0.000000e+00
    outer loop
      vertex   -7.478081e+01 -8.147689e+01 -1.374005e+02
      vertex   -7.478081e+01 -8.147689e+01 -1.282838e+02
      vertex   -7.462381e+01 -8.097895e+01 -1.374005e+02
    endloop
  endfacet
  facet normal -9.537170e-01 3.007058e-01 0.000000e+00
    outer loop
      vertex   -7.462381e+01 -8.097895e+01 -1.374005e+02
      vertex   -7.478081e+01 -8.147689e+01 -1.282838e+02
      vertex   -7.462381e+01 -8.097895e+01 -1.282838e+02
    endloop
  endfacet
  facet normal -9.990482e-01 4.361939e-02 0.000000e+00
    outer loop
      vertex   -7.462381e+01 -8.097895e+01 -1.374005e+02
      vertex   -7.462381e+01 -8.097895e+01 -1.282838e+02
      vertex   -7.460104e+01 -8.045734e+01 -1.374005e+02
    endloop
  endfacet
  facet normal -9.990482e-01 4.361939e-02 -6.799292e-17
    outer loop
      vertex   -7.460104e+01 -8.045734e+01 -1.374005e+02
      vertex   -7.462381e+01 -8.097895e+01 -1.282838e+02
      vertex   -7.460104e+01 -8.045734e+01 -1.282838e+02
    endloop
  endfacet
  facet normal -9.762960e-01 -2.164396e-01 3.373812e-16
    outer loop
      vertex   -7.460104e+01 -8.045734e+01 -1.374005e+02
      vertex   -7.460104e+01 -8.045734e+01 -1.282838e+02
      vertex   -7.471404e+01 -7.994761e+01 -1.374005e+02
    endloop
  endfacet
  facet normal -9.762960e-01 -2.164396e-01 2.196591e-15
    outer loop
      vertex   -7.471404e+01 -7.994761e+01 -1.374005e+02
      vertex   -7.460104e+01 -8.045734e+01 -1.282838e+02
      vertex   -7.471404e+01 -7.994761e+01 -1.282838e+02
    endloop
  endfacet
  facet normal -8.870108e-01 -4.617486e-01 2.822179e-15
    outer loop
      vertex   -7.471404e+01 -7.994761e+01 -1.374005e+02
      vertex   -7.471404e+01 -7.994761e+01 -1.282838e+02
      vertex   -7.495512e+01 -7.948450e+01 -1.374005e+02
    endloop
  endfacet
  facet normal -8.870108e-01 -4.617486e-01 2.822179e-15
    outer loop
      vertex   -7.495512e+01 -7.948450e+01 -1.374005e+02
      vertex   -7.471404e+01 -7.994761e+01 -1.282838e+02
      vertex   -7.495512e+01 -7.948450e+01 -1.282838e+02
    endloop
  endfacet
  facet normal -7.384620e-01 -6.742951e-01 3.253250e-15
    outer loop
      vertex   -7.495512e+01 -7.948450e+01 -1.374005e+02
      vertex   -7.495512e+01 -7.948450e+01 -1.282838e+02
      vertex   -7.530248e+01 -7.910408e+01 -1.331005e+02
    endloop
  endfacet
  facet normal -7.384620e-01 -6.742951e-01 0.000000e+00
    outer loop
      vertex   -7.530248e+01 -7.910408e+01 -1.331005e+02
      vertex   -7.495512e+01 -7.948450e+01 -1.282838e+02
      vertex   -7.530248e+01 -7.910408e+01 -1.271005e+02
    endloop
  endfacet
  facet normal -7.384620e-01 -6.742951e-01 -1.004697e-16
    outer loop
      vertex   -7.530248e+01 -7.910408e+01 -1.271005e+02
      vertex   -7.495512e+01 -7.948450e+01 -1.282838e+02
      vertex   -7.495512e+01 -7.948450e+01 -1.191672e+02
    endloop
  endfacet
  facet normal -7.372773e-01 -6.755902e-01 -1.139685e-04
    outer loop
      vertex   -7.530248e+01 -7.910408e+01 -1.271005e+02
      vertex   -7.495512e+01 -7.948450e+01 -1.191672e+02
      vertex   -7.530785e+01 -7.909956e+01 -1.191672e+02
    endloop
  endfacet
  facet normal -7.372773e-01 -6.755902e-01 -3.446228e-15
    outer loop
      vertex   -7.530785e+01 -7.909956e+01 -1.191672e+02
      vertex   -7.495512e+01 -7.948450e+01 -1.191672e+02
      vertex   -7.495512e+01 -7.948450e+01 -1.100505e+02
    endloop
  endfacet
  facet normal -7.372773e-01 -6.755902e-01 -3.447754e-15
    outer loop
      vertex   -7.530785e+01 -7.909956e+01 -1.191672e+02
      vertex   -7.495512e+01 -7.948450e+01 -1.100505e+02
      vertex   -7.530785e+01 -7.909956e+01 -1.100505e+02
    endloop
  endfacet
  facet normal 5.372996e-01 8.433914e-01 1.675061e-15
    outer loop
      vertex   -7.743866e+01 -8.244427e+01 -1.100505e+02
      vertex   -7.743866e+01 -8.244427e+01 -1.191672e+02
      vertex   -7.787900e+01 -8.216374e+01 -1.100505e+02
    endloop
  endfacet
  facet normal 5.372996e-01 8.433914e-01 4.664782e-15
    outer loop
      vertex   -7.787900e+01 -8.216374e+01 -1.100505e+02
      vertex   -7.743866e+01 -8.244427e+01 -1.191672e+02
      vertex   -7.787900e+01 -8.216374e+01 -1.191672e+02
    endloop
  endfacet
  facet normal 7.372773e-01 6.755902e-01 5.650100e-15
    outer loop
      vertex   -7.787900e+01 -8.216374e+01 -1.100505e+02
      vertex   -7.787900e+01 -8.216374e+01 -1.191672e+02
      vertex   -7.823173e+01 -8.177880e+01 -1.100505e+02
    endloop
  endfacet
  facet normal 7.372773e-01 6.755902e-01 5.553944e-15
    outer loop
      vertex   -7.823173e+01 -8.177880e+01 -1.100505e+02
      vertex   -7.787900e+01 -8.216374e+01 -1.191672e+02
      vertex   -7.823173e+01 -8.177880e+01 -1.191672e+02
    endloop
  endfacet
  facet normal 8.870108e-01 4.617486e-01 5.587484e-15
    outer loop
      vertex   -7.823173e+01 -8.177880e+01 -1.100505e+02
      vertex   -7.823173e+01 -8.177880e+01 -1.191672e+02
      vertex   -7.847281e+01 -8.131569e+01 -1.100505e+02
    endloop
  endfacet
  facet normal 8.870108e-01 4.617486e-01 4.147958e-15
    outer loop
      vertex   -7.847281e+01 -8.131569e+01 -1.100505e+02
      vertex   -7.823173e+01 -8.177880e+01 -1.191672e+02
      vertex   -7.847281e+01 -8.131569e+01 -1.191672e+02
    endloop
  endfacet
  facet normal 9.762960e-01 2.164396e-01 4.565485e-15
    outer loop
      vertex   -7.847281e+01 -8.131569e+01 -1.100505e+02
      vertex   -7.847281e+01 -8.131569e+01 -1.191672e+02
      vertex   -7.858582e+01 -8.080596e+01 -1.100505e+02
    endloop
  endfacet
  facet normal 9.762960e-01 2.164396e-01 6.087313e-15
    outer loop
      vertex   -7.858582e+01 -8.080596e+01 -1.100505e+02
      vertex   -7.847281e+01 -8.131569e+01 -1.191672e+02
      vertex   -7.858582e+01 -8.080596e+01 -1.191672e+02
    endloop
  endfacet
  facet normal 9.990482e-01 -4.361939e-02 6.229175e-15
    outer loop
      vertex   -7.858582e+01 -8.080596e+01 -1.100505e+02
      vertex   -7.858582e+01 -8.080596e+01 -1.191672e+02
      vertex   -7.856304e+01 -8.028435e+01 -1.100505e+02
    endloop
  endfacet
  facet normal 9.990482e-01 -4.361939e-02 4.671882e-15
    outer loop
      vertex   -7.856304e+01 -8.028435e+01 -1.100505e+02
      vertex   -7.858582e+01 -8.080596e+01 -1.191672e+02
      vertex   -7.856304e+01 -8.028435e+01 -1.191672e+02
    endloop
  endfacet
  facet normal 9.537170e-01 -3.007058e-01 4.459898e-15
    outer loop
      vertex   -7.856304e+01 -8.028435e+01 -1.100505e+02
      vertex   -7.856304e+01 -8.028435e+01 -1.191672e+02
      vertex   -7.840604e+01 -7.978641e+01 -1.100505e+02
    endloop
  endfacet
  facet normal 9.537170e-01 -3.007058e-01 2.973265e-15
    outer loop
      vertex   -7.840604e+01 -7.978641e+01 -1.100505e+02
      vertex   -7.856304e+01 -8.028435e+01 -1.191672e+02
      vertex   -7.840604e+01 -7.978641e+01 -1.191672e+02
    endloop
  endfacet
  facet normal 8.433914e-01 -5.372996e-01 2.629319e-15
    outer loop
      vertex   -7.840604e+01 -7.978641e+01 -1.100505e+02
      vertex   -7.840604e+01 -7.978641e+01 -1.191672e+02
      vertex   -7.812552e+01 -7.934607e+01 -1.100505e+02
    endloop
  endfacet
  facet normal 8.433914e-01 -5.372996e-01 3.943979e-15
    outer loop
      vertex   -7.812552e+01 -7.934607e+01 -1.100505e+02
      vertex   -7.840604e+01 -7.978641e+01 -1.191672e+02
      vertex   -7.812552e+01 -7.934607e+01 -1.191672e+02
    endloop
  endfacet
  facet normal 6.755902e-01 -7.372773e-01 3.159284e-15
    outer loop
      vertex   -7.812552e+01 -7.934607e+01 -1.100505e+02
      vertex   -7.812552e+01 -7.934607e+01 -1.191672e+02
      vertex   -7.774058e+01 -7.899335e+01 -1.100505e+02
    endloop
  endfacet
  facet normal 6.755902e-01 -7.372773e-01 2.106190e-15
    outer loop
      vertex   -7.774058e+01 -7.899335e+01 -1.100505e+02
      vertex   -7.812552e+01 -7.934607e+01 -1.191672e+02
      vertex   -7.774058e+01 -7.899335e+01 -1.191672e+02
    endloop
  endfacet
  facet normal 4.617486e-01 -8.870108e-01 1.439527e-15
    outer loop
      vertex   -7.774058e+01 -7.899335e+01 -1.100505e+02
      vertex   -7.774058e+01 -7.899335e+01 -1.191672e+02
      vertex   -7.727747e+01 -7.875226e+01 -1.100505e+02
    endloop
  endfacet
  facet normal 4.617486e-01 -8.870108e-01 3.541943e-15
    outer loop
      vertex   -7.727747e+01 -7.875226e+01 -1.100505e+02
      vertex   -7.774058e+01 -7.899335e+01 -1.191672e+02
      vertex   -7.727747e+01 -7.875226e+01 -1.191672e+02
    endloop
  endfacet
  facet normal 2.164396e-01 -9.762960e-01 2.533972e-15
    outer loop
      vertex   -7.727747e+01 -7.875226e+01 -1.100505e+02
      vertex   -7.727747e+01 -7.875226e+01 -1.191672e+02
      vertex   -7.676774e+01 -7.863926e+01 -1.100505e+02
    endloop
  endfacet
  facet normal 2.164396e-01 -9.762960e-01 2.196591e-15
    outer loop
      vertex   -7.676774e+01 -7.863926e+01 -1.100505e+02
      vertex   -7.727747e+01 -7.875226e+01 -1.191672e+02
      vertex   -7.676774e+01 -7.863926e+01 -1.191672e+02
    endloop
  endfacet
  facet normal -4.361939e-02 -9.990482e-01 1.421308e-15
    outer loop
      vertex   -7.676774e+01 -7.863926e+01 -1.100505e+02
      vertex   -7.676774e+01 -7.863926e+01 -1.191672e+02
      vertex   -7.624613e+01 -7.866203e+01 -1.100505e+02
    endloop
  endfacet
  facet normal -4.361939e-02 -9.990482e-01 -6.799292e-17
    outer loop
      vertex   -7.624613e+01 -7.866203e+01 -1.100505e+02
      vertex   -7.676774e+01 -7.863926e+01 -1.191672e+02
      vertex   -7.624613e+01 -7.866203e+01 -1.191672e+02
    endloop
  endfacet
  facet normal -3.007058e-01 -9.537170e-01 -4.687334e-16
    outer loop
      vertex   -7.624613e+01 -7.866203e+01 -1.100505e+02
      vertex   -7.624613e+01 -7.866203e+01 -1.191672e+02
      vertex   -7.574819e+01 -7.881903e+01 -1.100505e+02
    endloop
  endfacet
  facet normal -3.007058e-01 -9.537170e-01 -2.892833e-15
    outer loop
      vertex   -7.574819e+01 -7.881903e+01 -1.100505e+02
      vertex   -7.624613e+01 -7.866203e+01 -1.191672e+02
      vertex   -7.574819e+01 -7.881903e+01 -1.191672e+02
    endloop
  endfacet
  facet normal -5.372996e-01 -8.433914e-01 -3.827251e-15
    outer loop
      vertex   -7.574819e+01 -7.881903e+01 -1.100505e+02
      vertex   -7.574819e+01 -7.881903e+01 -1.191672e+02
      vertex   -7.530785e+01 -7.909956e+01 -1.100505e+02
    endloop
  endfacet
  facet normal -5.372996e-01 -8.433914e-01 -2.512592e-15
    outer loop
      vertex   -7.530785e+01 -7.909956e+01 -1.100505e+02
      vertex   -7.574819e+01 -7.881903e+01 -1.191672e+02
      vertex   -7.530785e+01 -7.909956e+01 -1.191672e+02
    endloop
  endfacet
  facet normal 3.007058e-01 9.537170e-01 9.374669e-16
    outer loop
      vertex   -7.743866e+01 -8.244427e+01 -1.191672e+02
      vertex   -7.743866e+01 -8.244427e+01 -1.100505e+02
      vertex   -7.694072e+01 -8.260127e+01 -1.191672e+02
    endloop
  endfacet
  facet normal 3.007058e-01 9.537170e-01 1.955366e-15
    outer loop
      vertex   -7.694072e+01 -8.260127e+01 -1.191672e+02
      vertex   -7.743866e+01 -8.244427e+01 -1.100505e+02
      vertex   -7.694072e+01 -8.260127e+01 -1.100505e+02
    endloop
  endfacet
  facet normal 4.361939e-02 9.990482e-01 1.625287e-15
    outer loop
      vertex   -7.694072e+01 -8.260127e+01 -1.191672e+02
      vertex   -7.694072e+01 -8.260127e+01 -1.100505e+02
      vertex   -7.641912e+01 -8.262404e+01 -1.191672e+02
    endloop
  endfacet
  facet normal 4.361939e-02 9.990482e-01 -1.489301e-15
    outer loop
      vertex   -7.641912e+01 -8.262404e+01 -1.191672e+02
      vertex   -7.694072e+01 -8.260127e+01 -1.100505e+02
      vertex   -7.641912e+01 -8.262404e+01 -1.100505e+02
    endloop
  endfacet
  facet normal -2.164396e-01 9.762960e-01 -1.859209e-15
    outer loop
      vertex   -7.641912e+01 -8.262404e+01 -1.191672e+02
      vertex   -7.641912e+01 -8.262404e+01 -1.100505e+02
      vertex   -7.590939e+01 -8.251104e+01 -1.191672e+02
    endloop
  endfacet
  facet normal -2.164396e-01 9.762960e-01 -1.859209e-15
    outer loop
      vertex   -7.590939e+01 -8.251104e+01 -1.191672e+02
      vertex   -7.641912e+01 -8.262404e+01 -1.100505e+02
      vertex   -7.590939e+01 -8.251104e+01 -1.100505e+02
    endloop
  endfacet
  facet normal -4.617486e-01 8.870108e-01 -2.102416e-15
    outer loop
      vertex   -7.590939e+01 -8.251104e+01 -1.191672e+02
      vertex   -7.590939e+01 -8.251104e+01 -1.100505e+02
      vertex   -7.544627e+01 -8.226995e+01 -1.191672e+02
    endloop
  endfacet
  facet normal -4.617486e-01 8.870108e-01 -2.102416e-15
    outer loop
      vertex   -7.544627e+01 -8.226995e+01 -1.191672e+02
      vertex   -7.590939e+01 -8.251104e+01 -1.100505e+02
      vertex   -7.544627e+01 -8.226995e+01 -1.100505e+02
    endloop
  endfacet
  facet normal -6.755902e-01 7.372773e-01 -2.202346e-15
    outer loop
      vertex   -7.544627e+01 -8.226995e+01 -1.191672e+02
      vertex   -7.544627e+01 -8.226995e+01 -1.100505e+02
      vertex   -7.506134e+01 -8.191723e+01 -1.191672e+02
    endloop
  endfacet
  facet normal -6.755902e-01 7.372773e-01 -4.404692e-15
    outer loop
      vertex   -7.506134e+01 -8.191723e+01 -1.191672e+02
      vertex   -7.544627e+01 -8.226995e+01 -1.100505e+02
      vertex   -7.506134e+01 -8.191723e+01 -1.100505e+02
    endloop
  endfacet
  facet normal -8.433914e-01 5.372996e-01 -4.304380e-15
    outer loop
      vertex   -7.506134e+01 -8.191723e+01 -1.191672e+02
      vertex   -7.506134e+01 -8.191723e+01 -1.100505e+02
      vertex   -7.478081e+01 -8.147689e+01 -1.191672e+02
    endloop
  endfacet
  facet normal -8.433914e-01 5.372996e-01 -3.466850e-15
    outer loop
      vertex   -7.478081e+01 -8.147689e+01 -1.191672e+02
      vertex   -7.506134e+01 -8.191723e+01 -1.100505e+02
      vertex   -7.478081e+01 -8.147689e+01 -1.100505e+02
    endloop
  endfacet
  facet normal -9.537170e-01 3.007058e-01 -3.441998e-15
    outer loop
      vertex   -7.478081e+01 -8.147689e+01 -1.191672e+02
      vertex   -7.478081e+01 -8.147689e+01 -1.100505e+02
      vertex   -7.462381e+01 -8.097895e+01 -1.191672e+02
    endloop
  endfacet
  facet normal -9.537170e-01 3.007058e-01 -3.441998e-15
    outer loop
      vertex   -7.462381e+01 -8.097895e+01 -1.191672e+02
      vertex   -7.478081e+01 -8.147689e+01 -1.100505e+02
      vertex   -7.462381e+01 -8.097895e+01 -1.100505e+02
    endloop
  endfacet
  facet normal -9.990482e-01 4.361939e-02 -3.182581e-15
    outer loop
      vertex   -7.462381e+01 -8.097895e+01 -1.191672e+02
      vertex   -7.462381e+01 -8.097895e+01 -1.100505e+02
      vertex   -7.460104e+01 -8.045734e+01 -1.191672e+02
    endloop
  endfacet
  facet normal -9.990482e-01 4.361939e-02 -4.739875e-15
    outer loop
      vertex   -7.460104e+01 -8.045734e+01 -1.191672e+02
      vertex   -7.462381e+01 -8.097895e+01 -1.100505e+02
      vertex   -7.460104e+01 -8.045734e+01 -1.100505e+02
    endloop
  endfacet
  facet normal -9.762960e-01 -2.164396e-01 -4.228103e-15
    outer loop
      vertex   -7.460104e+01 -8.045734e+01 -1.191672e+02
      vertex   -7.460104e+01 -8.045734e+01 -1.100505e+02
      vertex   -7.471404e+01 -7.994761e+01 -1.191672e+02
    endloop
  endfacet
  facet normal -9.762960e-01 -2.164396e-01 -4.565485e-15
    outer loop
      vertex   -7.471404e+01 -7.994761e+01 -1.191672e+02
      vertex   -7.460104e+01 -8.045734e+01 -1.100505e+02
      vertex   -7.471404e+01 -7.994761e+01 -1.100505e+02
    endloop
  endfacet
  facet normal -8.870108e-01 -4.617486e-01 -4.147958e-15
    outer loop
      vertex   -7.471404e+01 -7.994761e+01 -1.191672e+02
      vertex   -7.471404e+01 -7.994761e+01 -1.100505e+02
      vertex   -7.495512e+01 -7.948450e+01 -1.191672e+02
    endloop
  endfacet
  facet normal -8.870108e-01 -4.617486e-01 -4.147958e-15
    outer loop
      vertex   -7.495512e+01 -7.948450e+01 -1.191672e+02
      vertex   -7.471404e+01 -7.994761e+01 -1.100505e+02
      vertex   -7.495512e+01 -7.948450e+01 -1.100505e+02
    endloop
  endfacet
  facet normal 5.358185e-01 8.443332e-01 -0.000000e+00
    outer loop
      vertex   -7.787362e+01 -8.216824e+01 -1.331005e+02
      vertex   -7.787362e+01 -8.216824e+01 -1.271005e+02
      vertex   -7.743866e+01 -8.244427e+01 -1.282838e+02
    endloop
  endfacet
  facet normal 5.358185e-01 8.443332e-01 8.352218e-16
    outer loop
      vertex   -7.743866e+01 -8.244427e+01 -1.282838e+02
      vertex   -7.787362e+01 -8.216824e+01 -1.271005e+02
      vertex   -7.743866e+01 -8.244427e+01 -1.191672e+02
    endloop
  endfacet
  facet normal 3.007058e-01 9.537170e-01 4.687334e-16
    outer loop
      vertex   -7.743866e+01 -8.244427e+01 -1.282838e+02
      vertex   -7.743866e+01 -8.244427e+01 -1.191672e+02
      vertex   -7.694072e+01 -8.260127e+01 -1.282838e+02
    endloop
  endfacet
  facet normal 3.007058e-01 9.537170e-01 4.687334e-16
    outer loop
      vertex   -7.694072e+01 -8.260127e+01 -1.282838e+02
      vertex   -7.743866e+01 -8.244427e+01 -1.191672e+02
      vertex   -7.694072e+01 -8.260127e+01 -1.191672e+02
    endloop
  endfacet
  facet normal 4.361939e-02 9.990482e-01 6.799292e-17
    outer loop
      vertex   -7.694072e+01 -8.260127e+01 -1.282838e+02
      vertex   -7.694072e+01 -8.260127e+01 -1.191672e+02
      vertex   -7.641912e+01 -8.262404e+01 -1.282838e+02
    endloop
  endfacet
  facet normal 4.361939e-02 9.990482e-01 6.799292e-17
    outer loop
      vertex   -7.641912e+01 -8.262404e+01 -1.282838e+02
      vertex   -7.694072e+01 -8.260127e+01 -1.191672e+02
      vertex   -7.641912e+01 -8.262404e+01 -1.191672e+02
    endloop
  endfacet
  facet normal -2.164396e-01 9.762960e-01 -3.373812e-16
    outer loop
      vertex   -7.641912e+01 -8.262404e+01 -1.282838e+02
      vertex   -7.641912e+01 -8.262404e+01 -1.191672e+02
      vertex   -7.590939e+01 -8.251104e+01 -1.282838e+02
    endloop
  endfacet
  facet normal -2.164396e-01 9.762960e-01 0.000000e+00
    outer loop
      vertex   -7.590939e+01 -8.251104e+01 -1.282838e+02
      vertex   -7.641912e+01 -8.262404e+01 -1.191672e+02
      vertex   -7.590939e+01 -8.251104e+01 -1.191672e+02
    endloop
  endfacet
  facet normal -4.617486e-01 8.870108e-01 0.000000e+00
    outer loop
      vertex   -7.590939e+01 -8.251104e+01 -1.282838e+02
      vertex   -7.590939e+01 -8.251104e+01 -1.191672e+02
      vertex   -7.544627e+01 -8.226995e+01 -1.282838e+02
    endloop
  endfacet
  facet normal -4.617486e-01 8.870108e-01 0.000000e+00
    outer loop
      vertex   -7.544627e+01 -8.226995e+01 -1.282838e+02
      vertex   -7.590939e+01 -8.251104e+01 -1.191672e+02
      vertex   -7.544627e+01 -8.226995e+01 -1.191672e+02
    endloop
  endfacet
  facet normal -6.755902e-01 7.372773e-01 0.000000e+00
    outer loop
      vertex   -7.544627e+01 -8.226995e+01 -1.282838e+02
      vertex   -7.544627e+01 -8.226995e+01 -1.191672e+02
      vertex   -7.506134e+01 -8.191723e+01 -1.282838e+02
    endloop
  endfacet
  facet normal -6.755902e-01 7.372773e-01 0.000000e+00
    outer loop
      vertex   -7.506134e+01 -8.191723e+01 -1.282838e+02
      vertex   -7.544627e+01 -8.226995e+01 -1.191672e+02
      vertex   -7.506134e+01 -8.191723e+01 -1.191672e+02
    endloop
  endfacet
  facet normal -8.433914e-01 5.372996e-01 0.000000e+00
    outer loop
      vertex   -7.506134e+01 -8.191723e+01 -1.282838e+02
      vertex   -7.506134e+01 -8.191723e+01 -1.191672e+02
      vertex   -7.478081e+01 -8.147689e+01 -1.282838e+02
    endloop
  endfacet
  facet normal -8.433914e-01 5.372996e-01 -8.375305e-16
    outer loop
      vertex   -7.478081e+01 -8.147689e+01 -1.282838e+02
      vertex   -7.506134e+01 -8.191723e+01 -1.191672e+02
      vertex   -7.478081e+01 -8.147689e+01 -1.191672e+02
    endloop
  endfacet
  facet normal -9.537170e-01 3.007058e-01 -4.687334e-16
    outer loop
      vertex   -7.478081e+01 -8.147689e+01 -1.282838e+02
      vertex   -7.478081e+01 -8.147689e+01 -1.191672e+02
      vertex   -7.462381e+01 -8.097895e+01 -1.282838e+02
    endloop
  endfacet
  facet normal -9.537170e-01 3.007058e-01 -9.374669e-16
    outer loop
      vertex   -7.462381e+01 -8.097895e+01 -1.282838e+02
      vertex   -7.478081e+01 -8.147689e+01 -1.191672e+02
      vertex   -7.462381e+01 -8.097895e+01 -1.191672e+02
    endloop
  endfacet
  facet normal -9.990482e-01 4.361939e-02 -1.359858e-16
    outer loop
      vertex   -7.462381e+01 -8.097895e+01 -1.282838e+02
      vertex   -7.462381e+01 -8.097895e+01 -1.191672e+02
      vertex   -7.460104e+01 -8.045734e+01 -1.282838e+02
    endloop
  endfacet
  facet normal -9.990482e-01 4.361939e-02 0.000000e+00
    outer loop
      vertex   -7.460104e+01 -8.045734e+01 -1.282838e+02
      vertex   -7.462381e+01 -8.097895e+01 -1.191672e+02
      vertex   -7.460104e+01 -8.045734e+01 -1.191672e+02
    endloop
  endfacet
  facet normal -9.762960e-01 -2.164396e-01 0.000000e+00
    outer loop
      vertex   -7.460104e+01 -8.045734e+01 -1.282838e+02
      vertex   -7.460104e+01 -8.045734e+01 -1.191672e+02
      vertex   -7.471404e+01 -7.994761e+01 -1.282838e+02
    endloop
  endfacet
  facet normal -9.762960e-01 -2.164396e-01 3.373812e-16
    outer loop
      vertex   -7.471404e+01 -7.994761e+01 -1.282838e+02
      vertex   -7.460104e+01 -8.045734e+01 -1.191672e+02
      vertex   -7.471404e+01 -7.994761e+01 -1.191672e+02
    endloop
  endfacet
  facet normal -8.870108e-01 -4.617486e-01 7.197633e-16
    outer loop
      vertex   -7.471404e+01 -7.994761e+01 -1.282838e+02
      vertex   -7.471404e+01 -7.994761e+01 -1.191672e+02
      vertex   -7.495512e+01 -7.948450e+01 -1.282838e+02
    endloop
  endfacet
  facet normal -8.870108e-01 -4.617486e-01 -6.628892e-16
    outer loop
      vertex   -7.495512e+01 -7.948450e+01 -1.282838e+02
      vertex   -7.471404e+01 -7.994761e+01 -1.191672e+02
      vertex   -7.495512e+01 -7.948450e+01 -1.191672e+02
    endloop
  endfacet
  facet normal 5.372996e-01 8.433914e-01 -1.139685e-04
    outer loop
      vertex   -7.743866e+01 -8.244427e+01 -1.191672e+02
      vertex   -7.787362e+01 -8.216824e+01 -1.271005e+02
      vertex   -7.787900e+01 -8.216374e+01 -1.191672e+02
    endloop
  endfacet
  facet normal 7.282205e-01 6.853429e-01 1.053636e-04
    outer loop
      vertex   -7.787900e+01 -8.216374e+01 -1.191672e+02
      vertex   -7.787362e+01 -8.216824e+01 -1.271005e+02
      vertex   -7.820479e+01 -8.181635e+01 -1.271005e+02
    endloop
  endfacet
  facet normal 7.372772e-01 6.755900e-01 -6.936066e-04
    outer loop
      vertex   -7.787900e+01 -8.216374e+01 -1.191672e+02
      vertex   -7.820479e+01 -8.181635e+01 -1.271005e+02
      vertex   -7.823173e+01 -8.177880e+01 -1.191672e+02
    endloop
  endfacet
  facet normal 8.713380e-01 4.906829e-01 6.368944e-04
    outer loop
      vertex   -7.823173e+01 -8.177880e+01 -1.191672e+02
      vertex   -7.820479e+01 -8.181635e+01 -1.271005e+02
      vertex   -7.844189e+01 -8.139531e+01 -1.271005e+02
    endloop
  endfacet
  facet normal 8.870102e-01 4.617483e-01 -1.176978e-03
    outer loop
      vertex   -7.823173e+01 -8.177880e+01 -1.191672e+02
      vertex   -7.844189e+01 -8.139531e+01 -1.271005e+02
      vertex   -7.847281e+01 -8.131569e+01 -1.191672e+02
    endloop
  endfacet
  facet normal 9.635908e-01 2.673792e-01 1.072061e-03
    outer loop
      vertex   -7.847281e+01 -8.131569e+01 -1.191672e+02
      vertex   -7.844189e+01 -8.139531e+01 -1.271005e+02
      vertex   -7.857110e+01 -8.092968e+01 -1.271005e+02
    endloop
  endfacet
  facet normal 9.762948e-01 2.164393e-01 -1.563898e-03
    outer loop
      vertex   -7.847281e+01 -8.131569e+01 -1.191672e+02
      vertex   -7.857110e+01 -8.092968e+01 -1.271005e+02
      vertex   -7.858582e+01 -8.080596e+01 -1.191672e+02
    endloop
  endfacet
  facet normal 9.995937e-01 2.846748e-02 1.410698e-03
    outer loop
      vertex   -7.858582e+01 -8.080596e+01 -1.191672e+02
      vertex   -7.857110e+01 -8.092968e+01 -1.271005e+02
      vertex   -7.858485e+01 -8.044666e+01 -1.271005e+02
    endloop
  endfacet
  facet normal 9.990465e-01 -4.361931e-02 -1.854218e-03
    outer loop
      vertex   -7.858582e+01 -8.080596e+01 -1.191672e+02
      vertex   -7.858485e+01 -8.044666e+01 -1.271005e+02
      vertex   -7.856304e+01 -8.028435e+01 -1.191672e+02
    endloop
  endfacet
  facet normal 9.772453e-01 -2.121059e-01 1.652674e-03
    outer loop
      vertex   -7.856304e+01 -8.028435e+01 -1.191672e+02
      vertex   -7.858485e+01 -8.044666e+01 -1.271005e+02
      vertex   -7.848236e+01 -7.997443e+01 -1.271005e+02
    endloop
  endfacet
  facet normal 9.537150e-01 -3.007052e-01 -2.047826e-03
    outer loop
      vertex   -7.856304e+01 -8.028435e+01 -1.191672e+02
      vertex   -7.848236e+01 -7.997443e+01 -1.271005e+02
      vertex   -7.840604e+01 -7.978641e+01 -1.191672e+02
    endloop
  endfacet
  facet normal 8.978502e-01 -4.402974e-01 1.797896e-03
    outer loop
      vertex   -7.840604e+01 -7.978641e+01 -1.191672e+02
      vertex   -7.848236e+01 -7.997443e+01 -1.271005e+02
      vertex   -7.826960e+01 -7.954057e+01 -1.271005e+02
    endloop
  endfacet
  facet normal 8.433895e-01 -5.372984e-01 -2.144648e-03
    outer loop
      vertex   -7.840604e+01 -7.978641e+01 -1.191672e+02
      vertex   -7.826960e+01 -7.954057e+01 -1.271005e+02
      vertex   -7.812552e+01 -7.934607e+01 -1.191672e+02
    endloop
  endfacet
  facet normal 7.660431e-01 -6.427865e-01 1.846310e-03
    outer loop
      vertex   -7.812552e+01 -7.934607e+01 -1.191672e+02
      vertex   -7.826960e+01 -7.954057e+01 -1.271005e+02
      vertex   -7.795899e+01 -7.917041e+01 -1.271005e+02
    endloop
  endfacet
  facet normal 6.755887e-01 -7.372756e-01 -2.144648e-03
    outer loop
      vertex   -7.812552e+01 -7.934607e+01 -1.191672e+02
      vertex   -7.795899e+01 -7.917041e+01 -1.271005e+02
      vertex   -7.774058e+01 -7.899335e+01 -1.191672e+02
    endloop
  endfacet
  facet normal 5.895184e-01 -8.077530e-01 1.797896e-03
    outer loop
      vertex   -7.774058e+01 -7.899335e+01 -1.191672e+02
      vertex   -7.795899e+01 -7.917041e+01 -1.271005e+02
      vertex   -7.756867e+01 -7.888554e+01 -1.271005e+02
    endloop
  endfacet
  facet normal 4.617476e-01 -8.870090e-01 -2.047826e-03
    outer loop
      vertex   -7.774058e+01 -7.899335e+01 -1.191672e+02
      vertex   -7.756867e+01 -7.888554e+01 -1.271005e+02
      vertex   -7.727747e+01 -7.875226e+01 -1.191672e+02
    endloop
  endfacet
  facet normal 3.785804e-01 -9.255669e-01 1.652674e-03
    outer loop
      vertex   -7.727747e+01 -7.875226e+01 -1.191672e+02
      vertex   -7.756867e+01 -7.888554e+01 -1.271005e+02
      vertex   -7.712142e+01 -7.870260e+01 -1.271005e+02
    endloop
  endfacet
  facet normal 2.164392e-01 -9.762943e-01 -1.854218e-03
    outer loop
      vertex   -7.727747e+01 -7.875226e+01 -1.191672e+02
      vertex   -7.712142e+01 -7.870260e+01 -1.271005e+02
      vertex   -7.676774e+01 -7.863926e+01 -1.191672e+02
    endloop
  endfacet
  facet normal 1.455426e-01 -9.893510e-01 1.410698e-03
    outer loop
      vertex   -7.676774e+01 -7.863926e+01 -1.191672e+02
      vertex   -7.712142e+01 -7.870260e+01 -1.271005e+02
      vertex   -7.664334e+01 -7.863227e+01 -1.271005e+02
    endloop
  endfacet
  facet normal -4.361933e-02 -9.990470e-01 -1.563898e-03
    outer loop
      vertex   -7.676774e+01 -7.863926e+01 -1.191672e+02
      vertex   -7.664334e+01 -7.863227e+01 -1.271005e+02
      vertex   -7.624613e+01 -7.866203e+01 -1.191672e+02
    endloop
  endfacet
  facet normal -9.599136e-02 -9.953816e-01 1.072061e-03
    outer loop
      vertex   -7.624613e+01 -7.866203e+01 -1.191672e+02
      vertex   -7.664334e+01 -7.863227e+01 -1.271005e+02
      vertex   -7.616236e+01 -7.867866e+01 -1.271005e+02
    endloop
  endfacet
  facet normal -3.007056e-01 -9.537163e-01 -1.176978e-03
    outer loop
      vertex   -7.624613e+01 -7.866203e+01 -1.191672e+02
      vertex   -7.616236e+01 -7.867866e+01 -1.271005e+02
      vertex   -7.574819e+01 -7.881903e+01 -1.191672e+02
    endloop
  endfacet
  facet normal -3.319220e-01 -9.433066e-01 6.368944e-04
    outer loop
      vertex   -7.574819e+01 -7.881903e+01 -1.191672e+02
      vertex   -7.616236e+01 -7.867866e+01 -1.271005e+02
      vertex   -7.570653e+01 -7.883905e+01 -1.271005e+02
    endloop
  endfacet
  facet normal -5.372995e-01 -8.433912e-01 -6.936066e-04
    outer loop
      vertex   -7.574819e+01 -7.881903e+01 -1.191672e+02
      vertex   -7.570653e+01 -7.883905e+01 -1.271005e+02
      vertex   -7.530785e+01 -7.909956e+01 -1.191672e+02
    endloop
  endfacet
  facet normal -5.484768e-01 -8.361658e-01 1.053636e-04
    outer loop
      vertex   -7.530785e+01 -7.909956e+01 -1.191672e+02
      vertex   -7.570653e+01 -7.883905e+01 -1.271005e+02
      vertex   -7.530248e+01 -7.910408e+01 -1.271005e+02
    endloop
  endfacet
  facet normal 6.427876e-01 7.660444e-01 -5.954858e-16
    outer loop
      vertex   -8.534952e+01 -6.851968e+01 -1.377884e+02
      vertex   -8.534952e+01 -6.851968e+01 -1.100505e+02
      vertex   -8.190232e+01 -7.141223e+01 -1.271005e+02
    endloop
  endfacet
  facet normal 6.427876e-01 7.660444e-01 -9.212159e-16
    outer loop
      vertex   -8.190232e+01 -7.141223e+01 -1.271005e+02
      vertex   -8.534952e+01 -6.851968e+01 -1.100505e+02
      vertex   -7.079467e+01 -8.073265e+01 -1.100505e+02
    endloop
  endfacet
  facet normal 6.427876e-01 7.660444e-01 -2.500443e-16
    outer loop
      vertex   -8.190232e+01 -7.141223e+01 -1.271005e+02
      vertex   -7.079467e+01 -8.073265e+01 -1.100505e+02
      vertex   -7.424188e+01 -7.784010e+01 -1.271005e+02
    endloop
  endfacet
  facet normal 6.427876e-01 7.660444e-01 2.305466e-15
    outer loop
      vertex   -7.424188e+01 -7.784010e+01 -1.271005e+02
      vertex   -7.079467e+01 -8.073265e+01 -1.100505e+02
      vertex   -7.079467e+01 -8.073265e+01 -1.377884e+02
    endloop
  endfacet
  facet normal 6.427876e-01 7.660444e-01 0.000000e+00
    outer loop
      vertex   -7.424188e+01 -7.784010e+01 -1.271005e+02
      vertex   -7.079467e+01 -8.073265e+01 -1.377884e+02
      vertex   -7.424188e+01 -7.784010e+01 -1.331005e+02
    endloop
  endfacet
  facet normal 6.427876e-01 7.660444e-01 1.124801e-14
    outer loop
      vertex   -7.424188e+01 -7.784010e+01 -1.331005e+02
      vertex   -7.079467e+01 -8.073265e+01 -1.377884e+02
      vertex   -8.534952e+01 -6.851968e+01 -1.377884e+02
    endloop
  endfacet
  facet normal 6.427876e-01 7.660444e-01 6.062758e-16
    outer loop
      vertex   -7.424188e+01 -7.784010e+01 -1.331005e+02
      vertex   -8.534952e+01 -6.851968e+01 -1.377884e+02
      vertex   -8.190232e+01 -7.141223e+01 -1.331005e+02
    endloop
  endfacet
  facet normal 6.427876e-01 7.660444e-01 -0.000000e+00
    outer loop
      vertex   -8.190232e+01 -7.141223e+01 -1.331005e+02
      vertex   -8.534952e+01 -6.851968e+01 -1.377884e+02
      vertex   -8.190232e+01 -7.141223e+01 -1.271005e+02
    endloop
  endfacet
  facet normal 7.660444e-01 -6.427876e-01 0.000000e+00
    outer loop
      vertex   -8.296293e+01 -7.267621e+01 -1.271005e+02
      vertex   -8.296293e+01 -7.267621e+01 -1.331005e+02
      vertex   -8.190232e+01 -7.141223e+01 -1.271005e+02
    endloop
  endfacet
  facet normal 7.660444e-01 -6.427876e-01 0.000000e+00
    outer loop
      vertex   -8.190232e+01 -7.141223e+01 -1.271005e+02
      vertex   -8.296293e+01 -7.267621e+01 -1.331005e+02
      vertex   -8.190232e+01 -7.141223e+01 -1.331005e+02
    endloop
  endfacet
  facet normal -7.660444e-01 6.427876e-01 0.000000e+00
    outer loop
      vertex   -7.787362e+01 -8.216824e+01 -1.271005e+02
      vertex   -7.787362e+01 -8.216824e+01 -1.331005e+02
      vertex   -7.906278e+01 -8.358543e+01 -1.271005e+02
    endloop
  endfacet
  facet normal -7.660444e-01 6.427876e-01 0.000000e+00
    outer loop
      vertex   -7.906278e+01 -8.358543e+01 -1.271005e+02
      vertex   -7.787362e+01 -8.216824e+01 -1.331005e+02
      vertex   -7.906278e+01 -8.358543e+01 -1.331005e+02
    endloop
  endfacet
  facet normal -7.660444e-01 6.427876e-01 0.000000e+00
    outer loop
      vertex   -7.424188e+01 -7.784010e+01 -1.271005e+02
      vertex   -7.424188e+01 -7.784010e+01 -1.331005e+02
      vertex   -7.530248e+01 -7.910408e+01 -1.271005e+02
    endloop
  endfacet
  facet normal -7.660444e-01 6.427876e-01 0.000000e+00
    outer loop
      vertex   -7.530248e+01 -7.910408e+01 -1.271005e+02
      vertex   -7.424188e+01 -7.784010e+01 -1.331005e+02
      vertex   -7.530248e+01 -7.910408e+01 -1.331005e+02
    endloop
  endfacet
  facet normal 0.000000e+00 -0.000000e+00 -1.000000e+00
    outer loop
      vertex   -8.553406e+01 -7.574037e+01 -1.271005e+02
      vertex   -8.513001e+01 -7.600540e+01 -1.271005e+02
      vertex   -8.672323e+01 -7.715756e+01 -1.271005e+02
    endloop
  endfacet
  facet normal 0.000000e+00 0.000000e+00 -1.000000e+00
    outer loop
      vertex   -8.672323e+01 -7.715756e+01 -1.271005e+02
      vertex   -8.513001e+01 -7.600540e+01 -1.271005e+02
      vertex   -8.467419e+01 -7.616579e+01 -1.271005e+02
    endloop
  endfacet
  facet normal 0.000000e+00 0.000000e+00 -1.000000e+00
    outer loop
      vertex   -8.672323e+01 -7.715756e+01 -1.271005e+02
      vertex   -8.467419e+01 -7.616579e+01 -1.271005e+02
      vertex   -8.419320e+01 -7.621218e+01 -1.271005e+02
    endloop
  endfacet
  facet normal 0.000000e+00 -0.000000e+00 -1.000000e+00
    outer loop
      vertex   -8.371513e+01 -7.614185e+01 -1.271005e+02
      vertex   -7.858485e+01 -8.044666e+01 -1.271005e+02
      vertex   -8.419320e+01 -7.621218e+01 -1.271005e+02
    endloop
  endfacet
  facet normal 0.000000e+00 0.000000e+00 -1.000000e+00
    outer loop
      vertex   -8.419320e+01 -7.621218e+01 -1.271005e+02
      vertex   -7.858485e+01 -8.044666e+01 -1.271005e+02
      vertex   -7.857110e+01 -8.092968e+01 -1.271005e+02
    endloop
  endfacet
  facet normal 0.000000e+00 -0.000000e+00 -1.000000e+00
    outer loop
      vertex   -8.419320e+01 -7.621218e+01 -1.271005e+02
      vertex   -7.857110e+01 -8.092968e+01 -1.271005e+02
      vertex   -8.672323e+01 -7.715756e+01 -1.271005e+02
    endloop
  endfacet
  facet normal 0.000000e+00 0.000000e+00 -1.000000e+00
    outer loop
      vertex   -8.672323e+01 -7.715756e+01 -1.271005e+02
      vertex   -7.857110e+01 -8.092968e+01 -1.271005e+02
      vertex   -7.906278e+01 -8.358543e+01 -1.271005e+02
    endloop
  endfacet
  facet normal 0.000000e+00 0.000000e+00 -1.000000e+00
    outer loop
      vertex   -7.906278e+01 -8.358543e+01 -1.271005e+02
      vertex   -7.857110e+01 -8.092968e+01 -1.271005e+02
      vertex   -7.844189e+01 -8.139531e+01 -1.271005e+02
    endloop
  endfacet
  facet normal 0.000000e+00 0.000000e+00 -1.000000e+00
    outer loop
      vertex   -7.906278e+01 -8.358543e+01 -1.271005e+02
      vertex   -7.844189e+01 -8.139531e+01 -1.271005e+02
      vertex   -7.820479e+01 -8.181635e+01 -1.271005e+02
    endloop
  endfacet
  facet normal 0.000000e+00 0.000000e+00 -1.000000e+00
    outer loop
      vertex   -7.858485e+01 -8.044666e+01 -1.271005e+02
      vertex   -8.371513e+01 -7.614185e+01 -1.271005e+02
      vertex   -7.848236e+01 -7.997443e+01 -1.271005e+02
    endloop
  endfacet
  facet normal 0.000000e+00 0.000000e+00 -1.000000e+00
    outer loop
      vertex   -7.848236e+01 -7.997443e+01 -1.271005e+02
      vertex   -8.371513e+01 -7.614185e+01 -1.271005e+02
      vertex   -8.326787e+01 -7.595891e+01 -1.271005e+02
    endloop
  endfacet
  facet normal 0.000000e+00 0.000000e+00 -1.000000e+00
    outer loop
      vertex   -7.848236e+01 -7.997443e+01 -1.271005e+02
      vertex   -8.326787e+01 -7.595891e+01 -1.271005e+02
      vertex   -7.826960e+01 -7.954057e+01 -1.271005e+02
    endloop
  endfacet
  facet normal 0.000000e+00 0.000000e+00 -1.000000e+00
    outer loop
      vertex   -7.826960e+01 -7.954057e+01 -1.271005e+02
      vertex   -8.326787e+01 -7.595891e+01 -1.271005e+02
      vertex   -8.287755e+01 -7.567404e+01 -1.271005e+02
    endloop
  endfacet
  facet normal 0.000000e+00 0.000000e+00 -1.000000e+00
    outer loop
      vertex   -7.826960e+01 -7.954057e+01 -1.271005e+02
      vertex   -8.287755e+01 -7.567404e+01 -1.271005e+02
      vertex   -7.795899e+01 -7.917041e+01 -1.271005e+02
    endloop
  endfacet
  facet normal 0.000000e+00 0.000000e+00 -1.000000e+00
    outer loop
      vertex   -7.795899e+01 -7.917041e+01 -1.271005e+02
      vertex   -8.287755e+01 -7.567404e+01 -1.271005e+02
      vertex   -8.256694e+01 -7.530388e+01 -1.271005e+02
    endloop
  endfacet
  facet normal 0.000000e+00 0.000000e+00 -1.000000e+00
    outer loop
      vertex   -7.795899e+01 -7.917041e+01 -1.271005e+02
      vertex   -8.256694e+01 -7.530388e+01 -1.271005e+02
      vertex   -7.756867e+01 -7.888554e+01 -1.271005e+02
    endloop
  endfacet
  facet normal 0.000000e+00 0.000000e+00 -1.000000e+00
    outer loop
      vertex   -7.756867e+01 -7.888554e+01 -1.271005e+02
      vertex   -8.256694e+01 -7.530388e+01 -1.271005e+02
      vertex   -8.235418e+01 -7.487002e+01 -1.271005e+02
    endloop
  endfacet
  facet normal 0.000000e+00 0.000000e+00 -1.000000e+00
    outer loop
      vertex   -7.756867e+01 -7.888554e+01 -1.271005e+02
      vertex   -8.235418e+01 -7.487002e+01 -1.271005e+02
      vertex   -7.712142e+01 -7.870260e+01 -1.271005e+02
    endloop
  endfacet
  facet normal 0.000000e+00 0.000000e+00 -1.000000e+00
    outer loop
      vertex   -7.712142e+01 -7.870260e+01 -1.271005e+02
      vertex   -8.235418e+01 -7.487002e+01 -1.271005e+02
      vertex   -8.225169e+01 -7.439779e+01 -1.271005e+02
    endloop
  endfacet
  facet normal 0.000000e+00 0.000000e+00 -1.000000e+00
    outer loop
      vertex   -7.712142e+01 -7.870260e+01 -1.271005e+02
      vertex   -8.225169e+01 -7.439779e+01 -1.271005e+02
      vertex   -7.664334e+01 -7.863227e+01 -1.271005e+02
    endloop
  endfacet
  facet normal 0.000000e+00 0.000000e+00 -1.000000e+00
    outer loop
      vertex   -7.664334e+01 -7.863227e+01 -1.271005e+02
      vertex   -8.225169e+01 -7.439779e+01 -1.271005e+02
      vertex   -8.226545e+01 -7.391477e+01 -1.271005e+02
    endloop
  endfacet
  facet normal 0.000000e+00 0.000000e+00 -1.000000e+00
    outer loop
      vertex   -7.664334e+01 -7.863227e+01 -1.271005e+02
      vertex   -8.226545e+01 -7.391477e+01 -1.271005e+02
      vertex   -8.190232e+01 -7.141223e+01 -1.271005e+02
    endloop
  endfacet
  facet normal 0.000000e+00 0.000000e+00 -1.000000e+00
    outer loop
      vertex   -8.190232e+01 -7.141223e+01 -1.271005e+02
      vertex   -8.226545e+01 -7.391477e+01 -1.271005e+02
      vertex   -8.239465e+01 -7.344914e+01 -1.271005e+02
    endloop
  endfacet
  facet normal 0.000000e+00 0.000000e+00 -1.000000e+00
    outer loop
      vertex   -8.190232e+01 -7.141223e+01 -1.271005e+02
      vertex   -8.239465e+01 -7.344914e+01 -1.271005e+02
      vertex   -8.263176e+01 -7.302810e+01 -1.271005e+02
    endloop
  endfacet
  facet normal 0.000000e+00 0.000000e+00 -1.000000e+00
    outer loop
      vertex   -8.263176e+01 -7.302810e+01 -1.271005e+02
      vertex   -8.296293e+01 -7.267621e+01 -1.271005e+02
      vertex   -8.190232e+01 -7.141223e+01 -1.271005e+02
    endloop
  endfacet
  facet normal 0.000000e+00 0.000000e+00 -1.000000e+00
    outer loop
      vertex   -8.190232e+01 -7.141223e+01 -1.271005e+02
      vertex   -7.424188e+01 -7.784010e+01 -1.271005e+02
      vertex   -7.664334e+01 -7.863227e+01 -1.271005e+02
    endloop
  endfacet
  facet normal 0.000000e+00 0.000000e+00 -1.000000e+00
    outer loop
      vertex   -7.664334e+01 -7.863227e+01 -1.271005e+02
      vertex   -7.424188e+01 -7.784010e+01 -1.271005e+02
      vertex   -7.616236e+01 -7.867866e+01 -1.271005e+02
    endloop
  endfacet
  facet normal 0.000000e+00 0.000000e+00 -1.000000e+00
    outer loop
      vertex   -7.616236e+01 -7.867866e+01 -1.271005e+02
      vertex   -7.424188e+01 -7.784010e+01 -1.271005e+02
      vertex   -7.570653e+01 -7.883905e+01 -1.271005e+02
    endloop
  endfacet
  facet normal 0.000000e+00 0.000000e+00 -1.000000e+00
    outer loop
      vertex   -7.570653e+01 -7.883905e+01 -1.271005e+02
      vertex   -7.424188e+01 -7.784010e+01 -1.271005e+02
      vertex   -7.530248e+01 -7.910408e+01 -1.271005e+02
    endloop
  endfacet
  facet normal 0.000000e+00 -0.000000e+00 -1.000000e+00
    outer loop
      vertex   -7.820479e+01 -8.181635e+01 -1.271005e+02
      vertex   -7.787362e+01 -8.216824e+01 -1.271005e+02
      vertex   -7.906278e+01 -8.358543e+01 -1.271005e+02
    endloop
  endfacet
  facet normal 7.660444e-01 -6.427876e-01 0.000000e+00
    outer loop
      vertex   -8.553406e+01 -7.574037e+01 -1.331005e+02
      vertex   -8.553406e+01 -7.574037e+01 -1.271005e+02
      vertex   -8.672323e+01 -7.715756e+01 -1.331005e+02
    endloop
  endfacet
  facet normal 7.660444e-01 -6.427876e-01 0.000000e+00
    outer loop
      vertex   -8.672323e+01 -7.715756e+01 -1.331005e+02
      vertex   -8.553406e+01 -7.574037e+01 -1.271005e+02
      vertex   -8.672323e+01 -7.715756e+01 -1.271005e+02
    endloop
  endfacet
  facet normal -7.660444e-01 6.427876e-01 -4.326866e-16
    outer loop
      vertex   -2.834295e+01 1.115595e+01 -1.420503e+02
      vertex   -2.533929e+01 1.473557e+01 -1.330503e+02
      vertex   -2.511762e+01 1.499975e+01 -1.420503e+02
    endloop
  endfacet
  facet normal -7.660444e-01 6.427876e-01 2.264507e-16
    outer loop
      vertex   -2.511762e+01 1.499975e+01 -1.420503e+02
      vertex   -2.533929e+01 1.473557e+01 -1.330503e+02
      vertex   -2.533929e+01 1.473557e+01 -1.191005e+02
    endloop
  endfacet
  facet normal -7.660444e-01 6.427876e-01 0.000000e+00
    outer loop
      vertex   -2.511762e+01 1.499975e+01 -1.420503e+02
      vertex   -2.533929e+01 1.473557e+01 -1.191005e+02
      vertex   -2.511762e+01 1.499975e+01 -1.050503e+02
    endloop
  endfacet
  facet normal -7.660444e-01 6.427876e-01 0.000000e+00
    outer loop
      vertex   -2.511762e+01 1.499975e+01 -1.050503e+02
      vertex   -2.533929e+01 1.473557e+01 -1.191005e+02
      vertex   -2.834295e+01 1.115595e+01 -1.050503e+02
    endloop
  endfacet
  facet normal -7.660444e-01 6.427876e-01 -1.937002e-16
    outer loop
      vertex   -2.834295e+01 1.115595e+01 -1.050503e+02
      vertex   -2.533929e+01 1.473557e+01 -1.191005e+02
      vertex   -2.834295e+01 1.115595e+01 -1.191005e+02
    endloop
  endfacet
  facet normal -7.660444e-01 6.427876e-01 -1.239130e-15
    outer loop
      vertex   -2.834295e+01 1.115595e+01 -1.420503e+02
      vertex   -2.834295e+01 1.115595e+01 -1.330503e+02
      vertex   -2.533929e+01 1.473557e+01 -1.330503e+02
    endloop
  endfacet
  facet normal 0.000000e+00 -0.000000e+00 -1.000000e+00
    outer loop
      vertex   -2.594104e+01 -9.317424e+00 -1.420503e+02
      vertex   -2.571024e+01 -1.064742e+01 -1.420503e+02
      vertex   -5.220560e+01 -4.061831e+01 -1.420503e+02
    endloop
  endfacet
  facet normal 0.000000e+00 0.000000e+00 -1.000000e+00
    outer loop
      vertex   -5.220560e+01 -4.061831e+01 -1.420503e+02
      vertex   -2.571024e+01 -1.064742e+01 -1.420503e+02
      vertex   -2.530241e+01 -1.193421e+01 -1.420503e+02
    endloop
  endfacet
  facet normal 0.000000e+00 0.000000e+00 -1.000000e+00
    outer loop
      vertex   -5.220560e+01 -4.061831e+01 -1.420503e+02
      vertex   -2.530241e+01 -1.193421e+01 -1.420503e+02
      vertex   -2.472500e+01 -1.315435e+01 -1.420503e+02
    endloop
  endfacet
  facet normal 0.000000e+00 -0.000000e+00 -1.000000e+00
    outer loop
      vertex   -2.472500e+01 -1.315435e+01 -1.420503e+02
      vertex   -2.398853e+01 -1.428561e+01 -1.420503e+02
      vertex   -5.220560e+01 -4.061831e+01 -1.420503e+02
    endloop
  endfacet
  facet normal 1.769347e-15 -1.895961e-15 -1.000000e+00
    outer loop
      vertex   -5.220560e+01 -4.061831e+01 -1.420503e+02
      vertex   -2.398853e+01 -1.428561e+01 -1.420503e+02
      vertex   -4.071748e+01 -4.488805e+01 -1.420503e+02
    endloop
  endfacet
  facet normal 1.461150e-15 -2.725194e-15 -1.000000e+00
    outer loop
      vertex   -5.220560e+01 -4.061831e+01 -1.420503e+02
      vertex   -4.071748e+01 -4.488805e+01 -1.420503e+02
      vertex   -4.462215e+01 -4.698158e+01 -1.420503e+02
    endloop
  endfacet
  facet normal -6.586869e-16 -5.686661e-16 -1.000000e+00
    outer loop
      vertex   -2.398853e+01 -1.428561e+01 -1.420503e+02
      vertex   -2.310640e+01 -1.530738e+01 -1.420503e+02
      vertex   -4.071748e+01 -4.488805e+01 -1.420503e+02
    endloop
  endfacet
  facet normal -5.562072e-16 -6.296781e-16 -1.000000e+00
    outer loop
      vertex   -4.071748e+01 -4.488805e+01 -1.420503e+02
      vertex   -2.310640e+01 -1.530738e+01 -1.420503e+02
      vertex   -2.209470e+01 -1.620103e+01 -1.420503e+02
    endloop
  endfacet
  facet normal 8.148091e-16 -1.519702e-15 -1.000000e+00
    outer loop
      vertex   -4.071748e+01 -4.488805e+01 -1.420503e+02
      vertex   -2.209470e+01 -1.620103e+01 -1.420503e+02
      vertex   -1.877226e+01 -3.312181e+01 -1.420503e+02
    endloop
  endfacet
  facet normal -1.161782e-16 -1.702505e-15 -1.000000e+00
    outer loop
      vertex   -1.877226e+01 -3.312181e+01 -1.420503e+02
      vertex   -2.209470e+01 -1.620103e+01 -1.420503e+02
      vertex   -1.661935e+01 -3.326873e+01 -1.420503e+02
    endloop
  endfacet
  facet normal 3.014979e-17 -1.655562e-15 -1.000000e+00
    outer loop
      vertex   -1.661935e+01 -3.326873e+01 -1.420503e+02
      vertex   -2.209470e+01 -1.620103e+01 -1.420503e+02
      vertex   -1.446180e+01 -3.322943e+01 -1.420503e+02
    endloop
  endfacet
  facet normal 1.672765e-16 -1.594096e-15 -1.000000e+00
    outer loop
      vertex   -1.446180e+01 -3.322943e+01 -1.420503e+02
      vertex   -2.209470e+01 -1.620103e+01 -1.420503e+02
      vertex   -1.231568e+01 -3.300423e+01 -1.420503e+02
    endloop
  endfacet
  facet normal 2.938246e-16 -1.520448e-15 -1.000000e+00
    outer loop
      vertex   -1.231568e+01 -3.300423e+01 -1.420503e+02
      vertex   -2.209470e+01 -1.620103e+01 -1.420503e+02
      vertex   -1.019697e+01 -3.259479e+01 -1.420503e+02
    endloop
  endfacet
  facet normal 4.089030e-16 -1.436930e-15 -1.000000e+00
    outer loop
      vertex   -1.019697e+01 -3.259479e+01 -1.420503e+02
      vertex   -2.209470e+01 -1.620103e+01 -1.420503e+02
      vertex   -8.121459e+00 -3.200417e+01 -1.420503e+02
    endloop
  endfacet
  facet normal 5.120471e-16 -1.345730e-15 -1.000000e+00
    outer loop
      vertex   -8.121459e+00 -3.200417e+01 -1.420503e+02
      vertex   -2.209470e+01 -1.620103e+01 -1.420503e+02
      vertex   -6.104615e+00 -3.123677e+01 -1.420503e+02
    endloop
  endfacet
  facet normal -4.344171e-15 -6.510184e-15 -1.000000e+00
    outer loop
      vertex   -6.104615e+00 -3.123677e+01 -1.420503e+02
      vertex   -2.209470e+01 -1.620103e+01 -1.420503e+02
      vertex   -2.097187e+01 -1.695029e+01 -1.420503e+02
    endloop
  endfacet
  facet normal -1.965909e-15 -4.035241e-15 -1.000000e+00
    outer loop
      vertex   -6.104615e+00 -3.123677e+01 -1.420503e+02
      vertex   -2.097187e+01 -1.695029e+01 -1.420503e+02
      vertex   -1.975835e+01 -1.754150e+01 -1.420503e+02
    endloop
  endfacet
  facet normal -1.018112e-15 -3.090318e-15 -1.000000e+00
    outer loop
      vertex   -1.975835e+01 -1.754150e+01 -1.420503e+02
      vertex   -1.847626e+01 -1.796388e+01 -1.420503e+02
      vertex   -6.104615e+00 -3.123677e+01 -1.420503e+02
    endloop
  endfacet
  facet normal -4.794424e-16 -2.588225e-15 -1.000000e+00
    outer loop
      vertex   -6.104615e+00 -3.123677e+01 -1.420503e+02
      vertex   -1.847626e+01 -1.796388e+01 -1.420503e+02
      vertex   -1.714897e+01 -1.820975e+01 -1.420503e+02
    endloop
  endfacet
  facet normal -1.094297e-16 -2.274526e-15 -1.000000e+00
    outer loop
      vertex   -6.104615e+00 -3.123677e+01 -1.420503e+02
      vertex   -1.714897e+01 -1.820975e+01 -1.420503e+02
      vertex   -1.580066e+01 -1.827462e+01 -1.420503e+02
    endloop
  endfacet
  facet normal 1.795626e-16 -2.058352e-15 -1.000000e+00
    outer loop
      vertex   -1.580066e+01 -1.827462e+01 -1.420503e+02
      vertex   -1.445590e+01 -1.815731e+01 -1.420503e+02
      vertex   -6.104615e+00 -3.123677e+01 -1.420503e+02
    endloop
  endfacet
  facet normal 4.288890e-16 -1.899156e-15 -1.000000e+00
    outer loop
      vertex   -6.104615e+00 -3.123677e+01 -1.420503e+02
      vertex   -1.445590e+01 -1.815731e+01 -1.420503e+02
      vertex   -1.313919e+01 -1.785995e+01 -1.420503e+02
    endloop
  endfacet
  facet normal 6.628550e-16 -1.776119e-15 -1.000000e+00
    outer loop
      vertex   -6.104615e+00 -3.123677e+01 -1.420503e+02
      vertex   -1.313919e+01 -1.785995e+01 -1.420503e+02
      vertex   -1.187452e+01 -1.738797e+01 -1.420503e+02
    endloop
  endfacet
  facet normal 8.996645e-16 -1.677455e-15 -1.000000e+00
    outer loop
      vertex   -1.187452e+01 -1.738797e+01 -1.420503e+02
      vertex   -1.068494e+01 -1.674997e+01 -1.420503e+02
      vertex   -6.104615e+00 -3.123677e+01 -1.420503e+02
    endloop
  endfacet
  facet normal 1.157268e-15 -1.596008e-15 -1.000000e+00
    outer loop
      vertex   -6.104615e+00 -3.123677e+01 -1.420503e+02
      vertex   -1.068494e+01 -1.674997e+01 -1.420503e+02
      vertex   -9.592121e+00 -1.595756e+01 -1.420503e+02
    endloop
  endfacet
  facet normal 8.091841e-16 -1.675459e-15 -1.000000e+00
    outer loop
      vertex   -6.104615e+00 -3.123677e+01 -1.420503e+02
      vertex   -9.592121e+00 -1.595756e+01 -1.420503e+02
      vertex   -4.161462e+00 -3.029830e+01 -1.420503e+02
    endloop
  endfacet
  facet normal 1.390174e-15 -1.455445e-15 -1.000000e+00
    outer loop
      vertex   -4.161462e+00 -3.029830e+01 -1.420503e+02
      vertex   -9.592121e+00 -1.595756e+01 -1.420503e+02
      vertex   -8.615981e+00 -1.502520e+01 -1.420503e+02
    endloop
  endfacet
  facet normal 9.426497e-16 -1.585969e-15 -1.000000e+00
    outer loop
      vertex   -4.161462e+00 -3.029830e+01 -1.420503e+02
      vertex   -8.615981e+00 -1.502520e+01 -1.420503e+02
      vertex   -2.306478e+00 -2.919575e+01 -1.420503e+02
    endloop
  endfacet
  facet normal 1.091064e-15 -1.519887e-15 -1.000000e+00
    outer loop
      vertex   -2.306478e+00 -2.919575e+01 -1.420503e+02
      vertex   -8.615981e+00 -1.502520e+01 -1.420503e+02
      vertex   -5.534824e-01 -2.793735e+01 -1.420503e+02
    endloop
  endfacet
  facet normal 1.229490e-15 -1.433452e-15 -1.000000e+00
    outer loop
      vertex   -5.534824e-01 -2.793735e+01 -1.420503e+02
      vertex   -8.615981e+00 -1.502520e+01 -1.420503e+02
      vertex   1.084463e+00 -2.653246e+01 -1.420503e+02
    endloop
  endfacet
  facet normal 1.354569e-15 -1.328012e-15 -1.000000e+00
    outer loop
      vertex   1.084463e+00 -2.653246e+01 -1.420503e+02
      vertex   -8.615981e+00 -1.502520e+01 -1.420503e+02
      vertex   2.595155e+00 -2.499156e+01 -1.420503e+02
    endloop
  endfacet
  facet normal 1.463333e-15 -1.205665e-15 -1.000000e+00
    outer loop
      vertex   2.595155e+00 -2.499156e+01 -1.420503e+02
      vertex   -8.615981e+00 -1.502520e+01 -1.420503e+02
      vertex   3.967338e+00 -2.332612e+01 -1.420503e+02
    endloop
  endfacet
  facet normal 1.553386e-15 -1.069154e-15 -1.000000e+00
    outer loop
      vertex   3.967338e+00 -2.332612e+01 -1.420503e+02
      vertex   -8.615981e+00 -1.502520e+01 -1.420503e+02
      vertex   5.190789e+00 -2.154856e+01 -1.420503e+02
    endloop
  endfacet
  facet normal 1.495137e-15 -1.192438e-15 -1.000000e+00
    outer loop
      vertex   5.190789e+00 -2.154856e+01 -1.420503e+02
      vertex   -8.615981e+00 -1.502520e+01 -1.420503e+02
      vertex   -7.774305e+00 -1.396987e+01 -1.420503e+02
    endloop
  endfacet
  facet normal 1.645832e-15 -9.346397e-16 -1.000000e+00
    outer loop
      vertex   5.190789e+00 -2.154856e+01 -1.420503e+02
      vertex   -7.774305e+00 -1.396987e+01 -1.420503e+02
      vertex   6.256392e+00 -1.967211e+01 -1.420503e+02
    endloop
  endfacet
  facet normal 1.707345e-15 -7.832843e-16 -1.000000e+00
    outer loop
      vertex   6.256392e+00 -1.967211e+01 -1.420503e+02
      vertex   -7.774305e+00 -1.396987e+01 -1.420503e+02
      vertex   7.156208e+00 -1.771076e+01 -1.420503e+02
    endloop
  endfacet
  facet normal 1.746905e-15 -6.253899e-16 -1.000000e+00
    outer loop
      vertex   7.156208e+00 -1.771076e+01 -1.420503e+02
      vertex   -7.774305e+00 -1.396987e+01 -1.420503e+02
      vertex   7.883533e+00 -1.567911e+01 -1.420503e+02
    endloop
  endfacet
  facet normal 1.764463e-15 -4.645510e-16 -1.000000e+00
    outer loop
      vertex   7.883533e+00 -1.567911e+01 -1.420503e+02
      vertex   -7.774305e+00 -1.396987e+01 -1.420503e+02
      vertex   8.432948e+00 -1.359232e+01 -1.420503e+02
    endloop
  endfacet
  facet normal 1.778370e-15 -1.061546e-15 -1.000000e+00
    outer loop
      vertex   8.432948e+00 -1.359232e+01 -1.420503e+02
      vertex   -7.774305e+00 -1.396987e+01 -1.420503e+02
      vertex   -7.082428e+00 -1.281079e+01 -1.420503e+02
    endloop
  endfacet
  facet normal 1.816036e-15 -3.137851e-16 -1.000000e+00
    outer loop
      vertex   8.432948e+00 -1.359232e+01 -1.420503e+02
      vertex   -7.082428e+00 -1.281079e+01 -1.420503e+02
      vertex   8.800360e+00 -1.146592e+01 -1.420503e+02
    endloop
  endfacet
  facet normal 1.856497e-15 -7.916244e-16 -1.000000e+00
    outer loop
      vertex   8.800360e+00 -1.146592e+01 -1.420503e+02
      vertex   -7.082428e+00 -1.281079e+01 -1.420503e+02
      vertex   -6.552959e+00 -1.156909e+01 -1.420503e+02
    endloop
  endfacet
  facet normal 1.854599e-15 -5.092296e-16 -1.000000e+00
    outer loop
      vertex   8.800360e+00 -1.146592e+01 -1.420503e+02
      vertex   -6.552959e+00 -1.156909e+01 -1.420503e+02
      vertex   -6.195544e+00 -1.026740e+01 -1.420503e+02
    endloop
  endfacet
  facet normal 1.875264e-15 -2.506675e-16 -1.000000e+00
    outer loop
      vertex   -6.195544e+00 -1.026740e+01 -1.420503e+02
      vertex   -6.016697e+00 -8.929429e+00 -1.420503e+02
      vertex   8.800360e+00 -1.146592e+01 -1.420503e+02
    endloop
  endfacet
  facet normal 1.918900e-15 4.234913e-18 -1.000000e+00
    outer loop
      vertex   8.800360e+00 -1.146592e+01 -1.420503e+02
      vertex   -6.016697e+00 -8.929429e+00 -1.420503e+02
      vertex   -6.019676e+00 -7.579561e+00 -1.420503e+02
    endloop
  endfacet
  facet normal 1.989887e-15 2.749347e-16 -1.000000e+00
    outer loop
      vertex   8.800360e+00 -1.146592e+01 -1.420503e+02
      vertex   -6.019676e+00 -7.579561e+00 -1.420503e+02
      vertex   -6.204427e+00 -6.242394e+00 -1.420503e+02
    endloop
  endfacet
  facet normal 2.098208e-15 5.860907e-16 -1.000000e+00
    outer loop
      vertex   -6.204427e+00 -6.242394e+00 -1.420503e+02
      vertex   -6.567584e+00 -4.942290e+00 -1.420503e+02
      vertex   8.800360e+00 -1.146592e+01 -1.420503e+02
    endloop
  endfacet
  facet normal 2.264295e-15 9.773466e-16 -1.000000e+00
    outer loop
      vertex   8.800360e+00 -1.146592e+01 -1.420503e+02
      vertex   -6.567584e+00 -4.942290e+00 -1.420503e+02
      vertex   -7.102529e+00 -3.702942e+00 -1.420503e+02
    endloop
  endfacet
  facet normal 2.532585e-15 1.526954e-15 -1.000000e+00
    outer loop
      vertex   8.800360e+00 -1.146592e+01 -1.420503e+02
      vertex   -7.102529e+00 -3.702942e+00 -1.420503e+02
      vertex   -7.799514e+00 -2.546931e+00 -1.420503e+02
    endloop
  endfacet
  facet normal 1.525063e-15 1.227358e-15 -1.000000e+00
    outer loop
      vertex   -8.645841e+00 -1.495321e+00 -1.420503e+02
      vertex   6.220043e+00 3.189780e+00 -1.420503e+02
      vertex   -7.799514e+00 -2.546931e+00 -1.420503e+02
    endloop
  endfacet
  facet normal 1.704601e-15 7.885967e-16 -1.000000e+00
    outer loop
      vertex   -7.799514e+00 -2.546931e+00 -1.420503e+02
      vertex   6.220043e+00 3.189780e+00 -1.420503e+02
      vertex   7.126092e+00 1.231299e+00 -1.420503e+02
    endloop
  endfacet
  facet normal 1.744543e-15 6.308097e-16 -1.000000e+00
    outer loop
      vertex   -7.799514e+00 -2.546931e+00 -1.420503e+02
      vertex   7.126092e+00 1.231299e+00 -1.420503e+02
      vertex   7.859873e+00 -7.980198e-01 -1.420503e+02
    endloop
  endfacet
  facet normal 1.300788e-15 1.373953e-15 -1.000000e+00
    outer loop
      vertex   -9.626087e+00 -5.672753e-01 -1.420503e+02
      vertex   1.026325e+00 1.003365e+01 -1.420503e+02
      vertex   -8.645841e+00 -1.495321e+00 -1.420503e+02
    endloop
  endfacet
  facet normal 1.350378e-15 1.332350e-15 -1.000000e+00
    outer loop
      vertex   -8.645841e+00 -1.495321e+00 -1.420503e+02
      vertex   1.026325e+00 1.003365e+01 -1.420503e+02
      vertex   2.541910e+00 8.497563e+00 -1.420503e+02
    endloop
  endfacet
  facet normal 1.459429e-15 1.210260e-15 -1.000000e+00
    outer loop
      vertex   -8.645841e+00 -1.495321e+00 -1.420503e+02
      vertex   2.541910e+00 8.497563e+00 -1.420503e+02
      vertex   3.919382e+00 6.836497e+00 -1.420503e+02
    endloop
  endfacet
  facet normal 1.230815e-15 1.444266e-15 -1.000000e+00
    outer loop
      vertex   1.026325e+00 1.003365e+01 -1.420503e+02
      vertex   -9.626087e+00 -5.672753e-01 -1.420503e+02
      vertex   -6.160790e-01 1.143332e+01 -1.420503e+02
    endloop
  endfacet
  facet normal 1.105263e-15 1.538530e-15 -1.000000e+00
    outer loop
      vertex   -6.160790e-01 1.143332e+01 -1.420503e+02
      vertex   -9.626087e+00 -5.672753e-01 -1.420503e+02
      vertex   -1.072239e+01 2.202966e-01 -1.420503e+02
    endloop
  endfacet
  facet normal 1.100264e-15 1.543036e-15 -1.000000e+00
    outer loop
      vertex   -6.160790e-01 1.143332e+01 -1.420503e+02
      vertex   -1.072239e+01 2.202966e-01 -1.420503e+02
      vertex   -2.373067e+00 1.268615e+01 -1.420503e+02
    endloop
  endfacet
  facet normal 8.926225e-16 1.682109e-15 -1.000000e+00
    outer loop
      vertex   -2.373067e+00 1.268615e+01 -1.420503e+02
      vertex   -1.072239e+01 2.202966e-01 -1.420503e+02
      vertex   -1.191477e+01 8.530439e-01 -1.420503e+02
    endloop
  endfacet
  facet normal 9.603444e-16 1.627501e-15 -1.000000e+00
    outer loop
      vertex   -2.373067e+00 1.268615e+01 -1.420503e+02
      vertex   -1.191477e+01 8.530439e-01 -1.420503e+02
      vertex   -4.231548e+00 1.378279e+01 -1.420503e+02
    endloop
  endfacet
  facet normal 6.640453e-16 1.803570e-15 -1.000000e+00
    outer loop
      vertex   -4.231548e+00 1.378279e+01 -1.420503e+02
      vertex   -1.191477e+01 8.530439e-01 -1.420503e+02
      vertex   -1.318151e+01 1.319437e+00 -1.420503e+02
    endloop
  endfacet
  facet normal 8.128169e-16 1.696737e-15 -1.000000e+00
    outer loop
      vertex   -4.231548e+00 1.378279e+01 -1.420503e+02
      vertex   -1.318151e+01 1.319437e+00 -1.420503e+02
      vertex   -6.177675e+00 1.471507e+01 -1.420503e+02
    endloop
  endfacet
  facet normal 4.206660e-16 1.901771e-15 -1.000000e+00
    outer loop
      vertex   -6.177675e+00 1.471507e+01 -1.420503e+02
      vertex   -1.318151e+01 1.319437e+00 -1.420503e+02
      vertex   -1.449953e+01 1.610977e+00 -1.420503e+02
    endloop
  endfacet
  facet normal 6.595364e-16 1.750075e-15 -1.000000e+00
    outer loop
      vertex   -6.177675e+00 1.471507e+01 -1.420503e+02
      vertex   -1.449953e+01 1.610977e+00 -1.420503e+02
      vertex   -8.196950e+00 1.547606e+01 -1.420503e+02
    endloop
  endfacet
  facet normal 1.635548e-16 1.975530e-15 -1.000000e+00
    outer loop
      vertex   -8.196950e+00 1.547606e+01 -1.420503e+02
      vertex   -1.449953e+01 1.610977e+00 -1.420503e+02
      vertex   -1.584479e+01 1.722352e+00 -1.420503e+02
    endloop
  endfacet
  facet normal 5.024140e-16 1.787105e-15 -1.000000e+00
    outer loop
      vertex   -8.196950e+00 1.547606e+01 -1.420503e+02
      vertex   -1.584479e+01 1.722352e+00 -1.420503e+02
      vertex   -1.027433e+01 1.606008e+01 -1.420503e+02
    endloop
  endfacet
  facet normal -1.063123e-16 2.023607e-15 -1.000000e+00
    outer loop
      vertex   -1.027433e+01 1.606008e+01 -1.420503e+02
      vertex   -1.584479e+01 1.722352e+00 -1.420503e+02
      vertex   -1.719281e+01 1.651533e+00 -1.420503e+02
    endloop
  endfacet
  facet normal 3.433732e-16 1.807683e-15 -1.000000e+00
    outer loop
      vertex   -1.027433e+01 1.606008e+01 -1.420503e+02
      vertex   -1.719281e+01 1.651533e+00 -1.420503e+02
      vertex   -1.239433e+01 1.646278e+01 -1.420503e+02
    endloop
  endfacet
  facet normal -3.880951e-16 2.044661e-15 -1.000000e+00
    outer loop
      vertex   -1.239433e+01 1.646278e+01 -1.420503e+02
      vertex   -1.719281e+01 1.651533e+00 -1.420503e+02
      vertex   -1.851900e+01 1.399810e+00 -1.420503e+02
    endloop
  endfacet
  facet normal 1.843105e-16 1.811918e-15 -1.000000e+00
    outer loop
      vertex   -1.239433e+01 1.646278e+01 -1.420503e+02
      vertex   -1.851900e+01 1.399810e+00 -1.420503e+02
      vertex   -1.454116e+01 1.668116e+01 -1.420503e+02
    endloop
  endfacet
  facet normal -6.811432e-16 2.037202e-15 -1.000000e+00
    outer loop
      vertex   -1.454116e+01 1.668116e+01 -1.420503e+02
      vertex   -1.851900e+01 1.399810e+00 -1.420503e+02
      vertex   -1.979921e+01 9.717692e-01 -1.420503e+02
    endloop
  endfacet
  facet normal 2.705729e-17 1.800162e-15 -1.000000e+00
    outer loop
      vertex   -1.454116e+01 1.668116e+01 -1.420503e+02
      vertex   -1.979921e+01 9.717692e-01 -1.420503e+02
      vertex   -1.669882e+01 1.671359e+01 -1.420503e+02
    endloop
  endfacet
  facet normal 1.584854e-16 1.774277e-15 -1.000000e+00
    outer loop
      vertex   -1.669882e+01 1.671359e+01 -1.420503e+02
      vertex   -1.979921e+01 9.717692e-01 -1.420503e+02
      vertex   -2.653445e+01 1.573388e+00 -1.420503e+02
    endloop
  endfacet
  facet normal -1.406262e-16 1.968591e-15 -1.000000e+00
    outer loop
      vertex   -1.669882e+01 1.671359e+01 -1.420503e+02
      vertex   -2.653445e+01 1.573388e+00 -1.420503e+02
      vertex   -1.885125e+01 1.655983e+01 -1.420503e+02
    endloop
  endfacet
  facet normal -3.282515e-16 2.064782e-15 -1.000000e+00
    outer loop
      vertex   -1.885125e+01 1.655983e+01 -1.420503e+02
      vertex   -2.653445e+01 1.573388e+00 -1.420503e+02
      vertex   -2.098239e+01 1.622103e+01 -1.420503e+02
    endloop
  endfacet
  facet normal 8.636367e-15 -1.333178e-15 -1.000000e+00
    outer loop
      vertex   -2.098239e+01 1.622103e+01 -1.420503e+02
      vertex   -2.653445e+01 1.573388e+00 -1.420503e+02
      vertex   -2.845195e+01 1.047056e+01 -1.420503e+02
    endloop
  endfacet
  facet normal -3.637203e-15 1.460955e-14 -1.000000e+00
    outer loop
      vertex   -2.098239e+01 1.622103e+01 -1.420503e+02
      vertex   -2.845195e+01 1.047056e+01 -1.420503e+02
      vertex   -2.307638e+01 1.569971e+01 -1.420503e+02
    endloop
  endfacet
  facet normal 1.574729e-14 -5.317724e-15 -1.000000e+00
    outer loop
      vertex   -2.307638e+01 1.569971e+01 -1.420503e+02
      vertex   -2.845195e+01 1.047056e+01 -1.420503e+02
      vertex   -2.511762e+01 1.499975e+01 -1.420503e+02
    endloop
  endfacet
  facet normal -1.705010e-12 1.261482e-12 -1.000000e+00
    outer loop
      vertex   -2.511762e+01 1.499975e+01 -1.420503e+02
      vertex   -2.845195e+01 1.047056e+01 -1.420503e+02
      vertex   -2.844726e+01 1.049943e+01 -1.420503e+02
    endloop
  endfacet
  facet normal 0.000000e+00 0.000000e+00 -1.000000e+00
    outer loop
      vertex   -2.511762e+01 1.499975e+01 -1.420503e+02
      vertex   -2.844726e+01 1.049943e+01 -1.420503e+02
      vertex   -2.834295e+01 1.115595e+01 -1.420503e+02
    endloop
  endfacet
  facet normal 0.000000e+00 0.000000e+00 -1.000000e+00
    outer loop
      vertex   -2.834295e+01 1.115595e+01 -1.420503e+02
      vertex   -2.844726e+01 1.049943e+01 -1.420503e+02
      vertex   -2.844735e+01 1.049947e+01 -1.420503e+02
    endloop
  endfacet
  facet normal -0.000000e+00 0.000000e+00 -1.000000e+00
    outer loop
      vertex   -1.979921e+01 9.717692e-01 -1.420503e+02
      vertex   -2.101010e+01 3.752111e-01 -1.420503e+02
      vertex   -2.653445e+01 1.573388e+00 -1.420503e+02
    endloop
  endfacet
  facet normal 0.000000e+00 0.000000e+00 -1.000000e+00
    outer loop
      vertex   -2.653445e+01 1.573388e+00 -1.420503e+02
      vertex   -2.101010e+01 3.752111e-01 -1.420503e+02
      vertex   -2.212962e+01 -3.789945e-01 -1.420503e+02
    endloop
  endfacet
  facet normal 0.000000e+00 0.000000e+00 -1.000000e+00
    outer loop
      vertex   -2.653445e+01 1.573388e+00 -1.420503e+02
      vertex   -2.212962e+01 -3.789945e-01 -1.420503e+02
      vertex   -2.313737e+01 -1.277105e+00 -1.420503e+02
    endloop
  endfacet
  facet normal 3.029028e-15 -2.541657e-15 -1.000000e+00
    outer loop
      vertex   -2.653445e+01 1.573388e+00 -1.420503e+02
      vertex   -3.064618e+01 -3.326777e+00 -1.420503e+02
      vertex   -2.845195e+01 1.047056e+01 -1.420503e+02
    endloop
  endfacet
  facet normal 4.279781e-13 9.150758e-13 -1.000000e+00
    outer loop
      vertex   -2.845195e+01 1.047056e+01 -1.420503e+02
      vertex   -2.845918e+01 1.047394e+01 -1.420503e+02
      vertex   -2.844726e+01 1.049943e+01 -1.420503e+02
    endloop
  endfacet
  facet normal 1.549803e-15 1.073967e-15 -1.000000e+00
    outer loop
      vertex   3.919382e+00 6.836497e+00 -1.420503e+02
      vertex   5.148479e+00 5.062831e+00 -1.420503e+02
      vertex   -8.645841e+00 -1.495321e+00 -1.420503e+02
    endloop
  endfacet
  facet normal 1.619820e-15 9.266924e-16 -1.000000e+00
    outer loop
      vertex   -8.645841e+00 -1.495321e+00 -1.420503e+02
      vertex   5.148479e+00 5.062831e+00 -1.420503e+02
      vertex   6.220043e+00 3.189780e+00 -1.420503e+02
    endloop
  endfacet
  facet normal 1.762500e-15 4.700321e-16 -1.000000e+00
    outer loop
      vertex   7.859873e+00 -7.980198e-01 -1.420503e+02
      vertex   8.415921e+00 -2.883057e+00 -1.420503e+02
      vertex   -7.799514e+00 -2.546931e+00 -1.420503e+02
    endloop
  endfacet
  facet normal 1.759177e-15 3.097248e-16 -1.000000e+00
    outer loop
      vertex   -7.799514e+00 -2.546931e+00 -1.420503e+02
      vertex   8.415921e+00 -2.883057e+00 -1.420503e+02
      vertex   8.790093e+00 -5.008279e+00 -1.420503e+02
    endloop
  endfacet
  facet normal 1.735930e-15 1.530403e-16 -1.000000e+00
    outer loop
      vertex   -7.799514e+00 -2.546931e+00 -1.420503e+02
      vertex   8.790093e+00 -5.008279e+00 -1.420503e+02
      vertex   8.979600e+00 -7.157850e+00 -1.420503e+02
    endloop
  endfacet
  facet normal 1.694615e-15 2.694316e-18 -1.000000e+00
    outer loop
      vertex   8.979600e+00 -7.157850e+00 -1.420503e+02
      vertex   8.983031e+00 -9.315756e+00 -1.420503e+02
      vertex   -7.799514e+00 -2.546931e+00 -1.420503e+02
    endloop
  endfacet
  facet normal 1.637421e-15 -1.391100e-16 -1.000000e+00
    outer loop
      vertex   -7.799514e+00 -2.546931e+00 -1.420503e+02
      vertex   8.983031e+00 -9.315756e+00 -1.420503e+02
      vertex   8.800360e+00 -1.146592e+01 -1.420503e+02
    endloop
  endfacet
  facet normal 6.841189e-01 7.293667e-01 2.370251e-03
    outer loop
      vertex   1.850365e+00 9.231487e+00 -1.330503e+02
      vertex   1.026325e+00 1.003365e+01 -1.420503e+02
      vertex   3.354299e-01 1.065244e+01 -1.330503e+02
    endloop
  endfacet
  facet normal 6.486216e-01 7.611068e-01 -2.537009e-03
    outer loop
      vertex   3.354299e-01 1.065244e+01 -1.330503e+02
      vertex   1.026325e+00 1.003365e+01 -1.420503e+02
      vertex   -6.160790e-01 1.143332e+01 -1.420503e+02
    endloop
  endfacet
  facet normal 6.343937e-01 7.730101e-01 -2.019588e-16
    outer loop
      vertex   3.354299e-01 1.065244e+01 -1.330503e+02
      vertex   -6.160790e-01 1.143332e+01 -1.420503e+02
      vertex   3.354299e-01 1.065244e+01 -1.191005e+02
    endloop
  endfacet
  facet normal 6.339428e-01 7.733799e-01 3.127342e-05
    outer loop
      vertex   3.354299e-01 1.065244e+01 -1.191005e+02
      vertex   -6.160790e-01 1.143332e+01 -1.420503e+02
      vertex   -6.526512e-01 1.146181e+01 -1.050503e+02
    endloop
  endfacet
  facet normal 6.471516e-01 7.623597e-01 1.594998e-03
    outer loop
      vertex   3.354299e-01 1.065244e+01 -1.191005e+02
      vertex   -6.526512e-01 1.146181e+01 -1.050503e+02
      vertex   9.895114e-01 1.006781e+01 -1.050503e+02
    endloop
  endfacet
  facet normal 7.118400e-01 7.023370e-01 -2.577036e-03
    outer loop
      vertex   1.026325e+00 1.003365e+01 -1.420503e+02
      vertex   1.850365e+00 9.231487e+00 -1.330503e+02
      vertex   2.541910e+00 8.497563e+00 -1.420503e+02
    endloop
  endfacet
  facet normal 7.423027e-01 6.700605e-01 2.395723e-03
    outer loop
      vertex   2.541910e+00 8.497563e+00 -1.420503e+02
      vertex   1.850365e+00 9.231487e+00 -1.330503e+02
      vertex   3.242118e+00 7.689683e+00 -1.330503e+02
    endloop
  endfacet
  facet normal 7.697548e-01 6.383344e-01 -2.587953e-03
    outer loop
      vertex   2.541910e+00 8.497563e+00 -1.420503e+02
      vertex   3.242118e+00 7.689683e+00 -1.330503e+02
      vertex   3.919382e+00 6.836497e+00 -1.420503e+02
    endloop
  endfacet
  facet normal 7.953627e-01 6.061291e-01 2.392085e-03
    outer loop
      vertex   3.919382e+00 6.836497e+00 -1.420503e+02
      vertex   3.242118e+00 7.689683e+00 -1.330503e+02
      vertex   4.501082e+00 6.037671e+00 -1.330503e+02
    endloop
  endfacet
  facet normal 8.219347e-01 5.695759e-01 -2.569760e-03
    outer loop
      vertex   3.919382e+00 6.836497e+00 -1.420503e+02
      vertex   4.501082e+00 6.037671e+00 -1.330503e+02
      vertex   5.148479e+00 5.062831e+00 -1.420503e+02
    endloop
  endfacet
  facet normal 8.429326e-01 5.380140e-01 2.359336e-03
    outer loop
      vertex   5.148479e+00 5.062831e+00 -1.420503e+02
      vertex   4.501082e+00 6.037671e+00 -1.330503e+02
      vertex   5.618567e+00 4.286853e+00 -1.330503e+02
    endloop
  endfacet
  facet normal 8.679908e-01 4.965739e-01 -2.522456e-03
    outer loop
      vertex   5.148479e+00 5.062831e+00 -1.420503e+02
      vertex   5.618567e+00 4.286853e+00 -1.330503e+02
      vertex   6.220043e+00 3.189780e+00 -1.420503e+02
    endloop
  endfacet
  facet normal 8.846842e-01 4.661851e-01 2.297478e-03
    outer loop
      vertex   6.220043e+00 3.189780e+00 -1.420503e+02
      vertex   5.618567e+00 4.286853e+00 -1.330503e+02
      vertex   6.586859e+00 2.449315e+00 -1.330503e+02
    endloop
  endfacet
  facet normal 9.075800e-01 4.198721e-01 -2.446043e-03
    outer loop
      vertex   6.220043e+00 3.189780e+00 -1.420503e+02
      vertex   6.586859e+00 2.449315e+00 -1.330503e+02
      vertex   7.126092e+00 1.231299e+00 -1.420503e+02
    endloop
  endfacet
  facet normal 9.203292e-01 3.911383e-01 2.206510e-03
    outer loop
      vertex   7.126092e+00 1.231299e+00 -1.420503e+02
      vertex   6.586859e+00 2.449315e+00 -1.330503e+02
      vertex   7.399275e+00 5.377403e-01 -1.330503e+02
    endloop
  endfacet
  facet normal 9.404073e-01 3.400421e-01 -2.340521e-03
    outer loop
      vertex   7.126092e+00 1.231299e+00 -1.420503e+02
      vertex   7.399275e+00 5.377403e-01 -1.330503e+02
      vertex   7.859873e+00 -7.980198e-01 -1.420503e+02
    endloop
  endfacet
  facet normal 9.496217e-01 3.133917e-01 2.086433e-03
    outer loop
      vertex   7.859873e+00 -7.980198e-01 -1.420503e+02
      vertex   7.399275e+00 5.377403e-01 -1.330503e+02
      vertex   8.050207e+00 -1.434675e+00 -1.330503e+02
    endloop
  endfacet
  facet normal 9.662282e-01 2.576785e-01 -2.205890e-03
    outer loop
      vertex   7.859873e+00 -7.980198e-01 -1.420503e+02
      vertex   8.050207e+00 -1.434675e+00 -1.330503e+02
      vertex   8.415921e+00 -2.883057e+00 -1.420503e+02
    endloop
  endfacet
  facet normal 9.723592e-01 2.334818e-01 1.937249e-03
    outer loop
      vertex   8.415921e+00 -2.883057e+00 -1.420503e+02
      vertex   8.050207e+00 -1.434675e+00 -1.330503e+02
      vertex   8.535161e+00 -3.454318e+00 -1.330503e+02
    endloop
  endfacet
  facet normal 9.848502e-01 1.733951e-01 -2.042153e-03
    outer loop
      vertex   8.415921e+00 -2.883057e+00 -1.420503e+02
      vertex   8.535161e+00 -3.454318e+00 -1.330503e+02
      vertex   8.790093e+00 -5.008279e+00 -1.420503e+02
    endloop
  endfacet
  facet normal 9.883850e-01 1.519602e-01 1.758959e-03
    outer loop
      vertex   8.790093e+00 -5.008279e+00 -1.420503e+02
      vertex   8.535161e+00 -3.454318e+00 -1.330503e+02
      vertex   8.850790e+00 -5.507246e+00 -1.330503e+02
    endloop
  endfacet
  facet normal 9.961347e-01 8.781967e-02 -1.849311e-03
    outer loop
      vertex   8.790093e+00 -5.008279e+00 -1.420503e+02
      vertex   8.850790e+00 -5.507246e+00 -1.330503e+02
      vertex   8.979600e+00 -7.157850e+00 -1.420503e+02
    endloop
  endfacet
  facet normal 9.975884e-01 6.938967e-02 1.551565e-03
    outer loop
      vertex   8.979600e+00 -7.157850e+00 -1.420503e+02
      vertex   8.850790e+00 -5.507246e+00 -1.330503e+02
      vertex   8.994916e+00 -7.579289e+00 -1.330503e+02
    endloop
  endfacet
  facet normal 9.999974e-01 1.589925e-03 -1.627366e-03
    outer loop
      vertex   8.979600e+00 -7.157850e+00 -1.420503e+02
      vertex   8.994916e+00 -7.579289e+00 -1.330503e+02
      vertex   8.983031e+00 -9.315756e+00 -1.420503e+02
    endloop
  endfacet
  facet normal 9.999058e-01 -1.365991e-02 1.315069e-03
    outer loop
      vertex   8.983031e+00 -9.315756e+00 -1.420503e+02
      vertex   8.994916e+00 -7.579289e+00 -1.330503e+02
      vertex   8.966544e+00 -9.656145e+00 -1.330503e+02
    endloop
  endfacet
  facet normal 9.964096e-01 -8.465173e-02 -1.376320e-03
    outer loop
      vertex   8.983031e+00 -9.315756e+00 -1.420503e+02
      vertex   8.966544e+00 -9.656145e+00 -1.330503e+02
      vertex   8.800360e+00 -1.146592e+01 -1.420503e+02
    endloop
  endfacet
  facet normal 9.958500e-01 -9.100956e-02 -8.751745e-05
    outer loop
      vertex   8.800360e+00 -1.146592e+01 -1.420503e+02
      vertex   8.966544e+00 -9.656145e+00 -1.330503e+02
      vertex   8.812017e+00 -1.137395e+01 -1.050503e+02
    endloop
  endfacet
  facet normal 9.860362e-01 -1.665313e-01 1.033046e-04
    outer loop
      vertex   8.800360e+00 -1.146592e+01 -1.420503e+02
      vertex   8.812017e+00 -1.137395e+01 -1.050503e+02
      vertex   8.453300e+00 -1.349792e+01 -1.050503e+02
    endloop
  endfacet
  facet normal 9.959783e-01 -8.959457e-02 1.140895e-17
    outer loop
      vertex   8.966544e+00 -9.656145e+00 -1.330503e+02
      vertex   8.966544e+00 -9.656145e+00 -1.191005e+02
      vertex   8.812017e+00 -1.137395e+01 -1.050503e+02
    endloop
  endfacet
  facet normal 9.967109e-01 -8.103313e-02 1.054788e-03
    outer loop
      vertex   8.812017e+00 -1.137395e+01 -1.050503e+02
      vertex   8.966544e+00 -9.656145e+00 -1.191005e+02
      vertex   8.986566e+00 -9.226980e+00 -1.050503e+02
    endloop
  endfacet
  facet normal 9.999062e-01 -1.365991e-02 -1.007683e-03
    outer loop
      vertex   8.986566e+00 -9.226980e+00 -1.050503e+02
      vertex   8.966544e+00 -9.656145e+00 -1.191005e+02
      vertex   8.994916e+00 -7.579289e+00 -1.191005e+02
    endloop
  endfacet
  facet normal 9.999865e-01 5.066511e-03 1.188436e-03
    outer loop
      vertex   8.986566e+00 -9.226980e+00 -1.050503e+02
      vertex   8.994916e+00 -7.579289e+00 -1.191005e+02
      vertex   8.975653e+00 -7.072958e+00 -1.050503e+02
    endloop
  endfacet
  facet normal 9.975890e-01 6.938971e-02 -1.132878e-03
    outer loop
      vertex   8.975653e+00 -7.072958e+00 -1.050503e+02
      vertex   8.994916e+00 -7.579289e+00 -1.191005e+02
      vertex   8.850790e+00 -5.507246e+00 -1.191005e+02
    endloop
  endfacet
  facet normal 9.958383e-01 9.112851e-02 1.305178e-03
    outer loop
      vertex   8.975653e+00 -7.072958e+00 -1.050503e+02
      vertex   8.850790e+00 -5.507246e+00 -1.191005e+02
      vertex   8.779357e+00 -4.927871e+00 -1.050503e+02
    endloop
  endfacet
  facet normal 9.883858e-01 1.519603e-01 -1.241167e-03
    outer loop
      vertex   8.779357e+00 -4.927871e+00 -1.050503e+02
      vertex   8.850790e+00 -5.507246e+00 -1.191005e+02
      vertex   8.535161e+00 -3.454318e+00 -1.191005e+02
    endloop
  endfacet
  facet normal 9.842971e-01 1.765140e-01 1.405013e-03
    outer loop
      vertex   8.779357e+00 -4.927871e+00 -1.050503e+02
      vertex   8.535161e+00 -3.454318e+00 -1.191005e+02
      vertex   8.399137e+00 -2.807644e+00 -1.050503e+02
    endloop
  endfacet
  facet normal 9.723602e-01 2.334820e-01 -1.332549e-03
    outer loop
      vertex   8.399137e+00 -2.807644e+00 -1.050503e+02
      vertex   8.535161e+00 -3.454318e+00 -1.191005e+02
      vertex   8.050207e+00 -1.434675e+00 -1.191005e+02
    endloop
  endfacet
  facet normal 9.654487e-01 2.605890e-01 1.487942e-03
    outer loop
      vertex   8.399137e+00 -2.807644e+00 -1.050503e+02
      vertex   8.050207e+00 -1.434675e+00 -1.191005e+02
      vertex   7.837815e+00 -7.280179e-01 -1.050503e+02
    endloop
  endfacet
  facet normal 9.496228e-01 3.133921e-01 -1.407024e-03
    outer loop
      vertex   7.837815e+00 -7.280179e-01 -1.050503e+02
      vertex   8.050207e+00 -1.434675e+00 -1.191005e+02
      vertex   7.399275e+00 5.377403e-01 -1.191005e+02
    endloop
  endfacet
  facet normal 9.394329e-01 3.427294e-01 1.553963e-03
    outer loop
      vertex   7.837815e+00 -7.280179e-01 -1.050503e+02
      vertex   7.399275e+00 5.377403e-01 -1.191005e+02
      vertex   7.099558e+00 1.295569e+00 -1.050503e+02
    endloop
  endfacet
  facet normal 9.203305e-01 3.911389e-01 -1.464590e-03
    outer loop
      vertex   7.099558e+00 1.295569e+00 -1.050503e+02
      vertex   7.399275e+00 5.377403e-01 -1.191005e+02
      vertex   6.586859e+00 2.449315e+00 -1.191005e+02
    endloop
  endfacet
  facet normal 9.064429e-01 4.223254e-01 1.603075e-03
    outer loop
      vertex   7.099558e+00 1.295569e+00 -1.050503e+02
      vertex   6.586859e+00 2.449315e+00 -1.191005e+02
      vertex   6.189847e+00 3.248095e+00 -1.050503e+02
    endloop
  endfacet
  facet normal 8.846856e-01 4.661858e-01 -1.505248e-03
    outer loop
      vertex   6.189847e+00 3.248095e+00 -1.050503e+02
      vertex   6.586859e+00 2.449315e+00 -1.191005e+02
      vertex   5.618567e+00 4.286853e+00 -1.191005e+02
    endloop
  endfacet
  facet normal 8.667236e-01 4.987861e-01 1.635278e-03
    outer loop
      vertex   6.189847e+00 3.248095e+00 -1.050503e+02
      vertex   5.618567e+00 4.286853e+00 -1.191005e+02
      vertex   5.115436e+00 5.115063e+00 -1.050503e+02
    endloop
  endfacet
  facet normal 8.429340e-01 5.380148e-01 -1.528997e-03
    outer loop
      vertex   5.115436e+00 5.115063e+00 -1.050503e+02
      vertex   5.618567e+00 4.286853e+00 -1.191005e+02
      vertex   4.501082e+00 6.037671e+00 -1.191005e+02
    endloop
  endfacet
  facet normal 8.205698e-01 5.715439e-01 1.650572e-03
    outer loop
      vertex   5.115436e+00 5.115063e+00 -1.050503e+02
      vertex   4.501082e+00 6.037671e+00 -1.191005e+02
      vertex   3.884300e+00 6.882613e+00 -1.050503e+02
    endloop
  endfacet
  facet normal 7.953640e-01 6.061301e-01 -1.535836e-03
    outer loop
      vertex   3.884300e+00 6.882613e+00 -1.050503e+02
      vertex   4.501082e+00 6.037671e+00 -1.191005e+02
      vertex   3.242118e+00 7.689683e+00 -1.191005e+02
    endloop
  endfacet
  facet normal 7.683243e-01 6.400587e-01 1.648957e-03
    outer loop
      vertex   3.884300e+00 6.882613e+00 -1.050503e+02
      vertex   3.242118e+00 7.689683e+00 -1.191005e+02
      vertex   2.505580e+00 8.537624e+00 -1.050503e+02
    endloop
  endfacet
  facet normal 7.423039e-01 6.700616e-01 -1.525766e-03
    outer loop
      vertex   2.505580e+00 8.537624e+00 -1.050503e+02
      vertex   3.242118e+00 7.689683e+00 -1.191005e+02
      vertex   1.850365e+00 9.231487e+00 -1.191005e+02
    endloop
  endfacet
  facet normal 7.103748e-01 7.038217e-01 1.630432e-03
    outer loop
      vertex   2.505580e+00 8.537624e+00 -1.050503e+02
      vertex   1.850365e+00 9.231487e+00 -1.191005e+02
      vertex   9.895114e-01 1.006781e+01 -1.050503e+02
    endloop
  endfacet
  facet normal 6.841200e-01 7.293679e-01 -1.498786e-03
    outer loop
      vertex   9.895114e-01 1.006781e+01 -1.050503e+02
      vertex   1.850365e+00 9.231487e+00 -1.191005e+02
      vertex   3.354299e-01 1.065244e+01 -1.191005e+02
    endloop
  endfacet
  facet normal -3.244409e-01 9.459060e-01 0.000000e+00
    outer loop
      vertex   -2.511762e+01 1.499975e+01 -1.050503e+02
      vertex   -2.308009e+01 1.569861e+01 -1.050503e+02
      vertex   -2.511762e+01 1.499975e+01 -1.420503e+02
    endloop
  endfacet
  facet normal -3.243678e-01 9.459310e-01 -4.497770e-06
    outer loop
      vertex   -2.511762e+01 1.499975e+01 -1.420503e+02
      vertex   -2.308009e+01 1.569861e+01 -1.050503e+02
      vertex   -2.307638e+01 1.569971e+01 -1.420503e+02
    endloop
  endfacet
  facet normal -2.418111e-01 9.703233e-01 4.489712e-06
    outer loop
      vertex   -2.307638e+01 1.569971e+01 -1.420503e+02
      vertex   -2.308009e+01 1.569861e+01 -1.050503e+02
      vertex   -2.098996e+01 1.621948e+01 -1.050503e+02
    endloop
  endfacet
  facet normal -2.415862e-01 9.703794e-01 -8.979423e-06
    outer loop
      vertex   -2.307638e+01 1.569971e+01 -1.420503e+02
      vertex   -2.098996e+01 1.621948e+01 -1.050503e+02
      vertex   -2.098239e+01 1.622103e+01 -1.420503e+02
    endloop
  endfacet
  facet normal -1.573862e-01 9.875371e-01 8.963306e-06
    outer loop
      vertex   -2.098239e+01 1.622103e+01 -1.420503e+02
      vertex   -2.098996e+01 1.621948e+01 -1.050503e+02
      vertex   -1.886276e+01 1.655850e+01 -1.050503e+02
    endloop
  endfacet
  facet normal -1.570047e-01 9.875979e-01 -1.344496e-05
    outer loop
      vertex   -2.098239e+01 1.622103e+01 -1.420503e+02
      vertex   -1.886276e+01 1.655850e+01 -1.050503e+02
      vertex   -1.885125e+01 1.655983e+01 -1.420503e+02
    endloop
  endfacet
  facet normal -7.179282e-02 9.974196e-01 1.342078e-05
    outer loop
      vertex   -1.885125e+01 1.655983e+01 -1.420503e+02
      vertex   -1.886276e+01 1.655850e+01 -1.050503e+02
      vertex   -1.671427e+01 1.671315e+01 -1.050503e+02
    endloop
  endfacet
  facet normal -7.125340e-02 9.974582e-01 -1.789438e-05
    outer loop
      vertex   -1.885125e+01 1.655983e+01 -1.420503e+02
      vertex   -1.671427e+01 1.671315e+01 -1.050503e+02
      vertex   -1.669882e+01 1.671359e+01 -1.420503e+02
    endloop
  endfacet
  facet normal 1.433353e-02 9.998973e-01 1.786214e-05
    outer loop
      vertex   -1.669882e+01 1.671359e+01 -1.420503e+02
      vertex   -1.671427e+01 1.671315e+01 -1.050503e+02
      vertex   -1.456044e+01 1.668227e+01 -1.050503e+02
    endloop
  endfacet
  facet normal 1.502878e-02 9.998871e-01 -2.232768e-05
    outer loop
      vertex   -1.669882e+01 1.671359e+01 -1.420503e+02
      vertex   -1.456044e+01 1.668227e+01 -1.050503e+02
      vertex   -1.454116e+01 1.668116e+01 -1.420503e+02
    endloop
  endfacet
  facet normal 1.003535e-01 9.949518e-01 2.228739e-05
    outer loop
      vertex   -1.454116e+01 1.668116e+01 -1.420503e+02
      vertex   -1.456044e+01 1.668227e+01 -1.050503e+02
      vertex   -1.241726e+01 1.646611e+01 -1.050503e+02
    endloop
  endfacet
  facet normal 1.011990e-01 9.948662e-01 -2.674486e-05
    outer loop
      vertex   -1.454116e+01 1.668116e+01 -1.420503e+02
      vertex   -1.241726e+01 1.646611e+01 -1.050503e+02
      vertex   -1.239433e+01 1.646278e+01 -1.420503e+02
    endloop
  endfacet
  facet normal 1.856284e-01 9.826200e-01 2.669651e-05
    outer loop
      vertex   -1.239433e+01 1.646278e+01 -1.420503e+02
      vertex   -1.241726e+01 1.646611e+01 -1.050503e+02
      vertex   -1.030065e+01 1.606625e+01 -1.050503e+02
    endloop
  endfacet
  facet normal 1.866152e-01 9.824331e-01 -3.114593e-05
    outer loop
      vertex   -1.239433e+01 1.646278e+01 -1.420503e+02
      vertex   -1.030065e+01 1.606625e+01 -1.050503e+02
      vertex   -1.027433e+01 1.606008e+01 -1.420503e+02
    endloop
  endfacet
  facet normal 2.695252e-01 9.629933e-01 3.108952e-05
    outer loop
      vertex   -1.027433e+01 1.606008e+01 -1.420503e+02
      vertex   -1.030065e+01 1.606625e+01 -1.050503e+02
      vertex   -8.226317e+00 1.548568e+01 -1.050503e+02
    endloop
  endfacet
  facet normal 2.706410e-01 9.626803e-01 -3.553088e-05
    outer loop
      vertex   -1.027433e+01 1.606008e+01 -1.420503e+02
      vertex   -8.226317e+00 1.548568e+01 -1.050503e+02
      vertex   -8.196950e+00 1.547606e+01 -1.420503e+02
    endloop
  endfacet
  facet normal 3.514211e-01 9.362175e-01 3.546641e-05
    outer loop
      vertex   -8.196950e+00 1.547606e+01 -1.420503e+02
      vertex   -8.226317e+00 1.548568e+01 -1.050503e+02
      vertex   -6.209658e+00 1.472870e+01 -1.050503e+02
    endloop
  endfacet
  facet normal 3.526505e-01 9.357551e-01 -3.989971e-05
    outer loop
      vertex   -8.196950e+00 1.547606e+01 -1.420503e+02
      vertex   -6.209658e+00 1.472870e+01 -1.050503e+02
      vertex   -6.177675e+00 1.471507e+01 -1.420503e+02
    endloop
  endfacet
  facet normal 4.307081e-01 9.024913e-01 3.982718e-05
    outer loop
      vertex   -6.177675e+00 1.471507e+01 -1.420503e+02
      vertex   -6.209658e+00 1.472870e+01 -1.050503e+02
      vertex   -4.265647e+00 1.380094e+01 -1.050503e+02
    endloop
  endfacet
  facet normal 4.320325e-01 9.018581e-01 -4.425243e-05
    outer loop
      vertex   -6.177675e+00 1.471507e+01 -1.420503e+02
      vertex   -4.265647e+00 1.380094e+01 -1.050503e+02
      vertex   -4.231548e+00 1.378279e+01 -1.420503e+02
    endloop
  endfacet
  facet normal 5.067976e-01 8.620651e-01 4.417184e-05
    outer loop
      vertex   -4.231548e+00 1.378279e+01 -1.420503e+02
      vertex   -4.265647e+00 1.380094e+01 -1.050503e+02
      vertex   -2.408716e+00 1.270927e+01 -1.050503e+02
    endloop
  endfacet
  facet normal 5.081956e-01 8.612417e-01 -4.858902e-05
    outer loop
      vertex   -4.231548e+00 1.378279e+01 -1.420503e+02
      vertex   -2.408716e+00 1.270927e+01 -1.050503e+02
      vertex   -2.373067e+00 1.268615e+01 -1.420503e+02
    endloop
  endfacet
  facet normal 5.791247e-01 8.152390e-01 4.850038e-05
    outer loop
      vertex   -2.373067e+00 1.268615e+01 -1.420503e+02
      vertex   -2.408716e+00 1.270927e+01 -1.050503e+02
      vertex   -6.526512e-01 1.146181e+01 -1.050503e+02
    endloop
  endfacet
  facet normal 5.805724e-01 8.142086e-01 -5.290950e-05
    outer loop
      vertex   -2.373067e+00 1.268615e+01 -1.420503e+02
      vertex   -6.526512e-01 1.146181e+01 -1.050503e+02
      vertex   -6.160790e-01 1.143332e+01 -1.420503e+02
    endloop
  endfacet
  facet normal 9.853987e-01 -1.702629e-01 -1.076089e-04
    outer loop
      vertex   8.800360e+00 -1.146592e+01 -1.420503e+02
      vertex   8.453300e+00 -1.349792e+01 -1.050503e+02
      vertex   8.432948e+00 -1.359232e+01 -1.420503e+02
    endloop
  endfacet
  facet normal 9.680407e-01 -2.507931e-01 1.074075e-04
    outer loop
      vertex   8.432948e+00 -1.359232e+01 -1.420503e+02
      vertex   8.453300e+00 -1.349792e+01 -1.050503e+02
      vertex   7.913080e+00 -1.558312e+01 -1.050503e+02
    endloop
  endfacet
  facet normal 9.670450e-01 -2.546053e-01 -1.117037e-04
    outer loop
      vertex   8.432948e+00 -1.359232e+01 -1.420503e+02
      vertex   7.913080e+00 -1.558312e+01 -1.050503e+02
      vertex   7.883533e+00 -1.567911e+01 -1.420503e+02
    endloop
  endfacet
  facet normal 9.428586e-01 -3.331930e-01 1.114942e-04
    outer loop
      vertex   7.883533e+00 -1.567911e+01 -1.420503e+02
      vertex   7.913080e+00 -1.558312e+01 -1.050503e+02
      vertex   7.195365e+00 -1.761409e+01 -1.050503e+02
    endloop
  endfacet
  facet normal 9.414864e-01 -3.370509e-01 -1.157824e-04
    outer loop
      vertex   7.883533e+00 -1.567911e+01 -1.420503e+02
      vertex   7.195365e+00 -1.761409e+01 -1.050503e+02
      vertex   7.156208e+00 -1.771076e+01 -1.420503e+02
    endloop
  endfacet
  facet normal 9.106769e-01 -4.131194e-01 1.155648e-04
    outer loop
      vertex   7.156208e+00 -1.771076e+01 -1.420503e+02
      vertex   7.195365e+00 -1.761409e+01 -1.050503e+02
      vertex   6.305486e+00 -1.957573e+01 -1.050503e+02
    endloop
  endfacet
  facet normal 9.089132e-01 -4.169853e-01 -1.198450e-04
    outer loop
      vertex   7.156208e+00 -1.771076e+01 -1.420503e+02
      vertex   6.305486e+00 -1.957573e+01 -1.050503e+02
      vertex   6.256392e+00 -1.967211e+01 -1.420503e+02
    endloop
  endfacet
  facet normal 8.717344e-01 -4.899788e-01 1.196194e-04
    outer loop
      vertex   6.256392e+00 -1.967211e+01 -1.420503e+02
      vertex   6.305486e+00 -1.957573e+01 -1.050503e+02
      vertex   5.250047e+00 -2.145349e+01 -1.050503e+02
    endloop
  endfacet
  facet normal 8.695682e-01 -4.938129e-01 -1.238915e-04
    outer loop
      vertex   6.256392e+00 -1.967211e+01 -1.420503e+02
      vertex   5.250047e+00 -2.145349e+01 -1.050503e+02
      vertex   5.190789e+00 -2.154856e+01 -1.420503e+02
    endloop
  endfacet
  facet normal 8.263202e-01 -5.632006e-01 1.236578e-04
    outer loop
      vertex   5.190789e+00 -2.154856e+01 -1.420503e+02
      vertex   5.250047e+00 -2.145349e+01 -1.050503e+02
      vertex   4.036885e+00 -2.323342e+01 -1.050503e+02
    endloop
  endfacet
  facet normal 8.237444e-01 -5.669613e-01 -1.279218e-04
    outer loop
      vertex   5.190789e+00 -2.154856e+01 -1.420503e+02
      vertex   4.036885e+00 -2.323342e+01 -1.050503e+02
      vertex   3.967338e+00 -2.332612e+01 -1.420503e+02
    endloop
  endfacet
  facet normal 7.747715e-01 -6.322413e-01 1.276800e-04
    outer loop
      vertex   3.967338e+00 -2.332612e+01 -1.420503e+02
      vertex   4.036885e+00 -2.323342e+01 -1.050503e+02
      vertex   2.675006e+00 -2.490232e+01 -1.050503e+02
    endloop
  endfacet
  facet normal 7.717833e-01 -6.358856e-01 -1.319360e-04
    outer loop
      vertex   3.967338e+00 -2.332612e+01 -1.420503e+02
      vertex   2.675006e+00 -2.490232e+01 -1.050503e+02
      vertex   2.595155e+00 -2.499156e+01 -1.420503e+02
    endloop
  endfacet
  facet normal 7.174710e-01 -6.965883e-01 1.316862e-04
    outer loop
      vertex   2.595155e+00 -2.499156e+01 -1.420503e+02
      vertex   2.675006e+00 -2.490232e+01 -1.050503e+02
      vertex   1.174521e+00 -2.644779e+01 -1.050503e+02
    endloop
  endfacet
  facet normal 7.140721e-01 -7.000722e-01 -1.359341e-04
    outer loop
      vertex   2.595155e+00 -2.499156e+01 -1.420503e+02
      vertex   1.174521e+00 -2.644779e+01 -1.050503e+02
      vertex   1.084463e+00 -2.653246e+01 -1.420503e+02
    endloop
  endfacet
  facet normal 6.548441e-01 -7.557640e-01 1.356762e-04
    outer loop
      vertex   1.084463e+00 -2.653246e+01 -1.420503e+02
      vertex   1.174521e+00 -2.644779e+01 -1.050503e+02
      vertex   -4.534325e-01 -2.785836e+01 -1.050503e+02
    endloop
  endfacet
  facet normal 6.510406e-01 -7.590429e-01 -1.399161e-04
    outer loop
      vertex   1.084463e+00 -2.653246e+01 -1.420503e+02
      vertex   -4.534325e-01 -2.785836e+01 -1.050503e+02
      vertex   -5.534824e-01 -2.793735e+01 -1.420503e+02
    endloop
  endfacet
  facet normal 5.873557e-01 -8.093289e-01 1.396501e-04
    outer loop
      vertex   -5.534824e-01 -2.793735e+01 -1.420503e+02
      vertex   -4.534325e-01 -2.785836e+01 -1.050503e+02
      vertex   -2.196767e+00 -2.912355e+01 -1.050503e+02
    endloop
  endfacet
  facet normal 5.831585e-01 -8.123584e-01 -1.438820e-04
    outer loop
      vertex   -5.534824e-01 -2.793735e+01 -1.420503e+02
      vertex   -2.196767e+00 -2.912355e+01 -1.050503e+02
      vertex   -2.306478e+00 -2.919575e+01 -1.420503e+02
    endloop
  endfacet
  facet normal 5.155068e-01 -8.568855e-01 1.436079e-04
    outer loop
      vertex   -2.306478e+00 -2.919575e+01 -1.420503e+02
      vertex   -2.196767e+00 -2.912355e+01 -1.050503e+02
      vertex   -4.042541e+00 -3.023398e+01 -1.050503e+02
    endloop
  endfacet
  facet normal 5.109316e-01 -8.596213e-01 -1.478317e-04
    outer loop
      vertex   -2.306478e+00 -2.919575e+01 -1.420503e+02
      vertex   -4.042541e+00 -3.023398e+01 -1.050503e+02
      vertex   -4.161462e+00 -3.029830e+01 -1.420503e+02
    endloop
  endfacet
  facet normal 4.398309e-01 -8.980806e-01 1.475496e-04
    outer loop
      vertex   -4.161462e+00 -3.029830e+01 -1.420503e+02
      vertex   -4.042541e+00 -3.023398e+01 -1.050503e+02
      vertex   -5.977051e+00 -3.118139e+01 -1.050503e+02
    endloop
  endfacet
  facet normal 4.348980e-01 -9.004797e-01 -1.517653e-04
    outer loop
      vertex   -4.161462e+00 -3.029830e+01 -1.420503e+02
      vertex   -5.977051e+00 -3.118139e+01 -1.050503e+02
      vertex   -6.104615e+00 -3.123677e+01 -1.420503e+02
    endloop
  endfacet
  facet normal 3.608897e-01 -9.326085e-01 1.514752e-04
    outer loop
      vertex   -6.104615e+00 -3.123677e+01 -1.420503e+02
      vertex   -5.977051e+00 -3.118139e+01 -1.050503e+02
      vertex   -7.985936e+00 -3.195877e+01 -1.050503e+02
    endloop
  endfacet
  facet normal 3.556242e-01 -9.346290e-01 -1.556828e-04
    outer loop
      vertex   -6.104615e+00 -3.123677e+01 -1.420503e+02
      vertex   -7.985936e+00 -3.195877e+01 -1.050503e+02
      vertex   -8.121459e+00 -3.200417e+01 -1.420503e+02
    endloop
  endfacet
  facet normal 2.792693e-01 -9.602128e-01 1.553846e-04
    outer loop
      vertex   -8.121459e+00 -3.200417e+01 -1.420503e+02
      vertex   -7.985936e+00 -3.195877e+01 -1.050503e+02
      vertex   -1.005428e+01 -3.256033e+01 -1.050503e+02
    endloop
  endfacet
  facet normal 2.737008e-01 -9.618149e-01 -1.595842e-04
    outer loop
      vertex   -8.121459e+00 -3.200417e+01 -1.420503e+02
      vertex   -1.005428e+01 -3.256033e+01 -1.050503e+02
      vertex   -1.019697e+01 -3.259479e+01 -1.420503e+02
    endloop
  endfacet
  facet normal 1.955756e-01 -9.806886e-01 1.592779e-04
    outer loop
      vertex   -1.019697e+01 -3.259479e+01 -1.420503e+02
      vertex   -1.005428e+01 -3.256033e+01 -1.050503e+02
      vertex   -1.216673e+01 -3.298161e+01 -1.050503e+02
    endloop
  endfacet
  facet normal 1.897382e-01 -9.818347e-01 -1.634694e-04
    outer loop
      vertex   -1.019697e+01 -3.259479e+01 -1.420503e+02
      vertex   -1.216673e+01 -3.298161e+01 -1.050503e+02
      vertex   -1.231568e+01 -3.300423e+01 -1.420503e+02
    endloop
  endfacet
  facet normal 1.104301e-01 -9.938839e-01 1.631551e-04
    outer loop
      vertex   -1.231568e+01 -3.300423e+01 -1.420503e+02
      vertex   -1.216673e+01 -3.298161e+01 -1.050503e+02
      vertex   -1.430761e+01 -3.321948e+01 -1.050503e+02
    endloop
  endfacet
  facet normal 1.043620e-01 -9.945394e-01 -1.673386e-04
    outer loop
      vertex   -1.231568e+01 -3.300423e+01 -1.420503e+02
      vertex   -1.430761e+01 -3.321948e+01 -1.050503e+02
      vertex   -1.446180e+01 -3.322943e+01 -1.420503e+02
    endloop
  endfacet
  facet normal 2.446465e-02 -9.997007e-01 1.670162e-04
    outer loop
      vertex   -1.446180e+01 -3.322943e+01 -1.420503e+02
      vertex   -1.430761e+01 -3.321948e+01 -1.050503e+02
      vertex   -1.646101e+01 -3.327218e+01 -1.050503e+02
    endloop
  endfacet
  facet normal 1.820819e-02 -9.998342e-01 -1.711916e-04
    outer loop
      vertex   -1.446180e+01 -3.322943e+01 -1.420503e+02
      vertex   -1.646101e+01 -3.327218e+01 -1.050503e+02
      vertex   -1.661935e+01 -3.326873e+01 -1.420503e+02
    endloop
  endfacet
  facet normal -6.168238e-02 -9.980958e-01 1.708611e-04
    outer loop
      vertex   -1.661935e+01 -3.326873e+01 -1.420503e+02
      vertex   -1.646101e+01 -3.327218e+01 -1.050503e+02
      vertex   -1.861096e+01 -3.313931e+01 -1.050503e+02
    endloop
  endfacet
  facet normal -6.808127e-02 -9.976798e-01 -1.750285e-04
    outer loop
      vertex   -1.661935e+01 -3.326873e+01 -1.420503e+02
      vertex   -1.861096e+01 -3.313931e+01 -1.050503e+02
      vertex   -1.877226e+01 -3.312181e+01 -1.420503e+02
    endloop
  endfacet
  facet normal -1.078505e-01 -9.941671e-01 1.702943e-16
    outer loop
      vertex   -1.877226e+01 -3.312181e+01 -1.420503e+02
      vertex   -1.861096e+01 -3.313931e+01 -1.050503e+02
      vertex   -1.877226e+01 -3.312181e+01 -1.330503e+02
    endloop
  endfacet
  facet normal -1.078505e-01 -9.941671e-01 -8.210616e-17
    outer loop
      vertex   -1.877226e+01 -3.312181e+01 -1.330503e+02
      vertex   -1.861096e+01 -3.313931e+01 -1.050503e+02
      vertex   -1.877226e+01 -3.312181e+01 -1.190503e+02
    endloop
  endfacet
  facet normal -1.535581e-01 -9.881396e-01 -1.169032e-16
    outer loop
      vertex   -1.877226e+01 -3.312181e+01 -1.330503e+02
      vertex   -1.877226e+01 -3.312181e+01 -1.190503e+02
      vertex   -2.088932e+01 -3.279282e+01 -1.190503e+02
    endloop
  endfacet
  facet normal -1.078505e-01 -9.941671e-01 -6.997398e-16
    outer loop
      vertex   -1.877226e+01 -3.312181e+01 -1.190503e+02
      vertex   -1.861096e+01 -3.313931e+01 -1.050503e+02
      vertex   -1.877226e+01 -3.312181e+01 -1.100503e+02
    endloop
  endfacet
  facet normal -1.473714e-01 -9.890804e-01 1.292705e-03
    outer loop
      vertex   -1.877226e+01 -3.312181e+01 -1.100503e+02
      vertex   -1.861096e+01 -3.313931e+01 -1.050503e+02
      vertex   -2.074149e+01 -3.282186e+01 -1.050503e+02
    endloop
  endfacet
  facet normal -1.535580e-01 -9.881389e-01 -1.200369e-03
    outer loop
      vertex   -1.877226e+01 -3.312181e+01 -1.100503e+02
      vertex   -2.074149e+01 -3.282186e+01 -1.050503e+02
      vertex   -2.088932e+01 -3.279282e+01 -1.100503e+02
    endloop
  endfacet
  facet normal -2.319664e-01 -9.727231e-01 1.207347e-03
    outer loop
      vertex   -2.088932e+01 -3.279282e+01 -1.100503e+02
      vertex   -2.074149e+01 -3.282186e+01 -1.050503e+02
      vertex   -2.283679e+01 -3.232220e+01 -1.050503e+02
    endloop
  endfacet
  facet normal -2.375988e-01 -9.713627e-01 -1.114474e-03
    outer loop
      vertex   -2.088932e+01 -3.279282e+01 -1.100503e+02
      vertex   -2.283679e+01 -3.232220e+01 -1.050503e+02
      vertex   -2.297044e+01 -3.228377e+01 -1.100503e+02
    endloop
  endfacet
  facet normal -3.148393e-01 -9.491443e-01 1.120916e-03
    outer loop
      vertex   -2.297044e+01 -3.228377e+01 -1.100503e+02
      vertex   -2.283679e+01 -3.232220e+01 -1.050503e+02
      vertex   -2.488129e+01 -3.164402e+01 -1.050503e+02
    endloop
  endfacet
  facet normal -3.198945e-01 -9.474526e-01 -1.027506e-03
    outer loop
      vertex   -2.297044e+01 -3.228377e+01 -1.100503e+02
      vertex   -2.488129e+01 -3.164402e+01 -1.050503e+02
      vertex   -2.500033e+01 -3.159840e+01 -1.100503e+02
    endloop
  endfacet
  facet normal -3.953749e-01 -9.185193e-01 1.033410e-03
    outer loop
      vertex   -2.500033e+01 -3.159840e+01 -1.100503e+02
      vertex   -2.488129e+01 -3.164402e+01 -1.050503e+02
      vertex   -2.685983e+01 -3.079236e+01 -1.050503e+02
    endloop
  endfacet
  facet normal -3.998409e-01 -9.165841e-01 -9.394643e-04
    outer loop
      vertex   -2.500033e+01 -3.159840e+01 -1.100503e+02
      vertex   -2.685983e+01 -3.079236e+01 -1.050503e+02
      vertex   -2.696408e+01 -3.074176e+01 -1.100503e+02
    endloop
  endfacet
  facet normal -4.729753e-01 -8.810752e-01 9.448318e-04
    outer loop
      vertex   -2.696408e+01 -3.074176e+01 -1.100503e+02
      vertex   -2.685983e+01 -3.079236e+01 -1.050503e+02
      vertex   -2.875771e+01 -2.977355e+01 -1.050503e+02
    endloop
  endfacet
  facet normal -4.768507e-01 -8.789839e-01 -8.503488e-04
    outer loop
      vertex   -2.696408e+01 -3.074176e+01 -1.100503e+02
      vertex   -2.875771e+01 -2.977355e+01 -1.050503e+02
      vertex   -2.884728e+01 -2.972012e+01 -1.100503e+02
    endloop
  endfacet
  facet normal -5.470644e-01 -8.370901e-01 8.551795e-04
    outer loop
      vertex   -2.884728e+01 -2.972012e+01 -1.100503e+02
      vertex   -2.875771e+01 -2.977355e+01 -1.050503e+02
      vertex   -3.056084e+01 -2.859514e+01 -1.050503e+02
    endloop
  endfacet
  facet normal -5.503584e-01 -8.349282e-01 -7.601597e-04
    outer loop
      vertex   -2.884728e+01 -2.972012e+01 -1.100503e+02
      vertex   -3.056084e+01 -2.859514e+01 -1.050503e+02
      vertex   -3.063609e+01 -2.854099e+01 -1.100503e+02
    endloop
  endfacet
  facet normal -6.170921e-01 -7.868906e-01 7.644536e-04
    outer loop
      vertex   -3.063609e+01 -2.854099e+01 -1.100503e+02
      vertex   -3.056084e+01 -2.859514e+01 -1.050503e+02
      vertex   -3.225584e+01 -2.726590e+01 -1.050503e+02
    endloop
  endfacet
  facet normal -6.198241e-01 -7.847405e-01 -6.688971e-04
    outer loop
      vertex   -3.063609e+01 -2.854099e+01 -1.100503e+02
      vertex   -3.225584e+01 -2.726590e+01 -1.050503e+02
      vertex   -3.231738e+01 -2.721303e+01 -1.100503e+02
    endloop
  endfacet
  facet normal -6.825386e-01 -7.308492e-01 6.726542e-04
    outer loop
      vertex   -3.231738e+01 -2.721303e+01 -1.100503e+02
      vertex   -3.225584e+01 -2.726590e+01 -1.050503e+02
      vertex   -3.383013e+01 -2.579567e+01 -1.050503e+02
    endloop
  endfacet
  facet normal -6.847377e-01 -7.287894e-01 -5.765608e-04
    outer loop
      vertex   -3.231738e+01 -2.721303e+01 -1.100503e+02
      vertex   -3.383013e+01 -2.579567e+01 -1.050503e+02
      vertex   -3.387879e+01 -2.574600e+01 -1.100503e+02
    endloop
  endfacet
  facet normal -7.429181e-01 -6.693821e-01 5.797812e-04
    outer loop
      vertex   -3.387879e+01 -2.574600e+01 -1.100503e+02
      vertex   -3.383013e+01 -2.579567e+01 -1.050503e+02
      vertex   -3.527201e+01 -2.419539e+01 -1.050503e+02
    endloop
  endfacet
  facet normal -7.446223e-01 -6.674859e-01 -4.831511e-04
    outer loop
      vertex   -3.387879e+01 -2.574600e+01 -1.100503e+02
      vertex   -3.527201e+01 -2.419539e+01 -1.050503e+02
      vertex   -3.530886e+01 -2.415067e+01 -1.100503e+02
    endloop
  endfacet
  facet normal -7.977822e-01 -6.029455e-01 4.858347e-04
    outer loop
      vertex   -3.530886e+01 -2.415067e+01 -1.100503e+02
      vertex   -3.527201e+01 -2.419539e+01 -1.050503e+02
      vertex   -3.657079e+01 -2.247693e+01 -1.050503e+02
    endloop
  endfacet
  facet normal -7.990382e-01 -6.012801e-01 -3.886678e-04
    outer loop
      vertex   -3.530886e+01 -2.415067e+01 -1.100503e+02
      vertex   -3.657079e+01 -2.247693e+01 -1.050503e+02
      vertex   -3.659708e+01 -2.243875e+01 -1.100503e+02
    endloop
  endfacet
  facet normal -8.467237e-01 -5.320328e-01 3.908147e-04
    outer loop
      vertex   -3.659708e+01 -2.243875e+01 -1.100503e+02
      vertex   -3.657079e+01 -2.247693e+01 -1.050503e+02
      vertex   -3.771681e+01 -2.065304e+01 -1.050503e+02
    endloop
  endfacet
  facet normal -8.475858e-01 -5.306584e-01 -2.931110e-04
    outer loop
      vertex   -3.659708e+01 -2.243875e+01 -1.100503e+02
      vertex   -3.771681e+01 -2.065304e+01 -1.050503e+02
      vertex   -3.773400e+01 -2.062282e+01 -1.100503e+02
    endloop
  endfacet
  facet normal -8.893791e-01 -4.571703e-01 2.947212e-04
    outer loop
      vertex   -3.773400e+01 -2.062282e+01 -1.100503e+02
      vertex   -3.771681e+01 -2.065304e+01 -1.050503e+02
      vertex   -3.870158e+01 -1.873728e+01 -1.050503e+02
    endloop
  endfacet
  facet normal -8.899084e-01 -4.561393e-01 -1.964808e-04
    outer loop
      vertex   -3.773400e+01 -2.062282e+01 -1.100503e+02
      vertex   -3.870158e+01 -1.873728e+01 -1.050503e+02
      vertex   -3.871127e+01 -1.871622e+01 -1.100503e+02
    endloop
  endfacet
  facet normal -9.254320e-01 -3.789138e-01 1.975542e-04
    outer loop
      vertex   -3.871127e+01 -1.871622e+01 -1.100503e+02
      vertex   -3.870158e+01 -1.873728e+01 -1.050503e+02
      vertex   -3.951778e+01 -1.674385e+01 -1.050503e+02
    endloop
  endfacet
  facet normal -9.256952e-01 -3.782702e-01 -9.877710e-05
    outer loop
      vertex   -3.871127e+01 -1.871622e+01 -1.100503e+02
      vertex   -3.951778e+01 -1.674385e+01 -1.050503e+02
      vertex   -3.952170e+01 -1.673295e+01 -1.100503e+02
    endloop
  endfacet
  facet normal -9.546145e-01 -2.978442e-01 9.931380e-05
    outer loop
      vertex   -3.952170e+01 -1.673295e+01 -1.100503e+02
      vertex   -3.951778e+01 -1.674385e+01 -1.050503e+02
      vertex   -4.015935e+01 -1.468756e+01 -1.050503e+02
    endloop
  endfacet
  facet normal -9.546835e-01 -2.976230e-01 0.000000e+00
    outer loop
      vertex   -3.952170e+01 -1.673295e+01 -1.100503e+02
      vertex   -4.015935e+01 -1.468756e+01 -1.050503e+02
      vertex   -4.015935e+01 -1.468756e+01 -1.100503e+02
    endloop
  endfacet
  facet normal -1.535581e-01 -9.881396e-01 -7.772960e-17
    outer loop
      vertex   -1.877226e+01 -3.312181e+01 -1.330503e+02
      vertex   -2.088932e+01 -3.279282e+01 -1.190503e+02
      vertex   -2.088932e+01 -3.279282e+01 -1.330503e+02
    endloop
  endfacet
  facet normal -2.375989e-01 -9.713634e-01 -1.205887e-16
    outer loop
      vertex   -2.088932e+01 -3.279282e+01 -1.330503e+02
      vertex   -2.088932e+01 -3.279282e+01 -1.190503e+02
      vertex   -2.297044e+01 -3.228377e+01 -1.190503e+02
    endloop
  endfacet
  facet normal -2.375989e-01 -9.713634e-01 5.922255e-17
    outer loop
      vertex   -2.088932e+01 -3.279282e+01 -1.330503e+02
      vertex   -2.297044e+01 -3.228377e+01 -1.190503e+02
      vertex   -2.297044e+01 -3.228377e+01 -1.330503e+02
    endloop
  endfacet
  facet normal -3.198947e-01 -9.474531e-01 8.117816e-17
    outer loop
      vertex   -2.297044e+01 -3.228377e+01 -1.330503e+02
      vertex   -2.297044e+01 -3.228377e+01 -1.190503e+02
      vertex   -2.500033e+01 -3.159840e+01 -1.190503e+02
    endloop
  endfacet
  facet normal -3.198947e-01 -9.474531e-01 3.997522e-16
    outer loop
      vertex   -2.297044e+01 -3.228377e+01 -1.330503e+02
      vertex   -2.500033e+01 -3.159840e+01 -1.190503e+02
      vertex   -2.500033e+01 -3.159840e+01 -1.330503e+02
    endloop
  endfacet
  facet normal -3.998411e-01 -9.165845e-01 3.637288e-16
    outer loop
      vertex   -2.500033e+01 -3.159840e+01 -1.330503e+02
      vertex   -2.500033e+01 -3.159840e+01 -1.190503e+02
      vertex   -2.696408e+01 -3.074176e+01 -1.190503e+02
    endloop
  endfacet
  facet normal -3.998411e-01 -9.165845e-01 1.036395e-16
    outer loop
      vertex   -2.500033e+01 -3.159840e+01 -1.330503e+02
      vertex   -2.696408e+01 -3.074176e+01 -1.190503e+02
      vertex   -2.696408e+01 -3.074176e+01 -1.330503e+02
    endloop
  endfacet
  facet normal -4.768509e-01 -8.789842e-01 1.210082e-16
    outer loop
      vertex   -2.696408e+01 -3.074176e+01 -1.330503e+02
      vertex   -2.696408e+01 -3.074176e+01 -1.190503e+02
      vertex   -2.884728e+01 -2.972012e+01 -1.190503e+02
    endloop
  endfacet
  facet normal -4.768509e-01 -8.789842e-01 3.035156e-16
    outer loop
      vertex   -2.696408e+01 -3.074176e+01 -1.330503e+02
      vertex   -2.884728e+01 -2.972012e+01 -1.190503e+02
      vertex   -2.884728e+01 -2.972012e+01 -1.330503e+02
    endloop
  endfacet
  facet normal -5.503586e-01 -8.349284e-01 2.166418e-16
    outer loop
      vertex   -2.884728e+01 -2.972012e+01 -1.330503e+02
      vertex   -2.884728e+01 -2.972012e+01 -1.190503e+02
      vertex   -3.063609e+01 -2.854099e+01 -1.190503e+02
    endloop
  endfacet
  facet normal -5.503586e-01 -8.349284e-01 1.480564e-16
    outer loop
      vertex   -2.884728e+01 -2.972012e+01 -1.330503e+02
      vertex   -3.063609e+01 -2.854099e+01 -1.190503e+02
      vertex   -3.063609e+01 -2.854099e+01 -1.330503e+02
    endloop
  endfacet
  facet normal -6.198243e-01 -7.847406e-01 1.572899e-16
    outer loop
      vertex   -3.063609e+01 -2.854099e+01 -1.330503e+02
      vertex   -3.063609e+01 -2.854099e+01 -1.190503e+02
      vertex   -3.231738e+01 -2.721303e+01 -1.190503e+02
    endloop
  endfacet
  facet normal -6.198243e-01 -7.847406e-01 2.072789e-16
    outer loop
      vertex   -3.063609e+01 -2.854099e+01 -1.330503e+02
      vertex   -3.231738e+01 -2.721303e+01 -1.190503e+02
      vertex   -3.231738e+01 -2.721303e+01 -1.330503e+02
    endloop
  endfacet
  facet normal -6.847378e-01 -7.287895e-01 1.849415e-16
    outer loop
      vertex   -3.231738e+01 -2.721303e+01 -1.330503e+02
      vertex   -3.231738e+01 -2.721303e+01 -1.190503e+02
      vertex   -3.387879e+01 -2.574600e+01 -1.190503e+02
    endloop
  endfacet
  facet normal -6.847378e-01 -7.287895e-01 1.924733e-16
    outer loop
      vertex   -3.231738e+01 -2.721303e+01 -1.330503e+02
      vertex   -3.387879e+01 -2.574600e+01 -1.190503e+02
      vertex   -3.387879e+01 -2.574600e+01 -1.330503e+02
    endloop
  endfacet
  facet normal -7.446224e-01 -6.674859e-01 1.693847e-16
    outer loop
      vertex   -3.387879e+01 -2.574600e+01 -1.330503e+02
      vertex   -3.387879e+01 -2.574600e+01 -1.190503e+02
      vertex   -3.530886e+01 -2.415067e+01 -1.190503e+02
    endloop
  endfacet
  facet normal -7.446224e-01 -6.674859e-01 7.254763e-16
    outer loop
      vertex   -3.387879e+01 -2.574600e+01 -1.330503e+02
      vertex   -3.530886e+01 -2.415067e+01 -1.190503e+02
      vertex   -3.530886e+01 -2.415067e+01 -1.330503e+02
    endloop
  endfacet
  facet normal -7.990383e-01 -6.012802e-01 7.107044e-16
    outer loop
      vertex   -3.530886e+01 -2.415067e+01 -1.330503e+02
      vertex   -3.530886e+01 -2.415067e+01 -1.190503e+02
      vertex   -3.659708e+01 -2.243875e+01 -1.190503e+02
    endloop
  endfacet
  facet normal -7.990383e-01 -6.012802e-01 3.997522e-16
    outer loop
      vertex   -3.530886e+01 -2.415067e+01 -1.330503e+02
      vertex   -3.659708e+01 -2.243875e+01 -1.190503e+02
      vertex   -3.659708e+01 -2.243875e+01 -1.330503e+02
    endloop
  endfacet
  facet normal -8.475858e-01 -5.306584e-01 4.301757e-16
    outer loop
      vertex   -3.659708e+01 -2.243875e+01 -1.330503e+02
      vertex   -3.659708e+01 -2.243875e+01 -1.190503e+02
      vertex   -3.773400e+01 -2.062282e+01 -1.190503e+02
    endloop
  endfacet
  facet normal -8.475858e-01 -5.306584e-01 0.000000e+00
    outer loop
      vertex   -3.659708e+01 -2.243875e+01 -1.330503e+02
      vertex   -3.773400e+01 -2.062282e+01 -1.190503e+02
      vertex   -3.773400e+01 -2.062282e+01 -1.330503e+02
    endloop
  endfacet
  facet normal -8.899084e-01 -4.561393e-01 0.000000e+00
    outer loop
      vertex   -3.773400e+01 -2.062282e+01 -1.330503e+02
      vertex   -3.773400e+01 -2.062282e+01 -1.190503e+02
      vertex   -3.871127e+01 -1.871622e+01 -1.190503e+02
    endloop
  endfacet
  facet normal -8.899084e-01 -4.561393e-01 4.515720e-16
    outer loop
      vertex   -3.773400e+01 -2.062282e+01 -1.330503e+02
      vertex   -3.871127e+01 -1.871622e+01 -1.190503e+02
      vertex   -3.871127e+01 -1.871622e+01 -1.330503e+02
    endloop
  endfacet
  facet normal -9.256952e-01 -3.782702e-01 4.698186e-16
    outer loop
      vertex   -3.871127e+01 -1.871622e+01 -1.330503e+02
      vertex   -3.871127e+01 -1.871622e+01 -1.190503e+02
      vertex   -3.952170e+01 -1.673295e+01 -1.190503e+02
    endloop
  endfacet
  facet normal -9.256952e-01 -3.782702e-01 2.813071e-16
    outer loop
      vertex   -3.871127e+01 -1.871622e+01 -1.330503e+02
      vertex   -3.952170e+01 -1.673295e+01 -1.190503e+02
      vertex   -3.952170e+01 -1.673295e+01 -1.330503e+02
    endloop
  endfacet
  facet normal -9.546835e-01 -2.976230e-01 3.334783e-16
    outer loop
      vertex   -3.952170e+01 -1.673295e+01 -1.330503e+02
      vertex   -3.952170e+01 -1.673295e+01 -1.190503e+02
      vertex   -4.015935e+01 -1.468756e+01 -1.190503e+02
    endloop
  endfacet
  facet normal -9.546835e-01 -2.976230e-01 -9.697693e-16
    outer loop
      vertex   -3.952170e+01 -1.673295e+01 -1.330503e+02
      vertex   -4.015935e+01 -1.468756e+01 -1.190503e+02
      vertex   -4.015935e+01 -1.468756e+01 -1.330503e+02
    endloop
  endfacet
  facet normal 0.000000e+00 0.000000e+00 1.000000e+00
    outer loop
      vertex   -2.308009e+01 1.569861e+01 -1.050503e+02
      vertex   -2.511762e+01 1.499975e+01 -1.050503e+02
      vertex   -2.027061e+01 3.469644e+00 -1.050503e+02
    endloop
  endfacet
  facet normal 0.000000e+00 0.000000e+00 1.000000e+00
    outer loop
      vertex   -2.027061e+01 3.469644e+00 -1.050503e+02
      vertex   -2.511762e+01 1.499975e+01 -1.050503e+02
      vertex   -2.834295e+01 1.115595e+01 -1.050503e+02
    endloop
  endfacet
  facet normal 0.000000e+00 0.000000e+00 1.000000e+00
    outer loop
      vertex   -2.027061e+01 3.469644e+00 -1.050503e+02
      vertex   -2.834295e+01 1.115595e+01 -1.050503e+02
      vertex   -2.165528e+01 2.868676e+00 -1.050503e+02
    endloop
  endfacet
  facet normal 0.000000e+00 0.000000e+00 1.000000e+00
    outer loop
      vertex   -2.165528e+01 2.868676e+00 -1.050503e+02
      vertex   -2.834295e+01 1.115595e+01 -1.050503e+02
      vertex   -2.295742e+01 2.105187e+00 -1.050503e+02
    endloop
  endfacet
  facet normal 0.000000e+00 0.000000e+00 1.000000e+00
    outer loop
      vertex   -2.295742e+01 2.105187e+00 -1.050503e+02
      vertex   -2.834295e+01 1.115595e+01 -1.050503e+02
      vertex   -2.415803e+01 1.190309e+00 -1.050503e+02
    endloop
  endfacet
  facet normal 0.000000e+00 0.000000e+00 1.000000e+00
    outer loop
      vertex   -2.415803e+01 1.190309e+00 -1.050503e+02
      vertex   -2.834295e+01 1.115595e+01 -1.050503e+02
      vertex   -2.523962e+01 1.373833e-01 -1.050503e+02
    endloop
  endfacet
  facet normal 0.000000e+00 0.000000e+00 1.000000e+00
    outer loop
      vertex   -2.523962e+01 1.373833e-01 -1.050503e+02
      vertex   -2.834295e+01 1.115595e+01 -1.050503e+02
      vertex   -2.618640e+01 -1.038236e+00 -1.050503e+02
    endloop
  endfacet
  facet normal 0.000000e+00 0.000000e+00 1.000000e+00
    outer loop
      vertex   -2.618640e+01 -1.038236e+00 -1.050503e+02
      vertex   -2.834295e+01 1.115595e+01 -1.050503e+02
      vertex   -3.065078e+01 -3.355687e+00 -1.050503e+02
    endloop
  endfacet
  facet normal 0.000000e+00 0.000000e+00 1.000000e+00
    outer loop
      vertex   -2.618640e+01 -1.038236e+00 -1.050503e+02
      vertex   -3.065078e+01 -3.355687e+00 -1.050503e+02
      vertex   -2.698457e+01 -2.319405e+00 -1.050503e+02
    endloop
  endfacet
  facet normal 0.000000e+00 0.000000e+00 1.000000e+00
    outer loop
      vertex   -2.698457e+01 -2.319405e+00 -1.050503e+02
      vertex   -3.065078e+01 -3.355687e+00 -1.050503e+02
      vertex   -2.762250e+01 -3.687443e+00 -1.050503e+02
    endloop
  endfacet
  facet normal 0.000000e+00 0.000000e+00 1.000000e+00
    outer loop
      vertex   -2.762250e+01 -3.687443e+00 -1.050503e+02
      vertex   -3.065078e+01 -3.355687e+00 -1.050503e+02
      vertex   -2.809088e+01 -5.122399e+00 -1.050503e+02
    endloop
  endfacet
  facet normal 0.000000e+00 0.000000e+00 1.000000e+00
    outer loop
      vertex   -2.809088e+01 -5.122399e+00 -1.050503e+02
      vertex   -3.065078e+01 -3.355687e+00 -1.050503e+02
      vertex   -2.838287e+01 -6.603350e+00 -1.050503e+02
    endloop
  endfacet
  facet normal 0.000000e+00 0.000000e+00 1.000000e+00
    outer loop
      vertex   -2.838287e+01 -6.603350e+00 -1.050503e+02
      vertex   -3.065078e+01 -3.355687e+00 -1.050503e+02
      vertex   -2.849423e+01 -8.108699e+00 -1.050503e+02
    endloop
  endfacet
  facet normal 0.000000e+00 0.000000e+00 1.000000e+00
    outer loop
      vertex   -2.849423e+01 -8.108699e+00 -1.050503e+02
      vertex   -3.065078e+01 -3.355687e+00 -1.050503e+02
      vertex   -4.015935e+01 -1.468756e+01 -1.050503e+02
    endloop
  endfacet
  facet normal 0.000000e+00 0.000000e+00 1.000000e+00
    outer loop
      vertex   -2.849423e+01 -8.108699e+00 -1.050503e+02
      vertex   -4.015935e+01 -1.468756e+01 -1.050503e+02
      vertex   -2.842333e+01 -9.616495e+00 -1.050503e+02
    endloop
  endfacet
  facet normal 0.000000e+00 0.000000e+00 1.000000e+00
    outer loop
      vertex   -2.842333e+01 -9.616495e+00 -1.050503e+02
      vertex   -4.015935e+01 -1.468756e+01 -1.050503e+02
      vertex   -2.817120e+01 -1.110475e+01 -1.050503e+02
    endloop
  endfacet
  facet normal 0.000000e+00 0.000000e+00 1.000000e+00
    outer loop
      vertex   -2.817120e+01 -1.110475e+01 -1.050503e+02
      vertex   -4.015935e+01 -1.468756e+01 -1.050503e+02
      vertex   -2.774152e+01 -1.255177e+01 -1.050503e+02
    endloop
  endfacet
  facet normal 0.000000e+00 0.000000e+00 1.000000e+00
    outer loop
      vertex   -2.774152e+01 -1.255177e+01 -1.050503e+02
      vertex   -4.015935e+01 -1.468756e+01 -1.050503e+02
      vertex   -3.951778e+01 -1.674385e+01 -1.050503e+02
    endloop
  endfacet
  facet normal 0.000000e+00 0.000000e+00 1.000000e+00
    outer loop
      vertex   -2.774152e+01 -1.255177e+01 -1.050503e+02
      vertex   -3.951778e+01 -1.674385e+01 -1.050503e+02
      vertex   -3.870158e+01 -1.873728e+01 -1.050503e+02
    endloop
  endfacet
  facet normal 0.000000e+00 0.000000e+00 1.000000e+00
    outer loop
      vertex   -2.774152e+01 -1.255177e+01 -1.050503e+02
      vertex   -3.870158e+01 -1.873728e+01 -1.050503e+02
      vertex   -2.714055e+01 -1.393644e+01 -1.050503e+02
    endloop
  endfacet
  facet normal 0.000000e+00 0.000000e+00 1.000000e+00
    outer loop
      vertex   -2.714055e+01 -1.393644e+01 -1.050503e+02
      vertex   -3.870158e+01 -1.873728e+01 -1.050503e+02
      vertex   -3.771681e+01 -2.065304e+01 -1.050503e+02
    endloop
  endfacet
  facet normal 0.000000e+00 0.000000e+00 1.000000e+00
    outer loop
      vertex   -2.714055e+01 -1.393644e+01 -1.050503e+02
      vertex   -3.771681e+01 -2.065304e+01 -1.050503e+02
      vertex   -2.637706e+01 -1.523857e+01 -1.050503e+02
    endloop
  endfacet
  facet normal 0.000000e+00 0.000000e+00 1.000000e+00
    outer loop
      vertex   -2.637706e+01 -1.523857e+01 -1.050503e+02
      vertex   -3.771681e+01 -2.065304e+01 -1.050503e+02
      vertex   -3.657079e+01 -2.247693e+01 -1.050503e+02
    endloop
  endfacet
  facet normal 0.000000e+00 0.000000e+00 1.000000e+00
    outer loop
      vertex   -2.637706e+01 -1.523857e+01 -1.050503e+02
      vertex   -3.657079e+01 -2.247693e+01 -1.050503e+02
      vertex   -3.527201e+01 -2.419539e+01 -1.050503e+02
    endloop
  endfacet
  facet normal 0.000000e+00 0.000000e+00 1.000000e+00
    outer loop
      vertex   -2.637706e+01 -1.523857e+01 -1.050503e+02
      vertex   -3.527201e+01 -2.419539e+01 -1.050503e+02
      vertex   -2.546218e+01 -1.643919e+01 -1.050503e+02
    endloop
  endfacet
  facet normal 0.000000e+00 0.000000e+00 1.000000e+00
    outer loop
      vertex   -2.546218e+01 -1.643919e+01 -1.050503e+02
      vertex   -3.527201e+01 -2.419539e+01 -1.050503e+02
      vertex   -3.383013e+01 -2.579567e+01 -1.050503e+02
    endloop
  endfacet
  facet normal 0.000000e+00 0.000000e+00 1.000000e+00
    outer loop
      vertex   -2.546218e+01 -1.643919e+01 -1.050503e+02
      vertex   -3.383013e+01 -2.579567e+01 -1.050503e+02
      vertex   -2.440926e+01 -1.752077e+01 -1.050503e+02
    endloop
  endfacet
  facet normal 0.000000e+00 0.000000e+00 1.000000e+00
    outer loop
      vertex   -2.440926e+01 -1.752077e+01 -1.050503e+02
      vertex   -3.383013e+01 -2.579567e+01 -1.050503e+02
      vertex   -3.225584e+01 -2.726590e+01 -1.050503e+02
    endloop
  endfacet
  facet normal 0.000000e+00 0.000000e+00 1.000000e+00
    outer loop
      vertex   -2.440926e+01 -1.752077e+01 -1.050503e+02
      vertex   -3.225584e+01 -2.726590e+01 -1.050503e+02
      vertex   -2.323364e+01 -1.846756e+01 -1.050503e+02
    endloop
  endfacet
  facet normal 0.000000e+00 0.000000e+00 1.000000e+00
    outer loop
      vertex   -2.323364e+01 -1.846756e+01 -1.050503e+02
      vertex   -3.225584e+01 -2.726590e+01 -1.050503e+02
      vertex   -3.056084e+01 -2.859514e+01 -1.050503e+02
    endloop
  endfacet
  facet normal 0.000000e+00 0.000000e+00 1.000000e+00
    outer loop
      vertex   -2.323364e+01 -1.846756e+01 -1.050503e+02
      vertex   -3.056084e+01 -2.859514e+01 -1.050503e+02
      vertex   -2.875771e+01 -2.977355e+01 -1.050503e+02
    endloop
  endfacet
  facet normal 0.000000e+00 0.000000e+00 1.000000e+00
    outer loop
      vertex   -2.323364e+01 -1.846756e+01 -1.050503e+02
      vertex   -2.875771e+01 -2.977355e+01 -1.050503e+02
      vertex   -2.195247e+01 -1.926573e+01 -1.050503e+02
    endloop
  endfacet
  facet normal 0.000000e+00 0.000000e+00 1.000000e+00
    outer loop
      vertex   -2.195247e+01 -1.926573e+01 -1.050503e+02
      vertex   -2.875771e+01 -2.977355e+01 -1.050503e+02
      vertex   -2.685983e+01 -3.079236e+01 -1.050503e+02
    endloop
  endfacet
  facet normal 0.000000e+00 0.000000e+00 1.000000e+00
    outer loop
      vertex   -2.195247e+01 -1.926573e+01 -1.050503e+02
      vertex   -2.685983e+01 -3.079236e+01 -1.050503e+02
      vertex   -2.058443e+01 -1.990366e+01 -1.050503e+02
    endloop
  endfacet
  facet normal 0.000000e+00 0.000000e+00 1.000000e+00
    outer loop
      vertex   -2.058443e+01 -1.990366e+01 -1.050503e+02
      vertex   -2.685983e+01 -3.079236e+01 -1.050503e+02
      vertex   -2.488129e+01 -3.164402e+01 -1.050503e+02
    endloop
  endfacet
  facet normal 0.000000e+00 0.000000e+00 1.000000e+00
    outer loop
      vertex   -2.058443e+01 -1.990366e+01 -1.050503e+02
      vertex   -2.488129e+01 -3.164402e+01 -1.050503e+02
      vertex   -2.283679e+01 -3.232220e+01 -1.050503e+02
    endloop
  endfacet
  facet normal 0.000000e+00 0.000000e+00 1.000000e+00
    outer loop
      vertex   -2.058443e+01 -1.990366e+01 -1.050503e+02
      vertex   -2.283679e+01 -3.232220e+01 -1.050503e+02
      vertex   -1.914947e+01 -2.037203e+01 -1.050503e+02
    endloop
  endfacet
  facet normal 0.000000e+00 0.000000e+00 1.000000e+00
    outer loop
      vertex   -1.914947e+01 -2.037203e+01 -1.050503e+02
      vertex   -2.283679e+01 -3.232220e+01 -1.050503e+02
      vertex   -2.074149e+01 -3.282186e+01 -1.050503e+02
    endloop
  endfacet
  facet normal 0.000000e+00 0.000000e+00 1.000000e+00
    outer loop
      vertex   -1.914947e+01 -2.037203e+01 -1.050503e+02
      vertex   -2.074149e+01 -3.282186e+01 -1.050503e+02
      vertex   -1.766852e+01 -2.066403e+01 -1.050503e+02
    endloop
  endfacet
  facet normal 0.000000e+00 0.000000e+00 1.000000e+00
    outer loop
      vertex   -1.766852e+01 -2.066403e+01 -1.050503e+02
      vertex   -2.074149e+01 -3.282186e+01 -1.050503e+02
      vertex   -1.861096e+01 -3.313931e+01 -1.050503e+02
    endloop
  endfacet
  facet normal 0.000000e+00 0.000000e+00 1.000000e+00
    outer loop
      vertex   -1.766852e+01 -2.066403e+01 -1.050503e+02
      vertex   -1.861096e+01 -3.313931e+01 -1.050503e+02
      vertex   -1.616317e+01 -2.077539e+01 -1.050503e+02
    endloop
  endfacet
  facet normal 0.000000e+00 0.000000e+00 1.000000e+00
    outer loop
      vertex   -1.616317e+01 -2.077539e+01 -1.050503e+02
      vertex   -1.861096e+01 -3.313931e+01 -1.050503e+02
      vertex   -1.646101e+01 -3.327218e+01 -1.050503e+02
    endloop
  endfacet
  facet normal 0.000000e+00 0.000000e+00 1.000000e+00
    outer loop
      vertex   -1.616317e+01 -2.077539e+01 -1.050503e+02
      vertex   -1.646101e+01 -3.327218e+01 -1.050503e+02
      vertex   -1.430761e+01 -3.321948e+01 -1.050503e+02
    endloop
  endfacet
  facet normal -0.000000e+00 0.000000e+00 1.000000e+00
    outer loop
      vertex   -1.616317e+01 -2.077539e+01 -1.050503e+02
      vertex   -1.430761e+01 -3.321948e+01 -1.050503e+02
      vertex   -1.465538e+01 -2.070448e+01 -1.050503e+02
    endloop
  endfacet
  facet normal 0.000000e+00 0.000000e+00 1.000000e+00
    outer loop
      vertex   -1.465538e+01 -2.070448e+01 -1.050503e+02
      vertex   -1.430761e+01 -3.321948e+01 -1.050503e+02
      vertex   -1.216673e+01 -3.298161e+01 -1.050503e+02
    endloop
  endfacet
  facet normal -0.000000e+00 0.000000e+00 1.000000e+00
    outer loop
      vertex   -1.465538e+01 -2.070448e+01 -1.050503e+02
      vertex   -1.216673e+01 -3.298161e+01 -1.050503e+02
      vertex   -1.316712e+01 -2.045235e+01 -1.050503e+02
    endloop
  endfacet
  facet normal 0.000000e+00 0.000000e+00 1.000000e+00
    outer loop
      vertex   -1.316712e+01 -2.045235e+01 -1.050503e+02
      vertex   -1.216673e+01 -3.298161e+01 -1.050503e+02
      vertex   -1.005428e+01 -3.256033e+01 -1.050503e+02
    endloop
  endfacet
  facet normal 0.000000e+00 0.000000e+00 1.000000e+00
    outer loop
      vertex   -1.316712e+01 -2.045235e+01 -1.050503e+02
      vertex   -1.005428e+01 -3.256033e+01 -1.050503e+02
      vertex   -7.985936e+00 -3.195877e+01 -1.050503e+02
    endloop
  endfacet
  facet normal -0.000000e+00 0.000000e+00 1.000000e+00
    outer loop
      vertex   -1.316712e+01 -2.045235e+01 -1.050503e+02
      vertex   -7.985936e+00 -3.195877e+01 -1.050503e+02
      vertex   -1.172011e+01 -2.002267e+01 -1.050503e+02
    endloop
  endfacet
  facet normal 0.000000e+00 0.000000e+00 1.000000e+00
    outer loop
      vertex   -1.172011e+01 -2.002267e+01 -1.050503e+02
      vertex   -7.985936e+00 -3.195877e+01 -1.050503e+02
      vertex   -5.977051e+00 -3.118139e+01 -1.050503e+02
    endloop
  endfacet
  facet normal -0.000000e+00 0.000000e+00 1.000000e+00
    outer loop
      vertex   -1.172011e+01 -2.002267e+01 -1.050503e+02
      vertex   -5.977051e+00 -3.118139e+01 -1.050503e+02
      vertex   -1.033544e+01 -1.942170e+01 -1.050503e+02
    endloop
  endfacet
  facet normal 0.000000e+00 0.000000e+00 1.000000e+00
    outer loop
      vertex   -1.033544e+01 -1.942170e+01 -1.050503e+02
      vertex   -5.977051e+00 -3.118139e+01 -1.050503e+02
      vertex   -4.042541e+00 -3.023398e+01 -1.050503e+02
    endloop
  endfacet
  facet normal -0.000000e+00 0.000000e+00 1.000000e+00
    outer loop
      vertex   -1.033544e+01 -1.942170e+01 -1.050503e+02
      vertex   -4.042541e+00 -3.023398e+01 -1.050503e+02
      vertex   -9.033299e+00 -1.865822e+01 -1.050503e+02
    endloop
  endfacet
  facet normal 0.000000e+00 0.000000e+00 1.000000e+00
    outer loop
      vertex   -9.033299e+00 -1.865822e+01 -1.050503e+02
      vertex   -4.042541e+00 -3.023398e+01 -1.050503e+02
      vertex   -2.196767e+00 -2.912355e+01 -1.050503e+02
    endloop
  endfacet
  facet normal 0.000000e+00 0.000000e+00 1.000000e+00
    outer loop
      vertex   -9.033299e+00 -1.865822e+01 -1.050503e+02
      vertex   -2.196767e+00 -2.912355e+01 -1.050503e+02
      vertex   -4.534325e-01 -2.785836e+01 -1.050503e+02
    endloop
  endfacet
  facet normal -0.000000e+00 0.000000e+00 1.000000e+00
    outer loop
      vertex   -9.033299e+00 -1.865822e+01 -1.050503e+02
      vertex   -4.534325e-01 -2.785836e+01 -1.050503e+02
      vertex   -7.832684e+00 -1.774334e+01 -1.050503e+02
    endloop
  endfacet
  facet normal 0.000000e+00 0.000000e+00 1.000000e+00
    outer loop
      vertex   -7.832684e+00 -1.774334e+01 -1.050503e+02
      vertex   -4.534325e-01 -2.785836e+01 -1.050503e+02
      vertex   1.174521e+00 -2.644779e+01 -1.050503e+02
    endloop
  endfacet
  facet normal -0.000000e+00 0.000000e+00 1.000000e+00
    outer loop
      vertex   -7.832684e+00 -1.774334e+01 -1.050503e+02
      vertex   1.174521e+00 -2.644779e+01 -1.050503e+02
      vertex   -6.751100e+00 -1.669041e+01 -1.050503e+02
    endloop
  endfacet
  facet normal 0.000000e+00 0.000000e+00 1.000000e+00
    outer loop
      vertex   -6.751100e+00 -1.669041e+01 -1.050503e+02
      vertex   1.174521e+00 -2.644779e+01 -1.050503e+02
      vertex   2.675006e+00 -2.490232e+01 -1.050503e+02
    endloop
  endfacet
  facet normal 0.000000e+00 0.000000e+00 1.000000e+00
    outer loop
      vertex   -6.751100e+00 -1.669041e+01 -1.050503e+02
      vertex   2.675006e+00 -2.490232e+01 -1.050503e+02
      vertex   4.036885e+00 -2.323342e+01 -1.050503e+02
    endloop
  endfacet
  facet normal -0.000000e+00 0.000000e+00 1.000000e+00
    outer loop
      vertex   -6.751100e+00 -1.669041e+01 -1.050503e+02
      vertex   4.036885e+00 -2.323342e+01 -1.050503e+02
      vertex   -5.804318e+00 -1.551479e+01 -1.050503e+02
    endloop
  endfacet
  facet normal 0.000000e+00 0.000000e+00 1.000000e+00
    outer loop
      vertex   -5.804318e+00 -1.551479e+01 -1.050503e+02
      vertex   4.036885e+00 -2.323342e+01 -1.050503e+02
      vertex   5.250047e+00 -2.145349e+01 -1.050503e+02
    endloop
  endfacet
  facet normal -0.000000e+00 0.000000e+00 1.000000e+00
    outer loop
      vertex   -5.804318e+00 -1.551479e+01 -1.050503e+02
      vertex   5.250047e+00 -2.145349e+01 -1.050503e+02
      vertex   -5.006144e+00 -1.423362e+01 -1.050503e+02
    endloop
  endfacet
  facet normal 0.000000e+00 0.000000e+00 1.000000e+00
    outer loop
      vertex   -5.006144e+00 -1.423362e+01 -1.050503e+02
      vertex   5.250047e+00 -2.145349e+01 -1.050503e+02
      vertex   6.305486e+00 -1.957573e+01 -1.050503e+02
    endloop
  endfacet
  facet normal -0.000000e+00 0.000000e+00 1.000000e+00
    outer loop
      vertex   -5.006144e+00 -1.423362e+01 -1.050503e+02
      vertex   6.305486e+00 -1.957573e+01 -1.050503e+02
      vertex   -4.368218e+00 -1.286559e+01 -1.050503e+02
    endloop
  endfacet
  facet normal 0.000000e+00 0.000000e+00 1.000000e+00
    outer loop
      vertex   -4.368218e+00 -1.286559e+01 -1.050503e+02
      vertex   6.305486e+00 -1.957573e+01 -1.050503e+02
      vertex   7.195365e+00 -1.761409e+01 -1.050503e+02
    endloop
  endfacet
  facet normal 0.000000e+00 0.000000e+00 1.000000e+00
    outer loop
      vertex   -4.368218e+00 -1.286559e+01 -1.050503e+02
      vertex   7.195365e+00 -1.761409e+01 -1.050503e+02
      vertex   7.913080e+00 -1.558312e+01 -1.050503e+02
    endloop
  endfacet
  facet normal -0.000000e+00 0.000000e+00 1.000000e+00
    outer loop
      vertex   -4.368218e+00 -1.286559e+01 -1.050503e+02
      vertex   7.913080e+00 -1.558312e+01 -1.050503e+02
      vertex   -3.899841e+00 -1.143063e+01 -1.050503e+02
    endloop
  endfacet
  facet normal 0.000000e+00 0.000000e+00 1.000000e+00
    outer loop
      vertex   -3.899841e+00 -1.143063e+01 -1.050503e+02
      vertex   7.913080e+00 -1.558312e+01 -1.050503e+02
      vertex   8.453300e+00 -1.349792e+01 -1.050503e+02
    endloop
  endfacet
  facet normal -0.000000e+00 0.000000e+00 1.000000e+00
    outer loop
      vertex   -3.899841e+00 -1.143063e+01 -1.050503e+02
      vertex   8.453300e+00 -1.349792e+01 -1.050503e+02
      vertex   -3.607845e+00 -9.949678e+00 -1.050503e+02
    endloop
  endfacet
  facet normal 0.000000e+00 0.000000e+00 1.000000e+00
    outer loop
      vertex   -3.607845e+00 -9.949678e+00 -1.050503e+02
      vertex   8.453300e+00 -1.349792e+01 -1.050503e+02
      vertex   8.812017e+00 -1.137395e+01 -1.050503e+02
    endloop
  endfacet
  facet normal -0.000000e+00 0.000000e+00 1.000000e+00
    outer loop
      vertex   -3.607845e+00 -9.949678e+00 -1.050503e+02
      vertex   8.812017e+00 -1.137395e+01 -1.050503e+02
      vertex   8.986566e+00 -9.226980e+00 -1.050503e+02
    endloop
  endfacet
  facet normal 0.000000e+00 0.000000e+00 1.000000e+00
    outer loop
      vertex   -3.607845e+00 -9.949678e+00 -1.050503e+02
      vertex   8.986566e+00 -9.226980e+00 -1.050503e+02
      vertex   -3.496486e+00 -8.444329e+00 -1.050503e+02
    endloop
  endfacet
  facet normal -0.000000e+00 0.000000e+00 1.000000e+00
    outer loop
      vertex   -3.496486e+00 -8.444329e+00 -1.050503e+02
      vertex   8.986566e+00 -9.226980e+00 -1.050503e+02
      vertex   8.975653e+00 -7.072958e+00 -1.050503e+02
    endloop
  endfacet
  facet normal 0.000000e+00 -0.000000e+00 1.000000e+00
    outer loop
      vertex   -3.496486e+00 -8.444329e+00 -1.050503e+02
      vertex   8.975653e+00 -7.072958e+00 -1.050503e+02
      vertex   -3.567389e+00 -6.936533e+00 -1.050503e+02
    endloop
  endfacet
  facet normal -0.000000e+00 0.000000e+00 1.000000e+00
    outer loop
      vertex   -3.567389e+00 -6.936533e+00 -1.050503e+02
      vertex   8.975653e+00 -7.072958e+00 -1.050503e+02
      vertex   8.779357e+00 -4.927871e+00 -1.050503e+02
    endloop
  endfacet
  facet normal 0.000000e+00 -0.000000e+00 1.000000e+00
    outer loop
      vertex   -3.567389e+00 -6.936533e+00 -1.050503e+02
      vertex   8.779357e+00 -4.927871e+00 -1.050503e+02
      vertex   -3.819520e+00 -5.448277e+00 -1.050503e+02
    endloop
  endfacet
  facet normal 0.000000e+00 0.000000e+00 1.000000e+00
    outer loop
      vertex   -3.819520e+00 -5.448277e+00 -1.050503e+02
      vertex   8.779357e+00 -4.927871e+00 -1.050503e+02
      vertex   8.399137e+00 -2.807644e+00 -1.050503e+02
    endloop
  endfacet
  facet normal 0.000000e+00 0.000000e+00 1.000000e+00
    outer loop
      vertex   -3.819520e+00 -5.448277e+00 -1.050503e+02
      vertex   8.399137e+00 -2.807644e+00 -1.050503e+02
      vertex   7.837815e+00 -7.280179e-01 -1.050503e+02
    endloop
  endfacet
  facet normal 0.000000e+00 -0.000000e+00 1.000000e+00
    outer loop
      vertex   -3.819520e+00 -5.448277e+00 -1.050503e+02
      vertex   7.837815e+00 -7.280179e-01 -1.050503e+02
      vertex   -4.249202e+00 -4.001262e+00 -1.050503e+02
    endloop
  endfacet
  facet normal 0.000000e+00 0.000000e+00 1.000000e+00
    outer loop
      vertex   -4.249202e+00 -4.001262e+00 -1.050503e+02
      vertex   7.837815e+00 -7.280179e-01 -1.050503e+02
      vertex   7.099558e+00 1.295569e+00 -1.050503e+02
    endloop
  endfacet
  facet normal 0.000000e+00 -0.000000e+00 1.000000e+00
    outer loop
      vertex   -4.249202e+00 -4.001262e+00 -1.050503e+02
      vertex   7.099558e+00 1.295569e+00 -1.050503e+02
      vertex   -4.850169e+00 -2.616591e+00 -1.050503e+02
    endloop
  endfacet
  facet normal 0.000000e+00 0.000000e+00 1.000000e+00
    outer loop
      vertex   -4.850169e+00 -2.616591e+00 -1.050503e+02
      vertex   7.099558e+00 1.295569e+00 -1.050503e+02
      vertex   6.189847e+00 3.248095e+00 -1.050503e+02
    endloop
  endfacet
  facet normal 0.000000e+00 0.000000e+00 1.000000e+00
    outer loop
      vertex   -4.850169e+00 -2.616591e+00 -1.050503e+02
      vertex   6.189847e+00 3.248095e+00 -1.050503e+02
      vertex   5.115436e+00 5.115063e+00 -1.050503e+02
    endloop
  endfacet
  facet normal 0.000000e+00 -0.000000e+00 1.000000e+00
    outer loop
      vertex   -4.850169e+00 -2.616591e+00 -1.050503e+02
      vertex   5.115436e+00 5.115063e+00 -1.050503e+02
      vertex   -5.613658e+00 -1.314454e+00 -1.050503e+02
    endloop
  endfacet
  facet normal 0.000000e+00 0.000000e+00 1.000000e+00
    outer loop
      vertex   -5.613658e+00 -1.314454e+00 -1.050503e+02
      vertex   5.115436e+00 5.115063e+00 -1.050503e+02
      vertex   3.884300e+00 6.882613e+00 -1.050503e+02
    endloop
  endfacet
  facet normal 0.000000e+00 -0.000000e+00 1.000000e+00
    outer loop
      vertex   -5.613658e+00 -1.314454e+00 -1.050503e+02
      vertex   3.884300e+00 6.882613e+00 -1.050503e+02
      vertex   -6.528536e+00 -1.138394e-01 -1.050503e+02
    endloop
  endfacet
  facet normal 0.000000e+00 0.000000e+00 1.000000e+00
    outer loop
      vertex   -6.528536e+00 -1.138394e-01 -1.050503e+02
      vertex   3.884300e+00 6.882613e+00 -1.050503e+02
      vertex   2.505580e+00 8.537624e+00 -1.050503e+02
    endloop
  endfacet
  facet normal 0.000000e+00 -0.000000e+00 1.000000e+00
    outer loop
      vertex   -6.528536e+00 -1.138394e-01 -1.050503e+02
      vertex   2.505580e+00 8.537624e+00 -1.050503e+02
      vertex   -7.581462e+00 9.677449e-01 -1.050503e+02
    endloop
  endfacet
  facet normal 0.000000e+00 0.000000e+00 1.000000e+00
    outer loop
      vertex   -7.581462e+00 9.677449e-01 -1.050503e+02
      vertex   2.505580e+00 8.537624e+00 -1.050503e+02
      vertex   9.895114e-01 1.006781e+01 -1.050503e+02
    endloop
  endfacet
  facet normal 0.000000e+00 0.000000e+00 1.000000e+00
    outer loop
      vertex   -7.581462e+00 9.677449e-01 -1.050503e+02
      vertex   9.895114e-01 1.006781e+01 -1.050503e+02
      vertex   -6.526512e-01 1.146181e+01 -1.050503e+02
    endloop
  endfacet
  facet normal 0.000000e+00 -0.000000e+00 1.000000e+00
    outer loop
      vertex   -7.581462e+00 9.677449e-01 -1.050503e+02
      vertex   -6.526512e-01 1.146181e+01 -1.050503e+02
      vertex   -8.757081e+00 1.914527e+00 -1.050503e+02
    endloop
  endfacet
  facet normal 0.000000e+00 0.000000e+00 1.000000e+00
    outer loop
      vertex   -8.757081e+00 1.914527e+00 -1.050503e+02
      vertex   -6.526512e-01 1.146181e+01 -1.050503e+02
      vertex   -2.408716e+00 1.270927e+01 -1.050503e+02
    endloop
  endfacet
  facet normal 0.000000e+00 -0.000000e+00 1.000000e+00
    outer loop
      vertex   -8.757081e+00 1.914527e+00 -1.050503e+02
      vertex   -2.408716e+00 1.270927e+01 -1.050503e+02
      vertex   -1.003825e+01 2.712701e+00 -1.050503e+02
    endloop
  endfacet
  facet normal 0.000000e+00 0.000000e+00 1.000000e+00
    outer loop
      vertex   -1.003825e+01 2.712701e+00 -1.050503e+02
      vertex   -2.408716e+00 1.270927e+01 -1.050503e+02
      vertex   -4.265647e+00 1.380094e+01 -1.050503e+02
    endloop
  endfacet
  facet normal 0.000000e+00 0.000000e+00 1.000000e+00
    outer loop
      vertex   -1.003825e+01 2.712701e+00 -1.050503e+02
      vertex   -4.265647e+00 1.380094e+01 -1.050503e+02
      vertex   -6.209658e+00 1.472870e+01 -1.050503e+02
    endloop
  endfacet
  facet normal 0.000000e+00 -0.000000e+00 1.000000e+00
    outer loop
      vertex   -1.003825e+01 2.712701e+00 -1.050503e+02
      vertex   -6.209658e+00 1.472870e+01 -1.050503e+02
      vertex   -1.140629e+01 3.350627e+00 -1.050503e+02
    endloop
  endfacet
  facet normal 0.000000e+00 0.000000e+00 1.000000e+00
    outer loop
      vertex   -1.140629e+01 3.350627e+00 -1.050503e+02
      vertex   -6.209658e+00 1.472870e+01 -1.050503e+02
      vertex   -8.226317e+00 1.548568e+01 -1.050503e+02
    endloop
  endfacet
  facet normal 0.000000e+00 -0.000000e+00 1.000000e+00
    outer loop
      vertex   -1.140629e+01 3.350627e+00 -1.050503e+02
      vertex   -8.226317e+00 1.548568e+01 -1.050503e+02
      vertex   -1.284124e+01 3.819004e+00 -1.050503e+02
    endloop
  endfacet
  facet normal 0.000000e+00 0.000000e+00 1.000000e+00
    outer loop
      vertex   -1.284124e+01 3.819004e+00 -1.050503e+02
      vertex   -8.226317e+00 1.548568e+01 -1.050503e+02
      vertex   -1.030065e+01 1.606625e+01 -1.050503e+02
    endloop
  endfacet
  facet normal 0.000000e+00 -0.000000e+00 1.000000e+00
    outer loop
      vertex   -1.284124e+01 3.819004e+00 -1.050503e+02
      vertex   -1.030065e+01 1.606625e+01 -1.050503e+02
      vertex   -1.432220e+01 4.111000e+00 -1.050503e+02
    endloop
  endfacet
  facet normal 0.000000e+00 0.000000e+00 1.000000e+00
    outer loop
      vertex   -1.432220e+01 4.111000e+00 -1.050503e+02
      vertex   -1.030065e+01 1.606625e+01 -1.050503e+02
      vertex   -1.241726e+01 1.646611e+01 -1.050503e+02
    endloop
  endfacet
  facet normal 0.000000e+00 -0.000000e+00 1.000000e+00
    outer loop
      vertex   -1.432220e+01 4.111000e+00 -1.050503e+02
      vertex   -1.241726e+01 1.646611e+01 -1.050503e+02
      vertex   -1.456044e+01 1.668227e+01 -1.050503e+02
    endloop
  endfacet
  facet normal 0.000000e+00 0.000000e+00 1.000000e+00
    outer loop
      vertex   -1.432220e+01 4.111000e+00 -1.050503e+02
      vertex   -1.456044e+01 1.668227e+01 -1.050503e+02
      vertex   -1.582754e+01 4.222359e+00 -1.050503e+02
    endloop
  endfacet
  facet normal 0.000000e+00 -0.000000e+00 1.000000e+00
    outer loop
      vertex   -1.582754e+01 4.222359e+00 -1.050503e+02
      vertex   -1.456044e+01 1.668227e+01 -1.050503e+02
      vertex   -1.671427e+01 1.671315e+01 -1.050503e+02
    endloop
  endfacet
  facet normal 0.000000e+00 0.000000e+00 1.000000e+00
    outer loop
      vertex   -1.582754e+01 4.222359e+00 -1.050503e+02
      vertex   -1.671427e+01 1.671315e+01 -1.050503e+02
      vertex   -1.733534e+01 4.151456e+00 -1.050503e+02
    endloop
  endfacet
  facet normal 0.000000e+00 -0.000000e+00 1.000000e+00
    outer loop
      vertex   -1.733534e+01 4.151456e+00 -1.050503e+02
      vertex   -1.671427e+01 1.671315e+01 -1.050503e+02
      vertex   -1.886276e+01 1.655850e+01 -1.050503e+02
    endloop
  endfacet
  facet normal 0.000000e+00 0.000000e+00 1.000000e+00
    outer loop
      vertex   -1.733534e+01 4.151456e+00 -1.050503e+02
      vertex   -1.886276e+01 1.655850e+01 -1.050503e+02
      vertex   -2.098996e+01 1.621948e+01 -1.050503e+02
    endloop
  endfacet
  facet normal 0.000000e+00 0.000000e+00 1.000000e+00
    outer loop
      vertex   -1.733534e+01 4.151456e+00 -1.050503e+02
      vertex   -2.098996e+01 1.621948e+01 -1.050503e+02
      vertex   -1.882360e+01 3.899325e+00 -1.050503e+02
    endloop
  endfacet
  facet normal 0.000000e+00 0.000000e+00 1.000000e+00
    outer loop
      vertex   -1.882360e+01 3.899325e+00 -1.050503e+02
      vertex   -2.098996e+01 1.621948e+01 -1.050503e+02
      vertex   -2.308009e+01 1.569861e+01 -1.050503e+02
    endloop
  endfacet
  facet normal 0.000000e+00 0.000000e+00 1.000000e+00
    outer loop
      vertex   -1.882360e+01 3.899325e+00 -1.050503e+02
      vertex   -2.308009e+01 1.569861e+01 -1.050503e+02
      vertex   -2.027061e+01 3.469644e+00 -1.050503e+02
    endloop
  endfacet
  facet normal 1.570592e-01 9.875892e-01 -3.000783e-16
    outer loop
      vertex   -2.767722e+01 -3.828580e+00 -1.191005e+02
      vertex   -2.767722e+01 -3.828580e+00 -1.330503e+02
      vertex   -3.065078e+01 -3.355687e+00 -1.191005e+02
    endloop
  endfacet
  facet normal 1.570592e-01 9.875892e-01 -3.000783e-16
    outer loop
      vertex   -3.065078e+01 -3.355687e+00 -1.191005e+02
      vertex   -2.767722e+01 -3.828580e+00 -1.330503e+02
      vertex   -3.065078e+01 -3.355687e+00 -1.330503e+02
    endloop
  endfacet
  facet normal 1.570592e-01 9.875892e-01 -1.257593e-16
    outer loop
      vertex   8.966544e+00 -9.656145e+00 -1.191005e+02
      vertex   8.966544e+00 -9.656145e+00 -1.330503e+02
      vertex   -3.509987e+00 -7.671966e+00 -1.191005e+02
    endloop
  endfacet
  facet normal 1.570592e-01 9.875892e-01 -1.386393e-16
    outer loop
      vertex   -3.509987e+00 -7.671966e+00 -1.191005e+02
      vertex   8.966544e+00 -9.656145e+00 -1.330503e+02
      vertex   -3.509987e+00 -7.671966e+00 -1.330503e+02
    endloop
  endfacet
  facet normal -0.000000e+00 0.000000e+00 -1.000000e+00
    outer loop
      vertex   1.850365e+00 9.231487e+00 -1.191005e+02
      vertex   -1.187728e+01 3.525666e+00 -1.191005e+02
      vertex   3.354299e-01 1.065244e+01 -1.191005e+02
    endloop
  endfacet
  facet normal 0.000000e+00 0.000000e+00 -1.000000e+00
    outer loop
      vertex   3.354299e-01 1.065244e+01 -1.191005e+02
      vertex   -1.187728e+01 3.525666e+00 -1.191005e+02
      vertex   -1.330352e+01 3.930206e+00 -1.191005e+02
    endloop
  endfacet
  facet normal -0.000000e+00 0.000000e+00 -1.000000e+00
    outer loop
      vertex   3.354299e-01 1.065244e+01 -1.191005e+02
      vertex   -1.330352e+01 3.930206e+00 -1.191005e+02
      vertex   -2.533929e+01 1.473557e+01 -1.191005e+02
    endloop
  endfacet
  facet normal 0.000000e+00 0.000000e+00 -1.000000e+00
    outer loop
      vertex   -2.533929e+01 1.473557e+01 -1.191005e+02
      vertex   -1.330352e+01 3.930206e+00 -1.191005e+02
      vertex   -1.476762e+01 4.163046e+00 -1.191005e+02
    endloop
  endfacet
  facet normal 0.000000e+00 -0.000000e+00 -1.000000e+00
    outer loop
      vertex   -2.533929e+01 1.473557e+01 -1.191005e+02
      vertex   -1.476762e+01 4.163046e+00 -1.191005e+02
      vertex   -2.834295e+01 1.115595e+01 -1.191005e+02
    endloop
  endfacet
  facet normal 0.000000e+00 0.000000e+00 -1.000000e+00
    outer loop
      vertex   -2.834295e+01 1.115595e+01 -1.191005e+02
      vertex   -1.476762e+01 4.163046e+00 -1.191005e+02
      vertex   -1.624900e+01 4.220912e+00 -1.191005e+02
    endloop
  endfacet
  facet normal 0.000000e+00 0.000000e+00 -1.000000e+00
    outer loop
      vertex   -2.834295e+01 1.115595e+01 -1.191005e+02
      vertex   -1.624900e+01 4.220912e+00 -1.191005e+02
      vertex   -1.772680e+01 4.102990e+00 -1.191005e+02
    endloop
  endfacet
  facet normal 0.000000e+00 -0.000000e+00 -1.000000e+00
    outer loop
      vertex   1.850365e+00 9.231487e+00 -1.191005e+02
      vertex   3.242118e+00 7.689683e+00 -1.191005e+02
      vertex   -1.187728e+01 3.525666e+00 -1.191005e+02
    endloop
  endfacet
  facet normal 0.000000e+00 0.000000e+00 -1.000000e+00
    outer loop
      vertex   -1.187728e+01 3.525666e+00 -1.191005e+02
      vertex   3.242118e+00 7.689683e+00 -1.191005e+02
      vertex   -1.050897e+01 2.955117e+00 -1.191005e+02
    endloop
  endfacet
  facet normal 0.000000e+00 0.000000e+00 -1.000000e+00
    outer loop
      vertex   -1.050897e+01 2.955117e+00 -1.191005e+02
      vertex   3.242118e+00 7.689683e+00 -1.191005e+02
      vertex   4.501082e+00 6.037671e+00 -1.191005e+02
    endloop
  endfacet
  facet normal 0.000000e+00 0.000000e+00 -1.000000e+00
    outer loop
      vertex   -1.050897e+01 2.955117e+00 -1.191005e+02
      vertex   4.501082e+00 6.037671e+00 -1.191005e+02
      vertex   -9.217829e+00 2.226584e+00 -1.191005e+02
    endloop
  endfacet
  facet normal 0.000000e+00 0.000000e+00 -1.000000e+00
    outer loop
      vertex   -9.217829e+00 2.226584e+00 -1.191005e+02
      vertex   4.501082e+00 6.037671e+00 -1.191005e+02
      vertex   5.618567e+00 4.286853e+00 -1.191005e+02
    endloop
  endfacet
  facet normal 0.000000e+00 0.000000e+00 -1.000000e+00
    outer loop
      vertex   -9.217829e+00 2.226584e+00 -1.191005e+02
      vertex   5.618567e+00 4.286853e+00 -1.191005e+02
      vertex   -8.022019e+00 1.350315e+00 -1.191005e+02
    endloop
  endfacet
  facet normal 0.000000e+00 0.000000e+00 -1.000000e+00
    outer loop
      vertex   -8.022019e+00 1.350315e+00 -1.191005e+02
      vertex   5.618567e+00 4.286853e+00 -1.191005e+02
      vertex   6.586859e+00 2.449315e+00 -1.191005e+02
    endloop
  endfacet
  facet normal 0.000000e+00 0.000000e+00 -1.000000e+00
    outer loop
      vertex   -8.022019e+00 1.350315e+00 -1.191005e+02
      vertex   6.586859e+00 2.449315e+00 -1.191005e+02
      vertex   -6.938362e+00 3.386350e-01 -1.191005e+02
    endloop
  endfacet
  facet normal 0.000000e+00 0.000000e+00 -1.000000e+00
    outer loop
      vertex   -6.938362e+00 3.386350e-01 -1.191005e+02
      vertex   6.586859e+00 2.449315e+00 -1.191005e+02
      vertex   7.399275e+00 5.377403e-01 -1.191005e+02
    endloop
  endfacet
  facet normal 0.000000e+00 0.000000e+00 -1.000000e+00
    outer loop
      vertex   -6.938362e+00 3.386350e-01 -1.191005e+02
      vertex   7.399275e+00 5.377403e-01 -1.191005e+02
      vertex   -5.982100e+00 -7.942254e-01 -1.191005e+02
    endloop
  endfacet
  facet normal 0.000000e+00 0.000000e+00 -1.000000e+00
    outer loop
      vertex   -5.982100e+00 -7.942254e-01 -1.191005e+02
      vertex   7.399275e+00 5.377403e-01 -1.191005e+02
      vertex   8.050207e+00 -1.434675e+00 -1.191005e+02
    endloop
  endfacet
  facet normal 0.000000e+00 0.000000e+00 -1.000000e+00
    outer loop
      vertex   -5.982100e+00 -7.942254e-01 -1.191005e+02
      vertex   8.050207e+00 -1.434675e+00 -1.191005e+02
      vertex   -5.166685e+00 -2.032332e+00 -1.191005e+02
    endloop
  endfacet
  facet normal 0.000000e+00 0.000000e+00 -1.000000e+00
    outer loop
      vertex   -5.166685e+00 -2.032332e+00 -1.191005e+02
      vertex   8.050207e+00 -1.434675e+00 -1.191005e+02
      vertex   8.535161e+00 -3.454318e+00 -1.191005e+02
    endloop
  endfacet
  facet normal 0.000000e+00 0.000000e+00 -1.000000e+00
    outer loop
      vertex   -5.166685e+00 -2.032332e+00 -1.191005e+02
      vertex   8.535161e+00 -3.454318e+00 -1.191005e+02
      vertex   -4.503586e+00 -3.358268e+00 -1.191005e+02
    endloop
  endfacet
  facet normal 0.000000e+00 0.000000e+00 -1.000000e+00
    outer loop
      vertex   -4.503586e+00 -3.358268e+00 -1.191005e+02
      vertex   8.535161e+00 -3.454318e+00 -1.191005e+02
      vertex   8.850790e+00 -5.507246e+00 -1.191005e+02
    endloop
  endfacet
  facet normal 0.000000e+00 0.000000e+00 -1.000000e+00
    outer loop
      vertex   -4.503586e+00 -3.358268e+00 -1.191005e+02
      vertex   8.850790e+00 -5.507246e+00 -1.191005e+02
      vertex   -4.002130e+00 -4.753385e+00 -1.191005e+02
    endloop
  endfacet
  facet normal 0.000000e+00 0.000000e+00 -1.000000e+00
    outer loop
      vertex   -4.002130e+00 -4.753385e+00 -1.191005e+02
      vertex   8.850790e+00 -5.507246e+00 -1.191005e+02
      vertex   8.994916e+00 -7.579289e+00 -1.191005e+02
    endloop
  endfacet
  facet normal 0.000000e+00 0.000000e+00 -1.000000e+00
    outer loop
      vertex   -4.002130e+00 -4.753385e+00 -1.191005e+02
      vertex   8.994916e+00 -7.579289e+00 -1.191005e+02
      vertex   -3.669370e+00 -6.198058e+00 -1.191005e+02
    endloop
  endfacet
  facet normal 0.000000e+00 0.000000e+00 -1.000000e+00
    outer loop
      vertex   -3.669370e+00 -6.198058e+00 -1.191005e+02
      vertex   8.994916e+00 -7.579289e+00 -1.191005e+02
      vertex   -3.509987e+00 -7.671966e+00 -1.191005e+02
    endloop
  endfacet
  facet normal 0.000000e+00 0.000000e+00 -1.000000e+00
    outer loop
      vertex   -3.509987e+00 -7.671966e+00 -1.191005e+02
      vertex   8.994916e+00 -7.579289e+00 -1.191005e+02
      vertex   8.966544e+00 -9.656145e+00 -1.191005e+02
    endloop
  endfacet
  facet normal -0.000000e+00 0.000000e+00 -1.000000e+00
    outer loop
      vertex   -1.772680e+01 4.102990e+00 -1.191005e+02
      vertex   -1.918025e+01 3.810937e+00 -1.191005e+02
      vertex   -2.834295e+01 1.115595e+01 -1.191005e+02
    endloop
  endfacet
  facet normal 0.000000e+00 0.000000e+00 -1.000000e+00
    outer loop
      vertex   -2.834295e+01 1.115595e+01 -1.191005e+02
      vertex   -1.918025e+01 3.810937e+00 -1.191005e+02
      vertex   -2.058890e+01 3.348863e+00 -1.191005e+02
    endloop
  endfacet
  facet normal 0.000000e+00 0.000000e+00 -1.000000e+00
    outer loop
      vertex   -2.834295e+01 1.115595e+01 -1.191005e+02
      vertex   -2.058890e+01 3.348863e+00 -1.191005e+02
      vertex   -2.193294e+01 2.723266e+00 -1.191005e+02
    endloop
  endfacet
  facet normal -0.000000e+00 0.000000e+00 -1.000000e+00
    outer loop
      vertex   -2.193294e+01 2.723266e+00 -1.191005e+02
      vertex   -2.319346e+01 1.942947e+00 -1.191005e+02
      vertex   -2.834295e+01 1.115595e+01 -1.191005e+02
    endloop
  endfacet
  facet normal 0.000000e+00 0.000000e+00 -1.000000e+00
    outer loop
      vertex   -2.834295e+01 1.115595e+01 -1.191005e+02
      vertex   -2.319346e+01 1.942947e+00 -1.191005e+02
      vertex   -2.435273e+01 1.018881e+00 -1.191005e+02
    endloop
  endfacet
  facet normal 0.000000e+00 0.000000e+00 -1.000000e+00
    outer loop
      vertex   -2.834295e+01 1.115595e+01 -1.191005e+02
      vertex   -2.435273e+01 1.018881e+00 -1.191005e+02
      vertex   -2.539445e+01 -3.593335e-02 -1.191005e+02
    endloop
  endfacet
  facet normal 0.000000e+00 -0.000000e+00 -1.000000e+00
    outer loop
      vertex   -2.834295e+01 1.115595e+01 -1.191005e+02
      vertex   -2.539445e+01 -3.593335e-02 -1.191005e+02
      vertex   -3.065078e+01 -3.355687e+00 -1.191005e+02
    endloop
  endfacet
  facet normal 0.000000e+00 0.000000e+00 -1.000000e+00
    outer loop
      vertex   -3.065078e+01 -3.355687e+00 -1.191005e+02
      vertex   -2.539445e+01 -3.593335e-02 -1.191005e+02
      vertex   -2.630396e+01 -1.206660e+00 -1.191005e+02
    endloop
  endfacet
  facet normal 0.000000e+00 0.000000e+00 -1.000000e+00
    outer loop
      vertex   -3.065078e+01 -3.355687e+00 -1.191005e+02
      vertex   -2.630396e+01 -1.206660e+00 -1.191005e+02
      vertex   -2.706847e+01 -2.476831e+00 -1.191005e+02
    endloop
  endfacet
  facet normal 0.000000e+00 0.000000e+00 -1.000000e+00
    outer loop
      vertex   -2.706847e+01 -2.476831e+00 -1.191005e+02
      vertex   -2.767722e+01 -3.828580e+00 -1.191005e+02
      vertex   -3.065078e+01 -3.355687e+00 -1.191005e+02
    endloop
  endfacet
  facet normal -1.570592e-01 -9.875892e-01 4.999969e-17
    outer loop
      vertex   3.354299e-01 1.065244e+01 -1.330503e+02
      vertex   3.354299e-01 1.065244e+01 -1.191005e+02
      vertex   -2.533929e+01 1.473557e+01 -1.330503e+02
    endloop
  endfacet
  facet normal -1.570592e-01 -9.875892e-01 3.315182e-16
    outer loop
      vertex   -2.533929e+01 1.473557e+01 -1.330503e+02
      vertex   3.354299e-01 1.065244e+01 -1.191005e+02
      vertex   -2.533929e+01 1.473557e+01 -1.191005e+02
    endloop
  endfacet
  facet normal -9.875892e-01 1.570592e-01 7.749596e-17
    outer loop
      vertex   -3.065078e+01 -3.355687e+00 -1.420505e+02
      vertex   -3.065078e+01 -3.355687e+00 -1.330503e+02
      vertex   -3.064618e+01 -3.326777e+00 -1.420503e+02
    endloop
  endfacet
  facet normal -9.875892e-01 1.570592e-01 1.997961e-16
    outer loop
      vertex   -3.064618e+01 -3.326777e+00 -1.420503e+02
      vertex   -3.065078e+01 -3.355687e+00 -1.330503e+02
      vertex   -2.845195e+01 1.047056e+01 -1.330503e+02
    endloop
  endfacet
  facet normal -9.875892e-01 1.570592e-01 -3.673178e-16
    outer loop
      vertex   -3.064618e+01 -3.326777e+00 -1.420503e+02
      vertex   -2.845195e+01 1.047056e+01 -1.330503e+02
      vertex   -2.845195e+01 1.047056e+01 -1.420503e+02
    endloop
  endfacet
  facet normal -9.875892e-01 1.570592e-01 -4.175540e-12
    outer loop
      vertex   -3.064618e+01 -3.326777e+00 -1.420503e+02
      vertex   -3.064618e+01 -3.326777e+00 -1.420505e+02
      vertex   -3.065078e+01 -3.355687e+00 -1.420505e+02
    endloop
  endfacet
  facet normal -9.875892e-01 1.570592e-01 -2.497195e-16
    outer loop
      vertex   -3.065078e+01 -3.355687e+00 -1.191005e+02
      vertex   -3.065078e+01 -3.355687e+00 -1.050503e+02
      vertex   -2.834295e+01 1.115595e+01 -1.191005e+02
    endloop
  endfacet
  facet normal -9.875892e-01 1.570592e-01 -2.497195e-16
    outer loop
      vertex   -2.834295e+01 1.115595e+01 -1.191005e+02
      vertex   -3.065078e+01 -3.355687e+00 -1.050503e+02
      vertex   -2.834295e+01 1.115595e+01 -1.050503e+02
    endloop
  endfacet
  facet normal -4.236516e-01 -9.058252e-01 -1.672348e-16
    outer loop
      vertex   -2.845918e+01 1.047394e+01 -1.330503e+02
      vertex   -2.845918e+01 1.047394e+01 -1.420503e+02
      vertex   -2.845195e+01 1.047056e+01 -1.330503e+02
    endloop
  endfacet
  facet normal -4.236516e-01 -9.058252e-01 -1.672348e-16
    outer loop
      vertex   -2.845195e+01 1.047056e+01 -1.330503e+02
      vertex   -2.845918e+01 1.047394e+01 -1.420503e+02
      vertex   -2.845195e+01 1.047056e+01 -1.420503e+02
    endloop
  endfacet
  facet normal 0.000000e+00 -0.000000e+00 -1.000000e+00
    outer loop
      vertex   -4.021497e+01 -1.466155e+01 -1.420503e+02
      vertex   -4.017347e+01 -1.468096e+01 -1.420503e+02
      vertex   -4.028774e+01 -1.481715e+01 -1.420503e+02
    endloop
  endfacet
  facet normal -0.000000e+00 0.000000e+00 1.000000e+00
    outer loop
      vertex   -2.845918e+01 1.047394e+01 -1.330503e+02
      vertex   -2.845195e+01 1.047056e+01 -1.330503e+02
      vertex   -2.844726e+01 1.049943e+01 -1.330503e+02
    endloop
  endfacet
  facet normal -0.000000e+00 0.000000e+00 1.000000e+00
    outer loop
      vertex   -2.844726e+01 1.049943e+01 -1.330503e+02
      vertex   -2.845195e+01 1.047056e+01 -1.330503e+02
      vertex   -2.533929e+01 1.473557e+01 -1.330503e+02
    endloop
  endfacet
  facet normal 0.000000e+00 0.000000e+00 1.000000e+00
    outer loop
      vertex   -2.844726e+01 1.049943e+01 -1.330503e+02
      vertex   -2.533929e+01 1.473557e+01 -1.330503e+02
      vertex   -2.834295e+01 1.115595e+01 -1.330503e+02
    endloop
  endfacet
  facet normal -0.000000e+00 0.000000e+00 1.000000e+00
    outer loop
      vertex   -3.065078e+01 -3.355687e+00 -1.330503e+02
      vertex   -2.767722e+01 -3.828580e+00 -1.330503e+02
      vertex   -2.845195e+01 1.047056e+01 -1.330503e+02
    endloop
  endfacet
  facet normal 0.000000e+00 0.000000e+00 1.000000e+00
    outer loop
      vertex   -2.845195e+01 1.047056e+01 -1.330503e+02
      vertex   -2.767722e+01 -3.828580e+00 -1.330503e+02
      vertex   -2.365580e+01 -1.848638e+00 -1.330503e+02
    endloop
  endfacet
  facet normal 0.000000e+00 0.000000e+00 1.000000e+00
    outer loop
      vertex   -2.845195e+01 1.047056e+01 -1.330503e+02
      vertex   -2.365580e+01 -1.848638e+00 -1.330503e+02
      vertex   -2.270919e+01 -8.654107e-01 -1.330503e+02
    endloop
  endfacet
  facet normal -0.000000e+00 0.000000e+00 1.000000e+00
    outer loop
      vertex   -2.813332e+01 -5.289900e+00 -1.330503e+02
      vertex   -2.558248e+01 -5.432723e+00 -1.330503e+02
      vertex   -2.767722e+01 -3.828580e+00 -1.330503e+02
    endloop
  endfacet
  facet normal 0.000000e+00 0.000000e+00 1.000000e+00
    outer loop
      vertex   -2.767722e+01 -3.828580e+00 -1.330503e+02
      vertex   -2.558248e+01 -5.432723e+00 -1.330503e+02
      vertex   -2.510595e+01 -4.153764e+00 -1.330503e+02
    endloop
  endfacet
  facet normal -0.000000e+00 0.000000e+00 1.000000e+00
    outer loop
      vertex   -2.767722e+01 -3.828580e+00 -1.330503e+02
      vertex   -2.510595e+01 -4.153764e+00 -1.330503e+02
      vertex   -2.445972e+01 -2.951605e+00 -1.330503e+02
    endloop
  endfacet
  facet normal 0.000000e+00 0.000000e+00 1.000000e+00
    outer loop
      vertex   -2.558248e+01 -5.432723e+00 -1.330503e+02
      vertex   -2.813332e+01 -5.289900e+00 -1.330503e+02
      vertex   -2.588041e+01 -6.764656e+00 -1.330503e+02
    endloop
  endfacet
  facet normal 0.000000e+00 0.000000e+00 1.000000e+00
    outer loop
      vertex   -2.588041e+01 -6.764656e+00 -1.330503e+02
      vertex   -2.813332e+01 -5.289900e+00 -1.330503e+02
      vertex   -2.840737e+01 -6.796014e+00 -1.330503e+02
    endloop
  endfacet
  facet normal 0.000000e+00 0.000000e+00 1.000000e+00
    outer loop
      vertex   -2.588041e+01 -6.764656e+00 -1.330503e+02
      vertex   -2.840737e+01 -6.796014e+00 -1.330503e+02
      vertex   -2.599421e+01 -8.124752e+00 -1.330503e+02
    endloop
  endfacet
  facet normal 0.000000e+00 0.000000e+00 1.000000e+00
    outer loop
      vertex   -2.599421e+01 -8.124752e+00 -1.330503e+02
      vertex   -2.840737e+01 -6.796014e+00 -1.330503e+02
      vertex   -2.849527e+01 -8.324333e+00 -1.330503e+02
    endloop
  endfacet
  facet normal 0.000000e+00 0.000000e+00 1.000000e+00
    outer loop
      vertex   -2.599421e+01 -8.124752e+00 -1.330503e+02
      vertex   -2.849527e+01 -8.324333e+00 -1.330503e+02
      vertex   -2.592174e+01 -9.487676e+00 -1.330503e+02
    endloop
  endfacet
  facet normal 0.000000e+00 0.000000e+00 1.000000e+00
    outer loop
      vertex   -2.592174e+01 -9.487676e+00 -1.330503e+02
      vertex   -2.849527e+01 -8.324333e+00 -1.330503e+02
      vertex   -2.839568e+01 -9.851935e+00 -1.330503e+02
    endloop
  endfacet
  facet normal 0.000000e+00 0.000000e+00 1.000000e+00
    outer loop
      vertex   -2.592174e+01 -9.487676e+00 -1.330503e+02
      vertex   -2.839568e+01 -9.851935e+00 -1.330503e+02
      vertex   -2.566437e+01 -1.082804e+01 -1.330503e+02
    endloop
  endfacet
  facet normal 0.000000e+00 0.000000e+00 1.000000e+00
    outer loop
      vertex   -2.566437e+01 -1.082804e+01 -1.330503e+02
      vertex   -2.839568e+01 -9.851935e+00 -1.330503e+02
      vertex   -2.811012e+01 -1.135591e+01 -1.330503e+02
    endloop
  endfacet
  facet normal 0.000000e+00 0.000000e+00 1.000000e+00
    outer loop
      vertex   -2.566437e+01 -1.082804e+01 -1.330503e+02
      vertex   -2.811012e+01 -1.135591e+01 -1.330503e+02
      vertex   -2.522688e+01 -1.212087e+01 -1.330503e+02
    endloop
  endfacet
  facet normal 0.000000e+00 0.000000e+00 1.000000e+00
    outer loop
      vertex   -2.522688e+01 -1.212087e+01 -1.330503e+02
      vertex   -2.811012e+01 -1.135591e+01 -1.330503e+02
      vertex   -2.764285e+01 -1.281370e+01 -1.330503e+02
    endloop
  endfacet
  facet normal 0.000000e+00 0.000000e+00 1.000000e+00
    outer loop
      vertex   -2.522688e+01 -1.212087e+01 -1.330503e+02
      vertex   -2.764285e+01 -1.281370e+01 -1.330503e+02
      vertex   -2.700089e+01 -1.420343e+01 -1.330503e+02
    endloop
  endfacet
  facet normal 0.000000e+00 0.000000e+00 1.000000e+00
    outer loop
      vertex   -2.522688e+01 -1.212087e+01 -1.330503e+02
      vertex   -2.700089e+01 -1.420343e+01 -1.330503e+02
      vertex   -2.461742e+01 -1.334209e+01 -1.330503e+02
    endloop
  endfacet
  facet normal 0.000000e+00 0.000000e+00 1.000000e+00
    outer loop
      vertex   -2.461742e+01 -1.334209e+01 -1.330503e+02
      vertex   -2.700089e+01 -1.420343e+01 -1.330503e+02
      vertex   -2.619386e+01 -1.550428e+01 -1.330503e+02
    endloop
  endfacet
  facet normal 0.000000e+00 0.000000e+00 1.000000e+00
    outer loop
      vertex   -2.461742e+01 -1.334209e+01 -1.330503e+02
      vertex   -2.619386e+01 -1.550428e+01 -1.330503e+02
      vertex   -2.384735e+01 -1.446894e+01 -1.330503e+02
    endloop
  endfacet
  facet normal 0.000000e+00 0.000000e+00 1.000000e+00
    outer loop
      vertex   -2.384735e+01 -1.446894e+01 -1.330503e+02
      vertex   -2.619386e+01 -1.550428e+01 -1.330503e+02
      vertex   -2.523387e+01 -1.669672e+01 -1.330503e+02
    endloop
  endfacet
  facet normal 0.000000e+00 0.000000e+00 1.000000e+00
    outer loop
      vertex   -2.384735e+01 -1.446894e+01 -1.330503e+02
      vertex   -2.523387e+01 -1.669672e+01 -1.330503e+02
      vertex   -2.293102e+01 -1.548045e+01 -1.330503e+02
    endloop
  endfacet
  facet normal 0.000000e+00 0.000000e+00 1.000000e+00
    outer loop
      vertex   -2.293102e+01 -1.548045e+01 -1.330503e+02
      vertex   -2.523387e+01 -1.669672e+01 -1.330503e+02
      vertex   -2.413533e+01 -1.776287e+01 -1.330503e+02
    endloop
  endfacet
  facet normal 0.000000e+00 0.000000e+00 1.000000e+00
    outer loop
      vertex   -2.293102e+01 -1.548045e+01 -1.330503e+02
      vertex   -2.413533e+01 -1.776287e+01 -1.330503e+02
      vertex   -2.188548e+01 -1.635775e+01 -1.330503e+02
    endloop
  endfacet
  facet normal 0.000000e+00 0.000000e+00 1.000000e+00
    outer loop
      vertex   -2.188548e+01 -1.635775e+01 -1.330503e+02
      vertex   -2.413533e+01 -1.776287e+01 -1.330503e+02
      vertex   -2.291469e+01 -1.868674e+01 -1.330503e+02
    endloop
  endfacet
  facet normal 0.000000e+00 0.000000e+00 1.000000e+00
    outer loop
      vertex   -2.188548e+01 -1.635775e+01 -1.330503e+02
      vertex   -2.291469e+01 -1.868674e+01 -1.330503e+02
      vertex   -2.073023e+01 -1.708452e+01 -1.330503e+02
    endloop
  endfacet
  facet normal 0.000000e+00 0.000000e+00 1.000000e+00
    outer loop
      vertex   -2.073023e+01 -1.708452e+01 -1.330503e+02
      vertex   -2.291469e+01 -1.868674e+01 -1.330503e+02
      vertex   -2.159028e+01 -1.945448e+01 -1.330503e+02
    endloop
  endfacet
  facet normal 0.000000e+00 0.000000e+00 1.000000e+00
    outer loop
      vertex   -2.073023e+01 -1.708452e+01 -1.330503e+02
      vertex   -2.159028e+01 -1.945448e+01 -1.330503e+02
      vertex   -1.948677e+01 -1.764722e+01 -1.330503e+02
    endloop
  endfacet
  facet normal 0.000000e+00 0.000000e+00 1.000000e+00
    outer loop
      vertex   -1.948677e+01 -1.764722e+01 -1.330503e+02
      vertex   -2.159028e+01 -1.945448e+01 -1.330503e+02
      vertex   -2.018196e+01 -2.005456e+01 -1.330503e+02
    endloop
  endfacet
  facet normal 0.000000e+00 0.000000e+00 1.000000e+00
    outer loop
      vertex   -1.948677e+01 -1.764722e+01 -1.330503e+02
      vertex   -2.018196e+01 -2.005456e+01 -1.330503e+02
      vertex   -1.871084e+01 -2.047800e+01 -1.330503e+02
    endloop
  endfacet
  facet normal 0.000000e+00 0.000000e+00 1.000000e+00
    outer loop
      vertex   -1.948677e+01 -1.764722e+01 -1.330503e+02
      vertex   -1.871084e+01 -2.047800e+01 -1.330503e+02
      vertex   -1.817827e+01 -1.803535e+01 -1.330503e+02
    endloop
  endfacet
  facet normal 0.000000e+00 0.000000e+00 1.000000e+00
    outer loop
      vertex   -1.817827e+01 -1.803535e+01 -1.330503e+02
      vertex   -1.871084e+01 -2.047800e+01 -1.330503e+02
      vertex   -1.719899e+01 -2.071843e+01 -1.330503e+02
    endloop
  endfacet
  facet normal 0.000000e+00 0.000000e+00 1.000000e+00
    outer loop
      vertex   -1.817827e+01 -1.803535e+01 -1.330503e+02
      vertex   -1.719899e+01 -2.071843e+01 -1.330503e+02
      vertex   -1.682911e+01 -1.824170e+01 -1.330503e+02
    endloop
  endfacet
  facet normal 0.000000e+00 0.000000e+00 1.000000e+00
    outer loop
      vertex   -1.682911e+01 -1.824170e+01 -1.330503e+02
      vertex   -1.719899e+01 -2.071843e+01 -1.330503e+02
      vertex   -1.566909e+01 -2.077226e+01 -1.330503e+02
    endloop
  endfacet
  facet normal 0.000000e+00 0.000000e+00 1.000000e+00
    outer loop
      vertex   -1.682911e+01 -1.824170e+01 -1.330503e+02
      vertex   -1.566909e+01 -2.077226e+01 -1.330503e+02
      vertex   -1.546442e+01 -1.826241e+01 -1.330503e+02
    endloop
  endfacet
  facet normal 0.000000e+00 0.000000e+00 1.000000e+00
    outer loop
      vertex   -1.546442e+01 -1.826241e+01 -1.330503e+02
      vertex   -1.566909e+01 -2.077226e+01 -1.330503e+02
      vertex   -1.414409e+01 -2.063867e+01 -1.330503e+02
    endloop
  endfacet
  facet normal -0.000000e+00 0.000000e+00 1.000000e+00
    outer loop
      vertex   -1.546442e+01 -1.826241e+01 -1.330503e+02
      vertex   -1.414409e+01 -2.063867e+01 -1.330503e+02
      vertex   -1.410962e+01 -1.809710e+01 -1.330503e+02
    endloop
  endfacet
  facet normal 0.000000e+00 0.000000e+00 1.000000e+00
    outer loop
      vertex   -1.410962e+01 -1.809710e+01 -1.330503e+02
      vertex   -1.414409e+01 -2.063867e+01 -1.330503e+02
      vertex   -1.264685e+01 -2.031967e+01 -1.330503e+02
    endloop
  endfacet
  facet normal -0.000000e+00 0.000000e+00 1.000000e+00
    outer loop
      vertex   -1.410962e+01 -1.809710e+01 -1.330503e+02
      vertex   -1.264685e+01 -2.031967e+01 -1.330503e+02
      vertex   -1.278995e+01 -1.774886e+01 -1.330503e+02
    endloop
  endfacet
  facet normal 0.000000e+00 0.000000e+00 1.000000e+00
    outer loop
      vertex   -1.278995e+01 -1.774886e+01 -1.330503e+02
      vertex   -1.264685e+01 -2.031967e+01 -1.330503e+02
      vertex   -1.119983e+01 -1.982004e+01 -1.330503e+02
    endloop
  endfacet
  facet normal -0.000000e+00 0.000000e+00 1.000000e+00
    outer loop
      vertex   -1.278995e+01 -1.774886e+01 -1.330503e+02
      vertex   -1.119983e+01 -1.982004e+01 -1.330503e+02
      vertex   -1.152999e+01 -1.722416e+01 -1.330503e+02
    endloop
  endfacet
  facet normal 0.000000e+00 0.000000e+00 1.000000e+00
    outer loop
      vertex   -1.152999e+01 -1.722416e+01 -1.330503e+02
      vertex   -1.119983e+01 -1.982004e+01 -1.330503e+02
      vertex   -9.824743e+00 -1.914728e+01 -1.330503e+02
    endloop
  endfacet
  facet normal -0.000000e+00 0.000000e+00 1.000000e+00
    outer loop
      vertex   -1.152999e+01 -1.722416e+01 -1.330503e+02
      vertex   -9.824743e+00 -1.914728e+01 -1.330503e+02
      vertex   -1.035321e+01 -1.653279e+01 -1.330503e+02
    endloop
  endfacet
  facet normal 0.000000e+00 0.000000e+00 1.000000e+00
    outer loop
      vertex   -1.035321e+01 -1.653279e+01 -1.330503e+02
      vertex   -9.824743e+00 -1.914728e+01 -1.330503e+02
      vertex   -8.542200e+00 -1.831147e+01 -1.330503e+02
    endloop
  endfacet
  facet normal -0.000000e+00 0.000000e+00 1.000000e+00
    outer loop
      vertex   -1.035321e+01 -1.653279e+01 -1.330503e+02
      vertex   -8.542200e+00 -1.831147e+01 -1.330503e+02
      vertex   -9.281527e+00 -1.568762e+01 -1.330503e+02
    endloop
  endfacet
  facet normal 0.000000e+00 0.000000e+00 1.000000e+00
    outer loop
      vertex   -9.281527e+00 -1.568762e+01 -1.330503e+02
      vertex   -8.542200e+00 -1.831147e+01 -1.330503e+02
      vertex   -7.371441e+00 -1.732516e+01 -1.330503e+02
    endloop
  endfacet
  facet normal -0.000000e+00 0.000000e+00 1.000000e+00
    outer loop
      vertex   -9.281527e+00 -1.568762e+01 -1.330503e+02
      vertex   -7.371441e+00 -1.732516e+01 -1.330503e+02
      vertex   -8.334915e+00 -1.470439e+01 -1.330503e+02
    endloop
  endfacet
  facet normal 0.000000e+00 0.000000e+00 1.000000e+00
    outer loop
      vertex   -8.334915e+00 -1.470439e+01 -1.330503e+02
      vertex   -7.371441e+00 -1.732516e+01 -1.330503e+02
      vertex   -6.330027e+00 -1.620314e+01 -1.330503e+02
    endloop
  endfacet
  facet normal -0.000000e+00 0.000000e+00 1.000000e+00
    outer loop
      vertex   -8.334915e+00 -1.470439e+01 -1.330503e+02
      vertex   -6.330027e+00 -1.620314e+01 -1.330503e+02
      vertex   -7.531002e+00 -1.360142e+01 -1.330503e+02
    endloop
  endfacet
  facet normal 0.000000e+00 0.000000e+00 1.000000e+00
    outer loop
      vertex   -7.531002e+00 -1.360142e+01 -1.330503e+02
      vertex   -6.330027e+00 -1.620314e+01 -1.330503e+02
      vertex   -5.433576e+00 -1.496223e+01 -1.330503e+02
    endloop
  endfacet
  facet normal 0.000000e+00 0.000000e+00 1.000000e+00
    outer loop
      vertex   -7.531002e+00 -1.360142e+01 -1.330503e+02
      vertex   -5.433576e+00 -1.496223e+01 -1.330503e+02
      vertex   -4.695534e+00 -1.362104e+01 -1.330503e+02
    endloop
  endfacet
  facet normal -0.000000e+00 0.000000e+00 1.000000e+00
    outer loop
      vertex   -7.531002e+00 -1.360142e+01 -1.330503e+02
      vertex   -4.695534e+00 -1.362104e+01 -1.330503e+02
      vertex   -6.884765e+00 -1.239926e+01 -1.330503e+02
    endloop
  endfacet
  facet normal -0.000000e+00 0.000000e+00 1.000000e+00
    outer loop
      vertex   -6.884765e+00 -1.239926e+01 -1.330503e+02
      vertex   -4.695534e+00 -1.362104e+01 -1.330503e+02
      vertex   -4.126971e+00 -1.219970e+01 -1.330503e+02
    endloop
  endfacet
  facet normal 0.000000e+00 0.000000e+00 1.000000e+00
    outer loop
      vertex   -6.884765e+00 -1.239926e+01 -1.330503e+02
      vertex   -4.126971e+00 -1.219970e+01 -1.330503e+02
      vertex   -6.408240e+00 -1.112031e+01 -1.330503e+02
    endloop
  endfacet
  facet normal -0.000000e+00 0.000000e+00 1.000000e+00
    outer loop
      vertex   -6.408240e+00 -1.112031e+01 -1.330503e+02
      vertex   -4.126971e+00 -1.219970e+01 -1.330503e+02
      vertex   -3.736413e+00 -1.071951e+01 -1.330503e+02
    endloop
  endfacet
  facet normal 0.000000e+00 0.000000e+00 1.000000e+00
    outer loop
      vertex   -6.408240e+00 -1.112031e+01 -1.330503e+02
      vertex   -3.736413e+00 -1.071951e+01 -1.330503e+02
      vertex   -6.110306e+00 -9.788372e+00 -1.330503e+02
    endloop
  endfacet
  facet normal -0.000000e+00 0.000000e+00 1.000000e+00
    outer loop
      vertex   -6.110306e+00 -9.788372e+00 -1.330503e+02
      vertex   -3.736413e+00 -1.071951e+01 -1.330503e+02
      vertex   -3.529718e+00 -9.202683e+00 -1.330503e+02
    endloop
  endfacet
  facet normal 0.000000e+00 0.000000e+00 1.000000e+00
    outer loop
      vertex   -6.110306e+00 -9.788372e+00 -1.330503e+02
      vertex   -3.529718e+00 -9.202683e+00 -1.330503e+02
      vertex   -5.996511e+00 -8.428276e+00 -1.330503e+02
    endloop
  endfacet
  facet normal -0.000000e+00 0.000000e+00 1.000000e+00
    outer loop
      vertex   -5.996511e+00 -8.428276e+00 -1.330503e+02
      vertex   -3.529718e+00 -9.202683e+00 -1.330503e+02
      vertex   -3.509987e+00 -7.671966e+00 -1.330503e+02
    endloop
  endfacet
  facet normal 0.000000e+00 -0.000000e+00 1.000000e+00
    outer loop
      vertex   -5.996511e+00 -8.428276e+00 -1.330503e+02
      vertex   -3.509987e+00 -7.671966e+00 -1.330503e+02
      vertex   -6.068976e+00 -7.065353e+00 -1.330503e+02
    endloop
  endfacet
  facet normal -0.000000e+00 -0.000000e+00 1.000000e+00
    outer loop
      vertex   -6.068976e+00 -7.065353e+00 -1.330503e+02
      vertex   -3.509987e+00 -7.671966e+00 -1.330503e+02
      vertex   -6.326350e+00 -5.724991e+00 -1.330503e+02
    endloop
  endfacet
  facet normal -0.000000e+00 -0.000000e+00 1.000000e+00
    outer loop
      vertex   -6.326350e+00 -5.724991e+00 -1.330503e+02
      vertex   -3.509987e+00 -7.671966e+00 -1.330503e+02
      vertex   -6.763840e+00 -4.432160e+00 -1.330503e+02
    endloop
  endfacet
  facet normal -0.000000e+00 0.000000e+00 1.000000e+00
    outer loop
      vertex   -6.763840e+00 -4.432160e+00 -1.330503e+02
      vertex   -3.509987e+00 -7.671966e+00 -1.330503e+02
      vertex   7.399275e+00 5.377403e-01 -1.330503e+02
    endloop
  endfacet
  facet normal 0.000000e+00 -0.000000e+00 1.000000e+00
    outer loop
      vertex   -6.763840e+00 -4.432160e+00 -1.330503e+02
      vertex   7.399275e+00 5.377403e-01 -1.330503e+02
      vertex   -7.373296e+00 -3.210941e+00 -1.330503e+02
    endloop
  endfacet
  facet normal 0.000000e+00 0.000000e+00 1.000000e+00
    outer loop
      vertex   -7.373296e+00 -3.210941e+00 -1.330503e+02
      vertex   7.399275e+00 5.377403e-01 -1.330503e+02
      vertex   6.586859e+00 2.449315e+00 -1.330503e+02
    endloop
  endfacet
  facet normal 0.000000e+00 0.000000e+00 1.000000e+00
    outer loop
      vertex   -7.373296e+00 -3.210941e+00 -1.330503e+02
      vertex   6.586859e+00 2.449315e+00 -1.330503e+02
      vertex   5.618567e+00 4.286853e+00 -1.330503e+02
    endloop
  endfacet
  facet normal 0.000000e+00 -0.000000e+00 1.000000e+00
    outer loop
      vertex   8.966544e+00 -9.656145e+00 -1.330503e+02
      vertex   8.994916e+00 -7.579289e+00 -1.330503e+02
      vertex   -3.509987e+00 -7.671966e+00 -1.330503e+02
    endloop
  endfacet
  facet normal 0.000000e+00 0.000000e+00 1.000000e+00
    outer loop
      vertex   -3.509987e+00 -7.671966e+00 -1.330503e+02
      vertex   8.994916e+00 -7.579289e+00 -1.330503e+02
      vertex   8.850790e+00 -5.507246e+00 -1.330503e+02
    endloop
  endfacet
  facet normal 0.000000e+00 0.000000e+00 1.000000e+00
    outer loop
      vertex   -3.509987e+00 -7.671966e+00 -1.330503e+02
      vertex   8.850790e+00 -5.507246e+00 -1.330503e+02
      vertex   8.535161e+00 -3.454318e+00 -1.330503e+02
    endloop
  endfacet
  facet normal 0.000000e+00 0.000000e+00 1.000000e+00
    outer loop
      vertex   8.535161e+00 -3.454318e+00 -1.330503e+02
      vertex   8.050207e+00 -1.434675e+00 -1.330503e+02
      vertex   -3.509987e+00 -7.671966e+00 -1.330503e+02
    endloop
  endfacet
  facet normal 0.000000e+00 0.000000e+00 1.000000e+00
    outer loop
      vertex   -3.509987e+00 -7.671966e+00 -1.330503e+02
      vertex   8.050207e+00 -1.434675e+00 -1.330503e+02
      vertex   7.399275e+00 5.377403e-01 -1.330503e+02
    endloop
  endfacet
  facet normal 0.000000e+00 -0.000000e+00 1.000000e+00
    outer loop
      vertex   -7.373296e+00 -3.210941e+00 -1.330503e+02
      vertex   5.618567e+00 4.286853e+00 -1.330503e+02
      vertex   -8.143365e+00 -2.084085e+00 -1.330503e+02
    endloop
  endfacet
  facet normal 0.000000e+00 0.000000e+00 1.000000e+00
    outer loop
      vertex   -8.143365e+00 -2.084085e+00 -1.330503e+02
      vertex   5.618567e+00 4.286853e+00 -1.330503e+02
      vertex   4.501082e+00 6.037671e+00 -1.330503e+02
    endloop
  endfacet
  facet normal 0.000000e+00 0.000000e+00 1.000000e+00
    outer loop
      vertex   -8.143365e+00 -2.084085e+00 -1.330503e+02
      vertex   4.501082e+00 6.037671e+00 -1.330503e+02
      vertex   3.242118e+00 7.689683e+00 -1.330503e+02
    endloop
  endfacet
  facet normal 0.000000e+00 -0.000000e+00 1.000000e+00
    outer loop
      vertex   -8.143365e+00 -2.084085e+00 -1.330503e+02
      vertex   3.242118e+00 7.689683e+00 -1.330503e+02
      vertex   -9.059701e+00 -1.072582e+00 -1.330503e+02
    endloop
  endfacet
  facet normal 0.000000e+00 0.000000e+00 1.000000e+00
    outer loop
      vertex   -9.059701e+00 -1.072582e+00 -1.330503e+02
      vertex   3.242118e+00 7.689683e+00 -1.330503e+02
      vertex   1.850365e+00 9.231487e+00 -1.330503e+02
    endloop
  endfacet
  facet normal 0.000000e+00 0.000000e+00 1.000000e+00
    outer loop
      vertex   -9.059701e+00 -1.072582e+00 -1.330503e+02
      vertex   1.850365e+00 9.231487e+00 -1.330503e+02
      vertex   3.354299e-01 1.065244e+01 -1.330503e+02
    endloop
  endfacet
  facet normal 0.000000e+00 0.000000e+00 1.000000e+00
    outer loop
      vertex   -2.533929e+01 1.473557e+01 -1.330503e+02
      vertex   -1.381245e+01 1.482322e+00 -1.330503e+02
      vertex   3.354299e-01 1.065244e+01 -1.330503e+02
    endloop
  endfacet
  facet normal 0.000000e+00 0.000000e+00 1.000000e+00
    outer loop
      vertex   3.354299e-01 1.065244e+01 -1.330503e+02
      vertex   -1.381245e+01 1.482322e+00 -1.330503e+02
      vertex   -1.250395e+01 1.094188e+00 -1.330503e+02
    endloop
  endfacet
  facet normal 0.000000e+00 0.000000e+00 1.000000e+00
    outer loop
      vertex   3.354299e-01 1.065244e+01 -1.330503e+02
      vertex   -1.250395e+01 1.094188e+00 -1.330503e+02
      vertex   -1.126049e+01 5.314950e-01 -1.330503e+02
    endloop
  endfacet
  facet normal 0.000000e+00 0.000000e+00 1.000000e+00
    outer loop
      vertex   -2.834295e+01 1.115595e+01 -1.330503e+02
      vertex   -2.844735e+01 1.049947e+01 -1.330503e+02
      vertex   -2.844726e+01 1.049943e+01 -1.330503e+02
    endloop
  endfacet
  facet normal 0.000000e+00 -0.000000e+00 1.000000e+00
    outer loop
      vertex   -2.270919e+01 -8.654107e-01 -1.330503e+02
      vertex   -2.163751e+01 -2.023806e-02 -1.330503e+02
      vertex   -2.845195e+01 1.047056e+01 -1.330503e+02
    endloop
  endfacet
  facet normal 0.000000e+00 0.000000e+00 1.000000e+00
    outer loop
      vertex   -2.845195e+01 1.047056e+01 -1.330503e+02
      vertex   -2.163751e+01 -2.023806e-02 -1.330503e+02
      vertex   -2.046073e+01 6.711358e-01 -1.330503e+02
    endloop
  endfacet
  facet normal 0.000000e+00 0.000000e+00 1.000000e+00
    outer loop
      vertex   -2.845195e+01 1.047056e+01 -1.330503e+02
      vertex   -2.046073e+01 6.711358e-01 -1.330503e+02
      vertex   -1.920077e+01 1.195832e+00 -1.330503e+02
    endloop
  endfacet
  facet normal -0.000000e+00 0.000000e+00 1.000000e+00
    outer loop
      vertex   -2.845195e+01 1.047056e+01 -1.330503e+02
      vertex   -1.920077e+01 1.195832e+00 -1.330503e+02
      vertex   -2.533929e+01 1.473557e+01 -1.330503e+02
    endloop
  endfacet
  facet normal 0.000000e+00 0.000000e+00 1.000000e+00
    outer loop
      vertex   -2.533929e+01 1.473557e+01 -1.330503e+02
      vertex   -1.920077e+01 1.195832e+00 -1.330503e+02
      vertex   -1.788110e+01 1.544076e+00 -1.330503e+02
    endloop
  endfacet
  facet normal 0.000000e+00 0.000000e+00 1.000000e+00
    outer loop
      vertex   -2.533929e+01 1.473557e+01 -1.330503e+02
      vertex   -1.788110e+01 1.544076e+00 -1.330503e+02
      vertex   -1.652630e+01 1.709381e+00 -1.330503e+02
    endloop
  endfacet
  facet normal -0.000000e+00 -0.000000e+00 1.000000e+00
    outer loop
      vertex   -1.652630e+01 1.709381e+00 -1.330503e+02
      vertex   -1.516161e+01 1.688668e+00 -1.330503e+02
      vertex   -2.533929e+01 1.473557e+01 -1.330503e+02
    endloop
  endfacet
  facet normal 0.000000e+00 0.000000e+00 1.000000e+00
    outer loop
      vertex   -2.533929e+01 1.473557e+01 -1.330503e+02
      vertex   -1.516161e+01 1.688668e+00 -1.330503e+02
      vertex   -1.381245e+01 1.482322e+00 -1.330503e+02
    endloop
  endfacet
  facet normal -0.000000e+00 0.000000e+00 1.000000e+00
    outer loop
      vertex   -1.126049e+01 5.314950e-01 -1.330503e+02
      vertex   -1.010524e+01 -1.952743e-01 -1.330503e+02
      vertex   3.354299e-01 1.065244e+01 -1.330503e+02
    endloop
  endfacet
  facet normal 0.000000e+00 0.000000e+00 1.000000e+00
    outer loop
      vertex   3.354299e-01 1.065244e+01 -1.330503e+02
      vertex   -1.010524e+01 -1.952743e-01 -1.330503e+02
      vertex   -9.059701e+00 -1.072582e+00 -1.330503e+02
    endloop
  endfacet
  facet normal 0.000000e+00 -0.000000e+00 1.000000e+00
    outer loop
      vertex   -2.445972e+01 -2.951605e+00 -1.330503e+02
      vertex   -2.365580e+01 -1.848638e+00 -1.330503e+02
      vertex   -2.767722e+01 -3.828580e+00 -1.330503e+02
    endloop
  endfacet
  facet normal -9.058252e-01 4.236516e-01 -3.575708e-16
    outer loop
      vertex   -2.845918e+01 1.047394e+01 -1.420503e+02
      vertex   -2.845918e+01 1.047394e+01 -1.330503e+02
      vertex   -2.844726e+01 1.049943e+01 -1.420503e+02
    endloop
  endfacet
  facet normal -9.058252e-01 4.236516e-01 -1.490799e-15
    outer loop
      vertex   -2.844726e+01 1.049943e+01 -1.420503e+02
      vertex   -2.845918e+01 1.047394e+01 -1.330503e+02
      vertex   -2.844726e+01 1.049943e+01 -1.330503e+02
    endloop
  endfacet
  facet normal 0.000000e+00 0.000000e+00 1.000000e+00
    outer loop
      vertex   -4.028774e+01 -1.481715e+01 -1.420503e+02
      vertex   -4.028799e+01 -1.481744e+01 -1.420503e+02
      vertex   -4.028790e+01 -1.481749e+01 -1.420503e+02
    endloop
  endfacet
  facet normal -4.236516e-01 -9.058252e-01 7.266923e-16
    outer loop
      vertex   -2.844735e+01 1.049947e+01 -1.330503e+02
      vertex   -2.844735e+01 1.049947e+01 -1.420503e+02
      vertex   -2.844726e+01 1.049943e+01 -1.330503e+02
    endloop
  endfacet
  facet normal -4.236516e-01 -9.058252e-01 3.922228e-16
    outer loop
      vertex   -2.844726e+01 1.049943e+01 -1.330503e+02
      vertex   -2.844735e+01 1.049947e+01 -1.420503e+02
      vertex   -2.844726e+01 1.049943e+01 -1.420503e+02
    endloop
  endfacet
  facet normal 4.236516e-01 9.058252e-01 -1.539765e-15
    outer loop
      vertex   -4.028799e+01 -1.481744e+01 -1.420503e+02
      vertex   -4.028799e+01 -1.481744e+01 -1.330503e+02
      vertex   -4.028790e+01 -1.481749e+01 -1.420503e+02
    endloop
  endfacet
  facet normal 4.236516e-01 9.058252e-01 -2.433692e-15
    outer loop
      vertex   -4.028790e+01 -1.481749e+01 -1.420503e+02
      vertex   -4.028799e+01 -1.481744e+01 -1.330503e+02
      vertex   -4.028790e+01 -1.481749e+01 -1.330503e+02
    endloop
  endfacet
  facet normal -9.058252e-01 4.236516e-01 0.000000e+00
    outer loop
      vertex   -4.021497e+01 -1.466155e+01 -1.420503e+02
      vertex   -4.028774e+01 -1.481715e+01 -1.420503e+02
      vertex   -4.021497e+01 -1.466155e+01 -1.330503e+02
    endloop
  endfacet
  facet normal -9.058252e-01 4.236516e-01 2.631193e-16
    outer loop
      vertex   -4.021497e+01 -1.466155e+01 -1.330503e+02
      vertex   -4.028774e+01 -1.481715e+01 -1.420503e+02
      vertex   -4.028790e+01 -1.481749e+01 -1.330503e+02
    endloop
  endfacet
  facet normal -9.058252e-01 4.236516e-01 1.476486e-15
    outer loop
      vertex   -4.028790e+01 -1.481749e+01 -1.330503e+02
      vertex   -4.028774e+01 -1.481715e+01 -1.420503e+02
      vertex   -4.028790e+01 -1.481749e+01 -1.420503e+02
    endloop
  endfacet
  facet normal 6.994492e-14 1.495518e-13 1.000000e+00
    outer loop
      vertex   -4.021497e+01 -1.466155e+01 -1.330503e+02
      vertex   -4.028790e+01 -1.481749e+01 -1.330503e+02
      vertex   -4.015935e+01 -1.468756e+01 -1.330503e+02
    endloop
  endfacet
  facet normal 1.681207e-13 5.241170e-14 1.000000e+00
    outer loop
      vertex   -4.015935e+01 -1.468756e+01 -1.330503e+02
      vertex   -4.028790e+01 -1.481749e+01 -1.330503e+02
      vertex   -3.952170e+01 -1.673295e+01 -1.330503e+02
    endloop
  endfacet
  facet normal -8.536806e-15 -1.825286e-14 1.000000e+00
    outer loop
      vertex   -3.952170e+01 -1.673295e+01 -1.330503e+02
      vertex   -4.028790e+01 -1.481749e+01 -1.330503e+02
      vertex   -4.028799e+01 -1.481744e+01 -1.330503e+02
    endloop
  endfacet
  facet normal 1.197415e-14 -1.004751e-14 1.000000e+00
    outer loop
      vertex   -3.952170e+01 -1.673295e+01 -1.330503e+02
      vertex   -4.028799e+01 -1.481744e+01 -1.330503e+02
      vertex   -5.417432e+01 -3.136652e+01 -1.330503e+02
    endloop
  endfacet
  facet normal 1.537451e-15 -4.949130e-16 1.000000e+00
    outer loop
      vertex   -3.961947e+01 -4.357949e+01 -1.330503e+02
      vertex   -3.387879e+01 -2.574600e+01 -1.330503e+02
      vertex   -5.417432e+01 -3.136652e+01 -1.330503e+02
    endloop
  endfacet
  facet normal 1.121888e-15 1.005670e-15 1.000000e+00
    outer loop
      vertex   -5.417432e+01 -3.136652e+01 -1.330503e+02
      vertex   -3.387879e+01 -2.574600e+01 -1.330503e+02
      vertex   -3.530886e+01 -2.415067e+01 -1.330503e+02
    endloop
  endfacet
  facet normal 1.169838e-15 8.803086e-16 1.000000e+00
    outer loop
      vertex   -5.417432e+01 -3.136652e+01 -1.330503e+02
      vertex   -3.530886e+01 -2.415067e+01 -1.330503e+02
      vertex   -3.659708e+01 -2.243875e+01 -1.330503e+02
    endloop
  endfacet
  facet normal 0.000000e+00 0.000000e+00 1.000000e+00
    outer loop
      vertex   -4.071748e+01 -4.488805e+01 -1.330503e+02
      vertex   -1.877226e+01 -3.312181e+01 -1.330503e+02
      vertex   -3.961947e+01 -4.357949e+01 -1.330503e+02
    endloop
  endfacet
  facet normal 0.000000e+00 0.000000e+00 1.000000e+00
    outer loop
      vertex   -3.961947e+01 -4.357949e+01 -1.330503e+02
      vertex   -1.877226e+01 -3.312181e+01 -1.330503e+02
      vertex   -2.088932e+01 -3.279282e+01 -1.330503e+02
    endloop
  endfacet
  facet normal 0.000000e+00 0.000000e+00 1.000000e+00
    outer loop
      vertex   -3.961947e+01 -4.357949e+01 -1.330503e+02
      vertex   -2.088932e+01 -3.279282e+01 -1.330503e+02
      vertex   -2.297044e+01 -3.228377e+01 -1.330503e+02
    endloop
  endfacet
  facet normal 0.000000e+00 0.000000e+00 1.000000e+00
    outer loop
      vertex   -2.297044e+01 -3.228377e+01 -1.330503e+02
      vertex   -2.500033e+01 -3.159840e+01 -1.330503e+02
      vertex   -3.961947e+01 -4.357949e+01 -1.330503e+02
    endloop
  endfacet
  facet normal 0.000000e+00 0.000000e+00 1.000000e+00
    outer loop
      vertex   -3.961947e+01 -4.357949e+01 -1.330503e+02
      vertex   -2.500033e+01 -3.159840e+01 -1.330503e+02
      vertex   -2.696408e+01 -3.074176e+01 -1.330503e+02
    endloop
  endfacet
  facet normal 0.000000e+00 0.000000e+00 1.000000e+00
    outer loop
      vertex   -3.961947e+01 -4.357949e+01 -1.330503e+02
      vertex   -2.696408e+01 -3.074176e+01 -1.330503e+02
      vertex   -2.884728e+01 -2.972012e+01 -1.330503e+02
    endloop
  endfacet
  facet normal 0.000000e+00 0.000000e+00 1.000000e+00
    outer loop
      vertex   -2.884728e+01 -2.972012e+01 -1.330503e+02
      vertex   -3.063609e+01 -2.854099e+01 -1.330503e+02
      vertex   -3.961947e+01 -4.357949e+01 -1.330503e+02
    endloop
  endfacet
  facet normal 0.000000e+00 0.000000e+00 1.000000e+00
    outer loop
      vertex   -3.961947e+01 -4.357949e+01 -1.330503e+02
      vertex   -3.063609e+01 -2.854099e+01 -1.330503e+02
      vertex   -3.231738e+01 -2.721303e+01 -1.330503e+02
    endloop
  endfacet
  facet normal 0.000000e+00 0.000000e+00 1.000000e+00
    outer loop
      vertex   -3.961947e+01 -4.357949e+01 -1.330503e+02
      vertex   -3.231738e+01 -2.721303e+01 -1.330503e+02
      vertex   -3.387879e+01 -2.574600e+01 -1.330503e+02
    endloop
  endfacet
  facet normal 1.226832e-15 7.680975e-16 1.000000e+00
    outer loop
      vertex   -3.659708e+01 -2.243875e+01 -1.330503e+02
      vertex   -3.773400e+01 -2.062282e+01 -1.330503e+02
      vertex   -5.417432e+01 -3.136652e+01 -1.330503e+02
    endloop
  endfacet
  facet normal 1.295004e-15 6.637786e-16 1.000000e+00
    outer loop
      vertex   -5.417432e+01 -3.136652e+01 -1.330503e+02
      vertex   -3.773400e+01 -2.062282e+01 -1.330503e+02
      vertex   -3.871127e+01 -1.871622e+01 -1.330503e+02
    endloop
  endfacet
  facet normal 1.377529e-15 5.629046e-16 1.000000e+00
    outer loop
      vertex   -5.417432e+01 -3.136652e+01 -1.330503e+02
      vertex   -3.871127e+01 -1.871622e+01 -1.330503e+02
      vertex   -3.952170e+01 -1.673295e+01 -1.330503e+02
    endloop
  endfacet
  facet normal 4.236516e-01 9.058252e-01 -6.689391e-16
    outer loop
      vertex   -4.015935e+01 -1.468756e+01 -1.190503e+02
      vertex   -4.020774e+01 -1.466493e+01 -1.190503e+02
      vertex   -4.015935e+01 -1.468756e+01 -1.100503e+02
    endloop
  endfacet
  facet normal 4.236516e-01 9.058252e-01 0.000000e+00
    outer loop
      vertex   -4.015935e+01 -1.468756e+01 -1.100503e+02
      vertex   -4.020774e+01 -1.466493e+01 -1.190503e+02
      vertex   -4.020774e+01 -1.466493e+01 -1.100503e+02
    endloop
  endfacet
  facet normal 4.236516e-01 9.058252e-01 -0.000000e+00
    outer loop
      vertex   -4.021497e+01 -1.466155e+01 -1.420503e+02
      vertex   -4.021497e+01 -1.466155e+01 -1.330503e+02
      vertex   -4.017347e+01 -1.468096e+01 -1.420503e+02
    endloop
  endfacet
  facet normal 4.236516e-01 9.058252e-01 -5.152885e-16
    outer loop
      vertex   -4.017347e+01 -1.468096e+01 -1.420503e+02
      vertex   -4.021497e+01 -1.466155e+01 -1.330503e+02
      vertex   -4.015935e+01 -1.468756e+01 -1.330503e+02
    endloop
  endfacet
  facet normal 4.236516e-01 9.058252e-01 -6.689916e-16
    outer loop
      vertex   -4.017347e+01 -1.468096e+01 -1.420503e+02
      vertex   -4.015935e+01 -1.468756e+01 -1.330503e+02
      vertex   -4.015935e+01 -1.468756e+01 -1.420505e+02
    endloop
  endfacet
  facet normal 4.236516e-01 9.058252e-01 -1.284288e-11
    outer loop
      vertex   -4.015935e+01 -1.468756e+01 -1.420505e+02
      vertex   -4.017347e+01 -1.468096e+01 -1.420505e+02
      vertex   -4.017347e+01 -1.468096e+01 -1.420503e+02
    endloop
  endfacet
  facet normal -9.875892e-01 1.570592e-01 -9.346899e-16
    outer loop
      vertex   -2.834295e+01 1.115595e+01 -1.330503e+02
      vertex   -2.834295e+01 1.115595e+01 -1.420503e+02
      vertex   -2.844735e+01 1.049947e+01 -1.330503e+02
    endloop
  endfacet
  facet normal -9.875892e-01 1.570592e-01 -5.448431e-16
    outer loop
      vertex   -2.844735e+01 1.049947e+01 -1.330503e+02
      vertex   -2.834295e+01 1.115595e+01 -1.420503e+02
      vertex   -2.844735e+01 1.049947e+01 -1.420503e+02
    endloop
  endfacet
  facet normal -7.660444e-01 6.427876e-01 0.000000e+00
    outer loop
      vertex   -4.015935e+01 -1.468756e+01 -1.050503e+02
      vertex   -3.065078e+01 -3.355687e+00 -1.050503e+02
      vertex   -4.015935e+01 -1.468756e+01 -1.100503e+02
    endloop
  endfacet
  facet normal -7.660444e-01 6.427876e-01 -2.051207e-16
    outer loop
      vertex   -4.015935e+01 -1.468756e+01 -1.100503e+02
      vertex   -3.065078e+01 -3.355687e+00 -1.050503e+02
      vertex   -3.065078e+01 -3.355687e+00 -1.191005e+02
    endloop
  endfacet
  facet normal -7.660444e-01 6.427876e-01 1.209572e-15
    outer loop
      vertex   -4.015935e+01 -1.468756e+01 -1.100503e+02
      vertex   -3.065078e+01 -3.355687e+00 -1.191005e+02
      vertex   -4.015935e+01 -1.468756e+01 -1.190503e+02
    endloop
  endfacet
  facet normal -7.660444e-01 6.427876e-01 -7.775819e-16
    outer loop
      vertex   -4.015935e+01 -1.468756e+01 -1.190503e+02
      vertex   -3.065078e+01 -3.355687e+00 -1.191005e+02
      vertex   -4.015935e+01 -1.468756e+01 -1.330503e+02
    endloop
  endfacet
  facet normal -7.660444e-01 6.427876e-01 2.754647e-16
    outer loop
      vertex   -4.015935e+01 -1.468756e+01 -1.330503e+02
      vertex   -3.065078e+01 -3.355687e+00 -1.191005e+02
      vertex   -3.065078e+01 -3.355687e+00 -1.330503e+02
    endloop
  endfacet
  facet normal -7.660444e-01 6.427876e-01 1.209538e-15
    outer loop
      vertex   -4.015935e+01 -1.468756e+01 -1.330503e+02
      vertex   -3.065078e+01 -3.355687e+00 -1.330503e+02
      vertex   -4.015935e+01 -1.468756e+01 -1.420505e+02
    endloop
  endfacet
  facet normal -7.660444e-01 6.427876e-01 4.269507e-16
    outer loop
      vertex   -4.015935e+01 -1.468756e+01 -1.420505e+02
      vertex   -3.065078e+01 -3.355687e+00 -1.330503e+02
      vertex   -3.065078e+01 -3.355687e+00 -1.420505e+02
    endloop
  endfacet
  facet normal 9.545841e-01 -2.979410e-01 6.706095e-04
    outer loop
      vertex   -2.813332e+01 -5.289900e+00 -1.330503e+02
      vertex   -2.767722e+01 -3.828580e+00 -1.330503e+02
      vertex   -2.809088e+01 -5.122399e+00 -1.190503e+02
    endloop
  endfacet
  facet normal 9.525022e-01 -3.045318e-01 -4.160011e-16
    outer loop
      vertex   -2.809088e+01 -5.122399e+00 -1.190503e+02
      vertex   -2.767722e+01 -3.828580e+00 -1.330503e+02
      vertex   -2.767722e+01 -3.828580e+00 -1.191005e+02
    endloop
  endfacet
  facet normal 9.381588e-01 -3.062194e-01 -1.615169e-01
    outer loop
      vertex   -2.809088e+01 -5.122399e+00 -1.190503e+02
      vertex   -2.767722e+01 -3.828580e+00 -1.191005e+02
      vertex   -2.762250e+01 -3.687443e+00 -1.190503e+02
    endloop
  endfacet
  facet normal 9.002931e-01 -4.054438e-01 1.583911e-01
    outer loop
      vertex   -2.762250e+01 -3.687443e+00 -1.190503e+02
      vertex   -2.767722e+01 -3.828580e+00 -1.191005e+02
      vertex   -2.706847e+01 -2.476831e+00 -1.191005e+02
    endloop
  endfacet
  facet normal 8.905355e-01 -4.152635e-01 -1.857492e-01
    outer loop
      vertex   -2.762250e+01 -3.687443e+00 -1.190503e+02
      vertex   -2.706847e+01 -2.476831e+00 -1.191005e+02
      vertex   -2.698457e+01 -2.319405e+00 -1.190503e+02
    endloop
  endfacet
  facet normal 8.424486e-01 -5.070656e-01 1.821121e-01
    outer loop
      vertex   -2.698457e+01 -2.319405e+00 -1.190503e+02
      vertex   -2.706847e+01 -2.476831e+00 -1.191005e+02
      vertex   -2.630396e+01 -1.206660e+00 -1.191005e+02
    endloop
  endfacet
  facet normal 8.300938e-01 -5.171519e-01 -2.085625e-01
    outer loop
      vertex   -2.698457e+01 -2.319405e+00 -1.190503e+02
      vertex   -2.630396e+01 -1.206660e+00 -1.191005e+02
      vertex   -2.618640e+01 -1.038236e+00 -1.190503e+02
    endloop
  endfacet
  facet normal 7.730193e-01 -6.005405e-01 2.044316e-01
    outer loop
      vertex   -2.618640e+01 -1.038236e+00 -1.190503e+02
      vertex   -2.630396e+01 -1.206660e+00 -1.191005e+02
      vertex   -2.539445e+01 -3.593335e-02 -1.191005e+02
    endloop
  endfacet
  facet normal 7.579582e-01 -6.104200e-01 -2.299713e-01
    outer loop
      vertex   -2.618640e+01 -1.038236e+00 -1.190503e+02
      vertex   -2.539445e+01 -3.593335e-02 -1.191005e+02
      vertex   -2.523962e+01 1.373833e-01 -1.190503e+02
    endloop
  endfacet
  facet normal 6.932065e-01 -6.845990e-01 2.253641e-01
    outer loop
      vertex   -2.523962e+01 1.373833e-01 -1.190503e+02
      vertex   -2.539445e+01 -3.593335e-02 -1.191005e+02
      vertex   -2.435273e+01 1.018881e+00 -1.191005e+02
    endloop
  endfacet
  facet normal 6.754002e-01 -6.937834e-01 -2.499985e-01
    outer loop
      vertex   -2.523962e+01 1.373833e-01 -1.190503e+02
      vertex   -2.435273e+01 1.018881e+00 -1.191005e+02
      vertex   -2.415803e+01 1.190309e+00 -1.190503e+02
    endloop
  endfacet
  facet normal 6.043296e-01 -7.581518e-01 2.449320e-01
    outer loop
      vertex   -2.415803e+01 1.190309e+00 -1.190503e+02
      vertex   -2.435273e+01 1.018881e+00 -1.191005e+02
      vertex   -2.319346e+01 1.942947e+00 -1.191005e+02
    endloop
  endfacet
  facet normal 5.838099e-01 -7.661466e-01 -2.686733e-01
    outer loop
      vertex   -2.415803e+01 1.190309e+00 -1.190503e+02
      vertex   -2.319346e+01 1.942947e+00 -1.191005e+02
      vertex   -2.295742e+01 2.105187e+00 -1.190503e+02
    endloop
  endfacet
  facet normal 5.078000e-01 -8.202952e-01 2.631634e-01
    outer loop
      vertex   -2.295742e+01 2.105187e+00 -1.190503e+02
      vertex   -2.319346e+01 1.942947e+00 -1.191005e+02
      vertex   -2.193294e+01 2.723266e+00 -1.191005e+02
    endloop
  endfacet
  facet normal 4.846702e-01 -8.266088e-01 -2.860294e-01
    outer loop
      vertex   -2.295742e+01 2.105187e+00 -1.190503e+02
      vertex   -2.193294e+01 2.723266e+00 -1.191005e+02
      vertex   -2.165528e+01 2.868676e+00 -1.190503e+02
    endloop
  endfacet
  facet normal 4.050966e-01 -8.703136e-01 2.800910e-01
    outer loop
      vertex   -2.165528e+01 2.868676e+00 -1.190503e+02
      vertex   -2.193294e+01 2.723266e+00 -1.191005e+02
      vertex   -2.058890e+01 3.348863e+00 -1.191005e+02
    endloop
  endfacet
  facet normal 3.795306e-01 -8.744655e-01 -3.021035e-01
    outer loop
      vertex   -2.165528e+01 2.868676e+00 -1.190503e+02
      vertex   -2.058890e+01 3.348863e+00 -1.191005e+02
      vertex   -2.027061e+01 3.469644e+00 -1.190503e+02
    endloop
  endfacet
  facet normal 2.977425e-01 -9.076791e-01 2.957500e-01
    outer loop
      vertex   -2.027061e+01 3.469644e+00 -1.190503e+02
      vertex   -2.058890e+01 3.348863e+00 -1.191005e+02
      vertex   -1.918025e+01 3.810937e+00 -1.191005e+02
    endloop
  endfacet
  facet normal 2.699840e-01 -9.092092e-01 -3.169342e-01
    outer loop
      vertex   -2.027061e+01 3.469644e+00 -1.190503e+02
      vertex   -1.918025e+01 3.810937e+00 -1.191005e+02
      vertex   -1.882360e+01 3.899325e+00 -1.190503e+02
    endloop
  endfacet
  facet normal 1.872836e-01 -9.320488e-01 3.101773e-01
    outer loop
      vertex   -1.882360e+01 3.899325e+00 -1.190503e+02
      vertex   -1.918025e+01 3.810937e+00 -1.191005e+02
      vertex   -1.772680e+01 4.102990e+00 -1.191005e+02
    endloop
  endfacet
  facet normal 1.576437e-01 -9.305257e-01 -3.305607e-01
    outer loop
      vertex   -1.882360e+01 3.899325e+00 -1.190503e+02
      vertex   -1.772680e+01 4.102990e+00 -1.191005e+02
      vertex   -1.733534e+01 4.151456e+00 -1.190503e+02
    endloop
  endfacet
  facet normal 7.526831e-02 -9.432605e-01 3.234104e-01
    outer loop
      vertex   -1.733534e+01 4.151456e+00 -1.190503e+02
      vertex   -1.772680e+01 4.102990e+00 -1.191005e+02
      vertex   -1.624900e+01 4.220912e+00 -1.191005e+02
    endloop
  endfacet
  facet normal 4.412241e-02 -9.382906e-01 -3.430219e-01
    outer loop
      vertex   -1.733534e+01 4.151456e+00 -1.190503e+02
      vertex   -1.624900e+01 4.220912e+00 -1.191005e+02
      vertex   -1.582754e+01 4.222359e+00 -1.190503e+02
    endloop
  endfacet
  facet normal -3.677046e-02 -9.413272e-01 3.354864e-01
    outer loop
      vertex   -1.582754e+01 4.222359e+00 -1.190503e+02
      vertex   -1.624900e+01 4.220912e+00 -1.191005e+02
      vertex   -1.476762e+01 4.163046e+00 -1.191005e+02
    endloop
  endfacet
  facet normal -6.898664e-02 -9.325625e-01 -3.543559e-01
    outer loop
      vertex   -1.582754e+01 4.222359e+00 -1.190503e+02
      vertex   -1.476762e+01 4.163046e+00 -1.191005e+02
      vertex   -1.432220e+01 4.111000e+00 -1.190503e+02
    endloop
  endfacet
  facet normal -1.473328e-01 -9.264294e-01 3.464414e-01
    outer loop
      vertex   -1.432220e+01 4.111000e+00 -1.190503e+02
      vertex   -1.476762e+01 4.163046e+00 -1.191005e+02
      vertex   -1.330352e+01 3.930206e+00 -1.191005e+02
    endloop
  endfacet
  facet normal -1.801283e-01 -9.135762e-01 -3.645989e-01
    outer loop
      vertex   -1.432220e+01 4.111000e+00 -1.190503e+02
      vertex   -1.330352e+01 3.930206e+00 -1.191005e+02
      vertex   -1.284124e+01 3.819004e+00 -1.190503e+02
    endloop
  endfacet
  facet normal -2.549672e-01 -8.989077e-01 3.563098e-01
    outer loop
      vertex   -1.284124e+01 3.819004e+00 -1.190503e+02
      vertex   -1.330352e+01 3.930206e+00 -1.191005e+02
      vertex   -1.187728e+01 3.525666e+00 -1.191005e+02
    endloop
  endfacet
  facet normal -2.878020e-01 -8.817338e-01 -3.737854e-01
    outer loop
      vertex   -1.284124e+01 3.819004e+00 -1.190503e+02
      vertex   -1.187728e+01 3.525666e+00 -1.191005e+02
      vertex   -1.140629e+01 3.350627e+00 -1.190503e+02
    endloop
  endfacet
  facet normal -3.582849e-01 -8.592533e-01 3.651242e-01
    outer loop
      vertex   -1.140629e+01 3.350627e+00 -1.190503e+02
      vertex   -1.187728e+01 3.525666e+00 -1.191005e+02
      vertex   -1.050897e+01 2.955117e+00 -1.191005e+02
    endloop
  endfacet
  facet normal -3.905771e-01 -8.375953e-01 -3.819472e-01
    outer loop
      vertex   -1.140629e+01 3.350627e+00 -1.190503e+02
      vertex   -1.050897e+01 2.955117e+00 -1.191005e+02
      vertex   -1.003825e+01 2.712701e+00 -1.190503e+02
    endloop
  endfacet
  facet normal -4.559732e-01 -8.080985e-01 3.729144e-01
    outer loop
      vertex   -1.003825e+01 2.712701e+00 -1.190503e+02
      vertex   -1.050897e+01 2.955117e+00 -1.191005e+02
      vertex   -9.217829e+00 2.226584e+00 -1.191005e+02
    endloop
  endfacet
  facet normal -4.871070e-01 -7.818680e-01 -3.891134e-01
    outer loop
      vertex   -1.003825e+01 2.712701e+00 -1.190503e+02
      vertex   -9.217829e+00 2.226584e+00 -1.191005e+02
      vertex   -8.757081e+00 1.914527e+00 -1.190503e+02
    endloop
  endfacet
  facet normal -5.468073e-01 -7.462062e-01 3.797077e-01
    outer loop
      vertex   -8.757081e+00 1.914527e+00 -1.190503e+02
      vertex   -9.217829e+00 2.226584e+00 -1.191005e+02
      vertex   -8.022019e+00 1.350315e+00 -1.191005e+02
    endloop
  endfacet
  facet normal -5.761419e-01 -7.153952e-01 -3.953103e-01
    outer loop
      vertex   -8.757081e+00 1.914527e+00 -1.190503e+02
      vertex   -8.022019e+00 1.350315e+00 -1.191005e+02
      vertex   -7.581462e+00 9.677449e-01 -1.190503e+02
    endloop
  endfacet
  facet normal -6.296610e-01 -6.744589e-01 3.855285e-01
    outer loop
      vertex   -7.581462e+00 9.677449e-01 -1.190503e+02
      vertex   -8.022019e+00 1.350315e+00 -1.191005e+02
      vertex   -6.938362e+00 3.386350e-01 -1.191005e+02
    endloop
  endfacet
  facet normal -6.565407e-01 -6.391442e-01 -4.005609e-01
    outer loop
      vertex   -7.581462e+00 9.677449e-01 -1.190503e+02
      vertex   -6.938362e+00 3.386350e-01 -1.191005e+02
      vertex   -6.528536e+00 -1.138394e-01 -1.190503e+02
    endloop
  endfacet
  facet normal -7.035164e-01 -5.938468e-01 3.903980e-01
    outer loop
      vertex   -6.528536e+00 -1.138394e-01 -1.190503e+02
      vertex   -6.938362e+00 3.386350e-01 -1.191005e+02
      vertex   -5.982100e+00 -7.942254e-01 -1.191005e+02
    endloop
  endfacet
  facet normal -7.272808e-01 -5.541938e-01 -4.048851e-01
    outer loop
      vertex   -6.528536e+00 -1.138394e-01 -1.190503e+02
      vertex   -5.982100e+00 -7.942254e-01 -1.191005e+02
      vertex   -5.613658e+00 -1.314454e+00 -1.190503e+02
    endloop
  endfacet
  facet normal -7.674726e-01 -5.054565e-01 3.943343e-01
    outer loop
      vertex   -5.613658e+00 -1.314454e+00 -1.190503e+02
      vertex   -5.982100e+00 -7.942254e-01 -1.191005e+02
      vertex   -5.166685e+00 -2.032332e+00 -1.191005e+02
    endloop
  endfacet
  facet normal -7.874679e-01 -4.617205e-01 -4.082995e-01
    outer loop
      vertex   -5.613658e+00 -1.314454e+00 -1.190503e+02
      vertex   -5.166685e+00 -2.032332e+00 -1.191005e+02
      vertex   -4.850169e+00 -2.616591e+00 -1.190503e+02
    endloop
  endfacet
  facet normal -8.207532e-01 -4.104577e-01 3.973520e-01
    outer loop
      vertex   -4.850169e+00 -2.616591e+00 -1.190503e+02
      vertex   -5.166685e+00 -2.032332e+00 -1.191005e+02
      vertex   -4.503586e+00 -3.358268e+00 -1.191005e+02
    endloop
  endfacet
  facet normal -8.363438e-01 -3.629853e-01 -4.108172e-01
    outer loop
      vertex   -4.850169e+00 -2.616591e+00 -1.190503e+02
      vertex   -4.503586e+00 -3.358268e+00 -1.191005e+02
      vertex   -4.249202e+00 -4.001262e+00 -1.190503e+02
    endloop
  endfacet
  facet normal -8.627127e-01 -3.100907e-01 3.994627e-01
    outer loop
      vertex   -4.249202e+00 -4.001262e+00 -1.190503e+02
      vertex   -4.503586e+00 -3.358268e+00 -1.191005e+02
      vertex   -4.002130e+00 -4.753385e+00 -1.191005e+02
    endloop
  endfacet
  facet normal -8.732927e-01 -2.593189e-01 -4.124482e-01
    outer loop
      vertex   -4.249202e+00 -4.001262e+00 -1.190503e+02
      vertex   -4.002130e+00 -4.753385e+00 -1.191005e+02
      vertex   -3.819520e+00 -5.448277e+00 -1.190503e+02
    endloop
  endfacet
  facet normal -8.928419e-01 -2.056534e-01 4.006744e-01
    outer loop
      vertex   -3.819520e+00 -5.448277e+00 -1.190503e+02
      vertex   -4.002130e+00 -4.753385e+00 -1.191005e+02
      vertex   -3.669370e+00 -6.198058e+00 -1.191005e+02
    endloop
  endfacet
  facet normal -8.978475e-01 -1.521075e-01 -4.131987e-01
    outer loop
      vertex   -3.819520e+00 -5.448277e+00 -1.190503e+02
      vertex   -3.669370e+00 -6.198058e+00 -1.191005e+02
      vertex   -3.567389e+00 -6.936533e+00 -1.190503e+02
    endloop
  endfacet
  facet normal -9.107721e-01 -9.848738e-02 4.009917e-01
    outer loop
      vertex   -3.567389e+00 -6.936533e+00 -1.190503e+02
      vertex   -3.669370e+00 -6.198058e+00 -1.191005e+02
      vertex   -3.509987e+00 -7.671966e+00 -1.191005e+02
    endloop
  endfacet
  facet normal -9.096932e-01 -4.277764e-02 -4.130718e-01
    outer loop
      vertex   -3.567389e+00 -6.936533e+00 -1.190503e+02
      vertex   -3.509987e+00 -7.671966e+00 -1.191005e+02
      vertex   -3.496486e+00 -8.444329e+00 -1.190503e+02
    endloop
  endfacet
  facet normal -9.998473e-01 -1.747767e-02 -3.150408e-16
    outer loop
      vertex   -3.496486e+00 -8.444329e+00 -1.190503e+02
      vertex   -3.509987e+00 -7.671966e+00 -1.191005e+02
      vertex   -3.509987e+00 -7.671966e+00 -1.330503e+02
    endloop
  endfacet
  facet normal -9.999155e-01 1.288901e-02 1.675359e-03
    outer loop
      vertex   -3.496486e+00 -8.444329e+00 -1.190503e+02
      vertex   -3.509987e+00 -7.671966e+00 -1.330503e+02
      vertex   -3.529718e+00 -9.202683e+00 -1.330503e+02
    endloop
  endfacet
  facet normal -9.972737e-01 7.377367e-02 -1.628921e-03
    outer loop
      vertex   -3.496486e+00 -8.444329e+00 -1.190503e+02
      vertex   -3.529718e+00 -9.202683e+00 -1.330503e+02
      vertex   -3.607845e+00 -9.949678e+00 -1.190503e+02
    endloop
  endfacet
  facet normal -9.908415e-01 1.350198e-01 1.674869e-03
    outer loop
      vertex   -3.607845e+00 -9.949678e+00 -1.190503e+02
      vertex   -3.529718e+00 -9.202683e+00 -1.330503e+02
      vertex   -3.736413e+00 -1.071951e+01 -1.330503e+02
    endloop
  endfacet
  facet normal -9.811100e-01 1.934438e-01 -1.627120e-03
    outer loop
      vertex   -3.607845e+00 -9.949678e+00 -1.190503e+02
      vertex   -3.736413e+00 -1.071951e+01 -1.330503e+02
      vertex   -3.899841e+00 -1.143063e+01 -1.190503e+02
    endloop
  endfacet
  facet normal -9.669065e-01 2.551255e-01 1.671756e-03
    outer loop
      vertex   -3.899841e+00 -1.143063e+01 -1.190503e+02
      vertex   -3.736413e+00 -1.071951e+01 -1.330503e+02
      vertex   -4.126971e+00 -1.219970e+01 -1.330503e+02
    endloop
  endfacet
  facet normal -9.506395e-01 3.102932e-01 -1.622696e-03
    outer loop
      vertex   -3.899841e+00 -1.143063e+01 -1.190503e+02
      vertex   -4.126971e+00 -1.219970e+01 -1.330503e+02
      vertex   -4.368218e+00 -1.286559e+01 -1.190503e+02
    endloop
  endfacet
  facet normal -9.284696e-01 3.714047e-01 1.666021e-03
    outer loop
      vertex   -4.368218e+00 -1.286559e+01 -1.190503e+02
      vertex   -4.126971e+00 -1.219970e+01 -1.330503e+02
      vertex   -4.695534e+00 -1.362104e+01 -1.330503e+02
    endloop
  endfacet
  facet normal -9.063066e-01 4.226177e-01 -1.615650e-03
    outer loop
      vertex   -4.368218e+00 -1.286559e+01 -1.190503e+02
      vertex   -4.695534e+00 -1.362104e+01 -1.330503e+02
      vertex   -5.006144e+00 -1.423362e+01 -1.190503e+02
    endloop
  endfacet
  facet normal -8.761072e-01 4.821135e-01 1.657663e-03
    outer loop
      vertex   -5.006144e+00 -1.423362e+01 -1.190503e+02
      vertex   -4.695534e+00 -1.362104e+01 -1.330503e+02
      vertex   -5.433576e+00 -1.496223e+01 -1.330503e+02
    endloop
  endfacet
  facet normal -8.487577e-01 5.287795e-01 -1.605981e-03
    outer loop
      vertex   -5.006144e+00 -1.423362e+01 -1.190503e+02
      vertex   -5.433576e+00 -1.496223e+01 -1.330503e+02
      vertex   -5.804318e+00 -1.551479e+01 -1.190503e+02
    endloop
  endfacet
  facet normal -8.106047e-01 5.855915e-01 1.646684e-03
    outer loop
      vertex   -5.804318e+00 -1.551479e+01 -1.190503e+02
      vertex   -5.433576e+00 -1.496223e+01 -1.330503e+02
      vertex   -6.330027e+00 -1.620314e+01 -1.330503e+02
    endloop
  endfacet
  facet normal -7.788320e-01 6.272306e-01 -1.593691e-03
    outer loop
      vertex   -5.804318e+00 -1.551479e+01 -1.190503e+02
      vertex   -6.330027e+00 -1.620314e+01 -1.330503e+02
      vertex   -6.751100e+00 -1.669041e+01 -1.190503e+02
    endloop
  endfacet
  facet normal -7.329445e-01 6.802865e-01 1.633082e-03
    outer loop
      vertex   -6.751100e+00 -1.669041e+01 -1.190503e+02
      vertex   -6.330027e+00 -1.620314e+01 -1.330503e+02
      vertex   -7.371441e+00 -1.732516e+01 -1.330503e+02
    endloop
  endfacet
  facet normal -6.975491e-01 7.165352e-01 -1.578778e-03
    outer loop
      vertex   -6.751100e+00 -1.669041e+01 -1.190503e+02
      vertex   -7.371441e+00 -1.732516e+01 -1.330503e+02
      vertex   -7.832684e+00 -1.774334e+01 -1.190503e+02
    endloop
  endfacet
  facet normal -6.442913e-01 7.647785e-01 1.616859e-03
    outer loop
      vertex   -7.832684e+00 -1.774334e+01 -1.190503e+02
      vertex   -7.371441e+00 -1.732516e+01 -1.330503e+02
      vertex   -8.542200e+00 -1.831147e+01 -1.330503e+02
    endloop
  endfacet
  facet normal -6.060945e-01 7.953911e-01 -1.561244e-03
    outer loop
      vertex   -7.832684e+00 -1.774334e+01 -1.190503e+02
      vertex   -8.542200e+00 -1.831147e+01 -1.330503e+02
      vertex   -9.033299e+00 -1.865822e+01 -1.190503e+02
    endloop
  endfacet
  facet normal -5.459749e-01 8.378000e-01 1.598013e-03
    outer loop
      vertex   -9.033299e+00 -1.865822e+01 -1.190503e+02
      vertex   -8.542200e+00 -1.831147e+01 -1.330503e+02
      vertex   -9.824743e+00 -1.914728e+01 -1.330503e+02
    endloop
  endfacet
  facet normal -5.058015e-01 8.626485e-01 -1.541087e-03
    outer loop
      vertex   -9.033299e+00 -1.865822e+01 -1.190503e+02
      vertex   -9.824743e+00 -1.914728e+01 -1.330503e+02
      vertex   -1.033544e+01 -1.942170e+01 -1.190503e+02
    endloop
  endfacet
  facet normal -4.394698e-01 8.982560e-01 1.576546e-03
    outer loop
      vertex   -1.033544e+01 -1.942170e+01 -1.190503e+02
      vertex   -9.824743e+00 -1.914728e+01 -1.330503e+02
      vertex   -1.119983e+01 -1.982004e+01 -1.330503e+02
    endloop
  endfacet
  facet normal -3.981329e-01 9.173265e-01 -1.518308e-03
    outer loop
      vertex   -1.033544e+01 -1.942170e+01 -1.190503e+02
      vertex   -1.119983e+01 -1.982004e+01 -1.330503e+02
      vertex   -1.172011e+01 -2.002267e+01 -1.190503e+02
    endloop
  endfacet
  facet normal -3.263734e-01 9.452397e-01 1.552456e-03
    outer loop
      vertex   -1.172011e+01 -2.002267e+01 -1.190503e+02
      vertex   -1.119983e+01 -1.982004e+01 -1.330503e+02
      vertex   -1.264685e+01 -2.031967e+01 -1.330503e+02
    endloop
  endfacet
  facet normal -2.846586e-01 9.586278e-01 -1.492908e-03
    outer loop
      vertex   -1.172011e+01 -2.002267e+01 -1.190503e+02
      vertex   -1.264685e+01 -2.031967e+01 -1.330503e+02
      vertex   -1.316712e+01 -2.045235e+01 -1.190503e+02
    endloop
  endfacet
  facet normal -2.083819e-01 9.780464e-01 1.525744e-03
    outer loop
      vertex   -1.316712e+01 -2.045235e+01 -1.190503e+02
      vertex   -1.264685e+01 -2.031967e+01 -1.330503e+02
      vertex   -1.414409e+01 -2.063867e+01 -1.330503e+02
    endloop
  endfacet
  facet normal -1.670333e-01 9.859502e-01 -1.464885e-03
    outer loop
      vertex   -1.316712e+01 -2.045235e+01 -1.190503e+02
      vertex   -1.414409e+01 -2.063867e+01 -1.330503e+02
      vertex   -1.465538e+01 -2.070448e+01 -1.190503e+02
    endloop
  endfacet
  facet normal -8.726501e-02 9.961840e-01 1.496411e-03
    outer loop
      vertex   -1.465538e+01 -2.070448e+01 -1.190503e+02
      vertex   -1.414409e+01 -2.063867e+01 -1.330503e+02
      vertex   -1.566909e+01 -2.077226e+01 -1.330503e+02
    endloop
  endfacet
  facet normal -4.697229e-02 9.988952e-01 -1.434241e-03
    outer loop
      vertex   -1.465538e+01 -2.070448e+01 -1.190503e+02
      vertex   -1.566909e+01 -2.077226e+01 -1.330503e+02
      vertex   -1.616317e+01 -2.077539e+01 -1.190503e+02
    endloop
  endfacet
  facet normal 3.516069e-02 9.993806e-01 1.464456e-03
    outer loop
      vertex   -1.616317e+01 -2.077539e+01 -1.190503e+02
      vertex   -1.566909e+01 -2.077226e+01 -1.330503e+02
      vertex   -1.719899e+01 -2.071843e+01 -1.330503e+02
    endloop
  endfacet
  facet normal 7.377370e-02 9.972740e-01 -1.400975e-03
    outer loop
      vertex   -1.616317e+01 -2.077539e+01 -1.190503e+02
      vertex   -1.719899e+01 -2.071843e+01 -1.330503e+02
      vertex   -1.766852e+01 -2.066403e+01 -1.190503e+02
    endloop
  endfacet
  facet normal 1.570591e-01 9.875882e-01 1.429880e-03
    outer loop
      vertex   -1.766852e+01 -2.066403e+01 -1.190503e+02
      vertex   -1.719899e+01 -2.071843e+01 -1.330503e+02
      vertex   -1.871084e+01 -2.047800e+01 -1.330503e+02
    endloop
  endfacet
  facet normal 1.934439e-01 9.811104e-01 -1.365088e-03
    outer loop
      vertex   -1.766852e+01 -2.066403e+01 -1.190503e+02
      vertex   -1.871084e+01 -2.047800e+01 -1.330503e+02
      vertex   -1.914947e+01 -2.037203e+01 -1.190503e+02
    endloop
  endfacet
  facet normal 2.766018e-01 9.609836e-01 1.392682e-03
    outer loop
      vertex   -1.914947e+01 -2.037203e+01 -1.190503e+02
      vertex   -1.871084e+01 -2.047800e+01 -1.330503e+02
      vertex   -2.018196e+01 -2.005456e+01 -1.330503e+02
    endloop
  endfacet
  facet normal 3.102933e-01 9.506399e-01 -1.326579e-03
    outer loop
      vertex   -1.914947e+01 -2.037203e+01 -1.190503e+02
      vertex   -2.018196e+01 -2.005456e+01 -1.330503e+02
      vertex   -2.058443e+01 -1.990366e+01 -1.190503e+02
    endloop
  endfacet
  facet normal 3.919960e-01 9.199659e-01 1.352862e-03
    outer loop
      vertex   -2.058443e+01 -1.990366e+01 -1.190503e+02
      vertex   -2.018196e+01 -2.005456e+01 -1.330503e+02
      vertex   -2.159028e+01 -1.945448e+01 -1.330503e+02
    endloop
  endfacet
  facet normal 4.226179e-01 9.063070e-01 -1.285449e-03
    outer loop
      vertex   -2.058443e+01 -1.990366e+01 -1.190503e+02
      vertex   -2.159028e+01 -1.945448e+01 -1.330503e+02
      vertex   -2.195247e+01 -1.926573e+01 -1.190503e+02
    endloop
  endfacet
  facet normal 5.015110e-01 8.651503e-01 1.310421e-03
    outer loop
      vertex   -2.195247e+01 -1.926573e+01 -1.190503e+02
      vertex   -2.159028e+01 -1.945448e+01 -1.330503e+02
      vertex   -2.291469e+01 -1.868674e+01 -1.330503e+02
    endloop
  endfacet
  facet normal 5.287798e-01 8.487581e-01 -1.241698e-03
    outer loop
      vertex   -2.195247e+01 -1.926573e+01 -1.190503e+02
      vertex   -2.291469e+01 -1.868674e+01 -1.330503e+02
      vertex   -2.323364e+01 -1.846756e+01 -1.190503e+02
    endloop
  endfacet
  facet normal 6.035041e-01 7.973589e-01 1.265360e-03
    outer loop
      vertex   -2.323364e+01 -1.846756e+01 -1.190503e+02
      vertex   -2.291469e+01 -1.868674e+01 -1.330503e+02
      vertex   -2.413533e+01 -1.776287e+01 -1.330503e+02
    endloop
  endfacet
  facet normal 6.272309e-01 7.788324e-01 -1.195325e-03
    outer loop
      vertex   -2.323364e+01 -1.846756e+01 -1.190503e+02
      vertex   -2.413533e+01 -1.776287e+01 -1.330503e+02
      vertex   -2.440926e+01 -1.752077e+01 -1.190503e+02
    endloop
  endfacet
  facet normal 6.964457e-01 7.176084e-01 1.217677e-03
    outer loop
      vertex   -2.440926e+01 -1.752077e+01 -1.190503e+02
      vertex   -2.413533e+01 -1.776287e+01 -1.330503e+02
      vertex   -2.523387e+01 -1.669672e+01 -1.330503e+02
    endloop
  endfacet
  facet normal 7.165356e-01 6.975495e-01 -1.146332e-03
    outer loop
      vertex   -2.440926e+01 -1.752077e+01 -1.190503e+02
      vertex   -2.523387e+01 -1.669672e+01 -1.330503e+02
      vertex   -2.546218e+01 -1.643919e+01 -1.190503e+02
    endloop
  endfacet
  facet normal 7.789419e-01 6.270950e-01 1.167373e-03
    outer loop
      vertex   -2.546218e+01 -1.643919e+01 -1.190503e+02
      vertex   -2.523387e+01 -1.669672e+01 -1.330503e+02
      vertex   -2.619386e+01 -1.550428e+01 -1.330503e+02
    endloop
  endfacet
  facet normal 7.953916e-01 6.060948e-01 -1.094718e-03
    outer loop
      vertex   -2.546218e+01 -1.643919e+01 -1.190503e+02
      vertex   -2.619386e+01 -1.550428e+01 -1.330503e+02
      vertex   -2.637706e+01 -1.523857e+01 -1.190503e+02
    endloop
  endfacet
  facet normal 8.497552e-01 5.271763e-01 1.114448e-03
    outer loop
      vertex   -2.637706e+01 -1.523857e+01 -1.190503e+02
      vertex   -2.619386e+01 -1.550428e+01 -1.330503e+02
      vertex   -2.700089e+01 -1.420343e+01 -1.330503e+02
    endloop
  endfacet
  facet normal 8.626490e-01 5.058019e-01 -1.040483e-03
    outer loop
      vertex   -2.637706e+01 -1.523857e+01 -1.190503e+02
      vertex   -2.700089e+01 -1.420343e+01 -1.330503e+02
      vertex   -2.714055e+01 -1.393644e+01 -1.190503e+02
    endloop
  endfacet
  facet normal 9.078237e-01 4.193508e-01 1.058903e-03
    outer loop
      vertex   -2.714055e+01 -1.393644e+01 -1.190503e+02
      vertex   -2.700089e+01 -1.420343e+01 -1.330503e+02
      vertex   -2.764285e+01 -1.281370e+01 -1.330503e+02
    endloop
  endfacet
  facet normal 9.173271e-01 3.981332e-01 -9.836275e-04
    outer loop
      vertex   -2.714055e+01 -1.393644e+01 -1.190503e+02
      vertex   -2.764285e+01 -1.281370e+01 -1.330503e+02
      vertex   -2.774152e+01 -1.255177e+01 -1.190503e+02
    endloop
  endfacet
  facet normal 9.522763e-01 3.052357e-01 1.000738e-03
    outer loop
      vertex   -2.774152e+01 -1.255177e+01 -1.190503e+02
      vertex   -2.764285e+01 -1.281370e+01 -1.330503e+02
      vertex   -2.811012e+01 -1.135591e+01 -1.330503e+02
    endloop
  endfacet
  facet normal 9.586285e-01 2.846588e-01 -9.241517e-04
    outer loop
      vertex   -2.774152e+01 -1.255177e+01 -1.190503e+02
      vertex   -2.811012e+01 -1.135591e+01 -1.330503e+02
      vertex   -2.817120e+01 -1.110475e+01 -1.190503e+02
    endloop
  endfacet
  facet normal 9.824464e-01 1.865426e-01 9.399517e-04
    outer loop
      vertex   -2.817120e+01 -1.110475e+01 -1.190503e+02
      vertex   -2.811012e+01 -1.135591e+01 -1.330503e+02
      vertex   -2.839568e+01 -9.851935e+00 -1.330503e+02
    endloop
  endfacet
  facet normal 9.859509e-01 1.670334e-01 -8.620558e-04
    outer loop
      vertex   -2.817120e+01 -1.110475e+01 -1.190503e+02
      vertex   -2.839568e+01 -9.851935e+00 -1.330503e+02
      vertex   -2.842333e+01 -9.616495e+00 -1.190503e+02
    endloop
  endfacet
  facet normal 9.978815e-01 6.505166e-02 8.765458e-04
    outer loop
      vertex   -2.842333e+01 -9.616495e+00 -1.190503e+02
      vertex   -2.839568e+01 -9.851935e+00 -1.330503e+02
      vertex   -2.849527e+01 -8.324333e+00 -1.330503e+02
    endloop
  endfacet
  facet normal 9.988959e-01 4.697233e-02 -7.973400e-04
    outer loop
      vertex   -2.842333e+01 -9.616495e+00 -1.190503e+02
      vertex   -2.849527e+01 -8.324333e+00 -1.330503e+02
      vertex   -2.849423e+01 -8.108699e+00 -1.190503e+02
    endloop
  endfacet
  facet normal 9.983501e-01 -5.741496e-02 8.105200e-04
    outer loop
      vertex   -2.849423e+01 -8.108699e+00 -1.190503e+02
      vertex   -2.849527e+01 -8.324333e+00 -1.330503e+02
      vertex   -2.840737e+01 -6.796014e+00 -1.330503e+02
    endloop
  endfacet
  facet normal 9.972747e-01 -7.377375e-02 -7.300043e-04
    outer loop
      vertex   -2.849423e+01 -8.108699e+00 -1.190503e+02
      vertex   -2.840737e+01 -6.796014e+00 -1.330503e+02
      vertex   -2.838287e+01 -6.603350e+00 -1.190503e+02
    endloop
  endfacet
  facet normal 9.838451e-01 -1.790205e-01 7.418745e-04
    outer loop
      vertex   -2.838287e+01 -6.603350e+00 -1.190503e+02
      vertex   -2.840737e+01 -6.796014e+00 -1.330503e+02
      vertex   -2.813332e+01 -5.289900e+00 -1.330503e+02
    endloop
  endfacet
  facet normal 9.811111e-01 -1.934441e-01 -6.600490e-04
    outer loop
      vertex   -2.838287e+01 -6.603350e+00 -1.190503e+02
      vertex   -2.813332e+01 -5.289900e+00 -1.330503e+02
      vertex   -2.809088e+01 -5.122399e+00 -1.190503e+02
    endloop
  endfacet
  facet normal -3.981334e-01 9.173275e-01 6.518004e-16
    outer loop
      vertex   -1.033544e+01 -1.942170e+01 -1.050503e+02
      vertex   -1.033544e+01 -1.942170e+01 -1.100503e+02
      vertex   -1.172011e+01 -2.002267e+01 -1.050503e+02
    endloop
  endfacet
  facet normal -3.981334e-01 9.173275e-01 0.000000e+00
    outer loop
      vertex   -1.172011e+01 -2.002267e+01 -1.050503e+02
      vertex   -1.033544e+01 -1.942170e+01 -1.100503e+02
      vertex   -1.172011e+01 -2.002267e+01 -1.100503e+02
    endloop
  endfacet
  facet normal -2.846589e-01 9.586289e-01 0.000000e+00
    outer loop
      vertex   -1.172011e+01 -2.002267e+01 -1.050503e+02
      vertex   -1.172011e+01 -2.002267e+01 -1.100503e+02
      vertex   -1.316712e+01 -2.045235e+01 -1.050503e+02
    endloop
  endfacet
  facet normal -2.846589e-01 9.586289e-01 0.000000e+00
    outer loop
      vertex   -1.316712e+01 -2.045235e+01 -1.050503e+02
      vertex   -1.172011e+01 -2.002267e+01 -1.100503e+02
      vertex   -1.316712e+01 -2.045235e+01 -1.100503e+02
    endloop
  endfacet
  facet normal -1.670335e-01 9.859512e-01 0.000000e+00
    outer loop
      vertex   -1.316712e+01 -2.045235e+01 -1.050503e+02
      vertex   -1.316712e+01 -2.045235e+01 -1.100503e+02
      vertex   -1.465538e+01 -2.070448e+01 -1.050503e+02
    endloop
  endfacet
  facet normal -1.670335e-01 9.859512e-01 -2.373689e-16
    outer loop
      vertex   -1.465538e+01 -2.070448e+01 -1.050503e+02
      vertex   -1.316712e+01 -2.045235e+01 -1.100503e+02
      vertex   -1.465538e+01 -2.070448e+01 -1.100503e+02
    endloop
  endfacet
  facet normal -4.697234e-02 9.988962e-01 -6.675171e-17
    outer loop
      vertex   -1.465538e+01 -2.070448e+01 -1.050503e+02
      vertex   -1.465538e+01 -2.070448e+01 -1.100503e+02
      vertex   -1.616317e+01 -2.077539e+01 -1.050503e+02
    endloop
  endfacet
  facet normal -4.697234e-02 9.988962e-01 3.337586e-17
    outer loop
      vertex   -1.616317e+01 -2.077539e+01 -1.050503e+02
      vertex   -1.465538e+01 -2.070448e+01 -1.100503e+02
      vertex   -1.616317e+01 -2.077539e+01 -1.100503e+02
    endloop
  endfacet
  facet normal 7.377377e-02 9.972750e-01 -5.241942e-17
    outer loop
      vertex   -1.616317e+01 -2.077539e+01 -1.050503e+02
      vertex   -1.616317e+01 -2.077539e+01 -1.100503e+02
      vertex   -1.766852e+01 -2.066403e+01 -1.050503e+02
    endloop
  endfacet
  facet normal 7.377377e-02 9.972750e-01 0.000000e+00
    outer loop
      vertex   -1.766852e+01 -2.066403e+01 -1.050503e+02
      vertex   -1.616317e+01 -2.077539e+01 -1.100503e+02
      vertex   -1.766852e+01 -2.066403e+01 -1.100503e+02
    endloop
  endfacet
  facet normal 1.934441e-01 9.811113e-01 0.000000e+00
    outer loop
      vertex   -1.766852e+01 -2.066403e+01 -1.050503e+02
      vertex   -1.766852e+01 -2.066403e+01 -1.100503e+02
      vertex   -1.914947e+01 -2.037203e+01 -1.050503e+02
    endloop
  endfacet
  facet normal 1.934441e-01 9.811113e-01 -1.374503e-16
    outer loop
      vertex   -1.914947e+01 -2.037203e+01 -1.050503e+02
      vertex   -1.766852e+01 -2.066403e+01 -1.100503e+02
      vertex   -1.914947e+01 -2.037203e+01 -1.100503e+02
    endloop
  endfacet
  facet normal 3.102936e-01 9.506408e-01 -2.204768e-16
    outer loop
      vertex   -1.914947e+01 -2.037203e+01 -1.050503e+02
      vertex   -1.914947e+01 -2.037203e+01 -1.100503e+02
      vertex   -2.058443e+01 -1.990366e+01 -1.050503e+02
    endloop
  endfacet
  facet normal 3.102936e-01 9.506408e-01 2.204768e-16
    outer loop
      vertex   -2.058443e+01 -1.990366e+01 -1.050503e+02
      vertex   -1.914947e+01 -2.037203e+01 -1.100503e+02
      vertex   -2.058443e+01 -1.990366e+01 -1.100503e+02
    endloop
  endfacet
  facet normal 4.226183e-01 9.063078e-01 3.002883e-16
    outer loop
      vertex   -2.058443e+01 -1.990366e+01 -1.050503e+02
      vertex   -2.058443e+01 -1.990366e+01 -1.100503e+02
      vertex   -2.195247e+01 -1.926573e+01 -1.050503e+02
    endloop
  endfacet
  facet normal 4.226183e-01 9.063078e-01 -3.870758e-16
    outer loop
      vertex   -2.195247e+01 -1.926573e+01 -1.050503e+02
      vertex   -2.058443e+01 -1.990366e+01 -1.100503e+02
      vertex   -2.195247e+01 -1.926573e+01 -1.100503e+02
    endloop
  endfacet
  facet normal 5.287802e-01 8.487588e-01 -7.899592e-17
    outer loop
      vertex   -2.195247e+01 -1.926573e+01 -1.050503e+02
      vertex   -2.195247e+01 -1.926573e+01 -1.100503e+02
      vertex   -2.323364e+01 -1.846756e+01 -1.050503e+02
    endloop
  endfacet
  facet normal 5.287802e-01 8.487588e-01 0.000000e+00
    outer loop
      vertex   -2.323364e+01 -1.846756e+01 -1.050503e+02
      vertex   -2.195247e+01 -1.926573e+01 -1.100503e+02
      vertex   -2.323364e+01 -1.846756e+01 -1.100503e+02
    endloop
  endfacet
  facet normal 6.272314e-01 7.788330e-01 0.000000e+00
    outer loop
      vertex   -2.323364e+01 -1.846756e+01 -1.050503e+02
      vertex   -2.323364e+01 -1.846756e+01 -1.100503e+02
      vertex   -2.440926e+01 -1.752077e+01 -1.050503e+02
    endloop
  endfacet
  facet normal 6.272314e-01 7.788330e-01 -1.077194e-16
    outer loop
      vertex   -2.440926e+01 -1.752077e+01 -1.050503e+02
      vertex   -2.323364e+01 -1.846756e+01 -1.100503e+02
      vertex   -2.440926e+01 -1.752077e+01 -1.100503e+02
    endloop
  endfacet
  facet normal 7.165361e-01 6.975500e-01 1.349044e-17
    outer loop
      vertex   -2.440926e+01 -1.752077e+01 -1.050503e+02
      vertex   -2.440926e+01 -1.752077e+01 -1.100503e+02
      vertex   -2.546218e+01 -1.643919e+01 -1.050503e+02
    endloop
  endfacet
  facet normal 7.165361e-01 6.975500e-01 -5.091295e-16
    outer loop
      vertex   -2.546218e+01 -1.643919e+01 -1.050503e+02
      vertex   -2.440926e+01 -1.752077e+01 -1.100503e+02
      vertex   -2.546218e+01 -1.643919e+01 -1.100503e+02
    endloop
  endfacet
  facet normal 7.953921e-01 6.060952e-01 -5.651601e-16
    outer loop
      vertex   -2.546218e+01 -1.643919e+01 -1.050503e+02
      vertex   -2.546218e+01 -1.643919e+01 -1.100503e+02
      vertex   -2.637706e+01 -1.523857e+01 -1.050503e+02
    endloop
  endfacet
  facet normal 7.953921e-01 6.060952e-01 -2.153283e-16
    outer loop
      vertex   -2.637706e+01 -1.523857e+01 -1.050503e+02
      vertex   -2.546218e+01 -1.643919e+01 -1.100503e+02
      vertex   -2.637706e+01 -1.523857e+01 -1.100503e+02
    endloop
  endfacet
  facet normal 8.626495e-01 5.058022e-01 -1.796970e-16
    outer loop
      vertex   -2.637706e+01 -1.523857e+01 -1.050503e+02
      vertex   -2.637706e+01 -1.523857e+01 -1.100503e+02
      vertex   -2.714055e+01 -1.393644e+01 -1.050503e+02
    endloop
  endfacet
  facet normal 8.626495e-01 5.058022e-01 -2.855358e-16
    outer loop
      vertex   -2.714055e+01 -1.393644e+01 -1.050503e+02
      vertex   -2.637706e+01 -1.523857e+01 -1.100503e+02
      vertex   -2.714055e+01 -1.393644e+01 -1.100503e+02
    endloop
  endfacet
  facet normal 9.173275e-01 3.981334e-01 -5.542652e-17
    outer loop
      vertex   -2.714055e+01 -1.393644e+01 -1.050503e+02
      vertex   -2.714055e+01 -1.393644e+01 -1.100503e+02
      vertex   -2.774152e+01 -1.255177e+01 -1.050503e+02
    endloop
  endfacet
  facet normal 9.173275e-01 3.981334e-01 -6.518004e-16
    outer loop
      vertex   -2.774152e+01 -1.255177e+01 -1.050503e+02
      vertex   -2.714055e+01 -1.393644e+01 -1.100503e+02
      vertex   -2.774152e+01 -1.255177e+01 -1.100503e+02
    endloop
  endfacet
  facet normal 9.586289e-01 2.846589e-01 -6.811468e-16
    outer loop
      vertex   -2.774152e+01 -1.255177e+01 -1.050503e+02
      vertex   -2.774152e+01 -1.255177e+01 -1.100503e+02
      vertex   -2.817120e+01 -1.110475e+01 -1.050503e+02
    endloop
  endfacet
  facet normal 9.586289e-01 2.846589e-01 -2.022623e-16
    outer loop
      vertex   -2.817120e+01 -1.110475e+01 -1.050503e+02
      vertex   -2.774152e+01 -1.255177e+01 -1.100503e+02
      vertex   -2.817120e+01 -1.110475e+01 -1.100503e+02
    endloop
  endfacet
  facet normal 9.859512e-01 1.670335e-01 -1.186844e-16
    outer loop
      vertex   -2.817120e+01 -1.110475e+01 -1.050503e+02
      vertex   -2.817120e+01 -1.110475e+01 -1.100503e+02
      vertex   -2.842333e+01 -9.616495e+00 -1.050503e+02
    endloop
  endfacet
  facet normal 9.859512e-01 1.670335e-01 1.186844e-16
    outer loop
      vertex   -2.842333e+01 -9.616495e+00 -1.050503e+02
      vertex   -2.817120e+01 -1.110475e+01 -1.100503e+02
      vertex   -2.842333e+01 -9.616495e+00 -1.100503e+02
    endloop
  endfacet
  facet normal 9.988962e-01 4.697234e-02 3.337586e-17
    outer loop
      vertex   -2.842333e+01 -9.616495e+00 -1.050503e+02
      vertex   -2.842333e+01 -9.616495e+00 -1.100503e+02
      vertex   -2.849423e+01 -8.108699e+00 -1.050503e+02
    endloop
  endfacet
  facet normal 9.988962e-01 4.697234e-02 -7.264464e-16
    outer loop
      vertex   -2.849423e+01 -8.108699e+00 -1.050503e+02
      vertex   -2.842333e+01 -9.616495e+00 -1.100503e+02
      vertex   -2.849423e+01 -8.108699e+00 -1.100503e+02
    endloop
  endfacet
  facet normal 9.972750e-01 -7.377377e-02 -6.823968e-16
    outer loop
      vertex   -2.849423e+01 -8.108699e+00 -1.050503e+02
      vertex   -2.849423e+01 -8.108699e+00 -1.100503e+02
      vertex   -2.838287e+01 -6.603350e+00 -1.050503e+02
    endloop
  endfacet
  facet normal 9.972750e-01 -7.377377e-02 9.173398e-17
    outer loop
      vertex   -2.838287e+01 -6.603350e+00 -1.050503e+02
      vertex   -2.849423e+01 -8.108699e+00 -1.100503e+02
      vertex   -2.838287e+01 -6.603350e+00 -1.100503e+02
    endloop
  endfacet
  facet normal 9.811113e-01 -1.934441e-01 2.405380e-16
    outer loop
      vertex   -2.838287e+01 -6.603350e+00 -1.050503e+02
      vertex   -2.838287e+01 -6.603350e+00 -1.100503e+02
      vertex   -2.809088e+01 -5.122399e+00 -1.050503e+02
    endloop
  endfacet
  facet normal 9.811113e-01 -1.934441e-01 -6.971215e-16
    outer loop
      vertex   -2.809088e+01 -5.122399e+00 -1.050503e+02
      vertex   -2.838287e+01 -6.603350e+00 -1.100503e+02
      vertex   -2.809088e+01 -5.122399e+00 -1.100503e+02
    endloop
  endfacet
  facet normal 9.506408e-01 -3.102936e-01 -6.754709e-16
    outer loop
      vertex   -2.809088e+01 -5.122399e+00 -1.050503e+02
      vertex   -2.809088e+01 -5.122399e+00 -1.100503e+02
      vertex   -2.762250e+01 -3.687443e+00 -1.050503e+02
    endloop
  endfacet
  facet normal 9.506408e-01 -3.102936e-01 -2.896364e-16
    outer loop
      vertex   -2.762250e+01 -3.687443e+00 -1.050503e+02
      vertex   -2.809088e+01 -5.122399e+00 -1.100503e+02
      vertex   -2.762250e+01 -3.687443e+00 -1.100503e+02
    endloop
  endfacet
  facet normal 9.063078e-01 -4.226183e-01 -1.184658e-16
    outer loop
      vertex   -2.762250e+01 -3.687443e+00 -1.050503e+02
      vertex   -2.762250e+01 -3.687443e+00 -1.100503e+02
      vertex   -2.698457e+01 -2.319405e+00 -1.050503e+02
    endloop
  endfacet
  facet normal 9.063078e-01 -4.226183e-01 -1.935379e-16
    outer loop
      vertex   -2.698457e+01 -2.319405e+00 -1.050503e+02
      vertex   -2.762250e+01 -3.687443e+00 -1.100503e+02
      vertex   -2.698457e+01 -2.319405e+00 -1.100503e+02
    endloop
  endfacet
  facet normal 8.487588e-01 -5.287802e-01 -3.949796e-17
    outer loop
      vertex   -2.698457e+01 -2.319405e+00 -1.050503e+02
      vertex   -2.698457e+01 -2.319405e+00 -1.100503e+02
      vertex   -2.618640e+01 -1.038236e+00 -1.050503e+02
    endloop
  endfacet
  facet normal 8.487588e-01 -5.287802e-01 0.000000e+00
    outer loop
      vertex   -2.618640e+01 -1.038236e+00 -1.050503e+02
      vertex   -2.698457e+01 -2.319405e+00 -1.100503e+02
      vertex   -2.618640e+01 -1.038236e+00 -1.100503e+02
    endloop
  endfacet
  facet normal 7.788330e-01 -6.272314e-01 0.000000e+00
    outer loop
      vertex   -2.618640e+01 -1.038236e+00 -1.050503e+02
      vertex   -2.618640e+01 -1.038236e+00 -1.100503e+02
      vertex   -2.523962e+01 1.373833e-01 -1.050503e+02
    endloop
  endfacet
  facet normal 7.788330e-01 -6.272314e-01 0.000000e+00
    outer loop
      vertex   -2.523962e+01 1.373833e-01 -1.050503e+02
      vertex   -2.618640e+01 -1.038236e+00 -1.100503e+02
      vertex   -2.523962e+01 1.373833e-01 -1.100503e+02
    endloop
  endfacet
  facet normal 6.975500e-01 -7.165361e-01 0.000000e+00
    outer loop
      vertex   -2.523962e+01 1.373833e-01 -1.050503e+02
      vertex   -2.523962e+01 1.373833e-01 -1.100503e+02
      vertex   -2.415803e+01 1.190309e+00 -1.050503e+02
    endloop
  endfacet
  facet normal 6.975500e-01 -7.165361e-01 -4.503280e-16
    outer loop
      vertex   -2.415803e+01 1.190309e+00 -1.050503e+02
      vertex   -2.523962e+01 1.373833e-01 -1.100503e+02
      vertex   -2.415803e+01 1.190309e+00 -1.100503e+02
    endloop
  endfacet
  facet normal 6.060952e-01 -7.953921e-01 -2.608305e-16
    outer loop
      vertex   -2.415803e+01 1.190309e+00 -1.050503e+02
      vertex   -2.415803e+01 1.190309e+00 -1.100503e+02
      vertex   -2.295742e+01 2.105187e+00 -1.050503e+02
    endloop
  endfacet
  facet normal 6.060952e-01 -7.953921e-01 2.051486e-16
    outer loop
      vertex   -2.295742e+01 2.105187e+00 -1.050503e+02
      vertex   -2.415803e+01 1.190309e+00 -1.100503e+02
      vertex   -2.295742e+01 2.105187e+00 -1.100503e+02
    endloop
  endfacet
  facet normal 5.058022e-01 -8.626495e-01 3.301740e-16
    outer loop
      vertex   -2.295742e+01 2.105187e+00 -1.050503e+02
      vertex   -2.295742e+01 2.105187e+00 -1.100503e+02
      vertex   -2.165528e+01 2.868676e+00 -1.050503e+02
    endloop
  endfacet
  facet normal 5.058022e-01 -8.626495e-01 -5.291937e-17
    outer loop
      vertex   -2.165528e+01 2.868676e+00 -1.050503e+02
      vertex   -2.295742e+01 2.105187e+00 -1.100503e+02
      vertex   -2.165528e+01 2.868676e+00 -1.100503e+02
    endloop
  endfacet
  facet normal 3.981334e-01 -9.173275e-01 4.300943e-17
    outer loop
      vertex   -2.165528e+01 2.868676e+00 -1.050503e+02
      vertex   -2.165528e+01 2.868676e+00 -1.100503e+02
      vertex   -2.027061e+01 3.469644e+00 -1.050503e+02
    endloop
  endfacet
  facet normal 3.981334e-01 -9.173275e-01 -5.657816e-16
    outer loop
      vertex   -2.027061e+01 3.469644e+00 -1.050503e+02
      vertex   -2.165528e+01 2.868676e+00 -1.100503e+02
      vertex   -2.027061e+01 3.469644e+00 -1.100503e+02
    endloop
  endfacet
  facet normal 2.846589e-01 -9.586289e-01 -4.045247e-16
    outer loop
      vertex   -2.027061e+01 3.469644e+00 -1.050503e+02
      vertex   -2.027061e+01 3.469644e+00 -1.100503e+02
      vertex   -1.882360e+01 3.899325e+00 -1.050503e+02
    endloop
  endfacet
  facet normal 2.846589e-01 -9.586289e-01 -6.395126e-17
    outer loop
      vertex   -1.882360e+01 3.899325e+00 -1.050503e+02
      vertex   -2.027061e+01 3.469644e+00 -1.100503e+02
      vertex   -1.882360e+01 3.899325e+00 -1.100503e+02
    endloop
  endfacet
  facet normal 1.670335e-01 -9.859512e-01 1.129114e-16
    outer loop
      vertex   -1.882360e+01 3.899325e+00 -1.050503e+02
      vertex   -1.882360e+01 3.899325e+00 -1.100503e+02
      vertex   -1.733534e+01 4.151456e+00 -1.050503e+02
    endloop
  endfacet
  facet normal 1.670335e-01 -9.859512e-01 -1.186844e-16
    outer loop
      vertex   -1.733534e+01 4.151456e+00 -1.050503e+02
      vertex   -1.882360e+01 3.899325e+00 -1.100503e+02
      vertex   -1.733534e+01 4.151456e+00 -1.100503e+02
    endloop
  endfacet
  facet normal 4.697234e-02 -9.988962e-01 -3.337586e-17
    outer loop
      vertex   -1.733534e+01 4.151456e+00 -1.050503e+02
      vertex   -1.733534e+01 4.151456e+00 -1.100503e+02
      vertex   -1.582754e+01 4.222359e+00 -1.050503e+02
    endloop
  endfacet
  facet normal 4.697234e-02 -9.988962e-01 -2.275034e-16
    outer loop
      vertex   -1.582754e+01 4.222359e+00 -1.050503e+02
      vertex   -1.733534e+01 4.151456e+00 -1.100503e+02
      vertex   -1.582754e+01 4.222359e+00 -1.100503e+02
    endloop
  endfacet
  facet normal -7.377377e-02 -9.972750e-01 -9.852250e-17
    outer loop
      vertex   -1.582754e+01 4.222359e+00 -1.050503e+02
      vertex   -1.582754e+01 4.222359e+00 -1.100503e+02
      vertex   -1.432220e+01 4.111000e+00 -1.050503e+02
    endloop
  endfacet
  facet normal -7.377377e-02 -9.972750e-01 5.241942e-17
    outer loop
      vertex   -1.432220e+01 4.111000e+00 -1.050503e+02
      vertex   -1.582754e+01 4.222359e+00 -1.100503e+02
      vertex   -1.432220e+01 4.111000e+00 -1.100503e+02
    endloop
  endfacet
  facet normal -1.934441e-01 -9.811113e-01 1.374503e-16
    outer loop
      vertex   -1.432220e+01 4.111000e+00 -1.050503e+02
      vertex   -1.432220e+01 4.111000e+00 -1.100503e+02
      vertex   -1.284124e+01 3.819004e+00 -1.050503e+02
    endloop
  endfacet
  facet normal -1.934441e-01 -9.811113e-01 6.872515e-17
    outer loop
      vertex   -1.284124e+01 3.819004e+00 -1.050503e+02
      vertex   -1.432220e+01 4.111000e+00 -1.100503e+02
      vertex   -1.284124e+01 3.819004e+00 -1.100503e+02
    endloop
  endfacet
  facet normal -3.102936e-01 -9.506408e-01 1.102384e-16
    outer loop
      vertex   -1.284124e+01 3.819004e+00 -1.050503e+02
      vertex   -1.284124e+01 3.819004e+00 -1.100503e+02
      vertex   -1.140629e+01 3.350627e+00 -1.050503e+02
    endloop
  endfacet
  facet normal -3.102936e-01 -9.506408e-01 1.876521e-16
    outer loop
      vertex   -1.140629e+01 3.350627e+00 -1.050503e+02
      vertex   -1.284124e+01 3.819004e+00 -1.100503e+02
      vertex   -1.140629e+01 3.350627e+00 -1.100503e+02
    endloop
  endfacet
  facet normal -4.226183e-01 -9.063078e-01 3.590878e-16
    outer loop
      vertex   -1.140629e+01 3.350627e+00 -1.050503e+02
      vertex   -1.140629e+01 3.350627e+00 -1.100503e+02
      vertex   -1.003825e+01 2.712701e+00 -1.050503e+02
    endloop
  endfacet
  facet normal -4.226183e-01 -9.063078e-01 -2.631858e-16
    outer loop
      vertex   -1.003825e+01 2.712701e+00 -1.050503e+02
      vertex   -1.140629e+01 3.350627e+00 -1.100503e+02
      vertex   -1.003825e+01 2.712701e+00 -1.100503e+02
    endloop
  endfacet
  facet normal -5.287802e-01 -8.487588e-01 -1.519735e-16
    outer loop
      vertex   -1.003825e+01 2.712701e+00 -1.050503e+02
      vertex   -1.003825e+01 2.712701e+00 -1.100503e+02
      vertex   -8.757081e+00 1.914527e+00 -1.050503e+02
    endloop
  endfacet
  facet normal -5.287802e-01 -8.487588e-01 1.878605e-16
    outer loop
      vertex   -8.757081e+00 1.914527e+00 -1.050503e+02
      vertex   -1.003825e+01 2.712701e+00 -1.100503e+02
      vertex   -8.757081e+00 1.914527e+00 -1.100503e+02
    endloop
  endfacet
  facet normal -6.272314e-01 -7.788330e-01 2.228374e-16
    outer loop
      vertex   -8.757081e+00 1.914527e+00 -1.050503e+02
      vertex   -8.757081e+00 1.914527e+00 -1.100503e+02
      vertex   -7.581462e+00 9.677449e-01 -1.050503e+02
    endloop
  endfacet
  facet normal -6.272314e-01 -7.788330e-01 8.818812e-17
    outer loop
      vertex   -7.581462e+00 9.677449e-01 -1.050503e+02
      vertex   -8.757081e+00 1.914527e+00 -1.100503e+02
      vertex   -7.581462e+00 9.677449e-01 -1.100503e+02
    endloop
  endfacet
  facet normal -7.165361e-01 -6.975500e-01 2.714278e-16
    outer loop
      vertex   -7.581462e+00 9.677449e-01 -1.050503e+02
      vertex   -7.581462e+00 9.677449e-01 -1.100503e+02
      vertex   -6.528536e+00 -1.138394e-01 -1.050503e+02
    endloop
  endfacet
  facet normal -7.165361e-01 -6.975500e-01 1.219115e-16
    outer loop
      vertex   -6.528536e+00 -1.138394e-01 -1.050503e+02
      vertex   -7.581462e+00 9.677449e-01 -1.100503e+02
      vertex   -6.528536e+00 -1.138394e-01 -1.100503e+02
    endloop
  endfacet
  facet normal -7.953921e-01 -6.060952e-01 2.287097e-16
    outer loop
      vertex   -6.528536e+00 -1.138394e-01 -1.050503e+02
      vertex   -6.528536e+00 -1.138394e-01 -1.100503e+02
      vertex   -5.613658e+00 -1.314454e+00 -1.050503e+02
    endloop
  endfacet
  facet normal -7.953921e-01 -6.060952e-01 6.930304e-16
    outer loop
      vertex   -5.613658e+00 -1.314454e+00 -1.050503e+02
      vertex   -6.528536e+00 -1.138394e-01 -1.100503e+02
      vertex   -5.613658e+00 -1.314454e+00 -1.100503e+02
    endloop
  endfacet
  facet normal -8.626495e-01 -5.058022e-01 6.843333e-16
    outer loop
      vertex   -5.613658e+00 -1.314454e+00 -1.050503e+02
      vertex   -5.613658e+00 -1.314454e+00 -1.100503e+02
      vertex   -4.850169e+00 -2.616591e+00 -1.050503e+02
    endloop
  endfacet
  facet normal -8.626495e-01 -5.058022e-01 2.893402e-17
    outer loop
      vertex   -4.850169e+00 -2.616591e+00 -1.050503e+02
      vertex   -5.613658e+00 -1.314454e+00 -1.100503e+02
      vertex   -4.850169e+00 -2.616591e+00 -1.100503e+02
    endloop
  endfacet
  facet normal -9.173275e-01 -3.981334e-01 1.921029e-16
    outer loop
      vertex   -4.850169e+00 -2.616591e+00 -1.050503e+02
      vertex   -4.850169e+00 -2.616591e+00 -1.100503e+02
      vertex   -4.249202e+00 -4.001262e+00 -1.050503e+02
    endloop
  endfacet
  facet normal -9.173275e-01 -3.981334e-01 3.259002e-16
    outer loop
      vertex   -4.249202e+00 -4.001262e+00 -1.050503e+02
      vertex   -4.850169e+00 -2.616591e+00 -1.100503e+02
      vertex   -4.249202e+00 -4.001262e+00 -1.100503e+02
    endloop
  endfacet
  facet normal -9.586289e-01 -2.846589e-01 3.405734e-16
    outer loop
      vertex   -4.249202e+00 -4.001262e+00 -1.050503e+02
      vertex   -4.249202e+00 -4.001262e+00 -1.100503e+02
      vertex   -3.819520e+00 -5.448277e+00 -1.050503e+02
    endloop
  endfacet
  facet normal -9.586289e-01 -2.846589e-01 3.963432e-16
    outer loop
      vertex   -3.819520e+00 -5.448277e+00 -1.050503e+02
      vertex   -4.249202e+00 -4.001262e+00 -1.100503e+02
      vertex   -3.819520e+00 -5.448277e+00 -1.100503e+02
    endloop
  endfacet
  facet normal -9.859512e-01 -1.670335e-01 6.086606e-16
    outer loop
      vertex   -3.819520e+00 -5.448277e+00 -1.050503e+02
      vertex   -3.819520e+00 -5.448277e+00 -1.100503e+02
      vertex   -3.567389e+00 -6.936533e+00 -1.050503e+02
    endloop
  endfacet
  facet normal -9.859512e-01 -1.670335e-01 3.785081e-16
    outer loop
      vertex   -3.567389e+00 -6.936533e+00 -1.050503e+02
      vertex   -3.819520e+00 -5.448277e+00 -1.100503e+02
      vertex   -3.567389e+00 -6.936533e+00 -1.100503e+02
    endloop
  endfacet
  facet normal -9.988962e-01 -4.697234e-02 4.269111e-16
    outer loop
      vertex   -3.567389e+00 -6.936533e+00 -1.050503e+02
      vertex   -3.567389e+00 -6.936533e+00 -1.100503e+02
      vertex   -3.496486e+00 -8.444329e+00 -1.050503e+02
    endloop
  endfacet
  facet normal -9.988962e-01 -4.697234e-02 4.435990e-16
    outer loop
      vertex   -3.496486e+00 -8.444329e+00 -1.050503e+02
      vertex   -3.567389e+00 -6.936533e+00 -1.100503e+02
      vertex   -3.496486e+00 -8.444329e+00 -1.100503e+02
    endloop
  endfacet
  facet normal -9.972750e-01 7.377377e-02 4.428791e-16
    outer loop
      vertex   -3.496486e+00 -8.444329e+00 -1.050503e+02
      vertex   -3.496486e+00 -8.444329e+00 -1.100503e+02
      vertex   -3.607845e+00 -9.949678e+00 -1.050503e+02
    endloop
  endfacet
  facet normal -9.972750e-01 7.377377e-02 5.215082e-16
    outer loop
      vertex   -3.607845e+00 -9.949678e+00 -1.050503e+02
      vertex   -3.496486e+00 -8.444329e+00 -1.100503e+02
      vertex   -3.607845e+00 -9.949678e+00 -1.100503e+02
    endloop
  endfacet
  facet normal -9.811113e-01 1.934441e-01 6.418764e-16
    outer loop
      vertex   -3.607845e+00 -9.949678e+00 -1.050503e+02
      vertex   -3.607845e+00 -9.949678e+00 -1.100503e+02
      vertex   -3.899841e+00 -1.143063e+01 -1.050503e+02
    endloop
  endfacet
  facet normal -9.811113e-01 1.934441e-01 4.357009e-16
    outer loop
      vertex   -3.899841e+00 -1.143063e+01 -1.050503e+02
      vertex   -3.607845e+00 -9.949678e+00 -1.100503e+02
      vertex   -3.899841e+00 -1.143063e+01 -1.100503e+02
    endloop
  endfacet
  facet normal -9.506408e-01 3.102936e-01 4.221693e-16
    outer loop
      vertex   -3.899841e+00 -1.143063e+01 -1.050503e+02
      vertex   -3.899841e+00 -1.143063e+01 -1.100503e+02
      vertex   -4.368218e+00 -1.286559e+01 -1.050503e+02
    endloop
  endfacet
  facet normal -9.506408e-01 3.102936e-01 1.548273e-16
    outer loop
      vertex   -4.368218e+00 -1.286559e+01 -1.050503e+02
      vertex   -3.899841e+00 -1.143063e+01 -1.100503e+02
      vertex   -4.368218e+00 -1.286559e+01 -1.100503e+02
    endloop
  endfacet
  facet normal -9.063078e-01 4.226183e-01 4.178872e-16
    outer loop
      vertex   -4.368218e+00 -1.286559e+01 -1.050503e+02
      vertex   -4.368218e+00 -1.286559e+01 -1.100503e+02
      vertex   -5.006144e+00 -1.423362e+01 -1.050503e+02
    endloop
  endfacet
  facet normal -9.063078e-01 4.226183e-01 6.005767e-16
    outer loop
      vertex   -5.006144e+00 -1.423362e+01 -1.050503e+02
      vertex   -4.368218e+00 -1.286559e+01 -1.100503e+02
      vertex   -5.006144e+00 -1.423362e+01 -1.100503e+02
    endloop
  endfacet
  facet normal -8.487588e-01 5.287802e-01 7.514419e-16
    outer loop
      vertex   -5.006144e+00 -1.423362e+01 -1.050503e+02
      vertex   -5.006144e+00 -1.423362e+01 -1.100503e+02
      vertex   -5.804318e+00 -1.551479e+01 -1.050503e+02
    endloop
  endfacet
  facet normal -8.487588e-01 5.287802e-01 7.538492e-16
    outer loop
      vertex   -5.804318e+00 -1.551479e+01 -1.050503e+02
      vertex   -5.006144e+00 -1.423362e+01 -1.100503e+02
      vertex   -5.804318e+00 -1.551479e+01 -1.100503e+02
    endloop
  endfacet
  facet normal -7.788330e-01 6.272314e-01 6.917426e-16
    outer loop
      vertex   -5.804318e+00 -1.551479e+01 -1.050503e+02
      vertex   -5.804318e+00 -1.551479e+01 -1.100503e+02
      vertex   -6.751100e+00 -1.669041e+01 -1.050503e+02
    endloop
  endfacet
  facet normal -7.788330e-01 6.272314e-01 4.456747e-16
    outer loop
      vertex   -6.751100e+00 -1.669041e+01 -1.050503e+02
      vertex   -5.804318e+00 -1.551479e+01 -1.100503e+02
      vertex   -6.751100e+00 -1.669041e+01 -1.100503e+02
    endloop
  endfacet
  facet normal -6.975500e-01 7.165361e-01 5.091295e-16
    outer loop
      vertex   -6.751100e+00 -1.669041e+01 -1.050503e+02
      vertex   -6.751100e+00 -1.669041e+01 -1.100503e+02
      vertex   -7.832684e+00 -1.774334e+01 -1.050503e+02
    endloop
  endfacet
  facet normal -6.975500e-01 7.165361e-01 2.478195e-16
    outer loop
      vertex   -7.832684e+00 -1.774334e+01 -1.050503e+02
      vertex   -6.751100e+00 -1.669041e+01 -1.100503e+02
      vertex   -7.832684e+00 -1.774334e+01 -1.100503e+02
    endloop
  endfacet
  facet normal -6.060952e-01 7.953921e-01 2.153283e-16
    outer loop
      vertex   -7.832684e+00 -1.774334e+01 -1.050503e+02
      vertex   -7.832684e+00 -1.774334e+01 -1.100503e+02
      vertex   -9.033299e+00 -1.865822e+01 -1.050503e+02
    endloop
  endfacet
  facet normal -6.060952e-01 7.953921e-01 -8.082471e-17
    outer loop
      vertex   -9.033299e+00 -1.865822e+01 -1.050503e+02
      vertex   -7.832684e+00 -1.774334e+01 -1.100503e+02
      vertex   -9.033299e+00 -1.865822e+01 -1.100503e+02
    endloop
  endfacet
  facet normal -5.058022e-01 8.626495e-01 7.385828e-17
    outer loop
      vertex   -9.033299e+00 -1.865822e+01 -1.050503e+02
      vertex   -9.033299e+00 -1.865822e+01 -1.100503e+02
      vertex   -1.033544e+01 -1.942170e+01 -1.050503e+02
    endloop
  endfacet
  facet normal -5.058022e-01 8.626495e-01 6.129493e-16
    outer loop
      vertex   -1.033544e+01 -1.942170e+01 -1.050503e+02
      vertex   -9.033299e+00 -1.865822e+01 -1.100503e+02
      vertex   -1.033544e+01 -1.942170e+01 -1.100503e+02
    endloop
  endfacet
  facet normal 4.725291e-01 -8.813151e-01 -6.958105e-16
    outer loop
      vertex   -4.071748e+01 -4.488805e+01 -1.190503e+02
      vertex   -1.877226e+01 -3.312181e+01 -1.190503e+02
      vertex   -4.071748e+01 -4.488805e+01 -1.100505e+02
    endloop
  endfacet
  facet normal 4.725291e-01 -8.813151e-01 -1.014586e-15
    outer loop
      vertex   -4.071748e+01 -4.488805e+01 -1.100505e+02
      vertex   -1.877226e+01 -3.312181e+01 -1.190503e+02
      vertex   -1.877226e+01 -3.312181e+01 -1.100503e+02
    endloop
  endfacet
  facet normal 4.725291e-01 -8.813151e-01 4.020015e-11
    outer loop
      vertex   -4.071748e+01 -4.488805e+01 -1.100505e+02
      vertex   -1.877226e+01 -3.312181e+01 -1.100503e+02
      vertex   -4.071748e+01 -4.488805e+01 -1.100503e+02
    endloop
  endfacet
  facet normal 0.000000e+00 0.000000e+00 1.000000e+00
    outer loop
      vertex   -1.033544e+01 -1.942170e+01 -1.100503e+02
      vertex   -1.423620e+01 -1.621406e+01 -1.100503e+02
      vertex   -1.172011e+01 -2.002267e+01 -1.100503e+02
    endloop
  endfacet
  facet normal 0.000000e+00 0.000000e+00 1.000000e+00
    outer loop
      vertex   -1.172011e+01 -2.002267e+01 -1.100503e+02
      vertex   -1.423620e+01 -1.621406e+01 -1.100503e+02
      vertex   -1.452490e+01 -1.647861e+01 -1.100503e+02
    endloop
  endfacet
  facet normal 0.000000e+00 0.000000e+00 1.000000e+00
    outer loop
      vertex   -1.172011e+01 -2.002267e+01 -1.100503e+02
      vertex   -1.452490e+01 -1.647861e+01 -1.100503e+02
      vertex   -1.316712e+01 -2.045235e+01 -1.100503e+02
    endloop
  endfacet
  facet normal 0.000000e+00 0.000000e+00 1.000000e+00
    outer loop
      vertex   -1.316712e+01 -2.045235e+01 -1.100503e+02
      vertex   -1.452490e+01 -1.647861e+01 -1.100503e+02
      vertex   -1.487224e+01 -1.665942e+01 -1.100503e+02
    endloop
  endfacet
  facet normal 0.000000e+00 0.000000e+00 1.000000e+00
    outer loop
      vertex   -1.316712e+01 -2.045235e+01 -1.100503e+02
      vertex   -1.487224e+01 -1.665942e+01 -1.100503e+02
      vertex   -1.465538e+01 -2.070448e+01 -1.100503e+02
    endloop
  endfacet
  facet normal 0.000000e+00 0.000000e+00 1.000000e+00
    outer loop
      vertex   -1.465538e+01 -2.070448e+01 -1.100503e+02
      vertex   -1.487224e+01 -1.665942e+01 -1.100503e+02
      vertex   -1.525454e+01 -1.674417e+01 -1.100503e+02
    endloop
  endfacet
  facet normal 0.000000e+00 0.000000e+00 1.000000e+00
    outer loop
      vertex   -1.465538e+01 -2.070448e+01 -1.100503e+02
      vertex   -1.525454e+01 -1.674417e+01 -1.100503e+02
      vertex   -1.616317e+01 -2.077539e+01 -1.100503e+02
    endloop
  endfacet
  facet normal 0.000000e+00 0.000000e+00 1.000000e+00
    outer loop
      vertex   -1.616317e+01 -2.077539e+01 -1.100503e+02
      vertex   -1.525454e+01 -1.674417e+01 -1.100503e+02
      vertex   -1.564574e+01 -1.672709e+01 -1.100503e+02
    endloop
  endfacet
  facet normal 0.000000e+00 0.000000e+00 1.000000e+00
    outer loop
      vertex   -1.616317e+01 -2.077539e+01 -1.100503e+02
      vertex   -1.564574e+01 -1.672709e+01 -1.100503e+02
      vertex   -1.601920e+01 -1.660934e+01 -1.100503e+02
    endloop
  endfacet
  facet normal 0.000000e+00 0.000000e+00 1.000000e+00
    outer loop
      vertex   -9.033299e+00 -1.865822e+01 -1.100503e+02
      vertex   -1.390806e+01 -1.551035e+01 -1.100503e+02
      vertex   -1.033544e+01 -1.942170e+01 -1.100503e+02
    endloop
  endfacet
  facet normal 0.000000e+00 0.000000e+00 1.000000e+00
    outer loop
      vertex   -1.033544e+01 -1.942170e+01 -1.100503e+02
      vertex   -1.390806e+01 -1.551035e+01 -1.100503e+02
      vertex   -1.402581e+01 -1.588380e+01 -1.100503e+02
    endloop
  endfacet
  facet normal 0.000000e+00 0.000000e+00 1.000000e+00
    outer loop
      vertex   -1.033544e+01 -1.942170e+01 -1.100503e+02
      vertex   -1.402581e+01 -1.588380e+01 -1.100503e+02
      vertex   -1.423620e+01 -1.621406e+01 -1.100503e+02
    endloop
  endfacet
  facet normal 0.000000e+00 -0.000000e+00 1.000000e+00
    outer loop
      vertex   -9.033299e+00 -1.865822e+01 -1.100503e+02
      vertex   -7.832684e+00 -1.774334e+01 -1.100503e+02
      vertex   -1.390806e+01 -1.551035e+01 -1.100503e+02
    endloop
  endfacet
  facet normal -0.000000e+00 0.000000e+00 1.000000e+00
    outer loop
      vertex   -1.390806e+01 -1.551035e+01 -1.100503e+02
      vertex   -7.832684e+00 -1.774334e+01 -1.100503e+02
      vertex   -1.389098e+01 -1.511914e+01 -1.100503e+02
    endloop
  endfacet
  facet normal 0.000000e+00 0.000000e+00 1.000000e+00
    outer loop
      vertex   -1.389098e+01 -1.511914e+01 -1.100503e+02
      vertex   -7.832684e+00 -1.774334e+01 -1.100503e+02
      vertex   -6.751100e+00 -1.669041e+01 -1.100503e+02
    endloop
  endfacet
  facet normal -0.000000e+00 -0.000000e+00 1.000000e+00
    outer loop
      vertex   -1.389098e+01 -1.511914e+01 -1.100503e+02
      vertex   -6.751100e+00 -1.669041e+01 -1.100503e+02
      vertex   -1.397573e+01 -1.473685e+01 -1.100503e+02
    endloop
  endfacet
  facet normal -0.000000e+00 0.000000e+00 1.000000e+00
    outer loop
      vertex   -1.397573e+01 -1.473685e+01 -1.100503e+02
      vertex   -6.751100e+00 -1.669041e+01 -1.100503e+02
      vertex   -9.282469e+00 -9.143636e+00 -1.100503e+02
    endloop
  endfacet
  facet normal 0.000000e+00 -0.000000e+00 1.000000e+00
    outer loop
      vertex   -1.397573e+01 -1.473685e+01 -1.100503e+02
      vertex   -9.282469e+00 -9.143636e+00 -1.100503e+02
      vertex   -1.415654e+01 -1.438951e+01 -1.100503e+02
    endloop
  endfacet
  facet normal 0.000000e+00 0.000000e+00 1.000000e+00
    outer loop
      vertex   -1.415654e+01 -1.438951e+01 -1.100503e+02
      vertex   -9.282469e+00 -9.143636e+00 -1.100503e+02
      vertex   -9.655924e+00 -9.025886e+00 -1.100503e+02
    endloop
  endfacet
  facet normal 0.000000e+00 -0.000000e+00 1.000000e+00
    outer loop
      vertex   -1.415654e+01 -1.438951e+01 -1.100503e+02
      vertex   -9.655924e+00 -9.025886e+00 -1.100503e+02
      vertex   -1.442109e+01 -1.410081e+01 -1.100503e+02
    endloop
  endfacet
  facet normal 0.000000e+00 0.000000e+00 1.000000e+00
    outer loop
      vertex   -1.442109e+01 -1.410081e+01 -1.100503e+02
      vertex   -9.655924e+00 -9.025886e+00 -1.100503e+02
      vertex   -9.986178e+00 -8.815491e+00 -1.100503e+02
    endloop
  endfacet
  facet normal 0.000000e+00 -0.000000e+00 1.000000e+00
    outer loop
      vertex   -1.442109e+01 -1.410081e+01 -1.100503e+02
      vertex   -9.986178e+00 -8.815491e+00 -1.100503e+02
      vertex   -1.563178e+01 -1.243221e+01 -1.100503e+02
    endloop
  endfacet
  facet normal 0.000000e+00 0.000000e+00 1.000000e+00
    outer loop
      vertex   -1.563178e+01 -1.243221e+01 -1.100503e+02
      vertex   -9.986178e+00 -8.815491e+00 -1.100503e+02
      vertex   -1.183966e+01 -7.912938e+00 -1.100503e+02
    endloop
  endfacet
  facet normal 0.000000e+00 0.000000e+00 1.000000e+00
    outer loop
      vertex   -1.183966e+01 -7.912938e+00 -1.100503e+02
      vertex   -9.986178e+00 -8.815491e+00 -1.100503e+02
      vertex   -1.025072e+01 -8.526789e+00 -1.100503e+02
    endloop
  endfacet
  facet normal 0.000000e+00 0.000000e+00 1.000000e+00
    outer loop
      vertex   -1.183966e+01 -7.912938e+00 -1.100503e+02
      vertex   -1.025072e+01 -8.526789e+00 -1.100503e+02
      vertex   -1.043154e+01 -8.179454e+00 -1.100503e+02
    endloop
  endfacet
  facet normal 0.000000e+00 -0.000000e+00 1.000000e+00
    outer loop
      vertex   -6.751100e+00 -1.669041e+01 -1.100503e+02
      vertex   -5.804318e+00 -1.551479e+01 -1.100503e+02
      vertex   -9.282469e+00 -9.143636e+00 -1.100503e+02
    endloop
  endfacet
  facet normal 0.000000e+00 0.000000e+00 1.000000e+00
    outer loop
      vertex   -9.282469e+00 -9.143636e+00 -1.100503e+02
      vertex   -5.804318e+00 -1.551479e+01 -1.100503e+02
      vertex   -8.891263e+00 -9.160716e+00 -1.100503e+02
    endloop
  endfacet
  facet normal 0.000000e+00 0.000000e+00 1.000000e+00
    outer loop
      vertex   -8.891263e+00 -9.160716e+00 -1.100503e+02
      vertex   -5.804318e+00 -1.551479e+01 -1.100503e+02
      vertex   -5.006144e+00 -1.423362e+01 -1.100503e+02
    endloop
  endfacet
  facet normal -0.000000e+00 0.000000e+00 1.000000e+00
    outer loop
      vertex   -8.891263e+00 -9.160716e+00 -1.100503e+02
      vertex   -5.006144e+00 -1.423362e+01 -1.100503e+02
      vertex   -8.508966e+00 -9.075963e+00 -1.100503e+02
    endloop
  endfacet
  facet normal 0.000000e+00 0.000000e+00 1.000000e+00
    outer loop
      vertex   -8.508966e+00 -9.075963e+00 -1.100503e+02
      vertex   -5.006144e+00 -1.423362e+01 -1.100503e+02
      vertex   -4.368218e+00 -1.286559e+01 -1.100503e+02
    endloop
  endfacet
  facet normal -0.000000e+00 0.000000e+00 1.000000e+00
    outer loop
      vertex   -8.508966e+00 -9.075963e+00 -1.100503e+02
      vertex   -4.368218e+00 -1.286559e+01 -1.100503e+02
      vertex   -8.161632e+00 -8.895152e+00 -1.100503e+02
    endloop
  endfacet
  facet normal 0.000000e+00 0.000000e+00 1.000000e+00
    outer loop
      vertex   -8.161632e+00 -8.895152e+00 -1.100503e+02
      vertex   -4.368218e+00 -1.286559e+01 -1.100503e+02
      vertex   -3.899841e+00 -1.143063e+01 -1.100503e+02
    endloop
  endfacet
  facet normal -0.000000e+00 0.000000e+00 1.000000e+00
    outer loop
      vertex   -8.161632e+00 -8.895152e+00 -1.100503e+02
      vertex   -3.899841e+00 -1.143063e+01 -1.100503e+02
      vertex   -7.872930e+00 -8.630605e+00 -1.100503e+02
    endloop
  endfacet
  facet normal 0.000000e+00 0.000000e+00 1.000000e+00
    outer loop
      vertex   -7.872930e+00 -8.630605e+00 -1.100503e+02
      vertex   -3.899841e+00 -1.143063e+01 -1.100503e+02
      vertex   -3.607845e+00 -9.949678e+00 -1.100503e+02
    endloop
  endfacet
  facet normal -0.000000e+00 0.000000e+00 1.000000e+00
    outer loop
      vertex   -7.872930e+00 -8.630605e+00 -1.100503e+02
      vertex   -3.607845e+00 -9.949678e+00 -1.100503e+02
      vertex   -7.662535e+00 -8.300351e+00 -1.100503e+02
    endloop
  endfacet
  facet normal 0.000000e+00 0.000000e+00 1.000000e+00
    outer loop
      vertex   -7.662535e+00 -8.300351e+00 -1.100503e+02
      vertex   -3.607845e+00 -9.949678e+00 -1.100503e+02
      vertex   -3.496486e+00 -8.444329e+00 -1.100503e+02
    endloop
  endfacet
  facet normal -0.000000e+00 0.000000e+00 1.000000e+00
    outer loop
      vertex   -7.662535e+00 -8.300351e+00 -1.100503e+02
      vertex   -3.496486e+00 -8.444329e+00 -1.100503e+02
      vertex   -7.544785e+00 -7.926896e+00 -1.100503e+02
    endloop
  endfacet
  facet normal -0.000000e+00 0.000000e+00 1.000000e+00
    outer loop
      vertex   -7.544785e+00 -7.926896e+00 -1.100503e+02
      vertex   -3.496486e+00 -8.444329e+00 -1.100503e+02
      vertex   -7.527704e+00 -7.535690e+00 -1.100503e+02
    endloop
  endfacet
  facet normal -0.000000e+00 0.000000e+00 1.000000e+00
    outer loop
      vertex   -7.527704e+00 -7.535690e+00 -1.100503e+02
      vertex   -3.496486e+00 -8.444329e+00 -1.100503e+02
      vertex   -3.567389e+00 -6.936533e+00 -1.100503e+02
    endloop
  endfacet
  facet normal 0.000000e+00 -0.000000e+00 1.000000e+00
    outer loop
      vertex   -7.527704e+00 -7.535690e+00 -1.100503e+02
      vertex   -3.567389e+00 -6.936533e+00 -1.100503e+02
      vertex   -7.612457e+00 -7.153394e+00 -1.100503e+02
    endloop
  endfacet
  facet normal 0.000000e+00 0.000000e+00 1.000000e+00
    outer loop
      vertex   -7.612457e+00 -7.153394e+00 -1.100503e+02
      vertex   -3.567389e+00 -6.936533e+00 -1.100503e+02
      vertex   -3.819520e+00 -5.448277e+00 -1.100503e+02
    endloop
  endfacet
  facet normal 0.000000e+00 -0.000000e+00 1.000000e+00
    outer loop
      vertex   -7.612457e+00 -7.153394e+00 -1.100503e+02
      vertex   -3.819520e+00 -5.448277e+00 -1.100503e+02
      vertex   -7.793268e+00 -6.806059e+00 -1.100503e+02
    endloop
  endfacet
  facet normal 0.000000e+00 0.000000e+00 1.000000e+00
    outer loop
      vertex   -7.793268e+00 -6.806059e+00 -1.100503e+02
      vertex   -3.819520e+00 -5.448277e+00 -1.100503e+02
      vertex   -4.249202e+00 -4.001262e+00 -1.100503e+02
    endloop
  endfacet
  facet normal 0.000000e+00 -0.000000e+00 1.000000e+00
    outer loop
      vertex   -7.793268e+00 -6.806059e+00 -1.100503e+02
      vertex   -4.249202e+00 -4.001262e+00 -1.100503e+02
      vertex   -8.057815e+00 -6.517357e+00 -1.100503e+02
    endloop
  endfacet
  facet normal 0.000000e+00 0.000000e+00 1.000000e+00
    outer loop
      vertex   -8.057815e+00 -6.517357e+00 -1.100503e+02
      vertex   -4.249202e+00 -4.001262e+00 -1.100503e+02
      vertex   -4.850169e+00 -2.616591e+00 -1.100503e+02
    endloop
  endfacet
  facet normal 0.000000e+00 -0.000000e+00 1.000000e+00
    outer loop
      vertex   -8.057815e+00 -6.517357e+00 -1.100503e+02
      vertex   -4.850169e+00 -2.616591e+00 -1.100503e+02
      vertex   -8.388069e+00 -6.306962e+00 -1.100503e+02
    endloop
  endfacet
  facet normal 0.000000e+00 -0.000000e+00 1.000000e+00
    outer loop
      vertex   -8.388069e+00 -6.306962e+00 -1.100503e+02
      vertex   -4.850169e+00 -2.616591e+00 -1.100503e+02
      vertex   -8.761524e+00 -6.189212e+00 -1.100503e+02
    endloop
  endfacet
  facet normal 0.000000e+00 0.000000e+00 1.000000e+00
    outer loop
      vertex   -8.761524e+00 -6.189212e+00 -1.100503e+02
      vertex   -4.850169e+00 -2.616591e+00 -1.100503e+02
      vertex   -5.613658e+00 -1.314454e+00 -1.100503e+02
    endloop
  endfacet
  facet normal 0.000000e+00 0.000000e+00 1.000000e+00
    outer loop
      vertex   -8.761524e+00 -6.189212e+00 -1.100503e+02
      vertex   -5.613658e+00 -1.314454e+00 -1.100503e+02
      vertex   -6.528536e+00 -1.138394e-01 -1.100503e+02
    endloop
  endfacet
  facet normal 0.000000e+00 -0.000000e+00 1.000000e+00
    outer loop
      vertex   -8.761524e+00 -6.189212e+00 -1.100503e+02
      vertex   -6.528536e+00 -1.138394e-01 -1.100503e+02
      vertex   -9.152730e+00 -6.172132e+00 -1.100503e+02
    endloop
  endfacet
  facet normal 0.000000e+00 0.000000e+00 1.000000e+00
    outer loop
      vertex   -9.152730e+00 -6.172132e+00 -1.100503e+02
      vertex   -6.528536e+00 -1.138394e-01 -1.100503e+02
      vertex   -7.581462e+00 9.677449e-01 -1.100503e+02
    endloop
  endfacet
  facet normal 0.000000e+00 -0.000000e+00 1.000000e+00
    outer loop
      vertex   -9.152730e+00 -6.172132e+00 -1.100503e+02
      vertex   -7.581462e+00 9.677449e-01 -1.100503e+02
      vertex   -9.535027e+00 -6.256885e+00 -1.100503e+02
    endloop
  endfacet
  facet normal 0.000000e+00 -0.000000e+00 1.000000e+00
    outer loop
      vertex   -9.535027e+00 -6.256885e+00 -1.100503e+02
      vertex   -7.581462e+00 9.677449e-01 -1.100503e+02
      vertex   -1.512824e+01 -1.563624e+00 -1.100503e+02
    endloop
  endfacet
  facet normal 0.000000e+00 0.000000e+00 1.000000e+00
    outer loop
      vertex   -9.535027e+00 -6.256885e+00 -1.100503e+02
      vertex   -1.512824e+01 -1.563624e+00 -1.100503e+02
      vertex   -9.882361e+00 -6.437696e+00 -1.100503e+02
    endloop
  endfacet
  facet normal 0.000000e+00 0.000000e+00 1.000000e+00
    outer loop
      vertex   -9.882361e+00 -6.437696e+00 -1.100503e+02
      vertex   -1.512824e+01 -1.563624e+00 -1.100503e+02
      vertex   -1.524599e+01 -1.937079e+00 -1.100503e+02
    endloop
  endfacet
  facet normal 0.000000e+00 0.000000e+00 1.000000e+00
    outer loop
      vertex   -9.882361e+00 -6.437696e+00 -1.100503e+02
      vertex   -1.524599e+01 -1.937079e+00 -1.100503e+02
      vertex   -1.017106e+01 -6.702243e+00 -1.100503e+02
    endloop
  endfacet
  facet normal 0.000000e+00 0.000000e+00 1.000000e+00
    outer loop
      vertex   -1.017106e+01 -6.702243e+00 -1.100503e+02
      vertex   -1.524599e+01 -1.937079e+00 -1.100503e+02
      vertex   -1.545638e+01 -2.267333e+00 -1.100503e+02
    endloop
  endfacet
  facet normal 0.000000e+00 0.000000e+00 1.000000e+00
    outer loop
      vertex   -1.017106e+01 -6.702243e+00 -1.100503e+02
      vertex   -1.545638e+01 -2.267333e+00 -1.100503e+02
      vertex   -1.183966e+01 -7.912938e+00 -1.100503e+02
    endloop
  endfacet
  facet normal 0.000000e+00 0.000000e+00 1.000000e+00
    outer loop
      vertex   -1.183966e+01 -7.912938e+00 -1.100503e+02
      vertex   -1.545638e+01 -2.267333e+00 -1.100503e+02
      vertex   -1.635894e+01 -4.120815e+00 -1.100503e+02
    endloop
  endfacet
  facet normal 0.000000e+00 0.000000e+00 1.000000e+00
    outer loop
      vertex   -1.635894e+01 -4.120815e+00 -1.100503e+02
      vertex   -1.545638e+01 -2.267333e+00 -1.100503e+02
      vertex   -1.574508e+01 -2.531879e+00 -1.100503e+02
    endloop
  endfacet
  facet normal 0.000000e+00 0.000000e+00 1.000000e+00
    outer loop
      vertex   -1.635894e+01 -4.120815e+00 -1.100503e+02
      vertex   -1.574508e+01 -2.531879e+00 -1.100503e+02
      vertex   -1.609242e+01 -2.712690e+00 -1.100503e+02
    endloop
  endfacet
  facet normal 0.000000e+00 0.000000e+00 1.000000e+00
    outer loop
      vertex   -7.581462e+00 9.677449e-01 -1.100503e+02
      vertex   -8.757081e+00 1.914527e+00 -1.100503e+02
      vertex   -1.512824e+01 -1.563624e+00 -1.100503e+02
    endloop
  endfacet
  facet normal 0.000000e+00 0.000000e+00 1.000000e+00
    outer loop
      vertex   -1.512824e+01 -1.563624e+00 -1.100503e+02
      vertex   -8.757081e+00 1.914527e+00 -1.100503e+02
      vertex   -1.511116e+01 -1.172418e+00 -1.100503e+02
    endloop
  endfacet
  facet normal 0.000000e+00 0.000000e+00 1.000000e+00
    outer loop
      vertex   -1.511116e+01 -1.172418e+00 -1.100503e+02
      vertex   -8.757081e+00 1.914527e+00 -1.100503e+02
      vertex   -1.003825e+01 2.712701e+00 -1.100503e+02
    endloop
  endfacet
  facet normal 0.000000e+00 -0.000000e+00 1.000000e+00
    outer loop
      vertex   -1.511116e+01 -1.172418e+00 -1.100503e+02
      vertex   -1.003825e+01 2.712701e+00 -1.100503e+02
      vertex   -1.519591e+01 -7.901211e-01 -1.100503e+02
    endloop
  endfacet
  facet normal 0.000000e+00 0.000000e+00 1.000000e+00
    outer loop
      vertex   -1.519591e+01 -7.901211e-01 -1.100503e+02
      vertex   -1.003825e+01 2.712701e+00 -1.100503e+02
      vertex   -1.140629e+01 3.350627e+00 -1.100503e+02
    endloop
  endfacet
  facet normal 0.000000e+00 -0.000000e+00 1.000000e+00
    outer loop
      vertex   -1.519591e+01 -7.901211e-01 -1.100503e+02
      vertex   -1.140629e+01 3.350627e+00 -1.100503e+02
      vertex   -1.537672e+01 -4.427867e-01 -1.100503e+02
    endloop
  endfacet
  facet normal 0.000000e+00 0.000000e+00 1.000000e+00
    outer loop
      vertex   -1.537672e+01 -4.427867e-01 -1.100503e+02
      vertex   -1.140629e+01 3.350627e+00 -1.100503e+02
      vertex   -1.284124e+01 3.819004e+00 -1.100503e+02
    endloop
  endfacet
  facet normal 0.000000e+00 -0.000000e+00 1.000000e+00
    outer loop
      vertex   -1.537672e+01 -4.427867e-01 -1.100503e+02
      vertex   -1.284124e+01 3.819004e+00 -1.100503e+02
      vertex   -1.564127e+01 -1.540847e-01 -1.100503e+02
    endloop
  endfacet
  facet normal 0.000000e+00 0.000000e+00 1.000000e+00
    outer loop
      vertex   -1.564127e+01 -1.540847e-01 -1.100503e+02
      vertex   -1.284124e+01 3.819004e+00 -1.100503e+02
      vertex   -1.432220e+01 4.111000e+00 -1.100503e+02
    endloop
  endfacet
  facet normal 0.000000e+00 -0.000000e+00 1.000000e+00
    outer loop
      vertex   -1.564127e+01 -1.540847e-01 -1.100503e+02
      vertex   -1.432220e+01 4.111000e+00 -1.100503e+02
      vertex   -1.597152e+01 5.631032e-02 -1.100503e+02
    endloop
  endfacet
  facet normal 0.000000e+00 0.000000e+00 1.000000e+00
    outer loop
      vertex   -1.597152e+01 5.631032e-02 -1.100503e+02
      vertex   -1.432220e+01 4.111000e+00 -1.100503e+02
      vertex   -1.582754e+01 4.222359e+00 -1.100503e+02
    endloop
  endfacet
  facet normal 0.000000e+00 -0.000000e+00 1.000000e+00
    outer loop
      vertex   -1.597152e+01 5.631032e-02 -1.100503e+02
      vertex   -1.582754e+01 4.222359e+00 -1.100503e+02
      vertex   -1.634498e+01 1.740603e-01 -1.100503e+02
    endloop
  endfacet
  facet normal 0.000000e+00 -0.000000e+00 1.000000e+00
    outer loop
      vertex   -1.634498e+01 1.740603e-01 -1.100503e+02
      vertex   -1.582754e+01 4.222359e+00 -1.100503e+02
      vertex   -1.673618e+01 1.911407e-01 -1.100503e+02
    endloop
  endfacet
  facet normal 0.000000e+00 -0.000000e+00 1.000000e+00
    outer loop
      vertex   -1.673618e+01 1.911407e-01 -1.100503e+02
      vertex   -1.582754e+01 4.222359e+00 -1.100503e+02
      vertex   -1.733534e+01 4.151456e+00 -1.100503e+02
    endloop
  endfacet
  facet normal 0.000000e+00 0.000000e+00 1.000000e+00
    outer loop
      vertex   -1.673618e+01 1.911407e-01 -1.100503e+02
      vertex   -1.733534e+01 4.151456e+00 -1.100503e+02
      vertex   -1.711848e+01 1.063876e-01 -1.100503e+02
    endloop
  endfacet
  facet normal 0.000000e+00 0.000000e+00 1.000000e+00
    outer loop
      vertex   -1.711848e+01 1.063876e-01 -1.100503e+02
      vertex   -1.733534e+01 4.151456e+00 -1.100503e+02
      vertex   -1.882360e+01 3.899325e+00 -1.100503e+02
    endloop
  endfacet
  facet normal 0.000000e+00 0.000000e+00 1.000000e+00
    outer loop
      vertex   -1.711848e+01 1.063876e-01 -1.100503e+02
      vertex   -1.882360e+01 3.899325e+00 -1.100503e+02
      vertex   -1.746581e+01 -7.442330e-02 -1.100503e+02
    endloop
  endfacet
  facet normal 0.000000e+00 0.000000e+00 1.000000e+00
    outer loop
      vertex   -1.746581e+01 -7.442330e-02 -1.100503e+02
      vertex   -1.882360e+01 3.899325e+00 -1.100503e+02
      vertex   -2.027061e+01 3.469644e+00 -1.100503e+02
    endloop
  endfacet
  facet normal 0.000000e+00 0.000000e+00 1.000000e+00
    outer loop
      vertex   -1.746581e+01 -7.442330e-02 -1.100503e+02
      vertex   -2.027061e+01 3.469644e+00 -1.100503e+02
      vertex   -1.775452e+01 -3.389699e-01 -1.100503e+02
    endloop
  endfacet
  facet normal 0.000000e+00 0.000000e+00 1.000000e+00
    outer loop
      vertex   -1.775452e+01 -3.389699e-01 -1.100503e+02
      vertex   -2.027061e+01 3.469644e+00 -1.100503e+02
      vertex   -2.165528e+01 2.868676e+00 -1.100503e+02
    endloop
  endfacet
  facet normal 0.000000e+00 0.000000e+00 1.000000e+00
    outer loop
      vertex   -1.775452e+01 -3.389699e-01 -1.100503e+02
      vertex   -2.165528e+01 2.868676e+00 -1.100503e+02
      vertex   -1.796491e+01 -6.692240e-01 -1.100503e+02
    endloop
  endfacet
  facet normal 0.000000e+00 0.000000e+00 1.000000e+00
    outer loop
      vertex   -1.796491e+01 -6.692240e-01 -1.100503e+02
      vertex   -2.165528e+01 2.868676e+00 -1.100503e+02
      vertex   -1.808266e+01 -1.042679e+00 -1.100503e+02
    endloop
  endfacet
  facet normal 0.000000e+00 0.000000e+00 1.000000e+00
    outer loop
      vertex   -1.808266e+01 -1.042679e+00 -1.100503e+02
      vertex   -2.165528e+01 2.868676e+00 -1.100503e+02
      vertex   -2.295742e+01 2.105187e+00 -1.100503e+02
    endloop
  endfacet
  facet normal 0.000000e+00 0.000000e+00 1.000000e+00
    outer loop
      vertex   -1.808266e+01 -1.042679e+00 -1.100503e+02
      vertex   -2.295742e+01 2.105187e+00 -1.100503e+02
      vertex   -2.415803e+01 1.190309e+00 -1.100503e+02
    endloop
  endfacet
  facet normal 0.000000e+00 0.000000e+00 1.000000e+00
    outer loop
      vertex   -1.808266e+01 -1.042679e+00 -1.100503e+02
      vertex   -2.415803e+01 1.190309e+00 -1.100503e+02
      vertex   -1.809974e+01 -1.433885e+00 -1.100503e+02
    endloop
  endfacet
  facet normal 0.000000e+00 0.000000e+00 1.000000e+00
    outer loop
      vertex   -1.809974e+01 -1.433885e+00 -1.100503e+02
      vertex   -2.415803e+01 1.190309e+00 -1.100503e+02
      vertex   -2.523962e+01 1.373833e-01 -1.100503e+02
    endloop
  endfacet
  facet normal 0.000000e+00 0.000000e+00 1.000000e+00
    outer loop
      vertex   -1.809974e+01 -1.433885e+00 -1.100503e+02
      vertex   -2.523962e+01 1.373833e-01 -1.100503e+02
      vertex   -1.801499e+01 -1.816182e+00 -1.100503e+02
    endloop
  endfacet
  facet normal 0.000000e+00 0.000000e+00 1.000000e+00
    outer loop
      vertex   -1.801499e+01 -1.816182e+00 -1.100503e+02
      vertex   -2.523962e+01 1.373833e-01 -1.100503e+02
      vertex   -2.270825e+01 -7.409393e+00 -1.100503e+02
    endloop
  endfacet
  facet normal 0.000000e+00 0.000000e+00 1.000000e+00
    outer loop
      vertex   -1.801499e+01 -1.816182e+00 -1.100503e+02
      vertex   -2.270825e+01 -7.409393e+00 -1.100503e+02
      vertex   -2.233479e+01 -7.527143e+00 -1.100503e+02
    endloop
  endfacet
  facet normal 0.000000e+00 0.000000e+00 1.000000e+00
    outer loop
      vertex   -2.523962e+01 1.373833e-01 -1.100503e+02
      vertex   -2.618640e+01 -1.038236e+00 -1.100503e+02
      vertex   -2.270825e+01 -7.409393e+00 -1.100503e+02
    endloop
  endfacet
  facet normal 0.000000e+00 0.000000e+00 1.000000e+00
    outer loop
      vertex   -2.270825e+01 -7.409393e+00 -1.100503e+02
      vertex   -2.618640e+01 -1.038236e+00 -1.100503e+02
      vertex   -2.309946e+01 -7.392312e+00 -1.100503e+02
    endloop
  endfacet
  facet normal 0.000000e+00 0.000000e+00 1.000000e+00
    outer loop
      vertex   -2.309946e+01 -7.392312e+00 -1.100503e+02
      vertex   -2.618640e+01 -1.038236e+00 -1.100503e+02
      vertex   -2.698457e+01 -2.319405e+00 -1.100503e+02
    endloop
  endfacet
  facet normal 0.000000e+00 0.000000e+00 1.000000e+00
    outer loop
      vertex   -2.309946e+01 -7.392312e+00 -1.100503e+02
      vertex   -2.698457e+01 -2.319405e+00 -1.100503e+02
      vertex   -2.348175e+01 -7.477066e+00 -1.100503e+02
    endloop
  endfacet
  facet normal 0.000000e+00 0.000000e+00 1.000000e+00
    outer loop
      vertex   -2.348175e+01 -7.477066e+00 -1.100503e+02
      vertex   -2.698457e+01 -2.319405e+00 -1.100503e+02
      vertex   -2.762250e+01 -3.687443e+00 -1.100503e+02
    endloop
  endfacet
  facet normal 0.000000e+00 0.000000e+00 1.000000e+00
    outer loop
      vertex   -2.348175e+01 -7.477066e+00 -1.100503e+02
      vertex   -2.762250e+01 -3.687443e+00 -1.100503e+02
      vertex   -2.382909e+01 -7.657876e+00 -1.100503e+02
    endloop
  endfacet
  facet normal 0.000000e+00 0.000000e+00 1.000000e+00
    outer loop
      vertex   -2.382909e+01 -7.657876e+00 -1.100503e+02
      vertex   -2.762250e+01 -3.687443e+00 -1.100503e+02
      vertex   -2.809088e+01 -5.122399e+00 -1.100503e+02
    endloop
  endfacet
  facet normal 0.000000e+00 0.000000e+00 1.000000e+00
    outer loop
      vertex   -2.382909e+01 -7.657876e+00 -1.100503e+02
      vertex   -2.809088e+01 -5.122399e+00 -1.100503e+02
      vertex   -2.411779e+01 -7.922423e+00 -1.100503e+02
    endloop
  endfacet
  facet normal 0.000000e+00 0.000000e+00 1.000000e+00
    outer loop
      vertex   -2.411779e+01 -7.922423e+00 -1.100503e+02
      vertex   -2.809088e+01 -5.122399e+00 -1.100503e+02
      vertex   -2.838287e+01 -6.603350e+00 -1.100503e+02
    endloop
  endfacet
  facet normal 0.000000e+00 0.000000e+00 1.000000e+00
    outer loop
      vertex   -2.411779e+01 -7.922423e+00 -1.100503e+02
      vertex   -2.838287e+01 -6.603350e+00 -1.100503e+02
      vertex   -2.432818e+01 -8.252677e+00 -1.100503e+02
    endloop
  endfacet
  facet normal 0.000000e+00 0.000000e+00 1.000000e+00
    outer loop
      vertex   -2.432818e+01 -8.252677e+00 -1.100503e+02
      vertex   -2.838287e+01 -6.603350e+00 -1.100503e+02
      vertex   -2.849423e+01 -8.108699e+00 -1.100503e+02
    endloop
  endfacet
  facet normal 0.000000e+00 0.000000e+00 1.000000e+00
    outer loop
      vertex   -2.432818e+01 -8.252677e+00 -1.100503e+02
      vertex   -2.849423e+01 -8.108699e+00 -1.100503e+02
      vertex   -2.444593e+01 -8.626132e+00 -1.100503e+02
    endloop
  endfacet
  facet normal 0.000000e+00 0.000000e+00 1.000000e+00
    outer loop
      vertex   -2.444593e+01 -8.626132e+00 -1.100503e+02
      vertex   -2.849423e+01 -8.108699e+00 -1.100503e+02
      vertex   -2.446301e+01 -9.017338e+00 -1.100503e+02
    endloop
  endfacet
  facet normal 0.000000e+00 0.000000e+00 1.000000e+00
    outer loop
      vertex   -2.446301e+01 -9.017338e+00 -1.100503e+02
      vertex   -2.849423e+01 -8.108699e+00 -1.100503e+02
      vertex   -2.842333e+01 -9.616495e+00 -1.100503e+02
    endloop
  endfacet
  facet normal 0.000000e+00 0.000000e+00 1.000000e+00
    outer loop
      vertex   -2.446301e+01 -9.017338e+00 -1.100503e+02
      vertex   -2.842333e+01 -9.616495e+00 -1.100503e+02
      vertex   -2.437826e+01 -9.399635e+00 -1.100503e+02
    endloop
  endfacet
  facet normal 0.000000e+00 0.000000e+00 1.000000e+00
    outer loop
      vertex   -2.437826e+01 -9.399635e+00 -1.100503e+02
      vertex   -2.842333e+01 -9.616495e+00 -1.100503e+02
      vertex   -2.817120e+01 -1.110475e+01 -1.100503e+02
    endloop
  endfacet
  facet normal 0.000000e+00 0.000000e+00 1.000000e+00
    outer loop
      vertex   -2.437826e+01 -9.399635e+00 -1.100503e+02
      vertex   -2.817120e+01 -1.110475e+01 -1.100503e+02
      vertex   -2.419745e+01 -9.746969e+00 -1.100503e+02
    endloop
  endfacet
  facet normal 0.000000e+00 0.000000e+00 1.000000e+00
    outer loop
      vertex   -2.419745e+01 -9.746969e+00 -1.100503e+02
      vertex   -2.817120e+01 -1.110475e+01 -1.100503e+02
      vertex   -2.774152e+01 -1.255177e+01 -1.100503e+02
    endloop
  endfacet
  facet normal 0.000000e+00 0.000000e+00 1.000000e+00
    outer loop
      vertex   -2.419745e+01 -9.746969e+00 -1.100503e+02
      vertex   -2.774152e+01 -1.255177e+01 -1.100503e+02
      vertex   -2.393290e+01 -1.003567e+01 -1.100503e+02
    endloop
  endfacet
  facet normal 0.000000e+00 0.000000e+00 1.000000e+00
    outer loop
      vertex   -2.393290e+01 -1.003567e+01 -1.100503e+02
      vertex   -2.774152e+01 -1.255177e+01 -1.100503e+02
      vertex   -2.714055e+01 -1.393644e+01 -1.100503e+02
    endloop
  endfacet
  facet normal 0.000000e+00 0.000000e+00 1.000000e+00
    outer loop
      vertex   -2.393290e+01 -1.003567e+01 -1.100503e+02
      vertex   -2.714055e+01 -1.393644e+01 -1.100503e+02
      vertex   -2.360265e+01 -1.024607e+01 -1.100503e+02
    endloop
  endfacet
  facet normal 0.000000e+00 0.000000e+00 1.000000e+00
    outer loop
      vertex   -2.360265e+01 -1.024607e+01 -1.100503e+02
      vertex   -2.714055e+01 -1.393644e+01 -1.100503e+02
      vertex   -2.322919e+01 -1.036382e+01 -1.100503e+02
    endloop
  endfacet
  facet normal 0.000000e+00 0.000000e+00 1.000000e+00
    outer loop
      vertex   -2.322919e+01 -1.036382e+01 -1.100503e+02
      vertex   -2.714055e+01 -1.393644e+01 -1.100503e+02
      vertex   -2.637706e+01 -1.523857e+01 -1.100503e+02
    endloop
  endfacet
  facet normal 0.000000e+00 0.000000e+00 1.000000e+00
    outer loop
      vertex   -2.322919e+01 -1.036382e+01 -1.100503e+02
      vertex   -2.637706e+01 -1.523857e+01 -1.100503e+02
      vertex   -2.546218e+01 -1.643919e+01 -1.100503e+02
    endloop
  endfacet
  facet normal 0.000000e+00 0.000000e+00 1.000000e+00
    outer loop
      vertex   -2.322919e+01 -1.036382e+01 -1.100503e+02
      vertex   -2.546218e+01 -1.643919e+01 -1.100503e+02
      vertex   -2.283799e+01 -1.038090e+01 -1.100503e+02
    endloop
  endfacet
  facet normal 0.000000e+00 0.000000e+00 1.000000e+00
    outer loop
      vertex   -2.283799e+01 -1.038090e+01 -1.100503e+02
      vertex   -2.546218e+01 -1.643919e+01 -1.100503e+02
      vertex   -2.440926e+01 -1.752077e+01 -1.100503e+02
    endloop
  endfacet
  facet normal -0.000000e+00 0.000000e+00 1.000000e+00
    outer loop
      vertex   -2.283799e+01 -1.038090e+01 -1.100503e+02
      vertex   -2.440926e+01 -1.752077e+01 -1.100503e+02
      vertex   -2.245569e+01 -1.029614e+01 -1.100503e+02
    endloop
  endfacet
  facet normal 0.000000e+00 0.000000e+00 1.000000e+00
    outer loop
      vertex   -2.245569e+01 -1.029614e+01 -1.100503e+02
      vertex   -2.440926e+01 -1.752077e+01 -1.100503e+02
      vertex   -1.686248e+01 -1.498940e+01 -1.100503e+02
    endloop
  endfacet
  facet normal -0.000000e+00 0.000000e+00 1.000000e+00
    outer loop
      vertex   -2.245569e+01 -1.029614e+01 -1.100503e+02
      vertex   -1.686248e+01 -1.498940e+01 -1.100503e+02
      vertex   -2.210836e+01 -1.011533e+01 -1.100503e+02
    endloop
  endfacet
  facet normal 0.000000e+00 0.000000e+00 1.000000e+00
    outer loop
      vertex   -2.210836e+01 -1.011533e+01 -1.100503e+02
      vertex   -1.686248e+01 -1.498940e+01 -1.100503e+02
      vertex   -1.674473e+01 -1.461595e+01 -1.100503e+02
    endloop
  endfacet
  facet normal -0.000000e+00 0.000000e+00 1.000000e+00
    outer loop
      vertex   -2.210836e+01 -1.011533e+01 -1.100503e+02
      vertex   -1.674473e+01 -1.461595e+01 -1.100503e+02
      vertex   -2.181966e+01 -9.850786e+00 -1.100503e+02
    endloop
  endfacet
  facet normal 0.000000e+00 0.000000e+00 1.000000e+00
    outer loop
      vertex   -2.181966e+01 -9.850786e+00 -1.100503e+02
      vertex   -1.674473e+01 -1.461595e+01 -1.100503e+02
      vertex   -1.653434e+01 -1.428570e+01 -1.100503e+02
    endloop
  endfacet
  facet normal -0.000000e+00 0.000000e+00 1.000000e+00
    outer loop
      vertex   -2.181966e+01 -9.850786e+00 -1.100503e+02
      vertex   -1.653434e+01 -1.428570e+01 -1.100503e+02
      vertex   -2.015106e+01 -8.640091e+00 -1.100503e+02
    endloop
  endfacet
  facet normal 0.000000e+00 0.000000e+00 1.000000e+00
    outer loop
      vertex   -2.015106e+01 -8.640091e+00 -1.100503e+02
      vertex   -1.653434e+01 -1.428570e+01 -1.100503e+02
      vertex   -1.563178e+01 -1.243221e+01 -1.100503e+02
    endloop
  endfacet
  facet normal 0.000000e+00 0.000000e+00 1.000000e+00
    outer loop
      vertex   -1.563178e+01 -1.243221e+01 -1.100503e+02
      vertex   -1.653434e+01 -1.428570e+01 -1.100503e+02
      vertex   -1.624563e+01 -1.402115e+01 -1.100503e+02
    endloop
  endfacet
  facet normal 0.000000e+00 0.000000e+00 1.000000e+00
    outer loop
      vertex   -1.563178e+01 -1.243221e+01 -1.100503e+02
      vertex   -1.624563e+01 -1.402115e+01 -1.100503e+02
      vertex   -1.589830e+01 -1.384034e+01 -1.100503e+02
    endloop
  endfacet
  facet normal -0.000000e+00 0.000000e+00 1.000000e+00
    outer loop
      vertex   -2.440926e+01 -1.752077e+01 -1.100503e+02
      vertex   -2.323364e+01 -1.846756e+01 -1.100503e+02
      vertex   -1.686248e+01 -1.498940e+01 -1.100503e+02
    endloop
  endfacet
  facet normal 0.000000e+00 0.000000e+00 1.000000e+00
    outer loop
      vertex   -1.686248e+01 -1.498940e+01 -1.100503e+02
      vertex   -2.323364e+01 -1.846756e+01 -1.100503e+02
      vertex   -1.687956e+01 -1.538061e+01 -1.100503e+02
    endloop
  endfacet
  facet normal 0.000000e+00 0.000000e+00 1.000000e+00
    outer loop
      vertex   -1.687956e+01 -1.538061e+01 -1.100503e+02
      vertex   -2.323364e+01 -1.846756e+01 -1.100503e+02
      vertex   -2.195247e+01 -1.926573e+01 -1.100503e+02
    endloop
  endfacet
  facet normal 0.000000e+00 0.000000e+00 1.000000e+00
    outer loop
      vertex   -1.687956e+01 -1.538061e+01 -1.100503e+02
      vertex   -2.195247e+01 -1.926573e+01 -1.100503e+02
      vertex   -1.679481e+01 -1.576291e+01 -1.100503e+02
    endloop
  endfacet
  facet normal 0.000000e+00 0.000000e+00 1.000000e+00
    outer loop
      vertex   -1.679481e+01 -1.576291e+01 -1.100503e+02
      vertex   -2.195247e+01 -1.926573e+01 -1.100503e+02
      vertex   -2.058443e+01 -1.990366e+01 -1.100503e+02
    endloop
  endfacet
  facet normal 0.000000e+00 0.000000e+00 1.000000e+00
    outer loop
      vertex   -1.679481e+01 -1.576291e+01 -1.100503e+02
      vertex   -2.058443e+01 -1.990366e+01 -1.100503e+02
      vertex   -1.661400e+01 -1.611024e+01 -1.100503e+02
    endloop
  endfacet
  facet normal 0.000000e+00 0.000000e+00 1.000000e+00
    outer loop
      vertex   -1.661400e+01 -1.611024e+01 -1.100503e+02
      vertex   -2.058443e+01 -1.990366e+01 -1.100503e+02
      vertex   -1.914947e+01 -2.037203e+01 -1.100503e+02
    endloop
  endfacet
  facet normal 0.000000e+00 0.000000e+00 1.000000e+00
    outer loop
      vertex   -1.661400e+01 -1.611024e+01 -1.100503e+02
      vertex   -1.914947e+01 -2.037203e+01 -1.100503e+02
      vertex   -1.634945e+01 -1.639894e+01 -1.100503e+02
    endloop
  endfacet
  facet normal 0.000000e+00 0.000000e+00 1.000000e+00
    outer loop
      vertex   -1.634945e+01 -1.639894e+01 -1.100503e+02
      vertex   -1.914947e+01 -2.037203e+01 -1.100503e+02
      vertex   -1.766852e+01 -2.066403e+01 -1.100503e+02
    endloop
  endfacet
  facet normal 0.000000e+00 0.000000e+00 1.000000e+00
    outer loop
      vertex   -1.634945e+01 -1.639894e+01 -1.100503e+02
      vertex   -1.766852e+01 -2.066403e+01 -1.100503e+02
      vertex   -1.601920e+01 -1.660934e+01 -1.100503e+02
    endloop
  endfacet
  facet normal 0.000000e+00 0.000000e+00 1.000000e+00
    outer loop
      vertex   -1.601920e+01 -1.660934e+01 -1.100503e+02
      vertex   -1.766852e+01 -2.066403e+01 -1.100503e+02
      vertex   -1.616317e+01 -2.077539e+01 -1.100503e+02
    endloop
  endfacet
  facet normal 0.000000e+00 0.000000e+00 1.000000e+00
    outer loop
      vertex   -1.801499e+01 -1.816182e+00 -1.100503e+02
      vertex   -2.233479e+01 -7.527143e+00 -1.100503e+02
      vertex   -1.783418e+01 -2.163516e+00 -1.100503e+02
    endloop
  endfacet
  facet normal 0.000000e+00 0.000000e+00 1.000000e+00
    outer loop
      vertex   -1.783418e+01 -2.163516e+00 -1.100503e+02
      vertex   -2.233479e+01 -7.527143e+00 -1.100503e+02
      vertex   -2.200454e+01 -7.737538e+00 -1.100503e+02
    endloop
  endfacet
  facet normal 0.000000e+00 0.000000e+00 1.000000e+00
    outer loop
      vertex   -1.783418e+01 -2.163516e+00 -1.100503e+02
      vertex   -2.200454e+01 -7.737538e+00 -1.100503e+02
      vertex   -1.756963e+01 -2.452218e+00 -1.100503e+02
    endloop
  endfacet
  facet normal 0.000000e+00 0.000000e+00 1.000000e+00
    outer loop
      vertex   -1.756963e+01 -2.452218e+00 -1.100503e+02
      vertex   -2.200454e+01 -7.737538e+00 -1.100503e+02
      vertex   -2.015106e+01 -8.640091e+00 -1.100503e+02
    endloop
  endfacet
  facet normal 0.000000e+00 0.000000e+00 1.000000e+00
    outer loop
      vertex   -1.756963e+01 -2.452218e+00 -1.100503e+02
      vertex   -2.015106e+01 -8.640091e+00 -1.100503e+02
      vertex   -1.635894e+01 -4.120815e+00 -1.100503e+02
    endloop
  endfacet
  facet normal 0.000000e+00 0.000000e+00 1.000000e+00
    outer loop
      vertex   -2.200454e+01 -7.737538e+00 -1.100503e+02
      vertex   -2.173999e+01 -8.026240e+00 -1.100503e+02
      vertex   -2.015106e+01 -8.640091e+00 -1.100503e+02
    endloop
  endfacet
  facet normal 0.000000e+00 0.000000e+00 1.000000e+00
    outer loop
      vertex   -2.015106e+01 -8.640091e+00 -1.100503e+02
      vertex   -2.173999e+01 -8.026240e+00 -1.100503e+02
      vertex   -2.155918e+01 -8.373574e+00 -1.100503e+02
    endloop
  endfacet
  facet normal 0.000000e+00 0.000000e+00 1.000000e+00
    outer loop
      vertex   -2.015106e+01 -8.640091e+00 -1.100503e+02
      vertex   -2.155918e+01 -8.373574e+00 -1.100503e+02
      vertex   -2.147443e+01 -8.755871e+00 -1.100503e+02
    endloop
  endfacet
  facet normal -0.000000e+00 0.000000e+00 1.000000e+00
    outer loop
      vertex   -2.147443e+01 -8.755871e+00 -1.100503e+02
      vertex   -2.149151e+01 -9.147077e+00 -1.100503e+02
      vertex   -2.015106e+01 -8.640091e+00 -1.100503e+02
    endloop
  endfacet
  facet normal 0.000000e+00 0.000000e+00 1.000000e+00
    outer loop
      vertex   -2.015106e+01 -8.640091e+00 -1.100503e+02
      vertex   -2.149151e+01 -9.147077e+00 -1.100503e+02
      vertex   -2.160926e+01 -9.520532e+00 -1.100503e+02
    endloop
  endfacet
  facet normal 0.000000e+00 0.000000e+00 1.000000e+00
    outer loop
      vertex   -2.015106e+01 -8.640091e+00 -1.100503e+02
      vertex   -2.160926e+01 -9.520532e+00 -1.100503e+02
      vertex   -2.181966e+01 -9.850786e+00 -1.100503e+02
    endloop
  endfacet
  facet normal 0.000000e+00 0.000000e+00 1.000000e+00
    outer loop
      vertex   -1.589830e+01 -1.384034e+01 -1.100503e+02
      vertex   -1.551600e+01 -1.375559e+01 -1.100503e+02
      vertex   -1.563178e+01 -1.243221e+01 -1.100503e+02
    endloop
  endfacet
  facet normal 0.000000e+00 0.000000e+00 1.000000e+00
    outer loop
      vertex   -1.563178e+01 -1.243221e+01 -1.100503e+02
      vertex   -1.551600e+01 -1.375559e+01 -1.100503e+02
      vertex   -1.512480e+01 -1.377267e+01 -1.100503e+02
    endloop
  endfacet
  facet normal 0.000000e+00 0.000000e+00 1.000000e+00
    outer loop
      vertex   -1.563178e+01 -1.243221e+01 -1.100503e+02
      vertex   -1.512480e+01 -1.377267e+01 -1.100503e+02
      vertex   -1.475134e+01 -1.389042e+01 -1.100503e+02
    endloop
  endfacet
  facet normal -0.000000e+00 -0.000000e+00 1.000000e+00
    outer loop
      vertex   -1.475134e+01 -1.389042e+01 -1.100503e+02
      vertex   -1.442109e+01 -1.410081e+01 -1.100503e+02
      vertex   -1.563178e+01 -1.243221e+01 -1.100503e+02
    endloop
  endfacet
  facet normal 0.000000e+00 0.000000e+00 1.000000e+00
    outer loop
      vertex   -1.609242e+01 -2.712690e+00 -1.100503e+02
      vertex   -1.647472e+01 -2.797443e+00 -1.100503e+02
      vertex   -1.635894e+01 -4.120815e+00 -1.100503e+02
    endloop
  endfacet
  facet normal 0.000000e+00 0.000000e+00 1.000000e+00
    outer loop
      vertex   -1.635894e+01 -4.120815e+00 -1.100503e+02
      vertex   -1.647472e+01 -2.797443e+00 -1.100503e+02
      vertex   -1.686592e+01 -2.780363e+00 -1.100503e+02
    endloop
  endfacet
  facet normal 0.000000e+00 0.000000e+00 1.000000e+00
    outer loop
      vertex   -1.635894e+01 -4.120815e+00 -1.100503e+02
      vertex   -1.686592e+01 -2.780363e+00 -1.100503e+02
      vertex   -1.723938e+01 -2.662613e+00 -1.100503e+02
    endloop
  endfacet
  facet normal 0.000000e+00 0.000000e+00 1.000000e+00
    outer loop
      vertex   -1.723938e+01 -2.662613e+00 -1.100503e+02
      vertex   -1.756963e+01 -2.452218e+00 -1.100503e+02
      vertex   -1.635894e+01 -4.120815e+00 -1.100503e+02
    endloop
  endfacet
  facet normal 0.000000e+00 0.000000e+00 1.000000e+00
    outer loop
      vertex   -1.043154e+01 -8.179454e+00 -1.100503e+02
      vertex   -1.051629e+01 -7.797158e+00 -1.100503e+02
      vertex   -1.183966e+01 -7.912938e+00 -1.100503e+02
    endloop
  endfacet
  facet normal 0.000000e+00 0.000000e+00 1.000000e+00
    outer loop
      vertex   -1.183966e+01 -7.912938e+00 -1.100503e+02
      vertex   -1.051629e+01 -7.797158e+00 -1.100503e+02
      vertex   -1.049921e+01 -7.405952e+00 -1.100503e+02
    endloop
  endfacet
  facet normal 0.000000e+00 0.000000e+00 1.000000e+00
    outer loop
      vertex   -1.183966e+01 -7.912938e+00 -1.100503e+02
      vertex   -1.049921e+01 -7.405952e+00 -1.100503e+02
      vertex   -1.038146e+01 -7.032497e+00 -1.100503e+02
    endloop
  endfacet
  facet normal 0.000000e+00 -0.000000e+00 1.000000e+00
    outer loop
      vertex   -1.038146e+01 -7.032497e+00 -1.100503e+02
      vertex   -1.017106e+01 -6.702243e+00 -1.100503e+02
      vertex   -1.183966e+01 -7.912938e+00 -1.100503e+02
    endloop
  endfacet
  facet normal 0.000000e+00 0.000000e+00 1.000000e+00
    outer loop
      vertex   -4.020774e+01 -1.466493e+01 -1.100503e+02
      vertex   -4.029259e+01 -1.484635e+01 -1.100503e+02
      vertex   -4.015935e+01 -1.468756e+01 -1.100503e+02
    endloop
  endfacet
  facet normal 0.000000e+00 0.000000e+00 1.000000e+00
    outer loop
      vertex   -4.015935e+01 -1.468756e+01 -1.100503e+02
      vertex   -4.029259e+01 -1.484635e+01 -1.100503e+02
      vertex   -3.952170e+01 -1.673295e+01 -1.100503e+02
    endloop
  endfacet
  facet normal 0.000000e+00 0.000000e+00 1.000000e+00
    outer loop
      vertex   -3.952170e+01 -1.673295e+01 -1.100503e+02
      vertex   -4.029259e+01 -1.484635e+01 -1.100503e+02
      vertex   -5.416278e+01 -3.137620e+01 -1.100503e+02
    endloop
  endfacet
  facet normal 0.000000e+00 0.000000e+00 1.000000e+00
    outer loop
      vertex   -3.952170e+01 -1.673295e+01 -1.100503e+02
      vertex   -5.416278e+01 -3.137620e+01 -1.100503e+02
      vertex   -3.871127e+01 -1.871622e+01 -1.100503e+02
    endloop
  endfacet
  facet normal 0.000000e+00 0.000000e+00 1.000000e+00
    outer loop
      vertex   -3.871127e+01 -1.871622e+01 -1.100503e+02
      vertex   -5.416278e+01 -3.137620e+01 -1.100503e+02
      vertex   -3.773400e+01 -2.062282e+01 -1.100503e+02
    endloop
  endfacet
  facet normal 0.000000e+00 0.000000e+00 1.000000e+00
    outer loop
      vertex   -3.773400e+01 -2.062282e+01 -1.100503e+02
      vertex   -5.416278e+01 -3.137620e+01 -1.100503e+02
      vertex   -3.659708e+01 -2.243875e+01 -1.100503e+02
    endloop
  endfacet
  facet normal 0.000000e+00 0.000000e+00 1.000000e+00
    outer loop
      vertex   -3.659708e+01 -2.243875e+01 -1.100503e+02
      vertex   -5.416278e+01 -3.137620e+01 -1.100503e+02
      vertex   -3.530886e+01 -2.415067e+01 -1.100503e+02
    endloop
  endfacet
  facet normal 0.000000e+00 0.000000e+00 1.000000e+00
    outer loop
      vertex   -3.530886e+01 -2.415067e+01 -1.100503e+02
      vertex   -5.416278e+01 -3.137620e+01 -1.100503e+02
      vertex   -3.387879e+01 -2.574600e+01 -1.100503e+02
    endloop
  endfacet
  facet normal 0.000000e+00 0.000000e+00 1.000000e+00
    outer loop
      vertex   -3.387879e+01 -2.574600e+01 -1.100503e+02
      vertex   -5.416278e+01 -3.137620e+01 -1.100503e+02
      vertex   -3.961947e+01 -4.357949e+01 -1.100503e+02
    endloop
  endfacet
  facet normal 0.000000e+00 0.000000e+00 1.000000e+00
    outer loop
      vertex   -3.387879e+01 -2.574600e+01 -1.100503e+02
      vertex   -3.961947e+01 -4.357949e+01 -1.100503e+02
      vertex   -3.231738e+01 -2.721303e+01 -1.100503e+02
    endloop
  endfacet
  facet normal 0.000000e+00 0.000000e+00 1.000000e+00
    outer loop
      vertex   -3.231738e+01 -2.721303e+01 -1.100503e+02
      vertex   -3.961947e+01 -4.357949e+01 -1.100503e+02
      vertex   -3.063609e+01 -2.854099e+01 -1.100503e+02
    endloop
  endfacet
  facet normal 0.000000e+00 0.000000e+00 1.000000e+00
    outer loop
      vertex   -3.063609e+01 -2.854099e+01 -1.100503e+02
      vertex   -3.961947e+01 -4.357949e+01 -1.100503e+02
      vertex   -2.884728e+01 -2.972012e+01 -1.100503e+02
    endloop
  endfacet
  facet normal 0.000000e+00 0.000000e+00 1.000000e+00
    outer loop
      vertex   -2.884728e+01 -2.972012e+01 -1.100503e+02
      vertex   -3.961947e+01 -4.357949e+01 -1.100503e+02
      vertex   -2.696408e+01 -3.074176e+01 -1.100503e+02
    endloop
  endfacet
  facet normal 0.000000e+00 0.000000e+00 1.000000e+00
    outer loop
      vertex   -2.696408e+01 -3.074176e+01 -1.100503e+02
      vertex   -3.961947e+01 -4.357949e+01 -1.100503e+02
      vertex   -2.500033e+01 -3.159840e+01 -1.100503e+02
    endloop
  endfacet
  facet normal 0.000000e+00 0.000000e+00 1.000000e+00
    outer loop
      vertex   -2.500033e+01 -3.159840e+01 -1.100503e+02
      vertex   -3.961947e+01 -4.357949e+01 -1.100503e+02
      vertex   -2.297044e+01 -3.228377e+01 -1.100503e+02
    endloop
  endfacet
  facet normal 0.000000e+00 0.000000e+00 1.000000e+00
    outer loop
      vertex   -2.297044e+01 -3.228377e+01 -1.100503e+02
      vertex   -3.961947e+01 -4.357949e+01 -1.100503e+02
      vertex   -2.088932e+01 -3.279282e+01 -1.100503e+02
    endloop
  endfacet
  facet normal 0.000000e+00 0.000000e+00 1.000000e+00
    outer loop
      vertex   -2.088932e+01 -3.279282e+01 -1.100503e+02
      vertex   -3.961947e+01 -4.357949e+01 -1.100503e+02
      vertex   -1.877226e+01 -3.312181e+01 -1.100503e+02
    endloop
  endfacet
  facet normal 0.000000e+00 0.000000e+00 1.000000e+00
    outer loop
      vertex   -1.877226e+01 -3.312181e+01 -1.100503e+02
      vertex   -3.961947e+01 -4.357949e+01 -1.100503e+02
      vertex   -4.071748e+01 -4.488805e+01 -1.100503e+02
    endloop
  endfacet
  facet normal 0.000000e+00 -0.000000e+00 -1.000000e+00
    outer loop
      vertex   -4.020774e+01 -1.466493e+01 -1.190503e+02
      vertex   -4.015935e+01 -1.468756e+01 -1.190503e+02
      vertex   -4.029259e+01 -1.484635e+01 -1.190503e+02
    endloop
  endfacet
  facet normal 0.000000e+00 0.000000e+00 -1.000000e+00
    outer loop
      vertex   -4.029259e+01 -1.484635e+01 -1.190503e+02
      vertex   -4.015935e+01 -1.468756e+01 -1.190503e+02
      vertex   -3.952170e+01 -1.673295e+01 -1.190503e+02
    endloop
  endfacet
  facet normal 0.000000e+00 -0.000000e+00 -1.000000e+00
    outer loop
      vertex   -4.029259e+01 -1.484635e+01 -1.190503e+02
      vertex   -3.952170e+01 -1.673295e+01 -1.190503e+02
      vertex   -5.416278e+01 -3.137620e+01 -1.190503e+02
    endloop
  endfacet
  facet normal 0.000000e+00 0.000000e+00 -1.000000e+00
    outer loop
      vertex   -5.416278e+01 -3.137620e+01 -1.190503e+02
      vertex   -3.952170e+01 -1.673295e+01 -1.190503e+02
      vertex   -3.871127e+01 -1.871622e+01 -1.190503e+02
    endloop
  endfacet
  facet normal 0.000000e+00 0.000000e+00 -1.000000e+00
    outer loop
      vertex   -5.416278e+01 -3.137620e+01 -1.190503e+02
      vertex   -3.871127e+01 -1.871622e+01 -1.190503e+02
      vertex   -3.773400e+01 -2.062282e+01 -1.190503e+02
    endloop
  endfacet
  facet normal 0.000000e+00 -0.000000e+00 -1.000000e+00
    outer loop
      vertex   -3.773400e+01 -2.062282e+01 -1.190503e+02
      vertex   -3.659708e+01 -2.243875e+01 -1.190503e+02
      vertex   -5.416278e+01 -3.137620e+01 -1.190503e+02
    endloop
  endfacet
  facet normal 0.000000e+00 0.000000e+00 -1.000000e+00
    outer loop
      vertex   -5.416278e+01 -3.137620e+01 -1.190503e+02
      vertex   -3.659708e+01 -2.243875e+01 -1.190503e+02
      vertex   -3.530886e+01 -2.415067e+01 -1.190503e+02
    endloop
  endfacet
  facet normal 0.000000e+00 0.000000e+00 -1.000000e+00
    outer loop
      vertex   -5.416278e+01 -3.137620e+01 -1.190503e+02
      vertex   -3.530886e+01 -2.415067e+01 -1.190503e+02
      vertex   -3.387879e+01 -2.574600e+01 -1.190503e+02
    endloop
  endfacet
  facet normal 2.428864e-16 -8.750499e-16 -1.000000e+00
    outer loop
      vertex   -5.416278e+01 -3.137620e+01 -1.190503e+02
      vertex   -3.387879e+01 -2.574600e+01 -1.190503e+02
      vertex   -3.961947e+01 -4.357949e+01 -1.190503e+02
    endloop
  endfacet
  facet normal -5.748386e-16 -6.118201e-16 -1.000000e+00
    outer loop
      vertex   -3.961947e+01 -4.357949e+01 -1.190503e+02
      vertex   -3.387879e+01 -2.574600e+01 -1.190503e+02
      vertex   -3.231738e+01 -2.721303e+01 -1.190503e+02
    endloop
  endfacet
  facet normal -5.071109e-16 -6.420377e-16 -1.000000e+00
    outer loop
      vertex   -3.961947e+01 -4.357949e+01 -1.190503e+02
      vertex   -3.231738e+01 -2.721303e+01 -1.190503e+02
      vertex   -3.063609e+01 -2.854099e+01 -1.190503e+02
    endloop
  endfacet
  facet normal -4.469142e-16 -6.779968e-16 -1.000000e+00
    outer loop
      vertex   -3.063609e+01 -2.854099e+01 -1.190503e+02
      vertex   -2.884728e+01 -2.972012e+01 -1.190503e+02
      vertex   -3.961947e+01 -4.357949e+01 -1.190503e+02
    endloop
  endfacet
  facet normal -3.912754e-16 -7.212420e-16 -1.000000e+00
    outer loop
      vertex   -3.961947e+01 -4.357949e+01 -1.190503e+02
      vertex   -2.884728e+01 -2.972012e+01 -1.190503e+02
      vertex   -2.696408e+01 -3.074176e+01 -1.190503e+02
    endloop
  endfacet
  facet normal -3.376763e-16 -7.740798e-16 -1.000000e+00
    outer loop
      vertex   -3.961947e+01 -4.357949e+01 -1.190503e+02
      vertex   -2.696408e+01 -3.074176e+01 -1.190503e+02
      vertex   -2.500033e+01 -3.159840e+01 -1.190503e+02
    endloop
  endfacet
  facet normal -2.836254e-16 -8.400320e-16 -1.000000e+00
    outer loop
      vertex   -2.500033e+01 -3.159840e+01 -1.190503e+02
      vertex   -2.297044e+01 -3.228377e+01 -1.190503e+02
      vertex   -3.961947e+01 -4.357949e+01 -1.190503e+02
    endloop
  endfacet
  facet normal -2.261840e-16 -9.246963e-16 -1.000000e+00
    outer loop
      vertex   -3.961947e+01 -4.357949e+01 -1.190503e+02
      vertex   -2.297044e+01 -3.228377e+01 -1.190503e+02
      vertex   -2.088932e+01 -3.279282e+01 -1.190503e+02
    endloop
  endfacet
  facet normal 5.124897e-15 -1.021640e-14 -1.000000e+00
    outer loop
      vertex   -3.961947e+01 -4.357949e+01 -1.190503e+02
      vertex   -2.088932e+01 -3.279282e+01 -1.190503e+02
      vertex   -1.877226e+01 -3.312181e+01 -1.190503e+02
    endloop
  endfacet
  facet normal 0.000000e+00 0.000000e+00 -1.000000e+00
    outer loop
      vertex   -1.877226e+01 -3.312181e+01 -1.190503e+02
      vertex   -4.071748e+01 -4.488805e+01 -1.190503e+02
      vertex   -3.961947e+01 -4.357949e+01 -1.190503e+02
    endloop
  endfacet
  facet normal -9.058252e-01 4.236516e-01 0.000000e+00
    outer loop
      vertex   -4.020774e+01 -1.466493e+01 -1.100503e+02
      vertex   -4.020774e+01 -1.466493e+01 -1.190503e+02
      vertex   -4.029259e+01 -1.484635e+01 -1.100503e+02
    endloop
  endfacet
  facet normal -9.058252e-01 4.236516e-01 0.000000e+00
    outer loop
      vertex   -4.029259e+01 -1.484635e+01 -1.100503e+02
      vertex   -4.020774e+01 -1.466493e+01 -1.190503e+02
      vertex   -4.029259e+01 -1.484635e+01 -1.190503e+02
    endloop
  endfacet
  facet normal -7.660444e-01 6.427876e-01 -2.734240e-11
    outer loop
      vertex   -5.416278e+01 -3.137620e+01 -1.100503e+02
      vertex   -4.029259e+01 -1.484635e+01 -1.100503e+02
      vertex   -5.416278e+01 -3.137620e+01 -1.100505e+02
    endloop
  endfacet
  facet normal -7.660444e-01 6.427876e-01 0.000000e+00
    outer loop
      vertex   -5.416278e+01 -3.137620e+01 -1.100505e+02
      vertex   -4.029259e+01 -1.484635e+01 -1.100503e+02
      vertex   -4.029259e+01 -1.484635e+01 -1.190503e+02
    endloop
  endfacet
  facet normal -7.660444e-01 6.427876e-01 1.522469e-15
    outer loop
      vertex   -5.416278e+01 -3.137620e+01 -1.100505e+02
      vertex   -4.029259e+01 -1.484635e+01 -1.190503e+02
      vertex   -5.416278e+01 -3.137620e+01 -1.190503e+02
    endloop
  endfacet
  facet normal -0.000000e+00 -0.000000e+00 1.000000e+00
    outer loop
      vertex   -7.742833e+01 -8.488166e+01 -1.100505e+02
      vertex   -7.688753e+01 -8.511262e+01 -1.100505e+02
      vertex   -7.791372e+01 -8.454962e+01 -1.100505e+02
    endloop
  endfacet
  facet normal -0.000000e+00 0.000000e+00 1.000000e+00
    outer loop
      vertex   -7.791372e+01 -8.454962e+01 -1.100505e+02
      vertex   -7.688753e+01 -8.511262e+01 -1.100505e+02
      vertex   -7.787900e+01 -8.216374e+01 -1.100505e+02
    endloop
  endfacet
  facet normal 0.000000e+00 -0.000000e+00 1.000000e+00
    outer loop
      vertex   -7.791372e+01 -8.454962e+01 -1.100505e+02
      vertex   -7.787900e+01 -8.216374e+01 -1.100505e+02
      vertex   -7.823173e+01 -8.177880e+01 -1.100505e+02
    endloop
  endfacet
  facet normal -0.000000e+00 -0.000000e+00 1.000000e+00
    outer loop
      vertex   -7.688753e+01 -8.511262e+01 -1.100505e+02
      vertex   -7.631203e+01 -8.523364e+01 -1.100505e+02
      vertex   -7.787900e+01 -8.216374e+01 -1.100505e+02
    endloop
  endfacet
  facet normal 0.000000e+00 0.000000e+00 1.000000e+00
    outer loop
      vertex   -7.787900e+01 -8.216374e+01 -1.100505e+02
      vertex   -7.631203e+01 -8.523364e+01 -1.100505e+02
      vertex   -7.743866e+01 -8.244427e+01 -1.100505e+02
    endloop
  endfacet
  facet normal 0.000000e+00 0.000000e+00 1.000000e+00
    outer loop
      vertex   -7.743866e+01 -8.244427e+01 -1.100505e+02
      vertex   -7.631203e+01 -8.523364e+01 -1.100505e+02
      vertex   -7.572414e+01 -8.524009e+01 -1.100505e+02
    endloop
  endfacet
  facet normal 0.000000e+00 0.000000e+00 1.000000e+00
    outer loop
      vertex   -7.743866e+01 -8.244427e+01 -1.100505e+02
      vertex   -7.572414e+01 -8.524009e+01 -1.100505e+02
      vertex   -7.514594e+01 -8.513165e+01 -1.100505e+02
    endloop
  endfacet
  facet normal 0.000000e+00 0.000000e+00 1.000000e+00
    outer loop
      vertex   -7.743866e+01 -8.244427e+01 -1.100505e+02
      vertex   -7.514594e+01 -8.513165e+01 -1.100505e+02
      vertex   -7.694072e+01 -8.260127e+01 -1.100505e+02
    endloop
  endfacet
  facet normal 0.000000e+00 0.000000e+00 1.000000e+00
    outer loop
      vertex   -7.694072e+01 -8.260127e+01 -1.100505e+02
      vertex   -7.514594e+01 -8.513165e+01 -1.100505e+02
      vertex   -7.460012e+01 -8.491252e+01 -1.100505e+02
    endloop
  endfacet
  facet normal 0.000000e+00 0.000000e+00 1.000000e+00
    outer loop
      vertex   -7.694072e+01 -8.260127e+01 -1.100505e+02
      vertex   -7.460012e+01 -8.491252e+01 -1.100505e+02
      vertex   -7.641912e+01 -8.262404e+01 -1.100505e+02
    endloop
  endfacet
  facet normal 0.000000e+00 0.000000e+00 1.000000e+00
    outer loop
      vertex   -7.641912e+01 -8.262404e+01 -1.100505e+02
      vertex   -7.460012e+01 -8.491252e+01 -1.100505e+02
      vertex   -7.410759e+01 -8.459114e+01 -1.100505e+02
    endloop
  endfacet
  facet normal -0.000000e+00 0.000000e+00 1.000000e+00
    outer loop
      vertex   -7.641912e+01 -8.262404e+01 -1.100505e+02
      vertex   -7.410759e+01 -8.459114e+01 -1.100505e+02
      vertex   -7.590939e+01 -8.251104e+01 -1.100505e+02
    endloop
  endfacet
  facet normal 0.000000e+00 0.000000e+00 1.000000e+00
    outer loop
      vertex   -7.590939e+01 -8.251104e+01 -1.100505e+02
      vertex   -7.410759e+01 -8.459114e+01 -1.100505e+02
      vertex   -7.368722e+01 -8.417985e+01 -1.100505e+02
    endloop
  endfacet
  facet normal -0.000000e+00 0.000000e+00 1.000000e+00
    outer loop
      vertex   -7.590939e+01 -8.251104e+01 -1.100505e+02
      vertex   -7.368722e+01 -8.417985e+01 -1.100505e+02
      vertex   -7.544627e+01 -8.226995e+01 -1.100505e+02
    endloop
  endfacet
  facet normal -0.000000e+00 0.000000e+00 1.000000e+00
    outer loop
      vertex   -7.544627e+01 -8.226995e+01 -1.100505e+02
      vertex   -7.368722e+01 -8.417985e+01 -1.100505e+02
      vertex   -7.506134e+01 -8.191723e+01 -1.100505e+02
    endloop
  endfacet
  facet normal -0.000000e+00 0.000000e+00 1.000000e+00
    outer loop
      vertex   -7.506134e+01 -8.191723e+01 -1.100505e+02
      vertex   -7.368722e+01 -8.417985e+01 -1.100505e+02
      vertex   -7.478081e+01 -8.147689e+01 -1.100505e+02
    endloop
  endfacet
  facet normal -0.000000e+00 0.000000e+00 1.000000e+00
    outer loop
      vertex   -7.478081e+01 -8.147689e+01 -1.100505e+02
      vertex   -7.368722e+01 -8.417985e+01 -1.100505e+02
      vertex   -7.462381e+01 -8.097895e+01 -1.100505e+02
    endloop
  endfacet
  facet normal -0.000000e+00 0.000000e+00 1.000000e+00
    outer loop
      vertex   -7.462381e+01 -8.097895e+01 -1.100505e+02
      vertex   -7.368722e+01 -8.417985e+01 -1.100505e+02
      vertex   -7.079467e+01 -8.073265e+01 -1.100505e+02
    endloop
  endfacet
  facet normal 0.000000e+00 0.000000e+00 1.000000e+00
    outer loop
      vertex   -7.462381e+01 -8.097895e+01 -1.100505e+02
      vertex   -7.079467e+01 -8.073265e+01 -1.100505e+02
      vertex   -7.460104e+01 -8.045734e+01 -1.100505e+02
    endloop
  endfacet
  facet normal -0.000000e+00 -0.000000e+00 1.000000e+00
    outer loop
      vertex   -7.460104e+01 -8.045734e+01 -1.100505e+02
      vertex   -7.079467e+01 -8.073265e+01 -1.100505e+02
      vertex   -7.471404e+01 -7.994761e+01 -1.100505e+02
    endloop
  endfacet
  facet normal -0.000000e+00 -0.000000e+00 1.000000e+00
    outer loop
      vertex   -7.471404e+01 -7.994761e+01 -1.100505e+02
      vertex   -7.079467e+01 -8.073265e+01 -1.100505e+02
      vertex   -7.495512e+01 -7.948450e+01 -1.100505e+02
    endloop
  endfacet
  facet normal -0.000000e+00 -0.000000e+00 1.000000e+00
    outer loop
      vertex   -7.495512e+01 -7.948450e+01 -1.100505e+02
      vertex   -7.079467e+01 -8.073265e+01 -1.100505e+02
      vertex   -7.530785e+01 -7.909956e+01 -1.100505e+02
    endloop
  endfacet
  facet normal -0.000000e+00 -0.000000e+00 1.000000e+00
    outer loop
      vertex   -7.530785e+01 -7.909956e+01 -1.100505e+02
      vertex   -7.079467e+01 -8.073265e+01 -1.100505e+02
      vertex   -7.574819e+01 -7.881903e+01 -1.100505e+02
    endloop
  endfacet
  facet normal -0.000000e+00 -0.000000e+00 1.000000e+00
    outer loop
      vertex   -7.574819e+01 -7.881903e+01 -1.100505e+02
      vertex   -7.079467e+01 -8.073265e+01 -1.100505e+02
      vertex   -8.534952e+01 -6.851968e+01 -1.100505e+02
    endloop
  endfacet
  facet normal 0.000000e+00 0.000000e+00 1.000000e+00
    outer loop
      vertex   -7.574819e+01 -7.881903e+01 -1.100505e+02
      vertex   -8.534952e+01 -6.851968e+01 -1.100505e+02
      vertex   -8.260481e+01 -7.306565e+01 -1.100505e+02
    endloop
  endfacet
  facet normal 0.000000e+00 0.000000e+00 1.000000e+00
    outer loop
      vertex   -8.260481e+01 -7.306565e+01 -1.100505e+02
      vertex   -8.534952e+01 -6.851968e+01 -1.100505e+02
      vertex   -8.295754e+01 -7.268071e+01 -1.100505e+02
    endloop
  endfacet
  facet normal 0.000000e+00 0.000000e+00 1.000000e+00
    outer loop
      vertex   -8.295754e+01 -7.268071e+01 -1.100505e+02
      vertex   -8.534952e+01 -6.851968e+01 -1.100505e+02
      vertex   -8.339788e+01 -7.240018e+01 -1.100505e+02
    endloop
  endfacet
  facet normal 0.000000e+00 0.000000e+00 1.000000e+00
    outer loop
      vertex   -8.339788e+01 -7.240018e+01 -1.100505e+02
      vertex   -8.534952e+01 -6.851968e+01 -1.100505e+02
      vertex   -8.389582e+01 -7.224318e+01 -1.100505e+02
    endloop
  endfacet
  facet normal 0.000000e+00 0.000000e+00 1.000000e+00
    outer loop
      vertex   -8.389582e+01 -7.224318e+01 -1.100505e+02
      vertex   -8.534952e+01 -6.851968e+01 -1.100505e+02
      vertex   -8.441743e+01 -7.222041e+01 -1.100505e+02
    endloop
  endfacet
  facet normal 0.000000e+00 0.000000e+00 1.000000e+00
    outer loop
      vertex   -8.441743e+01 -7.222041e+01 -1.100505e+02
      vertex   -8.534952e+01 -6.851968e+01 -1.100505e+02
      vertex   -8.492716e+01 -7.233341e+01 -1.100505e+02
    endloop
  endfacet
  facet normal 8.680200e-15 9.613153e-16 1.000000e+00
    outer loop
      vertex   -8.492716e+01 -7.233341e+01 -1.100505e+02
      vertex   -8.534952e+01 -6.851968e+01 -1.100505e+02
      vertex   -8.824206e+01 -7.196688e+01 -1.100505e+02
    endloop
  endfacet
  facet normal 7.071815e-15 -1.358483e-14 1.000000e+00
    outer loop
      vertex   -8.492716e+01 -7.233341e+01 -1.100505e+02
      vertex   -8.824206e+01 -7.196688e+01 -1.100505e+02
      vertex   -8.539027e+01 -7.257450e+01 -1.100505e+02
    endloop
  endfacet
  facet normal 8.086087e-15 -8.824416e-15 1.000000e+00
    outer loop
      vertex   -8.539027e+01 -7.257450e+01 -1.100505e+02
      vertex   -8.824206e+01 -7.196688e+01 -1.100505e+02
      vertex   -8.577520e+01 -7.292722e+01 -1.100505e+02
    endloop
  endfacet
  facet normal 9.231828e-15 -5.881323e-15 1.000000e+00
    outer loop
      vertex   -8.577520e+01 -7.292722e+01 -1.100505e+02
      vertex   -8.824206e+01 -7.196688e+01 -1.100505e+02
      vertex   -8.605573e+01 -7.336756e+01 -1.100505e+02
    endloop
  endfacet
  facet normal 1.081510e-14 -3.409987e-15 1.000000e+00
    outer loop
      vertex   -8.605573e+01 -7.336756e+01 -1.100505e+02
      vertex   -8.824206e+01 -7.196688e+01 -1.100505e+02
      vertex   -8.621273e+01 -7.386550e+01 -1.100505e+02
    endloop
  endfacet
  facet normal -2.066799e-14 -3.706053e-14 1.000000e+00
    outer loop
      vertex   -8.621273e+01 -7.386550e+01 -1.100505e+02
      vertex   -8.824206e+01 -7.196688e+01 -1.100505e+02
      vertex   -8.861355e+01 -7.252661e+01 -1.100505e+02
    endloop
  endfacet
  facet normal 0.000000e+00 0.000000e+00 1.000000e+00
    outer loop
      vertex   -8.621273e+01 -7.386550e+01 -1.100505e+02
      vertex   -8.861355e+01 -7.252661e+01 -1.100505e+02
      vertex   -8.623551e+01 -7.438711e+01 -1.100505e+02
    endloop
  endfacet
  facet normal 0.000000e+00 0.000000e+00 1.000000e+00
    outer loop
      vertex   -8.623551e+01 -7.438711e+01 -1.100505e+02
      vertex   -8.861355e+01 -7.252661e+01 -1.100505e+02
      vertex   -8.885116e+01 -7.315497e+01 -1.100505e+02
    endloop
  endfacet
  facet normal 0.000000e+00 0.000000e+00 1.000000e+00
    outer loop
      vertex   -8.623551e+01 -7.438711e+01 -1.100505e+02
      vertex   -8.885116e+01 -7.315497e+01 -1.100505e+02
      vertex   -8.612250e+01 -7.489684e+01 -1.100505e+02
    endloop
  endfacet
  facet normal 0.000000e+00 0.000000e+00 1.000000e+00
    outer loop
      vertex   -8.612250e+01 -7.489684e+01 -1.100505e+02
      vertex   -8.885116e+01 -7.315497e+01 -1.100505e+02
      vertex   -8.894300e+01 -7.382045e+01 -1.100505e+02
    endloop
  endfacet
  facet normal 0.000000e+00 0.000000e+00 1.000000e+00
    outer loop
      vertex   -8.612250e+01 -7.489684e+01 -1.100505e+02
      vertex   -8.894300e+01 -7.382045e+01 -1.100505e+02
      vertex   -8.588142e+01 -7.535995e+01 -1.100505e+02
    endloop
  endfacet
  facet normal 0.000000e+00 0.000000e+00 1.000000e+00
    outer loop
      vertex   -8.588142e+01 -7.535995e+01 -1.100505e+02
      vertex   -8.894300e+01 -7.382045e+01 -1.100505e+02
      vertex   -8.888445e+01 -7.448968e+01 -1.100505e+02
    endloop
  endfacet
  facet normal 0.000000e+00 0.000000e+00 1.000000e+00
    outer loop
      vertex   -8.588142e+01 -7.535995e+01 -1.100505e+02
      vertex   -8.888445e+01 -7.448968e+01 -1.100505e+02
      vertex   -8.867845e+01 -7.512911e+01 -1.100505e+02
    endloop
  endfacet
  facet normal -1.634584e-13 -9.710965e-14 1.000000e+00
    outer loop
      vertex   -8.833533e+01 -7.570666e+01 -1.100505e+02
      vertex   -8.787229e+01 -7.619338e+01 -1.100505e+02
      vertex   -8.867845e+01 -7.512911e+01 -1.100505e+02
    endloop
  endfacet
  facet normal 1.672048e-14 3.937058e-14 1.000000e+00
    outer loop
      vertex   -8.867845e+01 -7.512911e+01 -1.100505e+02
      vertex   -8.787229e+01 -7.619338e+01 -1.100505e+02
      vertex   -8.552869e+01 -7.574489e+01 -1.100505e+02
    endloop
  endfacet
  facet normal -6.592388e-15 -7.987570e-14 1.000000e+00
    outer loop
      vertex   -8.867845e+01 -7.512911e+01 -1.100505e+02
      vertex   -8.552869e+01 -7.574489e+01 -1.100505e+02
      vertex   -8.588142e+01 -7.535995e+01 -1.100505e+02
    endloop
  endfacet
  facet normal 3.158142e-15 3.624712e-16 1.000000e+00
    outer loop
      vertex   -7.791372e+01 -8.454962e+01 -1.100505e+02
      vertex   -7.823173e+01 -8.177880e+01 -1.100505e+02
      vertex   -8.787229e+01 -7.619338e+01 -1.100505e+02
    endloop
  endfacet
  facet normal 9.524349e-15 1.135068e-14 1.000000e+00
    outer loop
      vertex   -8.787229e+01 -7.619338e+01 -1.100505e+02
      vertex   -7.823173e+01 -8.177880e+01 -1.100505e+02
      vertex   -8.508835e+01 -7.602542e+01 -1.100505e+02
    endloop
  endfacet
  facet normal 3.742157e-15 1.071895e-13 1.000000e+00
    outer loop
      vertex   -8.787229e+01 -7.619338e+01 -1.100505e+02
      vertex   -8.508835e+01 -7.602542e+01 -1.100505e+02
      vertex   -8.552869e+01 -7.574489e+01 -1.100505e+02
    endloop
  endfacet
  facet normal 0.000000e+00 0.000000e+00 1.000000e+00
    outer loop
      vertex   -7.574819e+01 -7.881903e+01 -1.100505e+02
      vertex   -8.260481e+01 -7.306565e+01 -1.100505e+02
      vertex   -7.624613e+01 -7.866203e+01 -1.100505e+02
    endloop
  endfacet
  facet normal 0.000000e+00 0.000000e+00 1.000000e+00
    outer loop
      vertex   -7.624613e+01 -7.866203e+01 -1.100505e+02
      vertex   -8.260481e+01 -7.306565e+01 -1.100505e+02
      vertex   -8.236373e+01 -7.352876e+01 -1.100505e+02
    endloop
  endfacet
  facet normal 0.000000e+00 0.000000e+00 1.000000e+00
    outer loop
      vertex   -7.624613e+01 -7.866203e+01 -1.100505e+02
      vertex   -8.236373e+01 -7.352876e+01 -1.100505e+02
      vertex   -7.676774e+01 -7.863926e+01 -1.100505e+02
    endloop
  endfacet
  facet normal 0.000000e+00 0.000000e+00 1.000000e+00
    outer loop
      vertex   -7.676774e+01 -7.863926e+01 -1.100505e+02
      vertex   -8.236373e+01 -7.352876e+01 -1.100505e+02
      vertex   -8.225073e+01 -7.403849e+01 -1.100505e+02
    endloop
  endfacet
  facet normal 0.000000e+00 0.000000e+00 1.000000e+00
    outer loop
      vertex   -7.676774e+01 -7.863926e+01 -1.100505e+02
      vertex   -8.225073e+01 -7.403849e+01 -1.100505e+02
      vertex   -7.727747e+01 -7.875226e+01 -1.100505e+02
    endloop
  endfacet
  facet normal 0.000000e+00 0.000000e+00 1.000000e+00
    outer loop
      vertex   -7.727747e+01 -7.875226e+01 -1.100505e+02
      vertex   -8.225073e+01 -7.403849e+01 -1.100505e+02
      vertex   -8.227350e+01 -7.456010e+01 -1.100505e+02
    endloop
  endfacet
  facet normal 0.000000e+00 0.000000e+00 1.000000e+00
    outer loop
      vertex   -7.727747e+01 -7.875226e+01 -1.100505e+02
      vertex   -8.227350e+01 -7.456010e+01 -1.100505e+02
      vertex   -7.774058e+01 -7.899335e+01 -1.100505e+02
    endloop
  endfacet
  facet normal 0.000000e+00 0.000000e+00 1.000000e+00
    outer loop
      vertex   -7.774058e+01 -7.899335e+01 -1.100505e+02
      vertex   -8.227350e+01 -7.456010e+01 -1.100505e+02
      vertex   -8.243050e+01 -7.505804e+01 -1.100505e+02
    endloop
  endfacet
  facet normal 0.000000e+00 0.000000e+00 1.000000e+00
    outer loop
      vertex   -7.774058e+01 -7.899335e+01 -1.100505e+02
      vertex   -8.243050e+01 -7.505804e+01 -1.100505e+02
      vertex   -7.812552e+01 -7.934607e+01 -1.100505e+02
    endloop
  endfacet
  facet normal 0.000000e+00 0.000000e+00 1.000000e+00
    outer loop
      vertex   -7.812552e+01 -7.934607e+01 -1.100505e+02
      vertex   -8.243050e+01 -7.505804e+01 -1.100505e+02
      vertex   -8.271103e+01 -7.549837e+01 -1.100505e+02
    endloop
  endfacet
  facet normal 0.000000e+00 0.000000e+00 1.000000e+00
    outer loop
      vertex   -7.812552e+01 -7.934607e+01 -1.100505e+02
      vertex   -8.271103e+01 -7.549837e+01 -1.100505e+02
      vertex   -8.309596e+01 -7.585110e+01 -1.100505e+02
    endloop
  endfacet
  facet normal 0.000000e+00 0.000000e+00 1.000000e+00
    outer loop
      vertex   -7.812552e+01 -7.934607e+01 -1.100505e+02
      vertex   -8.309596e+01 -7.585110e+01 -1.100505e+02
      vertex   -7.840604e+01 -7.978641e+01 -1.100505e+02
    endloop
  endfacet
  facet normal 0.000000e+00 0.000000e+00 1.000000e+00
    outer loop
      vertex   -7.840604e+01 -7.978641e+01 -1.100505e+02
      vertex   -8.309596e+01 -7.585110e+01 -1.100505e+02
      vertex   -8.355908e+01 -7.609218e+01 -1.100505e+02
    endloop
  endfacet
  facet normal 0.000000e+00 0.000000e+00 1.000000e+00
    outer loop
      vertex   -7.840604e+01 -7.978641e+01 -1.100505e+02
      vertex   -8.355908e+01 -7.609218e+01 -1.100505e+02
      vertex   -7.856304e+01 -8.028435e+01 -1.100505e+02
    endloop
  endfacet
  facet normal 0.000000e+00 0.000000e+00 1.000000e+00
    outer loop
      vertex   -7.856304e+01 -8.028435e+01 -1.100505e+02
      vertex   -8.355908e+01 -7.609218e+01 -1.100505e+02
      vertex   -8.406880e+01 -7.620519e+01 -1.100505e+02
    endloop
  endfacet
  facet normal 0.000000e+00 0.000000e+00 1.000000e+00
    outer loop
      vertex   -7.856304e+01 -8.028435e+01 -1.100505e+02
      vertex   -8.406880e+01 -7.620519e+01 -1.100505e+02
      vertex   -7.858582e+01 -8.080596e+01 -1.100505e+02
    endloop
  endfacet
  facet normal 0.000000e+00 0.000000e+00 1.000000e+00
    outer loop
      vertex   -7.858582e+01 -8.080596e+01 -1.100505e+02
      vertex   -8.406880e+01 -7.620519e+01 -1.100505e+02
      vertex   -7.847281e+01 -8.131569e+01 -1.100505e+02
    endloop
  endfacet
  facet normal 0.000000e+00 0.000000e+00 1.000000e+00
    outer loop
      vertex   -7.847281e+01 -8.131569e+01 -1.100505e+02
      vertex   -8.406880e+01 -7.620519e+01 -1.100505e+02
      vertex   -8.459041e+01 -7.618242e+01 -1.100505e+02
    endloop
  endfacet
  facet normal 0.000000e+00 0.000000e+00 1.000000e+00
    outer loop
      vertex   -7.847281e+01 -8.131569e+01 -1.100505e+02
      vertex   -8.459041e+01 -7.618242e+01 -1.100505e+02
      vertex   -7.823173e+01 -8.177880e+01 -1.100505e+02
    endloop
  endfacet
  facet normal 0.000000e+00 0.000000e+00 1.000000e+00
    outer loop
      vertex   -7.823173e+01 -8.177880e+01 -1.100505e+02
      vertex   -8.459041e+01 -7.618242e+01 -1.100505e+02
      vertex   -8.508835e+01 -7.602542e+01 -1.100505e+02
    endloop
  endfacet
  facet normal 0.000000e+00 0.000000e+00 -1.000000e+00
    outer loop
      vertex   -1.316712e+01 -2.045235e+01 -1.190503e+02
      vertex   -1.278995e+01 -1.774886e+01 -1.190503e+02
      vertex   -1.172011e+01 -2.002267e+01 -1.190503e+02
    endloop
  endfacet
  facet normal 0.000000e+00 0.000000e+00 -1.000000e+00
    outer loop
      vertex   -1.172011e+01 -2.002267e+01 -1.190503e+02
      vertex   -1.278995e+01 -1.774886e+01 -1.190503e+02
      vertex   -1.152999e+01 -1.722416e+01 -1.190503e+02
    endloop
  endfacet
  facet normal 0.000000e+00 0.000000e+00 -1.000000e+00
    outer loop
      vertex   -1.172011e+01 -2.002267e+01 -1.190503e+02
      vertex   -1.152999e+01 -1.722416e+01 -1.190503e+02
      vertex   -1.033544e+01 -1.942170e+01 -1.190503e+02
    endloop
  endfacet
  facet normal 0.000000e+00 0.000000e+00 -1.000000e+00
    outer loop
      vertex   -1.033544e+01 -1.942170e+01 -1.190503e+02
      vertex   -1.152999e+01 -1.722416e+01 -1.190503e+02
      vertex   -9.033299e+00 -1.865822e+01 -1.190503e+02
    endloop
  endfacet
  facet normal 0.000000e+00 0.000000e+00 -1.000000e+00
    outer loop
      vertex   -9.033299e+00 -1.865822e+01 -1.190503e+02
      vertex   -1.152999e+01 -1.722416e+01 -1.190503e+02
      vertex   -1.035321e+01 -1.653279e+01 -1.190503e+02
    endloop
  endfacet
  facet normal 0.000000e+00 0.000000e+00 -1.000000e+00
    outer loop
      vertex   -9.033299e+00 -1.865822e+01 -1.190503e+02
      vertex   -1.035321e+01 -1.653279e+01 -1.190503e+02
      vertex   -7.832684e+00 -1.774334e+01 -1.190503e+02
    endloop
  endfacet
  facet normal 0.000000e+00 0.000000e+00 -1.000000e+00
    outer loop
      vertex   -7.832684e+00 -1.774334e+01 -1.190503e+02
      vertex   -1.035321e+01 -1.653279e+01 -1.190503e+02
      vertex   -9.281527e+00 -1.568762e+01 -1.190503e+02
    endloop
  endfacet
  facet normal 0.000000e+00 0.000000e+00 -1.000000e+00
    outer loop
      vertex   -7.832684e+00 -1.774334e+01 -1.190503e+02
      vertex   -9.281527e+00 -1.568762e+01 -1.190503e+02
      vertex   -6.751100e+00 -1.669041e+01 -1.190503e+02
    endloop
  endfacet
  facet normal 0.000000e+00 0.000000e+00 -1.000000e+00
    outer loop
      vertex   -6.751100e+00 -1.669041e+01 -1.190503e+02
      vertex   -9.281527e+00 -1.568762e+01 -1.190503e+02
      vertex   -8.334915e+00 -1.470439e+01 -1.190503e+02
    endloop
  endfacet
  facet normal 0.000000e+00 0.000000e+00 -1.000000e+00
    outer loop
      vertex   -6.751100e+00 -1.669041e+01 -1.190503e+02
      vertex   -8.334915e+00 -1.470439e+01 -1.190503e+02
      vertex   -5.804318e+00 -1.551479e+01 -1.190503e+02
    endloop
  endfacet
  facet normal 0.000000e+00 0.000000e+00 -1.000000e+00
    outer loop
      vertex   -5.804318e+00 -1.551479e+01 -1.190503e+02
      vertex   -8.334915e+00 -1.470439e+01 -1.190503e+02
      vertex   -7.531002e+00 -1.360142e+01 -1.190503e+02
    endloop
  endfacet
  facet normal 0.000000e+00 0.000000e+00 -1.000000e+00
    outer loop
      vertex   -5.804318e+00 -1.551479e+01 -1.190503e+02
      vertex   -7.531002e+00 -1.360142e+01 -1.190503e+02
      vertex   -5.006144e+00 -1.423362e+01 -1.190503e+02
    endloop
  endfacet
  facet normal 0.000000e+00 0.000000e+00 -1.000000e+00
    outer loop
      vertex   -5.006144e+00 -1.423362e+01 -1.190503e+02
      vertex   -7.531002e+00 -1.360142e+01 -1.190503e+02
      vertex   -6.884765e+00 -1.239926e+01 -1.190503e+02
    endloop
  endfacet
  facet normal 0.000000e+00 0.000000e+00 -1.000000e+00
    outer loop
      vertex   -5.006144e+00 -1.423362e+01 -1.190503e+02
      vertex   -6.884765e+00 -1.239926e+01 -1.190503e+02
      vertex   -4.368218e+00 -1.286559e+01 -1.190503e+02
    endloop
  endfacet
  facet normal 0.000000e+00 0.000000e+00 -1.000000e+00
    outer loop
      vertex   -4.368218e+00 -1.286559e+01 -1.190503e+02
      vertex   -6.884765e+00 -1.239926e+01 -1.190503e+02
      vertex   -6.408240e+00 -1.112031e+01 -1.190503e+02
    endloop
  endfacet
  facet normal 0.000000e+00 0.000000e+00 -1.000000e+00
    outer loop
      vertex   -4.368218e+00 -1.286559e+01 -1.190503e+02
      vertex   -6.408240e+00 -1.112031e+01 -1.190503e+02
      vertex   -3.899841e+00 -1.143063e+01 -1.190503e+02
    endloop
  endfacet
  facet normal 0.000000e+00 0.000000e+00 -1.000000e+00
    outer loop
      vertex   -3.899841e+00 -1.143063e+01 -1.190503e+02
      vertex   -6.408240e+00 -1.112031e+01 -1.190503e+02
      vertex   -6.110306e+00 -9.788372e+00 -1.190503e+02
    endloop
  endfacet
  facet normal 0.000000e+00 0.000000e+00 -1.000000e+00
    outer loop
      vertex   -3.899841e+00 -1.143063e+01 -1.190503e+02
      vertex   -6.110306e+00 -9.788372e+00 -1.190503e+02
      vertex   -3.607845e+00 -9.949678e+00 -1.190503e+02
    endloop
  endfacet
  facet normal 0.000000e+00 0.000000e+00 -1.000000e+00
    outer loop
      vertex   -3.607845e+00 -9.949678e+00 -1.190503e+02
      vertex   -6.110306e+00 -9.788372e+00 -1.190503e+02
      vertex   -5.996511e+00 -8.428276e+00 -1.190503e+02
    endloop
  endfacet
  facet normal 0.000000e+00 0.000000e+00 -1.000000e+00
    outer loop
      vertex   -3.607845e+00 -9.949678e+00 -1.190503e+02
      vertex   -5.996511e+00 -8.428276e+00 -1.190503e+02
      vertex   -3.496486e+00 -8.444329e+00 -1.190503e+02
    endloop
  endfacet
  facet normal 0.000000e+00 0.000000e+00 -1.000000e+00
    outer loop
      vertex   -3.496486e+00 -8.444329e+00 -1.190503e+02
      vertex   -5.996511e+00 -8.428276e+00 -1.190503e+02
      vertex   -3.567389e+00 -6.936533e+00 -1.190503e+02
    endloop
  endfacet
  facet normal 0.000000e+00 0.000000e+00 -1.000000e+00
    outer loop
      vertex   -3.567389e+00 -6.936533e+00 -1.190503e+02
      vertex   -5.996511e+00 -8.428276e+00 -1.190503e+02
      vertex   -6.068976e+00 -7.065353e+00 -1.190503e+02
    endloop
  endfacet
  facet normal -0.000000e+00 0.000000e+00 -1.000000e+00
    outer loop
      vertex   -3.567389e+00 -6.936533e+00 -1.190503e+02
      vertex   -6.068976e+00 -7.065353e+00 -1.190503e+02
      vertex   -3.819520e+00 -5.448277e+00 -1.190503e+02
    endloop
  endfacet
  facet normal 0.000000e+00 0.000000e+00 -1.000000e+00
    outer loop
      vertex   -3.819520e+00 -5.448277e+00 -1.190503e+02
      vertex   -6.068976e+00 -7.065353e+00 -1.190503e+02
      vertex   -6.326350e+00 -5.724991e+00 -1.190503e+02
    endloop
  endfacet
  facet normal -0.000000e+00 0.000000e+00 -1.000000e+00
    outer loop
      vertex   -3.819520e+00 -5.448277e+00 -1.190503e+02
      vertex   -6.326350e+00 -5.724991e+00 -1.190503e+02
      vertex   -4.249202e+00 -4.001262e+00 -1.190503e+02
    endloop
  endfacet
  facet normal 0.000000e+00 0.000000e+00 -1.000000e+00
    outer loop
      vertex   -4.249202e+00 -4.001262e+00 -1.190503e+02
      vertex   -6.326350e+00 -5.724991e+00 -1.190503e+02
      vertex   -6.763840e+00 -4.432160e+00 -1.190503e+02
    endloop
  endfacet
  facet normal -0.000000e+00 0.000000e+00 -1.000000e+00
    outer loop
      vertex   -4.249202e+00 -4.001262e+00 -1.190503e+02
      vertex   -6.763840e+00 -4.432160e+00 -1.190503e+02
      vertex   -4.850169e+00 -2.616591e+00 -1.190503e+02
    endloop
  endfacet
  facet normal 0.000000e+00 0.000000e+00 -1.000000e+00
    outer loop
      vertex   -4.850169e+00 -2.616591e+00 -1.190503e+02
      vertex   -6.763840e+00 -4.432160e+00 -1.190503e+02
      vertex   -7.373296e+00 -3.210941e+00 -1.190503e+02
    endloop
  endfacet
  facet normal -0.000000e+00 0.000000e+00 -1.000000e+00
    outer loop
      vertex   -4.850169e+00 -2.616591e+00 -1.190503e+02
      vertex   -7.373296e+00 -3.210941e+00 -1.190503e+02
      vertex   -5.613658e+00 -1.314454e+00 -1.190503e+02
    endloop
  endfacet
  facet normal 0.000000e+00 0.000000e+00 -1.000000e+00
    outer loop
      vertex   -5.613658e+00 -1.314454e+00 -1.190503e+02
      vertex   -7.373296e+00 -3.210941e+00 -1.190503e+02
      vertex   -8.143365e+00 -2.084085e+00 -1.190503e+02
    endloop
  endfacet
  facet normal -0.000000e+00 0.000000e+00 -1.000000e+00
    outer loop
      vertex   -5.613658e+00 -1.314454e+00 -1.190503e+02
      vertex   -8.143365e+00 -2.084085e+00 -1.190503e+02
      vertex   -6.528536e+00 -1.138394e-01 -1.190503e+02
    endloop
  endfacet
  facet normal 0.000000e+00 0.000000e+00 -1.000000e+00
    outer loop
      vertex   -6.528536e+00 -1.138394e-01 -1.190503e+02
      vertex   -8.143365e+00 -2.084085e+00 -1.190503e+02
      vertex   -9.059701e+00 -1.072582e+00 -1.190503e+02
    endloop
  endfacet
  facet normal -0.000000e+00 0.000000e+00 -1.000000e+00
    outer loop
      vertex   -6.528536e+00 -1.138394e-01 -1.190503e+02
      vertex   -9.059701e+00 -1.072582e+00 -1.190503e+02
      vertex   -7.581462e+00 9.677449e-01 -1.190503e+02
    endloop
  endfacet
  facet normal 0.000000e+00 0.000000e+00 -1.000000e+00
    outer loop
      vertex   -7.581462e+00 9.677449e-01 -1.190503e+02
      vertex   -9.059701e+00 -1.072582e+00 -1.190503e+02
      vertex   -1.010524e+01 -1.952743e-01 -1.190503e+02
    endloop
  endfacet
  facet normal -0.000000e+00 0.000000e+00 -1.000000e+00
    outer loop
      vertex   -7.581462e+00 9.677449e-01 -1.190503e+02
      vertex   -1.010524e+01 -1.952743e-01 -1.190503e+02
      vertex   -8.757081e+00 1.914527e+00 -1.190503e+02
    endloop
  endfacet
  facet normal 0.000000e+00 0.000000e+00 -1.000000e+00
    outer loop
      vertex   -8.757081e+00 1.914527e+00 -1.190503e+02
      vertex   -1.010524e+01 -1.952743e-01 -1.190503e+02
      vertex   -1.126049e+01 5.314950e-01 -1.190503e+02
    endloop
  endfacet
  facet normal -0.000000e+00 0.000000e+00 -1.000000e+00
    outer loop
      vertex   -8.757081e+00 1.914527e+00 -1.190503e+02
      vertex   -1.126049e+01 5.314950e-01 -1.190503e+02
      vertex   -1.003825e+01 2.712701e+00 -1.190503e+02
    endloop
  endfacet
  facet normal -0.000000e+00 0.000000e+00 -1.000000e+00
    outer loop
      vertex   -1.003825e+01 2.712701e+00 -1.190503e+02
      vertex   -1.126049e+01 5.314950e-01 -1.190503e+02
      vertex   -1.140629e+01 3.350627e+00 -1.190503e+02
    endloop
  endfacet
  facet normal 0.000000e+00 -0.000000e+00 -1.000000e+00
    outer loop
      vertex   -1.140629e+01 3.350627e+00 -1.190503e+02
      vertex   -1.126049e+01 5.314950e-01 -1.190503e+02
      vertex   -1.250395e+01 1.094188e+00 -1.190503e+02
    endloop
  endfacet
  facet normal -0.000000e+00 0.000000e+00 -1.000000e+00
    outer loop
      vertex   -1.140629e+01 3.350627e+00 -1.190503e+02
      vertex   -1.250395e+01 1.094188e+00 -1.190503e+02
      vertex   -1.284124e+01 3.819004e+00 -1.190503e+02
    endloop
  endfacet
  facet normal 0.000000e+00 -0.000000e+00 -1.000000e+00
    outer loop
      vertex   -1.284124e+01 3.819004e+00 -1.190503e+02
      vertex   -1.250395e+01 1.094188e+00 -1.190503e+02
      vertex   -1.381245e+01 1.482322e+00 -1.190503e+02
    endloop
  endfacet
  facet normal -0.000000e+00 0.000000e+00 -1.000000e+00
    outer loop
      vertex   -1.284124e+01 3.819004e+00 -1.190503e+02
      vertex   -1.381245e+01 1.482322e+00 -1.190503e+02
      vertex   -1.432220e+01 4.111000e+00 -1.190503e+02
    endloop
  endfacet
  facet normal 0.000000e+00 -0.000000e+00 -1.000000e+00
    outer loop
      vertex   -1.432220e+01 4.111000e+00 -1.190503e+02
      vertex   -1.381245e+01 1.482322e+00 -1.190503e+02
      vertex   -1.516161e+01 1.688668e+00 -1.190503e+02
    endloop
  endfacet
  facet normal -0.000000e+00 0.000000e+00 -1.000000e+00
    outer loop
      vertex   -1.432220e+01 4.111000e+00 -1.190503e+02
      vertex   -1.516161e+01 1.688668e+00 -1.190503e+02
      vertex   -1.582754e+01 4.222359e+00 -1.190503e+02
    endloop
  endfacet
  facet normal 0.000000e+00 -0.000000e+00 -1.000000e+00
    outer loop
      vertex   -1.582754e+01 4.222359e+00 -1.190503e+02
      vertex   -1.516161e+01 1.688668e+00 -1.190503e+02
      vertex   -1.652630e+01 1.709381e+00 -1.190503e+02
    endloop
  endfacet
  facet normal 0.000000e+00 0.000000e+00 -1.000000e+00
    outer loop
      vertex   -1.582754e+01 4.222359e+00 -1.190503e+02
      vertex   -1.652630e+01 1.709381e+00 -1.190503e+02
      vertex   -1.733534e+01 4.151456e+00 -1.190503e+02
    endloop
  endfacet
  facet normal 0.000000e+00 -0.000000e+00 -1.000000e+00
    outer loop
      vertex   -1.733534e+01 4.151456e+00 -1.190503e+02
      vertex   -1.652630e+01 1.709381e+00 -1.190503e+02
      vertex   -1.788110e+01 1.544076e+00 -1.190503e+02
    endloop
  endfacet
  facet normal 0.000000e+00 0.000000e+00 -1.000000e+00
    outer loop
      vertex   -1.733534e+01 4.151456e+00 -1.190503e+02
      vertex   -1.788110e+01 1.544076e+00 -1.190503e+02
      vertex   -1.882360e+01 3.899325e+00 -1.190503e+02
    endloop
  endfacet
  facet normal 0.000000e+00 -0.000000e+00 -1.000000e+00
    outer loop
      vertex   -1.882360e+01 3.899325e+00 -1.190503e+02
      vertex   -1.788110e+01 1.544076e+00 -1.190503e+02
      vertex   -1.920077e+01 1.195832e+00 -1.190503e+02
    endloop
  endfacet
  facet normal 0.000000e+00 0.000000e+00 -1.000000e+00
    outer loop
      vertex   -1.882360e+01 3.899325e+00 -1.190503e+02
      vertex   -1.920077e+01 1.195832e+00 -1.190503e+02
      vertex   -2.027061e+01 3.469644e+00 -1.190503e+02
    endloop
  endfacet
  facet normal 0.000000e+00 -0.000000e+00 -1.000000e+00
    outer loop
      vertex   -2.027061e+01 3.469644e+00 -1.190503e+02
      vertex   -1.920077e+01 1.195832e+00 -1.190503e+02
      vertex   -2.046073e+01 6.711358e-01 -1.190503e+02
    endloop
  endfacet
  facet normal 0.000000e+00 0.000000e+00 -1.000000e+00
    outer loop
      vertex   -2.027061e+01 3.469644e+00 -1.190503e+02
      vertex   -2.046073e+01 6.711358e-01 -1.190503e+02
      vertex   -2.165528e+01 2.868676e+00 -1.190503e+02
    endloop
  endfacet
  facet normal 0.000000e+00 -0.000000e+00 -1.000000e+00
    outer loop
      vertex   -2.165528e+01 2.868676e+00 -1.190503e+02
      vertex   -2.046073e+01 6.711358e-01 -1.190503e+02
      vertex   -2.295742e+01 2.105187e+00 -1.190503e+02
    endloop
  endfacet
  facet normal 0.000000e+00 0.000000e+00 -1.000000e+00
    outer loop
      vertex   -2.295742e+01 2.105187e+00 -1.190503e+02
      vertex   -2.046073e+01 6.711358e-01 -1.190503e+02
      vertex   -2.163751e+01 -2.023806e-02 -1.190503e+02
    endloop
  endfacet
  facet normal 0.000000e+00 -0.000000e+00 -1.000000e+00
    outer loop
      vertex   -2.295742e+01 2.105187e+00 -1.190503e+02
      vertex   -2.163751e+01 -2.023806e-02 -1.190503e+02
      vertex   -2.415803e+01 1.190309e+00 -1.190503e+02
    endloop
  endfacet
  facet normal 0.000000e+00 0.000000e+00 -1.000000e+00
    outer loop
      vertex   -2.415803e+01 1.190309e+00 -1.190503e+02
      vertex   -2.163751e+01 -2.023806e-02 -1.190503e+02
      vertex   -2.270919e+01 -8.654107e-01 -1.190503e+02
    endloop
  endfacet
  facet normal 0.000000e+00 -0.000000e+00 -1.000000e+00
    outer loop
      vertex   -2.415803e+01 1.190309e+00 -1.190503e+02
      vertex   -2.270919e+01 -8.654107e-01 -1.190503e+02
      vertex   -2.523962e+01 1.373833e-01 -1.190503e+02
    endloop
  endfacet
  facet normal 0.000000e+00 0.000000e+00 -1.000000e+00
    outer loop
      vertex   -2.523962e+01 1.373833e-01 -1.190503e+02
      vertex   -2.270919e+01 -8.654107e-01 -1.190503e+02
      vertex   -2.365580e+01 -1.848638e+00 -1.190503e+02
    endloop
  endfacet
  facet normal 0.000000e+00 -0.000000e+00 -1.000000e+00
    outer loop
      vertex   -2.523962e+01 1.373833e-01 -1.190503e+02
      vertex   -2.365580e+01 -1.848638e+00 -1.190503e+02
      vertex   -2.618640e+01 -1.038236e+00 -1.190503e+02
    endloop
  endfacet
  facet normal 0.000000e+00 0.000000e+00 -1.000000e+00
    outer loop
      vertex   -2.618640e+01 -1.038236e+00 -1.190503e+02
      vertex   -2.365580e+01 -1.848638e+00 -1.190503e+02
      vertex   -2.445972e+01 -2.951605e+00 -1.190503e+02
    endloop
  endfacet
  facet normal 0.000000e+00 -0.000000e+00 -1.000000e+00
    outer loop
      vertex   -2.618640e+01 -1.038236e+00 -1.190503e+02
      vertex   -2.445972e+01 -2.951605e+00 -1.190503e+02
      vertex   -2.698457e+01 -2.319405e+00 -1.190503e+02
    endloop
  endfacet
  facet normal 0.000000e+00 0.000000e+00 -1.000000e+00
    outer loop
      vertex   -2.698457e+01 -2.319405e+00 -1.190503e+02
      vertex   -2.445972e+01 -2.951605e+00 -1.190503e+02
      vertex   -2.510595e+01 -4.153764e+00 -1.190503e+02
    endloop
  endfacet
  facet normal 0.000000e+00 -0.000000e+00 -1.000000e+00
    outer loop
      vertex   -2.698457e+01 -2.319405e+00 -1.190503e+02
      vertex   -2.510595e+01 -4.153764e+00 -1.190503e+02
      vertex   -2.762250e+01 -3.687443e+00 -1.190503e+02
    endloop
  endfacet
  facet normal 0.000000e+00 0.000000e+00 -1.000000e+00
    outer loop
      vertex   -2.762250e+01 -3.687443e+00 -1.190503e+02
      vertex   -2.510595e+01 -4.153764e+00 -1.190503e+02
      vertex   -2.558248e+01 -5.432723e+00 -1.190503e+02
    endloop
  endfacet
  facet normal 0.000000e+00 -0.000000e+00 -1.000000e+00
    outer loop
      vertex   -2.762250e+01 -3.687443e+00 -1.190503e+02
      vertex   -2.558248e+01 -5.432723e+00 -1.190503e+02
      vertex   -2.809088e+01 -5.122399e+00 -1.190503e+02
    endloop
  endfacet
  facet normal 0.000000e+00 0.000000e+00 -1.000000e+00
    outer loop
      vertex   -2.809088e+01 -5.122399e+00 -1.190503e+02
      vertex   -2.558248e+01 -5.432723e+00 -1.190503e+02
      vertex   -2.588041e+01 -6.764656e+00 -1.190503e+02
    endloop
  endfacet
  facet normal 0.000000e+00 -0.000000e+00 -1.000000e+00
    outer loop
      vertex   -2.809088e+01 -5.122399e+00 -1.190503e+02
      vertex   -2.588041e+01 -6.764656e+00 -1.190503e+02
      vertex   -2.838287e+01 -6.603350e+00 -1.190503e+02
    endloop
  endfacet
  facet normal 0.000000e+00 0.000000e+00 -1.000000e+00
    outer loop
      vertex   -2.838287e+01 -6.603350e+00 -1.190503e+02
      vertex   -2.588041e+01 -6.764656e+00 -1.190503e+02
      vertex   -2.599421e+01 -8.124752e+00 -1.190503e+02
    endloop
  endfacet
  facet normal 0.000000e+00 -0.000000e+00 -1.000000e+00
    outer loop
      vertex   -2.838287e+01 -6.603350e+00 -1.190503e+02
      vertex   -2.599421e+01 -8.124752e+00 -1.190503e+02
      vertex   -2.849423e+01 -8.108699e+00 -1.190503e+02
    endloop
  endfacet
  facet normal 0.000000e+00 0.000000e+00 -1.000000e+00
    outer loop
      vertex   -2.849423e+01 -8.108699e+00 -1.190503e+02
      vertex   -2.599421e+01 -8.124752e+00 -1.190503e+02
      vertex   -2.842333e+01 -9.616495e+00 -1.190503e+02
    endloop
  endfacet
  facet normal 0.000000e+00 0.000000e+00 -1.000000e+00
    outer loop
      vertex   -2.842333e+01 -9.616495e+00 -1.190503e+02
      vertex   -2.599421e+01 -8.124752e+00 -1.190503e+02
      vertex   -2.592174e+01 -9.487676e+00 -1.190503e+02
    endloop
  endfacet
  facet normal 0.000000e+00 0.000000e+00 -1.000000e+00
    outer loop
      vertex   -2.842333e+01 -9.616495e+00 -1.190503e+02
      vertex   -2.592174e+01 -9.487676e+00 -1.190503e+02
      vertex   -2.817120e+01 -1.110475e+01 -1.190503e+02
    endloop
  endfacet
  facet normal 0.000000e+00 0.000000e+00 -1.000000e+00
    outer loop
      vertex   -2.817120e+01 -1.110475e+01 -1.190503e+02
      vertex   -2.592174e+01 -9.487676e+00 -1.190503e+02
      vertex   -2.566437e+01 -1.082804e+01 -1.190503e+02
    endloop
  endfacet
  facet normal 0.000000e+00 0.000000e+00 -1.000000e+00
    outer loop
      vertex   -2.817120e+01 -1.110475e+01 -1.190503e+02
      vertex   -2.566437e+01 -1.082804e+01 -1.190503e+02
      vertex   -2.774152e+01 -1.255177e+01 -1.190503e+02
    endloop
  endfacet
  facet normal 0.000000e+00 0.000000e+00 -1.000000e+00
    outer loop
      vertex   -2.774152e+01 -1.255177e+01 -1.190503e+02
      vertex   -2.566437e+01 -1.082804e+01 -1.190503e+02
      vertex   -2.522688e+01 -1.212087e+01 -1.190503e+02
    endloop
  endfacet
  facet normal 0.000000e+00 0.000000e+00 -1.000000e+00
    outer loop
      vertex   -2.774152e+01 -1.255177e+01 -1.190503e+02
      vertex   -2.522688e+01 -1.212087e+01 -1.190503e+02
      vertex   -2.714055e+01 -1.393644e+01 -1.190503e+02
    endloop
  endfacet
  facet normal 0.000000e+00 0.000000e+00 -1.000000e+00
    outer loop
      vertex   -2.714055e+01 -1.393644e+01 -1.190503e+02
      vertex   -2.522688e+01 -1.212087e+01 -1.190503e+02
      vertex   -2.461742e+01 -1.334209e+01 -1.190503e+02
    endloop
  endfacet
  facet normal 0.000000e+00 0.000000e+00 -1.000000e+00
    outer loop
      vertex   -2.714055e+01 -1.393644e+01 -1.190503e+02
      vertex   -2.461742e+01 -1.334209e+01 -1.190503e+02
      vertex   -2.637706e+01 -1.523857e+01 -1.190503e+02
    endloop
  endfacet
  facet normal 0.000000e+00 0.000000e+00 -1.000000e+00
    outer loop
      vertex   -2.637706e+01 -1.523857e+01 -1.190503e+02
      vertex   -2.461742e+01 -1.334209e+01 -1.190503e+02
      vertex   -2.384735e+01 -1.446894e+01 -1.190503e+02
    endloop
  endfacet
  facet normal 0.000000e+00 0.000000e+00 -1.000000e+00
    outer loop
      vertex   -2.637706e+01 -1.523857e+01 -1.190503e+02
      vertex   -2.384735e+01 -1.446894e+01 -1.190503e+02
      vertex   -2.546218e+01 -1.643919e+01 -1.190503e+02
    endloop
  endfacet
  facet normal 0.000000e+00 0.000000e+00 -1.000000e+00
    outer loop
      vertex   -2.546218e+01 -1.643919e+01 -1.190503e+02
      vertex   -2.384735e+01 -1.446894e+01 -1.190503e+02
      vertex   -2.293102e+01 -1.548045e+01 -1.190503e+02
    endloop
  endfacet
  facet normal 0.000000e+00 0.000000e+00 -1.000000e+00
    outer loop
      vertex   -2.546218e+01 -1.643919e+01 -1.190503e+02
      vertex   -2.293102e+01 -1.548045e+01 -1.190503e+02
      vertex   -2.440926e+01 -1.752077e+01 -1.190503e+02
    endloop
  endfacet
  facet normal 0.000000e+00 0.000000e+00 -1.000000e+00
    outer loop
      vertex   -2.440926e+01 -1.752077e+01 -1.190503e+02
      vertex   -2.293102e+01 -1.548045e+01 -1.190503e+02
      vertex   -2.188548e+01 -1.635775e+01 -1.190503e+02
    endloop
  endfacet
  facet normal 0.000000e+00 0.000000e+00 -1.000000e+00
    outer loop
      vertex   -2.440926e+01 -1.752077e+01 -1.190503e+02
      vertex   -2.188548e+01 -1.635775e+01 -1.190503e+02
      vertex   -2.323364e+01 -1.846756e+01 -1.190503e+02
    endloop
  endfacet
  facet normal 0.000000e+00 0.000000e+00 -1.000000e+00
    outer loop
      vertex   -2.323364e+01 -1.846756e+01 -1.190503e+02
      vertex   -2.188548e+01 -1.635775e+01 -1.190503e+02
      vertex   -2.073023e+01 -1.708452e+01 -1.190503e+02
    endloop
  endfacet
  facet normal 0.000000e+00 0.000000e+00 -1.000000e+00
    outer loop
      vertex   -2.323364e+01 -1.846756e+01 -1.190503e+02
      vertex   -2.073023e+01 -1.708452e+01 -1.190503e+02
      vertex   -2.195247e+01 -1.926573e+01 -1.190503e+02
    endloop
  endfacet
  facet normal 0.000000e+00 0.000000e+00 -1.000000e+00
    outer loop
      vertex   -2.195247e+01 -1.926573e+01 -1.190503e+02
      vertex   -2.073023e+01 -1.708452e+01 -1.190503e+02
      vertex   -2.058443e+01 -1.990366e+01 -1.190503e+02
    endloop
  endfacet
  facet normal 0.000000e+00 0.000000e+00 -1.000000e+00
    outer loop
      vertex   -2.058443e+01 -1.990366e+01 -1.190503e+02
      vertex   -2.073023e+01 -1.708452e+01 -1.190503e+02
      vertex   -1.948677e+01 -1.764722e+01 -1.190503e+02
    endloop
  endfacet
  facet normal 0.000000e+00 0.000000e+00 -1.000000e+00
    outer loop
      vertex   -2.058443e+01 -1.990366e+01 -1.190503e+02
      vertex   -1.948677e+01 -1.764722e+01 -1.190503e+02
      vertex   -1.914947e+01 -2.037203e+01 -1.190503e+02
    endloop
  endfacet
  facet normal 0.000000e+00 0.000000e+00 -1.000000e+00
    outer loop
      vertex   -1.914947e+01 -2.037203e+01 -1.190503e+02
      vertex   -1.948677e+01 -1.764722e+01 -1.190503e+02
      vertex   -1.817827e+01 -1.803535e+01 -1.190503e+02
    endloop
  endfacet
  facet normal 0.000000e+00 0.000000e+00 -1.000000e+00
    outer loop
      vertex   -1.914947e+01 -2.037203e+01 -1.190503e+02
      vertex   -1.817827e+01 -1.803535e+01 -1.190503e+02
      vertex   -1.766852e+01 -2.066403e+01 -1.190503e+02
    endloop
  endfacet
  facet normal 0.000000e+00 0.000000e+00 -1.000000e+00
    outer loop
      vertex   -1.766852e+01 -2.066403e+01 -1.190503e+02
      vertex   -1.817827e+01 -1.803535e+01 -1.190503e+02
      vertex   -1.682911e+01 -1.824170e+01 -1.190503e+02
    endloop
  endfacet
  facet normal 0.000000e+00 0.000000e+00 -1.000000e+00
    outer loop
      vertex   -1.766852e+01 -2.066403e+01 -1.190503e+02
      vertex   -1.682911e+01 -1.824170e+01 -1.190503e+02
      vertex   -1.616317e+01 -2.077539e+01 -1.190503e+02
    endloop
  endfacet
  facet normal 0.000000e+00 0.000000e+00 -1.000000e+00
    outer loop
      vertex   -1.616317e+01 -2.077539e+01 -1.190503e+02
      vertex   -1.682911e+01 -1.824170e+01 -1.190503e+02
      vertex   -1.546442e+01 -1.826241e+01 -1.190503e+02
    endloop
  endfacet
  facet normal 0.000000e+00 0.000000e+00 -1.000000e+00
    outer loop
      vertex   -1.616317e+01 -2.077539e+01 -1.190503e+02
      vertex   -1.546442e+01 -1.826241e+01 -1.190503e+02
      vertex   -1.465538e+01 -2.070448e+01 -1.190503e+02
    endloop
  endfacet
  facet normal 0.000000e+00 0.000000e+00 -1.000000e+00
    outer loop
      vertex   -1.465538e+01 -2.070448e+01 -1.190503e+02
      vertex   -1.546442e+01 -1.826241e+01 -1.190503e+02
      vertex   -1.410962e+01 -1.809710e+01 -1.190503e+02
    endloop
  endfacet
  facet normal 0.000000e+00 0.000000e+00 -1.000000e+00
    outer loop
      vertex   -1.465538e+01 -2.070448e+01 -1.190503e+02
      vertex   -1.410962e+01 -1.809710e+01 -1.190503e+02
      vertex   -1.316712e+01 -2.045235e+01 -1.190503e+02
    endloop
  endfacet
  facet normal 0.000000e+00 0.000000e+00 -1.000000e+00
    outer loop
      vertex   -1.316712e+01 -2.045235e+01 -1.190503e+02
      vertex   -1.410962e+01 -1.809710e+01 -1.190503e+02
      vertex   -1.278995e+01 -1.774886e+01 -1.190503e+02
    endloop
  endfacet
  facet normal 6.427876e-01 7.660444e-01 0.000000e+00
    outer loop
      vertex   -2.313737e+01 -1.277105e+00 -1.420503e+02
      vertex   -2.313737e+01 -1.277105e+00 -1.420505e+02
      vertex   -2.653445e+01 1.573388e+00 -1.420503e+02
    endloop
  endfacet
  facet normal 6.427876e-01 7.660444e-01 0.000000e+00
    outer loop
      vertex   -2.653445e+01 1.573388e+00 -1.420503e+02
      vertex   -2.313737e+01 -1.277105e+00 -1.420505e+02
      vertex   -2.653445e+01 1.573388e+00 -1.420505e+02
    endloop
  endfacet
  facet normal 6.427876e-01 7.660444e-01 6.524687e-16
    outer loop
      vertex   -3.961947e+01 -4.357949e+01 -1.190503e+02
      vertex   -3.961947e+01 -4.357949e+01 -1.330503e+02
      vertex   -5.416278e+01 -3.137620e+01 -1.190503e+02
    endloop
  endfacet
  facet normal 6.427876e-01 7.660444e-01 1.635701e-15
    outer loop
      vertex   -5.416278e+01 -3.137620e+01 -1.190503e+02
      vertex   -3.961947e+01 -4.357949e+01 -1.330503e+02
      vertex   -5.417432e+01 -3.136652e+01 -1.330503e+02
    endloop
  endfacet
  facet normal 6.427876e-01 7.660444e-01 0.000000e+00
    outer loop
      vertex   -5.416278e+01 -3.137620e+01 -1.190503e+02
      vertex   -5.417432e+01 -3.136652e+01 -1.330503e+02
      vertex   -5.417432e+01 -3.136652e+01 -1.100505e+02
    endloop
  endfacet
  facet normal 6.427876e-01 7.660444e-01 1.814386e-15
    outer loop
      vertex   -5.417432e+01 -3.136652e+01 -1.100505e+02
      vertex   -5.416278e+01 -3.137620e+01 -1.100505e+02
      vertex   -5.416278e+01 -3.137620e+01 -1.190503e+02
    endloop
  endfacet
  facet normal -7.660444e-01 6.427876e-01 -6.517081e-11
    outer loop
      vertex   -4.071748e+01 -4.488805e+01 -1.100503e+02
      vertex   -3.961947e+01 -4.357949e+01 -1.100503e+02
      vertex   -4.071748e+01 -4.488805e+01 -1.100505e+02
    endloop
  endfacet
  facet normal -7.660444e-01 6.427876e-01 0.000000e+00
    outer loop
      vertex   -4.071748e+01 -4.488805e+01 -1.100505e+02
      vertex   -3.961947e+01 -4.357949e+01 -1.100503e+02
      vertex   -3.961947e+01 -4.357949e+01 -1.100505e+02
    endloop
  endfacet
  facet normal -3.901152e-01 -9.207661e-01 -1.415522e-11
    outer loop
      vertex   -4.655792e+01 -4.535728e+01 -1.100505e+02
      vertex   -4.608309e+01 -4.555846e+01 -1.100505e+02
      vertex   -4.655792e+01 -4.535728e+01 -1.100503e+02
    endloop
  endfacet
  facet normal -3.901152e-01 -9.207661e-01 8.227105e-11
    outer loop
      vertex   -4.655792e+01 -4.535728e+01 -1.100503e+02
      vertex   -4.608309e+01 -4.555846e+01 -1.100505e+02
      vertex   -4.608309e+01 -4.555846e+01 -1.100503e+02
    endloop
  endfacet
  facet normal -1.417128e-01 -9.899078e-01 1.042504e-10
    outer loop
      vertex   -4.608309e+01 -4.555846e+01 -1.100503e+02
      vertex   -4.608309e+01 -4.555846e+01 -1.100505e+02
      vertex   -4.557260e+01 -4.563154e+01 -1.100505e+02
    endloop
  endfacet
  facet normal -1.417128e-01 -9.899078e-01 1.002074e-10
    outer loop
      vertex   -4.608309e+01 -4.555846e+01 -1.100503e+02
      vertex   -4.557260e+01 -4.563154e+01 -1.100505e+02
      vertex   -4.557260e+01 -4.563154e+01 -1.100503e+02
    endloop
  endfacet
  facet normal 1.161113e-01 -9.932362e-01 1.225435e-10
    outer loop
      vertex   -4.557260e+01 -4.563154e+01 -1.100503e+02
      vertex   -4.557260e+01 -4.563154e+01 -1.100505e+02
      vertex   -4.506040e+01 -4.557166e+01 -1.100505e+02
    endloop
  endfacet
  facet normal 1.161113e-01 -9.932362e-01 1.225205e-10
    outer loop
      vertex   -4.557260e+01 -4.563154e+01 -1.100503e+02
      vertex   -4.506040e+01 -4.557166e+01 -1.100505e+02
      vertex   -4.506040e+01 -4.557166e+01 -1.100503e+02
    endloop
  endfacet
  facet normal 3.662158e-01 -9.305299e-01 1.367080e-10
    outer loop
      vertex   -4.506040e+01 -4.557166e+01 -1.100503e+02
      vertex   -4.506040e+01 -4.557166e+01 -1.100505e+02
      vertex   -4.458053e+01 -4.538280e+01 -1.100505e+02
    endloop
  endfacet
  facet normal 3.662158e-01 -9.305299e-01 1.366172e-10
    outer loop
      vertex   -4.506040e+01 -4.557166e+01 -1.100503e+02
      vertex   -4.458053e+01 -4.538280e+01 -1.100505e+02
      vertex   -4.458053e+01 -4.538280e+01 -1.100503e+02
    endloop
  endfacet
  facet normal 5.919727e-01 -8.059580e-01 1.417837e-10
    outer loop
      vertex   -4.458053e+01 -4.538280e+01 -1.100503e+02
      vertex   -4.458053e+01 -4.538280e+01 -1.100505e+02
      vertex   -4.416491e+01 -4.507753e+01 -1.100505e+02
    endloop
  endfacet
  facet normal 5.919727e-01 -8.059580e-01 1.250176e-10
    outer loop
      vertex   -4.458053e+01 -4.538280e+01 -1.100503e+02
      vertex   -4.416491e+01 -4.507753e+01 -1.100505e+02
      vertex   -4.416491e+01 -4.507753e+01 -1.100503e+02
    endloop
  endfacet
  facet normal 7.783727e-01 -6.278025e-01 1.153597e-10
    outer loop
      vertex   -4.416491e+01 -4.507753e+01 -1.100503e+02
      vertex   -4.416491e+01 -4.507753e+01 -1.100505e+02
      vertex   -4.384116e+01 -4.467613e+01 -1.100505e+02
    endloop
  endfacet
  facet normal 7.783727e-01 -6.278025e-01 1.153513e-10
    outer loop
      vertex   -4.416491e+01 -4.507753e+01 -1.100503e+02
      vertex   -4.384116e+01 -4.467613e+01 -1.100505e+02
      vertex   -4.384116e+01 -4.467613e+01 -1.100503e+02
    endloop
  endfacet
  facet normal 9.130230e-01 -4.079080e-01 9.805336e-11
    outer loop
      vertex   -4.384116e+01 -4.467613e+01 -1.100503e+02
      vertex   -4.384116e+01 -4.467613e+01 -1.100505e+02
      vertex   -4.363080e+01 -4.420529e+01 -1.100505e+02
    endloop
  endfacet
  facet normal 9.130230e-01 -4.079080e-01 1.124514e-10
    outer loop
      vertex   -4.384116e+01 -4.467613e+01 -1.100503e+02
      vertex   -4.363080e+01 -4.420529e+01 -1.100505e+02
      vertex   -4.363080e+01 -4.420529e+01 -1.100503e+02
    endloop
  endfacet
  facet normal 9.869717e-01 -1.608939e-01 9.765404e-11
    outer loop
      vertex   -4.363080e+01 -4.420529e+01 -1.100503e+02
      vertex   -4.363080e+01 -4.420529e+01 -1.100505e+02
      vertex   -4.354783e+01 -4.369632e+01 -1.100505e+02
    endloop
  endfacet
  facet normal 9.869717e-01 -1.608939e-01 7.421579e-11
    outer loop
      vertex   -4.363080e+01 -4.420529e+01 -1.100503e+02
      vertex   -4.354783e+01 -4.369632e+01 -1.100505e+02
      vertex   -4.354783e+01 -4.369632e+01 -1.100503e+02
    endloop
  endfacet
  facet normal 9.953022e-01 9.681702e-02 4.546765e-11
    outer loop
      vertex   -4.354783e+01 -4.369632e+01 -1.100503e+02
      vertex   -4.354783e+01 -4.369632e+01 -1.100505e+02
      vertex   -4.359776e+01 -4.318305e+01 -1.100505e+02
    endloop
  endfacet
  facet normal 9.953022e-01 9.681702e-02 4.545852e-11
    outer loop
      vertex   -4.354783e+01 -4.369632e+01 -1.100503e+02
      vertex   -4.359776e+01 -4.318305e+01 -1.100505e+02
      vertex   -4.359776e+01 -4.318305e+01 -1.100503e+02
    endloop
  endfacet
  facet normal 9.374607e-01 3.480912e-01 1.368442e-11
    outer loop
      vertex   -4.359776e+01 -4.318305e+01 -1.100503e+02
      vertex   -4.359776e+01 -4.318305e+01 -1.100505e+02
      vertex   -4.377726e+01 -4.269961e+01 -1.100505e+02
    endloop
  endfacet
  facet normal 9.374607e-01 3.480912e-01 1.374764e-11
    outer loop
      vertex   -4.359776e+01 -4.318305e+01 -1.100503e+02
      vertex   -4.377726e+01 -4.269961e+01 -1.100505e+02
      vertex   -4.377726e+01 -4.269961e+01 -1.100503e+02
    endloop
  endfacet
  facet normal 8.172927e-01 5.762227e-01 -1.900862e-11
    outer loop
      vertex   -4.377726e+01 -4.269961e+01 -1.100503e+02
      vertex   -4.377726e+01 -4.269961e+01 -1.100505e+02
      vertex   -4.407442e+01 -4.227814e+01 -1.100505e+02
    endloop
  endfacet
  facet normal 8.172927e-01 5.762227e-01 4.296139e-12
    outer loop
      vertex   -4.377726e+01 -4.269961e+01 -1.100503e+02
      vertex   -4.407442e+01 -4.227814e+01 -1.100505e+02
      vertex   -4.407442e+01 -4.227814e+01 -1.100503e+02
    endloop
  endfacet
  facet normal 6.427876e-01 7.660444e-01 -3.220961e-11
    outer loop
      vertex   -4.407442e+01 -4.227814e+01 -1.100503e+02
      vertex   -4.407442e+01 -4.227814e+01 -1.100505e+02
      vertex   -4.446946e+01 -4.194666e+01 -1.100505e+02
    endloop
  endfacet
  facet normal 6.427876e-01 7.660444e-01 -3.222104e-11
    outer loop
      vertex   -4.407442e+01 -4.227814e+01 -1.100503e+02
      vertex   -4.446946e+01 -4.194666e+01 -1.100505e+02
      vertex   -4.446946e+01 -4.194666e+01 -1.100503e+02
    endloop
  endfacet
  facet normal 4.255472e-01 9.049362e-01 -6.644608e-11
    outer loop
      vertex   -4.446946e+01 -4.194666e+01 -1.100503e+02
      vertex   -4.446946e+01 -4.194666e+01 -1.100505e+02
      vertex   -4.493613e+01 -4.172721e+01 -1.100505e+02
    endloop
  endfacet
  facet normal 4.255472e-01 9.049362e-01 -7.851193e-11
    outer loop
      vertex   -4.446946e+01 -4.194666e+01 -1.100503e+02
      vertex   -4.493613e+01 -4.172721e+01 -1.100505e+02
      vertex   -4.493613e+01 -4.172721e+01 -1.100503e+02
    endloop
  endfacet
  facet normal 1.800145e-01 9.836640e-01 -1.013698e-10
    outer loop
      vertex   -4.493613e+01 -4.172721e+01 -1.100503e+02
      vertex   -4.493613e+01 -4.172721e+01 -1.100505e+02
      vertex   -4.544339e+01 -4.163438e+01 -1.100505e+02
    endloop
  endfacet
  facet normal 1.800145e-01 9.836640e-01 -7.346397e-11
    outer loop
      vertex   -4.493613e+01 -4.172721e+01 -1.100503e+02
      vertex   -4.544339e+01 -4.163438e+01 -1.100505e+02
      vertex   -4.544339e+01 -4.163438e+01 -1.100503e+02
    endloop
  endfacet
  facet normal -7.748626e-02 9.969934e-01 -8.921340e-11
    outer loop
      vertex   -4.544339e+01 -4.163438e+01 -1.100503e+02
      vertex   -4.544339e+01 -4.163438e+01 -1.100505e+02
      vertex   -4.595753e+01 -4.167434e+01 -1.100505e+02
    endloop
  endfacet
  facet normal -7.748626e-02 9.969934e-01 -1.174994e-10
    outer loop
      vertex   -4.544339e+01 -4.163438e+01 -1.100503e+02
      vertex   -4.595753e+01 -4.167434e+01 -1.100505e+02
      vertex   -4.595753e+01 -4.167434e+01 -1.100503e+02
    endloop
  endfacet
  facet normal -3.298354e-01 9.440384e-01 -1.257918e-10
    outer loop
      vertex   -4.595753e+01 -4.167434e+01 -1.100503e+02
      vertex   -4.595753e+01 -4.167434e+01 -1.100505e+02
      vertex   -4.644437e+01 -4.184443e+01 -1.100505e+02
    endloop
  endfacet
  facet normal -3.298354e-01 9.440384e-01 -1.257695e-10
    outer loop
      vertex   -4.595753e+01 -4.167434e+01 -1.100503e+02
      vertex   -4.644437e+01 -4.184443e+01 -1.100505e+02
      vertex   -4.644437e+01 -4.184443e+01 -1.100503e+02
    endloop
  endfacet
  facet normal -5.602557e-01 8.283197e-01 -1.257341e-10
    outer loop
      vertex   -4.644437e+01 -4.184443e+01 -1.100503e+02
      vertex   -4.644437e+01 -4.184443e+01 -1.100505e+02
      vertex   -4.687152e+01 -4.213335e+01 -1.100505e+02
    endloop
  endfacet
  facet normal -5.602557e-01 8.283197e-01 -1.257695e-10
    outer loop
      vertex   -4.644437e+01 -4.184443e+01 -1.100503e+02
      vertex   -4.687152e+01 -4.213335e+01 -1.100505e+02
      vertex   -4.687152e+01 -4.213335e+01 -1.100503e+02
    endloop
  endfacet
  facet normal -7.534278e-01 6.575307e-01 -1.173171e-10
    outer loop
      vertex   -4.687152e+01 -4.213335e+01 -1.100503e+02
      vertex   -4.687152e+01 -4.213335e+01 -1.100505e+02
      vertex   -4.721061e+01 -4.252188e+01 -1.100505e+02
    endloop
  endfacet
  facet normal -7.534278e-01 6.575307e-01 -1.600312e-10
    outer loop
      vertex   -4.687152e+01 -4.213335e+01 -1.100503e+02
      vertex   -4.721061e+01 -4.252188e+01 -1.100505e+02
      vertex   -4.721061e+01 -4.252188e+01 -1.100503e+02
    endloop
  endfacet
  facet normal -8.965087e-01 4.430262e-01 -1.519469e-10
    outer loop
      vertex   -4.721061e+01 -4.252188e+01 -1.100503e+02
      vertex   -4.721061e+01 -4.252188e+01 -1.100505e+02
      vertex   -4.743907e+01 -4.298421e+01 -1.100505e+02
    endloop
  endfacet
  facet normal -8.965087e-01 4.430262e-01 -1.139551e-10
    outer loop
      vertex   -4.721061e+01 -4.252188e+01 -1.100503e+02
      vertex   -4.743907e+01 -4.298421e+01 -1.100505e+02
      vertex   -4.743907e+01 -4.298421e+01 -1.100503e+02
    endloop
  endfacet
  facet normal -9.799858e-01 1.990673e-01 -1.003073e-10
    outer loop
      vertex   -4.743907e+01 -4.298421e+01 -1.100503e+02
      vertex   -4.743907e+01 -4.298421e+01 -1.100505e+02
      vertex   -4.754173e+01 -4.348958e+01 -1.100505e+02
    endloop
  endfacet
  facet normal -9.799858e-01 1.990673e-01 -7.249734e-11
    outer loop
      vertex   -4.743907e+01 -4.298421e+01 -1.100503e+02
      vertex   -4.754173e+01 -4.348958e+01 -1.100505e+02
      vertex   -4.754173e+01 -4.348958e+01 -1.100503e+02
    endloop
  endfacet
  facet normal -9.983092e-01 -5.812634e-02 -5.167534e-11
    outer loop
      vertex   -4.754173e+01 -4.348958e+01 -1.100503e+02
      vertex   -4.754173e+01 -4.348958e+01 -1.100505e+02
      vertex   -4.751175e+01 -4.400439e+01 -1.100505e+02
    endloop
  endfacet
  facet normal -9.983092e-01 -5.812634e-02 -7.997531e-11
    outer loop
      vertex   -4.754173e+01 -4.348958e+01 -1.100503e+02
      vertex   -4.751175e+01 -4.400439e+01 -1.100505e+02
      vertex   -4.751175e+01 -4.400439e+01 -1.100503e+02
    endloop
  endfacet
  facet normal -9.502607e-01 -3.114555e-01 -5.434600e-11
    outer loop
      vertex   -4.751175e+01 -4.400439e+01 -1.100503e+02
      vertex   -4.751175e+01 -4.400439e+01 -1.100505e+02
      vertex   -4.735114e+01 -4.449444e+01 -1.100505e+02
    endloop
  endfacet
  facet normal -9.502607e-01 -3.114555e-01 -4.553907e-11
    outer loop
      vertex   -4.751175e+01 -4.400439e+01 -1.100503e+02
      vertex   -4.735114e+01 -4.449444e+01 -1.100505e+02
      vertex   -4.735114e+01 -4.449444e+01 -1.100503e+02
    endloop
  endfacet
  facet normal -8.390348e-01 -5.440778e-01 -9.664264e-12
    outer loop
      vertex   -4.735114e+01 -4.449444e+01 -1.100503e+02
      vertex   -4.735114e+01 -4.449444e+01 -1.100505e+02
      vertex   -4.707056e+01 -4.492712e+01 -1.100505e+02
    endloop
  endfacet
  facet normal -8.390348e-01 -5.440778e-01 -5.724605e-11
    outer loop
      vertex   -4.735114e+01 -4.449444e+01 -1.100503e+02
      vertex   -4.707056e+01 -4.492712e+01 -1.100505e+02
      vertex   -4.707056e+01 -4.492712e+01 -1.100503e+02
    endloop
  endfacet
  facet normal -3.901152e-01 -9.207661e-01 -1.016989e-11
    outer loop
      vertex   -5.420761e+01 -3.893843e+01 -1.100505e+02
      vertex   -5.373278e+01 -3.913961e+01 -1.100505e+02
      vertex   -5.420761e+01 -3.893843e+01 -1.100503e+02
    endloop
  endfacet
  facet normal -3.901152e-01 -9.207661e-01 1.600312e-11
    outer loop
      vertex   -5.420761e+01 -3.893843e+01 -1.100503e+02
      vertex   -5.373278e+01 -3.913961e+01 -1.100505e+02
      vertex   -5.373278e+01 -3.913961e+01 -1.100503e+02
    endloop
  endfacet
  facet normal -1.417128e-01 -9.899078e-01 8.013813e-11
    outer loop
      vertex   -5.373278e+01 -3.913961e+01 -1.100503e+02
      vertex   -5.373278e+01 -3.913961e+01 -1.100505e+02
      vertex   -5.322229e+01 -3.921269e+01 -1.100505e+02
    endloop
  endfacet
  facet normal -1.417128e-01 -9.899078e-01 8.415062e-11
    outer loop
      vertex   -5.373278e+01 -3.913961e+01 -1.100503e+02
      vertex   -5.322229e+01 -3.921269e+01 -1.100505e+02
      vertex   -5.322229e+01 -3.921269e+01 -1.100503e+02
    endloop
  endfacet
  facet normal 1.161113e-01 -9.932362e-01 1.357143e-10
    outer loop
      vertex   -5.322229e+01 -3.921269e+01 -1.100503e+02
      vertex   -5.322229e+01 -3.921269e+01 -1.100505e+02
      vertex   -5.271009e+01 -3.915281e+01 -1.100505e+02
    endloop
  endfacet
  facet normal 1.161113e-01 -9.932362e-01 1.671735e-10
    outer loop
      vertex   -5.322229e+01 -3.921269e+01 -1.100503e+02
      vertex   -5.271009e+01 -3.915281e+01 -1.100505e+02
      vertex   -5.271009e+01 -3.915281e+01 -1.100503e+02
    endloop
  endfacet
  facet normal 3.662158e-01 -9.305299e-01 2.150222e-10
    outer loop
      vertex   -5.271009e+01 -3.915281e+01 -1.100503e+02
      vertex   -5.271009e+01 -3.915281e+01 -1.100505e+02
      vertex   -5.223022e+01 -3.896395e+01 -1.100505e+02
    endloop
  endfacet
  facet normal 3.662158e-01 -9.305299e-01 1.781823e-10
    outer loop
      vertex   -5.271009e+01 -3.915281e+01 -1.100503e+02
      vertex   -5.223022e+01 -3.896395e+01 -1.100505e+02
      vertex   -5.223022e+01 -3.896395e+01 -1.100503e+02
    endloop
  endfacet
  facet normal 5.919727e-01 -8.059580e-01 2.089327e-10
    outer loop
      vertex   -5.223022e+01 -3.896395e+01 -1.100503e+02
      vertex   -5.223022e+01 -3.896395e+01 -1.100505e+02
      vertex   -5.181460e+01 -3.865868e+01 -1.100505e+02
    endloop
  endfacet
  facet normal 5.919727e-01 -8.059580e-01 1.920374e-10
    outer loop
      vertex   -5.223022e+01 -3.896395e+01 -1.100503e+02
      vertex   -5.181460e+01 -3.865868e+01 -1.100505e+02
      vertex   -5.181460e+01 -3.865868e+01 -1.100503e+02
    endloop
  endfacet
  facet normal 7.783727e-01 -6.278025e-01 2.036525e-10
    outer loop
      vertex   -5.181460e+01 -3.865868e+01 -1.100503e+02
      vertex   -5.181460e+01 -3.865868e+01 -1.100505e+02
      vertex   -5.149084e+01 -3.825728e+01 -1.100505e+02
    endloop
  endfacet
  facet normal 7.783727e-01 -6.278025e-01 2.257621e-10
    outer loop
      vertex   -5.181460e+01 -3.865868e+01 -1.100503e+02
      vertex   -5.149084e+01 -3.825728e+01 -1.100505e+02
      vertex   -5.149084e+01 -3.825728e+01 -1.100503e+02
    endloop
  endfacet
  facet normal 9.130230e-01 -4.079080e-01 2.275116e-10
    outer loop
      vertex   -5.149084e+01 -3.825728e+01 -1.100503e+02
      vertex   -5.149084e+01 -3.825728e+01 -1.100505e+02
      vertex   -5.128049e+01 -3.778644e+01 -1.100505e+02
    endloop
  endfacet
  facet normal 9.130230e-01 -4.079080e-01 2.533648e-10
    outer loop
      vertex   -5.149084e+01 -3.825728e+01 -1.100503e+02
      vertex   -5.128049e+01 -3.778644e+01 -1.100505e+02
      vertex   -5.128049e+01 -3.778644e+01 -1.100503e+02
    endloop
  endfacet
  facet normal 9.869717e-01 -1.608939e-01 2.421602e-10
    outer loop
      vertex   -5.128049e+01 -3.778644e+01 -1.100503e+02
      vertex   -5.128049e+01 -3.778644e+01 -1.100505e+02
      vertex   -5.119752e+01 -3.727747e+01 -1.100505e+02
    endloop
  endfacet
  facet normal 9.869717e-01 -1.608939e-01 2.141625e-10
    outer loop
      vertex   -5.128049e+01 -3.778644e+01 -1.100503e+02
      vertex   -5.119752e+01 -3.727747e+01 -1.100505e+02
      vertex   -5.119752e+01 -3.727747e+01 -1.100503e+02
    endloop
  endfacet
  facet normal 9.953022e-01 9.681702e-02 1.865923e-10
    outer loop
      vertex   -5.119752e+01 -3.727747e+01 -1.100503e+02
      vertex   -5.119752e+01 -3.727747e+01 -1.100505e+02
      vertex   -5.124745e+01 -3.676420e+01 -1.100505e+02
    endloop
  endfacet
  facet normal 9.953022e-01 9.681702e-02 1.865867e-10
    outer loop
      vertex   -5.119752e+01 -3.727747e+01 -1.100503e+02
      vertex   -5.124745e+01 -3.676420e+01 -1.100505e+02
      vertex   -5.124745e+01 -3.676420e+01 -1.100503e+02
    endloop
  endfacet
  facet normal 9.374607e-01 3.480912e-01 1.466077e-10
    outer loop
      vertex   -5.124745e+01 -3.676420e+01 -1.100503e+02
      vertex   -5.124745e+01 -3.676420e+01 -1.100505e+02
      vertex   -5.142695e+01 -3.628076e+01 -1.100505e+02
    endloop
  endfacet
  facet normal 9.374607e-01 3.480912e-01 1.731344e-10
    outer loop
      vertex   -5.124745e+01 -3.676420e+01 -1.100503e+02
      vertex   -5.142695e+01 -3.628076e+01 -1.100505e+02
      vertex   -5.142695e+01 -3.628076e+01 -1.100503e+02
    endloop
  endfacet
  facet normal 8.172927e-01 5.762227e-01 1.200528e-10
    outer loop
      vertex   -5.142695e+01 -3.628076e+01 -1.100503e+02
      vertex   -5.142695e+01 -3.628076e+01 -1.100505e+02
      vertex   -5.172411e+01 -3.585929e+01 -1.100505e+02
    endloop
  endfacet
  facet normal 8.172927e-01 5.762227e-01 1.364024e-10
    outer loop
      vertex   -5.142695e+01 -3.628076e+01 -1.100503e+02
      vertex   -5.172411e+01 -3.585929e+01 -1.100505e+02
      vertex   -5.172411e+01 -3.585929e+01 -1.100503e+02
    endloop
  endfacet
  facet normal 6.427876e-01 7.660444e-01 8.065533e-11
    outer loop
      vertex   -5.172411e+01 -3.585929e+01 -1.100503e+02
      vertex   -5.172411e+01 -3.585929e+01 -1.100505e+02
      vertex   -5.211915e+01 -3.552781e+01 -1.100505e+02
    endloop
  endfacet
  facet normal 6.427876e-01 7.660444e-01 4.059851e-11
    outer loop
      vertex   -5.172411e+01 -3.585929e+01 -1.100503e+02
      vertex   -5.211915e+01 -3.552781e+01 -1.100505e+02
      vertex   -5.211915e+01 -3.552781e+01 -1.100503e+02
    endloop
  endfacet
  facet normal 4.255472e-01 9.049362e-01 -1.817516e-11
    outer loop
      vertex   -5.211915e+01 -3.552781e+01 -1.100503e+02
      vertex   -5.211915e+01 -3.552781e+01 -1.100505e+02
      vertex   -5.258582e+01 -3.530836e+01 -1.100505e+02
    endloop
  endfacet
  facet normal 4.255472e-01 9.049362e-01 -6.121998e-12
    outer loop
      vertex   -5.211915e+01 -3.552781e+01 -1.100503e+02
      vertex   -5.258582e+01 -3.530836e+01 -1.100505e+02
      vertex   -5.258582e+01 -3.530836e+01 -1.100503e+02
    endloop
  endfacet
  facet normal 1.800145e-01 9.836640e-01 -7.074053e-11
    outer loop
      vertex   -5.258582e+01 -3.530836e+01 -1.100503e+02
      vertex   -5.258582e+01 -3.530836e+01 -1.100505e+02
      vertex   -5.309308e+01 -3.521553e+01 -1.100505e+02
    endloop
  endfacet
  facet normal 1.800145e-01 9.836640e-01 -4.285398e-11
    outer loop
      vertex   -5.258582e+01 -3.530836e+01 -1.100503e+02
      vertex   -5.309308e+01 -3.521553e+01 -1.100505e+02
      vertex   -5.309308e+01 -3.521553e+01 -1.100503e+02
    endloop
  endfacet
  facet normal -7.748626e-02 9.969934e-01 -1.023976e-10
    outer loop
      vertex   -5.309308e+01 -3.521553e+01 -1.100503e+02
      vertex   -5.309308e+01 -3.521553e+01 -1.100505e+02
      vertex   -5.360722e+01 -3.525549e+01 -1.100505e+02
    endloop
  endfacet
  facet normal -7.748626e-02 9.969934e-01 -1.306563e-10
    outer loop
      vertex   -5.309308e+01 -3.521553e+01 -1.100503e+02
      vertex   -5.360722e+01 -3.525549e+01 -1.100505e+02
      vertex   -5.360722e+01 -3.525549e+01 -1.100503e+02
    endloop
  endfacet
  facet normal -3.298354e-01 9.440384e-01 -1.819129e-10
    outer loop
      vertex   -5.360722e+01 -3.525549e+01 -1.100503e+02
      vertex   -5.360722e+01 -3.525549e+01 -1.100505e+02
      vertex   -5.409406e+01 -3.542558e+01 -1.100505e+02
    endloop
  endfacet
  facet normal -3.298354e-01 9.440384e-01 -1.724900e-10
    outer loop
      vertex   -5.360722e+01 -3.525549e+01 -1.100503e+02
      vertex   -5.409406e+01 -3.542558e+01 -1.100505e+02
      vertex   -5.409406e+01 -3.542558e+01 -1.100503e+02
    endloop
  endfacet
  facet normal -5.602557e-01 8.283197e-01 -2.051732e-10
    outer loop
      vertex   -5.409406e+01 -3.542558e+01 -1.100503e+02
      vertex   -5.409406e+01 -3.542558e+01 -1.100505e+02
      vertex   -5.452121e+01 -3.571450e+01 -1.100505e+02
    endloop
  endfacet
  facet normal -5.602557e-01 8.283197e-01 -2.210363e-10
    outer loop
      vertex   -5.409406e+01 -3.542558e+01 -1.100503e+02
      vertex   -5.452121e+01 -3.571450e+01 -1.100505e+02
      vertex   -5.452121e+01 -3.571450e+01 -1.100503e+02
    endloop
  endfacet
  facet normal -7.534278e-01 6.575307e-01 -2.455120e-10
    outer loop
      vertex   -5.452121e+01 -3.571450e+01 -1.100503e+02
      vertex   -5.452121e+01 -3.571450e+01 -1.100505e+02
      vertex   -5.486030e+01 -3.610303e+01 -1.100505e+02
    endloop
  endfacet
  facet normal -7.534278e-01 6.575307e-01 -2.455243e-10
    outer loop
      vertex   -5.452121e+01 -3.571450e+01 -1.100503e+02
      vertex   -5.486030e+01 -3.610303e+01 -1.100505e+02
      vertex   -5.486030e+01 -3.610303e+01 -1.100503e+02
    endloop
  endfacet
  facet normal -8.965087e-01 4.430262e-01 -2.536402e-10
    outer loop
      vertex   -5.486030e+01 -3.610303e+01 -1.100503e+02
      vertex   -5.486030e+01 -3.610303e+01 -1.100505e+02
      vertex   -5.508876e+01 -3.656536e+01 -1.100505e+02
    endloop
  endfacet
  facet normal -8.965087e-01 4.430262e-01 -2.411208e-10
    outer loop
      vertex   -5.486030e+01 -3.610303e+01 -1.100503e+02
      vertex   -5.508876e+01 -3.656536e+01 -1.100505e+02
      vertex   -5.508876e+01 -3.656536e+01 -1.100503e+02
    endloop
  endfacet
  facet normal -9.799858e-01 1.990673e-01 -2.392602e-10
    outer loop
      vertex   -5.508876e+01 -3.656536e+01 -1.100503e+02
      vertex   -5.508876e+01 -3.656536e+01 -1.100505e+02
      vertex   -5.519142e+01 -3.707073e+01 -1.100505e+02
    endloop
  endfacet
  facet normal -9.799858e-01 1.990673e-01 -2.449336e-10
    outer loop
      vertex   -5.508876e+01 -3.656536e+01 -1.100503e+02
      vertex   -5.519142e+01 -3.707073e+01 -1.100505e+02
      vertex   -5.519142e+01 -3.707073e+01 -1.100503e+02
    endloop
  endfacet
  facet normal -9.983092e-01 -5.812634e-02 -2.198882e-10
    outer loop
      vertex   -5.519142e+01 -3.707073e+01 -1.100503e+02
      vertex   -5.519142e+01 -3.707073e+01 -1.100505e+02
      vertex   -5.516144e+01 -3.758554e+01 -1.100505e+02
    endloop
  endfacet
  facet normal -9.983092e-01 -5.812634e-02 -1.915675e-10
    outer loop
      vertex   -5.519142e+01 -3.707073e+01 -1.100503e+02
      vertex   -5.516144e+01 -3.758554e+01 -1.100505e+02
      vertex   -5.516144e+01 -3.758554e+01 -1.100503e+02
    endloop
  endfacet
  facet normal -9.502607e-01 -3.114555e-01 -1.533043e-10
    outer loop
      vertex   -5.516144e+01 -3.758554e+01 -1.100503e+02
      vertex   -5.516144e+01 -3.758554e+01 -1.100505e+02
      vertex   -5.500083e+01 -3.807559e+01 -1.100505e+02
    endloop
  endfacet
  facet normal -9.502607e-01 -3.114555e-01 -1.532647e-10
    outer loop
      vertex   -5.516144e+01 -3.758554e+01 -1.100503e+02
      vertex   -5.500083e+01 -3.807559e+01 -1.100505e+02
      vertex   -5.500083e+01 -3.807559e+01 -1.100503e+02
    endloop
  endfacet
  facet normal -8.390348e-01 -5.440778e-01 -1.048382e-10
    outer loop
      vertex   -5.500083e+01 -3.807559e+01 -1.100503e+02
      vertex   -5.500083e+01 -3.807559e+01 -1.100505e+02
      vertex   -5.472025e+01 -3.850827e+01 -1.100505e+02
    endloop
  endfacet
  facet normal -8.390348e-01 -5.440778e-01 -2.642125e-11
    outer loop
      vertex   -5.500083e+01 -3.807559e+01 -1.100503e+02
      vertex   -5.472025e+01 -3.850827e+01 -1.100505e+02
      vertex   -5.472025e+01 -3.850827e+01 -1.100503e+02
    endloop
  endfacet
  facet normal -6.427876e-01 -7.660444e-01 3.258541e-11
    outer loop
      vertex   -5.416278e+01 -3.137620e+01 -1.100505e+02
      vertex   -3.961947e+01 -4.357949e+01 -1.100505e+02
      vertex   -5.416278e+01 -3.137620e+01 -1.100503e+02
    endloop
  endfacet
  facet normal -6.427876e-01 -7.660444e-01 0.000000e+00
    outer loop
      vertex   -5.416278e+01 -3.137620e+01 -1.100503e+02
      vertex   -3.961947e+01 -4.357949e+01 -1.100505e+02
      vertex   -3.961947e+01 -4.357949e+01 -1.100503e+02
    endloop
  endfacet
  facet normal 0.000000e+00 0.000000e+00 1.000000e+00
    outer loop
      vertex   -5.456583e+01 -3.867054e+01 -1.100505e+02
      vertex   -5.472025e+01 -3.850827e+01 -1.100505e+02
      vertex   -5.899523e+01 -3.711186e+01 -1.100505e+02
    endloop
  endfacet
  facet normal 0.000000e+00 0.000000e+00 1.000000e+00
    outer loop
      vertex   -5.899523e+01 -3.711186e+01 -1.100505e+02
      vertex   -5.472025e+01 -3.850827e+01 -1.100505e+02
      vertex   -5.500083e+01 -3.807559e+01 -1.100505e+02
    endloop
  endfacet
  facet normal 0.000000e+00 0.000000e+00 1.000000e+00
    outer loop
      vertex   -5.899523e+01 -3.711186e+01 -1.100505e+02
      vertex   -5.500083e+01 -3.807559e+01 -1.100505e+02
      vertex   -5.516144e+01 -3.758554e+01 -1.100505e+02
    endloop
  endfacet
  facet normal 0.000000e+00 0.000000e+00 1.000000e+00
    outer loop
      vertex   -5.516144e+01 -3.758554e+01 -1.100505e+02
      vertex   -5.519142e+01 -3.707073e+01 -1.100505e+02
      vertex   -5.899523e+01 -3.711186e+01 -1.100505e+02
    endloop
  endfacet
  facet normal 0.000000e+00 0.000000e+00 1.000000e+00
    outer loop
      vertex   -5.899523e+01 -3.711186e+01 -1.100505e+02
      vertex   -5.519142e+01 -3.707073e+01 -1.100505e+02
      vertex   -5.508876e+01 -3.656536e+01 -1.100505e+02
    endloop
  endfacet
  facet normal 0.000000e+00 0.000000e+00 1.000000e+00
    outer loop
      vertex   -5.899523e+01 -3.711186e+01 -1.100505e+02
      vertex   -5.508876e+01 -3.656536e+01 -1.100505e+02
      vertex   -5.486030e+01 -3.610303e+01 -1.100505e+02
    endloop
  endfacet
  facet normal 0.000000e+00 -0.000000e+00 1.000000e+00
    outer loop
      vertex   -5.486030e+01 -3.610303e+01 -1.100505e+02
      vertex   -5.452121e+01 -3.571450e+01 -1.100505e+02
      vertex   -5.899523e+01 -3.711186e+01 -1.100505e+02
    endloop
  endfacet
  facet normal 0.000000e+00 0.000000e+00 1.000000e+00
    outer loop
      vertex   -5.899523e+01 -3.711186e+01 -1.100505e+02
      vertex   -5.452121e+01 -3.571450e+01 -1.100505e+02
      vertex   -5.417432e+01 -3.136652e+01 -1.100505e+02
    endloop
  endfacet
  facet normal 0.000000e+00 0.000000e+00 1.000000e+00
    outer loop
      vertex   -5.417432e+01 -3.136652e+01 -1.100505e+02
      vertex   -5.452121e+01 -3.571450e+01 -1.100505e+02
      vertex   -5.409406e+01 -3.542558e+01 -1.100505e+02
    endloop
  endfacet
  facet normal 0.000000e+00 0.000000e+00 1.000000e+00
    outer loop
      vertex   -5.417432e+01 -3.136652e+01 -1.100505e+02
      vertex   -5.409406e+01 -3.542558e+01 -1.100505e+02
      vertex   -5.360722e+01 -3.525549e+01 -1.100505e+02
    endloop
  endfacet
  facet normal 0.000000e+00 -0.000000e+00 1.000000e+00
    outer loop
      vertex   -5.360722e+01 -3.525549e+01 -1.100505e+02
      vertex   -5.309308e+01 -3.521553e+01 -1.100505e+02
      vertex   -5.417432e+01 -3.136652e+01 -1.100505e+02
    endloop
  endfacet
  facet normal 0.000000e+00 0.000000e+00 1.000000e+00
    outer loop
      vertex   -5.417432e+01 -3.136652e+01 -1.100505e+02
      vertex   -5.309308e+01 -3.521553e+01 -1.100505e+02
      vertex   -5.416278e+01 -3.137620e+01 -1.100505e+02
    endloop
  endfacet
  facet normal 0.000000e+00 0.000000e+00 1.000000e+00
    outer loop
      vertex   -5.416278e+01 -3.137620e+01 -1.100505e+02
      vertex   -5.309308e+01 -3.521553e+01 -1.100505e+02
      vertex   -5.258582e+01 -3.530836e+01 -1.100505e+02
    endloop
  endfacet
  facet normal 0.000000e+00 0.000000e+00 1.000000e+00
    outer loop
      vertex   -5.416278e+01 -3.137620e+01 -1.100505e+02
      vertex   -5.258582e+01 -3.530836e+01 -1.100505e+02
      vertex   -5.211915e+01 -3.552781e+01 -1.100505e+02
    endloop
  endfacet
  facet normal -0.000000e+00 -0.000000e+00 1.000000e+00
    outer loop
      vertex   -5.211915e+01 -3.552781e+01 -1.100505e+02
      vertex   -5.172411e+01 -3.585929e+01 -1.100505e+02
      vertex   -5.416278e+01 -3.137620e+01 -1.100505e+02
    endloop
  endfacet
  facet normal -3.603814e-15 -1.960376e-15 1.000000e+00
    outer loop
      vertex   -5.416278e+01 -3.137620e+01 -1.100505e+02
      vertex   -5.172411e+01 -3.585929e+01 -1.100505e+02
      vertex   -4.446946e+01 -4.194666e+01 -1.100505e+02
    endloop
  endfacet
  facet normal 6.547551e-16 1.944817e-15 1.000000e+00
    outer loop
      vertex   -5.416278e+01 -3.137620e+01 -1.100505e+02
      vertex   -4.446946e+01 -4.194666e+01 -1.100505e+02
      vertex   -3.961947e+01 -4.357949e+01 -1.100505e+02
    endloop
  endfacet
  facet normal 0.000000e+00 0.000000e+00 1.000000e+00
    outer loop
      vertex   -3.961947e+01 -4.357949e+01 -1.100505e+02
      vertex   -4.446946e+01 -4.194666e+01 -1.100505e+02
      vertex   -4.407442e+01 -4.227814e+01 -1.100505e+02
    endloop
  endfacet
  facet normal 0.000000e+00 0.000000e+00 1.000000e+00
    outer loop
      vertex   -3.961947e+01 -4.357949e+01 -1.100505e+02
      vertex   -4.407442e+01 -4.227814e+01 -1.100505e+02
      vertex   -4.071748e+01 -4.488805e+01 -1.100505e+02
    endloop
  endfacet
  facet normal 0.000000e+00 0.000000e+00 1.000000e+00
    outer loop
      vertex   -4.071748e+01 -4.488805e+01 -1.100505e+02
      vertex   -4.407442e+01 -4.227814e+01 -1.100505e+02
      vertex   -4.377726e+01 -4.269961e+01 -1.100505e+02
    endloop
  endfacet
  facet normal 0.000000e+00 0.000000e+00 1.000000e+00
    outer loop
      vertex   -4.071748e+01 -4.488805e+01 -1.100505e+02
      vertex   -4.377726e+01 -4.269961e+01 -1.100505e+02
      vertex   -4.359776e+01 -4.318305e+01 -1.100505e+02
    endloop
  endfacet
  facet normal -4.796401e-15 -3.381646e-15 1.000000e+00
    outer loop
      vertex   -5.172411e+01 -3.585929e+01 -1.100505e+02
      vertex   -5.142695e+01 -3.628076e+01 -1.100505e+02
      vertex   -4.446946e+01 -4.194666e+01 -1.100505e+02
    endloop
  endfacet
  facet normal 2.791270e-15 5.935702e-15 1.000000e+00
    outer loop
      vertex   -4.446946e+01 -4.194666e+01 -1.100505e+02
      vertex   -5.142695e+01 -3.628076e+01 -1.100505e+02
      vertex   -4.493613e+01 -4.172721e+01 -1.100505e+02
    endloop
  endfacet
  facet normal 6.106804e-16 3.336977e-15 1.000000e+00
    outer loop
      vertex   -4.493613e+01 -4.172721e+01 -1.100505e+02
      vertex   -5.142695e+01 -3.628076e+01 -1.100505e+02
      vertex   -4.544339e+01 -4.163438e+01 -1.100505e+02
    endloop
  endfacet
  facet normal -3.556544e-15 -1.320590e-15 1.000000e+00
    outer loop
      vertex   -4.544339e+01 -4.163438e+01 -1.100505e+02
      vertex   -5.142695e+01 -3.628076e+01 -1.100505e+02
      vertex   -5.124745e+01 -3.676420e+01 -1.100505e+02
    endloop
  endfacet
  facet normal -2.075571e-16 2.670577e-15 1.000000e+00
    outer loop
      vertex   -4.544339e+01 -4.163438e+01 -1.100505e+02
      vertex   -5.124745e+01 -3.676420e+01 -1.100505e+02
      vertex   -4.595753e+01 -4.167434e+01 -1.100505e+02
    endloop
  endfacet
  facet normal -2.953039e-15 -2.872539e-16 1.000000e+00
    outer loop
      vertex   -4.595753e+01 -4.167434e+01 -1.100505e+02
      vertex   -5.124745e+01 -3.676420e+01 -1.100505e+02
      vertex   -5.119752e+01 -3.727747e+01 -1.100505e+02
    endloop
  endfacet
  facet normal -7.972663e-16 2.281896e-15 1.000000e+00
    outer loop
      vertex   -4.595753e+01 -4.167434e+01 -1.100505e+02
      vertex   -5.119752e+01 -3.727747e+01 -1.100505e+02
      vertex   -4.644437e+01 -4.184443e+01 -1.100505e+02
    endloop
  endfacet
  facet normal -2.584898e-15 4.213843e-16 1.000000e+00
    outer loop
      vertex   -4.644437e+01 -4.184443e+01 -1.100505e+02
      vertex   -5.119752e+01 -3.727747e+01 -1.100505e+02
      vertex   -5.128049e+01 -3.778644e+01 -1.100505e+02
    endloop
  endfacet
  facet normal -1.311482e-15 1.938983e-15 1.000000e+00
    outer loop
      vertex   -4.644437e+01 -4.184443e+01 -1.100505e+02
      vertex   -5.128049e+01 -3.778644e+01 -1.100505e+02
      vertex   -4.687152e+01 -4.213335e+01 -1.100505e+02
    endloop
  endfacet
  facet normal -2.237572e-15 9.996717e-16 1.000000e+00
    outer loop
      vertex   -4.687152e+01 -4.213335e+01 -1.100505e+02
      vertex   -5.128049e+01 -3.778644e+01 -1.100505e+02
      vertex   -5.149084e+01 -3.825728e+01 -1.100505e+02
    endloop
  endfacet
  facet normal -1.775904e-15 1.549865e-15 1.000000e+00
    outer loop
      vertex   -4.687152e+01 -4.213335e+01 -1.100505e+02
      vertex   -5.149084e+01 -3.825728e+01 -1.100505e+02
      vertex   -4.721061e+01 -4.252188e+01 -1.100505e+02
    endloop
  endfacet
  facet normal -1.840811e-15 1.484721e-15 1.000000e+00
    outer loop
      vertex   -4.721061e+01 -4.252188e+01 -1.100505e+02
      vertex   -5.149084e+01 -3.825728e+01 -1.100505e+02
      vertex   -5.181460e+01 -3.865868e+01 -1.100505e+02
    endloop
  endfacet
  facet normal -1.440728e-15 1.961521e-15 1.000000e+00
    outer loop
      vertex   -4.721061e+01 -4.252188e+01 -1.100505e+02
      vertex   -5.181460e+01 -3.865868e+01 -1.100505e+02
      vertex   -5.223022e+01 -3.896395e+01 -1.100505e+02
    endloop
  endfacet
  facet normal -2.096667e-15 1.036106e-15 1.000000e+00
    outer loop
      vertex   -4.721061e+01 -4.252188e+01 -1.100505e+02
      vertex   -5.223022e+01 -3.896395e+01 -1.100505e+02
      vertex   -4.743907e+01 -4.298421e+01 -1.100505e+02
    endloop
  endfacet
  facet normal -9.469899e-16 2.406238e-15 1.000000e+00
    outer loop
      vertex   -4.743907e+01 -4.298421e+01 -1.100505e+02
      vertex   -5.223022e+01 -3.896395e+01 -1.100505e+02
      vertex   -5.271009e+01 -3.915281e+01 -1.100505e+02
    endloop
  endfacet
  facet normal -2.349174e-15 4.771945e-16 1.000000e+00
    outer loop
      vertex   -4.743907e+01 -4.298421e+01 -1.100505e+02
      vertex   -5.271009e+01 -3.915281e+01 -1.100505e+02
      vertex   -4.754173e+01 -4.348958e+01 -1.100505e+02
    endloop
  endfacet
  facet normal -3.362257e-16 2.876133e-15 1.000000e+00
    outer loop
      vertex   -4.754173e+01 -4.348958e+01 -1.100505e+02
      vertex   -5.271009e+01 -3.915281e+01 -1.100505e+02
      vertex   -5.322229e+01 -3.921269e+01 -1.100505e+02
    endloop
  endfacet
  facet normal -2.616358e-15 -1.523369e-16 1.000000e+00
    outer loop
      vertex   -4.754173e+01 -4.348958e+01 -1.100505e+02
      vertex   -5.322229e+01 -3.921269e+01 -1.100505e+02
      vertex   -4.751175e+01 -4.400439e+01 -1.100505e+02
    endloop
  endfacet
  facet normal 5.118991e-16 3.575775e-15 1.000000e+00
    outer loop
      vertex   -4.751175e+01 -4.400439e+01 -1.100505e+02
      vertex   -5.322229e+01 -3.921269e+01 -1.100505e+02
      vertex   -5.373278e+01 -3.913961e+01 -1.100505e+02
    endloop
  endfacet
  facet normal -3.071588e-15 -1.006737e-15 1.000000e+00
    outer loop
      vertex   -4.751175e+01 -4.400439e+01 -1.100505e+02
      vertex   -5.373278e+01 -3.913961e+01 -1.100505e+02
      vertex   -4.735114e+01 -4.449444e+01 -1.100505e+02
    endloop
  endfacet
  facet normal -6.533708e-14 -7.521186e-14 1.000000e+00
    outer loop
      vertex   -4.735114e+01 -4.449444e+01 -1.100505e+02
      vertex   -5.373278e+01 -3.913961e+01 -1.100505e+02
      vertex   -4.707056e+01 -4.492712e+01 -1.100505e+02
    endloop
  endfacet
  facet normal 0.000000e+00 0.000000e+00 1.000000e+00
    outer loop
      vertex   -4.707056e+01 -4.492712e+01 -1.100505e+02
      vertex   -5.373278e+01 -3.913961e+01 -1.100505e+02
      vertex   -5.420761e+01 -3.893843e+01 -1.100505e+02
    endloop
  endfacet
  facet normal 0.000000e+00 0.000000e+00 1.000000e+00
    outer loop
      vertex   -4.707056e+01 -4.492712e+01 -1.100505e+02
      vertex   -5.420761e+01 -3.893843e+01 -1.100505e+02
      vertex   -5.899523e+01 -3.711186e+01 -1.100505e+02
    endloop
  endfacet
  facet normal 0.000000e+00 0.000000e+00 1.000000e+00
    outer loop
      vertex   -5.899523e+01 -3.711186e+01 -1.100505e+02
      vertex   -5.420761e+01 -3.893843e+01 -1.100505e+02
      vertex   -5.439423e+01 -3.881453e+01 -1.100505e+02
    endloop
  endfacet
  facet normal 0.000000e+00 0.000000e+00 1.000000e+00
    outer loop
      vertex   -5.899523e+01 -3.711186e+01 -1.100505e+02
      vertex   -5.439423e+01 -3.881453e+01 -1.100505e+02
      vertex   -5.456583e+01 -3.867054e+01 -1.100505e+02
    endloop
  endfacet
  facet normal 0.000000e+00 0.000000e+00 1.000000e+00
    outer loop
      vertex   -4.359776e+01 -4.318305e+01 -1.100505e+02
      vertex   -4.354783e+01 -4.369632e+01 -1.100505e+02
      vertex   -4.071748e+01 -4.488805e+01 -1.100505e+02
    endloop
  endfacet
  facet normal 0.000000e+00 0.000000e+00 1.000000e+00
    outer loop
      vertex   -4.071748e+01 -4.488805e+01 -1.100505e+02
      vertex   -4.354783e+01 -4.369632e+01 -1.100505e+02
      vertex   -4.363080e+01 -4.420529e+01 -1.100505e+02
    endloop
  endfacet
  facet normal 0.000000e+00 0.000000e+00 1.000000e+00
    outer loop
      vertex   -4.071748e+01 -4.488805e+01 -1.100505e+02
      vertex   -4.363080e+01 -4.420529e+01 -1.100505e+02
      vertex   -4.384116e+01 -4.467613e+01 -1.100505e+02
    endloop
  endfacet
  facet normal 0.000000e+00 0.000000e+00 1.000000e+00
    outer loop
      vertex   -4.384116e+01 -4.467613e+01 -1.100505e+02
      vertex   -4.416491e+01 -4.507753e+01 -1.100505e+02
      vertex   -4.071748e+01 -4.488805e+01 -1.100505e+02
    endloop
  endfacet
  facet normal 0.000000e+00 0.000000e+00 1.000000e+00
    outer loop
      vertex   -4.071748e+01 -4.488805e+01 -1.100505e+02
      vertex   -4.416491e+01 -4.507753e+01 -1.100505e+02
      vertex   -4.444038e+01 -4.932482e+01 -1.100505e+02
    endloop
  endfacet
  facet normal 0.000000e+00 -0.000000e+00 1.000000e+00
    outer loop
      vertex   -4.444038e+01 -4.932482e+01 -1.100505e+02
      vertex   -4.416491e+01 -4.507753e+01 -1.100505e+02
      vertex   -4.458053e+01 -4.538280e+01 -1.100505e+02
    endloop
  endfacet
  facet normal 0.000000e+00 0.000000e+00 1.000000e+00
    outer loop
      vertex   -4.444038e+01 -4.932482e+01 -1.100505e+02
      vertex   -4.458053e+01 -4.538280e+01 -1.100505e+02
      vertex   -4.506040e+01 -4.557166e+01 -1.100505e+02
    endloop
  endfacet
  facet normal 0.000000e+00 0.000000e+00 1.000000e+00
    outer loop
      vertex   -4.506040e+01 -4.557166e+01 -1.100505e+02
      vertex   -4.557260e+01 -4.563154e+01 -1.100505e+02
      vertex   -4.444038e+01 -4.932482e+01 -1.100505e+02
    endloop
  endfacet
  facet normal 0.000000e+00 0.000000e+00 1.000000e+00
    outer loop
      vertex   -4.444038e+01 -4.932482e+01 -1.100505e+02
      vertex   -4.557260e+01 -4.563154e+01 -1.100505e+02
      vertex   -4.608309e+01 -4.555846e+01 -1.100505e+02
    endloop
  endfacet
  facet normal -3.671237e-14 -1.601217e-14 1.000000e+00
    outer loop
      vertex   -4.444038e+01 -4.932482e+01 -1.100505e+02
      vertex   -4.608309e+01 -4.555846e+01 -1.100505e+02
      vertex   -4.655792e+01 -4.535728e+01 -1.100505e+02
    endloop
  endfacet
  facet normal 1.216161e-13 6.849015e-14 1.000000e+00
    outer loop
      vertex   -4.655792e+01 -4.535728e+01 -1.100505e+02
      vertex   -4.674454e+01 -4.523338e+01 -1.100505e+02
      vertex   -4.444038e+01 -4.932482e+01 -1.100505e+02
    endloop
  endfacet
  facet normal 0.000000e+00 0.000000e+00 1.000000e+00
    outer loop
      vertex   -4.444038e+01 -4.932482e+01 -1.100505e+02
      vertex   -4.674454e+01 -4.523338e+01 -1.100505e+02
      vertex   -4.691614e+01 -4.508939e+01 -1.100505e+02
    endloop
  endfacet
  facet normal -2.385769e-13 -1.394568e-13 1.000000e+00
    outer loop
      vertex   -4.444038e+01 -4.932482e+01 -1.100505e+02
      vertex   -4.691614e+01 -4.508939e+01 -1.100505e+02
      vertex   -4.707056e+01 -4.492712e+01 -1.100505e+02
    endloop
  endfacet
  facet normal 3.483129e-15 5.314619e-15 1.000000e+00
    outer loop
      vertex   -5.899523e+01 -3.711186e+01 -1.100505e+02
      vertex   -4.444038e+01 -4.932482e+01 -1.100505e+02
      vertex   -4.707056e+01 -4.492712e+01 -1.100505e+02
    endloop
  endfacet
  facet normal 7.460625e-01 6.658759e-01 6.523352e-16
    outer loop
      vertex   -4.707056e+01 -4.492712e+01 -1.190503e+02
      vertex   -4.707056e+01 -4.492712e+01 -1.100505e+02
      vertex   -4.700639e+01 -4.499902e+01 -1.191672e+02
    endloop
  endfacet
  facet normal 7.244204e-01 6.893584e-01 -3.375305e-04
    outer loop
      vertex   -4.700639e+01 -4.499902e+01 -1.191672e+02
      vertex   -4.707056e+01 -4.492712e+01 -1.100505e+02
      vertex   -4.691614e+01 -4.508939e+01 -1.100505e+02
    endloop
  endfacet
  facet normal 6.427871e-01 7.660439e-01 1.230791e-03
    outer loop
      vertex   -4.700639e+01 -4.499902e+01 -1.191672e+02
      vertex   -4.691614e+01 -4.508939e+01 -1.100505e+02
      vertex   -4.674454e+01 -4.523338e+01 -1.100505e+02
    endloop
  endfacet
  facet normal 6.343236e-01 7.730659e-01 1.654397e-03
    outer loop
      vertex   -4.700639e+01 -4.499902e+01 -1.191672e+02
      vertex   -4.674454e+01 -4.523338e+01 -1.100505e+02
      vertex   -4.660277e+01 -4.533020e+01 -1.191672e+02
    endloop
  endfacet
  facet normal 5.530912e-01 8.331207e-01 -2.466408e-04
    outer loop
      vertex   -4.660277e+01 -4.533020e+01 -1.191672e+02
      vertex   -4.674454e+01 -4.523338e+01 -1.100505e+02
      vertex   -4.655792e+01 -4.535728e+01 -1.100505e+02
    endloop
  endfacet
  facet normal 5.168241e-01 8.560916e-01 6.512252e-16
    outer loop
      vertex   -4.660277e+01 -4.533020e+01 -1.191672e+02
      vertex   -4.655792e+01 -4.535728e+01 -1.100505e+02
      vertex   -4.655792e+01 -4.535728e+01 -1.190503e+02
    endloop
  endfacet
  facet normal 3.897002e-01 9.197866e-01 -4.611288e-02
    outer loop
      vertex   -4.608309e+01 -4.555846e+01 -1.190503e+02
      vertex   -4.612718e+01 -4.554564e+01 -1.191672e+02
      vertex   -4.655792e+01 -4.535728e+01 -1.190503e+02
    endloop
  endfacet
  facet normal 4.006602e-01 9.162267e-01 0.000000e+00
    outer loop
      vertex   -4.655792e+01 -4.535728e+01 -1.190503e+02
      vertex   -4.612718e+01 -4.554564e+01 -1.191672e+02
      vertex   -4.612718e+01 -4.554564e+01 -1.282838e+02
    endloop
  endfacet
  facet normal 4.126258e-01 9.109004e-01 6.668364e-04
    outer loop
      vertex   -4.655792e+01 -4.535728e+01 -1.190503e+02
      vertex   -4.612718e+01 -4.554564e+01 -1.282838e+02
      vertex   -4.660277e+01 -4.533020e+01 -1.282838e+02
    endloop
  endfacet
  facet normal 4.126252e-01 9.108990e-01 -1.863544e-03
    outer loop
      vertex   -4.660277e+01 -4.533020e+01 -1.282838e+02
      vertex   -4.612718e+01 -4.554564e+01 -1.282838e+02
      vertex   -4.639202e+01 -4.544432e+01 -1.374005e+02
    endloop
  endfacet
  facet normal 5.372987e-01 8.433900e-01 1.863544e-03
    outer loop
      vertex   -4.660277e+01 -4.533020e+01 -1.282838e+02
      vertex   -4.639202e+01 -4.544432e+01 -1.374005e+02
      vertex   -4.683236e+01 -4.516379e+01 -1.374005e+02
    endloop
  endfacet
  facet normal 1.415984e-01 9.891088e-01 -4.016957e-02
    outer loop
      vertex   -4.557260e+01 -4.563154e+01 -1.190503e+02
      vertex   -4.561205e+01 -4.563064e+01 -1.191672e+02
      vertex   -4.608309e+01 -4.555846e+01 -1.190503e+02
    endloop
  endfacet
  facet normal 1.514697e-01 9.884619e-01 0.000000e+00
    outer loop
      vertex   -4.608309e+01 -4.555846e+01 -1.190503e+02
      vertex   -4.561205e+01 -4.563064e+01 -1.191672e+02
      vertex   -4.561205e+01 -4.563064e+01 -1.282838e+02
    endloop
  endfacet
  facet normal 1.628076e-01 9.866577e-01 5.924966e-04
    outer loop
      vertex   -4.608309e+01 -4.555846e+01 -1.190503e+02
      vertex   -4.561205e+01 -4.563064e+01 -1.282838e+02
      vertex   -4.612718e+01 -4.554564e+01 -1.282838e+02
    endloop
  endfacet
  facet normal 1.628073e-01 9.866561e-01 -1.863544e-03
    outer loop
      vertex   -4.612718e+01 -4.554564e+01 -1.282838e+02
      vertex   -4.561205e+01 -4.563064e+01 -1.282838e+02
      vertex   -4.589408e+01 -4.560132e+01 -1.374005e+02
    endloop
  endfacet
  facet normal 3.007053e-01 9.537153e-01 1.863544e-03
    outer loop
      vertex   -4.612718e+01 -4.554564e+01 -1.282838e+02
      vertex   -4.589408e+01 -4.560132e+01 -1.374005e+02
      vertex   -4.639202e+01 -4.544432e+01 -1.374005e+02
    endloop
  endfacet
  facet normal -1.160440e-01 9.926604e-01 -3.404445e-02
    outer loop
      vertex   -4.506040e+01 -4.557166e+01 -1.190503e+02
      vertex   -4.509246e+01 -4.557942e+01 -1.191672e+02
      vertex   -4.557260e+01 -4.563154e+01 -1.190503e+02
    endloop
  endfacet
  facet normal -1.079168e-01 9.941599e-01 0.000000e+00
    outer loop
      vertex   -4.557260e+01 -4.563154e+01 -1.190503e+02
      vertex   -4.509246e+01 -4.557942e+01 -1.191672e+02
      vertex   -4.509246e+01 -4.557942e+01 -1.282838e+02
    endloop
  endfacet
  facet normal -9.810575e-02 9.951759e-01 5.159044e-04
    outer loop
      vertex   -4.557260e+01 -4.563154e+01 -1.190503e+02
      vertex   -4.509246e+01 -4.557942e+01 -1.282838e+02
      vertex   -4.561205e+01 -4.563064e+01 -1.282838e+02
    endloop
  endfacet
  facet normal -9.810559e-02 9.951743e-01 -1.863544e-03
    outer loop
      vertex   -4.561205e+01 -4.563064e+01 -1.282838e+02
      vertex   -4.509246e+01 -4.557942e+01 -1.282838e+02
      vertex   -4.537247e+01 -4.562409e+01 -1.374005e+02
    endloop
  endfacet
  facet normal 4.361931e-02 9.990465e-01 1.863544e-03
    outer loop
      vertex   -4.561205e+01 -4.563064e+01 -1.282838e+02
      vertex   -4.537247e+01 -4.562409e+01 -1.374005e+02
      vertex   -4.589408e+01 -4.560132e+01 -1.374005e+02
    endloop
  endfacet
  facet normal -3.660749e-01 9.301719e-01 -2.773790e-02
    outer loop
      vertex   -4.458053e+01 -4.538280e+01 -1.190503e+02
      vertex   -4.460383e+01 -4.539546e+01 -1.191672e+02
      vertex   -4.506040e+01 -4.557166e+01 -1.190503e+02
    endloop
  endfacet
  facet normal -3.600390e-01 9.329373e-01 0.000000e+00
    outer loop
      vertex   -4.506040e+01 -4.557166e+01 -1.190503e+02
      vertex   -4.460383e+01 -4.539546e+01 -1.191672e+02
      vertex   -4.460383e+01 -4.539546e+01 -1.282838e+02
    endloop
  endfacet
  facet normal -3.523334e-01 9.358745e-01 4.370605e-04
    outer loop
      vertex   -4.506040e+01 -4.557166e+01 -1.190503e+02
      vertex   -4.460383e+01 -4.539546e+01 -1.282838e+02
      vertex   -4.509246e+01 -4.557942e+01 -1.282838e+02
    endloop
  endfacet
  facet normal -3.523328e-01 9.358729e-01 -1.863544e-03
    outer loop
      vertex   -4.509246e+01 -4.557942e+01 -1.282838e+02
      vertex   -4.460383e+01 -4.539546e+01 -1.282838e+02
      vertex   -4.486274e+01 -4.551109e+01 -1.374005e+02
    endloop
  endfacet
  facet normal -2.164392e-01 9.762943e-01 1.863544e-03
    outer loop
      vertex   -4.509246e+01 -4.557942e+01 -1.282838e+02
      vertex   -4.486274e+01 -4.551109e+01 -1.374005e+02
      vertex   -4.537247e+01 -4.562409e+01 -1.374005e+02
    endloop
  endfacet
  facet normal -5.918390e-01 8.057760e-01 -2.125045e-02
    outer loop
      vertex   -4.416491e+01 -4.507753e+01 -1.190503e+02
      vertex   -4.417947e+01 -4.509131e+01 -1.191672e+02
      vertex   -4.458053e+01 -4.538280e+01 -1.190503e+02
    endloop
  endfacet
  facet normal -5.879256e-01 8.089150e-01 0.000000e+00
    outer loop
      vertex   -4.458053e+01 -4.538280e+01 -1.190503e+02
      vertex   -4.417947e+01 -4.509131e+01 -1.191672e+02
      vertex   -4.417947e+01 -4.509131e+01 -1.282838e+02
    endloop
  endfacet
  facet normal -5.825500e-01 8.127948e-01 3.559659e-04
    outer loop
      vertex   -4.458053e+01 -4.538280e+01 -1.190503e+02
      vertex   -4.417947e+01 -4.509131e+01 -1.282838e+02
      vertex   -4.460383e+01 -4.539546e+01 -1.282838e+02
    endloop
  endfacet
  facet normal -5.825491e-01 8.127934e-01 -1.863544e-03
    outer loop
      vertex   -4.460383e+01 -4.539546e+01 -1.282838e+02
      vertex   -4.417947e+01 -4.509131e+01 -1.282838e+02
      vertex   -4.439963e+01 -4.527001e+01 -1.374005e+02
    endloop
  endfacet
  facet normal -4.617478e-01 8.870093e-01 1.863544e-03
    outer loop
      vertex   -4.460383e+01 -4.539546e+01 -1.282838e+02
      vertex   -4.439963e+01 -4.527001e+01 -1.374005e+02
      vertex   -4.486274e+01 -4.551109e+01 -1.374005e+02
    endloop
  endfacet
  facet normal -7.782899e-01 6.277358e-01 -1.458271e-02
    outer loop
      vertex   -4.384116e+01 -4.467613e+01 -1.190503e+02
      vertex   -4.384829e+01 -4.468769e+01 -1.191672e+02
      vertex   -4.416491e+01 -4.507753e+01 -1.190503e+02
    endloop
  endfacet
  facet normal -7.762366e-01 6.304416e-01 0.000000e+00
    outer loop
      vertex   -4.416491e+01 -4.507753e+01 -1.190503e+02
      vertex   -4.384829e+01 -4.468769e+01 -1.191672e+02
      vertex   -4.384829e+01 -4.468769e+01 -1.282838e+02
    endloop
  endfacet
  facet normal -7.730669e-01 6.343244e-01 2.726214e-04
    outer loop
      vertex   -4.416491e+01 -4.507753e+01 -1.190503e+02
      vertex   -4.384829e+01 -4.468769e+01 -1.282838e+02
      vertex   -4.417947e+01 -4.509131e+01 -1.282838e+02
    endloop
  endfacet
  facet normal -7.730656e-01 6.343233e-01 -1.863544e-03
    outer loop
      vertex   -4.417947e+01 -4.509131e+01 -1.282838e+02
      vertex   -4.384829e+01 -4.468769e+01 -1.282838e+02
      vertex   -4.401470e+01 -4.491728e+01 -1.374005e+02
    endloop
  endfacet
  facet normal -6.755890e-01 7.372761e-01 1.863544e-03
    outer loop
      vertex   -4.417947e+01 -4.509131e+01 -1.282838e+02
      vertex   -4.401470e+01 -4.491728e+01 -1.374005e+02
      vertex   -4.439963e+01 -4.527001e+01 -1.374005e+02
    endloop
  endfacet
  facet normal -9.129957e-01 4.078958e-01 -7.735459e-03
    outer loop
      vertex   -4.363080e+01 -4.420529e+01 -1.190503e+02
      vertex   -4.363285e+01 -4.421210e+01 -1.191672e+02
      vertex   -4.384116e+01 -4.467613e+01 -1.190503e+02
    endloop
  endfacet
  facet normal -9.122963e-01 4.095308e-01 0.000000e+00
    outer loop
      vertex   -4.384116e+01 -4.467613e+01 -1.190503e+02
      vertex   -4.363285e+01 -4.421210e+01 -1.191672e+02
      vertex   -4.363285e+01 -4.421210e+01 -1.282838e+02
    endloop
  endfacet
  facet normal -9.109006e-01 4.126259e-01 1.870278e-04
    outer loop
      vertex   -4.384116e+01 -4.467613e+01 -1.190503e+02
      vertex   -4.363285e+01 -4.421210e+01 -1.282838e+02
      vertex   -4.384829e+01 -4.468769e+01 -1.282838e+02
    endloop
  endfacet
  facet normal -9.108990e-01 4.126252e-01 -1.863544e-03
    outer loop
      vertex   -4.384829e+01 -4.468769e+01 -1.282838e+02
      vertex   -4.363285e+01 -4.421210e+01 -1.282838e+02
      vertex   -4.373417e+01 -4.447694e+01 -1.374005e+02
    endloop
  endfacet
  facet normal -8.433900e-01 5.372987e-01 1.863544e-03
    outer loop
      vertex   -4.384829e+01 -4.468769e+01 -1.282838e+02
      vertex   -4.373417e+01 -4.447694e+01 -1.374005e+02
      vertex   -4.401470e+01 -4.491728e+01 -1.374005e+02
    endloop
  endfacet
  facet normal -9.869717e-01 1.608939e-01 -4.526777e-06
    outer loop
      vertex   -4.354783e+01 -4.369632e+01 -1.190503e+02
      vertex   -4.354783e+01 -4.369632e+01 -1.191672e+02
      vertex   -4.363080e+01 -4.420529e+01 -1.190503e+02
    endloop
  endfacet
  facet normal -9.869717e-01 1.608939e-01 -4.523954e-06
    outer loop
      vertex   -4.363080e+01 -4.420529e+01 -1.190503e+02
      vertex   -4.354783e+01 -4.369632e+01 -1.191672e+02
      vertex   -4.354784e+01 -4.369664e+01 -1.282838e+02
    endloop
  endfacet
  facet normal -9.866709e-01 1.627286e-01 9.924717e-05
    outer loop
      vertex   -4.363080e+01 -4.420529e+01 -1.190503e+02
      vertex   -4.354784e+01 -4.369664e+01 -1.282838e+02
      vertex   -4.363285e+01 -4.421210e+01 -1.282838e+02
    endloop
  endfacet
  facet normal -9.866691e-01 1.627284e-01 -1.865642e-03
    outer loop
      vertex   -4.363285e+01 -4.421210e+01 -1.282838e+02
      vertex   -4.354784e+01 -4.369664e+01 -1.282838e+02
      vertex   -4.357717e+01 -4.397900e+01 -1.374005e+02
    endloop
  endfacet
  facet normal -9.537153e-01 3.007053e-01 1.863544e-03
    outer loop
      vertex   -4.363285e+01 -4.421210e+01 -1.282838e+02
      vertex   -4.357717e+01 -4.397900e+01 -1.374005e+02
      vertex   -4.373417e+01 -4.447694e+01 -1.374005e+02
    endloop
  endfacet
  facet normal -9.953022e-01 -9.681702e-02 4.526848e-06
    outer loop
      vertex   -4.354783e+01 -4.369632e+01 -1.190503e+02
      vertex   -4.359776e+01 -4.318305e+01 -1.190503e+02
      vertex   -4.354783e+01 -4.369632e+01 -1.191672e+02
    endloop
  endfacet
  facet normal -9.951398e-01 -9.826302e-02 6.421920e-03
    outer loop
      vertex   -4.354783e+01 -4.369632e+01 -1.191672e+02
      vertex   -4.359776e+01 -4.318305e+01 -1.190503e+02
      vertex   -4.359907e+01 -4.317738e+01 -1.191672e+02
    endloop
  endfacet
  facet normal -9.951603e-01 -9.826505e-02 0.000000e+00
    outer loop
      vertex   -4.354783e+01 -4.369632e+01 -1.191672e+02
      vertex   -4.359907e+01 -4.317738e+01 -1.191672e+02
      vertex   -4.359907e+01 -4.317738e+01 -1.282838e+02
    endloop
  endfacet
  facet normal -9.358746e-01 -3.523334e-01 0.000000e+00
    outer loop
      vertex   -4.359907e+01 -4.317738e+01 -1.282838e+02
      vertex   -4.359907e+01 -4.317738e+01 -1.191672e+02
      vertex   -4.378303e+01 -4.268875e+01 -1.282838e+02
    endloop
  endfacet
  facet normal -9.358729e-01 -3.523328e-01 -1.863544e-03
    outer loop
      vertex   -4.359907e+01 -4.317738e+01 -1.282838e+02
      vertex   -4.378303e+01 -4.268875e+01 -1.282838e+02
      vertex   -4.366740e+01 -4.294766e+01 -1.374005e+02
    endloop
  endfacet
  facet normal -8.870093e-01 -4.617478e-01 1.863544e-03
    outer loop
      vertex   -4.366740e+01 -4.294766e+01 -1.374005e+02
      vertex   -4.378303e+01 -4.268875e+01 -1.282838e+02
      vertex   -4.390848e+01 -4.248455e+01 -1.374005e+02
    endloop
  endfacet
  facet normal -8.127934e-01 -5.825491e-01 -1.863544e-03
    outer loop
      vertex   -4.390848e+01 -4.248455e+01 -1.374005e+02
      vertex   -4.378303e+01 -4.268875e+01 -1.282838e+02
      vertex   -4.408718e+01 -4.226439e+01 -1.282838e+02
    endloop
  endfacet
  facet normal -7.372761e-01 -6.755890e-01 1.863544e-03
    outer loop
      vertex   -4.390848e+01 -4.248455e+01 -1.374005e+02
      vertex   -4.408718e+01 -4.226439e+01 -1.282838e+02
      vertex   -4.426121e+01 -4.209961e+01 -1.374005e+02
    endloop
  endfacet
  facet normal -6.343233e-01 -7.730656e-01 -1.863544e-03
    outer loop
      vertex   -4.426121e+01 -4.209961e+01 -1.374005e+02
      vertex   -4.408718e+01 -4.226439e+01 -1.282838e+02
      vertex   -4.449080e+01 -4.193320e+01 -1.282838e+02
    endloop
  endfacet
  facet normal -5.372987e-01 -8.433900e-01 1.863544e-03
    outer loop
      vertex   -4.426121e+01 -4.209961e+01 -1.374005e+02
      vertex   -4.449080e+01 -4.193320e+01 -1.282838e+02
      vertex   -4.470155e+01 -4.181909e+01 -1.374005e+02
    endloop
  endfacet
  facet normal -4.126252e-01 -9.108990e-01 -1.863544e-03
    outer loop
      vertex   -4.470155e+01 -4.181909e+01 -1.374005e+02
      vertex   -4.449080e+01 -4.193320e+01 -1.282838e+02
      vertex   -4.496639e+01 -4.171777e+01 -1.282838e+02
    endloop
  endfacet
  facet normal -3.007053e-01 -9.537153e-01 1.863544e-03
    outer loop
      vertex   -4.470155e+01 -4.181909e+01 -1.374005e+02
      vertex   -4.496639e+01 -4.171777e+01 -1.282838e+02
      vertex   -4.519949e+01 -4.166209e+01 -1.374005e+02
    endloop
  endfacet
  facet normal -1.628073e-01 -9.866561e-01 -1.863544e-03
    outer loop
      vertex   -4.519949e+01 -4.166209e+01 -1.374005e+02
      vertex   -4.496639e+01 -4.171777e+01 -1.282838e+02
      vertex   -4.548152e+01 -4.163277e+01 -1.282838e+02
    endloop
  endfacet
  facet normal -4.361931e-02 -9.990465e-01 1.863544e-03
    outer loop
      vertex   -4.519949e+01 -4.166209e+01 -1.374005e+02
      vertex   -4.548152e+01 -4.163277e+01 -1.282838e+02
      vertex   -4.572110e+01 -4.163931e+01 -1.374005e+02
    endloop
  endfacet
  facet normal 9.810559e-02 -9.951743e-01 -1.863544e-03
    outer loop
      vertex   -4.572110e+01 -4.163931e+01 -1.374005e+02
      vertex   -4.548152e+01 -4.163277e+01 -1.282838e+02
      vertex   -4.600111e+01 -4.168399e+01 -1.282838e+02
    endloop
  endfacet
  facet normal 2.164392e-01 -9.762943e-01 1.863544e-03
    outer loop
      vertex   -4.572110e+01 -4.163931e+01 -1.374005e+02
      vertex   -4.600111e+01 -4.168399e+01 -1.282838e+02
      vertex   -4.623083e+01 -4.175232e+01 -1.374005e+02
    endloop
  endfacet
  facet normal 3.523328e-01 -9.358729e-01 -1.863544e-03
    outer loop
      vertex   -4.623083e+01 -4.175232e+01 -1.374005e+02
      vertex   -4.600111e+01 -4.168399e+01 -1.282838e+02
      vertex   -4.648974e+01 -4.186794e+01 -1.282838e+02
    endloop
  endfacet
  facet normal 4.617478e-01 -8.870093e-01 1.863544e-03
    outer loop
      vertex   -4.623083e+01 -4.175232e+01 -1.374005e+02
      vertex   -4.648974e+01 -4.186794e+01 -1.282838e+02
      vertex   -4.669394e+01 -4.199340e+01 -1.374005e+02
    endloop
  endfacet
  facet normal 5.825491e-01 -8.127934e-01 -1.863544e-03
    outer loop
      vertex   -4.669394e+01 -4.199340e+01 -1.374005e+02
      vertex   -4.648974e+01 -4.186794e+01 -1.282838e+02
      vertex   -4.691410e+01 -4.217210e+01 -1.282838e+02
    endloop
  endfacet
  facet normal 6.755890e-01 -7.372761e-01 1.863544e-03
    outer loop
      vertex   -4.669394e+01 -4.199340e+01 -1.374005e+02
      vertex   -4.691410e+01 -4.217210e+01 -1.282838e+02
      vertex   -4.707887e+01 -4.234613e+01 -1.374005e+02
    endloop
  endfacet
  facet normal 7.730656e-01 -6.343233e-01 -1.863544e-03
    outer loop
      vertex   -4.707887e+01 -4.234613e+01 -1.374005e+02
      vertex   -4.691410e+01 -4.217210e+01 -1.282838e+02
      vertex   -4.724528e+01 -4.257572e+01 -1.282838e+02
    endloop
  endfacet
  facet normal 8.433900e-01 -5.372987e-01 1.863544e-03
    outer loop
      vertex   -4.707887e+01 -4.234613e+01 -1.374005e+02
      vertex   -4.724528e+01 -4.257572e+01 -1.282838e+02
      vertex   -4.735940e+01 -4.278647e+01 -1.374005e+02
    endloop
  endfacet
  facet normal 9.108990e-01 -4.126252e-01 -1.863544e-03
    outer loop
      vertex   -4.735940e+01 -4.278647e+01 -1.374005e+02
      vertex   -4.724528e+01 -4.257572e+01 -1.282838e+02
      vertex   -4.746072e+01 -4.305130e+01 -1.282838e+02
    endloop
  endfacet
  facet normal 9.537153e-01 -3.007053e-01 1.863544e-03
    outer loop
      vertex   -4.735940e+01 -4.278647e+01 -1.374005e+02
      vertex   -4.746072e+01 -4.305130e+01 -1.282838e+02
      vertex   -4.751640e+01 -4.328441e+01 -1.374005e+02
    endloop
  endfacet
  facet normal 9.866561e-01 -1.628073e-01 -1.863544e-03
    outer loop
      vertex   -4.751640e+01 -4.328441e+01 -1.374005e+02
      vertex   -4.746072e+01 -4.305130e+01 -1.282838e+02
      vertex   -4.754572e+01 -4.356644e+01 -1.282838e+02
    endloop
  endfacet
  facet normal 9.990465e-01 -4.361931e-02 1.863544e-03
    outer loop
      vertex   -4.751640e+01 -4.328441e+01 -1.374005e+02
      vertex   -4.754572e+01 -4.356644e+01 -1.282838e+02
      vertex   -4.753917e+01 -4.380601e+01 -1.374005e+02
    endloop
  endfacet
  facet normal 9.951743e-01 9.810559e-02 -1.863544e-03
    outer loop
      vertex   -4.753917e+01 -4.380601e+01 -1.374005e+02
      vertex   -4.754572e+01 -4.356644e+01 -1.282838e+02
      vertex   -4.749450e+01 -4.408603e+01 -1.282838e+02
    endloop
  endfacet
  facet normal 9.762943e-01 2.164392e-01 1.863544e-03
    outer loop
      vertex   -4.753917e+01 -4.380601e+01 -1.374005e+02
      vertex   -4.749450e+01 -4.408603e+01 -1.282838e+02
      vertex   -4.742617e+01 -4.431574e+01 -1.374005e+02
    endloop
  endfacet
  facet normal 9.358729e-01 3.523328e-01 -1.863544e-03
    outer loop
      vertex   -4.742617e+01 -4.431574e+01 -1.374005e+02
      vertex   -4.749450e+01 -4.408603e+01 -1.282838e+02
      vertex   -4.731054e+01 -4.457465e+01 -1.282838e+02
    endloop
  endfacet
  facet normal 8.870093e-01 4.617478e-01 1.863544e-03
    outer loop
      vertex   -4.742617e+01 -4.431574e+01 -1.374005e+02
      vertex   -4.731054e+01 -4.457465e+01 -1.282838e+02
      vertex   -4.718509e+01 -4.477886e+01 -1.374005e+02
    endloop
  endfacet
  facet normal 8.127934e-01 5.825491e-01 -1.863544e-03
    outer loop
      vertex   -4.718509e+01 -4.477886e+01 -1.374005e+02
      vertex   -4.731054e+01 -4.457465e+01 -1.282838e+02
      vertex   -4.700639e+01 -4.499902e+01 -1.282838e+02
    endloop
  endfacet
  facet normal 7.372761e-01 6.755890e-01 1.863544e-03
    outer loop
      vertex   -4.718509e+01 -4.477886e+01 -1.374005e+02
      vertex   -4.700639e+01 -4.499902e+01 -1.282838e+02
      vertex   -4.683236e+01 -4.516379e+01 -1.374005e+02
    endloop
  endfacet
  facet normal 6.343233e-01 7.730656e-01 -1.863544e-03
    outer loop
      vertex   -4.683236e+01 -4.516379e+01 -1.374005e+02
      vertex   -4.700639e+01 -4.499902e+01 -1.282838e+02
      vertex   -4.660277e+01 -4.533020e+01 -1.282838e+02
    endloop
  endfacet
  facet normal -9.374418e-01 -3.480841e-01 -6.349946e-03
    outer loop
      vertex   -4.359776e+01 -4.318305e+01 -1.190503e+02
      vertex   -4.377726e+01 -4.269961e+01 -1.190503e+02
      vertex   -4.359907e+01 -4.317738e+01 -1.191672e+02
    endloop
  endfacet
  facet normal -9.369389e-01 -3.494930e-01 1.737111e-04
    outer loop
      vertex   -4.359907e+01 -4.317738e+01 -1.191672e+02
      vertex   -4.377726e+01 -4.269961e+01 -1.190503e+02
      vertex   -4.378303e+01 -4.268875e+01 -1.282838e+02
    endloop
  endfacet
  facet normal -8.833240e-01 -4.687630e-01 0.000000e+00
    outer loop
      vertex   -4.378303e+01 -4.268875e+01 -1.282838e+02
      vertex   -4.377726e+01 -4.269961e+01 -1.190503e+02
      vertex   -4.378303e+01 -4.268875e+01 -1.191672e+02
    endloop
  endfacet
  facet normal -8.172212e-01 -5.761722e-01 -1.323286e-02
    outer loop
      vertex   -4.378303e+01 -4.268875e+01 -1.191672e+02
      vertex   -4.377726e+01 -4.269961e+01 -1.190503e+02
      vertex   -4.407442e+01 -4.227814e+01 -1.190503e+02
    endloop
  endfacet
  facet normal -8.155181e-01 -5.787316e-01 -0.000000e+00
    outer loop
      vertex   -4.378303e+01 -4.268875e+01 -1.191672e+02
      vertex   -4.407442e+01 -4.227814e+01 -1.190503e+02
      vertex   -4.378303e+01 -4.268875e+01 -1.282838e+02
    endloop
  endfacet
  facet normal -8.127948e-01 -5.825501e-01 2.557483e-04
    outer loop
      vertex   -4.378303e+01 -4.268875e+01 -1.282838e+02
      vertex   -4.407442e+01 -4.227814e+01 -1.190503e+02
      vertex   -4.408718e+01 -4.226439e+01 -1.282838e+02
    endloop
  endfacet
  facet normal -7.330016e-01 -6.802269e-01 0.000000e+00
    outer loop
      vertex   -4.408718e+01 -4.226439e+01 -1.282838e+02
      vertex   -4.407442e+01 -4.227814e+01 -1.190503e+02
      vertex   -4.408718e+01 -4.226439e+01 -1.191672e+02
    endloop
  endfacet
  facet normal -6.426599e-01 -7.658922e-01 -1.993642e-02
    outer loop
      vertex   -4.408718e+01 -4.226439e+01 -1.191672e+02
      vertex   -4.407442e+01 -4.227814e+01 -1.190503e+02
      vertex   -4.446946e+01 -4.194666e+01 -1.190503e+02
    endloop
  endfacet
  facet normal -6.391877e-01 -7.690508e-01 -0.000000e+00
    outer loop
      vertex   -4.408718e+01 -4.226439e+01 -1.191672e+02
      vertex   -4.446946e+01 -4.194666e+01 -1.190503e+02
      vertex   -4.408718e+01 -4.226439e+01 -1.282838e+02
    endloop
  endfacet
  facet normal -6.343244e-01 -7.730669e-01 3.395410e-04
    outer loop
      vertex   -4.408718e+01 -4.226439e+01 -1.282838e+02
      vertex   -4.446946e+01 -4.194666e+01 -1.190503e+02
      vertex   -4.449080e+01 -4.193320e+01 -1.282838e+02
    endloop
  endfacet
  facet normal -5.333381e-01 -8.459022e-01 0.000000e+00
    outer loop
      vertex   -4.449080e+01 -4.193320e+01 -1.282838e+02
      vertex   -4.446946e+01 -4.194666e+01 -1.190503e+02
      vertex   -4.449080e+01 -4.193320e+01 -1.191672e+02
    endloop
  endfacet
  facet normal -4.253982e-01 -9.046194e-01 -2.645985e-02
    outer loop
      vertex   -4.449080e+01 -4.193320e+01 -1.191672e+02
      vertex   -4.446946e+01 -4.194666e+01 -1.190503e+02
      vertex   -4.493613e+01 -4.172721e+01 -1.190503e+02
    endloop
  endfacet
  facet normal -4.198311e-01 -9.076022e-01 -0.000000e+00
    outer loop
      vertex   -4.449080e+01 -4.193320e+01 -1.191672e+02
      vertex   -4.493613e+01 -4.172721e+01 -1.190503e+02
      vertex   -4.449080e+01 -4.193320e+01 -1.282838e+02
    endloop
  endfacet
  facet normal -4.126259e-01 -9.109005e-01 4.210839e-04
    outer loop
      vertex   -4.449080e+01 -4.193320e+01 -1.282838e+02
      vertex   -4.493613e+01 -4.172721e+01 -1.190503e+02
      vertex   -4.496639e+01 -4.171777e+01 -1.282838e+02
    endloop
  endfacet
  facet normal -2.977735e-01 -9.546365e-01 0.000000e+00
    outer loop
      vertex   -4.496639e+01 -4.171777e+01 -1.282838e+02
      vertex   -4.493613e+01 -4.172721e+01 -1.190503e+02
      vertex   -4.496639e+01 -4.171777e+01 -1.191672e+02
    endloop
  endfacet
  facet normal -1.799177e-01 -9.831346e-01 -3.280248e-02
    outer loop
      vertex   -4.496639e+01 -4.171777e+01 -1.191672e+02
      vertex   -4.493613e+01 -4.172721e+01 -1.190503e+02
      vertex   -4.544339e+01 -4.163438e+01 -1.190503e+02
    endloop
  endfacet
  facet normal -1.722141e-01 -9.850595e-01 -0.000000e+00
    outer loop
      vertex   -4.496639e+01 -4.171777e+01 -1.191672e+02
      vertex   -4.544339e+01 -4.163438e+01 -1.190503e+02
      vertex   -4.496639e+01 -4.171777e+01 -1.282838e+02
    endloop
  endfacet
  facet normal -1.628076e-01 -9.866577e-01 5.003762e-04
    outer loop
      vertex   -4.496639e+01 -4.171777e+01 -1.282838e+02
      vertex   -4.544339e+01 -4.163438e+01 -1.190503e+02
      vertex   -4.548152e+01 -4.163277e+01 -1.282838e+02
    endloop
  endfacet
  facet normal -4.216473e-02 -9.991107e-01 0.000000e+00
    outer loop
      vertex   -4.548152e+01 -4.163277e+01 -1.282838e+02
      vertex   -4.544339e+01 -4.163438e+01 -1.190503e+02
      vertex   -4.548152e+01 -4.163277e+01 -1.191672e+02
    endloop
  endfacet
  facet normal 7.742742e-02 -9.962363e-01 -3.896378e-02
    outer loop
      vertex   -4.548152e+01 -4.163277e+01 -1.191672e+02
      vertex   -4.544339e+01 -4.163438e+01 -1.190503e+02
      vertex   -4.595753e+01 -4.167434e+01 -1.190503e+02
    endloop
  endfacet
  facet normal 8.699527e-02 -9.962087e-01 0.000000e+00
    outer loop
      vertex   -4.548152e+01 -4.163277e+01 -1.191672e+02
      vertex   -4.595753e+01 -4.167434e+01 -1.190503e+02
      vertex   -4.548152e+01 -4.163277e+01 -1.282838e+02
    endloop
  endfacet
  facet normal 9.810575e-02 -9.951758e-01 5.774171e-04
    outer loop
      vertex   -4.548152e+01 -4.163277e+01 -1.282838e+02
      vertex   -4.595753e+01 -4.167434e+01 -1.190503e+02
      vertex   -4.600111e+01 -4.168399e+01 -1.282838e+02
    endloop
  endfacet
  facet normal 2.162823e-01 -9.763309e-01 0.000000e+00
    outer loop
      vertex   -4.600111e+01 -4.168399e+01 -1.282838e+02
      vertex   -4.595753e+01 -4.167434e+01 -1.190503e+02
      vertex   -4.600111e+01 -4.168399e+01 -1.191672e+02
    endloop
  endfacet
  facet normal 3.295022e-01 -9.430845e-01 -4.494334e-02
    outer loop
      vertex   -4.600111e+01 -4.168399e+01 -1.191672e+02
      vertex   -4.595753e+01 -4.167434e+01 -1.190503e+02
      vertex   -4.644437e+01 -4.184443e+01 -1.190503e+02
    endloop
  endfacet
  facet normal 3.403487e-01 -9.402993e-01 0.000000e+00
    outer loop
      vertex   -4.600111e+01 -4.168399e+01 -1.191672e+02
      vertex   -4.644437e+01 -4.184443e+01 -1.190503e+02
      vertex   -4.600111e+01 -4.168399e+01 -1.282838e+02
    endloop
  endfacet
  facet normal 3.523333e-01 -9.358744e-01 6.522057e-04
    outer loop
      vertex   -4.600111e+01 -4.168399e+01 -1.282838e+02
      vertex   -4.644437e+01 -4.184443e+01 -1.190503e+02
      vertex   -4.648974e+01 -4.186794e+01 -1.282838e+02
    endloop
  endfacet
  facet normal 4.601706e-01 -8.878305e-01 0.000000e+00
    outer loop
      vertex   -4.648974e+01 -4.186794e+01 -1.282838e+02
      vertex   -4.644437e+01 -4.184443e+01 -1.190503e+02
      vertex   -4.648974e+01 -4.186794e+01 -1.191672e+02
    endloop
  endfacet
  facet normal 5.595340e-01 -8.272527e-01 -5.074086e-02
    outer loop
      vertex   -4.648974e+01 -4.186794e+01 -1.191672e+02
      vertex   -4.644437e+01 -4.184443e+01 -1.190503e+02
      vertex   -4.687152e+01 -4.213335e+01 -1.190503e+02
    endloop
  endfacet
  facet normal 5.707919e-01 -8.210947e-01 0.000000e+00
    outer loop
      vertex   -4.648974e+01 -4.186794e+01 -1.191672e+02
      vertex   -4.687152e+01 -4.213335e+01 -1.190503e+02
      vertex   -4.648974e+01 -4.186794e+01 -1.282838e+02
    endloop
  endfacet
  facet normal 5.825499e-01 -8.127946e-01 7.247413e-04
    outer loop
      vertex   -4.648974e+01 -4.186794e+01 -1.282838e+02
      vertex   -4.687152e+01 -4.213335e+01 -1.190503e+02
      vertex   -4.691410e+01 -4.217210e+01 -1.282838e+02
    endloop
  endfacet
  facet normal 6.730831e-01 -7.395669e-01 0.000000e+00
    outer loop
      vertex   -4.691410e+01 -4.217210e+01 -1.282838e+02
      vertex   -4.687152e+01 -4.213335e+01 -1.190503e+02
      vertex   -4.691410e+01 -4.217210e+01 -1.191672e+02
    endloop
  endfacet
  facet normal 7.522304e-01 -6.564857e-01 -5.635614e-02
    outer loop
      vertex   -4.691410e+01 -4.217210e+01 -1.191672e+02
      vertex   -4.687152e+01 -4.213335e+01 -1.190503e+02
      vertex   -4.721061e+01 -4.252188e+01 -1.190503e+02
    endloop
  endfacet
  facet normal 7.628130e-01 -6.466192e-01 0.000000e+00
    outer loop
      vertex   -4.691410e+01 -4.217210e+01 -1.191672e+02
      vertex   -4.721061e+01 -4.252188e+01 -1.190503e+02
      vertex   -4.691410e+01 -4.217210e+01 -1.282838e+02
    endloop
  endfacet
  facet normal 7.730667e-01 -6.343242e-01 7.950231e-04
    outer loop
      vertex   -4.691410e+01 -4.217210e+01 -1.282838e+02
      vertex   -4.721061e+01 -4.252188e+01 -1.190503e+02
      vertex   -4.724528e+01 -4.257572e+01 -1.282838e+02
    endloop
  endfacet
  facet normal 8.406878e-01 -5.415202e-01 0.000000e+00
    outer loop
      vertex   -4.724528e+01 -4.257572e+01 -1.282838e+02
      vertex   -4.721061e+01 -4.252188e+01 -1.190503e+02
      vertex   -4.724528e+01 -4.257572e+01 -1.191672e+02
    endloop
  endfacet
  facet normal 8.947957e-01 -4.421796e-01 -6.178907e-02
    outer loop
      vertex   -4.724528e+01 -4.257572e+01 -1.191672e+02
      vertex   -4.721061e+01 -4.252188e+01 -1.190503e+02
      vertex   -4.743907e+01 -4.298421e+01 -1.190503e+02
    endloop
  endfacet
  facet normal 9.034862e-01 -4.286172e-01 0.000000e+00
    outer loop
      vertex   -4.724528e+01 -4.257572e+01 -1.191672e+02
      vertex   -4.743907e+01 -4.298421e+01 -1.190503e+02
      vertex   -4.724528e+01 -4.257572e+01 -1.282838e+02
    endloop
  endfacet
  facet normal 9.109002e-01 -4.126258e-01 8.630504e-04
    outer loop
      vertex   -4.724528e+01 -4.257572e+01 -1.282838e+02
      vertex   -4.743907e+01 -4.298421e+01 -1.190503e+02
      vertex   -4.746072e+01 -4.305130e+01 -1.282838e+02
    endloop
  endfacet
  facet normal 9.517025e-01 -3.070217e-01 0.000000e+00
    outer loop
      vertex   -4.746072e+01 -4.305130e+01 -1.282838e+02
      vertex   -4.743907e+01 -4.298421e+01 -1.190503e+02
      vertex   -4.746072e+01 -4.305130e+01 -1.191672e+02
    endloop
  endfacet
  facet normal 9.777812e-01 -1.986195e-01 -6.703965e-02
    outer loop
      vertex   -4.746072e+01 -4.305130e+01 -1.191672e+02
      vertex   -4.743907e+01 -4.298421e+01 -1.190503e+02
      vertex   -4.754173e+01 -4.348958e+01 -1.190503e+02
    endloop
  endfacet
  facet normal 9.833423e-01 -1.817634e-01 0.000000e+00
    outer loop
      vertex   -4.746072e+01 -4.305130e+01 -1.191672e+02
      vertex   -4.754173e+01 -4.348958e+01 -1.190503e+02
      vertex   -4.746072e+01 -4.305130e+01 -1.282838e+02
    endloop
  endfacet
  facet normal 9.866574e-01 -1.628075e-01 9.288225e-04
    outer loop
      vertex   -4.746072e+01 -4.305130e+01 -1.282838e+02
      vertex   -4.754173e+01 -4.348958e+01 -1.190503e+02
      vertex   -4.754572e+01 -4.356644e+01 -1.282838e+02
    endloop
  endfacet
  facet normal 9.986546e-01 -5.185642e-02 0.000000e+00
    outer loop
      vertex   -4.754572e+01 -4.356644e+01 -1.282838e+02
      vertex   -4.754173e+01 -4.348958e+01 -1.190503e+02
      vertex   -4.754572e+01 -4.356644e+01 -1.191672e+02
    endloop
  endfacet
  facet normal 9.957105e-01 5.797502e-02 -7.210791e-02
    outer loop
      vertex   -4.754572e+01 -4.356644e+01 -1.191672e+02
      vertex   -4.754173e+01 -4.348958e+01 -1.190503e+02
      vertex   -4.751175e+01 -4.400439e+01 -1.190503e+02
    endloop
  endfacet
  facet normal 9.970059e-01 7.732567e-02 0.000000e+00
    outer loop
      vertex   -4.754572e+01 -4.356644e+01 -1.191672e+02
      vertex   -4.751175e+01 -4.400439e+01 -1.190503e+02
      vertex   -4.754572e+01 -4.356644e+01 -1.282838e+02
    endloop
  endfacet
  facet normal 9.951755e-01 9.810572e-02 9.923386e-04
    outer loop
      vertex   -4.754572e+01 -4.356644e+01 -1.282838e+02
      vertex   -4.751175e+01 -4.400439e+01 -1.190503e+02
      vertex   -4.749450e+01 -4.408603e+01 -1.282838e+02
    endloop
  endfacet
  facet normal 9.783833e-01 2.067995e-01 -0.000000e+00
    outer loop
      vertex   -4.749450e+01 -4.408603e+01 -1.282838e+02
      vertex   -4.751175e+01 -4.400439e+01 -1.190503e+02
      vertex   -4.749450e+01 -4.408603e+01 -1.191672e+02
    endloop
  endfacet
  facet normal 9.474399e-01 3.105310e-01 -7.699399e-02
    outer loop
      vertex   -4.749450e+01 -4.408603e+01 -1.191672e+02
      vertex   -4.751175e+01 -4.400439e+01 -1.190503e+02
      vertex   -4.735114e+01 -4.449444e+01 -1.190503e+02
    endloop
  endfacet
  facet normal 9.435572e-01 3.312096e-01 0.000000e+00
    outer loop
      vertex   -4.749450e+01 -4.408603e+01 -1.191672e+02
      vertex   -4.735114e+01 -4.449444e+01 -1.190503e+02
      vertex   -4.749450e+01 -4.408603e+01 -1.282838e+02
    endloop
  endfacet
  facet normal 9.358740e-01 3.523332e-01 1.053598e-03
    outer loop
      vertex   -4.749450e+01 -4.408603e+01 -1.282838e+02
      vertex   -4.735114e+01 -4.449444e+01 -1.190503e+02
      vertex   -4.731054e+01 -4.457465e+01 -1.282838e+02
    endloop
  endfacet
  facet normal 8.922534e-01 4.515350e-01 -0.000000e+00
    outer loop
      vertex   -4.731054e+01 -4.457465e+01 -1.282838e+02
      vertex   -4.735114e+01 -4.449444e+01 -1.190503e+02
      vertex   -4.731054e+01 -4.457465e+01 -1.191672e+02
    endloop
  endfacet
  facet normal 8.362300e-01 5.422590e-01 -8.169808e-02
    outer loop
      vertex   -4.731054e+01 -4.457465e+01 -1.191672e+02
      vertex   -4.735114e+01 -4.449444e+01 -1.190503e+02
      vertex   -4.707056e+01 -4.492712e+01 -1.190503e+02
    endloop
  endfacet
  facet normal 8.265941e-01 5.627986e-01 0.000000e+00
    outer loop
      vertex   -4.731054e+01 -4.457465e+01 -1.191672e+02
      vertex   -4.707056e+01 -4.492712e+01 -1.190503e+02
      vertex   -4.731054e+01 -4.457465e+01 -1.282838e+02
    endloop
  endfacet
  facet normal 8.127943e-01 5.825497e-01 1.112600e-03
    outer loop
      vertex   -4.731054e+01 -4.457465e+01 -1.282838e+02
      vertex   -4.707056e+01 -4.492712e+01 -1.190503e+02
      vertex   -4.700639e+01 -4.499902e+01 -1.282838e+02
    endloop
  endfacet
  facet normal 7.460625e-01 6.658759e-01 -0.000000e+00
    outer loop
      vertex   -4.700639e+01 -4.499902e+01 -1.282838e+02
      vertex   -4.707056e+01 -4.492712e+01 -1.190503e+02
      vertex   -4.700639e+01 -4.499902e+01 -1.191672e+02
    endloop
  endfacet
  facet normal -9.762943e-01 -2.164392e-01 1.863544e-03
    outer loop
      vertex   -4.366740e+01 -4.294766e+01 -1.374005e+02
      vertex   -4.355440e+01 -4.345739e+01 -1.374005e+02
      vertex   -4.359907e+01 -4.317738e+01 -1.282838e+02
    endloop
  endfacet
  facet normal -9.951664e-01 -9.818524e-02 -1.861059e-03
    outer loop
      vertex   -4.359907e+01 -4.317738e+01 -1.282838e+02
      vertex   -4.355440e+01 -4.345739e+01 -1.374005e+02
      vertex   -4.354784e+01 -4.369664e+01 -1.282838e+02
    endloop
  endfacet
  facet normal -9.951681e-01 -9.818541e-02 4.577540e-06
    outer loop
      vertex   -4.359907e+01 -4.317738e+01 -1.282838e+02
      vertex   -4.354784e+01 -4.369664e+01 -1.282838e+02
      vertex   -4.354783e+01 -4.369632e+01 -1.191672e+02
    endloop
  endfacet
  facet normal -9.990465e-01 4.361931e-02 1.863155e-03
    outer loop
      vertex   -4.355440e+01 -4.345739e+01 -1.374005e+02
      vertex   -4.357717e+01 -4.397900e+01 -1.374005e+02
      vertex   -4.354784e+01 -4.369664e+01 -1.282838e+02
    endloop
  endfacet
  facet normal 6.343244e-01 7.730669e-01 0.000000e+00
    outer loop
      vertex   -4.660277e+01 -4.533020e+01 -1.282838e+02
      vertex   -4.700639e+01 -4.499902e+01 -1.282838e+02
      vertex   -4.700639e+01 -4.499902e+01 -1.191672e+02
    endloop
  endfacet
  facet normal 5.168241e-01 8.560916e-01 0.000000e+00
    outer loop
      vertex   -4.655792e+01 -4.535728e+01 -1.190503e+02
      vertex   -4.660277e+01 -4.533020e+01 -1.282838e+02
      vertex   -4.660277e+01 -4.533020e+01 -1.191672e+02
    endloop
  endfacet
  facet normal 6.343244e-01 7.730669e-01 0.000000e+00
    outer loop
      vertex   -4.660277e+01 -4.533020e+01 -1.191672e+02
      vertex   -4.660277e+01 -4.533020e+01 -1.282838e+02
      vertex   -4.700639e+01 -4.499902e+01 -1.191672e+02
    endloop
  endfacet
  facet normal 2.791940e-01 9.602347e-01 0.000000e+00
    outer loop
      vertex   -4.608309e+01 -4.555846e+01 -1.190503e+02
      vertex   -4.612718e+01 -4.554564e+01 -1.282838e+02
      vertex   -4.612718e+01 -4.554564e+01 -1.191672e+02
    endloop
  endfacet
  facet normal 2.277037e-02 9.997407e-01 0.000000e+00
    outer loop
      vertex   -4.557260e+01 -4.563154e+01 -1.190503e+02
      vertex   -4.561205e+01 -4.563064e+01 -1.282838e+02
      vertex   -4.561205e+01 -4.563064e+01 -1.191672e+02
    endloop
  endfacet
  facet normal -2.351860e-01 9.719504e-01 0.000000e+00
    outer loop
      vertex   -4.506040e+01 -4.557166e+01 -1.190503e+02
      vertex   -4.509246e+01 -4.557942e+01 -1.282838e+02
      vertex   -4.509246e+01 -4.557942e+01 -1.191672e+02
    endloop
  endfacet
  facet normal -4.773112e-01 8.787343e-01 0.000000e+00
    outer loop
      vertex   -4.458053e+01 -4.538280e+01 -1.190503e+02
      vertex   -4.460383e+01 -4.539546e+01 -1.282838e+02
      vertex   -4.460383e+01 -4.539546e+01 -1.191672e+02
    endloop
  endfacet
  facet normal -6.873067e-01 7.263673e-01 0.000000e+00
    outer loop
      vertex   -4.416491e+01 -4.507753e+01 -1.190503e+02
      vertex   -4.417947e+01 -4.509131e+01 -1.282838e+02
      vertex   -4.417947e+01 -4.509131e+01 -1.191672e+02
    endloop
  endfacet
  facet normal -8.510370e-01 5.251058e-01 0.000000e+00
    outer loop
      vertex   -4.384116e+01 -4.467613e+01 -1.190503e+02
      vertex   -4.384829e+01 -4.468769e+01 -1.282838e+02
      vertex   -4.384829e+01 -4.468769e+01 -1.191672e+02
    endloop
  endfacet
  facet normal -9.574807e-01 2.884974e-01 0.000000e+00
    outer loop
      vertex   -4.363080e+01 -4.420529e+01 -1.190503e+02
      vertex   -4.363285e+01 -4.421210e+01 -1.282838e+02
      vertex   -4.363285e+01 -4.421210e+01 -1.191672e+02
    endloop
  endfacet
  facet normal 7.244204e-01 6.893584e-01 0.000000e+00
    outer loop
      vertex   -5.472025e+01 -3.850827e+01 -1.100505e+02
      vertex   -5.456583e+01 -3.867054e+01 -1.100505e+02
      vertex   -5.472025e+01 -3.850827e+01 -1.190503e+02
    endloop
  endfacet
  facet normal 7.049966e-01 7.092104e-01 6.912306e-04
    outer loop
      vertex   -5.472025e+01 -3.850827e+01 -1.190503e+02
      vertex   -5.456583e+01 -3.867054e+01 -1.100505e+02
      vertex   -5.448205e+01 -3.874494e+01 -1.191672e+02
    endloop
  endfacet
  facet normal 7.048261e-01 7.093802e-01 0.000000e+00
    outer loop
      vertex   -5.472025e+01 -3.850827e+01 -1.190503e+02
      vertex   -5.448205e+01 -3.874494e+01 -1.191672e+02
      vertex   -5.448205e+01 -3.874494e+01 -1.282838e+02
    endloop
  endfacet
  facet normal 5.762113e-01 8.173007e-01 -0.000000e+00
    outer loop
      vertex   -5.448205e+01 -3.874494e+01 -1.282838e+02
      vertex   -5.448205e+01 -3.874494e+01 -1.191672e+02
      vertex   -5.420761e+01 -3.893843e+01 -1.190503e+02
    endloop
  endfacet
  facet normal 5.372988e-01 8.433902e-01 1.703251e-03
    outer loop
      vertex   -5.448205e+01 -3.874494e+01 -1.282838e+02
      vertex   -5.420761e+01 -3.893843e+01 -1.190503e+02
      vertex   -5.404171e+01 -3.902547e+01 -1.282838e+02
    endloop
  endfacet
  facet normal 4.646026e-01 8.855193e-01 3.961544e-16
    outer loop
      vertex   -5.404171e+01 -3.902547e+01 -1.282838e+02
      vertex   -5.420761e+01 -3.893843e+01 -1.190503e+02
      vertex   -5.404171e+01 -3.902547e+01 -1.191672e+02
    endloop
  endfacet
  facet normal 3.465617e-01 9.380272e-01 7.923111e-17
    outer loop
      vertex   -5.404171e+01 -3.902547e+01 -1.282838e+02
      vertex   -5.404171e+01 -3.902547e+01 -1.191672e+02
      vertex   -5.373278e+01 -3.913961e+01 -1.190503e+02
    endloop
  endfacet
  facet normal 3.867636e-01 9.128556e-01 -1.307995e-01
    outer loop
      vertex   -5.373278e+01 -3.913961e+01 -1.190503e+02
      vertex   -5.404171e+01 -3.902547e+01 -1.191672e+02
      vertex   -5.420761e+01 -3.893843e+01 -1.190503e+02
    endloop
  endfacet
  facet normal 6.427876e-01 7.660444e-01 -3.442738e-04
    outer loop
      vertex   -5.456583e+01 -3.867054e+01 -1.100505e+02
      vertex   -5.439423e+01 -3.881453e+01 -1.100505e+02
      vertex   -5.448205e+01 -3.874494e+01 -1.191672e+02
    endloop
  endfacet
  facet normal 5.760145e-01 8.174392e-01 6.912306e-04
    outer loop
      vertex   -5.448205e+01 -3.874494e+01 -1.191672e+02
      vertex   -5.439423e+01 -3.881453e+01 -1.100505e+02
      vertex   -5.420761e+01 -3.893843e+01 -1.190503e+02
    endloop
  endfacet
  facet normal 5.530912e-01 8.331207e-01 2.426551e-16
    outer loop
      vertex   -5.439423e+01 -3.881453e+01 -1.100505e+02
      vertex   -5.420761e+01 -3.893843e+01 -1.100505e+02
      vertex   -5.420761e+01 -3.893843e+01 -1.190503e+02
    endloop
  endfacet
  facet normal 1.404608e-01 9.811627e-01 -1.326292e-01
    outer loop
      vertex   -5.322229e+01 -3.921269e+01 -1.190503e+02
      vertex   -5.354377e+01 -3.918247e+01 -1.191672e+02
      vertex   -5.373278e+01 -3.913961e+01 -1.190503e+02
    endloop
  endfacet
  facet normal 2.211597e-01 9.752376e-01 1.727981e-16
    outer loop
      vertex   -5.373278e+01 -3.913961e+01 -1.190503e+02
      vertex   -5.354377e+01 -3.918247e+01 -1.191672e+02
      vertex   -5.354377e+01 -3.918247e+01 -1.282838e+02
    endloop
  endfacet
  facet normal 3.007054e-01 9.537155e-01 1.728168e-03
    outer loop
      vertex   -5.373278e+01 -3.913961e+01 -1.190503e+02
      vertex   -5.354377e+01 -3.918247e+01 -1.282838e+02
      vertex   -5.404171e+01 -3.902547e+01 -1.282838e+02
    endloop
  endfacet
  facet normal 3.007058e-01 9.537170e-01 7.026573e-16
    outer loop
      vertex   -5.404171e+01 -3.902547e+01 -1.282838e+02
      vertex   -5.354377e+01 -3.918247e+01 -1.282838e+02
      vertex   -5.354377e+01 -3.918247e+01 -1.374005e+02
    endloop
  endfacet
  facet normal 3.007058e-01 9.537170e-01 1.212050e-15
    outer loop
      vertex   -5.404171e+01 -3.902547e+01 -1.282838e+02
      vertex   -5.354377e+01 -3.918247e+01 -1.374005e+02
      vertex   -5.404171e+01 -3.902547e+01 -1.374005e+02
    endloop
  endfacet
  facet normal -1.150597e-01 9.842404e-01 -1.342835e-01
    outer loop
      vertex   -5.271009e+01 -3.915281e+01 -1.190503e+02
      vertex   -5.302216e+01 -3.920524e+01 -1.191672e+02
      vertex   -5.322229e+01 -3.921269e+01 -1.190503e+02
    endloop
  endfacet
  facet normal -3.717026e-02 9.993089e-01 -5.795823e-17
    outer loop
      vertex   -5.322229e+01 -3.921269e+01 -1.190503e+02
      vertex   -5.302216e+01 -3.920524e+01 -1.191672e+02
      vertex   -5.302216e+01 -3.920524e+01 -1.282838e+02
    endloop
  endfacet
  facet normal 4.361932e-02 9.990467e-01 1.750819e-03
    outer loop
      vertex   -5.322229e+01 -3.921269e+01 -1.190503e+02
      vertex   -5.302216e+01 -3.920524e+01 -1.282838e+02
      vertex   -5.354377e+01 -3.918247e+01 -1.282838e+02
    endloop
  endfacet
  facet normal 4.361939e-02 9.990482e-01 6.815192e-17
    outer loop
      vertex   -5.354377e+01 -3.918247e+01 -1.282838e+02
      vertex   -5.302216e+01 -3.920524e+01 -1.282838e+02
      vertex   -5.302216e+01 -3.920524e+01 -1.374005e+02
    endloop
  endfacet
  facet normal 4.361939e-02 9.990482e-01 1.019894e-16
    outer loop
      vertex   -5.354377e+01 -3.918247e+01 -1.282838e+02
      vertex   -5.302216e+01 -3.920524e+01 -1.374005e+02
      vertex   -5.354377e+01 -3.918247e+01 -1.374005e+02
    endloop
  endfacet
  facet normal -3.628252e-01 9.219145e-01 -1.357628e-01
    outer loop
      vertex   -5.223022e+01 -3.896395e+01 -1.190503e+02
      vertex   -5.251243e+01 -3.909224e+01 -1.191672e+02
      vertex   -5.271009e+01 -3.915281e+01 -1.190503e+02
    endloop
  endfacet
  facet normal -2.929982e-01 9.561130e-01 -2.282702e-16
    outer loop
      vertex   -5.271009e+01 -3.915281e+01 -1.190503e+02
      vertex   -5.251243e+01 -3.909224e+01 -1.191672e+02
      vertex   -5.251243e+01 -3.909224e+01 -1.282838e+02
    endloop
  endfacet
  facet normal -2.164393e-01 9.762945e-01 1.771207e-03
    outer loop
      vertex   -5.271009e+01 -3.915281e+01 -1.190503e+02
      vertex   -5.251243e+01 -3.909224e+01 -1.282838e+02
      vertex   -5.302216e+01 -3.920524e+01 -1.282838e+02
    endloop
  endfacet
  facet normal -2.164396e-01 9.762960e-01 -3.382085e-16
    outer loop
      vertex   -5.302216e+01 -3.920524e+01 -1.282838e+02
      vertex   -5.251243e+01 -3.909224e+01 -1.282838e+02
      vertex   -5.251243e+01 -3.909224e+01 -1.374005e+02
    endloop
  endfacet
  facet normal -2.164396e-01 9.762960e-01 -3.373812e-16
    outer loop
      vertex   -5.302216e+01 -3.920524e+01 -1.282838e+02
      vertex   -5.251243e+01 -3.909224e+01 -1.374005e+02
      vertex   -5.302216e+01 -3.920524e+01 -1.374005e+02
    endloop
  endfacet
  facet normal -5.863855e-01 7.983512e-01 -1.370673e-01
    outer loop
      vertex   -5.181460e+01 -3.865868e+01 -1.190503e+02
      vertex   -5.204932e+01 -3.885116e+01 -1.191672e+02
      vertex   -5.223022e+01 -3.896395e+01 -1.190503e+02
    endloop
  endfacet
  facet normal -5.291033e-01 8.485574e-01 2.481305e-16
    outer loop
      vertex   -5.223022e+01 -3.896395e+01 -1.190503e+02
      vertex   -5.204932e+01 -3.885116e+01 -1.191672e+02
      vertex   -5.204932e+01 -3.885116e+01 -1.282838e+02
    endloop
  endfacet
  facet normal -4.617479e-01 8.870094e-01 1.789329e-03
    outer loop
      vertex   -5.223022e+01 -3.896395e+01 -1.190503e+02
      vertex   -5.204932e+01 -3.885116e+01 -1.282838e+02
      vertex   -5.251243e+01 -3.909224e+01 -1.282838e+02
    endloop
  endfacet
  facet normal -4.617486e-01 8.870108e-01 -1.772679e-15
    outer loop
      vertex   -5.251243e+01 -3.909224e+01 -1.282838e+02
      vertex   -5.204932e+01 -3.885116e+01 -1.282838e+02
      vertex   -5.204932e+01 -3.885116e+01 -1.374005e+02
    endloop
  endfacet
  facet normal -4.617486e-01 8.870108e-01 -7.197633e-16
    outer loop
      vertex   -5.251243e+01 -3.909224e+01 -1.282838e+02
      vertex   -5.204932e+01 -3.885116e+01 -1.374005e+02
      vertex   -5.251243e+01 -3.909224e+01 -1.374005e+02
    endloop
  endfacet
  facet normal -7.709040e-01 6.217786e-01 -1.381974e-01
    outer loop
      vertex   -5.149084e+01 -3.825728e+01 -1.190503e+02
      vertex   -5.166438e+01 -3.849843e+01 -1.191672e+02
      vertex   -5.181460e+01 -3.865868e+01 -1.190503e+02
    endloop
  endfacet
  facet normal -7.295924e-01 6.838822e-01 -3.638499e-17
    outer loop
      vertex   -5.181460e+01 -3.865868e+01 -1.190503e+02
      vertex   -5.166438e+01 -3.849843e+01 -1.191672e+02
      vertex   -5.166438e+01 -3.849843e+01 -1.282838e+02
    endloop
  endfacet
  facet normal -6.755891e-01 7.372761e-01 1.805187e-03
    outer loop
      vertex   -5.181460e+01 -3.865868e+01 -1.190503e+02
      vertex   -5.166438e+01 -3.849843e+01 -1.282838e+02
      vertex   -5.204932e+01 -3.885116e+01 -1.282838e+02
    endloop
  endfacet
  facet normal -6.755902e-01 7.372773e-01 -2.157537e-15
    outer loop
      vertex   -5.204932e+01 -3.885116e+01 -1.282838e+02
      vertex   -5.166438e+01 -3.849843e+01 -1.282838e+02
      vertex   -5.166438e+01 -3.849843e+01 -1.374005e+02
    endloop
  endfacet
  facet normal -6.755902e-01 7.372773e-01 -2.154268e-15
    outer loop
      vertex   -5.204932e+01 -3.885116e+01 -1.282838e+02
      vertex   -5.166438e+01 -3.849843e+01 -1.374005e+02
      vertex   -5.204932e+01 -3.885116e+01 -1.374005e+02
    endloop
  endfacet
  facet normal -9.041401e-01 4.039394e-01 -1.391531e-01
    outer loop
      vertex   -5.128049e+01 -3.778644e+01 -1.190503e+02
      vertex   -5.138386e+01 -3.805809e+01 -1.191672e+02
      vertex   -5.149084e+01 -3.825728e+01 -1.190503e+02
    endloop
  endfacet
  facet normal -8.809699e-01 4.731723e-01 0.000000e+00
    outer loop
      vertex   -5.149084e+01 -3.825728e+01 -1.190503e+02
      vertex   -5.138386e+01 -3.805809e+01 -1.191672e+02
      vertex   -5.138386e+01 -3.805809e+01 -1.282838e+02
    endloop
  endfacet
  facet normal -8.433901e-01 5.372987e-01 1.818779e-03
    outer loop
      vertex   -5.149084e+01 -3.825728e+01 -1.190503e+02
      vertex   -5.138386e+01 -3.805809e+01 -1.282838e+02
      vertex   -5.166438e+01 -3.849843e+01 -1.282838e+02
    endloop
  endfacet
  facet normal -8.433914e-01 5.372996e-01 -1.734776e-15
    outer loop
      vertex   -5.166438e+01 -3.849843e+01 -1.282838e+02
      vertex   -5.138386e+01 -3.805809e+01 -1.282838e+02
      vertex   -5.138386e+01 -3.805809e+01 -1.374005e+02
    endloop
  endfacet
  facet normal -8.433914e-01 5.372996e-01 -2.390755e-15
    outer loop
      vertex   -5.166438e+01 -3.849843e+01 -1.282838e+02
      vertex   -5.138386e+01 -3.805809e+01 -1.374005e+02
      vertex   -5.166438e+01 -3.849843e+01 -1.374005e+02
    endloop
  endfacet
  facet normal -9.772606e-01 1.593109e-01 -1.399349e-01
    outer loop
      vertex   -5.119752e+01 -3.727747e+01 -1.190503e+02
      vertex   -5.122686e+01 -3.756015e+01 -1.191672e+02
      vertex   -5.128049e+01 -3.778644e+01 -1.190503e+02
    endloop
  endfacet
  facet normal -9.730459e-01 2.306114e-01 0.000000e+00
    outer loop
      vertex   -5.128049e+01 -3.778644e+01 -1.190503e+02
      vertex   -5.122686e+01 -3.756015e+01 -1.191672e+02
      vertex   -5.122686e+01 -3.756015e+01 -1.282838e+02
    endloop
  endfacet
  facet normal -9.537154e-01 3.007053e-01 1.830107e-03
    outer loop
      vertex   -5.128049e+01 -3.778644e+01 -1.190503e+02
      vertex   -5.122686e+01 -3.756015e+01 -1.282838e+02
      vertex   -5.138386e+01 -3.805809e+01 -1.282838e+02
    endloop
  endfacet
  facet normal -9.537170e-01 3.007058e-01 -2.970987e-15
    outer loop
      vertex   -5.138386e+01 -3.805809e+01 -1.282838e+02
      vertex   -5.122686e+01 -3.756015e+01 -1.282838e+02
      vertex   -5.122686e+01 -3.756015e+01 -1.374005e+02
    endloop
  endfacet
  facet normal -9.537170e-01 3.007058e-01 -1.720999e-15
    outer loop
      vertex   -5.138386e+01 -3.805809e+01 -1.282838e+02
      vertex   -5.122686e+01 -3.756015e+01 -1.374005e+02
      vertex   -5.138386e+01 -3.805809e+01 -1.374005e+02
    endloop
  endfacet
  facet normal -9.854234e-01 -9.585607e-02 -1.405427e-01
    outer loop
      vertex   -5.124745e+01 -3.676420e+01 -1.190503e+02
      vertex   -5.120408e+01 -3.703854e+01 -1.191672e+02
      vertex   -5.119752e+01 -3.727747e+01 -1.190503e+02
    endloop
  endfacet
  facet normal -9.996225e-01 -2.747292e-02 0.000000e+00
    outer loop
      vertex   -5.119752e+01 -3.727747e+01 -1.190503e+02
      vertex   -5.120408e+01 -3.703854e+01 -1.191672e+02
      vertex   -5.120408e+01 -3.703854e+01 -1.282838e+02
    endloop
  endfacet
  facet normal -9.990465e-01 4.361931e-02 1.839169e-03
    outer loop
      vertex   -5.119752e+01 -3.727747e+01 -1.190503e+02
      vertex   -5.120408e+01 -3.703854e+01 -1.282838e+02
      vertex   -5.122686e+01 -3.756015e+01 -1.282838e+02
    endloop
  endfacet
  facet normal -9.990482e-01 4.361939e-02 -3.114579e-15
    outer loop
      vertex   -5.122686e+01 -3.756015e+01 -1.282838e+02
      vertex   -5.120408e+01 -3.703854e+01 -1.282838e+02
      vertex   -5.120408e+01 -3.703854e+01 -1.374005e+02
    endloop
  endfacet
  facet normal -9.990482e-01 4.361939e-02 -3.114588e-15
    outer loop
      vertex   -5.122686e+01 -3.756015e+01 -1.282838e+02
      vertex   -5.120408e+01 -3.703854e+01 -1.374005e+02
      vertex   -5.122686e+01 -3.756015e+01 -1.374005e+02
    endloop
  endfacet
  facet normal -9.280982e-01 -3.446147e-01 -1.409768e-01
    outer loop
      vertex   -5.142695e+01 -3.628076e+01 -1.190503e+02
      vertex   -5.131709e+01 -3.652881e+01 -1.191672e+02
      vertex   -5.124745e+01 -3.676420e+01 -1.190503e+02
    endloop
  endfacet
  facet normal -9.589108e-01 -2.837079e-01 0.000000e+00
    outer loop
      vertex   -5.124745e+01 -3.676420e+01 -1.190503e+02
      vertex   -5.131709e+01 -3.652881e+01 -1.191672e+02
      vertex   -5.131709e+01 -3.652881e+01 -1.282838e+02
    endloop
  endfacet
  facet normal -9.762943e-01 -2.164392e-01 1.845965e-03
    outer loop
      vertex   -5.124745e+01 -3.676420e+01 -1.190503e+02
      vertex   -5.131709e+01 -3.652881e+01 -1.282838e+02
      vertex   -5.120408e+01 -3.703854e+01 -1.282838e+02
    endloop
  endfacet
  facet normal -9.762960e-01 -2.164396e-01 -2.282907e-15
    outer loop
      vertex   -5.120408e+01 -3.703854e+01 -1.282838e+02
      vertex   -5.131709e+01 -3.652881e+01 -1.282838e+02
      vertex   -5.131709e+01 -3.652881e+01 -1.374005e+02
    endloop
  endfacet
  facet normal -9.762960e-01 -2.164396e-01 -3.043656e-15
    outer loop
      vertex   -5.120408e+01 -3.703854e+01 -1.282838e+02
      vertex   -5.131709e+01 -3.652881e+01 -1.374005e+02
      vertex   -5.120408e+01 -3.703854e+01 -1.374005e+02
    endloop
  endfacet
  facet normal -8.091000e-01 -5.704465e-01 -1.412372e-01
    outer loop
      vertex   -5.172411e+01 -3.585929e+01 -1.190503e+02
      vertex   -5.155817e+01 -3.606570e+01 -1.191672e+02
      vertex   -5.142695e+01 -3.628076e+01 -1.190503e+02
    endloop
  endfacet
  facet normal -8.536510e-01 -5.208454e-01 -2.583094e-16
    outer loop
      vertex   -5.142695e+01 -3.628076e+01 -1.190503e+02
      vertex   -5.155817e+01 -3.606570e+01 -1.191672e+02
      vertex   -5.155817e+01 -3.606570e+01 -1.282838e+02
    endloop
  endfacet
  facet normal -8.870093e-01 -4.617478e-01 1.850496e-03
    outer loop
      vertex   -5.142695e+01 -3.628076e+01 -1.190503e+02
      vertex   -5.155817e+01 -3.606570e+01 -1.282838e+02
      vertex   -5.131709e+01 -3.652881e+01 -1.282838e+02
    endloop
  endfacet
  facet normal -8.870108e-01 -4.617486e-01 -2.431602e-15
    outer loop
      vertex   -5.131709e+01 -3.652881e+01 -1.282838e+02
      vertex   -5.155817e+01 -3.606570e+01 -1.282838e+02
      vertex   -5.155817e+01 -3.606570e+01 -1.374005e+02
    endloop
  endfacet
  facet normal -8.870108e-01 -4.617486e-01 -2.073979e-15
    outer loop
      vertex   -5.131709e+01 -3.652881e+01 -1.282838e+02
      vertex   -5.155817e+01 -3.606570e+01 -1.374005e+02
      vertex   -5.131709e+01 -3.652881e+01 -1.374005e+02
    endloop
  endfacet
  facet normal -6.363362e-01 -7.583560e-01 -1.413240e-01
    outer loop
      vertex   -5.211915e+01 -3.552781e+01 -1.190503e+02
      vertex   -5.191090e+01 -3.568076e+01 -1.191672e+02
      vertex   -5.172411e+01 -3.585929e+01 -1.190503e+02
    endloop
  endfacet
  facet normal -6.909288e-01 -7.229228e-01 5.007667e-17
    outer loop
      vertex   -5.172411e+01 -3.585929e+01 -1.190503e+02
      vertex   -5.191090e+01 -3.568076e+01 -1.191672e+02
      vertex   -5.191090e+01 -3.568076e+01 -1.282838e+02
    endloop
  endfacet
  facet normal -7.372761e-01 -6.755890e-01 1.852762e-03
    outer loop
      vertex   -5.172411e+01 -3.585929e+01 -1.190503e+02
      vertex   -5.191090e+01 -3.568076e+01 -1.282838e+02
      vertex   -5.155817e+01 -3.606570e+01 -1.282838e+02
    endloop
  endfacet
  facet normal -7.372773e-01 -6.755902e-01 -1.673549e-15
    outer loop
      vertex   -5.155817e+01 -3.606570e+01 -1.282838e+02
      vertex   -5.191090e+01 -3.568076e+01 -1.282838e+02
      vertex   -5.191090e+01 -3.568076e+01 -1.374005e+02
    endloop
  endfacet
  facet normal -7.372773e-01 -6.755902e-01 -2.250424e-15
    outer loop
      vertex   -5.155817e+01 -3.606570e+01 -1.282838e+02
      vertex   -5.191090e+01 -3.568076e+01 -1.374005e+02
      vertex   -5.155817e+01 -3.606570e+01 -1.374005e+02
    endloop
  endfacet
  facet normal -4.212814e-01 -8.958650e-01 -1.412372e-01
    outer loop
      vertex   -5.258582e+01 -3.530836e+01 -1.190503e+02
      vertex   -5.235124e+01 -3.540024e+01 -1.191672e+02
      vertex   -5.211915e+01 -3.552781e+01 -1.190503e+02
    endloop
  endfacet
  facet normal -4.816975e-01 -8.763376e-01 0.000000e+00
    outer loop
      vertex   -5.211915e+01 -3.552781e+01 -1.190503e+02
      vertex   -5.235124e+01 -3.540024e+01 -1.191672e+02
      vertex   -5.235124e+01 -3.540024e+01 -1.282838e+02
    endloop
  endfacet
  facet normal -5.372987e-01 -8.433900e-01 1.852762e-03
    outer loop
      vertex   -5.211915e+01 -3.552781e+01 -1.190503e+02
      vertex   -5.235124e+01 -3.540024e+01 -1.282838e+02
      vertex   -5.191090e+01 -3.568076e+01 -1.282838e+02
    endloop
  endfacet
  facet normal -5.372996e-01 -8.433914e-01 -1.256619e-15
    outer loop
      vertex   -5.191090e+01 -3.568076e+01 -1.282838e+02
      vertex   -5.235124e+01 -3.540024e+01 -1.282838e+02
      vertex   -5.235124e+01 -3.540024e+01 -1.374005e+02
    endloop
  endfacet
  facet normal -5.372996e-01 -8.433914e-01 -1.494860e-15
    outer loop
      vertex   -5.191090e+01 -3.568076e+01 -1.282838e+02
      vertex   -5.235124e+01 -3.540024e+01 -1.374005e+02
      vertex   -5.191090e+01 -3.568076e+01 -1.374005e+02
    endloop
  endfacet
  facet normal -1.782167e-01 -9.738400e-01 -1.409768e-01
    outer loop
      vertex   -5.309308e+01 -3.521553e+01 -1.190503e+02
      vertex   -5.284918e+01 -3.524324e+01 -1.191672e+02
      vertex   -5.258582e+01 -3.530836e+01 -1.190503e+02
    endloop
  endfacet
  facet normal -2.400413e-01 -9.707627e-01 -3.731355e-16
    outer loop
      vertex   -5.258582e+01 -3.530836e+01 -1.190503e+02
      vertex   -5.284918e+01 -3.524324e+01 -1.191672e+02
      vertex   -5.284918e+01 -3.524324e+01 -1.282838e+02
    endloop
  endfacet
  facet normal -3.007053e-01 -9.537153e-01 1.850496e-03
    outer loop
      vertex   -5.258582e+01 -3.530836e+01 -1.190503e+02
      vertex   -5.284918e+01 -3.524324e+01 -1.282838e+02
      vertex   -5.235124e+01 -3.540024e+01 -1.282838e+02
    endloop
  endfacet
  facet normal -3.007058e-01 -9.537170e-01 -4.694100e-16
    outer loop
      vertex   -5.235124e+01 -3.540024e+01 -1.282838e+02
      vertex   -5.284918e+01 -3.524324e+01 -1.282838e+02
      vertex   -5.284918e+01 -3.524324e+01 -1.374005e+02
    endloop
  endfacet
  facet normal -3.007058e-01 -9.537170e-01 -7.031001e-16
    outer loop
      vertex   -5.235124e+01 -3.540024e+01 -1.282838e+02
      vertex   -5.284918e+01 -3.524324e+01 -1.374005e+02
      vertex   -5.235124e+01 -3.540024e+01 -1.374005e+02
    endloop
  endfacet
  facet normal 7.671718e-02 -9.870979e-01 -1.405427e-01
    outer loop
      vertex   -5.360722e+01 -3.525549e+01 -1.190503e+02
      vertex   -5.337078e+01 -3.522046e+01 -1.191672e+02
      vertex   -5.309308e+01 -3.521553e+01 -1.190503e+02
    endloop
  endfacet
  facet normal 1.777299e-02 -9.998420e-01 -7.654133e-16
    outer loop
      vertex   -5.309308e+01 -3.521553e+01 -1.190503e+02
      vertex   -5.337078e+01 -3.522046e+01 -1.191672e+02
      vertex   -5.337078e+01 -3.522046e+01 -1.282838e+02
    endloop
  endfacet
  facet normal -4.361931e-02 -9.990465e-01 1.845965e-03
    outer loop
      vertex   -5.309308e+01 -3.521553e+01 -1.190503e+02
      vertex   -5.337078e+01 -3.522046e+01 -1.282838e+02
      vertex   -5.284918e+01 -3.524324e+01 -1.282838e+02
    endloop
  endfacet
  facet normal -4.361939e-02 -9.990482e-01 6.767814e-16
    outer loop
      vertex   -5.284918e+01 -3.524324e+01 -1.282838e+02
      vertex   -5.337078e+01 -3.522046e+01 -1.282838e+02
      vertex   -5.337078e+01 -3.522046e+01 -1.374005e+02
    endloop
  endfacet
  facet normal -4.361939e-02 -9.990482e-01 -6.799292e-17
    outer loop
      vertex   -5.284918e+01 -3.524324e+01 -1.282838e+02
      vertex   -5.337078e+01 -3.522046e+01 -1.374005e+02
      vertex   -5.284918e+01 -3.524324e+01 -1.374005e+02
    endloop
  endfacet
  facet normal 3.265901e-01 -9.347498e-01 -1.399349e-01
    outer loop
      vertex   -5.409406e+01 -3.542558e+01 -1.190503e+02
      vertex   -5.388051e+01 -3.533347e+01 -1.191672e+02
      vertex   -5.360722e+01 -3.525549e+01 -1.190503e+02
    endloop
  endfacet
  facet normal 2.743909e-01 -9.616182e-01 2.142506e-16
    outer loop
      vertex   -5.360722e+01 -3.525549e+01 -1.190503e+02
      vertex   -5.388051e+01 -3.533347e+01 -1.191672e+02
      vertex   -5.388051e+01 -3.533347e+01 -1.282838e+02
    endloop
  endfacet
  facet normal 2.164392e-01 -9.762944e-01 1.839169e-03
    outer loop
      vertex   -5.360722e+01 -3.525549e+01 -1.190503e+02
      vertex   -5.388051e+01 -3.533347e+01 -1.282838e+02
      vertex   -5.337078e+01 -3.522046e+01 -1.282838e+02
    endloop
  endfacet
  facet normal 2.164396e-01 -9.762960e-01 1.266824e-15
    outer loop
      vertex   -5.337078e+01 -3.522046e+01 -1.282838e+02
      vertex   -5.388051e+01 -3.533347e+01 -1.282838e+02
      vertex   -5.388051e+01 -3.533347e+01 -1.374005e+02
    endloop
  endfacet
  facet normal 2.164396e-01 -9.762960e-01 1.266986e-15
    outer loop
      vertex   -5.337078e+01 -3.522046e+01 -1.282838e+02
      vertex   -5.388051e+01 -3.533347e+01 -1.374005e+02
      vertex   -5.337078e+01 -3.522046e+01 -1.374005e+02
    endloop
  endfacet
  facet normal 5.548049e-01 -8.202609e-01 -1.391531e-01
    outer loop
      vertex   -5.452121e+01 -3.571450e+01 -1.190503e+02
      vertex   -5.434363e+01 -3.557455e+01 -1.191672e+02
      vertex   -5.409406e+01 -3.542558e+01 -1.190503e+02
    endloop
  endfacet
  facet normal 5.125385e-01 -8.586642e-01 1.309343e-16
    outer loop
      vertex   -5.409406e+01 -3.542558e+01 -1.190503e+02
      vertex   -5.434363e+01 -3.557455e+01 -1.191672e+02
      vertex   -5.434363e+01 -3.557455e+01 -1.282838e+02
    endloop
  endfacet
  facet normal 4.617478e-01 -8.870093e-01 1.830107e-03
    outer loop
      vertex   -5.409406e+01 -3.542558e+01 -1.190503e+02
      vertex   -5.434363e+01 -3.557455e+01 -1.282838e+02
      vertex   -5.388051e+01 -3.533347e+01 -1.282838e+02
    endloop
  endfacet
  facet normal 4.617486e-01 -8.870108e-01 1.411146e-15
    outer loop
      vertex   -5.388051e+01 -3.533347e+01 -1.282838e+02
      vertex   -5.434363e+01 -3.557455e+01 -1.282838e+02
      vertex   -5.434363e+01 -3.557455e+01 -1.374005e+02
    endloop
  endfacet
  facet normal 4.617486e-01 -8.870108e-01 1.770971e-15
    outer loop
      vertex   -5.388051e+01 -3.533347e+01 -1.282838e+02
      vertex   -5.434363e+01 -3.557455e+01 -1.374005e+02
      vertex   -5.388051e+01 -3.533347e+01 -1.374005e+02
    endloop
  endfacet
  facet normal 7.461984e-01 -6.512215e-01 -1.381974e-01
    outer loop
      vertex   -5.486030e+01 -3.610303e+01 -1.190503e+02
      vertex   -5.472856e+01 -3.592728e+01 -1.191672e+02
      vertex   -5.452121e+01 -3.571450e+01 -1.190503e+02
    endloop
  endfacet
  facet normal 7.161852e-01 -6.979103e-01 0.000000e+00
    outer loop
      vertex   -5.452121e+01 -3.571450e+01 -1.190503e+02
      vertex   -5.472856e+01 -3.592728e+01 -1.191672e+02
      vertex   -5.472856e+01 -3.592728e+01 -1.282838e+02
    endloop
  endfacet
  facet normal 6.755891e-01 -7.372761e-01 1.818779e-03
    outer loop
      vertex   -5.452121e+01 -3.571450e+01 -1.190503e+02
      vertex   -5.472856e+01 -3.592728e+01 -1.282838e+02
      vertex   -5.434363e+01 -3.557455e+01 -1.282838e+02
    endloop
  endfacet
  facet normal 6.755902e-01 -7.372773e-01 2.105056e-15
    outer loop
      vertex   -5.434363e+01 -3.557455e+01 -1.282838e+02
      vertex   -5.472856e+01 -3.592728e+01 -1.282838e+02
      vertex   -5.472856e+01 -3.592728e+01 -1.374005e+02
    endloop
  endfacet
  facet normal 6.755902e-01 -7.372773e-01 1.627720e-15
    outer loop
      vertex   -5.434363e+01 -3.557455e+01 -1.282838e+02
      vertex   -5.472856e+01 -3.592728e+01 -1.374005e+02
      vertex   -5.434363e+01 -3.557455e+01 -1.374005e+02
    endloop
  endfacet
  facet normal 8.880472e-01 -4.388448e-01 -1.370673e-01
    outer loop
      vertex   -5.508876e+01 -3.656536e+01 -1.190503e+02
      vertex   -5.500909e+01 -3.636762e+01 -1.191672e+02
      vertex   -5.486030e+01 -3.610303e+01 -1.190503e+02
    endloop
  endfacet
  facet normal 8.716228e-01 -4.901773e-01 -3.811235e-16
    outer loop
      vertex   -5.486030e+01 -3.610303e+01 -1.190503e+02
      vertex   -5.500909e+01 -3.636762e+01 -1.191672e+02
      vertex   -5.500909e+01 -3.636762e+01 -1.282838e+02
    endloop
  endfacet
  facet normal 8.433901e-01 -5.372987e-01 1.805187e-03
    outer loop
      vertex   -5.486030e+01 -3.610303e+01 -1.190503e+02
      vertex   -5.500909e+01 -3.636762e+01 -1.282838e+02
      vertex   -5.472856e+01 -3.592728e+01 -1.282838e+02
    endloop
  endfacet
  facet normal 8.433914e-01 -5.372996e-01 3.702800e-15
    outer loop
      vertex   -5.472856e+01 -3.592728e+01 -1.282838e+02
      vertex   -5.500909e+01 -3.636762e+01 -1.282838e+02
      vertex   -5.500909e+01 -3.636762e+01 -1.374005e+02
    endloop
  endfacet
  facet normal 8.433914e-01 -5.372996e-01 2.629319e-15
    outer loop
      vertex   -5.472856e+01 -3.592728e+01 -1.282838e+02
      vertex   -5.500909e+01 -3.636762e+01 -1.374005e+02
      vertex   -5.472856e+01 -3.592728e+01 -1.374005e+02
    endloop
  endfacet
  facet normal 9.709125e-01 -1.972242e-01 -1.357628e-01
    outer loop
      vertex   -5.519142e+01 -3.707073e+01 -1.190503e+02
      vertex   -5.516609e+01 -3.686556e+01 -1.191672e+02
      vertex   -5.508876e+01 -3.656536e+01 -1.190503e+02
    endloop
  endfacet
  facet normal 9.683880e-01 -2.494486e-01 0.000000e+00
    outer loop
      vertex   -5.508876e+01 -3.656536e+01 -1.190503e+02
      vertex   -5.516609e+01 -3.686556e+01 -1.191672e+02
      vertex   -5.516609e+01 -3.686556e+01 -1.282838e+02
    endloop
  endfacet
  facet normal 9.537154e-01 -3.007053e-01 1.789329e-03
    outer loop
      vertex   -5.508876e+01 -3.656536e+01 -1.190503e+02
      vertex   -5.516609e+01 -3.686556e+01 -1.282838e+02
      vertex   -5.500909e+01 -3.636762e+01 -1.282838e+02
    endloop
  endfacet
  facet normal 9.537170e-01 -3.007058e-01 2.973902e-15
    outer loop
      vertex   -5.500909e+01 -3.636762e+01 -1.282838e+02
      vertex   -5.516609e+01 -3.686556e+01 -1.282838e+02
      vertex   -5.516609e+01 -3.686556e+01 -1.374005e+02
    endloop
  endfacet
  facet normal 9.537170e-01 -3.007058e-01 3.950948e-15
    outer loop
      vertex   -5.500909e+01 -3.636762e+01 -1.282838e+02
      vertex   -5.516609e+01 -3.686556e+01 -1.374005e+02
      vertex   -5.500909e+01 -3.636762e+01 -1.374005e+02
    endloop
  endfacet
  facet normal 9.892675e-01 5.759988e-02 -1.342835e-01
    outer loop
      vertex   -5.516144e+01 -3.758554e+01 -1.190503e+02
      vertex   -5.518886e+01 -3.738716e+01 -1.191672e+02
      vertex   -5.519142e+01 -3.707073e+01 -1.190503e+02
    endloop
  endfacet
  facet normal 9.999674e-01 8.071393e-03 -6.276060e-18
    outer loop
      vertex   -5.519142e+01 -3.707073e+01 -1.190503e+02
      vertex   -5.518886e+01 -3.738716e+01 -1.191672e+02
      vertex   -5.518886e+01 -3.738716e+01 -1.282838e+02
    endloop
  endfacet
  facet normal 9.990467e-01 -4.361932e-02 1.771207e-03
    outer loop
      vertex   -5.519142e+01 -3.707073e+01 -1.190503e+02
      vertex   -5.518886e+01 -3.738716e+01 -1.282838e+02
      vertex   -5.516609e+01 -3.686556e+01 -1.282838e+02
    endloop
  endfacet
  facet normal 9.990482e-01 -4.361939e-02 3.080686e-15
    outer loop
      vertex   -5.516609e+01 -3.686556e+01 -1.282838e+02
      vertex   -5.518886e+01 -3.738716e+01 -1.282838e+02
      vertex   -5.518886e+01 -3.738716e+01 -1.374005e+02
    endloop
  endfacet
  facet normal 9.990482e-01 -4.361939e-02 3.114588e-15
    outer loop
      vertex   -5.516609e+01 -3.686556e+01 -1.282838e+02
      vertex   -5.518886e+01 -3.738716e+01 -1.374005e+02
      vertex   -5.516609e+01 -3.686556e+01 -1.374005e+02
    endloop
  endfacet
  facet normal 9.418659e-01 3.087040e-01 -1.326292e-01
    outer loop
      vertex   -5.500083e+01 -3.807559e+01 -1.190503e+02
      vertex   -5.507586e+01 -3.789689e+01 -1.191672e+02
      vertex   -5.516144e+01 -3.758554e+01 -1.190503e+02
    endloop
  endfacet
  facet normal 9.642352e-01 2.650481e-01 -2.062523e-16
    outer loop
      vertex   -5.516144e+01 -3.758554e+01 -1.190503e+02
      vertex   -5.507586e+01 -3.789689e+01 -1.191672e+02
      vertex   -5.507586e+01 -3.789689e+01 -1.282838e+02
    endloop
  endfacet
  facet normal 9.762945e-01 2.164393e-01 1.750819e-03
    outer loop
      vertex   -5.516144e+01 -3.758554e+01 -1.190503e+02
      vertex   -5.507586e+01 -3.789689e+01 -1.282838e+02
      vertex   -5.518886e+01 -3.738716e+01 -1.282838e+02
    endloop
  endfacet
  facet normal 9.762960e-01 2.164396e-01 2.452011e-15
    outer loop
      vertex   -5.518886e+01 -3.738716e+01 -1.282838e+02
      vertex   -5.507586e+01 -3.789689e+01 -1.282838e+02
      vertex   -5.507586e+01 -3.789689e+01 -1.374005e+02
    endloop
  endfacet
  facet normal 9.762960e-01 2.164396e-01 3.212347e-15
    outer loop
      vertex   -5.518886e+01 -3.738716e+01 -1.282838e+02
      vertex   -5.507586e+01 -3.789689e+01 -1.374005e+02
      vertex   -5.518886e+01 -3.738716e+01 -1.374005e+02
    endloop
  endfacet
  facet normal 8.318265e-01 5.394035e-01 -1.307995e-01
    outer loop
      vertex   -5.472025e+01 -3.850827e+01 -1.190503e+02
      vertex   -5.483478e+01 -3.836000e+01 -1.191672e+02
      vertex   -5.500083e+01 -3.807559e+01 -1.190503e+02
    endloop
  endfacet
  facet normal 8.635966e-01 5.041834e-01 -3.928749e-16
    outer loop
      vertex   -5.500083e+01 -3.807559e+01 -1.190503e+02
      vertex   -5.483478e+01 -3.836000e+01 -1.191672e+02
      vertex   -5.483478e+01 -3.836000e+01 -1.282838e+02
    endloop
  endfacet
  facet normal 8.870095e-01 4.617479e-01 1.728168e-03
    outer loop
      vertex   -5.500083e+01 -3.807559e+01 -1.190503e+02
      vertex   -5.483478e+01 -3.836000e+01 -1.282838e+02
      vertex   -5.507586e+01 -3.789689e+01 -1.282838e+02
    endloop
  endfacet
  facet normal 8.870108e-01 4.617486e-01 2.434518e-15
    outer loop
      vertex   -5.507586e+01 -3.789689e+01 -1.282838e+02
      vertex   -5.483478e+01 -3.836000e+01 -1.282838e+02
      vertex   -5.483478e+01 -3.836000e+01 -1.374005e+02
    endloop
  endfacet
  facet normal 8.870108e-01 4.617486e-01 2.433860e-15
    outer loop
      vertex   -5.507586e+01 -3.789689e+01 -1.282838e+02
      vertex   -5.483478e+01 -3.836000e+01 -1.374005e+02
      vertex   -5.507586e+01 -3.789689e+01 -1.374005e+02
    endloop
  endfacet
  facet normal 5.372996e-01 8.433914e-01 1.494860e-15
    outer loop
      vertex   -5.404171e+01 -3.902547e+01 -1.282838e+02
      vertex   -5.404171e+01 -3.902547e+01 -1.374005e+02
      vertex   -5.448205e+01 -3.874494e+01 -1.282838e+02
    endloop
  endfacet
  facet normal 5.372996e-01 8.433914e-01 1.675061e-15
    outer loop
      vertex   -5.448205e+01 -3.874494e+01 -1.282838e+02
      vertex   -5.404171e+01 -3.902547e+01 -1.374005e+02
      vertex   -5.448205e+01 -3.874494e+01 -1.374005e+02
    endloop
  endfacet
  facet normal 7.372773e-01 6.755902e-01 2.298503e-15
    outer loop
      vertex   -5.448205e+01 -3.874494e+01 -1.282838e+02
      vertex   -5.448205e+01 -3.874494e+01 -1.374005e+02
      vertex   -5.483478e+01 -3.836000e+01 -1.282838e+02
    endloop
  endfacet
  facet normal 7.372773e-01 6.755902e-01 2.250424e-15
    outer loop
      vertex   -5.483478e+01 -3.836000e+01 -1.282838e+02
      vertex   -5.448205e+01 -3.874494e+01 -1.374005e+02
      vertex   -5.483478e+01 -3.836000e+01 -1.374005e+02
    endloop
  endfacet
  facet normal 7.372763e-01 6.755892e-01 1.703251e-03
    outer loop
      vertex   -5.472025e+01 -3.850827e+01 -1.190503e+02
      vertex   -5.448205e+01 -3.874494e+01 -1.282838e+02
      vertex   -5.483478e+01 -3.836000e+01 -1.282838e+02
    endloop
  endfacet
  facet normal 7.913889e-01 6.113131e-01 -4.764505e-16
    outer loop
      vertex   -5.483478e+01 -3.836000e+01 -1.282838e+02
      vertex   -5.483478e+01 -3.836000e+01 -1.191672e+02
      vertex   -5.472025e+01 -3.850827e+01 -1.190503e+02
    endloop
  endfacet
  facet normal 9.358373e-02 9.956114e-01 7.307226e-17
    outer loop
      vertex   -5.322229e+01 -3.921269e+01 -1.190503e+02
      vertex   -5.354377e+01 -3.918247e+01 -1.282838e+02
      vertex   -5.354377e+01 -3.918247e+01 -1.191672e+02
    endloop
  endfacet
  facet normal -1.656938e-01 9.861773e-01 -2.585586e-16
    outer loop
      vertex   -5.271009e+01 -3.915281e+01 -1.190503e+02
      vertex   -5.302216e+01 -3.920524e+01 -1.282838e+02
      vertex   -5.302216e+01 -3.920524e+01 -1.191672e+02
    endloop
  endfacet
  facet normal -4.138178e-01 9.103597e-01 -3.240901e-16
    outer loop
      vertex   -5.223022e+01 -3.896395e+01 -1.190503e+02
      vertex   -5.251243e+01 -3.909224e+01 -1.282838e+02
      vertex   -5.251243e+01 -3.909224e+01 -1.191672e+02
    endloop
  endfacet
  facet normal -6.340861e-01 7.732625e-01 1.103252e-16
    outer loop
      vertex   -5.181460e+01 -3.865868e+01 -1.190503e+02
      vertex   -5.204932e+01 -3.885116e+01 -1.282838e+02
      vertex   -5.204932e+01 -3.885116e+01 -1.191672e+02
    endloop
  endfacet
  facet normal -8.116717e-01 5.841139e-01 -1.767661e-16
    outer loop
      vertex   -5.149084e+01 -3.825728e+01 -1.190503e+02
      vertex   -5.166438e+01 -3.849843e+01 -1.282838e+02
      vertex   -5.166438e+01 -3.849843e+01 -1.191672e+02
    endloop
  endfacet
  facet normal -9.346206e-01 3.556464e-01 0.000000e+00
    outer loop
      vertex   -5.128049e+01 -3.778644e+01 -1.190503e+02
      vertex   -5.138386e+01 -3.805809e+01 -1.282838e+02
      vertex   -5.138386e+01 -3.805809e+01 -1.191672e+02
    endloop
  endfacet
  facet normal -9.946566e-01 1.032390e-01 0.000000e+00
    outer loop
      vertex   -5.119752e+01 -3.727747e+01 -1.190503e+02
      vertex   -5.122686e+01 -3.756015e+01 -1.282838e+02
      vertex   -5.122686e+01 -3.756015e+01 -1.191672e+02
    endloop
  endfacet
  facet normal -9.877384e-01 -1.561178e-01 0.000000e+00
    outer loop
      vertex   -5.124745e+01 -3.676420e+01 -1.190503e+02
      vertex   -5.120408e+01 -3.703854e+01 -1.282838e+02
      vertex   -5.120408e+01 -3.703854e+01 -1.191672e+02
    endloop
  endfacet
  facet normal -9.143319e-01 -4.049657e-01 0.000000e+00
    outer loop
      vertex   -5.142695e+01 -3.628076e+01 -1.190503e+02
      vertex   -5.131709e+01 -3.652881e+01 -1.282838e+02
      vertex   -5.131709e+01 -3.652881e+01 -1.191672e+02
    endloop
  endfacet
  facet normal -7.793781e-01 -6.265538e-01 -1.207037e-16
    outer loop
      vertex   -5.172411e+01 -3.585929e+01 -1.190503e+02
      vertex   -5.155817e+01 -3.606570e+01 -1.282838e+02
      vertex   -5.155817e+01 -3.606570e+01 -1.191672e+02
    endloop
  endfacet
  facet normal -5.919615e-01 -8.059662e-01 3.358083e-16
    outer loop
      vertex   -5.211915e+01 -3.552781e+01 -1.190503e+02
      vertex   -5.191090e+01 -3.568076e+01 -1.282838e+02
      vertex   -5.191090e+01 -3.568076e+01 -1.191672e+02
    endloop
  endfacet
  facet normal -3.646977e-01 -9.311260e-01 0.000000e+00
    outer loop
      vertex   -5.258582e+01 -3.530836e+01 -1.190503e+02
      vertex   -5.235124e+01 -3.540024e+01 -1.282838e+02
      vertex   -5.235124e+01 -3.540024e+01 -1.191672e+02
    endloop
  endfacet
  facet normal -1.128846e-01 -9.936081e-01 -1.759600e-16
    outer loop
      vertex   -5.309308e+01 -3.521553e+01 -1.190503e+02
      vertex   -5.284918e+01 -3.524324e+01 -1.282838e+02
      vertex   -5.284918e+01 -3.524324e+01 -1.191672e+02
    endloop
  endfacet
  facet normal 1.465271e-01 -9.892067e-01 -6.567767e-16
    outer loop
      vertex   -5.360722e+01 -3.525549e+01 -1.190503e+02
      vertex   -5.337078e+01 -3.522046e+01 -1.282838e+02
      vertex   -5.337078e+01 -3.522046e+01 -1.191672e+02
    endloop
  endfacet
  facet normal 3.960755e-01 -9.182179e-01 3.092783e-16
    outer loop
      vertex   -5.409406e+01 -3.542558e+01 -1.190503e+02
      vertex   -5.388051e+01 -3.533347e+01 -1.282838e+02
      vertex   -5.388051e+01 -3.533347e+01 -1.191672e+02
    endloop
  endfacet
  facet normal 6.189626e-01 -7.854205e-01 3.534572e-16
    outer loop
      vertex   -5.452121e+01 -3.571450e+01 -1.190503e+02
      vertex   -5.434363e+01 -3.557455e+01 -1.282838e+02
      vertex   -5.434363e+01 -3.557455e+01 -1.191672e+02
    endloop
  endfacet
  facet normal 8.001849e-01 -5.997534e-01 0.000000e+00
    outer loop
      vertex   -5.486030e+01 -3.610303e+01 -1.190503e+02
      vertex   -5.472856e+01 -3.592728e+01 -1.282838e+02
      vertex   -5.472856e+01 -3.592728e+01 -1.191672e+02
    endloop
  endfacet
  facet normal 9.275438e-01 -3.737146e-01 -2.927583e-16
    outer loop
      vertex   -5.508876e+01 -3.656536e+01 -1.190503e+02
      vertex   -5.500909e+01 -3.636762e+01 -1.282838e+02
      vertex   -5.500909e+01 -3.636762e+01 -1.191672e+02
    endloop
  endfacet
  facet normal 9.924661e-01 -1.225196e-01 0.000000e+00
    outer loop
      vertex   -5.519142e+01 -3.707073e+01 -1.190503e+02
      vertex   -5.516609e+01 -3.686556e+01 -1.282838e+02
      vertex   -5.516609e+01 -3.686556e+01 -1.191672e+02
    endloop
  endfacet
  facet normal 9.905817e-01 1.369226e-01 -1.064151e-16
    outer loop
      vertex   -5.516144e+01 -3.758554e+01 -1.190503e+02
      vertex   -5.518886e+01 -3.738716e+01 -1.282838e+02
      vertex   -5.518886e+01 -3.738716e+01 -1.191672e+02
    endloop
  endfacet
  facet normal 9.220176e-01 3.871480e-01 -3.023966e-16
    outer loop
      vertex   -5.500083e+01 -3.807559e+01 -1.190503e+02
      vertex   -5.507586e+01 -3.789689e+01 -1.282838e+02
      vertex   -5.507586e+01 -3.789689e+01 -1.191672e+02
    endloop
  endfacet
  facet normal -6.427876e-01 -7.660444e-01 -4.624013e-16
    outer loop
      vertex   -4.444038e+01 -4.932482e+01 -1.100505e+02
      vertex   -5.899523e+01 -3.711186e+01 -1.100505e+02
      vertex   -4.444038e+01 -4.932482e+01 -1.377884e+02
    endloop
  endfacet
  facet normal -6.427876e-01 -7.660444e-01 -5.932194e-16
    outer loop
      vertex   -4.444038e+01 -4.932482e+01 -1.377884e+02
      vertex   -5.899523e+01 -3.711186e+01 -1.100505e+02
      vertex   -5.899523e+01 -3.711186e+01 -1.377884e+02
    endloop
  endfacet
  facet normal -4.725291e-01 8.813151e-01 0.000000e+00
    outer loop
      vertex   -4.462215e+01 -4.698158e+01 -1.420503e+02
      vertex   -4.071748e+01 -4.488805e+01 -1.420503e+02
      vertex   -4.462215e+01 -4.698158e+01 -1.420505e+02
    endloop
  endfacet
  facet normal -4.725291e-01 8.813151e-01 0.000000e+00
    outer loop
      vertex   -4.462215e+01 -4.698158e+01 -1.420505e+02
      vertex   -4.071748e+01 -4.488805e+01 -1.420503e+02
      vertex   -4.071748e+01 -4.488805e+01 -1.420505e+02
    endloop
  endfacet
  facet normal 6.427876e-01 7.660444e-01 0.000000e+00
    outer loop
      vertex   -5.220560e+01 -4.061831e+01 -1.420503e+02
      vertex   -4.462215e+01 -4.698158e+01 -1.420503e+02
      vertex   -5.220560e+01 -4.061831e+01 -1.420505e+02
    endloop
  endfacet
  facet normal 6.427876e-01 7.660444e-01 0.000000e+00
    outer loop
      vertex   -5.220560e+01 -4.061831e+01 -1.420505e+02
      vertex   -4.462215e+01 -4.698158e+01 -1.420503e+02
      vertex   -4.462215e+01 -4.698158e+01 -1.420505e+02
    endloop
  endfacet
  facet normal -2.037087e-15 -1.005302e-16 1.000000e+00
    outer loop
      vertex   -4.444038e+01 -4.932482e+01 -1.377884e+02
      vertex   -5.899523e+01 -3.711186e+01 -1.377884e+02
      vertex   -7.079467e+01 -8.073265e+01 -1.377884e+02
    endloop
  endfacet
  facet normal -4.455883e-16 -5.310315e-16 1.000000e+00
    outer loop
      vertex   -7.079467e+01 -8.073265e+01 -1.377884e+02
      vertex   -5.899523e+01 -3.711186e+01 -1.377884e+02
      vertex   -8.534952e+01 -6.851968e+01 -1.377884e+02
    endloop
  endfacet
  facet normal 0.000000e+00 0.000000e+00 1.000000e+00
    outer loop
      vertex   -7.574819e+01 -7.881903e+01 -1.374005e+02
      vertex   -7.823173e+01 -8.177880e+01 -1.374005e+02
      vertex   -7.530785e+01 -7.909956e+01 -1.374005e+02
    endloop
  endfacet
  facet normal 0.000000e+00 0.000000e+00 1.000000e+00
    outer loop
      vertex   -7.530785e+01 -7.909956e+01 -1.374005e+02
      vertex   -7.823173e+01 -8.177880e+01 -1.374005e+02
      vertex   -7.787900e+01 -8.216374e+01 -1.374005e+02
    endloop
  endfacet
  facet normal 0.000000e+00 0.000000e+00 1.000000e+00
    outer loop
      vertex   -7.530785e+01 -7.909956e+01 -1.374005e+02
      vertex   -7.787900e+01 -8.216374e+01 -1.374005e+02
      vertex   -7.495512e+01 -7.948450e+01 -1.374005e+02
    endloop
  endfacet
  facet normal 0.000000e+00 0.000000e+00 1.000000e+00
    outer loop
      vertex   -7.495512e+01 -7.948450e+01 -1.374005e+02
      vertex   -7.787900e+01 -8.216374e+01 -1.374005e+02
      vertex   -7.743866e+01 -8.244427e+01 -1.374005e+02
    endloop
  endfacet
  facet normal 0.000000e+00 0.000000e+00 1.000000e+00
    outer loop
      vertex   -7.495512e+01 -7.948450e+01 -1.374005e+02
      vertex   -7.743866e+01 -8.244427e+01 -1.374005e+02
      vertex   -7.471404e+01 -7.994761e+01 -1.374005e+02
    endloop
  endfacet
  facet normal 0.000000e+00 0.000000e+00 1.000000e+00
    outer loop
      vertex   -7.471404e+01 -7.994761e+01 -1.374005e+02
      vertex   -7.743866e+01 -8.244427e+01 -1.374005e+02
      vertex   -7.694072e+01 -8.260127e+01 -1.374005e+02
    endloop
  endfacet
  facet normal 0.000000e+00 0.000000e+00 1.000000e+00
    outer loop
      vertex   -7.471404e+01 -7.994761e+01 -1.374005e+02
      vertex   -7.694072e+01 -8.260127e+01 -1.374005e+02
      vertex   -7.460104e+01 -8.045734e+01 -1.374005e+02
    endloop
  endfacet
  facet normal 0.000000e+00 0.000000e+00 1.000000e+00
    outer loop
      vertex   -7.460104e+01 -8.045734e+01 -1.374005e+02
      vertex   -7.694072e+01 -8.260127e+01 -1.374005e+02
      vertex   -7.641912e+01 -8.262404e+01 -1.374005e+02
    endloop
  endfacet
  facet normal 0.000000e+00 0.000000e+00 1.000000e+00
    outer loop
      vertex   -7.460104e+01 -8.045734e+01 -1.374005e+02
      vertex   -7.641912e+01 -8.262404e+01 -1.374005e+02
      vertex   -7.462381e+01 -8.097895e+01 -1.374005e+02
    endloop
  endfacet
  facet normal 0.000000e+00 0.000000e+00 1.000000e+00
    outer loop
      vertex   -7.462381e+01 -8.097895e+01 -1.374005e+02
      vertex   -7.641912e+01 -8.262404e+01 -1.374005e+02
      vertex   -7.590939e+01 -8.251104e+01 -1.374005e+02
    endloop
  endfacet
  facet normal 0.000000e+00 0.000000e+00 1.000000e+00
    outer loop
      vertex   -7.462381e+01 -8.097895e+01 -1.374005e+02
      vertex   -7.590939e+01 -8.251104e+01 -1.374005e+02
      vertex   -7.478081e+01 -8.147689e+01 -1.374005e+02
    endloop
  endfacet
  facet normal 0.000000e+00 0.000000e+00 1.000000e+00
    outer loop
      vertex   -7.478081e+01 -8.147689e+01 -1.374005e+02
      vertex   -7.590939e+01 -8.251104e+01 -1.374005e+02
      vertex   -7.544627e+01 -8.226995e+01 -1.374005e+02
    endloop
  endfacet
  facet normal 0.000000e+00 0.000000e+00 1.000000e+00
    outer loop
      vertex   -7.478081e+01 -8.147689e+01 -1.374005e+02
      vertex   -7.544627e+01 -8.226995e+01 -1.374005e+02
      vertex   -7.506134e+01 -8.191723e+01 -1.374005e+02
    endloop
  endfacet
  facet normal 0.000000e+00 -0.000000e+00 1.000000e+00
    outer loop
      vertex   -7.823173e+01 -8.177880e+01 -1.374005e+02
      vertex   -7.574819e+01 -7.881903e+01 -1.374005e+02
      vertex   -7.847281e+01 -8.131569e+01 -1.374005e+02
    endloop
  endfacet
  facet normal 0.000000e+00 0.000000e+00 1.000000e+00
    outer loop
      vertex   -7.847281e+01 -8.131569e+01 -1.374005e+02
      vertex   -7.574819e+01 -7.881903e+01 -1.374005e+02
      vertex   -7.624613e+01 -7.866203e+01 -1.374005e+02
    endloop
  endfacet
  facet normal 0.000000e+00 -0.000000e+00 1.000000e+00
    outer loop
      vertex   -7.847281e+01 -8.131569e+01 -1.374005e+02
      vertex   -7.624613e+01 -7.866203e+01 -1.374005e+02
      vertex   -7.858582e+01 -8.080596e+01 -1.374005e+02
    endloop
  endfacet
  facet normal 0.000000e+00 0.000000e+00 1.000000e+00
    outer loop
      vertex   -7.858582e+01 -8.080596e+01 -1.374005e+02
      vertex   -7.624613e+01 -7.866203e+01 -1.374005e+02
      vertex   -7.676774e+01 -7.863926e+01 -1.374005e+02
    endloop
  endfacet
  facet normal 0.000000e+00 0.000000e+00 1.000000e+00
    outer loop
      vertex   -7.858582e+01 -8.080596e+01 -1.374005e+02
      vertex   -7.676774e+01 -7.863926e+01 -1.374005e+02
      vertex   -7.856304e+01 -8.028435e+01 -1.374005e+02
    endloop
  endfacet
  facet normal 0.000000e+00 0.000000e+00 1.000000e+00
    outer loop
      vertex   -7.856304e+01 -8.028435e+01 -1.374005e+02
      vertex   -7.676774e+01 -7.863926e+01 -1.374005e+02
      vertex   -7.727747e+01 -7.875226e+01 -1.374005e+02
    endloop
  endfacet
  facet normal 0.000000e+00 0.000000e+00 1.000000e+00
    outer loop
      vertex   -7.856304e+01 -8.028435e+01 -1.374005e+02
      vertex   -7.727747e+01 -7.875226e+01 -1.374005e+02
      vertex   -7.840604e+01 -7.978641e+01 -1.374005e+02
    endloop
  endfacet
  facet normal 0.000000e+00 0.000000e+00 1.000000e+00
    outer loop
      vertex   -7.840604e+01 -7.978641e+01 -1.374005e+02
      vertex   -7.727747e+01 -7.875226e+01 -1.374005e+02
      vertex   -7.774058e+01 -7.899335e+01 -1.374005e+02
    endloop
  endfacet
  facet normal 0.000000e+00 0.000000e+00 1.000000e+00
    outer loop
      vertex   -7.840604e+01 -7.978641e+01 -1.374005e+02
      vertex   -7.774058e+01 -7.899335e+01 -1.374005e+02
      vertex   -7.812552e+01 -7.934607e+01 -1.374005e+02
    endloop
  endfacet
  facet normal 0.000000e+00 0.000000e+00 1.000000e+00
    outer loop
      vertex   -8.339788e+01 -7.240018e+01 -1.374005e+02
      vertex   -8.588142e+01 -7.535995e+01 -1.374005e+02
      vertex   -8.295754e+01 -7.268071e+01 -1.374005e+02
    endloop
  endfacet
  facet normal 0.000000e+00 0.000000e+00 1.000000e+00
    outer loop
      vertex   -8.295754e+01 -7.268071e+01 -1.374005e+02
      vertex   -8.588142e+01 -7.535995e+01 -1.374005e+02
      vertex   -8.552869e+01 -7.574489e+01 -1.374005e+02
    endloop
  endfacet
  facet normal 0.000000e+00 0.000000e+00 1.000000e+00
    outer loop
      vertex   -8.295754e+01 -7.268071e+01 -1.374005e+02
      vertex   -8.552869e+01 -7.574489e+01 -1.374005e+02
      vertex   -8.260481e+01 -7.306565e+01 -1.374005e+02
    endloop
  endfacet
  facet normal 0.000000e+00 0.000000e+00 1.000000e+00
    outer loop
      vertex   -8.260481e+01 -7.306565e+01 -1.374005e+02
      vertex   -8.552869e+01 -7.574489e+01 -1.374005e+02
      vertex   -8.508835e+01 -7.602542e+01 -1.374005e+02
    endloop
  endfacet
  facet normal 0.000000e+00 0.000000e+00 1.000000e+00
    outer loop
      vertex   -8.260481e+01 -7.306565e+01 -1.374005e+02
      vertex   -8.508835e+01 -7.602542e+01 -1.374005e+02
      vertex   -8.236373e+01 -7.352876e+01 -1.374005e+02
    endloop
  endfacet
  facet normal 0.000000e+00 0.000000e+00 1.000000e+00
    outer loop
      vertex   -8.236373e+01 -7.352876e+01 -1.374005e+02
      vertex   -8.508835e+01 -7.602542e+01 -1.374005e+02
      vertex   -8.459041e+01 -7.618242e+01 -1.374005e+02
    endloop
  endfacet
  facet normal 0.000000e+00 0.000000e+00 1.000000e+00
    outer loop
      vertex   -8.236373e+01 -7.352876e+01 -1.374005e+02
      vertex   -8.459041e+01 -7.618242e+01 -1.374005e+02
      vertex   -8.225073e+01 -7.403849e+01 -1.374005e+02
    endloop
  endfacet
  facet normal 0.000000e+00 0.000000e+00 1.000000e+00
    outer loop
      vertex   -8.225073e+01 -7.403849e+01 -1.374005e+02
      vertex   -8.459041e+01 -7.618242e+01 -1.374005e+02
      vertex   -8.406880e+01 -7.620519e+01 -1.374005e+02
    endloop
  endfacet
  facet normal 0.000000e+00 0.000000e+00 1.000000e+00
    outer loop
      vertex   -8.225073e+01 -7.403849e+01 -1.374005e+02
      vertex   -8.406880e+01 -7.620519e+01 -1.374005e+02
      vertex   -8.227350e+01 -7.456010e+01 -1.374005e+02
    endloop
  endfacet
  facet normal 0.000000e+00 0.000000e+00 1.000000e+00
    outer loop
      vertex   -8.227350e+01 -7.456010e+01 -1.374005e+02
      vertex   -8.406880e+01 -7.620519e+01 -1.374005e+02
      vertex   -8.355908e+01 -7.609218e+01 -1.374005e+02
    endloop
  endfacet
  facet normal 0.000000e+00 0.000000e+00 1.000000e+00
    outer loop
      vertex   -8.227350e+01 -7.456010e+01 -1.374005e+02
      vertex   -8.355908e+01 -7.609218e+01 -1.374005e+02
      vertex   -8.243050e+01 -7.505804e+01 -1.374005e+02
    endloop
  endfacet
  facet normal 0.000000e+00 0.000000e+00 1.000000e+00
    outer loop
      vertex   -8.243050e+01 -7.505804e+01 -1.374005e+02
      vertex   -8.355908e+01 -7.609218e+01 -1.374005e+02
      vertex   -8.309596e+01 -7.585110e+01 -1.374005e+02
    endloop
  endfacet
  facet normal 0.000000e+00 0.000000e+00 1.000000e+00
    outer loop
      vertex   -8.243050e+01 -7.505804e+01 -1.374005e+02
      vertex   -8.309596e+01 -7.585110e+01 -1.374005e+02
      vertex   -8.271103e+01 -7.549837e+01 -1.374005e+02
    endloop
  endfacet
  facet normal 0.000000e+00 -0.000000e+00 1.000000e+00
    outer loop
      vertex   -8.588142e+01 -7.535995e+01 -1.374005e+02
      vertex   -8.339788e+01 -7.240018e+01 -1.374005e+02
      vertex   -8.612250e+01 -7.489684e+01 -1.374005e+02
    endloop
  endfacet
  facet normal 0.000000e+00 0.000000e+00 1.000000e+00
    outer loop
      vertex   -8.612250e+01 -7.489684e+01 -1.374005e+02
      vertex   -8.339788e+01 -7.240018e+01 -1.374005e+02
      vertex   -8.389582e+01 -7.224318e+01 -1.374005e+02
    endloop
  endfacet
  facet normal 0.000000e+00 -0.000000e+00 1.000000e+00
    outer loop
      vertex   -8.612250e+01 -7.489684e+01 -1.374005e+02
      vertex   -8.389582e+01 -7.224318e+01 -1.374005e+02
      vertex   -8.623551e+01 -7.438711e+01 -1.374005e+02
    endloop
  endfacet
  facet normal 0.000000e+00 0.000000e+00 1.000000e+00
    outer loop
      vertex   -8.623551e+01 -7.438711e+01 -1.374005e+02
      vertex   -8.389582e+01 -7.224318e+01 -1.374005e+02
      vertex   -8.441743e+01 -7.222041e+01 -1.374005e+02
    endloop
  endfacet
  facet normal 0.000000e+00 0.000000e+00 1.000000e+00
    outer loop
      vertex   -8.623551e+01 -7.438711e+01 -1.374005e+02
      vertex   -8.441743e+01 -7.222041e+01 -1.374005e+02
      vertex   -8.621273e+01 -7.386550e+01 -1.374005e+02
    endloop
  endfacet
  facet normal 0.000000e+00 0.000000e+00 1.000000e+00
    outer loop
      vertex   -8.621273e+01 -7.386550e+01 -1.374005e+02
      vertex   -8.441743e+01 -7.222041e+01 -1.374005e+02
      vertex   -8.492716e+01 -7.233341e+01 -1.374005e+02
    endloop
  endfacet
  facet normal 0.000000e+00 0.000000e+00 1.000000e+00
    outer loop
      vertex   -8.621273e+01 -7.386550e+01 -1.374005e+02
      vertex   -8.492716e+01 -7.233341e+01 -1.374005e+02
      vertex   -8.605573e+01 -7.336756e+01 -1.374005e+02
    endloop
  endfacet
  facet normal 0.000000e+00 0.000000e+00 1.000000e+00
    outer loop
      vertex   -8.605573e+01 -7.336756e+01 -1.374005e+02
      vertex   -8.492716e+01 -7.233341e+01 -1.374005e+02
      vertex   -8.539027e+01 -7.257450e+01 -1.374005e+02
    endloop
  endfacet
  facet normal 0.000000e+00 0.000000e+00 1.000000e+00
    outer loop
      vertex   -8.605573e+01 -7.336756e+01 -1.374005e+02
      vertex   -8.539027e+01 -7.257450e+01 -1.374005e+02
      vertex   -8.577520e+01 -7.292722e+01 -1.374005e+02
    endloop
  endfacet
  facet normal 7.384620e-01 6.742951e-01 -0.000000e+00
    outer loop
      vertex   -8.553406e+01 -7.574037e+01 -1.331005e+02
      vertex   -8.588142e+01 -7.535995e+01 -1.282838e+02
      vertex   -8.553406e+01 -7.574037e+01 -1.271005e+02
    endloop
  endfacet
  facet normal 7.384620e-01 6.742951e-01 1.051976e-15
    outer loop
      vertex   -8.553406e+01 -7.574037e+01 -1.271005e+02
      vertex   -8.588142e+01 -7.535995e+01 -1.282838e+02
      vertex   -8.588142e+01 -7.535995e+01 -1.191672e+02
    endloop
  endfacet
  facet normal 7.372773e-01 6.755902e-01 -1.139685e-04
    outer loop
      vertex   -8.553406e+01 -7.574037e+01 -1.271005e+02
      vertex   -8.588142e+01 -7.535995e+01 -1.191672e+02
      vertex   -8.552869e+01 -7.574489e+01 -1.191672e+02
    endloop
  endfacet
  facet normal 7.372773e-01 6.755902e-01 1.049613e-15
    outer loop
      vertex   -8.552869e+01 -7.574489e+01 -1.191672e+02
      vertex   -8.588142e+01 -7.535995e+01 -1.191672e+02
      vertex   -8.588142e+01 -7.535995e+01 -1.100505e+02
    endloop
  endfacet
  facet normal 7.372773e-01 6.755902e-01 5.553944e-15
    outer loop
      vertex   -8.552869e+01 -7.574489e+01 -1.191672e+02
      vertex   -8.588142e+01 -7.535995e+01 -1.100505e+02
      vertex   -8.552869e+01 -7.574489e+01 -1.100505e+02
    endloop
  endfacet
  facet normal 5.484768e-01 8.361658e-01 -1.943920e-04
    outer loop
      vertex   -8.513001e+01 -7.600540e+01 -1.331005e+02
      vertex   -8.552869e+01 -7.574489e+01 -1.374005e+02
      vertex   -8.553406e+01 -7.574037e+01 -1.331005e+02
    endloop
  endfacet
  facet normal 7.372773e-01 6.755902e-01 2.102677e-04
    outer loop
      vertex   -8.553406e+01 -7.574037e+01 -1.331005e+02
      vertex   -8.552869e+01 -7.574489e+01 -1.374005e+02
      vertex   -8.588142e+01 -7.535995e+01 -1.374005e+02
    endloop
  endfacet
  facet normal 7.384620e-01 6.742951e-01 -3.350958e-15
    outer loop
      vertex   -8.553406e+01 -7.574037e+01 -1.331005e+02
      vertex   -8.588142e+01 -7.535995e+01 -1.374005e+02
      vertex   -8.588142e+01 -7.535995e+01 -1.282838e+02
    endloop
  endfacet
  facet normal 8.870108e-01 4.617486e-01 -3.485068e-15
    outer loop
      vertex   -8.588142e+01 -7.535995e+01 -1.282838e+02
      vertex   -8.588142e+01 -7.535995e+01 -1.374005e+02
      vertex   -8.612250e+01 -7.489684e+01 -1.282838e+02
    endloop
  endfacet
  facet normal 8.870108e-01 4.617486e-01 2.766895e-15
    outer loop
      vertex   -8.588142e+01 -7.535995e+01 -1.282838e+02
      vertex   -8.612250e+01 -7.489684e+01 -1.282838e+02
      vertex   -8.612250e+01 -7.489684e+01 -1.191672e+02
    endloop
  endfacet
  facet normal 9.762960e-01 2.164396e-01 3.043656e-15
    outer loop
      vertex   -8.612250e+01 -7.489684e+01 -1.191672e+02
      vertex   -8.612250e+01 -7.489684e+01 -1.282838e+02
      vertex   -8.623551e+01 -7.438711e+01 -1.191672e+02
    endloop
  endfacet
  facet normal 9.762960e-01 2.164396e-01 3.367507e-16
    outer loop
      vertex   -8.612250e+01 -7.489684e+01 -1.191672e+02
      vertex   -8.623551e+01 -7.438711e+01 -1.191672e+02
      vertex   -8.623551e+01 -7.438711e+01 -1.100505e+02
    endloop
  endfacet
  facet normal 9.990482e-01 -4.361939e-02 -6.799292e-17
    outer loop
      vertex   -8.623551e+01 -7.438711e+01 -1.100505e+02
      vertex   -8.623551e+01 -7.438711e+01 -1.191672e+02
      vertex   -8.621273e+01 -7.386550e+01 -1.100505e+02
    endloop
  endfacet
  facet normal 9.990482e-01 -4.361939e-02 3.046595e-15
    outer loop
      vertex   -8.621273e+01 -7.386550e+01 -1.100505e+02
      vertex   -8.623551e+01 -7.438711e+01 -1.191672e+02
      vertex   -8.621273e+01 -7.386550e+01 -1.191672e+02
    endloop
  endfacet
  facet normal 9.537170e-01 -3.007058e-01 2.504532e-15
    outer loop
      vertex   -8.621273e+01 -7.386550e+01 -1.100505e+02
      vertex   -8.621273e+01 -7.386550e+01 -1.191672e+02
      vertex   -8.605573e+01 -7.336756e+01 -1.100505e+02
    endloop
  endfacet
  facet normal 9.537170e-01 -3.007058e-01 1.486633e-15
    outer loop
      vertex   -8.605573e+01 -7.336756e+01 -1.100505e+02
      vertex   -8.621273e+01 -7.386550e+01 -1.191672e+02
      vertex   -8.605573e+01 -7.336756e+01 -1.191672e+02
    endloop
  endfacet
  facet normal 8.433914e-01 -5.372996e-01 1.314660e-15
    outer loop
      vertex   -8.605573e+01 -7.336756e+01 -1.100505e+02
      vertex   -8.605573e+01 -7.336756e+01 -1.191672e+02
      vertex   -8.577520e+01 -7.292722e+01 -1.100505e+02
    endloop
  endfacet
  facet normal 8.433914e-01 -5.372996e-01 1.314660e-15
    outer loop
      vertex   -8.577520e+01 -7.292722e+01 -1.100505e+02
      vertex   -8.605573e+01 -7.336756e+01 -1.191672e+02
      vertex   -8.577520e+01 -7.292722e+01 -1.191672e+02
    endloop
  endfacet
  facet normal 6.755902e-01 -7.372773e-01 1.053095e-15
    outer loop
      vertex   -8.577520e+01 -7.292722e+01 -1.100505e+02
      vertex   -8.577520e+01 -7.292722e+01 -1.191672e+02
      vertex   -8.539027e+01 -7.257450e+01 -1.100505e+02
    endloop
  endfacet
  facet normal 6.755902e-01 -7.372773e-01 2.202346e-15
    outer loop
      vertex   -8.539027e+01 -7.257450e+01 -1.100505e+02
      vertex   -8.577520e+01 -7.292722e+01 -1.191672e+02
      vertex   -8.539027e+01 -7.257450e+01 -1.191672e+02
    endloop
  endfacet
  facet normal 4.617486e-01 -8.870108e-01 2.102416e-15
    outer loop
      vertex   -8.539027e+01 -7.257450e+01 -1.100505e+02
      vertex   -8.539027e+01 -7.257450e+01 -1.191672e+02
      vertex   -8.492716e+01 -7.233341e+01 -1.100505e+02
    endloop
  endfacet
  facet normal 4.617486e-01 -8.870108e-01 7.197633e-16
    outer loop
      vertex   -8.492716e+01 -7.233341e+01 -1.100505e+02
      vertex   -8.539027e+01 -7.257450e+01 -1.191672e+02
      vertex   -8.492716e+01 -7.233341e+01 -1.191672e+02
    endloop
  endfacet
  facet normal 2.164396e-01 -9.762960e-01 3.373812e-16
    outer loop
      vertex   -8.492716e+01 -7.233341e+01 -1.100505e+02
      vertex   -8.492716e+01 -7.233341e+01 -1.191672e+02
      vertex   -8.441743e+01 -7.222041e+01 -1.100505e+02
    endloop
  endfacet
  facet normal 2.164396e-01 -9.762960e-01 0.000000e+00
    outer loop
      vertex   -8.441743e+01 -7.222041e+01 -1.100505e+02
      vertex   -8.492716e+01 -7.233341e+01 -1.191672e+02
      vertex   -8.441743e+01 -7.222041e+01 -1.191672e+02
    endloop
  endfacet
  facet normal -4.361939e-02 -9.990482e-01 -0.000000e+00
    outer loop
      vertex   -8.441743e+01 -7.222041e+01 -1.100505e+02
      vertex   -8.441743e+01 -7.222041e+01 -1.191672e+02
      vertex   -8.389582e+01 -7.224318e+01 -1.100505e+02
    endloop
  endfacet
  facet normal -4.361939e-02 -9.990482e-01 -0.000000e+00
    outer loop
      vertex   -8.389582e+01 -7.224318e+01 -1.100505e+02
      vertex   -8.441743e+01 -7.222041e+01 -1.191672e+02
      vertex   -8.389582e+01 -7.224318e+01 -1.191672e+02
    endloop
  endfacet
  facet normal -3.007058e-01 -9.537170e-01 -0.000000e+00
    outer loop
      vertex   -8.389582e+01 -7.224318e+01 -1.100505e+02
      vertex   -8.389582e+01 -7.224318e+01 -1.191672e+02
      vertex   -8.339788e+01 -7.240018e+01 -1.100505e+02
    endloop
  endfacet
  facet normal -3.007058e-01 -9.537170e-01 -4.687334e-16
    outer loop
      vertex   -8.339788e+01 -7.240018e+01 -1.100505e+02
      vertex   -8.389582e+01 -7.224318e+01 -1.191672e+02
      vertex   -8.339788e+01 -7.240018e+01 -1.191672e+02
    endloop
  endfacet
  facet normal -5.372996e-01 -8.433914e-01 -8.375305e-16
    outer loop
      vertex   -8.339788e+01 -7.240018e+01 -1.100505e+02
      vertex   -8.339788e+01 -7.240018e+01 -1.191672e+02
      vertex   -8.295754e+01 -7.268071e+01 -1.100505e+02
    endloop
  endfacet
  facet normal -5.372996e-01 -8.433914e-01 4.771291e-16
    outer loop
      vertex   -8.295754e+01 -7.268071e+01 -1.100505e+02
      vertex   -8.339788e+01 -7.240018e+01 -1.191672e+02
      vertex   -8.295754e+01 -7.268071e+01 -1.191672e+02
    endloop
  endfacet
  facet normal -7.372773e-01 -6.755902e-01 -9.615651e-17
    outer loop
      vertex   -8.295754e+01 -7.268071e+01 -1.100505e+02
      vertex   -8.295754e+01 -7.268071e+01 -1.191672e+02
      vertex   -8.260481e+01 -7.306565e+01 -1.100505e+02
    endloop
  endfacet
  facet normal -7.372773e-01 -6.755902e-01 -1.245408e-15
    outer loop
      vertex   -8.260481e+01 -7.306565e+01 -1.100505e+02
      vertex   -8.295754e+01 -7.268071e+01 -1.191672e+02
      vertex   -8.260481e+01 -7.306565e+01 -1.191672e+02
    endloop
  endfacet
  facet normal -8.870108e-01 -4.617486e-01 -2.045542e-15
    outer loop
      vertex   -8.260481e+01 -7.306565e+01 -1.100505e+02
      vertex   -8.260481e+01 -7.306565e+01 -1.191672e+02
      vertex   -8.236373e+01 -7.352876e+01 -1.100505e+02
    endloop
  endfacet
  facet normal -8.870108e-01 -4.617486e-01 -2.045542e-15
    outer loop
      vertex   -8.236373e+01 -7.352876e+01 -1.100505e+02
      vertex   -8.260481e+01 -7.306565e+01 -1.191672e+02
      vertex   -8.236373e+01 -7.352876e+01 -1.191672e+02
    endloop
  endfacet
  facet normal -9.762960e-01 -2.164396e-01 -2.706275e-15
    outer loop
      vertex   -8.236373e+01 -7.352876e+01 -1.100505e+02
      vertex   -8.236373e+01 -7.352876e+01 -1.191672e+02
      vertex   -8.225073e+01 -7.403849e+01 -1.100505e+02
    endloop
  endfacet
  facet normal -9.762960e-01 -2.164396e-01 -4.228103e-15
    outer loop
      vertex   -8.225073e+01 -7.403849e+01 -1.100505e+02
      vertex   -8.236373e+01 -7.352876e+01 -1.191672e+02
      vertex   -8.225073e+01 -7.403849e+01 -1.191672e+02
    endloop
  endfacet
  facet normal -9.990482e-01 4.361939e-02 -4.739875e-15
    outer loop
      vertex   -8.225073e+01 -7.403849e+01 -1.100505e+02
      vertex   -8.225073e+01 -7.403849e+01 -1.191672e+02
      vertex   -8.227350e+01 -7.456010e+01 -1.100505e+02
    endloop
  endfacet
  facet normal -9.990482e-01 4.361939e-02 -6.799292e-17
    outer loop
      vertex   -8.227350e+01 -7.456010e+01 -1.100505e+02
      vertex   -8.225073e+01 -7.403849e+01 -1.191672e+02
      vertex   -8.227350e+01 -7.456010e+01 -1.191672e+02
    endloop
  endfacet
  facet normal -9.537170e-01 3.007058e-01 -4.687334e-16
    outer loop
      vertex   -8.227350e+01 -7.456010e+01 -1.100505e+02
      vertex   -8.227350e+01 -7.456010e+01 -1.191672e+02
      vertex   -8.243050e+01 -7.505804e+01 -1.100505e+02
    endloop
  endfacet
  facet normal -9.537170e-01 3.007058e-01 -1.955366e-15
    outer loop
      vertex   -8.243050e+01 -7.505804e+01 -1.100505e+02
      vertex   -8.227350e+01 -7.456010e+01 -1.191672e+02
      vertex   -8.243050e+01 -7.505804e+01 -1.191672e+02
    endloop
  endfacet
  facet normal -8.433914e-01 5.372996e-01 -2.152190e-15
    outer loop
      vertex   -8.243050e+01 -7.505804e+01 -1.100505e+02
      vertex   -8.243050e+01 -7.505804e+01 -1.191672e+02
      vertex   -8.271103e+01 -7.549837e+01 -1.100505e+02
    endloop
  endfacet
  facet normal -8.433914e-01 5.372996e-01 -8.375305e-16
    outer loop
      vertex   -8.271103e+01 -7.549837e+01 -1.100505e+02
      vertex   -8.243050e+01 -7.505804e+01 -1.191672e+02
      vertex   -8.271103e+01 -7.549837e+01 -1.191672e+02
    endloop
  endfacet
  facet normal -6.755902e-01 7.372773e-01 -1.149251e-15
    outer loop
      vertex   -8.271103e+01 -7.549837e+01 -1.100505e+02
      vertex   -8.271103e+01 -7.549837e+01 -1.191672e+02
      vertex   -8.309596e+01 -7.585110e+01 -1.100505e+02
    endloop
  endfacet
  facet normal -6.755902e-01 7.372773e-01 1.053095e-15
    outer loop
      vertex   -8.309596e+01 -7.585110e+01 -1.100505e+02
      vertex   -8.271103e+01 -7.549837e+01 -1.191672e+02
      vertex   -8.309596e+01 -7.585110e+01 -1.191672e+02
    endloop
  endfacet
  facet normal -4.617486e-01 8.870108e-01 7.197633e-16
    outer loop
      vertex   -8.309596e+01 -7.585110e+01 -1.100505e+02
      vertex   -8.309596e+01 -7.585110e+01 -1.191672e+02
      vertex   -8.355908e+01 -7.609218e+01 -1.100505e+02
    endloop
  endfacet
  facet normal -4.617486e-01 8.870108e-01 5.687417e-17
    outer loop
      vertex   -8.355908e+01 -7.609218e+01 -1.100505e+02
      vertex   -8.309596e+01 -7.585110e+01 -1.191672e+02
      vertex   -8.355908e+01 -7.609218e+01 -1.191672e+02
    endloop
  endfacet
  facet normal -2.164396e-01 9.762960e-01 -8.470658e-16
    outer loop
      vertex   -8.355908e+01 -7.609218e+01 -1.100505e+02
      vertex   -8.355908e+01 -7.609218e+01 -1.191672e+02
      vertex   -8.406880e+01 -7.620519e+01 -1.100505e+02
    endloop
  endfacet
  facet normal -2.164396e-01 9.762960e-01 0.000000e+00
    outer loop
      vertex   -8.406880e+01 -7.620519e+01 -1.100505e+02
      vertex   -8.355908e+01 -7.609218e+01 -1.191672e+02
      vertex   -8.406880e+01 -7.620519e+01 -1.191672e+02
    endloop
  endfacet
  facet normal 4.361939e-02 9.990482e-01 0.000000e+00
    outer loop
      vertex   -8.406880e+01 -7.620519e+01 -1.100505e+02
      vertex   -8.406880e+01 -7.620519e+01 -1.191672e+02
      vertex   -8.459041e+01 -7.618242e+01 -1.100505e+02
    endloop
  endfacet
  facet normal 4.361939e-02 9.990482e-01 -6.799292e-17
    outer loop
      vertex   -8.459041e+01 -7.618242e+01 -1.100505e+02
      vertex   -8.406880e+01 -7.620519e+01 -1.191672e+02
      vertex   -8.459041e+01 -7.618242e+01 -1.191672e+02
    endloop
  endfacet
  facet normal 3.007058e-01 9.537170e-01 -4.687334e-16
    outer loop
      vertex   -8.459041e+01 -7.618242e+01 -1.100505e+02
      vertex   -8.459041e+01 -7.618242e+01 -1.191672e+02
      vertex   -8.508835e+01 -7.602542e+01 -1.100505e+02
    endloop
  endfacet
  facet normal 3.007058e-01 9.537170e-01 0.000000e+00
    outer loop
      vertex   -8.508835e+01 -7.602542e+01 -1.100505e+02
      vertex   -8.459041e+01 -7.618242e+01 -1.191672e+02
      vertex   -8.508835e+01 -7.602542e+01 -1.191672e+02
    endloop
  endfacet
  facet normal 5.372996e-01 8.433914e-01 0.000000e+00
    outer loop
      vertex   -8.508835e+01 -7.602542e+01 -1.100505e+02
      vertex   -8.508835e+01 -7.602542e+01 -1.191672e+02
      vertex   -8.552869e+01 -7.574489e+01 -1.100505e+02
    endloop
  endfacet
  facet normal 5.372996e-01 8.433914e-01 5.141911e-15
    outer loop
      vertex   -8.552869e+01 -7.574489e+01 -1.100505e+02
      vertex   -8.508835e+01 -7.602542e+01 -1.191672e+02
      vertex   -8.552869e+01 -7.574489e+01 -1.191672e+02
    endloop
  endfacet
  facet normal 5.372992e-01 8.433908e-01 1.279678e-03
    outer loop
      vertex   -8.552869e+01 -7.574489e+01 -1.374005e+02
      vertex   -8.513001e+01 -7.600540e+01 -1.331005e+02
      vertex   -8.508835e+01 -7.602542e+01 -1.374005e+02
    endloop
  endfacet
  facet normal 3.319219e-01 9.433062e-01 -1.175046e-03
    outer loop
      vertex   -8.508835e+01 -7.602542e+01 -1.374005e+02
      vertex   -8.513001e+01 -7.600540e+01 -1.331005e+02
      vertex   -8.467419e+01 -7.616579e+01 -1.331005e+02
    endloop
  endfacet
  facet normal 3.007051e-01 9.537147e-01 2.171478e-03
    outer loop
      vertex   -8.508835e+01 -7.602542e+01 -1.374005e+02
      vertex   -8.467419e+01 -7.616579e+01 -1.331005e+02
      vertex   -8.459041e+01 -7.618242e+01 -1.374005e+02
    endloop
  endfacet
  facet normal 9.599123e-02 9.953802e-01 -1.977911e-03
    outer loop
      vertex   -8.459041e+01 -7.618242e+01 -1.374005e+02
      vertex   -8.467419e+01 -7.616579e+01 -1.331005e+02
      vertex   -8.419320e+01 -7.621218e+01 -1.331005e+02
    endloop
  endfacet
  facet normal 4.361921e-02 9.990441e-01 2.885325e-03
    outer loop
      vertex   -8.459041e+01 -7.618242e+01 -1.374005e+02
      vertex   -8.419320e+01 -7.621218e+01 -1.331005e+02
      vertex   -8.406880e+01 -7.620519e+01 -1.374005e+02
    endloop
  endfacet
  facet normal -1.455423e-01 9.893486e-01 -2.602679e-03
    outer loop
      vertex   -8.406880e+01 -7.620519e+01 -1.374005e+02
      vertex   -8.419320e+01 -7.621218e+01 -1.331005e+02
      vertex   -8.371513e+01 -7.614185e+01 -1.331005e+02
    endloop
  endfacet
  facet normal -2.164383e-01 9.762903e-01 3.420948e-03
    outer loop
      vertex   -8.406880e+01 -7.620519e+01 -1.374005e+02
      vertex   -8.371513e+01 -7.614185e+01 -1.331005e+02
      vertex   -8.355908e+01 -7.609218e+01 -1.374005e+02
    endloop
  endfacet
  facet normal -3.785791e-01 9.255639e-01 -3.049111e-03
    outer loop
      vertex   -8.355908e+01 -7.609218e+01 -1.374005e+02
      vertex   -8.371513e+01 -7.614185e+01 -1.331005e+02
      vertex   -8.326787e+01 -7.595891e+01 -1.331005e+02
    endloop
  endfacet
  facet normal -4.617453e-01 8.870045e-01 3.778143e-03
    outer loop
      vertex   -8.355908e+01 -7.609218e+01 -1.374005e+02
      vertex   -8.326787e+01 -7.595891e+01 -1.331005e+02
      vertex   -8.309596e+01 -7.585110e+01 -1.374005e+02
    endloop
  endfacet
  facet normal -5.895161e-01 8.077498e-01 -3.317038e-03
    outer loop
      vertex   -8.309596e+01 -7.585110e+01 -1.374005e+02
      vertex   -8.326787e+01 -7.595891e+01 -1.331005e+02
      vertex   -8.287755e+01 -7.567404e+01 -1.331005e+02
    endloop
  endfacet
  facet normal -6.755849e-01 7.372716e-01 3.956774e-03
    outer loop
      vertex   -8.309596e+01 -7.585110e+01 -1.374005e+02
      vertex   -8.287755e+01 -7.567404e+01 -1.331005e+02
      vertex   -8.271103e+01 -7.549837e+01 -1.374005e+02
    endloop
  endfacet
  facet normal -7.660400e-01 6.427839e-01 -3.406359e-03
    outer loop
      vertex   -8.271103e+01 -7.549837e+01 -1.374005e+02
      vertex   -8.287755e+01 -7.567404e+01 -1.331005e+02
      vertex   -8.256694e+01 -7.530388e+01 -1.331005e+02
    endloop
  endfacet
  facet normal -8.433848e-01 5.372954e-01 3.956774e-03
    outer loop
      vertex   -8.271103e+01 -7.549837e+01 -1.374005e+02
      vertex   -8.256694e+01 -7.530388e+01 -1.331005e+02
      vertex   -8.243050e+01 -7.505804e+01 -1.374005e+02
    endloop
  endfacet
  facet normal -8.978467e-01 4.402957e-01 -3.317038e-03
    outer loop
      vertex   -8.243050e+01 -7.505804e+01 -1.374005e+02
      vertex   -8.256694e+01 -7.530388e+01 -1.331005e+02
      vertex   -8.235418e+01 -7.487002e+01 -1.331005e+02
    endloop
  endfacet
  facet normal -9.537101e-01 3.007037e-01 3.778143e-03
    outer loop
      vertex   -8.243050e+01 -7.505804e+01 -1.374005e+02
      vertex   -8.235418e+01 -7.487002e+01 -1.331005e+02
      vertex   -8.227350e+01 -7.456010e+01 -1.374005e+02
    endloop
  endfacet
  facet normal -9.772421e-01 2.121052e-01 -3.049111e-03
    outer loop
      vertex   -8.227350e+01 -7.456010e+01 -1.374005e+02
      vertex   -8.235418e+01 -7.487002e+01 -1.331005e+02
      vertex   -8.225169e+01 -7.439779e+01 -1.331005e+02
    endloop
  endfacet
  facet normal -9.990424e-01 4.361913e-02 3.420948e-03
    outer loop
      vertex   -8.227350e+01 -7.456010e+01 -1.374005e+02
      vertex   -8.225169e+01 -7.439779e+01 -1.331005e+02
      vertex   -8.225073e+01 -7.403849e+01 -1.374005e+02
    endloop
  endfacet
  facet normal -9.995913e-01 -2.846741e-02 -2.602679e-03
    outer loop
      vertex   -8.225073e+01 -7.403849e+01 -1.374005e+02
      vertex   -8.225169e+01 -7.439779e+01 -1.331005e+02
      vertex   -8.226545e+01 -7.391477e+01 -1.331005e+02
    endloop
  endfacet
  facet normal -9.762919e-01 -2.164387e-01 2.885325e-03
    outer loop
      vertex   -8.225073e+01 -7.403849e+01 -1.374005e+02
      vertex   -8.226545e+01 -7.391477e+01 -1.331005e+02
      vertex   -8.236373e+01 -7.352876e+01 -1.374005e+02
    endloop
  endfacet
  facet normal -9.635895e-01 -2.673789e-01 -1.977911e-03
    outer loop
      vertex   -8.236373e+01 -7.352876e+01 -1.374005e+02
      vertex   -8.226545e+01 -7.391477e+01 -1.331005e+02
      vertex   -8.239465e+01 -7.344914e+01 -1.331005e+02
    endloop
  endfacet
  facet normal -8.870087e-01 -4.617475e-01 2.171478e-03
    outer loop
      vertex   -8.236373e+01 -7.352876e+01 -1.374005e+02
      vertex   -8.239465e+01 -7.344914e+01 -1.331005e+02
      vertex   -8.260481e+01 -7.306565e+01 -1.374005e+02
    endloop
  endfacet
  facet normal -8.713376e-01 -4.906826e-01 -1.175046e-03
    outer loop
      vertex   -8.260481e+01 -7.306565e+01 -1.374005e+02
      vertex   -8.239465e+01 -7.344914e+01 -1.331005e+02
      vertex   -8.263176e+01 -7.302810e+01 -1.331005e+02
    endloop
  endfacet
  facet normal -7.372767e-01 -6.755897e-01 1.279678e-03
    outer loop
      vertex   -8.260481e+01 -7.306565e+01 -1.374005e+02
      vertex   -8.263176e+01 -7.302810e+01 -1.331005e+02
      vertex   -8.295754e+01 -7.268071e+01 -1.374005e+02
    endloop
  endfacet
  facet normal -7.282205e-01 -6.853428e-01 -1.943920e-04
    outer loop
      vertex   -8.295754e+01 -7.268071e+01 -1.374005e+02
      vertex   -8.263176e+01 -7.302810e+01 -1.331005e+02
      vertex   -8.296293e+01 -7.267621e+01 -1.331005e+02
    endloop
  endfacet
  facet normal -5.372996e-01 -8.433914e-01 2.102677e-04
    outer loop
      vertex   -8.295754e+01 -7.268071e+01 -1.374005e+02
      vertex   -8.296293e+01 -7.267621e+01 -1.331005e+02
      vertex   -8.339788e+01 -7.240018e+01 -1.374005e+02
    endloop
  endfacet
  facet normal -5.358185e-01 -8.443332e-01 2.632255e-15
    outer loop
      vertex   -8.339788e+01 -7.240018e+01 -1.374005e+02
      vertex   -8.296293e+01 -7.267621e+01 -1.331005e+02
      vertex   -8.339788e+01 -7.240018e+01 -1.282838e+02
    endloop
  endfacet
  facet normal -3.007058e-01 -9.537170e-01 2.973265e-15
    outer loop
      vertex   -8.339788e+01 -7.240018e+01 -1.374005e+02
      vertex   -8.339788e+01 -7.240018e+01 -1.282838e+02
      vertex   -8.389582e+01 -7.224318e+01 -1.374005e+02
    endloop
  endfacet
  facet normal -3.007058e-01 -9.537170e-01 0.000000e+00
    outer loop
      vertex   -8.389582e+01 -7.224318e+01 -1.374005e+02
      vertex   -8.339788e+01 -7.240018e+01 -1.282838e+02
      vertex   -8.389582e+01 -7.224318e+01 -1.282838e+02
    endloop
  endfacet
  facet normal -4.361939e-02 -9.990482e-01 0.000000e+00
    outer loop
      vertex   -8.389582e+01 -7.224318e+01 -1.374005e+02
      vertex   -8.389582e+01 -7.224318e+01 -1.282838e+02
      vertex   -8.441743e+01 -7.222041e+01 -1.374005e+02
    endloop
  endfacet
  facet normal -4.361939e-02 -9.990482e-01 -1.557294e-15
    outer loop
      vertex   -8.441743e+01 -7.222041e+01 -1.374005e+02
      vertex   -8.389582e+01 -7.224318e+01 -1.282838e+02
      vertex   -8.441743e+01 -7.222041e+01 -1.282838e+02
    endloop
  endfacet
  facet normal 2.164396e-01 -9.762960e-01 -1.521828e-15
    outer loop
      vertex   -8.441743e+01 -7.222041e+01 -1.374005e+02
      vertex   -8.441743e+01 -7.222041e+01 -1.282838e+02
      vertex   -8.492716e+01 -7.233341e+01 -1.374005e+02
    endloop
  endfacet
  facet normal 2.164396e-01 -9.762960e-01 -1.521828e-15
    outer loop
      vertex   -8.492716e+01 -7.233341e+01 -1.374005e+02
      vertex   -8.441743e+01 -7.222041e+01 -1.282838e+02
      vertex   -8.492716e+01 -7.233341e+01 -1.282838e+02
    endloop
  endfacet
  facet normal 4.617486e-01 -8.870108e-01 -1.382653e-15
    outer loop
      vertex   -8.492716e+01 -7.233341e+01 -1.374005e+02
      vertex   -8.492716e+01 -7.233341e+01 -1.282838e+02
      vertex   -8.539027e+01 -7.257450e+01 -1.374005e+02
    endloop
  endfacet
  facet normal 4.617486e-01 -8.870108e-01 -1.382653e-15
    outer loop
      vertex   -8.539027e+01 -7.257450e+01 -1.374005e+02
      vertex   -8.492716e+01 -7.233341e+01 -1.282838e+02
      vertex   -8.539027e+01 -7.257450e+01 -1.282838e+02
    endloop
  endfacet
  facet normal 6.755902e-01 -7.372773e-01 -1.149251e-15
    outer loop
      vertex   -8.539027e+01 -7.257450e+01 -1.374005e+02
      vertex   -8.539027e+01 -7.257450e+01 -1.282838e+02
      vertex   -8.577520e+01 -7.292722e+01 -1.374005e+02
    endloop
  endfacet
  facet normal 6.755902e-01 -7.372773e-01 -2.202346e-15
    outer loop
      vertex   -8.577520e+01 -7.292722e+01 -1.374005e+02
      vertex   -8.539027e+01 -7.257450e+01 -1.282838e+02
      vertex   -8.577520e+01 -7.292722e+01 -1.282838e+02
    endloop
  endfacet
  facet normal 8.433914e-01 -5.372996e-01 -2.152190e-15
    outer loop
      vertex   -8.577520e+01 -7.292722e+01 -1.374005e+02
      vertex   -8.577520e+01 -7.292722e+01 -1.282838e+02
      vertex   -8.605573e+01 -7.336756e+01 -1.374005e+02
    endloop
  endfacet
  facet normal 8.433914e-01 -5.372996e-01 -3.466850e-15
    outer loop
      vertex   -8.605573e+01 -7.336756e+01 -1.374005e+02
      vertex   -8.577520e+01 -7.292722e+01 -1.282838e+02
      vertex   -8.605573e+01 -7.336756e+01 -1.282838e+02
    endloop
  endfacet
  facet normal 9.537170e-01 -3.007058e-01 -3.441998e-15
    outer loop
      vertex   -8.605573e+01 -7.336756e+01 -1.374005e+02
      vertex   -8.605573e+01 -7.336756e+01 -1.282838e+02
      vertex   -8.621273e+01 -7.386550e+01 -1.374005e+02
    endloop
  endfacet
  facet normal 9.537170e-01 -3.007058e-01 -4.928631e-15
    outer loop
      vertex   -8.621273e+01 -7.386550e+01 -1.374005e+02
      vertex   -8.605573e+01 -7.336756e+01 -1.282838e+02
      vertex   -8.621273e+01 -7.386550e+01 -1.282838e+02
    endloop
  endfacet
  facet normal 9.990482e-01 -4.361939e-02 -4.739875e-15
    outer loop
      vertex   -8.621273e+01 -7.386550e+01 -1.374005e+02
      vertex   -8.621273e+01 -7.386550e+01 -1.282838e+02
      vertex   -8.623551e+01 -7.438711e+01 -1.374005e+02
    endloop
  endfacet
  facet normal 9.990482e-01 -4.361939e-02 -1.625287e-15
    outer loop
      vertex   -8.623551e+01 -7.438711e+01 -1.374005e+02
      vertex   -8.621273e+01 -7.386550e+01 -1.282838e+02
      vertex   -8.623551e+01 -7.438711e+01 -1.282838e+02
    endloop
  endfacet
  facet normal 9.762960e-01 2.164396e-01 -1.184447e-15
    outer loop
      vertex   -8.623551e+01 -7.438711e+01 -1.374005e+02
      vertex   -8.623551e+01 -7.438711e+01 -1.282838e+02
      vertex   -8.612250e+01 -7.489684e+01 -1.374005e+02
    endloop
  endfacet
  facet normal 9.762960e-01 2.164396e-01 -4.565485e-15
    outer loop
      vertex   -8.612250e+01 -7.489684e+01 -1.374005e+02
      vertex   -8.623551e+01 -7.438711e+01 -1.282838e+02
      vertex   -8.612250e+01 -7.489684e+01 -1.282838e+02
    endloop
  endfacet
  facet normal 8.870108e-01 4.617486e-01 -4.147958e-15
    outer loop
      vertex   -8.612250e+01 -7.489684e+01 -1.374005e+02
      vertex   -8.612250e+01 -7.489684e+01 -1.282838e+02
      vertex   -8.588142e+01 -7.535995e+01 -1.374005e+02
    endloop
  endfacet
  facet normal -5.358185e-01 -8.443332e-01 0.000000e+00
    outer loop
      vertex   -8.296293e+01 -7.267621e+01 -1.331005e+02
      vertex   -8.296293e+01 -7.267621e+01 -1.271005e+02
      vertex   -8.339788e+01 -7.240018e+01 -1.282838e+02
    endloop
  endfacet
  facet normal -5.358185e-01 -8.443332e-01 -1.670444e-15
    outer loop
      vertex   -8.339788e+01 -7.240018e+01 -1.282838e+02
      vertex   -8.296293e+01 -7.267621e+01 -1.271005e+02
      vertex   -8.339788e+01 -7.240018e+01 -1.191672e+02
    endloop
  endfacet
  facet normal -3.007058e-01 -9.537170e-01 -9.374669e-16
    outer loop
      vertex   -8.339788e+01 -7.240018e+01 -1.282838e+02
      vertex   -8.339788e+01 -7.240018e+01 -1.191672e+02
      vertex   -8.389582e+01 -7.224318e+01 -1.282838e+02
    endloop
  endfacet
  facet normal -3.007058e-01 -9.537170e-01 -4.687334e-16
    outer loop
      vertex   -8.389582e+01 -7.224318e+01 -1.282838e+02
      vertex   -8.339788e+01 -7.240018e+01 -1.191672e+02
      vertex   -8.389582e+01 -7.224318e+01 -1.191672e+02
    endloop
  endfacet
  facet normal -4.361939e-02 -9.990482e-01 -6.799292e-17
    outer loop
      vertex   -8.389582e+01 -7.224318e+01 -1.282838e+02
      vertex   -8.389582e+01 -7.224318e+01 -1.191672e+02
      vertex   -8.441743e+01 -7.222041e+01 -1.282838e+02
    endloop
  endfacet
  facet normal -4.361939e-02 -9.990482e-01 -1.359858e-16
    outer loop
      vertex   -8.441743e+01 -7.222041e+01 -1.282838e+02
      vertex   -8.389582e+01 -7.224318e+01 -1.191672e+02
      vertex   -8.441743e+01 -7.222041e+01 -1.191672e+02
    endloop
  endfacet
  facet normal 2.164396e-01 -9.762960e-01 6.747624e-16
    outer loop
      vertex   -8.441743e+01 -7.222041e+01 -1.282838e+02
      vertex   -8.441743e+01 -7.222041e+01 -1.191672e+02
      vertex   -8.492716e+01 -7.233341e+01 -1.282838e+02
    endloop
  endfacet
  facet normal 2.164396e-01 -9.762960e-01 -8.470658e-16
    outer loop
      vertex   -8.492716e+01 -7.233341e+01 -1.282838e+02
      vertex   -8.441743e+01 -7.222041e+01 -1.191672e+02
      vertex   -8.492716e+01 -7.233341e+01 -1.191672e+02
    endloop
  endfacet
  facet normal 4.617486e-01 -8.870108e-01 5.687417e-17
    outer loop
      vertex   -8.492716e+01 -7.233341e+01 -1.282838e+02
      vertex   -8.492716e+01 -7.233341e+01 -1.191672e+02
      vertex   -8.539027e+01 -7.257450e+01 -1.282838e+02
    endloop
  endfacet
  facet normal 4.617486e-01 -8.870108e-01 -6.628892e-16
    outer loop
      vertex   -8.539027e+01 -7.257450e+01 -1.282838e+02
      vertex   -8.492716e+01 -7.233341e+01 -1.191672e+02
      vertex   -8.539027e+01 -7.257450e+01 -1.191672e+02
    endloop
  endfacet
  facet normal 6.755902e-01 -7.372773e-01 -9.615651e-17
    outer loop
      vertex   -8.539027e+01 -7.257450e+01 -1.282838e+02
      vertex   -8.539027e+01 -7.257450e+01 -1.191672e+02
      vertex   -8.577520e+01 -7.292722e+01 -1.282838e+02
    endloop
  endfacet
  facet normal 6.755902e-01 -7.372773e-01 -9.615651e-17
    outer loop
      vertex   -8.577520e+01 -7.292722e+01 -1.282838e+02
      vertex   -8.539027e+01 -7.257450e+01 -1.191672e+02
      vertex   -8.577520e+01 -7.292722e+01 -1.191672e+02
    endloop
  endfacet
  facet normal 8.433914e-01 -5.372996e-01 4.771291e-16
    outer loop
      vertex   -8.577520e+01 -7.292722e+01 -1.282838e+02
      vertex   -8.577520e+01 -7.292722e+01 -1.191672e+02
      vertex   -8.605573e+01 -7.336756e+01 -1.282838e+02
    endloop
  endfacet
  facet normal 8.433914e-01 -5.372996e-01 1.791789e-15
    outer loop
      vertex   -8.605573e+01 -7.336756e+01 -1.282838e+02
      vertex   -8.577520e+01 -7.292722e+01 -1.191672e+02
      vertex   -8.605573e+01 -7.336756e+01 -1.191672e+02
    endloop
  endfacet
  facet normal 9.537170e-01 -3.007058e-01 2.504532e-15
    outer loop
      vertex   -8.605573e+01 -7.336756e+01 -1.282838e+02
      vertex   -8.605573e+01 -7.336756e+01 -1.191672e+02
      vertex   -8.621273e+01 -7.386550e+01 -1.282838e+02
    endloop
  endfacet
  facet normal 9.537170e-01 -3.007058e-01 1.486633e-15
    outer loop
      vertex   -8.621273e+01 -7.386550e+01 -1.282838e+02
      vertex   -8.605573e+01 -7.336756e+01 -1.191672e+02
      vertex   -8.621273e+01 -7.386550e+01 -1.191672e+02
    endloop
  endfacet
  facet normal 9.990482e-01 -4.361939e-02 1.557294e-15
    outer loop
      vertex   -8.621273e+01 -7.386550e+01 -1.282838e+02
      vertex   -8.621273e+01 -7.386550e+01 -1.191672e+02
      vertex   -8.623551e+01 -7.438711e+01 -1.282838e+02
    endloop
  endfacet
  facet normal 9.990482e-01 -4.361939e-02 1.489301e-15
    outer loop
      vertex   -8.623551e+01 -7.438711e+01 -1.282838e+02
      vertex   -8.621273e+01 -7.386550e+01 -1.191672e+02
      vertex   -8.623551e+01 -7.438711e+01 -1.191672e+02
    endloop
  endfacet
  facet normal 9.762960e-01 2.164396e-01 1.859209e-15
    outer loop
      vertex   -8.623551e+01 -7.438711e+01 -1.282838e+02
      vertex   -8.623551e+01 -7.438711e+01 -1.191672e+02
      vertex   -8.612250e+01 -7.489684e+01 -1.282838e+02
    endloop
  endfacet
  facet normal -5.372996e-01 -8.433914e-01 -1.139685e-04
    outer loop
      vertex   -8.339788e+01 -7.240018e+01 -1.191672e+02
      vertex   -8.296293e+01 -7.267621e+01 -1.271005e+02
      vertex   -8.295754e+01 -7.268071e+01 -1.191672e+02
    endloop
  endfacet
  facet normal -7.282205e-01 -6.853429e-01 1.053636e-04
    outer loop
      vertex   -8.295754e+01 -7.268071e+01 -1.191672e+02
      vertex   -8.296293e+01 -7.267621e+01 -1.271005e+02
      vertex   -8.263176e+01 -7.302810e+01 -1.271005e+02
    endloop
  endfacet
  facet normal -7.372772e-01 -6.755900e-01 -6.936066e-04
    outer loop
      vertex   -8.295754e+01 -7.268071e+01 -1.191672e+02
      vertex   -8.263176e+01 -7.302810e+01 -1.271005e+02
      vertex   -8.260481e+01 -7.306565e+01 -1.191672e+02
    endloop
  endfacet
  facet normal -8.713380e-01 -4.906829e-01 6.368944e-04
    outer loop
      vertex   -8.260481e+01 -7.306565e+01 -1.191672e+02
      vertex   -8.263176e+01 -7.302810e+01 -1.271005e+02
      vertex   -8.239465e+01 -7.344914e+01 -1.271005e+02
    endloop
  endfacet
  facet normal -8.870102e-01 -4.617483e-01 -1.176978e-03
    outer loop
      vertex   -8.260481e+01 -7.306565e+01 -1.191672e+02
      vertex   -8.239465e+01 -7.344914e+01 -1.271005e+02
      vertex   -8.236373e+01 -7.352876e+01 -1.191672e+02
    endloop
  endfacet
  facet normal -9.635908e-01 -2.673792e-01 1.072061e-03
    outer loop
      vertex   -8.236373e+01 -7.352876e+01 -1.191672e+02
      vertex   -8.239465e+01 -7.344914e+01 -1.271005e+02
      vertex   -8.226545e+01 -7.391477e+01 -1.271005e+02
    endloop
  endfacet
  facet normal -9.762948e-01 -2.164393e-01 -1.563898e-03
    outer loop
      vertex   -8.236373e+01 -7.352876e+01 -1.191672e+02
      vertex   -8.226545e+01 -7.391477e+01 -1.271005e+02
      vertex   -8.225073e+01 -7.403849e+01 -1.191672e+02
    endloop
  endfacet
  facet normal -9.995937e-01 -2.846748e-02 1.410698e-03
    outer loop
      vertex   -8.225073e+01 -7.403849e+01 -1.191672e+02
      vertex   -8.226545e+01 -7.391477e+01 -1.271005e+02
      vertex   -8.225169e+01 -7.439779e+01 -1.271005e+02
    endloop
  endfacet
  facet normal -9.990465e-01 4.361931e-02 -1.854218e-03
    outer loop
      vertex   -8.225073e+01 -7.403849e+01 -1.191672e+02
      vertex   -8.225169e+01 -7.439779e+01 -1.271005e+02
      vertex   -8.227350e+01 -7.456010e+01 -1.191672e+02
    endloop
  endfacet
  facet normal -9.772453e-01 2.121059e-01 1.652674e-03
    outer loop
      vertex   -8.227350e+01 -7.456010e+01 -1.191672e+02
      vertex   -8.225169e+01 -7.439779e+01 -1.271005e+02
      vertex   -8.235418e+01 -7.487002e+01 -1.271005e+02
    endloop
  endfacet
  facet normal -9.537150e-01 3.007052e-01 -2.047826e-03
    outer loop
      vertex   -8.227350e+01 -7.456010e+01 -1.191672e+02
      vertex   -8.235418e+01 -7.487002e+01 -1.271005e+02
      vertex   -8.243050e+01 -7.505804e+01 -1.191672e+02
    endloop
  endfacet
  facet normal -8.978502e-01 4.402974e-01 1.797896e-03
    outer loop
      vertex   -8.243050e+01 -7.505804e+01 -1.191672e+02
      vertex   -8.235418e+01 -7.487002e+01 -1.271005e+02
      vertex   -8.256694e+01 -7.530388e+01 -1.271005e+02
    endloop
  endfacet
  facet normal -8.433895e-01 5.372984e-01 -2.144648e-03
    outer loop
      vertex   -8.243050e+01 -7.505804e+01 -1.191672e+02
      vertex   -8.256694e+01 -7.530388e+01 -1.271005e+02
      vertex   -8.271103e+01 -7.549837e+01 -1.191672e+02
    endloop
  endfacet
  facet normal -7.660431e-01 6.427865e-01 1.846310e-03
    outer loop
      vertex   -8.271103e+01 -7.549837e+01 -1.191672e+02
      vertex   -8.256694e+01 -7.530388e+01 -1.271005e+02
      vertex   -8.287755e+01 -7.567404e+01 -1.271005e+02
    endloop
  endfacet
  facet normal -6.755887e-01 7.372756e-01 -2.144648e-03
    outer loop
      vertex   -8.271103e+01 -7.549837e+01 -1.191672e+02
      vertex   -8.287755e+01 -7.567404e+01 -1.271005e+02
      vertex   -8.309596e+01 -7.585110e+01 -1.191672e+02
    endloop
  endfacet
  facet normal -5.895184e-01 8.077530e-01 1.797896e-03
    outer loop
      vertex   -8.309596e+01 -7.585110e+01 -1.191672e+02
      vertex   -8.287755e+01 -7.567404e+01 -1.271005e+02
      vertex   -8.326787e+01 -7.595891e+01 -1.271005e+02
    endloop
  endfacet
  facet normal -4.617476e-01 8.870090e-01 -2.047826e-03
    outer loop
      vertex   -8.309596e+01 -7.585110e+01 -1.191672e+02
      vertex   -8.326787e+01 -7.595891e+01 -1.271005e+02
      vertex   -8.355908e+01 -7.609218e+01 -1.191672e+02
    endloop
  endfacet
  facet normal -3.785804e-01 9.255669e-01 1.652674e-03
    outer loop
      vertex   -8.355908e+01 -7.609218e+01 -1.191672e+02
      vertex   -8.326787e+01 -7.595891e+01 -1.271005e+02
      vertex   -8.371513e+01 -7.614185e+01 -1.271005e+02
    endloop
  endfacet
  facet normal -2.164392e-01 9.762943e-01 -1.854218e-03
    outer loop
      vertex   -8.355908e+01 -7.609218e+01 -1.191672e+02
      vertex   -8.371513e+01 -7.614185e+01 -1.271005e+02
      vertex   -8.406880e+01 -7.620519e+01 -1.191672e+02
    endloop
  endfacet
  facet normal -1.455426e-01 9.893510e-01 1.410698e-03
    outer loop
      vertex   -8.406880e+01 -7.620519e+01 -1.191672e+02
      vertex   -8.371513e+01 -7.614185e+01 -1.271005e+02
      vertex   -8.419320e+01 -7.621218e+01 -1.271005e+02
    endloop
  endfacet
  facet normal 4.361933e-02 9.990470e-01 -1.563898e-03
    outer loop
      vertex   -8.406880e+01 -7.620519e+01 -1.191672e+02
      vertex   -8.419320e+01 -7.621218e+01 -1.271005e+02
      vertex   -8.459041e+01 -7.618242e+01 -1.191672e+02
    endloop
  endfacet
  facet normal 9.599136e-02 9.953816e-01 1.072061e-03
    outer loop
      vertex   -8.459041e+01 -7.618242e+01 -1.191672e+02
      vertex   -8.419320e+01 -7.621218e+01 -1.271005e+02
      vertex   -8.467419e+01 -7.616579e+01 -1.271005e+02
    endloop
  endfacet
  facet normal 3.007056e-01 9.537163e-01 -1.176978e-03
    outer loop
      vertex   -8.459041e+01 -7.618242e+01 -1.191672e+02
      vertex   -8.467419e+01 -7.616579e+01 -1.271005e+02
      vertex   -8.508835e+01 -7.602542e+01 -1.191672e+02
    endloop
  endfacet
  facet normal 3.319220e-01 9.433066e-01 6.368944e-04
    outer loop
      vertex   -8.508835e+01 -7.602542e+01 -1.191672e+02
      vertex   -8.467419e+01 -7.616579e+01 -1.271005e+02
      vertex   -8.513001e+01 -7.600540e+01 -1.271005e+02
    endloop
  endfacet
  facet normal 5.372995e-01 8.433912e-01 -6.936066e-04
    outer loop
      vertex   -8.508835e+01 -7.602542e+01 -1.191672e+02
      vertex   -8.513001e+01 -7.600540e+01 -1.271005e+02
      vertex   -8.552869e+01 -7.574489e+01 -1.191672e+02
    endloop
  endfacet
  facet normal 5.484768e-01 8.361658e-01 1.053636e-04
    outer loop
      vertex   -8.552869e+01 -7.574489e+01 -1.191672e+02
      vertex   -8.513001e+01 -7.600540e+01 -1.271005e+02
      vertex   -8.553406e+01 -7.574037e+01 -1.271005e+02
    endloop
  endfacet
  facet normal 9.762960e-01 2.164396e-01 6.749592e-16
    outer loop
      vertex   -8.623551e+01 -7.438711e+01 -1.100505e+02
      vertex   -8.612250e+01 -7.489684e+01 -1.100505e+02
      vertex   -8.612250e+01 -7.489684e+01 -1.191672e+02
    endloop
  endfacet
  facet normal 8.870108e-01 4.617486e-01 1.439527e-15
    outer loop
      vertex   -8.612250e+01 -7.489684e+01 -1.191672e+02
      vertex   -8.612250e+01 -7.489684e+01 -1.100505e+02
      vertex   -8.588142e+01 -7.535995e+01 -1.191672e+02
    endloop
  endfacet
  facet normal 8.870108e-01 4.617486e-01 7.201508e-16
    outer loop
      vertex   -8.612250e+01 -7.489684e+01 -1.191672e+02
      vertex   -8.588142e+01 -7.535995e+01 -1.191672e+02
      vertex   -8.588142e+01 -7.535995e+01 -1.282838e+02
    endloop
  endfacet
  facet normal 8.870108e-01 4.617486e-01 7.201508e-16
    outer loop
      vertex   -8.612250e+01 -7.489684e+01 -1.100505e+02
      vertex   -8.588142e+01 -7.535995e+01 -1.100505e+02
      vertex   -8.588142e+01 -7.535995e+01 -1.191672e+02
    endloop
  endfacet
  facet normal -7.660444e-01 6.427876e-01 -1.708900e-11
    outer loop
      vertex   -3.064618e+01 -3.326777e+00 -1.420503e+02
      vertex   -2.653445e+01 1.573388e+00 -1.420503e+02
      vertex   -3.064618e+01 -3.326777e+00 -1.420505e+02
    endloop
  endfacet
  facet normal -7.660444e-01 6.427876e-01 0.000000e+00
    outer loop
      vertex   -3.064618e+01 -3.326777e+00 -1.420505e+02
      vertex   -2.653445e+01 1.573388e+00 -1.420503e+02
      vertex   -2.653445e+01 1.573388e+00 -1.420505e+02
    endloop
  endfacet
  facet normal 4.206084e-14 -3.529323e-14 1.000000e+00
    outer loop
      vertex   -5.235124e+01 -3.540024e+01 -1.374005e+02
      vertex   -5.483478e+01 -3.836000e+01 -1.374005e+02
      vertex   -5.191090e+01 -3.568076e+01 -1.374005e+02
    endloop
  endfacet
  facet normal 5.283875e-15 4.841779e-15 1.000000e+00
    outer loop
      vertex   -5.191090e+01 -3.568076e+01 -1.374005e+02
      vertex   -5.483478e+01 -3.836000e+01 -1.374005e+02
      vertex   -5.448205e+01 -3.874494e+01 -1.374005e+02
    endloop
  endfacet
  facet normal -3.677696e-14 4.013501e-14 1.000000e+00
    outer loop
      vertex   -5.191090e+01 -3.568076e+01 -1.374005e+02
      vertex   -5.448205e+01 -3.874494e+01 -1.374005e+02
      vertex   -5.155817e+01 -3.606570e+01 -1.374005e+02
    endloop
  endfacet
  facet normal 0.000000e+00 0.000000e+00 1.000000e+00
    outer loop
      vertex   -5.155817e+01 -3.606570e+01 -1.374005e+02
      vertex   -5.448205e+01 -3.874494e+01 -1.374005e+02
      vertex   -5.404171e+01 -3.902547e+01 -1.374005e+02
    endloop
  endfacet
  facet normal 0.000000e+00 0.000000e+00 1.000000e+00
    outer loop
      vertex   -5.155817e+01 -3.606570e+01 -1.374005e+02
      vertex   -5.404171e+01 -3.902547e+01 -1.374005e+02
      vertex   -5.131709e+01 -3.652881e+01 -1.374005e+02
    endloop
  endfacet
  facet normal 0.000000e+00 0.000000e+00 1.000000e+00
    outer loop
      vertex   -5.131709e+01 -3.652881e+01 -1.374005e+02
      vertex   -5.404171e+01 -3.902547e+01 -1.374005e+02
      vertex   -5.354377e+01 -3.918247e+01 -1.374005e+02
    endloop
  endfacet
  facet normal 0.000000e+00 0.000000e+00 1.000000e+00
    outer loop
      vertex   -5.131709e+01 -3.652881e+01 -1.374005e+02
      vertex   -5.354377e+01 -3.918247e+01 -1.374005e+02
      vertex   -5.120408e+01 -3.703854e+01 -1.374005e+02
    endloop
  endfacet
  facet normal 0.000000e+00 0.000000e+00 1.000000e+00
    outer loop
      vertex   -5.120408e+01 -3.703854e+01 -1.374005e+02
      vertex   -5.354377e+01 -3.918247e+01 -1.374005e+02
      vertex   -5.302216e+01 -3.920524e+01 -1.374005e+02
    endloop
  endfacet
  facet normal 0.000000e+00 0.000000e+00 1.000000e+00
    outer loop
      vertex   -5.120408e+01 -3.703854e+01 -1.374005e+02
      vertex   -5.302216e+01 -3.920524e+01 -1.374005e+02
      vertex   -5.122686e+01 -3.756015e+01 -1.374005e+02
    endloop
  endfacet
  facet normal 0.000000e+00 0.000000e+00 1.000000e+00
    outer loop
      vertex   -5.122686e+01 -3.756015e+01 -1.374005e+02
      vertex   -5.302216e+01 -3.920524e+01 -1.374005e+02
      vertex   -5.251243e+01 -3.909224e+01 -1.374005e+02
    endloop
  endfacet
  facet normal 0.000000e+00 0.000000e+00 1.000000e+00
    outer loop
      vertex   -5.122686e+01 -3.756015e+01 -1.374005e+02
      vertex   -5.251243e+01 -3.909224e+01 -1.374005e+02
      vertex   -5.138386e+01 -3.805809e+01 -1.374005e+02
    endloop
  endfacet
  facet normal 0.000000e+00 0.000000e+00 1.000000e+00
    outer loop
      vertex   -5.138386e+01 -3.805809e+01 -1.374005e+02
      vertex   -5.251243e+01 -3.909224e+01 -1.374005e+02
      vertex   -5.204932e+01 -3.885116e+01 -1.374005e+02
    endloop
  endfacet
  facet normal 0.000000e+00 0.000000e+00 1.000000e+00
    outer loop
      vertex   -5.138386e+01 -3.805809e+01 -1.374005e+02
      vertex   -5.204932e+01 -3.885116e+01 -1.374005e+02
      vertex   -5.166438e+01 -3.849843e+01 -1.374005e+02
    endloop
  endfacet
  facet normal 0.000000e+00 -0.000000e+00 1.000000e+00
    outer loop
      vertex   -5.483478e+01 -3.836000e+01 -1.374005e+02
      vertex   -5.235124e+01 -3.540024e+01 -1.374005e+02
      vertex   -5.507586e+01 -3.789689e+01 -1.374005e+02
    endloop
  endfacet
  facet normal 0.000000e+00 0.000000e+00 1.000000e+00
    outer loop
      vertex   -5.507586e+01 -3.789689e+01 -1.374005e+02
      vertex   -5.235124e+01 -3.540024e+01 -1.374005e+02
      vertex   -5.284918e+01 -3.524324e+01 -1.374005e+02
    endloop
  endfacet
  facet normal 0.000000e+00 -0.000000e+00 1.000000e+00
    outer loop
      vertex   -5.507586e+01 -3.789689e+01 -1.374005e+02
      vertex   -5.284918e+01 -3.524324e+01 -1.374005e+02
      vertex   -5.518886e+01 -3.738716e+01 -1.374005e+02
    endloop
  endfacet
  facet normal 0.000000e+00 0.000000e+00 1.000000e+00
    outer loop
      vertex   -5.518886e+01 -3.738716e+01 -1.374005e+02
      vertex   -5.284918e+01 -3.524324e+01 -1.374005e+02
      vertex   -5.337078e+01 -3.522046e+01 -1.374005e+02
    endloop
  endfacet
  facet normal 0.000000e+00 0.000000e+00 1.000000e+00
    outer loop
      vertex   -5.518886e+01 -3.738716e+01 -1.374005e+02
      vertex   -5.337078e+01 -3.522046e+01 -1.374005e+02
      vertex   -5.516609e+01 -3.686556e+01 -1.374005e+02
    endloop
  endfacet
  facet normal 0.000000e+00 0.000000e+00 1.000000e+00
    outer loop
      vertex   -5.516609e+01 -3.686556e+01 -1.374005e+02
      vertex   -5.337078e+01 -3.522046e+01 -1.374005e+02
      vertex   -5.388051e+01 -3.533347e+01 -1.374005e+02
    endloop
  endfacet
  facet normal 0.000000e+00 0.000000e+00 1.000000e+00
    outer loop
      vertex   -5.516609e+01 -3.686556e+01 -1.374005e+02
      vertex   -5.388051e+01 -3.533347e+01 -1.374005e+02
      vertex   -5.500909e+01 -3.636762e+01 -1.374005e+02
    endloop
  endfacet
  facet normal 0.000000e+00 0.000000e+00 1.000000e+00
    outer loop
      vertex   -5.500909e+01 -3.636762e+01 -1.374005e+02
      vertex   -5.388051e+01 -3.533347e+01 -1.374005e+02
      vertex   -5.434363e+01 -3.557455e+01 -1.374005e+02
    endloop
  endfacet
  facet normal 0.000000e+00 0.000000e+00 1.000000e+00
    outer loop
      vertex   -5.500909e+01 -3.636762e+01 -1.374005e+02
      vertex   -5.434363e+01 -3.557455e+01 -1.374005e+02
      vertex   -5.472856e+01 -3.592728e+01 -1.374005e+02
    endloop
  endfacet
  facet normal 4.206084e-14 -3.529323e-14 1.000000e+00
    outer loop
      vertex   -4.470155e+01 -4.181909e+01 -1.374005e+02
      vertex   -4.718509e+01 -4.477886e+01 -1.374005e+02
      vertex   -4.426121e+01 -4.209961e+01 -1.374005e+02
    endloop
  endfacet
  facet normal 5.283875e-15 4.841779e-15 1.000000e+00
    outer loop
      vertex   -4.426121e+01 -4.209961e+01 -1.374005e+02
      vertex   -4.718509e+01 -4.477886e+01 -1.374005e+02
      vertex   -4.683236e+01 -4.516379e+01 -1.374005e+02
    endloop
  endfacet
  facet normal -3.677696e-14 4.013501e-14 1.000000e+00
    outer loop
      vertex   -4.426121e+01 -4.209961e+01 -1.374005e+02
      vertex   -4.683236e+01 -4.516379e+01 -1.374005e+02
      vertex   -4.390848e+01 -4.248455e+01 -1.374005e+02
    endloop
  endfacet
  facet normal 0.000000e+00 0.000000e+00 1.000000e+00
    outer loop
      vertex   -4.390848e+01 -4.248455e+01 -1.374005e+02
      vertex   -4.683236e+01 -4.516379e+01 -1.374005e+02
      vertex   -4.639202e+01 -4.544432e+01 -1.374005e+02
    endloop
  endfacet
  facet normal 0.000000e+00 0.000000e+00 1.000000e+00
    outer loop
      vertex   -4.390848e+01 -4.248455e+01 -1.374005e+02
      vertex   -4.639202e+01 -4.544432e+01 -1.374005e+02
      vertex   -4.366740e+01 -4.294766e+01 -1.374005e+02
    endloop
  endfacet
  facet normal 0.000000e+00 0.000000e+00 1.000000e+00
    outer loop
      vertex   -4.366740e+01 -4.294766e+01 -1.374005e+02
      vertex   -4.639202e+01 -4.544432e+01 -1.374005e+02
      vertex   -4.589408e+01 -4.560132e+01 -1.374005e+02
    endloop
  endfacet
  facet normal 0.000000e+00 0.000000e+00 1.000000e+00
    outer loop
      vertex   -4.366740e+01 -4.294766e+01 -1.374005e+02
      vertex   -4.589408e+01 -4.560132e+01 -1.374005e+02
      vertex   -4.355440e+01 -4.345739e+01 -1.374005e+02
    endloop
  endfacet
  facet normal 0.000000e+00 0.000000e+00 1.000000e+00
    outer loop
      vertex   -4.355440e+01 -4.345739e+01 -1.374005e+02
      vertex   -4.589408e+01 -4.560132e+01 -1.374005e+02
      vertex   -4.537247e+01 -4.562409e+01 -1.374005e+02
    endloop
  endfacet
  facet normal 0.000000e+00 0.000000e+00 1.000000e+00
    outer loop
      vertex   -4.355440e+01 -4.345739e+01 -1.374005e+02
      vertex   -4.537247e+01 -4.562409e+01 -1.374005e+02
      vertex   -4.357717e+01 -4.397900e+01 -1.374005e+02
    endloop
  endfacet
  facet normal 0.000000e+00 0.000000e+00 1.000000e+00
    outer loop
      vertex   -4.357717e+01 -4.397900e+01 -1.374005e+02
      vertex   -4.537247e+01 -4.562409e+01 -1.374005e+02
      vertex   -4.486274e+01 -4.551109e+01 -1.374005e+02
    endloop
  endfacet
  facet normal 0.000000e+00 0.000000e+00 1.000000e+00
    outer loop
      vertex   -4.357717e+01 -4.397900e+01 -1.374005e+02
      vertex   -4.486274e+01 -4.551109e+01 -1.374005e+02
      vertex   -4.373417e+01 -4.447694e+01 -1.374005e+02
    endloop
  endfacet
  facet normal 0.000000e+00 0.000000e+00 1.000000e+00
    outer loop
      vertex   -4.373417e+01 -4.447694e+01 -1.374005e+02
      vertex   -4.486274e+01 -4.551109e+01 -1.374005e+02
      vertex   -4.439963e+01 -4.527001e+01 -1.374005e+02
    endloop
  endfacet
  facet normal 0.000000e+00 0.000000e+00 1.000000e+00
    outer loop
      vertex   -4.373417e+01 -4.447694e+01 -1.374005e+02
      vertex   -4.439963e+01 -4.527001e+01 -1.374005e+02
      vertex   -4.401470e+01 -4.491728e+01 -1.374005e+02
    endloop
  endfacet
  facet normal 0.000000e+00 -0.000000e+00 1.000000e+00
    outer loop
      vertex   -4.718509e+01 -4.477886e+01 -1.374005e+02
      vertex   -4.470155e+01 -4.181909e+01 -1.374005e+02
      vertex   -4.742617e+01 -4.431574e+01 -1.374005e+02
    endloop
  endfacet
  facet normal 0.000000e+00 0.000000e+00 1.000000e+00
    outer loop
      vertex   -4.742617e+01 -4.431574e+01 -1.374005e+02
      vertex   -4.470155e+01 -4.181909e+01 -1.374005e+02
      vertex   -4.519949e+01 -4.166209e+01 -1.374005e+02
    endloop
  endfacet
  facet normal 0.000000e+00 -0.000000e+00 1.000000e+00
    outer loop
      vertex   -4.742617e+01 -4.431574e+01 -1.374005e+02
      vertex   -4.519949e+01 -4.166209e+01 -1.374005e+02
      vertex   -4.753917e+01 -4.380601e+01 -1.374005e+02
    endloop
  endfacet
  facet normal 0.000000e+00 0.000000e+00 1.000000e+00
    outer loop
      vertex   -4.753917e+01 -4.380601e+01 -1.374005e+02
      vertex   -4.519949e+01 -4.166209e+01 -1.374005e+02
      vertex   -4.572110e+01 -4.163931e+01 -1.374005e+02
    endloop
  endfacet
  facet normal 0.000000e+00 0.000000e+00 1.000000e+00
    outer loop
      vertex   -4.753917e+01 -4.380601e+01 -1.374005e+02
      vertex   -4.572110e+01 -4.163931e+01 -1.374005e+02
      vertex   -4.751640e+01 -4.328441e+01 -1.374005e+02
    endloop
  endfacet
  facet normal 0.000000e+00 0.000000e+00 1.000000e+00
    outer loop
      vertex   -4.751640e+01 -4.328441e+01 -1.374005e+02
      vertex   -4.572110e+01 -4.163931e+01 -1.374005e+02
      vertex   -4.623083e+01 -4.175232e+01 -1.374005e+02
    endloop
  endfacet
  facet normal 0.000000e+00 0.000000e+00 1.000000e+00
    outer loop
      vertex   -4.751640e+01 -4.328441e+01 -1.374005e+02
      vertex   -4.623083e+01 -4.175232e+01 -1.374005e+02
      vertex   -4.735940e+01 -4.278647e+01 -1.374005e+02
    endloop
  endfacet
  facet normal 0.000000e+00 0.000000e+00 1.000000e+00
    outer loop
      vertex   -4.735940e+01 -4.278647e+01 -1.374005e+02
      vertex   -4.623083e+01 -4.175232e+01 -1.374005e+02
      vertex   -4.669394e+01 -4.199340e+01 -1.374005e+02
    endloop
  endfacet
  facet normal 0.000000e+00 0.000000e+00 1.000000e+00
    outer loop
      vertex   -4.735940e+01 -4.278647e+01 -1.374005e+02
      vertex   -4.669394e+01 -4.199340e+01 -1.374005e+02
      vertex   -4.707887e+01 -4.234613e+01 -1.374005e+02
    endloop
  endfacet
  facet normal -6.427876e-01 -7.660444e-01 -6.592240e-11
    outer loop
      vertex   -4.655792e+01 -4.535728e+01 -1.100503e+02
      vertex   -4.707056e+01 -4.492712e+01 -1.100505e+02
      vertex   -4.655792e+01 -4.535728e+01 -1.100505e+02
    endloop
  endfacet
  facet normal -6.427876e-01 -7.660444e-01 -4.101558e-16
    outer loop
      vertex   -4.655792e+01 -4.535728e+01 -1.100505e+02
      vertex   -4.707056e+01 -4.492712e+01 -1.100505e+02
      vertex   -4.707056e+01 -4.492712e+01 -1.190503e+02
    endloop
  endfacet
  facet normal -6.427876e-01 -7.660444e-01 8.412784e-16
    outer loop
      vertex   -4.655792e+01 -4.535728e+01 -1.100505e+02
      vertex   -4.707056e+01 -4.492712e+01 -1.190503e+02
      vertex   -4.655792e+01 -4.535728e+01 -1.190503e+02
    endloop
  endfacet
  facet normal -6.427876e-01 -7.660444e-01 -4.138252e-12
    outer loop
      vertex   -4.655792e+01 -4.535728e+01 -1.100503e+02
      vertex   -4.707056e+01 -4.492712e+01 -1.100503e+02
      vertex   -4.707056e+01 -4.492712e+01 -1.100505e+02
    endloop
  endfacet
  facet normal -6.045238e-14 -7.204434e-14 -1.000000e+00
    outer loop
      vertex   -4.655792e+01 -4.535728e+01 -1.190503e+02
      vertex   -4.707056e+01 -4.492712e+01 -1.190503e+02
      vertex   -4.608309e+01 -4.555846e+01 -1.190503e+02
    endloop
  endfacet
  facet normal -6.045238e-14 -7.204434e-14 -1.000000e+00
    outer loop
      vertex   -4.608309e+01 -4.555846e+01 -1.190503e+02
      vertex   -4.707056e+01 -4.492712e+01 -1.190503e+02
      vertex   -4.735114e+01 -4.449444e+01 -1.190503e+02
    endloop
  endfacet
  facet normal 0.000000e+00 0.000000e+00 -1.000000e+00
    outer loop
      vertex   -4.608309e+01 -4.555846e+01 -1.190503e+02
      vertex   -4.735114e+01 -4.449444e+01 -1.190503e+02
      vertex   -4.557260e+01 -4.563154e+01 -1.190503e+02
    endloop
  endfacet
  facet normal 0.000000e+00 0.000000e+00 -1.000000e+00
    outer loop
      vertex   -4.557260e+01 -4.563154e+01 -1.190503e+02
      vertex   -4.735114e+01 -4.449444e+01 -1.190503e+02
      vertex   -4.751175e+01 -4.400439e+01 -1.190503e+02
    endloop
  endfacet
  facet normal 0.000000e+00 0.000000e+00 -1.000000e+00
    outer loop
      vertex   -4.557260e+01 -4.563154e+01 -1.190503e+02
      vertex   -4.751175e+01 -4.400439e+01 -1.190503e+02
      vertex   -4.506040e+01 -4.557166e+01 -1.190503e+02
    endloop
  endfacet
  facet normal 0.000000e+00 0.000000e+00 -1.000000e+00
    outer loop
      vertex   -4.506040e+01 -4.557166e+01 -1.190503e+02
      vertex   -4.751175e+01 -4.400439e+01 -1.190503e+02
      vertex   -4.754173e+01 -4.348958e+01 -1.190503e+02
    endloop
  endfacet
  facet normal 0.000000e+00 0.000000e+00 -1.000000e+00
    outer loop
      vertex   -4.506040e+01 -4.557166e+01 -1.190503e+02
      vertex   -4.754173e+01 -4.348958e+01 -1.190503e+02
      vertex   -4.458053e+01 -4.538280e+01 -1.190503e+02
    endloop
  endfacet
  facet normal 0.000000e+00 0.000000e+00 -1.000000e+00
    outer loop
      vertex   -4.458053e+01 -4.538280e+01 -1.190503e+02
      vertex   -4.754173e+01 -4.348958e+01 -1.190503e+02
      vertex   -4.743907e+01 -4.298421e+01 -1.190503e+02
    endloop
  endfacet
  facet normal 0.000000e+00 0.000000e+00 -1.000000e+00
    outer loop
      vertex   -4.458053e+01 -4.538280e+01 -1.190503e+02
      vertex   -4.743907e+01 -4.298421e+01 -1.190503e+02
      vertex   -4.416491e+01 -4.507753e+01 -1.190503e+02
    endloop
  endfacet
  facet normal 0.000000e+00 0.000000e+00 -1.000000e+00
    outer loop
      vertex   -4.416491e+01 -4.507753e+01 -1.190503e+02
      vertex   -4.743907e+01 -4.298421e+01 -1.190503e+02
      vertex   -4.721061e+01 -4.252188e+01 -1.190503e+02
    endloop
  endfacet
  facet normal 0.000000e+00 0.000000e+00 -1.000000e+00
    outer loop
      vertex   -4.416491e+01 -4.507753e+01 -1.190503e+02
      vertex   -4.721061e+01 -4.252188e+01 -1.190503e+02
      vertex   -4.384116e+01 -4.467613e+01 -1.190503e+02
    endloop
  endfacet
  facet normal 0.000000e+00 0.000000e+00 -1.000000e+00
    outer loop
      vertex   -4.384116e+01 -4.467613e+01 -1.190503e+02
      vertex   -4.721061e+01 -4.252188e+01 -1.190503e+02
      vertex   -4.687152e+01 -4.213335e+01 -1.190503e+02
    endloop
  endfacet
  facet normal 0.000000e+00 0.000000e+00 -1.000000e+00
    outer loop
      vertex   -4.384116e+01 -4.467613e+01 -1.190503e+02
      vertex   -4.687152e+01 -4.213335e+01 -1.190503e+02
      vertex   -4.363080e+01 -4.420529e+01 -1.190503e+02
    endloop
  endfacet
  facet normal 0.000000e+00 0.000000e+00 -1.000000e+00
    outer loop
      vertex   -4.363080e+01 -4.420529e+01 -1.190503e+02
      vertex   -4.687152e+01 -4.213335e+01 -1.190503e+02
      vertex   -4.644437e+01 -4.184443e+01 -1.190503e+02
    endloop
  endfacet
  facet normal 0.000000e+00 0.000000e+00 -1.000000e+00
    outer loop
      vertex   -4.363080e+01 -4.420529e+01 -1.190503e+02
      vertex   -4.644437e+01 -4.184443e+01 -1.190503e+02
      vertex   -4.354783e+01 -4.369632e+01 -1.190503e+02
    endloop
  endfacet
  facet normal 0.000000e+00 0.000000e+00 -1.000000e+00
    outer loop
      vertex   -4.354783e+01 -4.369632e+01 -1.190503e+02
      vertex   -4.644437e+01 -4.184443e+01 -1.190503e+02
      vertex   -4.595753e+01 -4.167434e+01 -1.190503e+02
    endloop
  endfacet
  facet normal 0.000000e+00 0.000000e+00 -1.000000e+00
    outer loop
      vertex   -4.354783e+01 -4.369632e+01 -1.190503e+02
      vertex   -4.595753e+01 -4.167434e+01 -1.190503e+02
      vertex   -4.359776e+01 -4.318305e+01 -1.190503e+02
    endloop
  endfacet
  facet normal 0.000000e+00 0.000000e+00 -1.000000e+00
    outer loop
      vertex   -4.359776e+01 -4.318305e+01 -1.190503e+02
      vertex   -4.595753e+01 -4.167434e+01 -1.190503e+02
      vertex   -4.544339e+01 -4.163438e+01 -1.190503e+02
    endloop
  endfacet
  facet normal 0.000000e+00 0.000000e+00 -1.000000e+00
    outer loop
      vertex   -4.359776e+01 -4.318305e+01 -1.190503e+02
      vertex   -4.544339e+01 -4.163438e+01 -1.190503e+02
      vertex   -4.377726e+01 -4.269961e+01 -1.190503e+02
    endloop
  endfacet
  facet normal 0.000000e+00 0.000000e+00 -1.000000e+00
    outer loop
      vertex   -4.377726e+01 -4.269961e+01 -1.190503e+02
      vertex   -4.544339e+01 -4.163438e+01 -1.190503e+02
      vertex   -4.493613e+01 -4.172721e+01 -1.190503e+02
    endloop
  endfacet
  facet normal 0.000000e+00 0.000000e+00 -1.000000e+00
    outer loop
      vertex   -4.377726e+01 -4.269961e+01 -1.190503e+02
      vertex   -4.493613e+01 -4.172721e+01 -1.190503e+02
      vertex   -4.407442e+01 -4.227814e+01 -1.190503e+02
    endloop
  endfacet
  facet normal 0.000000e+00 0.000000e+00 -1.000000e+00
    outer loop
      vertex   -4.407442e+01 -4.227814e+01 -1.190503e+02
      vertex   -4.493613e+01 -4.172721e+01 -1.190503e+02
      vertex   -4.446946e+01 -4.194666e+01 -1.190503e+02
    endloop
  endfacet
  facet normal -6.045238e-14 -7.204434e-14 -1.000000e+00
    outer loop
      vertex   -5.420761e+01 -3.893843e+01 -1.190503e+02
      vertex   -5.472025e+01 -3.850827e+01 -1.190503e+02
      vertex   -5.373278e+01 -3.913961e+01 -1.190503e+02
    endloop
  endfacet
  facet normal -6.045238e-14 -7.204434e-14 -1.000000e+00
    outer loop
      vertex   -5.373278e+01 -3.913961e+01 -1.190503e+02
      vertex   -5.472025e+01 -3.850827e+01 -1.190503e+02
      vertex   -5.500083e+01 -3.807559e+01 -1.190503e+02
    endloop
  endfacet
  facet normal 0.000000e+00 0.000000e+00 -1.000000e+00
    outer loop
      vertex   -5.373278e+01 -3.913961e+01 -1.190503e+02
      vertex   -5.500083e+01 -3.807559e+01 -1.190503e+02
      vertex   -5.322229e+01 -3.921269e+01 -1.190503e+02
    endloop
  endfacet
  facet normal 0.000000e+00 0.000000e+00 -1.000000e+00
    outer loop
      vertex   -5.322229e+01 -3.921269e+01 -1.190503e+02
      vertex   -5.500083e+01 -3.807559e+01 -1.190503e+02
      vertex   -5.516144e+01 -3.758554e+01 -1.190503e+02
    endloop
  endfacet
  facet normal 0.000000e+00 0.000000e+00 -1.000000e+00
    outer loop
      vertex   -5.322229e+01 -3.921269e+01 -1.190503e+02
      vertex   -5.516144e+01 -3.758554e+01 -1.190503e+02
      vertex   -5.271009e+01 -3.915281e+01 -1.190503e+02
    endloop
  endfacet
  facet normal 0.000000e+00 0.000000e+00 -1.000000e+00
    outer loop
      vertex   -5.271009e+01 -3.915281e+01 -1.190503e+02
      vertex   -5.516144e+01 -3.758554e+01 -1.190503e+02
      vertex   -5.519142e+01 -3.707073e+01 -1.190503e+02
    endloop
  endfacet
  facet normal 0.000000e+00 0.000000e+00 -1.000000e+00
    outer loop
      vertex   -5.271009e+01 -3.915281e+01 -1.190503e+02
      vertex   -5.519142e+01 -3.707073e+01 -1.190503e+02
      vertex   -5.223022e+01 -3.896395e+01 -1.190503e+02
    endloop
  endfacet
  facet normal 0.000000e+00 0.000000e+00 -1.000000e+00
    outer loop
      vertex   -5.223022e+01 -3.896395e+01 -1.190503e+02
      vertex   -5.519142e+01 -3.707073e+01 -1.190503e+02
      vertex   -5.508876e+01 -3.656536e+01 -1.190503e+02
    endloop
  endfacet
  facet normal 0.000000e+00 0.000000e+00 -1.000000e+00
    outer loop
      vertex   -5.223022e+01 -3.896395e+01 -1.190503e+02
      vertex   -5.508876e+01 -3.656536e+01 -1.190503e+02
      vertex   -5.181460e+01 -3.865868e+01 -1.190503e+02
    endloop
  endfacet
  facet normal 0.000000e+00 0.000000e+00 -1.000000e+00
    outer loop
      vertex   -5.181460e+01 -3.865868e+01 -1.190503e+02
      vertex   -5.508876e+01 -3.656536e+01 -1.190503e+02
      vertex   -5.486030e+01 -3.610303e+01 -1.190503e+02
    endloop
  endfacet
  facet normal 0.000000e+00 0.000000e+00 -1.000000e+00
    outer loop
      vertex   -5.181460e+01 -3.865868e+01 -1.190503e+02
      vertex   -5.486030e+01 -3.610303e+01 -1.190503e+02
      vertex   -5.149084e+01 -3.825728e+01 -1.190503e+02
    endloop
  endfacet
  facet normal 0.000000e+00 0.000000e+00 -1.000000e+00
    outer loop
      vertex   -5.149084e+01 -3.825728e+01 -1.190503e+02
      vertex   -5.486030e+01 -3.610303e+01 -1.190503e+02
      vertex   -5.452121e+01 -3.571450e+01 -1.190503e+02
    endloop
  endfacet
  facet normal 0.000000e+00 0.000000e+00 -1.000000e+00
    outer loop
      vertex   -5.149084e+01 -3.825728e+01 -1.190503e+02
      vertex   -5.452121e+01 -3.571450e+01 -1.190503e+02
      vertex   -5.128049e+01 -3.778644e+01 -1.190503e+02
    endloop
  endfacet
  facet normal 0.000000e+00 0.000000e+00 -1.000000e+00
    outer loop
      vertex   -5.128049e+01 -3.778644e+01 -1.190503e+02
      vertex   -5.452121e+01 -3.571450e+01 -1.190503e+02
      vertex   -5.409406e+01 -3.542558e+01 -1.190503e+02
    endloop
  endfacet
  facet normal 0.000000e+00 0.000000e+00 -1.000000e+00
    outer loop
      vertex   -5.128049e+01 -3.778644e+01 -1.190503e+02
      vertex   -5.409406e+01 -3.542558e+01 -1.190503e+02
      vertex   -5.119752e+01 -3.727747e+01 -1.190503e+02
    endloop
  endfacet
  facet normal 0.000000e+00 0.000000e+00 -1.000000e+00
    outer loop
      vertex   -5.119752e+01 -3.727747e+01 -1.190503e+02
      vertex   -5.409406e+01 -3.542558e+01 -1.190503e+02
      vertex   -5.360722e+01 -3.525549e+01 -1.190503e+02
    endloop
  endfacet
  facet normal 0.000000e+00 0.000000e+00 -1.000000e+00
    outer loop
      vertex   -5.119752e+01 -3.727747e+01 -1.190503e+02
      vertex   -5.360722e+01 -3.525549e+01 -1.190503e+02
      vertex   -5.124745e+01 -3.676420e+01 -1.190503e+02
    endloop
  endfacet
  facet normal 0.000000e+00 0.000000e+00 -1.000000e+00
    outer loop
      vertex   -5.124745e+01 -3.676420e+01 -1.190503e+02
      vertex   -5.360722e+01 -3.525549e+01 -1.190503e+02
      vertex   -5.309308e+01 -3.521553e+01 -1.190503e+02
    endloop
  endfacet
  facet normal 0.000000e+00 0.000000e+00 -1.000000e+00
    outer loop
      vertex   -5.124745e+01 -3.676420e+01 -1.190503e+02
      vertex   -5.309308e+01 -3.521553e+01 -1.190503e+02
      vertex   -5.142695e+01 -3.628076e+01 -1.190503e+02
    endloop
  endfacet
  facet normal 0.000000e+00 0.000000e+00 -1.000000e+00
    outer loop
      vertex   -5.142695e+01 -3.628076e+01 -1.190503e+02
      vertex   -5.309308e+01 -3.521553e+01 -1.190503e+02
      vertex   -5.258582e+01 -3.530836e+01 -1.190503e+02
    endloop
  endfacet
  facet normal 0.000000e+00 0.000000e+00 -1.000000e+00
    outer loop
      vertex   -5.142695e+01 -3.628076e+01 -1.190503e+02
      vertex   -5.258582e+01 -3.530836e+01 -1.190503e+02
      vertex   -5.172411e+01 -3.585929e+01 -1.190503e+02
    endloop
  endfacet
  facet normal 0.000000e+00 0.000000e+00 -1.000000e+00
    outer loop
      vertex   -5.172411e+01 -3.585929e+01 -1.190503e+02
      vertex   -5.258582e+01 -3.530836e+01 -1.190503e+02
      vertex   -5.211915e+01 -3.552781e+01 -1.190503e+02
    endloop
  endfacet
  facet normal 4.725291e-01 -8.813151e-01 -7.461158e-16
    outer loop
      vertex   -1.877226e+01 -3.312181e+01 -1.420503e+02
      vertex   -1.877226e+01 -3.312181e+01 -1.330503e+02
      vertex   -4.071748e+01 -4.488805e+01 -1.420503e+02
    endloop
  endfacet
  facet normal 4.725291e-01 -8.813151e-01 1.214346e-16
    outer loop
      vertex   -4.071748e+01 -4.488805e+01 -1.420503e+02
      vertex   -1.877226e+01 -3.312181e+01 -1.330503e+02
      vertex   -4.071748e+01 -4.488805e+01 -1.330503e+02
    endloop
  endfacet
  facet normal 6.045238e-14 7.204434e-14 1.000000e+00
    outer loop
      vertex   -4.707056e+01 -4.492712e+01 -1.100503e+02
      vertex   -4.655792e+01 -4.535728e+01 -1.100503e+02
      vertex   -4.735114e+01 -4.449444e+01 -1.100503e+02
    endloop
  endfacet
  facet normal 6.045238e-14 7.204434e-14 1.000000e+00
    outer loop
      vertex   -4.735114e+01 -4.449444e+01 -1.100503e+02
      vertex   -4.655792e+01 -4.535728e+01 -1.100503e+02
      vertex   -4.608309e+01 -4.555846e+01 -1.100503e+02
    endloop
  endfacet
  facet normal -0.000000e+00 -0.000000e+00 1.000000e+00
    outer loop
      vertex   -4.735114e+01 -4.449444e+01 -1.100503e+02
      vertex   -4.608309e+01 -4.555846e+01 -1.100503e+02
      vertex   -4.751175e+01 -4.400439e+01 -1.100503e+02
    endloop
  endfacet
  facet normal 0.000000e+00 0.000000e+00 1.000000e+00
    outer loop
      vertex   -4.751175e+01 -4.400439e+01 -1.100503e+02
      vertex   -4.608309e+01 -4.555846e+01 -1.100503e+02
      vertex   -4.557260e+01 -4.563154e+01 -1.100503e+02
    endloop
  endfacet
  facet normal -0.000000e+00 -0.000000e+00 1.000000e+00
    outer loop
      vertex   -4.751175e+01 -4.400439e+01 -1.100503e+02
      vertex   -4.557260e+01 -4.563154e+01 -1.100503e+02
      vertex   -4.754173e+01 -4.348958e+01 -1.100503e+02
    endloop
  endfacet
  facet normal 0.000000e+00 0.000000e+00 1.000000e+00
    outer loop
      vertex   -4.754173e+01 -4.348958e+01 -1.100503e+02
      vertex   -4.557260e+01 -4.563154e+01 -1.100503e+02
      vertex   -4.506040e+01 -4.557166e+01 -1.100503e+02
    endloop
  endfacet
  facet normal -0.000000e+00 0.000000e+00 1.000000e+00
    outer loop
      vertex   -4.754173e+01 -4.348958e+01 -1.100503e+02
      vertex   -4.506040e+01 -4.557166e+01 -1.100503e+02
      vertex   -4.743907e+01 -4.298421e+01 -1.100503e+02
    endloop
  endfacet
  facet normal 0.000000e+00 0.000000e+00 1.000000e+00
    outer loop
      vertex   -4.743907e+01 -4.298421e+01 -1.100503e+02
      vertex   -4.506040e+01 -4.557166e+01 -1.100503e+02
      vertex   -4.458053e+01 -4.538280e+01 -1.100503e+02
    endloop
  endfacet
  facet normal -0.000000e+00 0.000000e+00 1.000000e+00
    outer loop
      vertex   -4.743907e+01 -4.298421e+01 -1.100503e+02
      vertex   -4.458053e+01 -4.538280e+01 -1.100503e+02
      vertex   -4.721061e+01 -4.252188e+01 -1.100503e+02
    endloop
  endfacet
  facet normal 0.000000e+00 0.000000e+00 1.000000e+00
    outer loop
      vertex   -4.721061e+01 -4.252188e+01 -1.100503e+02
      vertex   -4.458053e+01 -4.538280e+01 -1.100503e+02
      vertex   -4.416491e+01 -4.507753e+01 -1.100503e+02
    endloop
  endfacet
  facet normal -0.000000e+00 0.000000e+00 1.000000e+00
    outer loop
      vertex   -4.721061e+01 -4.252188e+01 -1.100503e+02
      vertex   -4.416491e+01 -4.507753e+01 -1.100503e+02
      vertex   -4.687152e+01 -4.213335e+01 -1.100503e+02
    endloop
  endfacet
  facet normal 0.000000e+00 0.000000e+00 1.000000e+00
    outer loop
      vertex   -4.687152e+01 -4.213335e+01 -1.100503e+02
      vertex   -4.416491e+01 -4.507753e+01 -1.100503e+02
      vertex   -4.384116e+01 -4.467613e+01 -1.100503e+02
    endloop
  endfacet
  facet normal -0.000000e+00 0.000000e+00 1.000000e+00
    outer loop
      vertex   -4.687152e+01 -4.213335e+01 -1.100503e+02
      vertex   -4.384116e+01 -4.467613e+01 -1.100503e+02
      vertex   -4.644437e+01 -4.184443e+01 -1.100503e+02
    endloop
  endfacet
  facet normal 0.000000e+00 0.000000e+00 1.000000e+00
    outer loop
      vertex   -4.644437e+01 -4.184443e+01 -1.100503e+02
      vertex   -4.384116e+01 -4.467613e+01 -1.100503e+02
      vertex   -4.363080e+01 -4.420529e+01 -1.100503e+02
    endloop
  endfacet
  facet normal -0.000000e+00 0.000000e+00 1.000000e+00
    outer loop
      vertex   -4.644437e+01 -4.184443e+01 -1.100503e+02
      vertex   -4.363080e+01 -4.420529e+01 -1.100503e+02
      vertex   -4.595753e+01 -4.167434e+01 -1.100503e+02
    endloop
  endfacet
  facet normal 0.000000e+00 0.000000e+00 1.000000e+00
    outer loop
      vertex   -4.595753e+01 -4.167434e+01 -1.100503e+02
      vertex   -4.363080e+01 -4.420529e+01 -1.100503e+02
      vertex   -4.354783e+01 -4.369632e+01 -1.100503e+02
    endloop
  endfacet
  facet normal -0.000000e+00 0.000000e+00 1.000000e+00
    outer loop
      vertex   -4.595753e+01 -4.167434e+01 -1.100503e+02
      vertex   -4.354783e+01 -4.369632e+01 -1.100503e+02
      vertex   -4.544339e+01 -4.163438e+01 -1.100503e+02
    endloop
  endfacet
  facet normal 0.000000e+00 0.000000e+00 1.000000e+00
    outer loop
      vertex   -4.544339e+01 -4.163438e+01 -1.100503e+02
      vertex   -4.354783e+01 -4.369632e+01 -1.100503e+02
      vertex   -4.359776e+01 -4.318305e+01 -1.100503e+02
    endloop
  endfacet
  facet normal 0.000000e+00 0.000000e+00 1.000000e+00
    outer loop
      vertex   -4.544339e+01 -4.163438e+01 -1.100503e+02
      vertex   -4.359776e+01 -4.318305e+01 -1.100503e+02
      vertex   -4.493613e+01 -4.172721e+01 -1.100503e+02
    endloop
  endfacet
  facet normal 0.000000e+00 0.000000e+00 1.000000e+00
    outer loop
      vertex   -4.493613e+01 -4.172721e+01 -1.100503e+02
      vertex   -4.359776e+01 -4.318305e+01 -1.100503e+02
      vertex   -4.377726e+01 -4.269961e+01 -1.100503e+02
    endloop
  endfacet
  facet normal 0.000000e+00 0.000000e+00 1.000000e+00
    outer loop
      vertex   -4.493613e+01 -4.172721e+01 -1.100503e+02
      vertex   -4.377726e+01 -4.269961e+01 -1.100503e+02
      vertex   -4.446946e+01 -4.194666e+01 -1.100503e+02
    endloop
  endfacet
  facet normal 0.000000e+00 0.000000e+00 1.000000e+00
    outer loop
      vertex   -4.446946e+01 -4.194666e+01 -1.100503e+02
      vertex   -4.377726e+01 -4.269961e+01 -1.100503e+02
      vertex   -4.407442e+01 -4.227814e+01 -1.100503e+02
    endloop
  endfacet
  facet normal 6.045238e-14 7.204434e-14 1.000000e+00
    outer loop
      vertex   -5.472025e+01 -3.850827e+01 -1.100503e+02
      vertex   -5.420761e+01 -3.893843e+01 -1.100503e+02
      vertex   -5.500083e+01 -3.807559e+01 -1.100503e+02
    endloop
  endfacet
  facet normal 6.045238e-14 7.204434e-14 1.000000e+00
    outer loop
      vertex   -5.500083e+01 -3.807559e+01 -1.100503e+02
      vertex   -5.420761e+01 -3.893843e+01 -1.100503e+02
      vertex   -5.373278e+01 -3.913961e+01 -1.100503e+02
    endloop
  endfacet
  facet normal -0.000000e+00 -0.000000e+00 1.000000e+00
    outer loop
      vertex   -5.500083e+01 -3.807559e+01 -1.100503e+02
      vertex   -5.373278e+01 -3.913961e+01 -1.100503e+02
      vertex   -5.516144e+01 -3.758554e+01 -1.100503e+02
    endloop
  endfacet
  facet normal 0.000000e+00 0.000000e+00 1.000000e+00
    outer loop
      vertex   -5.516144e+01 -3.758554e+01 -1.100503e+02
      vertex   -5.373278e+01 -3.913961e+01 -1.100503e+02
      vertex   -5.322229e+01 -3.921269e+01 -1.100503e+02
    endloop
  endfacet
  facet normal -0.000000e+00 -0.000000e+00 1.000000e+00
    outer loop
      vertex   -5.516144e+01 -3.758554e+01 -1.100503e+02
      vertex   -5.322229e+01 -3.921269e+01 -1.100503e+02
      vertex   -5.519142e+01 -3.707073e+01 -1.100503e+02
    endloop
  endfacet
  facet normal 0.000000e+00 0.000000e+00 1.000000e+00
    outer loop
      vertex   -5.519142e+01 -3.707073e+01 -1.100503e+02
      vertex   -5.322229e+01 -3.921269e+01 -1.100503e+02
      vertex   -5.271009e+01 -3.915281e+01 -1.100503e+02
    endloop
  endfacet
  facet normal -0.000000e+00 0.000000e+00 1.000000e+00
    outer loop
      vertex   -5.519142e+01 -3.707073e+01 -1.100503e+02
      vertex   -5.271009e+01 -3.915281e+01 -1.100503e+02
      vertex   -5.508876e+01 -3.656536e+01 -1.100503e+02
    endloop
  endfacet
  facet normal 0.000000e+00 0.000000e+00 1.000000e+00
    outer loop
      vertex   -5.508876e+01 -3.656536e+01 -1.100503e+02
      vertex   -5.271009e+01 -3.915281e+01 -1.100503e+02
      vertex   -5.223022e+01 -3.896395e+01 -1.100503e+02
    endloop
  endfacet
  facet normal -0.000000e+00 0.000000e+00 1.000000e+00
    outer loop
      vertex   -5.508876e+01 -3.656536e+01 -1.100503e+02
      vertex   -5.223022e+01 -3.896395e+01 -1.100503e+02
      vertex   -5.486030e+01 -3.610303e+01 -1.100503e+02
    endloop
  endfacet
  facet normal 0.000000e+00 0.000000e+00 1.000000e+00
    outer loop
      vertex   -5.486030e+01 -3.610303e+01 -1.100503e+02
      vertex   -5.223022e+01 -3.896395e+01 -1.100503e+02
      vertex   -5.181460e+01 -3.865868e+01 -1.100503e+02
    endloop
  endfacet
  facet normal -0.000000e+00 0.000000e+00 1.000000e+00
    outer loop
      vertex   -5.486030e+01 -3.610303e+01 -1.100503e+02
      vertex   -5.181460e+01 -3.865868e+01 -1.100503e+02
      vertex   -5.452121e+01 -3.571450e+01 -1.100503e+02
    endloop
  endfacet
  facet normal 0.000000e+00 0.000000e+00 1.000000e+00
    outer loop
      vertex   -5.452121e+01 -3.571450e+01 -1.100503e+02
      vertex   -5.181460e+01 -3.865868e+01 -1.100503e+02
      vertex   -5.149084e+01 -3.825728e+01 -1.100503e+02
    endloop
  endfacet
  facet normal -0.000000e+00 0.000000e+00 1.000000e+00
    outer loop
      vertex   -5.452121e+01 -3.571450e+01 -1.100503e+02
      vertex   -5.149084e+01 -3.825728e+01 -1.100503e+02
      vertex   -5.409406e+01 -3.542558e+01 -1.100503e+02
    endloop
  endfacet
  facet normal 0.000000e+00 0.000000e+00 1.000000e+00
    outer loop
      vertex   -5.409406e+01 -3.542558e+01 -1.100503e+02
      vertex   -5.149084e+01 -3.825728e+01 -1.100503e+02
      vertex   -5.128049e+01 -3.778644e+01 -1.100503e+02
    endloop
  endfacet
  facet normal -0.000000e+00 0.000000e+00 1.000000e+00
    outer loop
      vertex   -5.409406e+01 -3.542558e+01 -1.100503e+02
      vertex   -5.128049e+01 -3.778644e+01 -1.100503e+02
      vertex   -5.360722e+01 -3.525549e+01 -1.100503e+02
    endloop
  endfacet
  facet normal 0.000000e+00 0.000000e+00 1.000000e+00
    outer loop
      vertex   -5.360722e+01 -3.525549e+01 -1.100503e+02
      vertex   -5.128049e+01 -3.778644e+01 -1.100503e+02
      vertex   -5.119752e+01 -3.727747e+01 -1.100503e+02
    endloop
  endfacet
  facet normal -0.000000e+00 0.000000e+00 1.000000e+00
    outer loop
      vertex   -5.360722e+01 -3.525549e+01 -1.100503e+02
      vertex   -5.119752e+01 -3.727747e+01 -1.100503e+02
      vertex   -5.309308e+01 -3.521553e+01 -1.100503e+02
    endloop
  endfacet
  facet normal 0.000000e+00 0.000000e+00 1.000000e+00
    outer loop
      vertex   -5.309308e+01 -3.521553e+01 -1.100503e+02
      vertex   -5.119752e+01 -3.727747e+01 -1.100503e+02
      vertex   -5.124745e+01 -3.676420e+01 -1.100503e+02
    endloop
  endfacet
  facet normal 0.000000e+00 0.000000e+00 1.000000e+00
    outer loop
      vertex   -5.309308e+01 -3.521553e+01 -1.100503e+02
      vertex   -5.124745e+01 -3.676420e+01 -1.100503e+02
      vertex   -5.258582e+01 -3.530836e+01 -1.100503e+02
    endloop
  endfacet
  facet normal 0.000000e+00 0.000000e+00 1.000000e+00
    outer loop
      vertex   -5.258582e+01 -3.530836e+01 -1.100503e+02
      vertex   -5.124745e+01 -3.676420e+01 -1.100503e+02
      vertex   -5.142695e+01 -3.628076e+01 -1.100503e+02
    endloop
  endfacet
  facet normal 0.000000e+00 0.000000e+00 1.000000e+00
    outer loop
      vertex   -5.258582e+01 -3.530836e+01 -1.100503e+02
      vertex   -5.142695e+01 -3.628076e+01 -1.100503e+02
      vertex   -5.211915e+01 -3.552781e+01 -1.100503e+02
    endloop
  endfacet
  facet normal 0.000000e+00 0.000000e+00 1.000000e+00
    outer loop
      vertex   -5.211915e+01 -3.552781e+01 -1.100503e+02
      vertex   -5.142695e+01 -3.628076e+01 -1.100503e+02
      vertex   -5.172411e+01 -3.585929e+01 -1.100503e+02
    endloop
  endfacet
  facet normal -6.427876e-01 -7.660444e-01 -8.065533e-11
    outer loop
      vertex   -5.420761e+01 -3.893843e+01 -1.100503e+02
      vertex   -5.472025e+01 -3.850827e+01 -1.100505e+02
      vertex   -5.420761e+01 -3.893843e+01 -1.100505e+02
    endloop
  endfacet
  facet normal -6.427876e-01 -7.660444e-01 0.000000e+00
    outer loop
      vertex   -5.420761e+01 -3.893843e+01 -1.100505e+02
      vertex   -5.472025e+01 -3.850827e+01 -1.100505e+02
      vertex   -5.472025e+01 -3.850827e+01 -1.190503e+02
    endloop
  endfacet
  facet normal -6.427876e-01 -7.660444e-01 1.154142e-15
    outer loop
      vertex   -5.420761e+01 -3.893843e+01 -1.100505e+02
      vertex   -5.472025e+01 -3.850827e+01 -1.190503e+02
      vertex   -5.420761e+01 -3.893843e+01 -1.190503e+02
    endloop
  endfacet
  facet normal -6.427876e-01 -7.660444e-01 3.923063e-11
    outer loop
      vertex   -5.420761e+01 -3.893843e+01 -1.100503e+02
      vertex   -5.472025e+01 -3.850827e+01 -1.100503e+02
      vertex   -5.472025e+01 -3.850827e+01 -1.100505e+02
    endloop
  endfacet
  facet normal 7.203932e-01 -6.935658e-01 -1.884648e-16
    outer loop
      vertex   -2.270919e+01 -8.654107e-01 -1.190503e+02
      vertex   -2.270919e+01 -8.654107e-01 -1.140503e+02
      vertex   -2.365580e+01 -1.848638e+00 -1.190503e+02
    endloop
  endfacet
  facet normal 7.203932e-01 -6.935658e-01 -2.038651e-16
    outer loop
      vertex   -2.365580e+01 -1.848638e+00 -1.190503e+02
      vertex   -2.270919e+01 -8.654107e-01 -1.140503e+02
      vertex   -2.365580e+01 -1.848638e+00 -1.140503e+02
    endloop
  endfacet
  facet normal 8.081240e-01 -5.890124e-01 -3.126326e-16
    outer loop
      vertex   -2.365580e+01 -1.848638e+00 -1.190503e+02
      vertex   -2.365580e+01 -1.848638e+00 -1.140503e+02
      vertex   -2.445972e+01 -2.951605e+00 -1.190503e+02
    endloop
  endfacet
  facet normal 8.081240e-01 -5.890124e-01 -5.105853e-17
    outer loop
      vertex   -2.445972e+01 -2.951605e+00 -1.190503e+02
      vertex   -2.365580e+01 -1.848638e+00 -1.140503e+02
      vertex   -2.445972e+01 -2.951605e+00 -1.140503e+02
    endloop
  endfacet
  facet normal 8.808009e-01 -4.734868e-01 -2.053060e-16
    outer loop
      vertex   -2.445972e+01 -2.951605e+00 -1.190503e+02
      vertex   -2.445972e+01 -2.951605e+00 -1.140503e+02
      vertex   -2.510595e+01 -4.153764e+00 -1.190503e+02
    endloop
  endfacet
  facet normal 8.808009e-01 -4.734868e-01 0.000000e+00
    outer loop
      vertex   -2.510595e+01 -4.153764e+00 -1.190503e+02
      vertex   -2.445972e+01 -2.951605e+00 -1.140503e+02
      vertex   -2.510595e+01 -4.153764e+00 -1.140503e+02
    endloop
  endfacet
  facet normal 9.370702e-01 -3.491410e-01 0.000000e+00
    outer loop
      vertex   -2.510595e+01 -4.153764e+00 -1.190503e+02
      vertex   -2.510595e+01 -4.153764e+00 -1.140503e+02
      vertex   -2.558248e+01 -5.432723e+00 -1.190503e+02
    endloop
  endfacet
  facet normal 9.370702e-01 -3.491410e-01 2.480796e-16
    outer loop
      vertex   -2.558248e+01 -5.432723e+00 -1.190503e+02
      vertex   -2.510595e+01 -4.153764e+00 -1.140503e+02
      vertex   -2.558248e+01 -5.432723e+00 -1.140503e+02
    endloop
  endfacet
  facet normal 9.758836e-01 -2.182914e-01 1.551053e-16
    outer loop
      vertex   -2.558248e+01 -5.432723e+00 -1.190503e+02
      vertex   -2.558248e+01 -5.432723e+00 -1.140503e+02
      vertex   -2.588041e+01 -6.764656e+00 -1.190503e+02
    endloop
  endfacet
  facet normal 9.758836e-01 -2.182914e-01 1.386814e-15
    outer loop
      vertex   -2.588041e+01 -6.764656e+00 -1.190503e+02
      vertex   -2.558248e+01 -5.432723e+00 -1.140503e+02
      vertex   -2.588041e+01 -6.764656e+00 -1.140503e+02
    endloop
  endfacet
  facet normal 9.965182e-01 -8.337537e-02 1.416138e-15
    outer loop
      vertex   -2.588041e+01 -6.764656e+00 -1.190503e+02
      vertex   -2.588041e+01 -6.764656e+00 -1.140503e+02
      vertex   -2.599421e+01 -8.124752e+00 -1.190503e+02
    endloop
  endfacet
  facet normal 9.965182e-01 -8.337537e-02 1.416138e-15
    outer loop
      vertex   -2.599421e+01 -8.124752e+00 -1.190503e+02
      vertex   -2.588041e+01 -6.764656e+00 -1.140503e+02
      vertex   -2.599421e+01 -8.124752e+00 -1.140503e+02
    endloop
  endfacet
  facet normal 9.985895e-01 5.309374e-02 1.419081e-15
    outer loop
      vertex   -2.599421e+01 -8.124752e+00 -1.190503e+02
      vertex   -2.599421e+01 -8.124752e+00 -1.140503e+02
      vertex   -2.592174e+01 -9.487676e+00 -1.190503e+02
    endloop
  endfacet
  facet normal 9.985895e-01 5.309374e-02 1.381356e-15
    outer loop
      vertex   -2.592174e+01 -9.487676e+00 -1.190503e+02
      vertex   -2.599421e+01 -8.124752e+00 -1.140503e+02
      vertex   -2.592174e+01 -9.487676e+00 -1.140503e+02
    endloop
  endfacet
  facet normal 9.820590e-01 1.885738e-01 1.261600e-15
    outer loop
      vertex   -2.592174e+01 -9.487676e+00 -1.190503e+02
      vertex   -2.592174e+01 -9.487676e+00 -1.140503e+02
      vertex   -2.566437e+01 -1.082804e+01 -1.190503e+02
    endloop
  endfacet
  facet normal 9.820590e-01 1.885738e-01 -0.000000e+00
    outer loop
      vertex   -2.566437e+01 -1.082804e+01 -1.190503e+02
      vertex   -2.592174e+01 -9.487676e+00 -1.140503e+02
      vertex   -2.566437e+01 -1.082804e+01 -1.140503e+02
    endloop
  endfacet
  facet normal 9.472346e-01 3.205411e-01 -0.000000e+00
    outer loop
      vertex   -2.566437e+01 -1.082804e+01 -1.190503e+02
      vertex   -2.566437e+01 -1.082804e+01 -1.140503e+02
      vertex   -2.522688e+01 -1.212087e+01 -1.190503e+02
    endloop
  endfacet
  facet normal 9.472346e-01 3.205411e-01 2.175344e-16
    outer loop
      vertex   -2.522688e+01 -1.212087e+01 -1.190503e+02
      vertex   -2.566437e+01 -1.082804e+01 -1.140503e+02
      vertex   -2.522688e+01 -1.212087e+01 -1.140503e+02
    endloop
  endfacet
  facet normal 8.947650e-01 4.465373e-01 1.201050e-18
    outer loop
      vertex   -2.522688e+01 -1.212087e+01 -1.190503e+02
      vertex   -2.522688e+01 -1.212087e+01 -1.140503e+02
      vertex   -2.461742e+01 -1.334209e+01 -1.190503e+02
    endloop
  endfacet
  facet normal 8.947650e-01 4.465373e-01 -0.000000e+00
    outer loop
      vertex   -2.461742e+01 -1.334209e+01 -1.190503e+02
      vertex   -2.522688e+01 -1.212087e+01 -1.140503e+02
      vertex   -2.461742e+01 -1.334209e+01 -1.140503e+02
    endloop
  endfacet
  facet normal 8.256276e-01 5.642154e-01 -0.000000e+00
    outer loop
      vertex   -2.461742e+01 -1.334209e+01 -1.190503e+02
      vertex   -2.461742e+01 -1.334209e+01 -1.140503e+02
      vertex   -2.384735e+01 -1.446894e+01 -1.190503e+02
    endloop
  endfacet
  facet normal 8.256276e-01 5.642154e-01 1.857445e-16
    outer loop
      vertex   -2.384735e+01 -1.446894e+01 -1.190503e+02
      vertex   -2.461742e+01 -1.334209e+01 -1.140503e+02
      vertex   -2.384735e+01 -1.446894e+01 -1.140503e+02
    endloop
  endfacet
  facet normal 7.411104e-01 6.713832e-01 4.954410e-17
    outer loop
      vertex   -2.384735e+01 -1.446894e+01 -1.190503e+02
      vertex   -2.384735e+01 -1.446894e+01 -1.140503e+02
      vertex   -2.293102e+01 -1.548045e+01 -1.190503e+02
    endloop
  endfacet
  facet normal 7.411104e-01 6.713832e-01 2.385232e-16
    outer loop
      vertex   -2.293102e+01 -1.548045e+01 -1.190503e+02
      vertex   -2.384735e+01 -1.446894e+01 -1.140503e+02
      vertex   -2.293102e+01 -1.548045e+01 -1.140503e+02
    endloop
  endfacet
  facet normal 6.427876e-01 7.660444e-01 2.721537e-16
    outer loop
      vertex   -2.293102e+01 -1.548045e+01 -1.190503e+02
      vertex   -2.293102e+01 -1.548045e+01 -1.140503e+02
      vertex   -2.188548e+01 -1.635775e+01 -1.190503e+02
    endloop
  endfacet
  facet normal 6.427876e-01 7.660444e-01 -0.000000e+00
    outer loop
      vertex   -2.188548e+01 -1.635775e+01 -1.190503e+02
      vertex   -2.293102e+01 -1.548045e+01 -1.140503e+02
      vertex   -2.188548e+01 -1.635775e+01 -1.140503e+02
    endloop
  endfacet
  facet normal 5.324909e-01 8.464357e-01 -0.000000e+00
    outer loop
      vertex   -2.188548e+01 -1.635775e+01 -1.190503e+02
      vertex   -2.188548e+01 -1.635775e+01 -1.140503e+02
      vertex   -2.073023e+01 -1.708452e+01 -1.190503e+02
    endloop
  endfacet
  facet normal 5.324909e-01 8.464357e-01 -0.000000e+00
    outer loop
      vertex   -2.073023e+01 -1.708452e+01 -1.190503e+02
      vertex   -2.188548e+01 -1.635775e+01 -1.140503e+02
      vertex   -2.073023e+01 -1.708452e+01 -1.140503e+02
    endloop
  endfacet
  facet normal 4.122750e-01 9.110595e-01 -0.000000e+00
    outer loop
      vertex   -2.073023e+01 -1.708452e+01 -1.190503e+02
      vertex   -2.073023e+01 -1.708452e+01 -1.140503e+02
      vertex   -1.948677e+01 -1.764722e+01 -1.190503e+02
    endloop
  endfacet
  facet normal 4.122750e-01 9.110595e-01 -0.000000e+00
    outer loop
      vertex   -1.948677e+01 -1.764722e+01 -1.190503e+02
      vertex   -2.073023e+01 -1.708452e+01 -1.140503e+02
      vertex   -1.948677e+01 -1.764722e+01 -1.140503e+02
    endloop
  endfacet
  facet normal 2.843791e-01 9.587119e-01 -0.000000e+00
    outer loop
      vertex   -1.948677e+01 -1.764722e+01 -1.190503e+02
      vertex   -1.948677e+01 -1.764722e+01 -1.140503e+02
      vertex   -1.817827e+01 -1.803535e+01 -1.190503e+02
    endloop
  endfacet
  facet normal 2.843791e-01 9.587119e-01 6.061906e-16
    outer loop
      vertex   -1.817827e+01 -1.803535e+01 -1.190503e+02
      vertex   -1.948677e+01 -1.764722e+01 -1.140503e+02
      vertex   -1.817827e+01 -1.803535e+01 -1.140503e+02
    endloop
  endfacet
  facet normal 1.511858e-01 9.885054e-01 3.222719e-16
    outer loop
      vertex   -1.817827e+01 -1.803535e+01 -1.190503e+02
      vertex   -1.817827e+01 -1.803535e+01 -1.140503e+02
      vertex   -1.682911e+01 -1.824170e+01 -1.190503e+02
    endloop
  endfacet
  facet normal 1.511858e-01 9.885054e-01 1.074240e-16
    outer loop
      vertex   -1.682911e+01 -1.824170e+01 -1.190503e+02
      vertex   -1.817827e+01 -1.803535e+01 -1.140503e+02
      vertex   -1.682911e+01 -1.824170e+01 -1.140503e+02
    endloop
  endfacet
  facet normal 1.517619e-02 9.998848e-01 1.078333e-17
    outer loop
      vertex   -1.682911e+01 -1.824170e+01 -1.190503e+02
      vertex   -1.682911e+01 -1.824170e+01 -1.140503e+02
      vertex   -1.546442e+01 -1.826241e+01 -1.190503e+02
    endloop
  endfacet
  facet normal 1.517619e-02 9.998848e-01 1.078333e-17
    outer loop
      vertex   -1.546442e+01 -1.826241e+01 -1.190503e+02
      vertex   -1.682911e+01 -1.824170e+01 -1.140503e+02
      vertex   -1.546442e+01 -1.826241e+01 -1.140503e+02
    endloop
  endfacet
  facet normal -1.211161e-01 9.926383e-01 -8.605818e-17
    outer loop
      vertex   -1.546442e+01 -1.826241e+01 -1.190503e+02
      vertex   -1.546442e+01 -1.826241e+01 -1.140503e+02
      vertex   -1.410962e+01 -1.809710e+01 -1.190503e+02
    endloop
  endfacet
  facet normal -1.211161e-01 9.926383e-01 -4.302909e-17
    outer loop
      vertex   -1.410962e+01 -1.809710e+01 -1.190503e+02
      vertex   -1.546442e+01 -1.826241e+01 -1.140503e+02
      vertex   -1.410962e+01 -1.809710e+01 -1.140503e+02
    endloop
  endfacet
  facet normal -2.551523e-01 9.669009e-01 -9.064830e-17
    outer loop
      vertex   -1.410962e+01 -1.809710e+01 -1.190503e+02
      vertex   -1.410962e+01 -1.809710e+01 -1.140503e+02
      vertex   -1.278995e+01 -1.774886e+01 -1.190503e+02
    endloop
  endfacet
  facet normal -2.551523e-01 9.669009e-01 1.192752e-15
    outer loop
      vertex   -1.278995e+01 -1.774886e+01 -1.190503e+02
      vertex   -1.410962e+01 -1.809710e+01 -1.140503e+02
      vertex   -1.278995e+01 -1.774886e+01 -1.140503e+02
    endloop
  endfacet
  facet normal -3.844354e-01 9.231519e-01 1.038720e-15
    outer loop
      vertex   -1.278995e+01 -1.774886e+01 -1.190503e+02
      vertex   -1.278995e+01 -1.774886e+01 -1.140503e+02
      vertex   -1.152999e+01 -1.722416e+01 -1.190503e+02
    endloop
  endfacet
  facet normal -3.844354e-01 9.231519e-01 -4.097367e-16
    outer loop
      vertex   -1.152999e+01 -1.722416e+01 -1.190503e+02
      vertex   -1.278995e+01 -1.774886e+01 -1.140503e+02
      vertex   -1.152999e+01 -1.722416e+01 -1.140503e+02
    endloop
  endfacet
  facet normal -5.065573e-01 8.622063e-01 -5.398959e-16
    outer loop
      vertex   -1.152999e+01 -1.722416e+01 -1.190503e+02
      vertex   -1.152999e+01 -1.722416e+01 -1.140503e+02
      vertex   -1.035321e+01 -1.653279e+01 -1.190503e+02
    endloop
  endfacet
  facet normal -5.065573e-01 8.622063e-01 -1.799653e-16
    outer loop
      vertex   -1.035321e+01 -1.653279e+01 -1.190503e+02
      vertex   -1.152999e+01 -1.722416e+01 -1.140503e+02
      vertex   -1.035321e+01 -1.653279e+01 -1.140503e+02
    endloop
  endfacet
  facet normal -6.192429e-01 7.851995e-01 -2.199993e-16
    outer loop
      vertex   -1.035321e+01 -1.653279e+01 -1.190503e+02
      vertex   -1.035321e+01 -1.653279e+01 -1.140503e+02
      vertex   -9.281527e+00 -1.568762e+01 -1.190503e+02
    endloop
  endfacet
  facet normal -6.192429e-01 7.851995e-01 -2.199993e-16
    outer loop
      vertex   -9.281527e+00 -1.568762e+01 -1.190503e+02
      vertex   -1.035321e+01 -1.653279e+01 -1.140503e+02
      vertex   -9.281527e+00 -1.568762e+01 -1.140503e+02
    endloop
  endfacet
  facet normal -7.203932e-01 6.935658e-01 -2.559351e-16
    outer loop
      vertex   -9.281527e+00 -1.568762e+01 -1.190503e+02
      vertex   -9.281527e+00 -1.568762e+01 -1.140503e+02
      vertex   -8.334915e+00 -1.470439e+01 -1.190503e+02
    endloop
  endfacet
  facet normal -7.203932e-01 6.935658e-01 -2.559351e-16
    outer loop
      vertex   -8.334915e+00 -1.470439e+01 -1.190503e+02
      vertex   -9.281527e+00 -1.568762e+01 -1.140503e+02
      vertex   -8.334915e+00 -1.470439e+01 -1.140503e+02
    endloop
  endfacet
  facet normal -8.081240e-01 5.890124e-01 -2.871033e-16
    outer loop
      vertex   -8.334915e+00 -1.470439e+01 -1.190503e+02
      vertex   -8.334915e+00 -1.470439e+01 -1.140503e+02
      vertex   -7.531002e+00 -1.360142e+01 -1.190503e+02
    endloop
  endfacet
  facet normal -8.081240e-01 5.890124e-01 -4.306550e-16
    outer loop
      vertex   -7.531002e+00 -1.360142e+01 -1.190503e+02
      vertex   -8.334915e+00 -1.470439e+01 -1.140503e+02
      vertex   -7.531002e+00 -1.360142e+01 -1.140503e+02
    endloop
  endfacet
  facet normal -8.808009e-01 4.734868e-01 -4.693850e-16
    outer loop
      vertex   -7.531002e+00 -1.360142e+01 -1.190503e+02
      vertex   -7.531002e+00 -1.360142e+01 -1.140503e+02
      vertex   -6.884765e+00 -1.239926e+01 -1.190503e+02
    endloop
  endfacet
  facet normal -8.808009e-01 4.734868e-01 -3.129234e-16
    outer loop
      vertex   -6.884765e+00 -1.239926e+01 -1.190503e+02
      vertex   -7.531002e+00 -1.360142e+01 -1.140503e+02
      vertex   -6.884765e+00 -1.239926e+01 -1.140503e+02
    endloop
  endfacet
  facet normal -9.370702e-01 3.491410e-01 -3.329142e-16
    outer loop
      vertex   -6.884765e+00 -1.239926e+01 -1.190503e+02
      vertex   -6.884765e+00 -1.239926e+01 -1.140503e+02
      vertex   -6.408240e+00 -1.112031e+01 -1.190503e+02
    endloop
  endfacet
  facet normal -9.370702e-01 3.491410e-01 -4.177488e-16
    outer loop
      vertex   -6.408240e+00 -1.112031e+01 -1.190503e+02
      vertex   -6.884765e+00 -1.239926e+01 -1.140503e+02
      vertex   -6.408240e+00 -1.112031e+01 -1.140503e+02
    endloop
  endfacet
  facet normal -9.758836e-01 2.182914e-01 -5.383017e-16
    outer loop
      vertex   -6.408240e+00 -1.112031e+01 -1.190503e+02
      vertex   -6.408240e+00 -1.112031e+01 -1.140503e+02
      vertex   -6.110306e+00 -9.788372e+00 -1.190503e+02
    endloop
  endfacet
  facet normal -9.758836e-01 2.182914e-01 -4.607490e-16
    outer loop
      vertex   -6.110306e+00 -9.788372e+00 -1.190503e+02
      vertex   -6.408240e+00 -1.112031e+01 -1.140503e+02
      vertex   -6.110306e+00 -9.788372e+00 -1.140503e+02
    endloop
  endfacet
  facet normal -9.965182e-01 8.337537e-02 -6.192061e-16
    outer loop
      vertex   -6.110306e+00 -9.788372e+00 -1.190503e+02
      vertex   -6.110306e+00 -9.788372e+00 -1.140503e+02
      vertex   -5.996511e+00 -8.428276e+00 -1.190503e+02
    endloop
  endfacet
  facet normal -9.965182e-01 8.337537e-02 -5.310516e-16
    outer loop
      vertex   -5.996511e+00 -8.428276e+00 -1.190503e+02
      vertex   -6.110306e+00 -9.788372e+00 -1.140503e+02
      vertex   -5.996511e+00 -8.428276e+00 -1.140503e+02
    endloop
  endfacet
  facet normal -9.985895e-01 -5.309374e-02 -5.321554e-16
    outer loop
      vertex   -5.996511e+00 -8.428276e+00 -1.190503e+02
      vertex   -5.996511e+00 -8.428276e+00 -1.140503e+02
      vertex   -6.068976e+00 -7.065353e+00 -1.190503e+02
    endloop
  endfacet
  facet normal -9.985895e-01 -5.309374e-02 -8.869257e-16
    outer loop
      vertex   -6.068976e+00 -7.065353e+00 -1.190503e+02
      vertex   -5.996511e+00 -8.428276e+00 -1.140503e+02
      vertex   -6.068976e+00 -7.065353e+00 -1.140503e+02
    endloop
  endfacet
  facet normal -9.820590e-01 -1.885738e-01 -8.722436e-16
    outer loop
      vertex   -6.068976e+00 -7.065353e+00 -1.190503e+02
      vertex   -6.068976e+00 -7.065353e+00 -1.140503e+02
      vertex   -6.326350e+00 -5.724991e+00 -1.190503e+02
    endloop
  endfacet
  facet normal -9.820590e-01 -1.885738e-01 -5.233462e-16
    outer loop
      vertex   -6.326350e+00 -5.724991e+00 -1.190503e+02
      vertex   -6.068976e+00 -7.065353e+00 -1.140503e+02
      vertex   -6.326350e+00 -5.724991e+00 -1.140503e+02
    endloop
  endfacet
  facet normal -9.472346e-01 -3.205411e-01 -5.047880e-16
    outer loop
      vertex   -6.326350e+00 -5.724991e+00 -1.190503e+02
      vertex   -6.326350e+00 -5.724991e+00 -1.140503e+02
      vertex   -6.763840e+00 -4.432160e+00 -1.190503e+02
    endloop
  endfacet
  facet normal -9.472346e-01 -3.205411e-01 -2.277582e-16
    outer loop
      vertex   -6.763840e+00 -4.432160e+00 -1.190503e+02
      vertex   -6.326350e+00 -5.724991e+00 -1.140503e+02
      vertex   -6.763840e+00 -4.432160e+00 -1.140503e+02
    endloop
  endfacet
  facet normal -8.947650e-01 -4.465373e-01 -3.172839e-16
    outer loop
      vertex   -6.763840e+00 -4.432160e+00 -1.190503e+02
      vertex   -6.763840e+00 -4.432160e+00 -1.140503e+02
      vertex   -7.373296e+00 -3.210941e+00 -1.190503e+02
    endloop
  endfacet
  facet normal -8.947650e-01 -4.465373e-01 -4.768266e-16
    outer loop
      vertex   -7.373296e+00 -3.210941e+00 -1.190503e+02
      vertex   -6.763840e+00 -4.432160e+00 -1.140503e+02
      vertex   -7.373296e+00 -3.210941e+00 -1.140503e+02
    endloop
  endfacet
  facet normal -8.256276e-01 -5.642154e-01 -4.399828e-16
    outer loop
      vertex   -7.373296e+00 -3.210941e+00 -1.190503e+02
      vertex   -7.373296e+00 -3.210941e+00 -1.140503e+02
      vertex   -8.143365e+00 -2.084085e+00 -1.190503e+02
    endloop
  endfacet
  facet normal -8.256276e-01 -5.642154e-01 -4.363065e-16
    outer loop
      vertex   -8.143365e+00 -2.084085e+00 -1.190503e+02
      vertex   -7.373296e+00 -3.210941e+00 -1.140503e+02
      vertex   -8.143365e+00 -2.084085e+00 -1.140503e+02
    endloop
  endfacet
  facet normal -7.411104e-01 -6.713832e-01 -3.476982e-16
    outer loop
      vertex   -8.143365e+00 -2.084085e+00 -1.190503e+02
      vertex   -8.143365e+00 -2.084085e+00 -1.140503e+02
      vertex   -9.059701e+00 -1.072582e+00 -1.190503e+02
    endloop
  endfacet
  facet normal -7.411104e-01 -6.713832e-01 -2.981540e-16
    outer loop
      vertex   -9.059701e+00 -1.072582e+00 -1.190503e+02
      vertex   -8.143365e+00 -2.084085e+00 -1.140503e+02
      vertex   -9.059701e+00 -1.072582e+00 -1.140503e+02
    endloop
  endfacet
  facet normal -6.427876e-01 -7.660444e-01 -3.401921e-16
    outer loop
      vertex   -9.059701e+00 -1.072582e+00 -1.190503e+02
      vertex   -9.059701e+00 -1.072582e+00 -1.140503e+02
      vertex   -1.010524e+01 -1.952743e-01 -1.190503e+02
    endloop
  endfacet
  facet normal -6.427876e-01 -7.660444e-01 -2.866320e-16
    outer loop
      vertex   -1.010524e+01 -1.952743e-01 -1.190503e+02
      vertex   -9.059701e+00 -1.072582e+00 -1.140503e+02
      vertex   -1.010524e+01 -1.952743e-01 -1.140503e+02
    endloop
  endfacet
  facet normal -5.324909e-01 -8.464357e-01 -1.904111e-16
    outer loop
      vertex   -1.010524e+01 -1.952743e-01 -1.190503e+02
      vertex   -1.010524e+01 -1.952743e-01 -1.140503e+02
      vertex   -1.126049e+01 5.314950e-01 -1.190503e+02
    endloop
  endfacet
  facet normal -5.324909e-01 -8.464357e-01 -5.638394e-16
    outer loop
      vertex   -1.126049e+01 5.314950e-01 -1.190503e+02
      vertex   -1.010524e+01 -1.952743e-01 -1.140503e+02
      vertex   -1.126049e+01 5.314950e-01 -1.140503e+02
    endloop
  endfacet
  facet normal -4.122750e-01 -9.110595e-01 -6.068875e-16
    outer loop
      vertex   -1.126049e+01 5.314950e-01 -1.190503e+02
      vertex   -1.126049e+01 5.314950e-01 -1.140503e+02
      vertex   -1.250395e+01 1.094188e+00 -1.190503e+02
    endloop
  endfacet
  facet normal -4.122750e-01 -9.110595e-01 0.000000e+00
    outer loop
      vertex   -1.250395e+01 1.094188e+00 -1.190503e+02
      vertex   -1.126049e+01 5.314950e-01 -1.140503e+02
      vertex   -1.250395e+01 1.094188e+00 -1.140503e+02
    endloop
  endfacet
  facet normal -2.843791e-01 -9.587119e-01 0.000000e+00
    outer loop
      vertex   -1.250395e+01 1.094188e+00 -1.190503e+02
      vertex   -1.250395e+01 1.094188e+00 -1.140503e+02
      vertex   -1.381245e+01 1.482322e+00 -1.190503e+02
    endloop
  endfacet
  facet normal -2.843791e-01 -9.587119e-01 -1.118450e-16
    outer loop
      vertex   -1.381245e+01 1.482322e+00 -1.190503e+02
      vertex   -1.250395e+01 1.094188e+00 -1.140503e+02
      vertex   -1.381245e+01 1.482322e+00 -1.140503e+02
    endloop
  endfacet
  facet normal -1.511858e-01 -9.885054e-01 -1.657803e-16
    outer loop
      vertex   -1.381245e+01 1.482322e+00 -1.190503e+02
      vertex   -1.381245e+01 1.482322e+00 -1.140503e+02
      vertex   -1.516161e+01 1.688668e+00 -1.190503e+02
    endloop
  endfacet
  facet normal -1.511858e-01 -9.885054e-01 0.000000e+00
    outer loop
      vertex   -1.516161e+01 1.688668e+00 -1.190503e+02
      vertex   -1.381245e+01 1.482322e+00 -1.140503e+02
      vertex   -1.516161e+01 1.688668e+00 -1.140503e+02
    endloop
  endfacet
  facet normal -1.517619e-02 -9.998848e-01 0.000000e+00
    outer loop
      vertex   -1.516161e+01 1.688668e+00 -1.190503e+02
      vertex   -1.516161e+01 1.688668e+00 -1.140503e+02
      vertex   -1.652630e+01 1.709381e+00 -1.190503e+02
    endloop
  endfacet
  facet normal -1.517619e-02 -9.998848e-01 0.000000e+00
    outer loop
      vertex   -1.652630e+01 1.709381e+00 -1.190503e+02
      vertex   -1.516161e+01 1.688668e+00 -1.140503e+02
      vertex   -1.652630e+01 1.709381e+00 -1.140503e+02
    endloop
  endfacet
  facet normal 1.211161e-01 -9.926383e-01 0.000000e+00
    outer loop
      vertex   -1.652630e+01 1.709381e+00 -1.190503e+02
      vertex   -1.652630e+01 1.709381e+00 -1.140503e+02
      vertex   -1.788110e+01 1.544076e+00 -1.190503e+02
    endloop
  endfacet
  facet normal 1.211161e-01 -9.926383e-01 8.605818e-17
    outer loop
      vertex   -1.788110e+01 1.544076e+00 -1.190503e+02
      vertex   -1.652630e+01 1.709381e+00 -1.140503e+02
      vertex   -1.788110e+01 1.544076e+00 -1.140503e+02
    endloop
  endfacet
  facet normal 2.551523e-01 -9.669009e-01 1.812966e-16
    outer loop
      vertex   -1.788110e+01 1.544076e+00 -1.190503e+02
      vertex   -1.788110e+01 1.544076e+00 -1.140503e+02
      vertex   -1.920077e+01 1.195832e+00 -1.190503e+02
    endloop
  endfacet
  facet normal 2.551523e-01 -9.669009e-01 1.812966e-16
    outer loop
      vertex   -1.920077e+01 1.195832e+00 -1.190503e+02
      vertex   -1.788110e+01 1.544076e+00 -1.140503e+02
      vertex   -1.920077e+01 1.195832e+00 -1.140503e+02
    endloop
  endfacet
  facet normal 3.844354e-01 -9.231519e-01 2.731578e-16
    outer loop
      vertex   -1.920077e+01 1.195832e+00 -1.190503e+02
      vertex   -1.920077e+01 1.195832e+00 -1.140503e+02
      vertex   -2.046073e+01 6.711358e-01 -1.190503e+02
    endloop
  endfacet
  facet normal 3.844354e-01 -9.231519e-01 3.431354e-17
    outer loop
      vertex   -2.046073e+01 6.711358e-01 -1.190503e+02
      vertex   -1.920077e+01 1.195832e+00 -1.140503e+02
      vertex   -2.046073e+01 6.711358e-01 -1.140503e+02
    endloop
  endfacet
  facet normal 5.065573e-01 -8.622063e-01 -7.275820e-17
    outer loop
      vertex   -2.046073e+01 6.711358e-01 -1.190503e+02
      vertex   -2.046073e+01 6.711358e-01 -1.140503e+02
      vertex   -2.163751e+01 -2.023806e-02 -1.190503e+02
    endloop
  endfacet
  facet normal 5.065573e-01 -8.622063e-01 0.000000e+00
    outer loop
      vertex   -2.163751e+01 -2.023806e-02 -1.190503e+02
      vertex   -2.046073e+01 6.711358e-01 -1.140503e+02
      vertex   -2.163751e+01 -2.023806e-02 -1.140503e+02
    endloop
  endfacet
  facet normal 6.192429e-01 -7.851995e-01 0.000000e+00
    outer loop
      vertex   -2.163751e+01 -2.023806e-02 -1.190503e+02
      vertex   -2.163751e+01 -2.023806e-02 -1.140503e+02
      vertex   -2.270919e+01 -8.654107e-01 -1.190503e+02
    endloop
  endfacet
  facet normal 6.192429e-01 -7.851995e-01 -7.386502e-17
    outer loop
      vertex   -2.270919e+01 -8.654107e-01 -1.190503e+02
      vertex   -2.163751e+01 -2.023806e-02 -1.140503e+02
      vertex   -2.270919e+01 -8.654107e-01 -1.140503e+02
    endloop
  endfacet
  facet normal 6.427876e-01 7.660444e-01 0.000000e+00
    outer loop
      vertex   -1.563178e+01 -1.243221e+01 -1.100503e+02
      vertex   -1.563178e+01 -1.243221e+01 -1.120503e+02
      vertex   -2.015106e+01 -8.640091e+00 -1.100503e+02
    endloop
  endfacet
  facet normal 6.427876e-01 7.660444e-01 0.000000e+00
    outer loop
      vertex   -2.015106e+01 -8.640091e+00 -1.100503e+02
      vertex   -1.563178e+01 -1.243221e+01 -1.120503e+02
      vertex   -2.015106e+01 -8.640091e+00 -1.120503e+02
    endloop
  endfacet
  facet normal 0.000000e+00 0.000000e+00 1.000000e+00
    outer loop
      vertex   -1.563178e+01 -1.243221e+01 -1.120503e+02
      vertex   -1.695954e+01 -9.425581e+00 -1.120503e+02
      vertex   -2.015106e+01 -8.640091e+00 -1.120503e+02
    endloop
  endfacet
  facet normal 0.000000e+00 0.000000e+00 1.000000e+00
    outer loop
      vertex   -2.015106e+01 -8.640091e+00 -1.120503e+02
      vertex   -1.695954e+01 -9.425581e+00 -1.120503e+02
      vertex   -1.722409e+01 -9.136879e+00 -1.120503e+02
    endloop
  endfacet
  facet normal 0.000000e+00 0.000000e+00 1.000000e+00
    outer loop
      vertex   -2.015106e+01 -8.640091e+00 -1.120503e+02
      vertex   -1.722409e+01 -9.136879e+00 -1.120503e+02
      vertex   -1.740490e+01 -8.789544e+00 -1.120503e+02
    endloop
  endfacet
  facet normal 0.000000e+00 0.000000e+00 1.000000e+00
    outer loop
      vertex   -1.183966e+01 -7.912938e+00 -1.120503e+02
      vertex   -1.484629e+01 -9.240696e+00 -1.120503e+02
      vertex   -1.563178e+01 -1.243221e+01 -1.120503e+02
    endloop
  endfacet
  facet normal 0.000000e+00 0.000000e+00 1.000000e+00
    outer loop
      vertex   -1.563178e+01 -1.243221e+01 -1.120503e+02
      vertex   -1.484629e+01 -9.240696e+00 -1.120503e+02
      vertex   -1.513499e+01 -9.505242e+00 -1.120503e+02
    endloop
  endfacet
  facet normal 0.000000e+00 0.000000e+00 1.000000e+00
    outer loop
      vertex   -1.563178e+01 -1.243221e+01 -1.120503e+02
      vertex   -1.513499e+01 -9.505242e+00 -1.120503e+02
      vertex   -1.548233e+01 -9.686053e+00 -1.120503e+02
    endloop
  endfacet
  facet normal 0.000000e+00 0.000000e+00 1.000000e+00
    outer loop
      vertex   -1.635894e+01 -4.120815e+00 -1.120503e+02
      vertex   -1.503118e+01 -7.127448e+00 -1.120503e+02
      vertex   -1.183966e+01 -7.912938e+00 -1.120503e+02
    endloop
  endfacet
  facet normal 0.000000e+00 0.000000e+00 1.000000e+00
    outer loop
      vertex   -1.183966e+01 -7.912938e+00 -1.120503e+02
      vertex   -1.503118e+01 -7.127448e+00 -1.120503e+02
      vertex   -1.476663e+01 -7.416150e+00 -1.120503e+02
    endloop
  endfacet
  facet normal 0.000000e+00 0.000000e+00 1.000000e+00
    outer loop
      vertex   -1.183966e+01 -7.912938e+00 -1.120503e+02
      vertex   -1.476663e+01 -7.416150e+00 -1.120503e+02
      vertex   -1.458582e+01 -7.763484e+00 -1.120503e+02
    endloop
  endfacet
  facet normal 0.000000e+00 0.000000e+00 1.000000e+00
    outer loop
      vertex   -2.015106e+01 -8.640091e+00 -1.120503e+02
      vertex   -1.714443e+01 -7.312333e+00 -1.120503e+02
      vertex   -1.635894e+01 -4.120815e+00 -1.120503e+02
    endloop
  endfacet
  facet normal 0.000000e+00 0.000000e+00 1.000000e+00
    outer loop
      vertex   -1.635894e+01 -4.120815e+00 -1.120503e+02
      vertex   -1.714443e+01 -7.312333e+00 -1.120503e+02
      vertex   -1.685572e+01 -7.047786e+00 -1.120503e+02
    endloop
  endfacet
  facet normal 0.000000e+00 0.000000e+00 1.000000e+00
    outer loop
      vertex   -1.635894e+01 -4.120815e+00 -1.120503e+02
      vertex   -1.685572e+01 -7.047786e+00 -1.120503e+02
      vertex   -1.650839e+01 -6.866975e+00 -1.120503e+02
    endloop
  endfacet
  facet normal 0.000000e+00 0.000000e+00 1.000000e+00
    outer loop
      vertex   -1.650839e+01 -6.866975e+00 -1.120503e+02
      vertex   -1.612609e+01 -6.782222e+00 -1.120503e+02
      vertex   -1.635894e+01 -4.120815e+00 -1.120503e+02
    endloop
  endfacet
  facet normal 0.000000e+00 0.000000e+00 1.000000e+00
    outer loop
      vertex   -1.635894e+01 -4.120815e+00 -1.120503e+02
      vertex   -1.612609e+01 -6.782222e+00 -1.120503e+02
      vertex   -1.573489e+01 -6.799303e+00 -1.120503e+02
    endloop
  endfacet
  facet normal 0.000000e+00 0.000000e+00 1.000000e+00
    outer loop
      vertex   -1.635894e+01 -4.120815e+00 -1.120503e+02
      vertex   -1.573489e+01 -6.799303e+00 -1.120503e+02
      vertex   -1.536143e+01 -6.917053e+00 -1.120503e+02
    endloop
  endfacet
  facet normal -0.000000e+00 -0.000000e+00 1.000000e+00
    outer loop
      vertex   -1.536143e+01 -6.917053e+00 -1.120503e+02
      vertex   -1.503118e+01 -7.127448e+00 -1.120503e+02
      vertex   -1.635894e+01 -4.120815e+00 -1.120503e+02
    endloop
  endfacet
  facet normal 0.000000e+00 0.000000e+00 1.000000e+00
    outer loop
      vertex   -1.458582e+01 -7.763484e+00 -1.120503e+02
      vertex   -1.450107e+01 -8.145781e+00 -1.120503e+02
      vertex   -1.183966e+01 -7.912938e+00 -1.120503e+02
    endloop
  endfacet
  facet normal 0.000000e+00 0.000000e+00 1.000000e+00
    outer loop
      vertex   -1.183966e+01 -7.912938e+00 -1.120503e+02
      vertex   -1.450107e+01 -8.145781e+00 -1.120503e+02
      vertex   -1.451815e+01 -8.536987e+00 -1.120503e+02
    endloop
  endfacet
  facet normal 0.000000e+00 0.000000e+00 1.000000e+00
    outer loop
      vertex   -1.183966e+01 -7.912938e+00 -1.120503e+02
      vertex   -1.451815e+01 -8.536987e+00 -1.120503e+02
      vertex   -1.463590e+01 -8.910442e+00 -1.120503e+02
    endloop
  endfacet
  facet normal -0.000000e+00 0.000000e+00 1.000000e+00
    outer loop
      vertex   -1.463590e+01 -8.910442e+00 -1.120503e+02
      vertex   -1.484629e+01 -9.240696e+00 -1.120503e+02
      vertex   -1.183966e+01 -7.912938e+00 -1.120503e+02
    endloop
  endfacet
  facet normal 0.000000e+00 0.000000e+00 1.000000e+00
    outer loop
      vertex   -1.548233e+01 -9.686053e+00 -1.120503e+02
      vertex   -1.586463e+01 -9.770806e+00 -1.120503e+02
      vertex   -1.563178e+01 -1.243221e+01 -1.120503e+02
    endloop
  endfacet
  facet normal 0.000000e+00 0.000000e+00 1.000000e+00
    outer loop
      vertex   -1.563178e+01 -1.243221e+01 -1.120503e+02
      vertex   -1.586463e+01 -9.770806e+00 -1.120503e+02
      vertex   -1.625583e+01 -9.753726e+00 -1.120503e+02
    endloop
  endfacet
  facet normal 0.000000e+00 0.000000e+00 1.000000e+00
    outer loop
      vertex   -1.563178e+01 -1.243221e+01 -1.120503e+02
      vertex   -1.625583e+01 -9.753726e+00 -1.120503e+02
      vertex   -1.662929e+01 -9.635976e+00 -1.120503e+02
    endloop
  endfacet
  facet normal 0.000000e+00 0.000000e+00 1.000000e+00
    outer loop
      vertex   -1.662929e+01 -9.635976e+00 -1.120503e+02
      vertex   -1.695954e+01 -9.425581e+00 -1.120503e+02
      vertex   -1.563178e+01 -1.243221e+01 -1.120503e+02
    endloop
  endfacet
  facet normal 0.000000e+00 0.000000e+00 1.000000e+00
    outer loop
      vertex   -1.740490e+01 -8.789544e+00 -1.120503e+02
      vertex   -1.748965e+01 -8.407248e+00 -1.120503e+02
      vertex   -2.015106e+01 -8.640091e+00 -1.120503e+02
    endloop
  endfacet
  facet normal 0.000000e+00 0.000000e+00 1.000000e+00
    outer loop
      vertex   -2.015106e+01 -8.640091e+00 -1.120503e+02
      vertex   -1.748965e+01 -8.407248e+00 -1.120503e+02
      vertex   -1.747257e+01 -8.016042e+00 -1.120503e+02
    endloop
  endfacet
  facet normal 0.000000e+00 0.000000e+00 1.000000e+00
    outer loop
      vertex   -2.015106e+01 -8.640091e+00 -1.120503e+02
      vertex   -1.747257e+01 -8.016042e+00 -1.120503e+02
      vertex   -1.735482e+01 -7.642587e+00 -1.120503e+02
    endloop
  endfacet
  facet normal 0.000000e+00 -0.000000e+00 1.000000e+00
    outer loop
      vertex   -1.735482e+01 -7.642587e+00 -1.120503e+02
      vertex   -1.714443e+01 -7.312333e+00 -1.120503e+02
      vertex   -2.015106e+01 -8.640091e+00 -1.120503e+02
    endloop
  endfacet
  facet normal -6.427876e-01 -7.660444e-01 0.000000e+00
    outer loop
      vertex   -1.635894e+01 -4.120815e+00 -1.120503e+02
      vertex   -1.183966e+01 -7.912938e+00 -1.120503e+02
      vertex   -1.635894e+01 -4.120815e+00 -1.100503e+02
    endloop
  endfacet
  facet normal -6.427876e-01 -7.660444e-01 0.000000e+00
    outer loop
      vertex   -1.635894e+01 -4.120815e+00 -1.100503e+02
      vertex   -1.183966e+01 -7.912938e+00 -1.120503e+02
      vertex   -1.183966e+01 -7.912938e+00 -1.100503e+02
    endloop
  endfacet
  facet normal 7.660444e-01 -6.427876e-01 0.000000e+00
    outer loop
      vertex   -2.015106e+01 -8.640091e+00 -1.120503e+02
      vertex   -1.635894e+01 -4.120815e+00 -1.120503e+02
      vertex   -2.015106e+01 -8.640091e+00 -1.100503e+02
    endloop
  endfacet
  facet normal 7.660444e-01 -6.427876e-01 0.000000e+00
    outer loop
      vertex   -2.015106e+01 -8.640091e+00 -1.100503e+02
      vertex   -1.635894e+01 -4.120815e+00 -1.120503e+02
      vertex   -1.635894e+01 -4.120815e+00 -1.100503e+02
    endloop
  endfacet
  facet normal -7.660444e-01 6.427876e-01 0.000000e+00
    outer loop
      vertex   -1.563178e+01 -1.243221e+01 -1.100503e+02
      vertex   -1.183966e+01 -7.912938e+00 -1.100503e+02
      vertex   -1.563178e+01 -1.243221e+01 -1.120503e+02
    endloop
  endfacet
  facet normal -7.660444e-01 6.427876e-01 0.000000e+00
    outer loop
      vertex   -1.563178e+01 -1.243221e+01 -1.120503e+02
      vertex   -1.183966e+01 -7.912938e+00 -1.100503e+02
      vertex   -1.183966e+01 -7.912938e+00 -1.120503e+02
    endloop
  endfacet
  facet normal 8.433914e-01 -5.372996e-01 4.938455e-16
    outer loop
      vertex   -1.038146e+01 -7.032497e+00 -1.100503e+02
      vertex   -1.038146e+01 -7.032497e+00 -1.140503e+02
      vertex   -1.017106e+01 -6.702243e+00 -1.100503e+02
    endloop
  endfacet
  facet normal 8.433914e-01 -5.372996e-01 0.000000e+00
    outer loop
      vertex   -1.017106e+01 -6.702243e+00 -1.100503e+02
      vertex   -1.038146e+01 -7.032497e+00 -1.140503e+02
      vertex   -1.017106e+01 -6.702243e+00 -1.140503e+02
    endloop
  endfacet
  facet normal 6.755902e-01 -7.372773e-01 0.000000e+00
    outer loop
      vertex   -1.017106e+01 -6.702243e+00 -1.100503e+02
      vertex   -1.017106e+01 -6.702243e+00 -1.140503e+02
      vertex   -9.882361e+00 -6.437696e+00 -1.100503e+02
    endloop
  endfacet
  facet normal 6.755902e-01 -7.372773e-01 6.274392e-16
    outer loop
      vertex   -9.882361e+00 -6.437696e+00 -1.100503e+02
      vertex   -1.017106e+01 -6.702243e+00 -1.140503e+02
      vertex   -9.882361e+00 -6.437696e+00 -1.140503e+02
    endloop
  endfacet
  facet normal 4.617486e-01 -8.870108e-01 5.989695e-16
    outer loop
      vertex   -9.882361e+00 -6.437696e+00 -1.100503e+02
      vertex   -9.882361e+00 -6.437696e+00 -1.140503e+02
      vertex   -9.535027e+00 -6.256885e+00 -1.100503e+02
    endloop
  endfacet
  facet normal 4.617486e-01 -8.870108e-01 4.020135e-16
    outer loop
      vertex   -9.535027e+00 -6.256885e+00 -1.100503e+02
      vertex   -9.882361e+00 -6.437696e+00 -1.140503e+02
      vertex   -9.535027e+00 -6.256885e+00 -1.140503e+02
    endloop
  endfacet
  facet normal 2.164396e-01 -9.762960e-01 3.128998e-16
    outer loop
      vertex   -9.535027e+00 -6.256885e+00 -1.100503e+02
      vertex   -9.535027e+00 -6.256885e+00 -1.140503e+02
      vertex   -9.152730e+00 -6.172132e+00 -1.100503e+02
    endloop
  endfacet
  facet normal 2.164396e-01 -9.762960e-01 1.922370e-16
    outer loop
      vertex   -9.152730e+00 -6.172132e+00 -1.100503e+02
      vertex   -9.535027e+00 -6.256885e+00 -1.140503e+02
      vertex   -9.152730e+00 -6.172132e+00 -1.140503e+02
    endloop
  endfacet
  facet normal -4.361939e-02 -9.990482e-01 -3.874180e-17
    outer loop
      vertex   -9.152730e+00 -6.172132e+00 -1.100503e+02
      vertex   -9.152730e+00 -6.172132e+00 -1.140503e+02
      vertex   -8.761524e+00 -6.189212e+00 -1.100503e+02
    endloop
  endfacet
  facet normal -4.361939e-02 -9.990482e-01 -4.436665e-16
    outer loop
      vertex   -8.761524e+00 -6.189212e+00 -1.100503e+02
      vertex   -9.152730e+00 -6.172132e+00 -1.140503e+02
      vertex   -8.761524e+00 -6.189212e+00 -1.140503e+02
    endloop
  endfacet
  facet normal -3.007058e-01 -9.537170e-01 -4.235354e-16
    outer loop
      vertex   -8.761524e+00 -6.189212e+00 -1.100503e+02
      vertex   -8.761524e+00 -6.189212e+00 -1.140503e+02
      vertex   -8.388069e+00 -6.306962e+00 -1.100503e+02
    endloop
  endfacet
  facet normal -3.007058e-01 -9.537170e-01 -4.788481e-16
    outer loop
      vertex   -8.388069e+00 -6.306962e+00 -1.100503e+02
      vertex   -8.761524e+00 -6.189212e+00 -1.140503e+02
      vertex   -8.388069e+00 -6.306962e+00 -1.140503e+02
    endloop
  endfacet
  facet normal -5.372996e-01 -8.433914e-01 -6.644884e-16
    outer loop
      vertex   -8.388069e+00 -6.306962e+00 -1.100503e+02
      vertex   -8.388069e+00 -6.306962e+00 -1.140503e+02
      vertex   -8.057815e+00 -6.517357e+00 -1.100503e+02
    endloop
  endfacet
  facet normal -5.372996e-01 -8.433914e-01 -4.772179e-16
    outer loop
      vertex   -8.057815e+00 -6.517357e+00 -1.100503e+02
      vertex   -8.388069e+00 -6.306962e+00 -1.140503e+02
      vertex   -8.057815e+00 -6.517357e+00 -1.140503e+02
    endloop
  endfacet
  facet normal -7.372773e-01 -6.755902e-01 -6.548338e-16
    outer loop
      vertex   -8.057815e+00 -6.517357e+00 -1.100503e+02
      vertex   -8.057815e+00 -6.517357e+00 -1.140503e+02
      vertex   -7.793268e+00 -6.806059e+00 -1.100503e+02
    endloop
  endfacet
  facet normal -7.372773e-01 -6.755902e-01 -4.637308e-16
    outer loop
      vertex   -7.793268e+00 -6.806059e+00 -1.100503e+02
      vertex   -8.057815e+00 -6.517357e+00 -1.140503e+02
      vertex   -7.793268e+00 -6.806059e+00 -1.140503e+02
    endloop
  endfacet
  facet normal -8.870108e-01 -4.617486e-01 -4.020135e-16
    outer loop
      vertex   -7.793268e+00 -6.806059e+00 -1.100503e+02
      vertex   -7.793268e+00 -6.806059e+00 -1.140503e+02
      vertex   -7.612457e+00 -7.153394e+00 -1.100503e+02
    endloop
  endfacet
  facet normal -8.870108e-01 -4.617486e-01 -3.939119e-16
    outer loop
      vertex   -7.612457e+00 -7.153394e+00 -1.100503e+02
      vertex   -7.793268e+00 -6.806059e+00 -1.140503e+02
      vertex   -7.612457e+00 -7.153394e+00 -1.140503e+02
    endloop
  endfacet
  facet normal -9.762960e-01 -2.164396e-01 -4.335625e-16
    outer loop
      vertex   -7.612457e+00 -7.153394e+00 -1.100503e+02
      vertex   -7.612457e+00 -7.153394e+00 -1.140503e+02
      vertex   -7.527704e+00 -7.535690e+00 -1.100503e+02
    endloop
  endfacet
  facet normal -9.762960e-01 -2.164396e-01 -5.296810e-16
    outer loop
      vertex   -7.527704e+00 -7.535690e+00 -1.100503e+02
      vertex   -7.612457e+00 -7.153394e+00 -1.140503e+02
      vertex   -7.527704e+00 -7.535690e+00 -1.140503e+02
    endloop
  endfacet
  facet normal -9.990482e-01 4.361939e-02 -4.242956e-16
    outer loop
      vertex   -7.527704e+00 -7.535690e+00 -1.100503e+02
      vertex   -7.527704e+00 -7.535690e+00 -1.140503e+02
      vertex   -7.544785e+00 -7.926896e+00 -1.100503e+02
    endloop
  endfacet
  facet normal -9.990482e-01 4.361939e-02 -4.339811e-16
    outer loop
      vertex   -7.544785e+00 -7.926896e+00 -1.100503e+02
      vertex   -7.527704e+00 -7.535690e+00 -1.140503e+02
      vertex   -7.544785e+00 -7.926896e+00 -1.140503e+02
    endloop
  endfacet
  facet normal -9.537170e-01 3.007058e-01 -3.567653e-16
    outer loop
      vertex   -7.544785e+00 -7.926896e+00 -1.100503e+02
      vertex   -7.544785e+00 -7.926896e+00 -1.140503e+02
      vertex   -7.662535e+00 -8.300351e+00 -1.100503e+02
    endloop
  endfacet
  facet normal -9.537170e-01 3.007058e-01 -8.470708e-16
    outer loop
      vertex   -7.662535e+00 -8.300351e+00 -1.100503e+02
      vertex   -7.544785e+00 -7.926896e+00 -1.140503e+02
      vertex   -7.662535e+00 -8.300351e+00 -1.140503e+02
    endloop
  endfacet
  facet normal -8.433914e-01 5.372996e-01 -7.490821e-16
    outer loop
      vertex   -7.662535e+00 -8.300351e+00 -1.100503e+02
      vertex   -7.662535e+00 -8.300351e+00 -1.140503e+02
      vertex   -7.872930e+00 -8.630605e+00 -1.100503e+02
    endloop
  endfacet
  facet normal -8.433914e-01 5.372996e-01 -3.745410e-16
    outer loop
      vertex   -7.872930e+00 -8.630605e+00 -1.100503e+02
      vertex   -7.662535e+00 -8.300351e+00 -1.140503e+02
      vertex   -7.872930e+00 -8.630605e+00 -1.140503e+02
    endloop
  endfacet
  facet normal -6.755902e-01 7.372773e-01 -3.000223e-16
    outer loop
      vertex   -7.872930e+00 -8.630605e+00 -1.100503e+02
      vertex   -7.872930e+00 -8.630605e+00 -1.140503e+02
      vertex   -8.161632e+00 -8.895152e+00 -1.100503e+02
    endloop
  endfacet
  facet normal -6.755902e-01 7.372773e-01 -6.000446e-16
    outer loop
      vertex   -8.161632e+00 -8.895152e+00 -1.100503e+02
      vertex   -7.872930e+00 -8.630605e+00 -1.140503e+02
      vertex   -8.161632e+00 -8.895152e+00 -1.140503e+02
    endloop
  endfacet
  facet normal -4.617486e-01 8.870108e-01 -4.101152e-16
    outer loop
      vertex   -8.161632e+00 -8.895152e+00 -1.100503e+02
      vertex   -8.161632e+00 -8.895152e+00 -1.140503e+02
      vertex   -8.508966e+00 -9.075963e+00 -1.100503e+02
    endloop
  endfacet
  facet normal -4.617486e-01 8.870108e-01 1.888544e-16
    outer loop
      vertex   -8.508966e+00 -9.075963e+00 -1.100503e+02
      vertex   -8.161632e+00 -8.895152e+00 -1.140503e+02
      vertex   -8.508966e+00 -9.075963e+00 -1.140503e+02
    endloop
  endfacet
  facet normal -2.164396e-01 9.762960e-01 3.374440e-16
    outer loop
      vertex   -8.508966e+00 -9.075963e+00 -1.100503e+02
      vertex   -8.508966e+00 -9.075963e+00 -1.140503e+02
      vertex   -8.891263e+00 -9.160716e+00 -1.100503e+02
    endloop
  endfacet
  facet normal -2.164396e-01 9.762960e-01 3.374440e-16
    outer loop
      vertex   -8.891263e+00 -9.160716e+00 -1.100503e+02
      vertex   -8.508966e+00 -9.075963e+00 -1.140503e+02
      vertex   -8.891263e+00 -9.160716e+00 -1.140503e+02
    endloop
  endfacet
  facet normal 4.361939e-02 9.990482e-01 4.630374e-16
    outer loop
      vertex   -8.891263e+00 -9.160716e+00 -1.100503e+02
      vertex   -8.891263e+00 -9.160716e+00 -1.140503e+02
      vertex   -9.282469e+00 -9.143636e+00 -1.100503e+02
    endloop
  endfacet
  facet normal 4.361939e-02 9.990482e-01 3.874180e-17
    outer loop
      vertex   -9.282469e+00 -9.143636e+00 -1.100503e+02
      vertex   -8.891263e+00 -9.160716e+00 -1.140503e+02
      vertex   -9.282469e+00 -9.143636e+00 -1.140503e+02
    endloop
  endfacet
  facet normal 3.007058e-01 9.537170e-01 2.670804e-16
    outer loop
      vertex   -9.282469e+00 -9.143636e+00 -1.100503e+02
      vertex   -9.282469e+00 -9.143636e+00 -1.140503e+02
      vertex   -9.655924e+00 -9.025886e+00 -1.100503e+02
    endloop
  endfacet
  facet normal 3.007058e-01 9.537170e-01 2.670804e-16
    outer loop
      vertex   -9.655924e+00 -9.025886e+00 -1.100503e+02
      vertex   -9.282469e+00 -9.143636e+00 -1.140503e+02
      vertex   -9.655924e+00 -9.025886e+00 -1.140503e+02
    endloop
  endfacet
  facet normal 5.372996e-01 8.433914e-01 4.772179e-16
    outer loop
      vertex   -9.655924e+00 -9.025886e+00 -1.100503e+02
      vertex   -9.655924e+00 -9.025886e+00 -1.140503e+02
      vertex   -9.986178e+00 -8.815491e+00 -1.100503e+02
    endloop
  endfacet
  facet normal 5.372996e-01 8.433914e-01 2.386090e-16
    outer loop
      vertex   -9.986178e+00 -8.815491e+00 -1.100503e+02
      vertex   -9.655924e+00 -9.025886e+00 -1.140503e+02
      vertex   -9.986178e+00 -8.815491e+00 -1.140503e+02
    endloop
  endfacet
  facet normal 7.372773e-01 6.755902e-01 3.274169e-16
    outer loop
      vertex   -9.986178e+00 -8.815491e+00 -1.100503e+02
      vertex   -9.986178e+00 -8.815491e+00 -1.140503e+02
      vertex   -1.025072e+01 -8.526789e+00 -1.100503e+02
    endloop
  endfacet
  facet normal 7.372773e-01 6.755902e-01 3.274169e-16
    outer loop
      vertex   -1.025072e+01 -8.526789e+00 -1.100503e+02
      vertex   -9.986178e+00 -8.815491e+00 -1.140503e+02
      vertex   -1.025072e+01 -8.526789e+00 -1.140503e+02
    endloop
  endfacet
  facet normal 8.870108e-01 4.617486e-01 3.939119e-16
    outer loop
      vertex   -1.025072e+01 -8.526789e+00 -1.100503e+02
      vertex   -1.025072e+01 -8.526789e+00 -1.140503e+02
      vertex   -1.043154e+01 -8.179454e+00 -1.100503e+02
    endloop
  endfacet
  facet normal 8.870108e-01 4.617486e-01 1.888544e-16
    outer loop
      vertex   -1.043154e+01 -8.179454e+00 -1.100503e+02
      vertex   -1.025072e+01 -8.526789e+00 -1.140503e+02
      vertex   -1.043154e+01 -8.179454e+00 -1.140503e+02
    endloop
  endfacet
  facet normal 9.762960e-01 2.164396e-01 3.374440e-16
    outer loop
      vertex   -1.043154e+01 -8.179454e+00 -1.100503e+02
      vertex   -1.043154e+01 -8.179454e+00 -1.140503e+02
      vertex   -1.051629e+01 -7.797158e+00 -1.100503e+02
    endloop
  endfacet
  facet normal 9.762960e-01 2.164396e-01 8.671250e-16
    outer loop
      vertex   -1.051629e+01 -7.797158e+00 -1.100503e+02
      vertex   -1.043154e+01 -8.179454e+00 -1.140503e+02
      vertex   -1.051629e+01 -7.797158e+00 -1.140503e+02
    endloop
  endfacet
  facet normal 9.990482e-01 -4.361939e-02 8.873331e-16
    outer loop
      vertex   -1.051629e+01 -7.797158e+00 -1.100503e+02
      vertex   -1.051629e+01 -7.797158e+00 -1.140503e+02
      vertex   -1.049921e+01 -7.405952e+00 -1.100503e+02
    endloop
  endfacet
  facet normal 9.990482e-01 -4.361939e-02 4.533520e-16
    outer loop
      vertex   -1.049921e+01 -7.405952e+00 -1.100503e+02
      vertex   -1.051629e+01 -7.797158e+00 -1.140503e+02
      vertex   -1.049921e+01 -7.405952e+00 -1.140503e+02
    endloop
  endfacet
  facet normal 9.537170e-01 -3.007058e-01 4.903055e-16
    outer loop
      vertex   -1.049921e+01 -7.405952e+00 -1.100503e+02
      vertex   -1.049921e+01 -7.405952e+00 -1.140503e+02
      vertex   -1.038146e+01 -7.032497e+00 -1.100503e+02
    endloop
  endfacet
  facet normal 9.537170e-01 -3.007058e-01 4.903055e-16
    outer loop
      vertex   -1.038146e+01 -7.032497e+00 -1.100503e+02
      vertex   -1.049921e+01 -7.405952e+00 -1.140503e+02
      vertex   -1.038146e+01 -7.032497e+00 -1.140503e+02
    endloop
  endfacet
  facet normal 8.433914e-01 -5.372996e-01 1.271039e-15
    outer loop
      vertex   -1.796491e+01 -6.692240e-01 -1.100503e+02
      vertex   -1.796491e+01 -6.692240e-01 -1.140503e+02
      vertex   -1.775452e+01 -3.389699e-01 -1.100503e+02
    endloop
  endfacet
  facet normal 8.433914e-01 -5.372996e-01 6.819733e-16
    outer loop
      vertex   -1.775452e+01 -3.389699e-01 -1.100503e+02
      vertex   -1.796491e+01 -6.692240e-01 -1.140503e+02
      vertex   -1.775452e+01 -3.389699e-01 -1.140503e+02
    endloop
  endfacet
  facet normal 6.755902e-01 -7.372773e-01 5.079586e-16
    outer loop
      vertex   -1.775452e+01 -3.389699e-01 -1.100503e+02
      vertex   -1.775452e+01 -3.389699e-01 -1.140503e+02
      vertex   -1.746581e+01 -7.442330e-02 -1.100503e+02
    endloop
  endfacet
  facet normal 6.755902e-01 -7.372773e-01 1.275342e-15
    outer loop
      vertex   -1.746581e+01 -7.442330e-02 -1.100503e+02
      vertex   -1.775452e+01 -3.389699e-01 -1.140503e+02
      vertex   -1.746581e+01 -7.442330e-02 -1.140503e+02
    endloop
  endfacet
  facet normal 4.617486e-01 -8.870108e-01 1.222559e-15
    outer loop
      vertex   -1.746581e+01 -7.442330e-02 -1.100503e+02
      vertex   -1.746581e+01 -7.442330e-02 -1.140503e+02
      vertex   -1.711848e+01 1.063876e-01 -1.100503e+02
    endloop
  endfacet
  facet normal 4.617486e-01 -8.870108e-01 1.194862e-15
    outer loop
      vertex   -1.711848e+01 1.063876e-01 -1.100503e+02
      vertex   -1.746581e+01 -7.442330e-02 -1.140503e+02
      vertex   -1.711848e+01 1.063876e-01 -1.140503e+02
    endloop
  endfacet
  facet normal 2.164396e-01 -9.762960e-01 1.055975e-15
    outer loop
      vertex   -1.711848e+01 1.063876e-01 -1.100503e+02
      vertex   -1.711848e+01 1.063876e-01 -1.140503e+02
      vertex   -1.673618e+01 1.911407e-01 -1.100503e+02
    endloop
  endfacet
  facet normal 2.164396e-01 -9.762960e-01 1.005167e-15
    outer loop
      vertex   -1.673618e+01 1.911407e-01 -1.100503e+02
      vertex   -1.711848e+01 1.063876e-01 -1.140503e+02
      vertex   -1.673618e+01 1.911407e-01 -1.140503e+02
    endloop
  endfacet
  facet normal -4.361939e-02 -9.990482e-01 7.931330e-16
    outer loop
      vertex   -1.673618e+01 1.911407e-01 -1.100503e+02
      vertex   -1.673618e+01 1.911407e-01 -1.140503e+02
      vertex   -1.634498e+01 1.740603e-01 -1.100503e+02
    endloop
  endfacet
  facet normal -4.361939e-02 -9.990482e-01 7.584715e-16
    outer loop
      vertex   -1.634498e+01 1.740603e-01 -1.100503e+02
      vertex   -1.673618e+01 1.911407e-01 -1.140503e+02
      vertex   -1.634498e+01 1.740603e-01 -1.140503e+02
    endloop
  endfacet
  facet normal -3.007058e-01 -9.537170e-01 4.939598e-16
    outer loop
      vertex   -1.634498e+01 1.740603e-01 -1.100503e+02
      vertex   -1.634498e+01 1.740603e-01 -1.140503e+02
      vertex   -1.597152e+01 5.631032e-02 -1.100503e+02
    endloop
  endfacet
  facet normal -3.007058e-01 -9.537170e-01 5.944113e-16
    outer loop
      vertex   -1.597152e+01 5.631032e-02 -1.100503e+02
      vertex   -1.634498e+01 1.740603e-01 -1.140503e+02
      vertex   -1.597152e+01 5.631032e-02 -1.140503e+02
    endloop
  endfacet
  facet normal -5.372996e-01 -8.433914e-01 4.051335e-16
    outer loop
      vertex   -1.597152e+01 5.631032e-02 -1.100503e+02
      vertex   -1.597152e+01 5.631032e-02 -1.140503e+02
      vertex   -1.564127e+01 -1.540847e-01 -1.100503e+02
    endloop
  endfacet
  facet normal -5.372996e-01 -8.433914e-01 -1.356242e-17
    outer loop
      vertex   -1.564127e+01 -1.540847e-01 -1.100503e+02
      vertex   -1.597152e+01 5.631032e-02 -1.140503e+02
      vertex   -1.564127e+01 -1.540847e-01 -1.140503e+02
    endloop
  endfacet
  facet normal -7.372773e-01 -6.755902e-01 -4.197089e-16
    outer loop
      vertex   -1.564127e+01 -1.540847e-01 -1.100503e+02
      vertex   -1.564127e+01 -1.540847e-01 -1.140503e+02
      vertex   -1.537672e+01 -4.427867e-01 -1.100503e+02
    endloop
  endfacet
  facet normal -7.372773e-01 -6.755902e-01 -5.884714e-16
    outer loop
      vertex   -1.537672e+01 -4.427867e-01 -1.100503e+02
      vertex   -1.564127e+01 -1.540847e-01 -1.140503e+02
      vertex   -1.537672e+01 -4.427867e-01 -1.140503e+02
    endloop
  endfacet
  facet normal -8.870108e-01 -4.617486e-01 -9.125978e-16
    outer loop
      vertex   -1.537672e+01 -4.427867e-01 -1.100503e+02
      vertex   -1.537672e+01 -4.427867e-01 -1.140503e+02
      vertex   -1.519591e+01 -7.901211e-01 -1.100503e+02
    endloop
  endfacet
  facet normal -8.870108e-01 -4.617486e-01 -8.997817e-16
    outer loop
      vertex   -1.519591e+01 -7.901211e-01 -1.100503e+02
      vertex   -1.537672e+01 -4.427867e-01 -1.140503e+02
      vertex   -1.519591e+01 -7.901211e-01 -1.140503e+02
    endloop
  endfacet
  facet normal -9.762960e-01 -2.164396e-01 -1.168525e-15
    outer loop
      vertex   -1.519591e+01 -7.901211e-01 -1.100503e+02
      vertex   -1.519591e+01 -7.901211e-01 -1.140503e+02
      vertex   -1.511116e+01 -1.172418e+00 -1.100503e+02
    endloop
  endfacet
  facet normal -9.762960e-01 -2.164396e-01 -7.469769e-16
    outer loop
      vertex   -1.511116e+01 -1.172418e+00 -1.100503e+02
      vertex   -1.519591e+01 -7.901211e-01 -1.140503e+02
      vertex   -1.511116e+01 -1.172418e+00 -1.140503e+02
    endloop
  endfacet
  facet normal -9.990482e-01 4.361939e-02 -9.115467e-16
    outer loop
      vertex   -1.511116e+01 -1.172418e+00 -1.100503e+02
      vertex   -1.511116e+01 -1.172418e+00 -1.140503e+02
      vertex   -1.512824e+01 -1.563624e+00 -1.100503e+02
    endloop
  endfacet
  facet normal -9.990482e-01 4.361939e-02 -9.139681e-16
    outer loop
      vertex   -1.512824e+01 -1.563624e+00 -1.100503e+02
      vertex   -1.511116e+01 -1.172418e+00 -1.140503e+02
      vertex   -1.512824e+01 -1.563624e+00 -1.140503e+02
    endloop
  endfacet
  facet normal -9.537170e-01 3.007058e-01 -1.030689e-15
    outer loop
      vertex   -1.512824e+01 -1.563624e+00 -1.100503e+02
      vertex   -1.512824e+01 -1.563624e+00 -1.140503e+02
      vertex   -1.524599e+01 -1.937079e+00 -1.100503e+02
    endloop
  endfacet
  facet normal -9.537170e-01 3.007058e-01 -1.911144e-15
    outer loop
      vertex   -1.524599e+01 -1.937079e+00 -1.100503e+02
      vertex   -1.512824e+01 -1.563624e+00 -1.140503e+02
      vertex   -1.524599e+01 -1.937079e+00 -1.140503e+02
    endloop
  endfacet
  facet normal -8.433914e-01 5.372996e-01 -1.885904e-15
    outer loop
      vertex   -1.524599e+01 -1.937079e+00 -1.100503e+02
      vertex   -1.524599e+01 -1.937079e+00 -1.140503e+02
      vertex   -1.545638e+01 -2.267333e+00 -1.100503e+02
    endloop
  endfacet
  facet normal -8.433914e-01 5.372996e-01 -1.166648e-15
    outer loop
      vertex   -1.545638e+01 -2.267333e+00 -1.100503e+02
      vertex   -1.524599e+01 -1.937079e+00 -1.140503e+02
      vertex   -1.545638e+01 -2.267333e+00 -1.140503e+02
    endloop
  endfacet
  facet normal -6.755902e-01 7.372773e-01 -1.173024e-15
    outer loop
      vertex   -1.545638e+01 -2.267333e+00 -1.100503e+02
      vertex   -1.545638e+01 -2.267333e+00 -1.140503e+02
      vertex   -1.574508e+01 -2.531879e+00 -1.100503e+02
    endloop
  endfacet
  facet normal -6.755902e-01 7.372773e-01 -1.391192e-15
    outer loop
      vertex   -1.574508e+01 -2.531879e+00 -1.100503e+02
      vertex   -1.545638e+01 -2.267333e+00 -1.140503e+02
      vertex   -1.574508e+01 -2.531879e+00 -1.140503e+02
    endloop
  endfacet
  facet normal -4.617486e-01 8.870108e-01 -1.206041e-15
    outer loop
      vertex   -1.574508e+01 -2.531879e+00 -1.100503e+02
      vertex   -1.574508e+01 -2.531879e+00 -1.140503e+02
      vertex   -1.609242e+01 -2.712690e+00 -1.100503e+02
    endloop
  endfacet
  facet normal -4.617486e-01 8.870108e-01 -1.509576e-15
    outer loop
      vertex   -1.609242e+01 -2.712690e+00 -1.100503e+02
      vertex   -1.574508e+01 -2.531879e+00 -1.140503e+02
      vertex   -1.609242e+01 -2.712690e+00 -1.140503e+02
    endloop
  endfacet
  facet normal -2.164396e-01 9.762960e-01 -1.143208e-15
    outer loop
      vertex   -1.609242e+01 -2.712690e+00 -1.100503e+02
      vertex   -1.609242e+01 -2.712690e+00 -1.140503e+02
      vertex   -1.647472e+01 -2.797443e+00 -1.100503e+02
    endloop
  endfacet
  facet normal -2.164396e-01 9.762960e-01 -9.509714e-16
    outer loop
      vertex   -1.647472e+01 -2.797443e+00 -1.100503e+02
      vertex   -1.609242e+01 -2.712690e+00 -1.140503e+02
      vertex   -1.647472e+01 -2.797443e+00 -1.140503e+02
    endloop
  endfacet
  facet normal 4.361939e-02 9.990482e-01 -7.376746e-16
    outer loop
      vertex   -1.647472e+01 -2.797443e+00 -1.100503e+02
      vertex   -1.647472e+01 -2.797443e+00 -1.140503e+02
      vertex   -1.686592e+01 -2.780363e+00 -1.100503e+02
    endloop
  endfacet
  facet normal 4.361939e-02 9.990482e-01 -7.376746e-16
    outer loop
      vertex   -1.686592e+01 -2.780363e+00 -1.100503e+02
      vertex   -1.647472e+01 -2.797443e+00 -1.140503e+02
      vertex   -1.686592e+01 -2.780363e+00 -1.140503e+02
    endloop
  endfacet
  facet normal 3.007058e-01 9.537170e-01 -4.741066e-16
    outer loop
      vertex   -1.686592e+01 -2.780363e+00 -1.100503e+02
      vertex   -1.686592e+01 -2.780363e+00 -1.140503e+02
      vertex   -1.723938e+01 -2.662613e+00 -1.100503e+02
    endloop
  endfacet
  facet normal 3.007058e-01 9.537170e-01 -5.799904e-16
    outer loop
      vertex   -1.723938e+01 -2.662613e+00 -1.100503e+02
      vertex   -1.686592e+01 -2.780363e+00 -1.140503e+02
      vertex   -1.723938e+01 -2.662613e+00 -1.140503e+02
    endloop
  endfacet
  facet normal 5.372996e-01 8.433914e-01 -2.718642e-16
    outer loop
      vertex   -1.723938e+01 -2.662613e+00 -1.100503e+02
      vertex   -1.723938e+01 -2.662613e+00 -1.140503e+02
      vertex   -1.756963e+01 -2.452218e+00 -1.100503e+02
    endloop
  endfacet
  facet normal 5.372996e-01 8.433914e-01 -2.718642e-16
    outer loop
      vertex   -1.756963e+01 -2.452218e+00 -1.100503e+02
      vertex   -1.723938e+01 -2.662613e+00 -1.140503e+02
      vertex   -1.756963e+01 -2.452218e+00 -1.140503e+02
    endloop
  endfacet
  facet normal 7.372773e-01 6.755902e-01 5.478918e-17
    outer loop
      vertex   -1.756963e+01 -2.452218e+00 -1.100503e+02
      vertex   -1.756963e+01 -2.452218e+00 -1.140503e+02
      vertex   -1.783418e+01 -2.163516e+00 -1.100503e+02
    endloop
  endfacet
  facet normal 7.372773e-01 6.755902e-01 6.346174e-16
    outer loop
      vertex   -1.783418e+01 -2.163516e+00 -1.100503e+02
      vertex   -1.756963e+01 -2.452218e+00 -1.140503e+02
      vertex   -1.783418e+01 -2.163516e+00 -1.140503e+02
    endloop
  endfacet
  facet normal 8.870108e-01 4.617486e-01 1.114268e-15
    outer loop
      vertex   -1.783418e+01 -2.163516e+00 -1.100503e+02
      vertex   -1.783418e+01 -2.163516e+00 -1.140503e+02
      vertex   -1.801499e+01 -1.816182e+00 -1.100503e+02
    endloop
  endfacet
  facet normal 8.870108e-01 4.617486e-01 1.063004e-15
    outer loop
      vertex   -1.801499e+01 -1.816182e+00 -1.100503e+02
      vertex   -1.783418e+01 -2.163516e+00 -1.140503e+02
      vertex   -1.801499e+01 -1.816182e+00 -1.140503e+02
    endloop
  endfacet
  facet normal 9.762960e-01 2.164396e-01 1.493954e-15
    outer loop
      vertex   -1.801499e+01 -1.816182e+00 -1.100503e+02
      vertex   -1.801499e+01 -1.816182e+00 -1.140503e+02
      vertex   -1.809974e+01 -1.433885e+00 -1.100503e+02
    endloop
  endfacet
  facet normal 9.762960e-01 2.164396e-01 6.748881e-16
    outer loop
      vertex   -1.809974e+01 -1.433885e+00 -1.100503e+02
      vertex   -1.801499e+01 -1.816182e+00 -1.140503e+02
      vertex   -1.809974e+01 -1.433885e+00 -1.140503e+02
    endloop
  endfacet
  facet normal 9.990482e-01 -4.361939e-02 9.260749e-16
    outer loop
      vertex   -1.809974e+01 -1.433885e+00 -1.100503e+02
      vertex   -1.809974e+01 -1.433885e+00 -1.140503e+02
      vertex   -1.808266e+01 -1.042679e+00 -1.100503e+02
    endloop
  endfacet
  facet normal 9.990482e-01 -4.361939e-02 9.309176e-16
    outer loop
      vertex   -1.808266e+01 -1.042679e+00 -1.100503e+02
      vertex   -1.809974e+01 -1.433885e+00 -1.140503e+02
      vertex   -1.808266e+01 -1.042679e+00 -1.140503e+02
    endloop
  endfacet
  facet normal 9.537170e-01 -3.007058e-01 1.147536e-15
    outer loop
      vertex   -1.808266e+01 -1.042679e+00 -1.100503e+02
      vertex   -1.808266e+01 -1.042679e+00 -1.140503e+02
      vertex   -1.796491e+01 -6.692240e-01 -1.100503e+02
    endloop
  endfacet
  facet normal 9.537170e-01 -3.007058e-01 1.139190e-15
    outer loop
      vertex   -1.796491e+01 -6.692240e-01 -1.100503e+02
      vertex   -1.808266e+01 -1.042679e+00 -1.140503e+02
      vertex   -1.796491e+01 -6.692240e-01 -1.140503e+02
    endloop
  endfacet
  facet normal 8.433914e-01 -5.372996e-01 0.000000e+00
    outer loop
      vertex   -1.735482e+01 -7.642587e+00 -1.120503e+02
      vertex   -1.735482e+01 -7.642587e+00 -1.140503e+02
      vertex   -1.714443e+01 -7.312333e+00 -1.120503e+02
    endloop
  endfacet
  facet normal 8.433914e-01 -5.372996e-01 0.000000e+00
    outer loop
      vertex   -1.714443e+01 -7.312333e+00 -1.120503e+02
      vertex   -1.735482e+01 -7.642587e+00 -1.140503e+02
      vertex   -1.714443e+01 -7.312333e+00 -1.140503e+02
    endloop
  endfacet
  facet normal 6.755902e-01 -7.372773e-01 0.000000e+00
    outer loop
      vertex   -1.714443e+01 -7.312333e+00 -1.120503e+02
      vertex   -1.714443e+01 -7.312333e+00 -1.140503e+02
      vertex   -1.685572e+01 -7.047786e+00 -1.120503e+02
    endloop
  endfacet
  facet normal 6.755902e-01 -7.372773e-01 0.000000e+00
    outer loop
      vertex   -1.685572e+01 -7.047786e+00 -1.120503e+02
      vertex   -1.714443e+01 -7.312333e+00 -1.140503e+02
      vertex   -1.685572e+01 -7.047786e+00 -1.140503e+02
    endloop
  endfacet
  facet normal 4.617486e-01 -8.870108e-01 0.000000e+00
    outer loop
      vertex   -1.685572e+01 -7.047786e+00 -1.120503e+02
      vertex   -1.685572e+01 -7.047786e+00 -1.140503e+02
      vertex   -1.650839e+01 -6.866975e+00 -1.120503e+02
    endloop
  endfacet
  facet normal 4.617486e-01 -8.870108e-01 0.000000e+00
    outer loop
      vertex   -1.650839e+01 -6.866975e+00 -1.120503e+02
      vertex   -1.685572e+01 -7.047786e+00 -1.140503e+02
      vertex   -1.650839e+01 -6.866975e+00 -1.140503e+02
    endloop
  endfacet
  facet normal 2.164396e-01 -9.762960e-01 0.000000e+00
    outer loop
      vertex   -1.650839e+01 -6.866975e+00 -1.120503e+02
      vertex   -1.650839e+01 -6.866975e+00 -1.140503e+02
      vertex   -1.612609e+01 -6.782222e+00 -1.120503e+02
    endloop
  endfacet
  facet normal 2.164396e-01 -9.762960e-01 0.000000e+00
    outer loop
      vertex   -1.612609e+01 -6.782222e+00 -1.120503e+02
      vertex   -1.650839e+01 -6.866975e+00 -1.140503e+02
      vertex   -1.612609e+01 -6.782222e+00 -1.140503e+02
    endloop
  endfacet
  facet normal -4.361939e-02 -9.990482e-01 -0.000000e+00
    outer loop
      vertex   -1.612609e+01 -6.782222e+00 -1.120503e+02
      vertex   -1.612609e+01 -6.782222e+00 -1.140503e+02
      vertex   -1.573489e+01 -6.799303e+00 -1.120503e+02
    endloop
  endfacet
  facet normal -4.361939e-02 -9.990482e-01 -0.000000e+00
    outer loop
      vertex   -1.573489e+01 -6.799303e+00 -1.120503e+02
      vertex   -1.612609e+01 -6.782222e+00 -1.140503e+02
      vertex   -1.573489e+01 -6.799303e+00 -1.140503e+02
    endloop
  endfacet
  facet normal -3.007058e-01 -9.537170e-01 -0.000000e+00
    outer loop
      vertex   -1.573489e+01 -6.799303e+00 -1.120503e+02
      vertex   -1.573489e+01 -6.799303e+00 -1.140503e+02
      vertex   -1.536143e+01 -6.917053e+00 -1.120503e+02
    endloop
  endfacet
  facet normal -3.007058e-01 -9.537170e-01 -0.000000e+00
    outer loop
      vertex   -1.536143e+01 -6.917053e+00 -1.120503e+02
      vertex   -1.573489e+01 -6.799303e+00 -1.140503e+02
      vertex   -1.536143e+01 -6.917053e+00 -1.140503e+02
    endloop
  endfacet
  facet normal -5.372996e-01 -8.433914e-01 -0.000000e+00
    outer loop
      vertex   -1.536143e+01 -6.917053e+00 -1.120503e+02
      vertex   -1.536143e+01 -6.917053e+00 -1.140503e+02
      vertex   -1.503118e+01 -7.127448e+00 -1.120503e+02
    endloop
  endfacet
  facet normal -5.372996e-01 -8.433914e-01 -0.000000e+00
    outer loop
      vertex   -1.503118e+01 -7.127448e+00 -1.120503e+02
      vertex   -1.536143e+01 -6.917053e+00 -1.140503e+02
      vertex   -1.503118e+01 -7.127448e+00 -1.140503e+02
    endloop
  endfacet
  facet normal -7.372773e-01 -6.755902e-01 -0.000000e+00
    outer loop
      vertex   -1.503118e+01 -7.127448e+00 -1.120503e+02
      vertex   -1.503118e+01 -7.127448e+00 -1.140503e+02
      vertex   -1.476663e+01 -7.416150e+00 -1.120503e+02
    endloop
  endfacet
  facet normal -7.372773e-01 -6.755902e-01 -0.000000e+00
    outer loop
      vertex   -1.476663e+01 -7.416150e+00 -1.120503e+02
      vertex   -1.503118e+01 -7.127448e+00 -1.140503e+02
      vertex   -1.476663e+01 -7.416150e+00 -1.140503e+02
    endloop
  endfacet
  facet normal -8.870108e-01 -4.617486e-01 -0.000000e+00
    outer loop
      vertex   -1.476663e+01 -7.416150e+00 -1.120503e+02
      vertex   -1.476663e+01 -7.416150e+00 -1.140503e+02
      vertex   -1.458582e+01 -7.763484e+00 -1.120503e+02
    endloop
  endfacet
  facet normal -8.870108e-01 -4.617486e-01 -0.000000e+00
    outer loop
      vertex   -1.458582e+01 -7.763484e+00 -1.120503e+02
      vertex   -1.476663e+01 -7.416150e+00 -1.140503e+02
      vertex   -1.458582e+01 -7.763484e+00 -1.140503e+02
    endloop
  endfacet
  facet normal -9.762960e-01 -2.164396e-01 -0.000000e+00
    outer loop
      vertex   -1.458582e+01 -7.763484e+00 -1.120503e+02
      vertex   -1.458582e+01 -7.763484e+00 -1.140503e+02
      vertex   -1.450107e+01 -8.145781e+00 -1.120503e+02
    endloop
  endfacet
  facet normal -9.762960e-01 -2.164396e-01 -0.000000e+00
    outer loop
      vertex   -1.450107e+01 -8.145781e+00 -1.120503e+02
      vertex   -1.458582e+01 -7.763484e+00 -1.140503e+02
      vertex   -1.450107e+01 -8.145781e+00 -1.140503e+02
    endloop
  endfacet
  facet normal -9.990482e-01 4.361939e-02 0.000000e+00
    outer loop
      vertex   -1.450107e+01 -8.145781e+00 -1.120503e+02
      vertex   -1.450107e+01 -8.145781e+00 -1.140503e+02
      vertex   -1.451815e+01 -8.536987e+00 -1.120503e+02
    endloop
  endfacet
  facet normal -9.990482e-01 4.361939e-02 0.000000e+00
    outer loop
      vertex   -1.451815e+01 -8.536987e+00 -1.120503e+02
      vertex   -1.450107e+01 -8.145781e+00 -1.140503e+02
      vertex   -1.451815e+01 -8.536987e+00 -1.140503e+02
    endloop
  endfacet
  facet normal -9.537170e-01 3.007058e-01 0.000000e+00
    outer loop
      vertex   -1.451815e+01 -8.536987e+00 -1.120503e+02
      vertex   -1.451815e+01 -8.536987e+00 -1.140503e+02
      vertex   -1.463590e+01 -8.910442e+00 -1.120503e+02
    endloop
  endfacet
  facet normal -9.537170e-01 3.007058e-01 0.000000e+00
    outer loop
      vertex   -1.463590e+01 -8.910442e+00 -1.120503e+02
      vertex   -1.451815e+01 -8.536987e+00 -1.140503e+02
      vertex   -1.463590e+01 -8.910442e+00 -1.140503e+02
    endloop
  endfacet
  facet normal -8.433914e-01 5.372996e-01 0.000000e+00
    outer loop
      vertex   -1.463590e+01 -8.910442e+00 -1.120503e+02
      vertex   -1.463590e+01 -8.910442e+00 -1.140503e+02
      vertex   -1.484629e+01 -9.240696e+00 -1.120503e+02
    endloop
  endfacet
  facet normal -8.433914e-01 5.372996e-01 0.000000e+00
    outer loop
      vertex   -1.484629e+01 -9.240696e+00 -1.120503e+02
      vertex   -1.463590e+01 -8.910442e+00 -1.140503e+02
      vertex   -1.484629e+01 -9.240696e+00 -1.140503e+02
    endloop
  endfacet
  facet normal -6.755902e-01 7.372773e-01 0.000000e+00
    outer loop
      vertex   -1.484629e+01 -9.240696e+00 -1.120503e+02
      vertex   -1.484629e+01 -9.240696e+00 -1.140503e+02
      vertex   -1.513499e+01 -9.505242e+00 -1.120503e+02
    endloop
  endfacet
  facet normal -6.755902e-01 7.372773e-01 0.000000e+00
    outer loop
      vertex   -1.513499e+01 -9.505242e+00 -1.120503e+02
      vertex   -1.484629e+01 -9.240696e+00 -1.140503e+02
      vertex   -1.513499e+01 -9.505242e+00 -1.140503e+02
    endloop
  endfacet
  facet normal -4.617486e-01 8.870108e-01 0.000000e+00
    outer loop
      vertex   -1.513499e+01 -9.505242e+00 -1.120503e+02
      vertex   -1.513499e+01 -9.505242e+00 -1.140503e+02
      vertex   -1.548233e+01 -9.686053e+00 -1.120503e+02
    endloop
  endfacet
  facet normal -4.617486e-01 8.870108e-01 0.000000e+00
    outer loop
      vertex   -1.548233e+01 -9.686053e+00 -1.120503e+02
      vertex   -1.513499e+01 -9.505242e+00 -1.140503e+02
      vertex   -1.548233e+01 -9.686053e+00 -1.140503e+02
    endloop
  endfacet
  facet normal -2.164396e-01 9.762960e-01 0.000000e+00
    outer loop
      vertex   -1.548233e+01 -9.686053e+00 -1.120503e+02
      vertex   -1.548233e+01 -9.686053e+00 -1.140503e+02
      vertex   -1.586463e+01 -9.770806e+00 -1.120503e+02
    endloop
  endfacet
  facet normal -2.164396e-01 9.762960e-01 0.000000e+00
    outer loop
      vertex   -1.586463e+01 -9.770806e+00 -1.120503e+02
      vertex   -1.548233e+01 -9.686053e+00 -1.140503e+02
      vertex   -1.586463e+01 -9.770806e+00 -1.140503e+02
    endloop
  endfacet
  facet normal 4.361939e-02 9.990482e-01 0.000000e+00
    outer loop
      vertex   -1.586463e+01 -9.770806e+00 -1.120503e+02
      vertex   -1.586463e+01 -9.770806e+00 -1.140503e+02
      vertex   -1.625583e+01 -9.753726e+00 -1.120503e+02
    endloop
  endfacet
  facet normal 4.361939e-02 9.990482e-01 0.000000e+00
    outer loop
      vertex   -1.625583e+01 -9.753726e+00 -1.120503e+02
      vertex   -1.586463e+01 -9.770806e+00 -1.140503e+02
      vertex   -1.625583e+01 -9.753726e+00 -1.140503e+02
    endloop
  endfacet
  facet normal 3.007058e-01 9.537170e-01 0.000000e+00
    outer loop
      vertex   -1.625583e+01 -9.753726e+00 -1.120503e+02
      vertex   -1.625583e+01 -9.753726e+00 -1.140503e+02
      vertex   -1.662929e+01 -9.635976e+00 -1.120503e+02
    endloop
  endfacet
  facet normal 3.007058e-01 9.537170e-01 0.000000e+00
    outer loop
      vertex   -1.662929e+01 -9.635976e+00 -1.120503e+02
      vertex   -1.625583e+01 -9.753726e+00 -1.140503e+02
      vertex   -1.662929e+01 -9.635976e+00 -1.140503e+02
    endloop
  endfacet
  facet normal 5.372996e-01 8.433914e-01 0.000000e+00
    outer loop
      vertex   -1.662929e+01 -9.635976e+00 -1.120503e+02
      vertex   -1.662929e+01 -9.635976e+00 -1.140503e+02
      vertex   -1.695954e+01 -9.425581e+00 -1.120503e+02
    endloop
  endfacet
  facet normal 5.372996e-01 8.433914e-01 0.000000e+00
    outer loop
      vertex   -1.695954e+01 -9.425581e+00 -1.120503e+02
      vertex   -1.662929e+01 -9.635976e+00 -1.140503e+02
      vertex   -1.695954e+01 -9.425581e+00 -1.140503e+02
    endloop
  endfacet
  facet normal 7.372773e-01 6.755902e-01 0.000000e+00
    outer loop
      vertex   -1.695954e+01 -9.425581e+00 -1.120503e+02
      vertex   -1.695954e+01 -9.425581e+00 -1.140503e+02
      vertex   -1.722409e+01 -9.136879e+00 -1.120503e+02
    endloop
  endfacet
  facet normal 7.372773e-01 6.755902e-01 0.000000e+00
    outer loop
      vertex   -1.722409e+01 -9.136879e+00 -1.120503e+02
      vertex   -1.695954e+01 -9.425581e+00 -1.140503e+02
      vertex   -1.722409e+01 -9.136879e+00 -1.140503e+02
    endloop
  endfacet
  facet normal 8.870108e-01 4.617486e-01 0.000000e+00
    outer loop
      vertex   -1.722409e+01 -9.136879e+00 -1.120503e+02
      vertex   -1.722409e+01 -9.136879e+00 -1.140503e+02
      vertex   -1.740490e+01 -8.789544e+00 -1.120503e+02
    endloop
  endfacet
  facet normal 8.870108e-01 4.617486e-01 0.000000e+00
    outer loop
      vertex   -1.740490e+01 -8.789544e+00 -1.120503e+02
      vertex   -1.722409e+01 -9.136879e+00 -1.140503e+02
      vertex   -1.740490e+01 -8.789544e+00 -1.140503e+02
    endloop
  endfacet
  facet normal 9.762960e-01 2.164396e-01 0.000000e+00
    outer loop
      vertex   -1.740490e+01 -8.789544e+00 -1.120503e+02
      vertex   -1.740490e+01 -8.789544e+00 -1.140503e+02
      vertex   -1.748965e+01 -8.407248e+00 -1.120503e+02
    endloop
  endfacet
  facet normal 9.762960e-01 2.164396e-01 0.000000e+00
    outer loop
      vertex   -1.748965e+01 -8.407248e+00 -1.120503e+02
      vertex   -1.740490e+01 -8.789544e+00 -1.140503e+02
      vertex   -1.748965e+01 -8.407248e+00 -1.140503e+02
    endloop
  endfacet
  facet normal 9.990482e-01 -4.361939e-02 0.000000e+00
    outer loop
      vertex   -1.748965e+01 -8.407248e+00 -1.120503e+02
      vertex   -1.748965e+01 -8.407248e+00 -1.140503e+02
      vertex   -1.747257e+01 -8.016042e+00 -1.120503e+02
    endloop
  endfacet
  facet normal 9.990482e-01 -4.361939e-02 0.000000e+00
    outer loop
      vertex   -1.747257e+01 -8.016042e+00 -1.120503e+02
      vertex   -1.748965e+01 -8.407248e+00 -1.140503e+02
      vertex   -1.747257e+01 -8.016042e+00 -1.140503e+02
    endloop
  endfacet
  facet normal 9.537170e-01 -3.007058e-01 0.000000e+00
    outer loop
      vertex   -1.747257e+01 -8.016042e+00 -1.120503e+02
      vertex   -1.747257e+01 -8.016042e+00 -1.140503e+02
      vertex   -1.735482e+01 -7.642587e+00 -1.120503e+02
    endloop
  endfacet
  facet normal 9.537170e-01 -3.007058e-01 0.000000e+00
    outer loop
      vertex   -1.735482e+01 -7.642587e+00 -1.120503e+02
      vertex   -1.747257e+01 -8.016042e+00 -1.140503e+02
      vertex   -1.735482e+01 -7.642587e+00 -1.140503e+02
    endloop
  endfacet
  facet normal 8.433914e-01 -5.372996e-01 2.386090e-16
    outer loop
      vertex   -1.674473e+01 -1.461595e+01 -1.100503e+02
      vertex   -1.674473e+01 -1.461595e+01 -1.140503e+02
      vertex   -1.653434e+01 -1.428570e+01 -1.100503e+02
    endloop
  endfacet
  facet normal 8.433914e-01 -5.372996e-01 0.000000e+00
    outer loop
      vertex   -1.653434e+01 -1.428570e+01 -1.100503e+02
      vertex   -1.674473e+01 -1.461595e+01 -1.140503e+02
      vertex   -1.653434e+01 -1.428570e+01 -1.140503e+02
    endloop
  endfacet
  facet normal 6.755902e-01 -7.372773e-01 0.000000e+00
    outer loop
      vertex   -1.653434e+01 -1.428570e+01 -1.100503e+02
      vertex   -1.653434e+01 -1.428570e+01 -1.140503e+02
      vertex   -1.624563e+01 -1.402115e+01 -1.100503e+02
    endloop
  endfacet
  facet normal 6.755902e-01 -7.372773e-01 3.274169e-16
    outer loop
      vertex   -1.624563e+01 -1.402115e+01 -1.100503e+02
      vertex   -1.653434e+01 -1.428570e+01 -1.140503e+02
      vertex   -1.624563e+01 -1.402115e+01 -1.140503e+02
    endloop
  endfacet
  facet normal 4.617486e-01 -8.870108e-01 3.939119e-16
    outer loop
      vertex   -1.624563e+01 -1.402115e+01 -1.100503e+02
      vertex   -1.624563e+01 -1.402115e+01 -1.140503e+02
      vertex   -1.589830e+01 -1.384034e+01 -1.100503e+02
    endloop
  endfacet
  facet normal 4.617486e-01 -8.870108e-01 0.000000e+00
    outer loop
      vertex   -1.589830e+01 -1.384034e+01 -1.100503e+02
      vertex   -1.624563e+01 -1.402115e+01 -1.140503e+02
      vertex   -1.589830e+01 -1.384034e+01 -1.140503e+02
    endloop
  endfacet
  facet normal 2.164396e-01 -9.762960e-01 0.000000e+00
    outer loop
      vertex   -1.589830e+01 -1.384034e+01 -1.100503e+02
      vertex   -1.589830e+01 -1.384034e+01 -1.140503e+02
      vertex   -1.551600e+01 -1.375559e+01 -1.100503e+02
    endloop
  endfacet
  facet normal 2.164396e-01 -9.762960e-01 0.000000e+00
    outer loop
      vertex   -1.551600e+01 -1.375559e+01 -1.100503e+02
      vertex   -1.589830e+01 -1.384034e+01 -1.140503e+02
      vertex   -1.551600e+01 -1.375559e+01 -1.140503e+02
    endloop
  endfacet
  facet normal -4.361939e-02 -9.990482e-01 -0.000000e+00
    outer loop
      vertex   -1.551600e+01 -1.375559e+01 -1.100503e+02
      vertex   -1.551600e+01 -1.375559e+01 -1.140503e+02
      vertex   -1.512480e+01 -1.377267e+01 -1.100503e+02
    endloop
  endfacet
  facet normal -4.361939e-02 -9.990482e-01 -0.000000e+00
    outer loop
      vertex   -1.512480e+01 -1.377267e+01 -1.100503e+02
      vertex   -1.551600e+01 -1.375559e+01 -1.140503e+02
      vertex   -1.512480e+01 -1.377267e+01 -1.140503e+02
    endloop
  endfacet
  facet normal -3.007058e-01 -9.537170e-01 -0.000000e+00
    outer loop
      vertex   -1.512480e+01 -1.377267e+01 -1.100503e+02
      vertex   -1.512480e+01 -1.377267e+01 -1.140503e+02
      vertex   -1.475134e+01 -1.389042e+01 -1.100503e+02
    endloop
  endfacet
  facet normal -3.007058e-01 -9.537170e-01 -0.000000e+00
    outer loop
      vertex   -1.475134e+01 -1.389042e+01 -1.100503e+02
      vertex   -1.512480e+01 -1.377267e+01 -1.140503e+02
      vertex   -1.475134e+01 -1.389042e+01 -1.140503e+02
    endloop
  endfacet
  facet normal -5.372996e-01 -8.433914e-01 -0.000000e+00
    outer loop
      vertex   -1.475134e+01 -1.389042e+01 -1.100503e+02
      vertex   -1.475134e+01 -1.389042e+01 -1.140503e+02
      vertex   -1.442109e+01 -1.410081e+01 -1.100503e+02
    endloop
  endfacet
  facet normal -5.372996e-01 -8.433914e-01 -0.000000e+00
    outer loop
      vertex   -1.442109e+01 -1.410081e+01 -1.100503e+02
      vertex   -1.475134e+01 -1.389042e+01 -1.140503e+02
      vertex   -1.442109e+01 -1.410081e+01 -1.140503e+02
    endloop
  endfacet
  facet normal -7.372773e-01 -6.755902e-01 -0.000000e+00
    outer loop
      vertex   -1.442109e+01 -1.410081e+01 -1.100503e+02
      vertex   -1.442109e+01 -1.410081e+01 -1.140503e+02
      vertex   -1.415654e+01 -1.438951e+01 -1.100503e+02
    endloop
  endfacet
  facet normal -7.372773e-01 -6.755902e-01 -0.000000e+00
    outer loop
      vertex   -1.415654e+01 -1.438951e+01 -1.100503e+02
      vertex   -1.442109e+01 -1.410081e+01 -1.140503e+02
      vertex   -1.415654e+01 -1.438951e+01 -1.140503e+02
    endloop
  endfacet
  facet normal -8.870108e-01 -4.617486e-01 -0.000000e+00
    outer loop
      vertex   -1.415654e+01 -1.438951e+01 -1.100503e+02
      vertex   -1.415654e+01 -1.438951e+01 -1.140503e+02
      vertex   -1.397573e+01 -1.473685e+01 -1.100503e+02
    endloop
  endfacet
  facet normal -8.870108e-01 -4.617486e-01 -0.000000e+00
    outer loop
      vertex   -1.397573e+01 -1.473685e+01 -1.100503e+02
      vertex   -1.415654e+01 -1.438951e+01 -1.140503e+02
      vertex   -1.397573e+01 -1.473685e+01 -1.140503e+02
    endloop
  endfacet
  facet normal -9.762960e-01 -2.164396e-01 -0.000000e+00
    outer loop
      vertex   -1.397573e+01 -1.473685e+01 -1.100503e+02
      vertex   -1.397573e+01 -1.473685e+01 -1.140503e+02
      vertex   -1.389098e+01 -1.511914e+01 -1.100503e+02
    endloop
  endfacet
  facet normal -9.762960e-01 -2.164396e-01 -0.000000e+00
    outer loop
      vertex   -1.389098e+01 -1.511914e+01 -1.100503e+02
      vertex   -1.397573e+01 -1.473685e+01 -1.140503e+02
      vertex   -1.389098e+01 -1.511914e+01 -1.140503e+02
    endloop
  endfacet
  facet normal -9.990482e-01 4.361939e-02 0.000000e+00
    outer loop
      vertex   -1.389098e+01 -1.511914e+01 -1.100503e+02
      vertex   -1.389098e+01 -1.511914e+01 -1.140503e+02
      vertex   -1.390806e+01 -1.551035e+01 -1.100503e+02
    endloop
  endfacet
  facet normal -9.990482e-01 4.361939e-02 0.000000e+00
    outer loop
      vertex   -1.390806e+01 -1.551035e+01 -1.100503e+02
      vertex   -1.389098e+01 -1.511914e+01 -1.140503e+02
      vertex   -1.390806e+01 -1.551035e+01 -1.140503e+02
    endloop
  endfacet
  facet normal -9.537170e-01 3.007058e-01 0.000000e+00
    outer loop
      vertex   -1.390806e+01 -1.551035e+01 -1.100503e+02
      vertex   -1.390806e+01 -1.551035e+01 -1.140503e+02
      vertex   -1.402581e+01 -1.588380e+01 -1.100503e+02
    endloop
  endfacet
  facet normal -9.537170e-01 3.007058e-01 0.000000e+00
    outer loop
      vertex   -1.402581e+01 -1.588380e+01 -1.100503e+02
      vertex   -1.390806e+01 -1.551035e+01 -1.140503e+02
      vertex   -1.402581e+01 -1.588380e+01 -1.140503e+02
    endloop
  endfacet
  facet normal -8.433914e-01 5.372996e-01 0.000000e+00
    outer loop
      vertex   -1.402581e+01 -1.588380e+01 -1.100503e+02
      vertex   -1.402581e+01 -1.588380e+01 -1.140503e+02
      vertex   -1.423620e+01 -1.621406e+01 -1.100503e+02
    endloop
  endfacet
  facet normal -8.433914e-01 5.372996e-01 0.000000e+00
    outer loop
      vertex   -1.423620e+01 -1.621406e+01 -1.100503e+02
      vertex   -1.402581e+01 -1.588380e+01 -1.140503e+02
      vertex   -1.423620e+01 -1.621406e+01 -1.140503e+02
    endloop
  endfacet
  facet normal -6.755902e-01 7.372773e-01 0.000000e+00
    outer loop
      vertex   -1.423620e+01 -1.621406e+01 -1.100503e+02
      vertex   -1.423620e+01 -1.621406e+01 -1.140503e+02
      vertex   -1.452490e+01 -1.647861e+01 -1.100503e+02
    endloop
  endfacet
  facet normal -6.755902e-01 7.372773e-01 0.000000e+00
    outer loop
      vertex   -1.452490e+01 -1.647861e+01 -1.100503e+02
      vertex   -1.423620e+01 -1.621406e+01 -1.140503e+02
      vertex   -1.452490e+01 -1.647861e+01 -1.140503e+02
    endloop
  endfacet
  facet normal -4.617486e-01 8.870108e-01 0.000000e+00
    outer loop
      vertex   -1.452490e+01 -1.647861e+01 -1.100503e+02
      vertex   -1.452490e+01 -1.647861e+01 -1.140503e+02
      vertex   -1.487224e+01 -1.665942e+01 -1.100503e+02
    endloop
  endfacet
  facet normal -4.617486e-01 8.870108e-01 0.000000e+00
    outer loop
      vertex   -1.487224e+01 -1.665942e+01 -1.100503e+02
      vertex   -1.452490e+01 -1.647861e+01 -1.140503e+02
      vertex   -1.487224e+01 -1.665942e+01 -1.140503e+02
    endloop
  endfacet
  facet normal -2.164396e-01 9.762960e-01 0.000000e+00
    outer loop
      vertex   -1.487224e+01 -1.665942e+01 -1.100503e+02
      vertex   -1.487224e+01 -1.665942e+01 -1.140503e+02
      vertex   -1.525454e+01 -1.674417e+01 -1.100503e+02
    endloop
  endfacet
  facet normal -2.164396e-01 9.762960e-01 0.000000e+00
    outer loop
      vertex   -1.525454e+01 -1.674417e+01 -1.100503e+02
      vertex   -1.487224e+01 -1.665942e+01 -1.140503e+02
      vertex   -1.525454e+01 -1.674417e+01 -1.140503e+02
    endloop
  endfacet
  facet normal 4.361939e-02 9.990482e-01 0.000000e+00
    outer loop
      vertex   -1.525454e+01 -1.674417e+01 -1.100503e+02
      vertex   -1.525454e+01 -1.674417e+01 -1.140503e+02
      vertex   -1.564574e+01 -1.672709e+01 -1.100503e+02
    endloop
  endfacet
  facet normal 4.361939e-02 9.990482e-01 0.000000e+00
    outer loop
      vertex   -1.564574e+01 -1.672709e+01 -1.100503e+02
      vertex   -1.525454e+01 -1.674417e+01 -1.140503e+02
      vertex   -1.564574e+01 -1.672709e+01 -1.140503e+02
    endloop
  endfacet
  facet normal 3.007058e-01 9.537170e-01 0.000000e+00
    outer loop
      vertex   -1.564574e+01 -1.672709e+01 -1.100503e+02
      vertex   -1.564574e+01 -1.672709e+01 -1.140503e+02
      vertex   -1.601920e+01 -1.660934e+01 -1.100503e+02
    endloop
  endfacet
  facet normal 3.007058e-01 9.537170e-01 2.670804e-16
    outer loop
      vertex   -1.601920e+01 -1.660934e+01 -1.100503e+02
      vertex   -1.564574e+01 -1.672709e+01 -1.140503e+02
      vertex   -1.601920e+01 -1.660934e+01 -1.140503e+02
    endloop
  endfacet
  facet normal 5.372996e-01 8.433914e-01 4.772179e-16
    outer loop
      vertex   -1.601920e+01 -1.660934e+01 -1.100503e+02
      vertex   -1.601920e+01 -1.660934e+01 -1.140503e+02
      vertex   -1.634945e+01 -1.639894e+01 -1.100503e+02
    endloop
  endfacet
  facet normal 5.372996e-01 8.433914e-01 0.000000e+00
    outer loop
      vertex   -1.634945e+01 -1.639894e+01 -1.100503e+02
      vertex   -1.601920e+01 -1.660934e+01 -1.140503e+02
      vertex   -1.634945e+01 -1.639894e+01 -1.140503e+02
    endloop
  endfacet
  facet normal 7.372773e-01 6.755902e-01 0.000000e+00
    outer loop
      vertex   -1.634945e+01 -1.639894e+01 -1.100503e+02
      vertex   -1.634945e+01 -1.639894e+01 -1.140503e+02
      vertex   -1.661400e+01 -1.611024e+01 -1.100503e+02
    endloop
  endfacet
  facet normal 7.372773e-01 6.755902e-01 0.000000e+00
    outer loop
      vertex   -1.661400e+01 -1.611024e+01 -1.100503e+02
      vertex   -1.634945e+01 -1.639894e+01 -1.140503e+02
      vertex   -1.661400e+01 -1.611024e+01 -1.140503e+02
    endloop
  endfacet
  facet normal 8.870108e-01 4.617486e-01 0.000000e+00
    outer loop
      vertex   -1.661400e+01 -1.611024e+01 -1.100503e+02
      vertex   -1.661400e+01 -1.611024e+01 -1.140503e+02
      vertex   -1.679481e+01 -1.576291e+01 -1.100503e+02
    endloop
  endfacet
  facet normal 8.870108e-01 4.617486e-01 -4.101152e-16
    outer loop
      vertex   -1.679481e+01 -1.576291e+01 -1.100503e+02
      vertex   -1.661400e+01 -1.611024e+01 -1.140503e+02
      vertex   -1.679481e+01 -1.576291e+01 -1.140503e+02
    endloop
  endfacet
  facet normal 9.762960e-01 2.164396e-01 -1.922370e-16
    outer loop
      vertex   -1.679481e+01 -1.576291e+01 -1.100503e+02
      vertex   -1.679481e+01 -1.576291e+01 -1.140503e+02
      vertex   -1.687956e+01 -1.538061e+01 -1.100503e+02
    endloop
  endfacet
  facet normal 9.762960e-01 2.164396e-01 0.000000e+00
    outer loop
      vertex   -1.687956e+01 -1.538061e+01 -1.100503e+02
      vertex   -1.679481e+01 -1.576291e+01 -1.140503e+02
      vertex   -1.687956e+01 -1.538061e+01 -1.140503e+02
    endloop
  endfacet
  facet normal 9.990482e-01 -4.361939e-02 0.000000e+00
    outer loop
      vertex   -1.687956e+01 -1.538061e+01 -1.100503e+02
      vertex   -1.687956e+01 -1.538061e+01 -1.140503e+02
      vertex   -1.686248e+01 -1.498940e+01 -1.100503e+02
    endloop
  endfacet
  facet normal 9.990482e-01 -4.361939e-02 0.000000e+00
    outer loop
      vertex   -1.686248e+01 -1.498940e+01 -1.100503e+02
      vertex   -1.687956e+01 -1.538061e+01 -1.140503e+02
      vertex   -1.686248e+01 -1.498940e+01 -1.140503e+02
    endloop
  endfacet
  facet normal 9.537170e-01 -3.007058e-01 0.000000e+00
    outer loop
      vertex   -1.686248e+01 -1.498940e+01 -1.100503e+02
      vertex   -1.686248e+01 -1.498940e+01 -1.140503e+02
      vertex   -1.674473e+01 -1.461595e+01 -1.100503e+02
    endloop
  endfacet
  facet normal 9.537170e-01 -3.007058e-01 1.335402e-16
    outer loop
      vertex   -1.674473e+01 -1.461595e+01 -1.100503e+02
      vertex   -1.686248e+01 -1.498940e+01 -1.140503e+02
      vertex   -1.674473e+01 -1.461595e+01 -1.140503e+02
    endloop
  endfacet
  facet normal 8.433914e-01 -5.372996e-01 2.386090e-16
    outer loop
      vertex   -2.432818e+01 -8.252677e+00 -1.100503e+02
      vertex   -2.432818e+01 -8.252677e+00 -1.140503e+02
      vertex   -2.411779e+01 -7.922423e+00 -1.100503e+02
    endloop
  endfacet
  facet normal 8.433914e-01 -5.372996e-01 1.736773e-15
    outer loop
      vertex   -2.411779e+01 -7.922423e+00 -1.100503e+02
      vertex   -2.432818e+01 -8.252677e+00 -1.140503e+02
      vertex   -2.411779e+01 -7.922423e+00 -1.140503e+02
    endloop
  endfacet
  facet normal 6.755902e-01 -7.372773e-01 1.527506e-15
    outer loop
      vertex   -2.411779e+01 -7.922423e+00 -1.100503e+02
      vertex   -2.411779e+01 -7.922423e+00 -1.140503e+02
      vertex   -2.382909e+01 -7.657876e+00 -1.100503e+02
    endloop
  endfacet
  facet normal 6.755902e-01 -7.372773e-01 1.637085e-16
    outer loop
      vertex   -2.382909e+01 -7.657876e+00 -1.100503e+02
      vertex   -2.411779e+01 -7.922423e+00 -1.140503e+02
      vertex   -2.382909e+01 -7.657876e+00 -1.140503e+02
    endloop
  endfacet
  facet normal 4.617486e-01 -8.870108e-01 1.969560e-16
    outer loop
      vertex   -2.382909e+01 -7.657876e+00 -1.100503e+02
      vertex   -2.382909e+01 -7.657876e+00 -1.140503e+02
      vertex   -2.348175e+01 -7.477066e+00 -1.100503e+02
    endloop
  endfacet
  facet normal 4.617486e-01 -8.870108e-01 0.000000e+00
    outer loop
      vertex   -2.348175e+01 -7.477066e+00 -1.100503e+02
      vertex   -2.382909e+01 -7.657876e+00 -1.140503e+02
      vertex   -2.348175e+01 -7.477066e+00 -1.140503e+02
    endloop
  endfacet
  facet normal 2.164396e-01 -9.762960e-01 0.000000e+00
    outer loop
      vertex   -2.348175e+01 -7.477066e+00 -1.100503e+02
      vertex   -2.348175e+01 -7.477066e+00 -1.140503e+02
      vertex   -2.309946e+01 -7.392312e+00 -1.100503e+02
    endloop
  endfacet
  facet normal 2.164396e-01 -9.762960e-01 0.000000e+00
    outer loop
      vertex   -2.309946e+01 -7.392312e+00 -1.100503e+02
      vertex   -2.348175e+01 -7.477066e+00 -1.140503e+02
      vertex   -2.309946e+01 -7.392312e+00 -1.140503e+02
    endloop
  endfacet
  facet normal -4.361939e-02 -9.990482e-01 -0.000000e+00
    outer loop
      vertex   -2.309946e+01 -7.392312e+00 -1.100503e+02
      vertex   -2.309946e+01 -7.392312e+00 -1.140503e+02
      vertex   -2.270825e+01 -7.409393e+00 -1.100503e+02
    endloop
  endfacet
  facet normal -4.361939e-02 -9.990482e-01 -0.000000e+00
    outer loop
      vertex   -2.270825e+01 -7.409393e+00 -1.100503e+02
      vertex   -2.309946e+01 -7.392312e+00 -1.140503e+02
      vertex   -2.270825e+01 -7.409393e+00 -1.140503e+02
    endloop
  endfacet
  facet normal -3.007058e-01 -9.537170e-01 -0.000000e+00
    outer loop
      vertex   -2.270825e+01 -7.409393e+00 -1.100503e+02
      vertex   -2.270825e+01 -7.409393e+00 -1.140503e+02
      vertex   -2.233479e+01 -7.527143e+00 -1.100503e+02
    endloop
  endfacet
  facet normal -3.007058e-01 -9.537170e-01 -0.000000e+00
    outer loop
      vertex   -2.233479e+01 -7.527143e+00 -1.100503e+02
      vertex   -2.270825e+01 -7.409393e+00 -1.140503e+02
      vertex   -2.233479e+01 -7.527143e+00 -1.140503e+02
    endloop
  endfacet
  facet normal -5.372996e-01 -8.433914e-01 -0.000000e+00
    outer loop
      vertex   -2.233479e+01 -7.527143e+00 -1.100503e+02
      vertex   -2.233479e+01 -7.527143e+00 -1.140503e+02
      vertex   -2.200454e+01 -7.737538e+00 -1.100503e+02
    endloop
  endfacet
  facet normal -5.372996e-01 -8.433914e-01 -0.000000e+00
    outer loop
      vertex   -2.200454e+01 -7.737538e+00 -1.100503e+02
      vertex   -2.233479e+01 -7.527143e+00 -1.140503e+02
      vertex   -2.200454e+01 -7.737538e+00 -1.140503e+02
    endloop
  endfacet
  facet normal -7.372773e-01 -6.755902e-01 -0.000000e+00
    outer loop
      vertex   -2.200454e+01 -7.737538e+00 -1.100503e+02
      vertex   -2.200454e+01 -7.737538e+00 -1.140503e+02
      vertex   -2.173999e+01 -8.026240e+00 -1.100503e+02
    endloop
  endfacet
  facet normal -7.372773e-01 -6.755902e-01 -0.000000e+00
    outer loop
      vertex   -2.173999e+01 -8.026240e+00 -1.100503e+02
      vertex   -2.200454e+01 -7.737538e+00 -1.140503e+02
      vertex   -2.173999e+01 -8.026240e+00 -1.140503e+02
    endloop
  endfacet
  facet normal -8.870108e-01 -4.617486e-01 -0.000000e+00
    outer loop
      vertex   -2.173999e+01 -8.026240e+00 -1.100503e+02
      vertex   -2.173999e+01 -8.026240e+00 -1.140503e+02
      vertex   -2.155918e+01 -8.373574e+00 -1.100503e+02
    endloop
  endfacet
  facet normal -8.870108e-01 -4.617486e-01 -7.878239e-16
    outer loop
      vertex   -2.155918e+01 -8.373574e+00 -1.100503e+02
      vertex   -2.173999e+01 -8.026240e+00 -1.140503e+02
      vertex   -2.155918e+01 -8.373574e+00 -1.140503e+02
    endloop
  endfacet
  facet normal -9.762960e-01 -2.164396e-01 -8.671250e-16
    outer loop
      vertex   -2.155918e+01 -8.373574e+00 -1.100503e+02
      vertex   -2.155918e+01 -8.373574e+00 -1.140503e+02
      vertex   -2.147443e+01 -8.755871e+00 -1.100503e+02
    endloop
  endfacet
  facet normal -9.762960e-01 -2.164396e-01 -1.922370e-16
    outer loop
      vertex   -2.147443e+01 -8.755871e+00 -1.100503e+02
      vertex   -2.155918e+01 -8.373574e+00 -1.140503e+02
      vertex   -2.147443e+01 -8.755871e+00 -1.140503e+02
    endloop
  endfacet
  facet normal -9.990482e-01 4.361939e-02 3.874180e-17
    outer loop
      vertex   -2.147443e+01 -8.755871e+00 -1.100503e+02
      vertex   -2.147443e+01 -8.755871e+00 -1.140503e+02
      vertex   -2.149151e+01 -9.147077e+00 -1.100503e+02
    endloop
  endfacet
  facet normal -9.990482e-01 4.361939e-02 0.000000e+00
    outer loop
      vertex   -2.149151e+01 -9.147077e+00 -1.100503e+02
      vertex   -2.147443e+01 -8.755871e+00 -1.140503e+02
      vertex   -2.149151e+01 -9.147077e+00 -1.140503e+02
    endloop
  endfacet
  facet normal -9.537170e-01 3.007058e-01 0.000000e+00
    outer loop
      vertex   -2.149151e+01 -9.147077e+00 -1.100503e+02
      vertex   -2.149151e+01 -9.147077e+00 -1.140503e+02
      vertex   -2.160926e+01 -9.520532e+00 -1.100503e+02
    endloop
  endfacet
  facet normal -9.537170e-01 3.007058e-01 0.000000e+00
    outer loop
      vertex   -2.160926e+01 -9.520532e+00 -1.100503e+02
      vertex   -2.149151e+01 -9.147077e+00 -1.140503e+02
      vertex   -2.160926e+01 -9.520532e+00 -1.140503e+02
    endloop
  endfacet
  facet normal -8.433914e-01 5.372996e-01 0.000000e+00
    outer loop
      vertex   -2.160926e+01 -9.520532e+00 -1.100503e+02
      vertex   -2.160926e+01 -9.520532e+00 -1.140503e+02
      vertex   -2.181966e+01 -9.850786e+00 -1.100503e+02
    endloop
  endfacet
  facet normal -8.433914e-01 5.372996e-01 0.000000e+00
    outer loop
      vertex   -2.181966e+01 -9.850786e+00 -1.100503e+02
      vertex   -2.160926e+01 -9.520532e+00 -1.140503e+02
      vertex   -2.181966e+01 -9.850786e+00 -1.140503e+02
    endloop
  endfacet
  facet normal -6.755902e-01 7.372773e-01 0.000000e+00
    outer loop
      vertex   -2.181966e+01 -9.850786e+00 -1.100503e+02
      vertex   -2.181966e+01 -9.850786e+00 -1.140503e+02
      vertex   -2.210836e+01 -1.011533e+01 -1.100503e+02
    endloop
  endfacet
  facet normal -6.755902e-01 7.372773e-01 3.274169e-16
    outer loop
      vertex   -2.210836e+01 -1.011533e+01 -1.100503e+02
      vertex   -2.181966e+01 -9.850786e+00 -1.140503e+02
      vertex   -2.210836e+01 -1.011533e+01 -1.140503e+02
    endloop
  endfacet
  facet normal -4.617486e-01 8.870108e-01 3.939119e-16
    outer loop
      vertex   -2.210836e+01 -1.011533e+01 -1.100503e+02
      vertex   -2.210836e+01 -1.011533e+01 -1.140503e+02
      vertex   -2.245569e+01 -1.029614e+01 -1.100503e+02
    endloop
  endfacet
  facet normal -4.617486e-01 8.870108e-01 7.878239e-16
    outer loop
      vertex   -2.245569e+01 -1.029614e+01 -1.100503e+02
      vertex   -2.210836e+01 -1.011533e+01 -1.140503e+02
      vertex   -2.245569e+01 -1.029614e+01 -1.140503e+02
    endloop
  endfacet
  facet normal -2.164396e-01 9.762960e-01 8.671250e-16
    outer loop
      vertex   -2.245569e+01 -1.029614e+01 -1.100503e+02
      vertex   -2.245569e+01 -1.029614e+01 -1.140503e+02
      vertex   -2.283799e+01 -1.038090e+01 -1.100503e+02
    endloop
  endfacet
  facet normal -2.164396e-01 9.762960e-01 -4.335625e-16
    outer loop
      vertex   -2.283799e+01 -1.038090e+01 -1.100503e+02
      vertex   -2.245569e+01 -1.029614e+01 -1.140503e+02
      vertex   -2.283799e+01 -1.038090e+01 -1.140503e+02
    endloop
  endfacet
  facet normal 4.361939e-02 9.990482e-01 -4.436665e-16
    outer loop
      vertex   -2.283799e+01 -1.038090e+01 -1.100503e+02
      vertex   -2.283799e+01 -1.038090e+01 -1.140503e+02
      vertex   -2.322919e+01 -1.036382e+01 -1.100503e+02
    endloop
  endfacet
  facet normal 4.361939e-02 9.990482e-01 -4.049247e-16
    outer loop
      vertex   -2.322919e+01 -1.036382e+01 -1.100503e+02
      vertex   -2.283799e+01 -1.038090e+01 -1.140503e+02
      vertex   -2.322919e+01 -1.036382e+01 -1.140503e+02
    endloop
  endfacet
  facet normal 3.007058e-01 9.537170e-01 -1.564550e-16
    outer loop
      vertex   -2.322919e+01 -1.036382e+01 -1.100503e+02
      vertex   -2.322919e+01 -1.036382e+01 -1.140503e+02
      vertex   -2.360265e+01 -1.024607e+01 -1.100503e+02
    endloop
  endfacet
  facet normal 3.007058e-01 9.537170e-01 -4.235354e-16
    outer loop
      vertex   -2.360265e+01 -1.024607e+01 -1.100503e+02
      vertex   -2.322919e+01 -1.036382e+01 -1.140503e+02
      vertex   -2.360265e+01 -1.024607e+01 -1.140503e+02
    endloop
  endfacet
  facet normal 5.372996e-01 8.433914e-01 -3.745410e-16
    outer loop
      vertex   -2.360265e+01 -1.024607e+01 -1.100503e+02
      vertex   -2.360265e+01 -1.024607e+01 -1.140503e+02
      vertex   -2.393290e+01 -1.003567e+01 -1.100503e+02
    endloop
  endfacet
  facet normal 5.372996e-01 8.433914e-01 0.000000e+00
    outer loop
      vertex   -2.393290e+01 -1.003567e+01 -1.100503e+02
      vertex   -2.360265e+01 -1.024607e+01 -1.140503e+02
      vertex   -2.393290e+01 -1.003567e+01 -1.140503e+02
    endloop
  endfacet
  facet normal 7.372773e-01 6.755902e-01 0.000000e+00
    outer loop
      vertex   -2.393290e+01 -1.003567e+01 -1.100503e+02
      vertex   -2.393290e+01 -1.003567e+01 -1.140503e+02
      vertex   -2.419745e+01 -9.746969e+00 -1.100503e+02
    endloop
  endfacet
  facet normal 7.372773e-01 6.755902e-01 0.000000e+00
    outer loop
      vertex   -2.419745e+01 -9.746969e+00 -1.100503e+02
      vertex   -2.393290e+01 -1.003567e+01 -1.140503e+02
      vertex   -2.419745e+01 -9.746969e+00 -1.140503e+02
    endloop
  endfacet
  facet normal 8.870108e-01 4.617486e-01 0.000000e+00
    outer loop
      vertex   -2.419745e+01 -9.746969e+00 -1.100503e+02
      vertex   -2.419745e+01 -9.746969e+00 -1.140503e+02
      vertex   -2.437826e+01 -9.399635e+00 -1.100503e+02
    endloop
  endfacet
  facet normal 8.870108e-01 4.617486e-01 -2.050576e-16
    outer loop
      vertex   -2.437826e+01 -9.399635e+00 -1.100503e+02
      vertex   -2.419745e+01 -9.746969e+00 -1.140503e+02
      vertex   -2.437826e+01 -9.399635e+00 -1.140503e+02
    endloop
  endfacet
  facet normal 9.762960e-01 2.164396e-01 -9.611850e-17
    outer loop
      vertex   -2.437826e+01 -9.399635e+00 -1.100503e+02
      vertex   -2.437826e+01 -9.399635e+00 -1.140503e+02
      vertex   -2.446301e+01 -9.017338e+00 -1.100503e+02
    endloop
  endfacet
  facet normal 9.762960e-01 2.164396e-01 0.000000e+00
    outer loop
      vertex   -2.446301e+01 -9.017338e+00 -1.100503e+02
      vertex   -2.437826e+01 -9.399635e+00 -1.140503e+02
      vertex   -2.446301e+01 -9.017338e+00 -1.140503e+02
    endloop
  endfacet
  facet normal 9.990482e-01 -4.361939e-02 0.000000e+00
    outer loop
      vertex   -2.446301e+01 -9.017338e+00 -1.100503e+02
      vertex   -2.446301e+01 -9.017338e+00 -1.140503e+02
      vertex   -2.444593e+01 -8.626132e+00 -1.100503e+02
    endloop
  endfacet
  facet normal 9.990482e-01 -4.361939e-02 0.000000e+00
    outer loop
      vertex   -2.444593e+01 -8.626132e+00 -1.100503e+02
      vertex   -2.446301e+01 -9.017338e+00 -1.140503e+02
      vertex   -2.444593e+01 -8.626132e+00 -1.140503e+02
    endloop
  endfacet
  facet normal 9.537170e-01 -3.007058e-01 0.000000e+00
    outer loop
      vertex   -2.444593e+01 -8.626132e+00 -1.100503e+02
      vertex   -2.444593e+01 -8.626132e+00 -1.140503e+02
      vertex   -2.432818e+01 -8.252677e+00 -1.100503e+02
    endloop
  endfacet
  facet normal 9.537170e-01 -3.007058e-01 1.335402e-16
    outer loop
      vertex   -2.432818e+01 -8.252677e+00 -1.100503e+02
      vertex   -2.444593e+01 -8.626132e+00 -1.140503e+02
      vertex   -2.432818e+01 -8.252677e+00 -1.140503e+02
    endloop
  endfacet
  facet normal 2.320224e-15 -2.233819e-15 -1.000000e+00
    outer loop
      vertex   -2.270919e+01 -8.654107e-01 -1.140503e+02
      vertex   -1.783418e+01 -2.163516e+00 -1.140503e+02
      vertex   -2.365580e+01 -1.848638e+00 -1.140503e+02
    endloop
  endfacet
  facet normal 2.335069e-15 -1.959355e-15 -1.000000e+00
    outer loop
      vertex   -2.365580e+01 -1.848638e+00 -1.140503e+02
      vertex   -1.783418e+01 -2.163516e+00 -1.140503e+02
      vertex   -2.233479e+01 -7.527143e+00 -1.140503e+02
    endloop
  endfacet
  facet normal 2.602785e-15 -1.897076e-15 -1.000000e+00
    outer loop
      vertex   -2.365580e+01 -1.848638e+00 -1.140503e+02
      vertex   -2.233479e+01 -7.527143e+00 -1.140503e+02
      vertex   -2.445972e+01 -2.951605e+00 -1.140503e+02
    endloop
  endfacet
  facet normal -1.147255e-15 -3.638628e-15 -1.000000e+00
    outer loop
      vertex   -2.445972e+01 -2.951605e+00 -1.140503e+02
      vertex   -2.233479e+01 -7.527143e+00 -1.140503e+02
      vertex   -2.270825e+01 -7.409393e+00 -1.140503e+02
    endloop
  endfacet
  facet normal 3.426108e-15 -1.841752e-15 -1.000000e+00
    outer loop
      vertex   -2.445972e+01 -2.951605e+00 -1.140503e+02
      vertex   -2.270825e+01 -7.409393e+00 -1.140503e+02
      vertex   -2.510595e+01 -4.153764e+00 -1.140503e+02
    endloop
  endfacet
  facet normal -1.969123e-16 -4.510033e-15 -1.000000e+00
    outer loop
      vertex   -2.510595e+01 -4.153764e+00 -1.140503e+02
      vertex   -2.270825e+01 -7.409393e+00 -1.140503e+02
      vertex   -2.309946e+01 -7.392312e+00 -1.140503e+02
    endloop
  endfacet
  facet normal 4.422729e-15 -1.647855e-15 -1.000000e+00
    outer loop
      vertex   -2.510595e+01 -4.153764e+00 -1.140503e+02
      vertex   -2.309946e+01 -7.392312e+00 -1.140503e+02
      vertex   -2.558248e+01 -5.432723e+00 -1.140503e+02
    endloop
  endfacet
  facet normal 1.255136e-15 -5.661555e-15 -1.000000e+00
    outer loop
      vertex   -2.558248e+01 -5.432723e+00 -1.140503e+02
      vertex   -2.309946e+01 -7.392312e+00 -1.140503e+02
      vertex   -2.348175e+01 -7.477066e+00 -1.140503e+02
    endloop
  endfacet
  facet normal 2.357525e-15 -4.528763e-15 -1.000000e+00
    outer loop
      vertex   -2.558248e+01 -5.432723e+00 -1.140503e+02
      vertex   -2.348175e+01 -7.477066e+00 -1.140503e+02
      vertex   -2.382909e+01 -7.657876e+00 -1.140503e+02
    endloop
  endfacet
  facet normal 3.384131e-15 1.761667e-15 -1.000000e+00
    outer loop
      vertex   -1.783418e+01 -2.163516e+00 -1.140503e+02
      vertex   -2.270919e+01 -8.654107e-01 -1.140503e+02
      vertex   -1.801499e+01 -1.816182e+00 -1.140503e+02
    endloop
  endfacet
  facet normal 2.408709e-15 -3.054241e-15 -1.000000e+00
    outer loop
      vertex   -1.801499e+01 -1.816182e+00 -1.140503e+02
      vertex   -2.270919e+01 -8.654107e-01 -1.140503e+02
      vertex   -2.163751e+01 -2.023806e-02 -1.140503e+02
    endloop
  endfacet
  facet normal 4.407322e-15 9.770798e-16 -1.000000e+00
    outer loop
      vertex   -1.801499e+01 -1.816182e+00 -1.140503e+02
      vertex   -2.163751e+01 -2.023806e-02 -1.140503e+02
      vertex   -1.809974e+01 -1.433885e+00 -1.140503e+02
    endloop
  endfacet
  facet normal 2.390819e-15 -4.069391e-15 -1.000000e+00
    outer loop
      vertex   -1.809974e+01 -1.433885e+00 -1.140503e+02
      vertex   -2.163751e+01 -2.023806e-02 -1.140503e+02
      vertex   -2.046073e+01 6.711358e-01 -1.140503e+02
    endloop
  endfacet
  facet normal 5.793495e-15 -2.529495e-16 -1.000000e+00
    outer loop
      vertex   -1.809974e+01 -1.433885e+00 -1.140503e+02
      vertex   -2.046073e+01 6.711358e-01 -1.140503e+02
      vertex   -1.808266e+01 -1.042679e+00 -1.140503e+02
    endloop
  endfacet
  facet normal 4.869340e-15 -1.535297e-15 -1.000000e+00
    outer loop
      vertex   -1.808266e+01 -1.042679e+00 -1.140503e+02
      vertex   -2.046073e+01 6.711358e-01 -1.140503e+02
      vertex   -1.796491e+01 -6.692240e-01 -1.140503e+02
    endloop
  endfacet
  facet normal 2.486827e-15 -5.971664e-15 -1.000000e+00
    outer loop
      vertex   -1.796491e+01 -6.692240e-01 -1.140503e+02
      vertex   -2.046073e+01 6.711358e-01 -1.140503e+02
      vertex   -1.920077e+01 1.195832e+00 -1.140503e+02
    endloop
  endfacet
  facet normal 5.862489e-15 -3.734818e-15 -1.000000e+00
    outer loop
      vertex   -1.796491e+01 -6.692240e-01 -1.140503e+02
      vertex   -1.920077e+01 1.195832e+00 -1.140503e+02
      vertex   -1.775452e+01 -3.389699e-01 -1.140503e+02
    endloop
  endfacet
  facet normal 4.553015e-15 -4.968744e-15 -1.000000e+00
    outer loop
      vertex   -1.775452e+01 -3.389699e-01 -1.140503e+02
      vertex   -1.920077e+01 1.195832e+00 -1.140503e+02
      vertex   -1.746581e+01 -7.442330e-02 -1.140503e+02
    endloop
  endfacet
  facet normal 2.170062e-15 -8.223460e-15 -1.000000e+00
    outer loop
      vertex   -1.746581e+01 -7.442330e-02 -1.140503e+02
      vertex   -1.920077e+01 1.195832e+00 -1.140503e+02
      vertex   -1.788110e+01 1.544076e+00 -1.140503e+02
    endloop
  endfacet
  facet normal 4.032144e-15 -7.745677e-15 -1.000000e+00
    outer loop
      vertex   -1.746581e+01 -7.442330e-02 -1.140503e+02
      vertex   -1.788110e+01 1.544076e+00 -1.140503e+02
      vertex   -1.711848e+01 1.063876e-01 -1.140503e+02
    endloop
  endfacet
  facet normal 1.132740e-15 -9.283658e-15 -1.000000e+00
    outer loop
      vertex   -1.711848e+01 1.063876e-01 -1.140503e+02
      vertex   -1.788110e+01 1.544076e+00 -1.140503e+02
      vertex   -1.652630e+01 1.709381e+00 -1.140503e+02
    endloop
  endfacet
  facet normal 2.140688e-15 -9.656018e-15 -1.000000e+00
    outer loop
      vertex   -1.711848e+01 1.063876e-01 -1.140503e+02
      vertex   -1.652630e+01 1.709381e+00 -1.140503e+02
      vertex   -1.673618e+01 1.911407e-01 -1.140503e+02
    endloop
  endfacet
  facet normal -4.062181e-16 -9.303925e-15 -1.000000e+00
    outer loop
      vertex   -1.673618e+01 1.911407e-01 -1.140503e+02
      vertex   -1.652630e+01 1.709381e+00 -1.140503e+02
      vertex   -1.634498e+01 1.740603e-01 -1.140503e+02
    endloop
  endfacet
  facet normal -3.031264e-15 -9.613940e-15 -1.000000e+00
    outer loop
      vertex   -1.634498e+01 1.740603e-01 -1.140503e+02
      vertex   -1.652630e+01 1.709381e+00 -1.140503e+02
      vertex   -1.597152e+01 5.631032e-02 -1.140503e+02
    endloop
  endfacet
  facet normal -1.311473e-16 -8.640654e-15 -1.000000e+00
    outer loop
      vertex   -1.597152e+01 5.631032e-02 -1.140503e+02
      vertex   -1.652630e+01 1.709381e+00 -1.140503e+02
      vertex   -1.516161e+01 1.688668e+00 -1.140503e+02
    endloop
  endfacet
  facet normal -4.214114e-15 -6.614834e-15 -1.000000e+00
    outer loop
      vertex   -1.597152e+01 5.631032e-02 -1.140503e+02
      vertex   -1.516161e+01 1.688668e+00 -1.140503e+02
      vertex   -1.564127e+01 -1.540847e-01 -1.140503e+02
    endloop
  endfacet
  facet normal -1.134308e-15 -7.416498e-15 -1.000000e+00
    outer loop
      vertex   -1.564127e+01 -1.540847e-01 -1.140503e+02
      vertex   -1.516161e+01 1.688668e+00 -1.140503e+02
      vertex   -1.381245e+01 1.482322e+00 -1.140503e+02
    endloop
  endfacet
  facet normal -4.269687e-15 -3.912447e-15 -1.000000e+00
    outer loop
      vertex   -1.564127e+01 -1.540847e-01 -1.140503e+02
      vertex   -1.381245e+01 1.482322e+00 -1.140503e+02
      vertex   -1.537672e+01 -4.427867e-01 -1.140503e+02
    endloop
  endfacet
  facet normal -5.537220e-15 -2.882494e-15 -1.000000e+00
    outer loop
      vertex   -1.537672e+01 -4.427867e-01 -1.140503e+02
      vertex   -1.381245e+01 1.482322e+00 -1.140503e+02
      vertex   -1.519591e+01 -7.901211e-01 -1.140503e+02
    endloop
  endfacet
  facet normal -1.571227e-15 -5.296993e-15 -1.000000e+00
    outer loop
      vertex   -1.519591e+01 -7.901211e-01 -1.140503e+02
      vertex   -1.381245e+01 1.482322e+00 -1.140503e+02
      vertex   -1.250395e+01 1.094188e+00 -1.140503e+02
    endloop
  endfacet
  facet normal -4.569844e-15 -1.013110e-15 -1.000000e+00
    outer loop
      vertex   -1.519591e+01 -7.901211e-01 -1.140503e+02
      vertex   -1.250395e+01 1.094188e+00 -1.140503e+02
      vertex   -1.511116e+01 -1.172418e+00 -1.140503e+02
    endloop
  endfacet
  facet normal -1.865913e-15 -4.123360e-15 -1.000000e+00
    outer loop
      vertex   -1.511116e+01 -1.172418e+00 -1.140503e+02
      vertex   -1.250395e+01 1.094188e+00 -1.140503e+02
      vertex   -1.126049e+01 5.314950e-01 -1.140503e+02
    endloop
  endfacet
  facet normal -3.763197e-15 1.643047e-16 -1.000000e+00
    outer loop
      vertex   -1.511116e+01 -1.172418e+00 -1.140503e+02
      vertex   -1.126049e+01 5.314950e-01 -1.140503e+02
      vertex   -1.512824e+01 -1.563624e+00 -1.140503e+02
    endloop
  endfacet
  facet normal -1.974251e-15 -3.138225e-15 -1.000000e+00
    outer loop
      vertex   -1.512824e+01 -1.563624e+00 -1.140503e+02
      vertex   -1.126049e+01 5.314950e-01 -1.140503e+02
      vertex   -1.010524e+01 -1.952743e-01 -1.140503e+02
    endloop
  endfacet
  facet normal -3.094992e-15 9.758474e-16 -1.000000e+00
    outer loop
      vertex   -1.512824e+01 -1.563624e+00 -1.140503e+02
      vertex   -1.010524e+01 -1.952743e-01 -1.140503e+02
      vertex   -1.524599e+01 -1.937079e+00 -1.140503e+02
    endloop
  endfacet
  facet normal -1.969202e-15 -2.346804e-15 -1.000000e+00
    outer loop
      vertex   -1.524599e+01 -1.937079e+00 -1.140503e+02
      vertex   -1.010524e+01 -1.952743e-01 -1.140503e+02
      vertex   -9.059701e+00 -1.072582e+00 -1.140503e+02
    endloop
  endfacet
  facet normal -2.347455e-15 3.599471e-16 -1.000000e+00
    outer loop
      vertex   -1.524599e+01 -1.937079e+00 -1.140503e+02
      vertex   -9.059701e+00 -1.072582e+00 -1.140503e+02
      vertex   -9.882361e+00 -6.437696e+00 -1.140503e+02
    endloop
  endfacet
  facet normal 0.000000e+00 0.000000e+00 -1.000000e+00
    outer loop
      vertex   -9.882361e+00 -6.437696e+00 -1.140503e+02
      vertex   -9.059701e+00 -1.072582e+00 -1.140503e+02
      vertex   -9.535027e+00 -6.256885e+00 -1.140503e+02
    endloop
  endfacet
  facet normal 0.000000e+00 0.000000e+00 -1.000000e+00
    outer loop
      vertex   -9.535027e+00 -6.256885e+00 -1.140503e+02
      vertex   -9.059701e+00 -1.072582e+00 -1.140503e+02
      vertex   -8.143365e+00 -2.084085e+00 -1.140503e+02
    endloop
  endfacet
  facet normal 0.000000e+00 0.000000e+00 -1.000000e+00
    outer loop
      vertex   -9.535027e+00 -6.256885e+00 -1.140503e+02
      vertex   -8.143365e+00 -2.084085e+00 -1.140503e+02
      vertex   -9.152730e+00 -6.172132e+00 -1.140503e+02
    endloop
  endfacet
  facet normal 0.000000e+00 0.000000e+00 -1.000000e+00
    outer loop
      vertex   -9.152730e+00 -6.172132e+00 -1.140503e+02
      vertex   -8.143365e+00 -2.084085e+00 -1.140503e+02
      vertex   -7.373296e+00 -3.210941e+00 -1.140503e+02
    endloop
  endfacet
  facet normal 0.000000e+00 0.000000e+00 -1.000000e+00
    outer loop
      vertex   -9.152730e+00 -6.172132e+00 -1.140503e+02
      vertex   -7.373296e+00 -3.210941e+00 -1.140503e+02
      vertex   -8.761524e+00 -6.189212e+00 -1.140503e+02
    endloop
  endfacet
  facet normal 0.000000e+00 0.000000e+00 -1.000000e+00
    outer loop
      vertex   -8.761524e+00 -6.189212e+00 -1.140503e+02
      vertex   -7.373296e+00 -3.210941e+00 -1.140503e+02
      vertex   -6.763840e+00 -4.432160e+00 -1.140503e+02
    endloop
  endfacet
  facet normal 0.000000e+00 0.000000e+00 -1.000000e+00
    outer loop
      vertex   -8.761524e+00 -6.189212e+00 -1.140503e+02
      vertex   -6.763840e+00 -4.432160e+00 -1.140503e+02
      vertex   -8.388069e+00 -6.306962e+00 -1.140503e+02
    endloop
  endfacet
  facet normal 0.000000e+00 0.000000e+00 -1.000000e+00
    outer loop
      vertex   -8.388069e+00 -6.306962e+00 -1.140503e+02
      vertex   -6.763840e+00 -4.432160e+00 -1.140503e+02
      vertex   -8.057815e+00 -6.517357e+00 -1.140503e+02
    endloop
  endfacet
  facet normal 0.000000e+00 0.000000e+00 -1.000000e+00
    outer loop
      vertex   -8.057815e+00 -6.517357e+00 -1.140503e+02
      vertex   -6.763840e+00 -4.432160e+00 -1.140503e+02
      vertex   -6.326350e+00 -5.724991e+00 -1.140503e+02
    endloop
  endfacet
  facet normal 0.000000e+00 0.000000e+00 -1.000000e+00
    outer loop
      vertex   -8.057815e+00 -6.517357e+00 -1.140503e+02
      vertex   -6.326350e+00 -5.724991e+00 -1.140503e+02
      vertex   -7.793268e+00 -6.806059e+00 -1.140503e+02
    endloop
  endfacet
  facet normal 0.000000e+00 0.000000e+00 -1.000000e+00
    outer loop
      vertex   -7.793268e+00 -6.806059e+00 -1.140503e+02
      vertex   -6.326350e+00 -5.724991e+00 -1.140503e+02
      vertex   -6.068976e+00 -7.065353e+00 -1.140503e+02
    endloop
  endfacet
  facet normal 0.000000e+00 0.000000e+00 -1.000000e+00
    outer loop
      vertex   -7.793268e+00 -6.806059e+00 -1.140503e+02
      vertex   -6.068976e+00 -7.065353e+00 -1.140503e+02
      vertex   -7.612457e+00 -7.153394e+00 -1.140503e+02
    endloop
  endfacet
  facet normal 0.000000e+00 0.000000e+00 -1.000000e+00
    outer loop
      vertex   -7.612457e+00 -7.153394e+00 -1.140503e+02
      vertex   -6.068976e+00 -7.065353e+00 -1.140503e+02
      vertex   -7.527704e+00 -7.535690e+00 -1.140503e+02
    endloop
  endfacet
  facet normal 0.000000e+00 -0.000000e+00 -1.000000e+00
    outer loop
      vertex   -7.527704e+00 -7.535690e+00 -1.140503e+02
      vertex   -6.068976e+00 -7.065353e+00 -1.140503e+02
      vertex   -7.544785e+00 -7.926896e+00 -1.140503e+02
    endloop
  endfacet
  facet normal 0.000000e+00 0.000000e+00 -1.000000e+00
    outer loop
      vertex   -7.544785e+00 -7.926896e+00 -1.140503e+02
      vertex   -6.068976e+00 -7.065353e+00 -1.140503e+02
      vertex   -5.996511e+00 -8.428276e+00 -1.140503e+02
    endloop
  endfacet
  facet normal 0.000000e+00 -0.000000e+00 -1.000000e+00
    outer loop
      vertex   -7.544785e+00 -7.926896e+00 -1.140503e+02
      vertex   -5.996511e+00 -8.428276e+00 -1.140503e+02
      vertex   -7.662535e+00 -8.300351e+00 -1.140503e+02
    endloop
  endfacet
  facet normal 0.000000e+00 0.000000e+00 -1.000000e+00
    outer loop
      vertex   -7.662535e+00 -8.300351e+00 -1.140503e+02
      vertex   -5.996511e+00 -8.428276e+00 -1.140503e+02
      vertex   -6.110306e+00 -9.788372e+00 -1.140503e+02
    endloop
  endfacet
  facet normal 0.000000e+00 -0.000000e+00 -1.000000e+00
    outer loop
      vertex   -7.662535e+00 -8.300351e+00 -1.140503e+02
      vertex   -6.110306e+00 -9.788372e+00 -1.140503e+02
      vertex   -7.872930e+00 -8.630605e+00 -1.140503e+02
    endloop
  endfacet
  facet normal 0.000000e+00 -0.000000e+00 -1.000000e+00
    outer loop
      vertex   -7.872930e+00 -8.630605e+00 -1.140503e+02
      vertex   -6.110306e+00 -9.788372e+00 -1.140503e+02
      vertex   -8.161632e+00 -8.895152e+00 -1.140503e+02
    endloop
  endfacet
  facet normal 0.000000e+00 0.000000e+00 -1.000000e+00
    outer loop
      vertex   -8.161632e+00 -8.895152e+00 -1.140503e+02
      vertex   -6.110306e+00 -9.788372e+00 -1.140503e+02
      vertex   -6.408240e+00 -1.112031e+01 -1.140503e+02
    endloop
  endfacet
  facet normal 0.000000e+00 -0.000000e+00 -1.000000e+00
    outer loop
      vertex   -8.161632e+00 -8.895152e+00 -1.140503e+02
      vertex   -6.408240e+00 -1.112031e+01 -1.140503e+02
      vertex   -8.508966e+00 -9.075963e+00 -1.140503e+02
    endloop
  endfacet
  facet normal 0.000000e+00 -0.000000e+00 -1.000000e+00
    outer loop
      vertex   -8.508966e+00 -9.075963e+00 -1.140503e+02
      vertex   -6.408240e+00 -1.112031e+01 -1.140503e+02
      vertex   -8.891263e+00 -9.160716e+00 -1.140503e+02
    endloop
  endfacet
  facet normal 0.000000e+00 0.000000e+00 -1.000000e+00
    outer loop
      vertex   -8.891263e+00 -9.160716e+00 -1.140503e+02
      vertex   -6.408240e+00 -1.112031e+01 -1.140503e+02
      vertex   -6.884765e+00 -1.239926e+01 -1.140503e+02
    endloop
  endfacet
  facet normal -0.000000e+00 -0.000000e+00 -1.000000e+00
    outer loop
      vertex   -8.891263e+00 -9.160716e+00 -1.140503e+02
      vertex   -6.884765e+00 -1.239926e+01 -1.140503e+02
      vertex   -9.282469e+00 -9.143636e+00 -1.140503e+02
    endloop
  endfacet
  facet normal 0.000000e+00 0.000000e+00 -1.000000e+00
    outer loop
      vertex   -9.282469e+00 -9.143636e+00 -1.140503e+02
      vertex   -6.884765e+00 -1.239926e+01 -1.140503e+02
      vertex   -7.531002e+00 -1.360142e+01 -1.140503e+02
    endloop
  endfacet
  facet normal -0.000000e+00 -0.000000e+00 -1.000000e+00
    outer loop
      vertex   -9.282469e+00 -9.143636e+00 -1.140503e+02
      vertex   -7.531002e+00 -1.360142e+01 -1.140503e+02
      vertex   -9.655924e+00 -9.025886e+00 -1.140503e+02
    endloop
  endfacet
  facet normal 0.000000e+00 0.000000e+00 -1.000000e+00
    outer loop
      vertex   -9.655924e+00 -9.025886e+00 -1.140503e+02
      vertex   -7.531002e+00 -1.360142e+01 -1.140503e+02
      vertex   -8.334915e+00 -1.470439e+01 -1.140503e+02
    endloop
  endfacet
  facet normal 0.000000e+00 -0.000000e+00 -1.000000e+00
    outer loop
      vertex   -9.655924e+00 -9.025886e+00 -1.140503e+02
      vertex   -8.334915e+00 -1.470439e+01 -1.140503e+02
      vertex   -1.415654e+01 -1.438951e+01 -1.140503e+02
    endloop
  endfacet
  facet normal 0.000000e+00 0.000000e+00 -1.000000e+00
    outer loop
      vertex   -1.415654e+01 -1.438951e+01 -1.140503e+02
      vertex   -8.334915e+00 -1.470439e+01 -1.140503e+02
      vertex   -9.281527e+00 -1.568762e+01 -1.140503e+02
    endloop
  endfacet
  facet normal 0.000000e+00 0.000000e+00 -1.000000e+00
    outer loop
      vertex   -1.415654e+01 -1.438951e+01 -1.140503e+02
      vertex   -9.281527e+00 -1.568762e+01 -1.140503e+02
      vertex   -1.397573e+01 -1.473685e+01 -1.140503e+02
    endloop
  endfacet
  facet normal 0.000000e+00 0.000000e+00 -1.000000e+00
    outer loop
      vertex   -1.397573e+01 -1.473685e+01 -1.140503e+02
      vertex   -9.281527e+00 -1.568762e+01 -1.140503e+02
      vertex   -1.035321e+01 -1.653279e+01 -1.140503e+02
    endloop
  endfacet
  facet normal 0.000000e+00 0.000000e+00 -1.000000e+00
    outer loop
      vertex   -1.397573e+01 -1.473685e+01 -1.140503e+02
      vertex   -1.035321e+01 -1.653279e+01 -1.140503e+02
      vertex   -1.389098e+01 -1.511914e+01 -1.140503e+02
    endloop
  endfacet
  facet normal 0.000000e+00 0.000000e+00 -1.000000e+00
    outer loop
      vertex   -1.389098e+01 -1.511914e+01 -1.140503e+02
      vertex   -1.035321e+01 -1.653279e+01 -1.140503e+02
      vertex   -1.152999e+01 -1.722416e+01 -1.140503e+02
    endloop
  endfacet
  facet normal 0.000000e+00 -0.000000e+00 -1.000000e+00
    outer loop
      vertex   -1.389098e+01 -1.511914e+01 -1.140503e+02
      vertex   -1.152999e+01 -1.722416e+01 -1.140503e+02
      vertex   -1.390806e+01 -1.551035e+01 -1.140503e+02
    endloop
  endfacet
  facet normal 0.000000e+00 -0.000000e+00 -1.000000e+00
    outer loop
      vertex   -1.390806e+01 -1.551035e+01 -1.140503e+02
      vertex   -1.152999e+01 -1.722416e+01 -1.140503e+02
      vertex   -1.402581e+01 -1.588380e+01 -1.140503e+02
    endloop
  endfacet
  facet normal 0.000000e+00 0.000000e+00 -1.000000e+00
    outer loop
      vertex   -1.402581e+01 -1.588380e+01 -1.140503e+02
      vertex   -1.152999e+01 -1.722416e+01 -1.140503e+02
      vertex   -1.278995e+01 -1.774886e+01 -1.140503e+02
    endloop
  endfacet
  facet normal 0.000000e+00 -0.000000e+00 -1.000000e+00
    outer loop
      vertex   -1.402581e+01 -1.588380e+01 -1.140503e+02
      vertex   -1.278995e+01 -1.774886e+01 -1.140503e+02
      vertex   -1.423620e+01 -1.621406e+01 -1.140503e+02
    endloop
  endfacet
  facet normal 0.000000e+00 -0.000000e+00 -1.000000e+00
    outer loop
      vertex   -1.423620e+01 -1.621406e+01 -1.140503e+02
      vertex   -1.278995e+01 -1.774886e+01 -1.140503e+02
      vertex   -1.452490e+01 -1.647861e+01 -1.140503e+02
    endloop
  endfacet
  facet normal 0.000000e+00 0.000000e+00 -1.000000e+00
    outer loop
      vertex   -1.452490e+01 -1.647861e+01 -1.140503e+02
      vertex   -1.278995e+01 -1.774886e+01 -1.140503e+02
      vertex   -1.410962e+01 -1.809710e+01 -1.140503e+02
    endloop
  endfacet
  facet normal 0.000000e+00 -0.000000e+00 -1.000000e+00
    outer loop
      vertex   -1.452490e+01 -1.647861e+01 -1.140503e+02
      vertex   -1.410962e+01 -1.809710e+01 -1.140503e+02
      vertex   -1.487224e+01 -1.665942e+01 -1.140503e+02
    endloop
  endfacet
  facet normal 0.000000e+00 -0.000000e+00 -1.000000e+00
    outer loop
      vertex   -1.487224e+01 -1.665942e+01 -1.140503e+02
      vertex   -1.410962e+01 -1.809710e+01 -1.140503e+02
      vertex   -1.546442e+01 -1.826241e+01 -1.140503e+02
    endloop
  endfacet
  facet normal 0.000000e+00 0.000000e+00 -1.000000e+00
    outer loop
      vertex   -1.487224e+01 -1.665942e+01 -1.140503e+02
      vertex   -1.546442e+01 -1.826241e+01 -1.140503e+02
      vertex   -1.525454e+01 -1.674417e+01 -1.140503e+02
    endloop
  endfacet
  facet normal -0.000000e+00 0.000000e+00 -1.000000e+00
    outer loop
      vertex   -1.525454e+01 -1.674417e+01 -1.140503e+02
      vertex   -1.546442e+01 -1.826241e+01 -1.140503e+02
      vertex   -1.564574e+01 -1.672709e+01 -1.140503e+02
    endloop
  endfacet
  facet normal -0.000000e+00 -0.000000e+00 -1.000000e+00
    outer loop
      vertex   -1.564574e+01 -1.672709e+01 -1.140503e+02
      vertex   -1.546442e+01 -1.826241e+01 -1.140503e+02
      vertex   -1.601920e+01 -1.660934e+01 -1.140503e+02
    endloop
  endfacet
  facet normal 0.000000e+00 -0.000000e+00 -1.000000e+00
    outer loop
      vertex   -1.601920e+01 -1.660934e+01 -1.140503e+02
      vertex   -1.546442e+01 -1.826241e+01 -1.140503e+02
      vertex   -1.682911e+01 -1.824170e+01 -1.140503e+02
    endloop
  endfacet
  facet normal -0.000000e+00 0.000000e+00 -1.000000e+00
    outer loop
      vertex   -1.601920e+01 -1.660934e+01 -1.140503e+02
      vertex   -1.682911e+01 -1.824170e+01 -1.140503e+02
      vertex   -1.634945e+01 -1.639894e+01 -1.140503e+02
    endloop
  endfacet
  facet normal 0.000000e+00 0.000000e+00 -1.000000e+00
    outer loop
      vertex   -1.634945e+01 -1.639894e+01 -1.140503e+02
      vertex   -1.682911e+01 -1.824170e+01 -1.140503e+02
      vertex   -1.817827e+01 -1.803535e+01 -1.140503e+02
    endloop
  endfacet
  facet normal -0.000000e+00 0.000000e+00 -1.000000e+00
    outer loop
      vertex   -1.634945e+01 -1.639894e+01 -1.140503e+02
      vertex   -1.817827e+01 -1.803535e+01 -1.140503e+02
      vertex   -1.661400e+01 -1.611024e+01 -1.140503e+02
    endloop
  endfacet
  facet normal -0.000000e+00 0.000000e+00 -1.000000e+00
    outer loop
      vertex   -1.661400e+01 -1.611024e+01 -1.140503e+02
      vertex   -1.817827e+01 -1.803535e+01 -1.140503e+02
      vertex   -1.679481e+01 -1.576291e+01 -1.140503e+02
    endloop
  endfacet
  facet normal 0.000000e+00 0.000000e+00 -1.000000e+00
    outer loop
      vertex   -1.679481e+01 -1.576291e+01 -1.140503e+02
      vertex   -1.817827e+01 -1.803535e+01 -1.140503e+02
      vertex   -1.948677e+01 -1.764722e+01 -1.140503e+02
    endloop
  endfacet
  facet normal -0.000000e+00 0.000000e+00 -1.000000e+00
    outer loop
      vertex   -1.679481e+01 -1.576291e+01 -1.140503e+02
      vertex   -1.948677e+01 -1.764722e+01 -1.140503e+02
      vertex   -1.687956e+01 -1.538061e+01 -1.140503e+02
    endloop
  endfacet
  facet normal 0.000000e+00 0.000000e+00 -1.000000e+00
    outer loop
      vertex   -1.687956e+01 -1.538061e+01 -1.140503e+02
      vertex   -1.948677e+01 -1.764722e+01 -1.140503e+02
      vertex   -2.073023e+01 -1.708452e+01 -1.140503e+02
    endloop
  endfacet
  facet normal -0.000000e+00 0.000000e+00 -1.000000e+00
    outer loop
      vertex   -1.687956e+01 -1.538061e+01 -1.140503e+02
      vertex   -2.073023e+01 -1.708452e+01 -1.140503e+02
      vertex   -1.686248e+01 -1.498940e+01 -1.140503e+02
    endloop
  endfacet
  facet normal 0.000000e+00 0.000000e+00 -1.000000e+00
    outer loop
      vertex   -1.686248e+01 -1.498940e+01 -1.140503e+02
      vertex   -2.073023e+01 -1.708452e+01 -1.140503e+02
      vertex   -2.188548e+01 -1.635775e+01 -1.140503e+02
    endloop
  endfacet
  facet normal -0.000000e+00 0.000000e+00 -1.000000e+00
    outer loop
      vertex   -1.686248e+01 -1.498940e+01 -1.140503e+02
      vertex   -2.188548e+01 -1.635775e+01 -1.140503e+02
      vertex   -1.674473e+01 -1.461595e+01 -1.140503e+02
    endloop
  endfacet
  facet normal 0.000000e+00 0.000000e+00 -1.000000e+00
    outer loop
      vertex   -1.674473e+01 -1.461595e+01 -1.140503e+02
      vertex   -2.188548e+01 -1.635775e+01 -1.140503e+02
      vertex   -2.293102e+01 -1.548045e+01 -1.140503e+02
    endloop
  endfacet
  facet normal -3.782524e-16 2.706751e-15 -1.000000e+00
    outer loop
      vertex   -1.674473e+01 -1.461595e+01 -1.140503e+02
      vertex   -2.293102e+01 -1.548045e+01 -1.140503e+02
      vertex   -2.210836e+01 -1.011533e+01 -1.140503e+02
    endloop
  endfacet
  facet normal -1.498462e-15 2.878518e-15 -1.000000e+00
    outer loop
      vertex   -2.210836e+01 -1.011533e+01 -1.140503e+02
      vertex   -2.293102e+01 -1.548045e+01 -1.140503e+02
      vertex   -2.245569e+01 -1.029614e+01 -1.140503e+02
    endloop
  endfacet
  facet normal 2.747723e-15 2.489205e-15 -1.000000e+00
    outer loop
      vertex   -2.245569e+01 -1.029614e+01 -1.140503e+02
      vertex   -2.293102e+01 -1.548045e+01 -1.140503e+02
      vertex   -2.384735e+01 -1.446894e+01 -1.140503e+02
    endloop
  endfacet
  facet normal -8.152810e-16 3.677495e-15 -1.000000e+00
    outer loop
      vertex   -2.245569e+01 -1.029614e+01 -1.140503e+02
      vertex   -2.384735e+01 -1.446894e+01 -1.140503e+02
      vertex   -2.283799e+01 -1.038090e+01 -1.140503e+02
    endloop
  endfacet
  facet normal 3.736704e-15 2.553580e-15 -1.000000e+00
    outer loop
      vertex   -2.283799e+01 -1.038090e+01 -1.140503e+02
      vertex   -2.384735e+01 -1.446894e+01 -1.140503e+02
      vertex   -2.461742e+01 -1.334209e+01 -1.140503e+02
    endloop
  endfacet
  facet normal 2.041735e-16 4.676343e-15 -1.000000e+00
    outer loop
      vertex   -2.283799e+01 -1.038090e+01 -1.140503e+02
      vertex   -2.461742e+01 -1.334209e+01 -1.140503e+02
      vertex   -2.322919e+01 -1.036382e+01 -1.140503e+02
    endloop
  endfacet
  facet normal 4.943679e-15 2.467170e-15 -1.000000e+00
    outer loop
      vertex   -2.322919e+01 -1.036382e+01 -1.140503e+02
      vertex   -2.461742e+01 -1.334209e+01 -1.140503e+02
      vertex   -2.522688e+01 -1.212087e+01 -1.140503e+02
    endloop
  endfacet
  facet normal 1.877175e-15 5.953637e-15 -1.000000e+00
    outer loop
      vertex   -2.322919e+01 -1.036382e+01 -1.140503e+02
      vertex   -2.522688e+01 -1.212087e+01 -1.140503e+02
      vertex   -2.360265e+01 -1.024607e+01 -1.140503e+02
    endloop
  endfacet
  facet normal 3.111585e-15 4.884210e-15 -1.000000e+00
    outer loop
      vertex   -2.360265e+01 -1.024607e+01 -1.140503e+02
      vertex   -2.522688e+01 -1.212087e+01 -1.140503e+02
      vertex   -2.393290e+01 -1.003567e+01 -1.140503e+02
    endloop
  endfacet
  facet normal 7.106854e-15 2.404936e-15 -1.000000e+00
    outer loop
      vertex   -2.393290e+01 -1.003567e+01 -1.140503e+02
      vertex   -2.522688e+01 -1.212087e+01 -1.140503e+02
      vertex   -2.566437e+01 -1.082804e+01 -1.140503e+02
    endloop
  endfacet
  facet normal 5.782567e-15 5.298746e-15 -1.000000e+00
    outer loop
      vertex   -2.393290e+01 -1.003567e+01 -1.140503e+02
      vertex   -2.566437e+01 -1.082804e+01 -1.140503e+02
      vertex   -2.419745e+01 -9.746969e+00 -1.140503e+02
    endloop
  endfacet
  facet normal 8.486609e-15 1.629589e-15 -1.000000e+00
    outer loop
      vertex   -2.419745e+01 -9.746969e+00 -1.140503e+02
      vertex   -2.566437e+01 -1.082804e+01 -1.140503e+02
      vertex   -2.592174e+01 -9.487676e+00 -1.140503e+02
    endloop
  endfacet
  facet normal 8.941509e-15 4.654655e-15 -1.000000e+00
    outer loop
      vertex   -2.419745e+01 -9.746969e+00 -1.140503e+02
      vertex   -2.592174e+01 -9.487676e+00 -1.140503e+02
      vertex   -2.437826e+01 -9.399635e+00 -1.140503e+02
    endloop
  endfacet
  facet normal 9.092039e-15 2.015656e-15 -1.000000e+00
    outer loop
      vertex   -2.437826e+01 -9.399635e+00 -1.140503e+02
      vertex   -2.592174e+01 -9.487676e+00 -1.140503e+02
      vertex   -2.446301e+01 -9.017338e+00 -1.140503e+02
    endloop
  endfacet
  facet normal 9.881047e-15 -4.314159e-16 -1.000000e+00
    outer loop
      vertex   -2.446301e+01 -9.017338e+00 -1.140503e+02
      vertex   -2.592174e+01 -9.487676e+00 -1.140503e+02
      vertex   -2.444593e+01 -8.626132e+00 -1.140503e+02
    endloop
  endfacet
  facet normal 9.339317e-15 4.965596e-16 -1.000000e+00
    outer loop
      vertex   -2.444593e+01 -8.626132e+00 -1.140503e+02
      vertex   -2.592174e+01 -9.487676e+00 -1.140503e+02
      vertex   -2.599421e+01 -8.124752e+00 -1.140503e+02
    endloop
  endfacet
  facet normal 8.328177e-15 -2.625864e-15 -1.000000e+00
    outer loop
      vertex   -2.444593e+01 -8.626132e+00 -1.140503e+02
      vertex   -2.599421e+01 -8.124752e+00 -1.140503e+02
      vertex   -2.432818e+01 -8.252677e+00 -1.140503e+02
    endloop
  endfacet
  facet normal 8.475355e-15 -7.091048e-16 -1.000000e+00
    outer loop
      vertex   -2.432818e+01 -8.252677e+00 -1.140503e+02
      vertex   -2.599421e+01 -8.124752e+00 -1.140503e+02
      vertex   -2.588041e+01 -6.764656e+00 -1.140503e+02
    endloop
  endfacet
  facet normal 5.683881e-15 -3.621031e-15 -1.000000e+00
    outer loop
      vertex   -2.432818e+01 -8.252677e+00 -1.140503e+02
      vertex   -2.588041e+01 -6.764656e+00 -1.140503e+02
      vertex   -2.411779e+01 -7.922423e+00 -1.140503e+02
    endloop
  endfacet
  facet normal 4.696088e-15 -5.124881e-15 -1.000000e+00
    outer loop
      vertex   -2.411779e+01 -7.922423e+00 -1.140503e+02
      vertex   -2.588041e+01 -6.764656e+00 -1.140503e+02
      vertex   -2.382909e+01 -7.657876e+00 -1.140503e+02
    endloop
  endfacet
  facet normal 6.312774e-15 -1.412078e-15 -1.000000e+00
    outer loop
      vertex   -2.382909e+01 -7.657876e+00 -1.140503e+02
      vertex   -2.588041e+01 -6.764656e+00 -1.140503e+02
      vertex   -2.558248e+01 -5.432723e+00 -1.140503e+02
    endloop
  endfacet
  facet normal -1.726538e-15 1.099926e-15 -1.000000e+00
    outer loop
      vertex   -1.674473e+01 -1.461595e+01 -1.140503e+02
      vertex   -2.210836e+01 -1.011533e+01 -1.140503e+02
      vertex   -1.653434e+01 -1.428570e+01 -1.140503e+02
    endloop
  endfacet
  facet normal -1.403517e-15 1.531670e-15 -1.000000e+00
    outer loop
      vertex   -1.653434e+01 -1.428570e+01 -1.140503e+02
      vertex   -2.210836e+01 -1.011533e+01 -1.140503e+02
      vertex   -2.181966e+01 -9.850786e+00 -1.140503e+02
    endloop
  endfacet
  facet normal -2.901764e-15 -2.538715e-16 -1.000000e+00
    outer loop
      vertex   -1.653434e+01 -1.428570e+01 -1.140503e+02
      vertex   -2.181966e+01 -9.850786e+00 -1.140503e+02
      vertex   -1.695954e+01 -9.425581e+00 -1.140503e+02
    endloop
  endfacet
  facet normal -3.096567e-15 1.972731e-15 -1.000000e+00
    outer loop
      vertex   -1.695954e+01 -9.425581e+00 -1.140503e+02
      vertex   -2.181966e+01 -9.850786e+00 -1.140503e+02
      vertex   -2.160926e+01 -9.520532e+00 -1.140503e+02
    endloop
  endfacet
  facet normal -3.000143e-15 -2.749124e-15 -1.000000e+00
    outer loop
      vertex   -1.695954e+01 -9.425581e+00 -1.140503e+02
      vertex   -2.160926e+01 -9.520532e+00 -1.140503e+02
      vertex   -1.722409e+01 -9.136879e+00 -1.140503e+02
    endloop
  endfacet
  facet normal -3.332590e-15 1.050761e-15 -1.000000e+00
    outer loop
      vertex   -1.722409e+01 -9.136879e+00 -1.140503e+02
      vertex   -2.160926e+01 -9.520532e+00 -1.140503e+02
      vertex   -2.149151e+01 -9.147077e+00 -1.140503e+02
    endloop
  endfacet
  facet normal -3.325941e-15 -1.731375e-15 -1.000000e+00
    outer loop
      vertex   -1.722409e+01 -9.136879e+00 -1.140503e+02
      vertex   -2.149151e+01 -9.147077e+00 -1.140503e+02
      vertex   -1.740490e+01 -8.789544e+00 -1.140503e+02
    endloop
  endfacet
  facet normal -3.490751e-15 1.524095e-16 -1.000000e+00
    outer loop
      vertex   -1.740490e+01 -8.789544e+00 -1.140503e+02
      vertex   -2.149151e+01 -9.147077e+00 -1.140503e+02
      vertex   -2.147443e+01 -8.755871e+00 -1.140503e+02
    endloop
  endfacet
  facet normal -3.498430e-15 -7.755832e-16 -1.000000e+00
    outer loop
      vertex   -1.740490e+01 -8.789544e+00 -1.140503e+02
      vertex   -2.147443e+01 -8.755871e+00 -1.140503e+02
      vertex   -1.748965e+01 -8.407248e+00 -1.140503e+02
    endloop
  endfacet
  facet normal -3.498430e-15 -7.755832e-16 -1.000000e+00
    outer loop
      vertex   -1.748965e+01 -8.407248e+00 -1.140503e+02
      vertex   -2.147443e+01 -8.755871e+00 -1.140503e+02
      vertex   -2.155918e+01 -8.373574e+00 -1.140503e+02
    endloop
  endfacet
  facet normal -3.490751e-15 1.524095e-16 -1.000000e+00
    outer loop
      vertex   -1.748965e+01 -8.407248e+00 -1.140503e+02
      vertex   -2.155918e+01 -8.373574e+00 -1.140503e+02
      vertex   -1.747257e+01 -8.016042e+00 -1.140503e+02
    endloop
  endfacet
  facet normal -3.325941e-15 -1.731375e-15 -1.000000e+00
    outer loop
      vertex   -1.747257e+01 -8.016042e+00 -1.140503e+02
      vertex   -2.155918e+01 -8.373574e+00 -1.140503e+02
      vertex   -2.173999e+01 -8.026240e+00 -1.140503e+02
    endloop
  endfacet
  facet normal -3.332590e-15 1.050761e-15 -1.000000e+00
    outer loop
      vertex   -1.747257e+01 -8.016042e+00 -1.140503e+02
      vertex   -2.173999e+01 -8.026240e+00 -1.140503e+02
      vertex   -1.735482e+01 -7.642587e+00 -1.140503e+02
    endloop
  endfacet
  facet normal -3.000143e-15 -2.749124e-15 -1.000000e+00
    outer loop
      vertex   -1.735482e+01 -7.642587e+00 -1.140503e+02
      vertex   -2.173999e+01 -8.026240e+00 -1.140503e+02
      vertex   -2.200454e+01 -7.737538e+00 -1.140503e+02
    endloop
  endfacet
  facet normal -3.986857e-15 4.556998e-14 -1.000000e+00
    outer loop
      vertex   -1.735482e+01 -7.642587e+00 -1.140503e+02
      vertex   -2.200454e+01 -7.737538e+00 -1.140503e+02
      vertex   -1.714443e+01 -7.312333e+00 -1.140503e+02
    endloop
  endfacet
  facet normal -0.000000e+00 0.000000e+00 -1.000000e+00
    outer loop
      vertex   -1.714443e+01 -7.312333e+00 -1.140503e+02
      vertex   -2.200454e+01 -7.737538e+00 -1.140503e+02
      vertex   -1.756963e+01 -2.452218e+00 -1.140503e+02
    endloop
  endfacet
  facet normal -4.556998e-14 -3.986857e-15 -1.000000e+00
    outer loop
      vertex   -1.714443e+01 -7.312333e+00 -1.140503e+02
      vertex   -1.756963e+01 -2.452218e+00 -1.140503e+02
      vertex   -1.685572e+01 -7.047786e+00 -1.140503e+02
    endloop
  endfacet
  facet normal 2.186390e-15 3.431944e-15 -1.000000e+00
    outer loop
      vertex   -1.685572e+01 -7.047786e+00 -1.140503e+02
      vertex   -1.756963e+01 -2.452218e+00 -1.140503e+02
      vertex   -1.723938e+01 -2.662613e+00 -1.140503e+02
    endloop
  endfacet
  facet normal -1.613496e-15 3.099497e-15 -1.000000e+00
    outer loop
      vertex   -1.685572e+01 -7.047786e+00 -1.140503e+02
      vertex   -1.723938e+01 -2.662613e+00 -1.140503e+02
      vertex   -1.650839e+01 -6.866975e+00 -1.140503e+02
    endloop
  endfacet
  facet normal 1.127528e-15 3.576063e-15 -1.000000e+00
    outer loop
      vertex   -1.650839e+01 -6.866975e+00 -1.140503e+02
      vertex   -1.723938e+01 -2.662613e+00 -1.140503e+02
      vertex   -1.686592e+01 -2.780363e+00 -1.140503e+02
    endloop
  endfacet
  facet normal -7.562566e-16 3.411253e-15 -1.000000e+00
    outer loop
      vertex   -1.650839e+01 -6.866975e+00 -1.140503e+02
      vertex   -1.686592e+01 -2.780363e+00 -1.140503e+02
      vertex   -1.612609e+01 -6.782222e+00 -1.140503e+02
    endloop
  endfacet
  facet normal 1.563044e-16 3.579959e-15 -1.000000e+00
    outer loop
      vertex   -1.612609e+01 -6.782222e+00 -1.140503e+02
      vertex   -1.686592e+01 -2.780363e+00 -1.140503e+02
      vertex   -1.647472e+01 -2.797443e+00 -1.140503e+02
    endloop
  endfacet
  facet normal 1.563044e-16 3.579959e-15 -1.000000e+00
    outer loop
      vertex   -1.612609e+01 -6.782222e+00 -1.140503e+02
      vertex   -1.647472e+01 -2.797443e+00 -1.140503e+02
      vertex   -1.573489e+01 -6.799303e+00 -1.140503e+02
    endloop
  endfacet
  facet normal -7.562566e-16 3.411253e-15 -1.000000e+00
    outer loop
      vertex   -1.573489e+01 -6.799303e+00 -1.140503e+02
      vertex   -1.647472e+01 -2.797443e+00 -1.140503e+02
      vertex   -1.609242e+01 -2.712690e+00 -1.140503e+02
    endloop
  endfacet
  facet normal 1.127528e-15 3.576063e-15 -1.000000e+00
    outer loop
      vertex   -1.573489e+01 -6.799303e+00 -1.140503e+02
      vertex   -1.609242e+01 -2.712690e+00 -1.140503e+02
      vertex   -1.536143e+01 -6.917053e+00 -1.140503e+02
    endloop
  endfacet
  facet normal -1.613496e-15 3.099497e-15 -1.000000e+00
    outer loop
      vertex   -1.536143e+01 -6.917053e+00 -1.140503e+02
      vertex   -1.609242e+01 -2.712690e+00 -1.140503e+02
      vertex   -1.574508e+01 -2.531879e+00 -1.140503e+02
    endloop
  endfacet
  facet normal 2.186390e-15 3.431944e-15 -1.000000e+00
    outer loop
      vertex   -1.536143e+01 -6.917053e+00 -1.140503e+02
      vertex   -1.574508e+01 -2.531879e+00 -1.140503e+02
      vertex   -1.503118e+01 -7.127448e+00 -1.140503e+02
    endloop
  endfacet
  facet normal -2.480473e-15 2.706962e-15 -1.000000e+00
    outer loop
      vertex   -1.503118e+01 -7.127448e+00 -1.140503e+02
      vertex   -1.574508e+01 -2.531879e+00 -1.140503e+02
      vertex   -1.545638e+01 -2.267333e+00 -1.140503e+02
    endloop
  endfacet
  facet normal -2.538715e-16 2.901764e-15 -1.000000e+00
    outer loop
      vertex   -1.503118e+01 -7.127448e+00 -1.140503e+02
      vertex   -1.545638e+01 -2.267333e+00 -1.140503e+02
      vertex   -1.017106e+01 -6.702243e+00 -1.140503e+02
    endloop
  endfacet
  facet normal -1.403517e-15 1.531670e-15 -1.000000e+00
    outer loop
      vertex   -1.017106e+01 -6.702243e+00 -1.140503e+02
      vertex   -1.545638e+01 -2.267333e+00 -1.140503e+02
      vertex   -9.882361e+00 -6.437696e+00 -1.140503e+02
    endloop
  endfacet
  facet normal -1.726538e-15 1.099926e-15 -1.000000e+00
    outer loop
      vertex   -9.882361e+00 -6.437696e+00 -1.140503e+02
      vertex   -1.545638e+01 -2.267333e+00 -1.140503e+02
      vertex   -1.524599e+01 -1.937079e+00 -1.140503e+02
    endloop
  endfacet
  facet normal 0.000000e+00 0.000000e+00 -1.000000e+00
    outer loop
      vertex   -2.200454e+01 -7.737538e+00 -1.140503e+02
      vertex   -2.233479e+01 -7.527143e+00 -1.140503e+02
      vertex   -1.756963e+01 -2.452218e+00 -1.140503e+02
    endloop
  endfacet
  facet normal -0.000000e+00 0.000000e+00 -1.000000e+00
    outer loop
      vertex   -1.756963e+01 -2.452218e+00 -1.140503e+02
      vertex   -2.233479e+01 -7.527143e+00 -1.140503e+02
      vertex   -1.783418e+01 -2.163516e+00 -1.140503e+02
    endloop
  endfacet
  facet normal -0.000000e+00 0.000000e+00 -1.000000e+00
    outer loop
      vertex   -9.655924e+00 -9.025886e+00 -1.140503e+02
      vertex   -1.415654e+01 -1.438951e+01 -1.140503e+02
      vertex   -9.986178e+00 -8.815491e+00 -1.140503e+02
    endloop
  endfacet
  facet normal 0.000000e+00 0.000000e+00 -1.000000e+00
    outer loop
      vertex   -9.986178e+00 -8.815491e+00 -1.140503e+02
      vertex   -1.415654e+01 -1.438951e+01 -1.140503e+02
      vertex   -1.442109e+01 -1.410081e+01 -1.140503e+02
    endloop
  endfacet
  facet normal 0.000000e+00 0.000000e+00 -1.000000e+00
    outer loop
      vertex   -9.986178e+00 -8.815491e+00 -1.140503e+02
      vertex   -1.442109e+01 -1.410081e+01 -1.140503e+02
      vertex   -1.484629e+01 -9.240696e+00 -1.140503e+02
    endloop
  endfacet
  facet normal 0.000000e+00 -0.000000e+00 -1.000000e+00
    outer loop
      vertex   -1.484629e+01 -9.240696e+00 -1.140503e+02
      vertex   -1.442109e+01 -1.410081e+01 -1.140503e+02
      vertex   -1.513499e+01 -9.505242e+00 -1.140503e+02
    endloop
  endfacet
  facet normal 0.000000e+00 0.000000e+00 -1.000000e+00
    outer loop
      vertex   -1.513499e+01 -9.505242e+00 -1.140503e+02
      vertex   -1.442109e+01 -1.410081e+01 -1.140503e+02
      vertex   -1.475134e+01 -1.389042e+01 -1.140503e+02
    endloop
  endfacet
  facet normal 0.000000e+00 -0.000000e+00 -1.000000e+00
    outer loop
      vertex   -1.513499e+01 -9.505242e+00 -1.140503e+02
      vertex   -1.475134e+01 -1.389042e+01 -1.140503e+02
      vertex   -1.548233e+01 -9.686053e+00 -1.140503e+02
    endloop
  endfacet
  facet normal 0.000000e+00 0.000000e+00 -1.000000e+00
    outer loop
      vertex   -1.548233e+01 -9.686053e+00 -1.140503e+02
      vertex   -1.475134e+01 -1.389042e+01 -1.140503e+02
      vertex   -1.512480e+01 -1.377267e+01 -1.140503e+02
    endloop
  endfacet
  facet normal 0.000000e+00 -0.000000e+00 -1.000000e+00
    outer loop
      vertex   -1.548233e+01 -9.686053e+00 -1.140503e+02
      vertex   -1.512480e+01 -1.377267e+01 -1.140503e+02
      vertex   -1.586463e+01 -9.770806e+00 -1.140503e+02
    endloop
  endfacet
  facet normal 0.000000e+00 0.000000e+00 -1.000000e+00
    outer loop
      vertex   -1.586463e+01 -9.770806e+00 -1.140503e+02
      vertex   -1.512480e+01 -1.377267e+01 -1.140503e+02
      vertex   -1.551600e+01 -1.375559e+01 -1.140503e+02
    endloop
  endfacet
  facet normal -0.000000e+00 -0.000000e+00 -1.000000e+00
    outer loop
      vertex   -1.586463e+01 -9.770806e+00 -1.140503e+02
      vertex   -1.551600e+01 -1.375559e+01 -1.140503e+02
      vertex   -1.625583e+01 -9.753726e+00 -1.140503e+02
    endloop
  endfacet
  facet normal 0.000000e+00 0.000000e+00 -1.000000e+00
    outer loop
      vertex   -1.625583e+01 -9.753726e+00 -1.140503e+02
      vertex   -1.551600e+01 -1.375559e+01 -1.140503e+02
      vertex   -1.589830e+01 -1.384034e+01 -1.140503e+02
    endloop
  endfacet
  facet normal -0.000000e+00 -0.000000e+00 -1.000000e+00
    outer loop
      vertex   -1.625583e+01 -9.753726e+00 -1.140503e+02
      vertex   -1.589830e+01 -1.384034e+01 -1.140503e+02
      vertex   -1.662929e+01 -9.635976e+00 -1.140503e+02
    endloop
  endfacet
  facet normal 0.000000e+00 0.000000e+00 -1.000000e+00
    outer loop
      vertex   -1.662929e+01 -9.635976e+00 -1.140503e+02
      vertex   -1.589830e+01 -1.384034e+01 -1.140503e+02
      vertex   -1.624563e+01 -1.402115e+01 -1.140503e+02
    endloop
  endfacet
  facet normal -0.000000e+00 -0.000000e+00 -1.000000e+00
    outer loop
      vertex   -1.662929e+01 -9.635976e+00 -1.140503e+02
      vertex   -1.624563e+01 -1.402115e+01 -1.140503e+02
      vertex   -1.695954e+01 -9.425581e+00 -1.140503e+02
    endloop
  endfacet
  facet normal 0.000000e+00 0.000000e+00 -1.000000e+00
    outer loop
      vertex   -1.695954e+01 -9.425581e+00 -1.140503e+02
      vertex   -1.624563e+01 -1.402115e+01 -1.140503e+02
      vertex   -1.653434e+01 -1.428570e+01 -1.140503e+02
    endloop
  endfacet
  facet normal 0.000000e+00 0.000000e+00 -1.000000e+00
    outer loop
      vertex   -1.017106e+01 -6.702243e+00 -1.140503e+02
      vertex   -1.038146e+01 -7.032497e+00 -1.140503e+02
      vertex   -1.503118e+01 -7.127448e+00 -1.140503e+02
    endloop
  endfacet
  facet normal 0.000000e+00 0.000000e+00 -1.000000e+00
    outer loop
      vertex   -1.503118e+01 -7.127448e+00 -1.140503e+02
      vertex   -1.038146e+01 -7.032497e+00 -1.140503e+02
      vertex   -1.476663e+01 -7.416150e+00 -1.140503e+02
    endloop
  endfacet
  facet normal 0.000000e+00 0.000000e+00 -1.000000e+00
    outer loop
      vertex   -1.476663e+01 -7.416150e+00 -1.140503e+02
      vertex   -1.038146e+01 -7.032497e+00 -1.140503e+02
      vertex   -1.049921e+01 -7.405952e+00 -1.140503e+02
    endloop
  endfacet
  facet normal 0.000000e+00 0.000000e+00 -1.000000e+00
    outer loop
      vertex   -1.476663e+01 -7.416150e+00 -1.140503e+02
      vertex   -1.049921e+01 -7.405952e+00 -1.140503e+02
      vertex   -1.458582e+01 -7.763484e+00 -1.140503e+02
    endloop
  endfacet
  facet normal 0.000000e+00 0.000000e+00 -1.000000e+00
    outer loop
      vertex   -1.458582e+01 -7.763484e+00 -1.140503e+02
      vertex   -1.049921e+01 -7.405952e+00 -1.140503e+02
      vertex   -1.051629e+01 -7.797158e+00 -1.140503e+02
    endloop
  endfacet
  facet normal 0.000000e+00 0.000000e+00 -1.000000e+00
    outer loop
      vertex   -1.458582e+01 -7.763484e+00 -1.140503e+02
      vertex   -1.051629e+01 -7.797158e+00 -1.140503e+02
      vertex   -1.450107e+01 -8.145781e+00 -1.140503e+02
    endloop
  endfacet
  facet normal 0.000000e+00 0.000000e+00 -1.000000e+00
    outer loop
      vertex   -1.450107e+01 -8.145781e+00 -1.140503e+02
      vertex   -1.051629e+01 -7.797158e+00 -1.140503e+02
      vertex   -1.043154e+01 -8.179454e+00 -1.140503e+02
    endloop
  endfacet
  facet normal 0.000000e+00 -0.000000e+00 -1.000000e+00
    outer loop
      vertex   -1.450107e+01 -8.145781e+00 -1.140503e+02
      vertex   -1.043154e+01 -8.179454e+00 -1.140503e+02
      vertex   -1.451815e+01 -8.536987e+00 -1.140503e+02
    endloop
  endfacet
  facet normal 0.000000e+00 0.000000e+00 -1.000000e+00
    outer loop
      vertex   -1.451815e+01 -8.536987e+00 -1.140503e+02
      vertex   -1.043154e+01 -8.179454e+00 -1.140503e+02
      vertex   -1.025072e+01 -8.526789e+00 -1.140503e+02
    endloop
  endfacet
  facet normal 0.000000e+00 -0.000000e+00 -1.000000e+00
    outer loop
      vertex   -1.451815e+01 -8.536987e+00 -1.140503e+02
      vertex   -1.025072e+01 -8.526789e+00 -1.140503e+02
      vertex   -1.463590e+01 -8.910442e+00 -1.140503e+02
    endloop
  endfacet
  facet normal 0.000000e+00 0.000000e+00 -1.000000e+00
    outer loop
      vertex   -1.463590e+01 -8.910442e+00 -1.140503e+02
      vertex   -1.025072e+01 -8.526789e+00 -1.140503e+02
      vertex   -9.986178e+00 -8.815491e+00 -1.140503e+02
    endloop
  endfacet
  facet normal 0.000000e+00 -0.000000e+00 -1.000000e+00
    outer loop
      vertex   -1.463590e+01 -8.910442e+00 -1.140503e+02
      vertex   -9.986178e+00 -8.815491e+00 -1.140503e+02
      vertex   -1.484629e+01 -9.240696e+00 -1.140503e+02
    endloop
  endfacet
endsolid
