ISO-10303-21;
HEADER;
/* Generated by software containing ST-Developer
 * from STEP Tools, Inc. (www.steptools.com) 
 */

FILE_DESCRIPTION(
/* description */ (
'Spur Gear; Module: 1.0; Num Teeth: 16; Pressure Angle: 20.0; Backlash
: 0.00 mm'),
/* implementation_level */ '2;1');

FILE_NAME(
/* name */ 'right leg 2.step',
/* time_stamp */ '2026-08-17T14:42:43-04:00',
/* author */ (''),
/* organization */ (''),
/* preprocessor_version */ 'ST-DEVELOPER v20.1',
/* originating_system */ 'Autodesk Translation Framework v15.8.0.0',
/* authorisation */ '');

FILE_SCHEMA (('AUTOMOTIVE_DESIGN { 1 0 10303 214 3 1 1 }'));
ENDSEC;

DATA;
#10=MECHANICAL_DESIGN_GEOMETRIC_PRESENTATION_REPRESENTATION('',(#13),#2802);
#11=SHAPE_REPRESENTATION_RELATIONSHIP('SRR','None',#2809,#12);
#12=ADVANCED_BREP_SHAPE_REPRESENTATION('',(#14),#2801);
#13=STYLED_ITEM('',(#2818),#14);
#14=MANIFOLD_SOLID_BREP('Body13',#1670);
#15=FACE_BOUND('',#190,.T.);
#16=FACE_BOUND('',#204,.T.);
#17=FACE_BOUND('',#213,.T.);
#18=FACE_BOUND('',#215,.T.);
#19=FACE_BOUND('',#225,.T.);
#20=FACE_BOUND('',#237,.T.);
#21=FACE_BOUND('',#238,.T.);
#22=FACE_BOUND('',#239,.T.);
#23=FACE_BOUND('',#240,.T.);
#24=FACE_BOUND('',#241,.T.);
#25=FACE_BOUND('',#247,.T.);
#26=FACE_BOUND('',#248,.T.);
#27=FACE_BOUND('',#250,.T.);
#28=FACE_BOUND('',#253,.T.);
#29=FACE_BOUND('',#254,.T.);
#30=FACE_BOUND('',#274,.T.);
#31=FACE_BOUND('',#284,.T.);
#32=FACE_BOUND('',#285,.T.);
#33=FACE_BOUND('',#286,.T.);
#34=FACE_BOUND('',#287,.T.);
#35=FACE_BOUND('',#288,.T.);
#36=PLANE('',#1689);
#37=PLANE('',#1690);
#38=PLANE('',#1694);
#39=PLANE('',#1695);
#40=PLANE('',#1696);
#41=PLANE('',#1697);
#42=PLANE('',#1698);
#43=PLANE('',#1699);
#44=PLANE('',#1700);
#45=PLANE('',#1701);
#46=PLANE('',#1702);
#47=PLANE('',#1712);
#48=PLANE('',#1713);
#49=PLANE('',#1714);
#50=PLANE('',#1715);
#51=PLANE('',#1716);
#52=PLANE('',#1719);
#53=PLANE('',#1720);
#54=PLANE('',#1721);
#55=PLANE('',#1730);
#56=PLANE('',#1732);
#57=PLANE('',#1733);
#58=PLANE('',#1734);
#59=PLANE('',#1736);
#60=PLANE('',#1737);
#61=PLANE('',#1738);
#62=PLANE('',#1739);
#63=PLANE('',#1740);
#64=PLANE('',#1741);
#65=PLANE('',#1744);
#66=PLANE('',#1745);
#67=PLANE('',#1746);
#68=PLANE('',#1747);
#69=PLANE('',#1748);
#70=PLANE('',#1749);
#71=PLANE('',#1750);
#72=PLANE('',#1755);
#73=PLANE('',#1756);
#74=PLANE('',#1761);
#75=PLANE('',#1762);
#76=PLANE('',#1763);
#77=PLANE('',#1764);
#78=PLANE('',#1765);
#79=PLANE('',#1767);
#80=PLANE('',#1769);
#81=PLANE('',#1770);
#82=PLANE('',#1783);
#83=PLANE('',#1784);
#84=PLANE('',#1785);
#85=PLANE('',#1786);
#86=PLANE('',#1789);
#87=PLANE('',#1790);
#88=PLANE('',#1791);
#89=PLANE('',#1792);
#90=PLANE('',#1793);
#91=PLANE('',#1794);
#92=PLANE('',#1795);
#93=PLANE('',#1796);
#94=PLANE('',#1797);
#95=PLANE('',#1800);
#96=PLANE('',#1801);
#97=PLANE('',#1803);
#98=PLANE('',#1804);
#99=PLANE('',#1805);
#100=PLANE('',#1816);
#101=B_SPLINE_CURVE_WITH_KNOTS('',3,(#2307,#2308,#2309,#2310,#2311,#2312,
#2313,#2314,#2315,#2316,#2317,#2318,#2319),.UNSPECIFIED.,.F.,.F.,(4,3,3,
3,4),(-2.77555756156289E-17,0.101303264436336,0.202606528872673,0.337677548121121,
0.47274856736957),.UNSPECIFIED.);
#102=B_SPLINE_CURVE_WITH_KNOTS('',3,(#2321,#2322,#2323,#2324),
 .UNSPECIFIED.,.F.,.F.,(4,4),(-3.565,-0.365),.UNSPECIFIED.);
#103=B_SPLINE_CURVE_WITH_KNOTS('',3,(#2326,#2327,#2328,#2329,#2330,#2331,
#2332,#2333,#2334,#2335,#2336,#2337,#2338),.UNSPECIFIED.,.F.,.F.,(4,3,3,
3,4),(0.,0.135071019248448,0.270142038496896,0.371445302933232,0.472748567369568),
 .UNSPECIFIED.);
#104=B_SPLINE_CURVE_WITH_KNOTS('',3,(#2339,#2340,#2341,#2342),
 .UNSPECIFIED.,.F.,.F.,(4,4),(0.365,3.565),.UNSPECIFIED.);
#105=B_SPLINE_SURFACE_WITH_KNOTS('',3,3,((#2277,#2278,#2279,#2280),(#2281,
#2282,#2283,#2284),(#2285,#2286,#2287,#2288),(#2289,#2290,#2291,#2292),
(#2293,#2294,#2295,#2296),(#2297,#2298,#2299,#2300),(#2301,#2302,#2303,
#2304)),.UNSPECIFIED.,.F.,.F.,.F.,(4,1,1,1,4),(4,4),(0.,0.285714285714286,
0.571428571428571,0.785714285714286,1.),(0.365,3.565),.UNSPECIFIED.);
#106=FACE_OUTER_BOUND('',#187,.T.);
#107=FACE_OUTER_BOUND('',#188,.T.);
#108=FACE_OUTER_BOUND('',#189,.T.);
#109=FACE_OUTER_BOUND('',#191,.T.);
#110=FACE_OUTER_BOUND('',#192,.T.);
#111=FACE_OUTER_BOUND('',#193,.T.);
#112=FACE_OUTER_BOUND('',#194,.T.);
#113=FACE_OUTER_BOUND('',#195,.T.);
#114=FACE_OUTER_BOUND('',#196,.T.);
#115=FACE_OUTER_BOUND('',#197,.T.);
#116=FACE_OUTER_BOUND('',#198,.T.);
#117=FACE_OUTER_BOUND('',#199,.T.);
#118=FACE_OUTER_BOUND('',#200,.T.);
#119=FACE_OUTER_BOUND('',#201,.T.);
#120=FACE_OUTER_BOUND('',#202,.T.);
#121=FACE_OUTER_BOUND('',#203,.T.);
#122=FACE_OUTER_BOUND('',#205,.T.);
#123=FACE_OUTER_BOUND('',#206,.T.);
#124=FACE_OUTER_BOUND('',#207,.T.);
#125=FACE_OUTER_BOUND('',#208,.T.);
#126=FACE_OUTER_BOUND('',#209,.T.);
#127=FACE_OUTER_BOUND('',#210,.T.);
#128=FACE_OUTER_BOUND('',#211,.T.);
#129=FACE_OUTER_BOUND('',#212,.T.);
#130=FACE_OUTER_BOUND('',#214,.T.);
#131=FACE_OUTER_BOUND('',#216,.T.);
#132=FACE_OUTER_BOUND('',#217,.T.);
#133=FACE_OUTER_BOUND('',#218,.T.);
#134=FACE_OUTER_BOUND('',#219,.T.);
#135=FACE_OUTER_BOUND('',#220,.T.);
#136=FACE_OUTER_BOUND('',#221,.T.);
#137=FACE_OUTER_BOUND('',#222,.T.);
#138=FACE_OUTER_BOUND('',#223,.T.);
#139=FACE_OUTER_BOUND('',#224,.T.);
#140=FACE_OUTER_BOUND('',#226,.T.);
#141=FACE_OUTER_BOUND('',#227,.T.);
#142=FACE_OUTER_BOUND('',#228,.T.);
#143=FACE_OUTER_BOUND('',#229,.T.);
#144=FACE_OUTER_BOUND('',#230,.T.);
#145=FACE_OUTER_BOUND('',#231,.T.);
#146=FACE_OUTER_BOUND('',#232,.T.);
#147=FACE_OUTER_BOUND('',#233,.T.);
#148=FACE_OUTER_BOUND('',#234,.T.);
#149=FACE_OUTER_BOUND('',#235,.T.);
#150=FACE_OUTER_BOUND('',#236,.T.);
#151=FACE_OUTER_BOUND('',#242,.T.);
#152=FACE_OUTER_BOUND('',#243,.T.);
#153=FACE_OUTER_BOUND('',#244,.T.);
#154=FACE_OUTER_BOUND('',#245,.T.);
#155=FACE_OUTER_BOUND('',#246,.T.);
#156=FACE_OUTER_BOUND('',#249,.T.);
#157=FACE_OUTER_BOUND('',#251,.T.);
#158=FACE_OUTER_BOUND('',#252,.T.);
#159=FACE_OUTER_BOUND('',#255,.T.);
#160=FACE_OUTER_BOUND('',#256,.T.);
#161=FACE_OUTER_BOUND('',#257,.T.);
#162=FACE_OUTER_BOUND('',#258,.T.);
#163=FACE_OUTER_BOUND('',#259,.T.);
#164=FACE_OUTER_BOUND('',#260,.T.);
#165=FACE_OUTER_BOUND('',#261,.T.);
#166=FACE_OUTER_BOUND('',#262,.T.);
#167=FACE_OUTER_BOUND('',#263,.T.);
#168=FACE_OUTER_BOUND('',#264,.T.);
#169=FACE_OUTER_BOUND('',#265,.T.);
#170=FACE_OUTER_BOUND('',#266,.T.);
#171=FACE_OUTER_BOUND('',#267,.T.);
#172=FACE_OUTER_BOUND('',#268,.T.);
#173=FACE_OUTER_BOUND('',#269,.T.);
#174=FACE_OUTER_BOUND('',#270,.T.);
#175=FACE_OUTER_BOUND('',#271,.T.);
#176=FACE_OUTER_BOUND('',#272,.T.);
#177=FACE_OUTER_BOUND('',#273,.T.);
#178=FACE_OUTER_BOUND('',#275,.T.);
#179=FACE_OUTER_BOUND('',#276,.T.);
#180=FACE_OUTER_BOUND('',#277,.T.);
#181=FACE_OUTER_BOUND('',#278,.T.);
#182=FACE_OUTER_BOUND('',#279,.T.);
#183=FACE_OUTER_BOUND('',#280,.T.);
#184=FACE_OUTER_BOUND('',#281,.T.);
#185=FACE_OUTER_BOUND('',#282,.T.);
#186=FACE_OUTER_BOUND('',#283,.T.);
#187=EDGE_LOOP('',(#1098,#1099,#1100,#1101,#1102,#1103));
#188=EDGE_LOOP('',(#1104,#1105,#1106,#1107));
#189=EDGE_LOOP('',(#1108,#1109,#1110,#1111));
#190=EDGE_LOOP('',(#1112,#1113,#1114,#1115));
#191=EDGE_LOOP('',(#1116,#1117,#1118,#1119,#1120,#1121,#1122,#1123,#1124,
#1125,#1126,#1127,#1128,#1129,#1130,#1131,#1132,#1133,#1134,#1135,#1136,
#1137,#1138));
#192=EDGE_LOOP('',(#1139,#1140,#1141,#1142));
#193=EDGE_LOOP('',(#1143,#1144,#1145,#1146,#1147,#1148,#1149,#1150,#1151,
#1152,#1153,#1154,#1155,#1156,#1157,#1158));
#194=EDGE_LOOP('',(#1159,#1160,#1161,#1162));
#195=EDGE_LOOP('',(#1163,#1164,#1165,#1166,#1167,#1168,#1169,#1170,#1171,
#1172,#1173,#1174,#1175,#1176,#1177,#1178));
#196=EDGE_LOOP('',(#1179,#1180,#1181,#1182));
#197=EDGE_LOOP('',(#1183,#1184,#1185,#1186));
#198=EDGE_LOOP('',(#1187,#1188,#1189,#1190,#1191,#1192,#1193,#1194));
#199=EDGE_LOOP('',(#1195,#1196,#1197,#1198));
#200=EDGE_LOOP('',(#1199,#1200,#1201,#1202,#1203,#1204,#1205,#1206));
#201=EDGE_LOOP('',(#1207,#1208,#1209,#1210,#1211,#1212,#1213,#1214,#1215,
#1216));
#202=EDGE_LOOP('',(#1217,#1218,#1219,#1220,#1221,#1222,#1223,#1224,#1225,
#1226,#1227,#1228));
#203=EDGE_LOOP('',(#1229,#1230,#1231,#1232));
#204=EDGE_LOOP('',(#1233,#1234,#1235,#1236));
#205=EDGE_LOOP('',(#1237,#1238,#1239,#1240));
#206=EDGE_LOOP('',(#1241,#1242,#1243,#1244));
#207=EDGE_LOOP('',(#1245,#1246,#1247,#1248));
#208=EDGE_LOOP('',(#1249,#1250,#1251,#1252,#1253,#1254,#1255,#1256,#1257,
#1258));
#209=EDGE_LOOP('',(#1259,#1260,#1261,#1262));
#210=EDGE_LOOP('',(#1263,#1264,#1265,#1266,#1267,#1268,#1269,#1270));
#211=EDGE_LOOP('',(#1271,#1272,#1273,#1274,#1275,#1276,#1277,#1278,#1279,
#1280,#1281,#1282,#1283));
#212=EDGE_LOOP('',(#1284,#1285,#1286,#1287,#1288,#1289,#1290,#1291,#1292,
#1293));
#213=EDGE_LOOP('',(#1294,#1295,#1296,#1297));
#214=EDGE_LOOP('',(#1298,#1299,#1300,#1301));
#215=EDGE_LOOP('',(#1302));
#216=EDGE_LOOP('',(#1303,#1304,#1305,#1306));
#217=EDGE_LOOP('',(#1307,#1308,#1309,#1310));
#218=EDGE_LOOP('',(#1311,#1312,#1313,#1314,#1315,#1316,#1317));
#219=EDGE_LOOP('',(#1318,#1319,#1320,#1321));
#220=EDGE_LOOP('',(#1322,#1323,#1324,#1325,#1326));
#221=EDGE_LOOP('',(#1327,#1328,#1329,#1330));
#222=EDGE_LOOP('',(#1331,#1332,#1333,#1334));
#223=EDGE_LOOP('',(#1335,#1336,#1337));
#224=EDGE_LOOP('',(#1338,#1339,#1340,#1341,#1342,#1343,#1344,#1345,#1346,
#1347,#1348));
#225=EDGE_LOOP('',(#1349));
#226=EDGE_LOOP('',(#1350,#1351,#1352,#1353));
#227=EDGE_LOOP('',(#1354,#1355,#1356,#1357));
#228=EDGE_LOOP('',(#1358,#1359,#1360,#1361,#1362,#1363,#1364));
#229=EDGE_LOOP('',(#1365,#1366,#1367,#1368));
#230=EDGE_LOOP('',(#1369,#1370,#1371,#1372,#1373,#1374));
#231=EDGE_LOOP('',(#1375,#1376,#1377,#1378));
#232=EDGE_LOOP('',(#1379,#1380,#1381,#1382,#1383,#1384,#1385,#1386,#1387));
#233=EDGE_LOOP('',(#1388,#1389,#1390,#1391,#1392,#1393,#1394,#1395));
#234=EDGE_LOOP('',(#1396,#1397,#1398,#1399));
#235=EDGE_LOOP('',(#1400,#1401,#1402,#1403));
#236=EDGE_LOOP('',(#1404));
#237=EDGE_LOOP('',(#1405));
#238=EDGE_LOOP('',(#1406,#1407,#1408,#1409));
#239=EDGE_LOOP('',(#1410));
#240=EDGE_LOOP('',(#1411));
#241=EDGE_LOOP('',(#1412));
#242=EDGE_LOOP('',(#1413,#1414,#1415,#1416,#1417,#1418,#1419));
#243=EDGE_LOOP('',(#1420,#1421,#1422,#1423,#1424,#1425,#1426));
#244=EDGE_LOOP('',(#1427,#1428,#1429,#1430));
#245=EDGE_LOOP('',(#1431,#1432,#1433,#1434));
#246=EDGE_LOOP('',(#1435,#1436,#1437,#1438,#1439,#1440));
#247=EDGE_LOOP('',(#1441));
#248=EDGE_LOOP('',(#1442));
#249=EDGE_LOOP('',(#1443));
#250=EDGE_LOOP('',(#1444));
#251=EDGE_LOOP('',(#1445,#1446,#1447,#1448,#1449,#1450));
#252=EDGE_LOOP('',(#1451,#1452,#1453,#1454,#1455,#1456));
#253=EDGE_LOOP('',(#1457,#1458,#1459));
#254=EDGE_LOOP('',(#1460,#1461));
#255=EDGE_LOOP('',(#1462,#1463,#1464,#1465,#1466,#1467,#1468,#1469));
#256=EDGE_LOOP('',(#1470,#1471,#1472,#1473,#1474,#1475,#1476,#1477));
#257=EDGE_LOOP('',(#1478,#1479,#1480,#1481));
#258=EDGE_LOOP('',(#1482,#1483,#1484,#1485));
#259=EDGE_LOOP('',(#1486));
#260=EDGE_LOOP('',(#1487));
#261=EDGE_LOOP('',(#1488,#1489,#1490,#1491,#1492,#1493,#1494,#1495,#1496,
#1497,#1498,#1499));
#262=EDGE_LOOP('',(#1500));
#263=EDGE_LOOP('',(#1501));
#264=EDGE_LOOP('',(#1502,#1503,#1504,#1505));
#265=EDGE_LOOP('',(#1506,#1507,#1508));
#266=EDGE_LOOP('',(#1509,#1510));
#267=EDGE_LOOP('',(#1511,#1512,#1513,#1514));
#268=EDGE_LOOP('',(#1515,#1516));
#269=EDGE_LOOP('',(#1517,#1518));
#270=EDGE_LOOP('',(#1519,#1520,#1521,#1522));
#271=EDGE_LOOP('',(#1523,#1524,#1525,#1526));
#272=EDGE_LOOP('',(#1527,#1528,#1529,#1530));
#273=EDGE_LOOP('',(#1531,#1532,#1533,#1534));
#274=EDGE_LOOP('',(#1535));
#275=EDGE_LOOP('',(#1536,#1537,#1538,#1539));
#276=EDGE_LOOP('',(#1540,#1541,#1542,#1543));
#277=EDGE_LOOP('',(#1544,#1545,#1546,#1547));
#278=EDGE_LOOP('',(#1548,#1549,#1550,#1551));
#279=EDGE_LOOP('',(#1552,#1553,#1554,#1555));
#280=EDGE_LOOP('',(#1556,#1557,#1558,#1559));
#281=EDGE_LOOP('',(#1560,#1561,#1562,#1563));
#282=EDGE_LOOP('',(#1564,#1565,#1566,#1567));
#283=EDGE_LOOP('',(#1568));
#284=EDGE_LOOP('',(#1569));
#285=EDGE_LOOP('',(#1570));
#286=EDGE_LOOP('',(#1571));
#287=EDGE_LOOP('',(#1572));
#288=EDGE_LOOP('',(#1573));
#289=LINE('',#2272,#470);
#290=LINE('',#2345,#471);
#291=LINE('',#2347,#472);
#292=LINE('',#2348,#473);
#293=LINE('',#2351,#474);
#294=LINE('',#2353,#475);
#295=LINE('',#2355,#476);
#296=LINE('',#2356,#477);
#297=LINE('',#2359,#478);
#298=LINE('',#2361,#479);
#299=LINE('',#2363,#480);
#300=LINE('',#2365,#481);
#301=LINE('',#2367,#482);
#302=LINE('',#2369,#483);
#303=LINE('',#2371,#484);
#304=LINE('',#2373,#485);
#305=LINE('',#2375,#486);
#306=LINE('',#2377,#487);
#307=LINE('',#2380,#488);
#308=LINE('',#2382,#489);
#309=LINE('',#2384,#490);
#310=LINE('',#2386,#491);
#311=LINE('',#2388,#492);
#312=LINE('',#2390,#493);
#313=LINE('',#2392,#494);
#314=LINE('',#2393,#495);
#315=LINE('',#2396,#496);
#316=LINE('',#2401,#497);
#317=LINE('',#2403,#498);
#318=LINE('',#2405,#499);
#319=LINE('',#2407,#500);
#320=LINE('',#2409,#501);
#321=LINE('',#2411,#502);
#322=LINE('',#2413,#503);
#323=LINE('',#2414,#504);
#324=LINE('',#2416,#505);
#325=LINE('',#2418,#506);
#326=LINE('',#2419,#507);
#327=LINE('',#2421,#508);
#328=LINE('',#2422,#509);
#329=LINE('',#2426,#510);
#330=LINE('',#2428,#511);
#331=LINE('',#2430,#512);
#332=LINE('',#2431,#513);
#333=LINE('',#2434,#514);
#334=LINE('',#2436,#515);
#335=LINE('',#2437,#516);
#336=LINE('',#2439,#517);
#337=LINE('',#2441,#518);
#338=LINE('',#2443,#519);
#339=LINE('',#2445,#520);
#340=LINE('',#2447,#521);
#341=LINE('',#2449,#522);
#342=LINE('',#2451,#523);
#343=LINE('',#2453,#524);
#344=LINE('',#2455,#525);
#345=LINE('',#2456,#526);
#346=LINE('',#2458,#527);
#347=LINE('',#2459,#528);
#348=LINE('',#2461,#529);
#349=LINE('',#2462,#530);
#350=LINE('',#2464,#531);
#351=LINE('',#2466,#532);
#352=LINE('',#2473,#533);
#353=LINE('',#2475,#534);
#354=LINE('',#2477,#535);
#355=LINE('',#2482,#536);
#356=LINE('',#2484,#537);
#357=LINE('',#2489,#538);
#358=LINE('',#2491,#539);
#359=LINE('',#2495,#540);
#360=LINE('',#2499,#541);
#361=LINE('',#2501,#542);
#362=LINE('',#2502,#543);
#363=LINE('',#2504,#544);
#364=LINE('',#2506,#545);
#365=LINE('',#2507,#546);
#366=LINE('',#2510,#547);
#367=LINE('',#2511,#548);
#368=LINE('',#2513,#549);
#369=LINE('',#2515,#550);
#370=LINE('',#2520,#551);
#371=LINE('',#2523,#552);
#372=LINE('',#2527,#553);
#373=LINE('',#2529,#554);
#374=LINE('',#2531,#555);
#375=LINE('',#2533,#556);
#376=LINE('',#2535,#557);
#377=LINE('',#2537,#558);
#378=LINE('',#2539,#559);
#379=LINE('',#2540,#560);
#380=LINE('',#2544,#561);
#381=LINE('',#2546,#562);
#382=LINE('',#2547,#563);
#383=LINE('',#2549,#564);
#384=LINE('',#2551,#565);
#385=LINE('',#2554,#566);
#386=LINE('',#2558,#567);
#387=LINE('',#2562,#568);
#388=LINE('',#2566,#569);
#389=LINE('',#2572,#570);
#390=LINE('',#2575,#571);
#391=LINE('',#2578,#572);
#392=LINE('',#2579,#573);
#393=LINE('',#2585,#574);
#394=LINE('',#2587,#575);
#395=LINE('',#2589,#576);
#396=LINE('',#2590,#577);
#397=LINE('',#2593,#578);
#398=LINE('',#2595,#579);
#399=LINE('',#2596,#580);
#400=LINE('',#2598,#581);
#401=LINE('',#2599,#582);
#402=LINE('',#2602,#583);
#403=LINE('',#2605,#584);
#404=LINE('',#2606,#585);
#405=LINE('',#2607,#586);
#406=LINE('',#2609,#587);
#407=LINE('',#2612,#588);
#408=LINE('',#2613,#589);
#409=LINE('',#2616,#590);
#410=LINE('',#2617,#591);
#411=LINE('',#2620,#592);
#412=LINE('',#2624,#593);
#413=LINE('',#2626,#594);
#414=LINE('',#2629,#595);
#415=LINE('',#2630,#596);
#416=LINE('',#2632,#597);
#417=LINE('',#2633,#598);
#418=LINE('',#2634,#599);
#419=LINE('',#2637,#600);
#420=LINE('',#2638,#601);
#421=LINE('',#2640,#602);
#422=LINE('',#2641,#603);
#423=LINE('',#2643,#604);
#424=LINE('',#2649,#605);
#425=LINE('',#2652,#606);
#426=LINE('',#2655,#607);
#427=LINE('',#2656,#608);
#428=LINE('',#2662,#609);
#429=LINE('',#2664,#610);
#430=LINE('',#2666,#611);
#431=LINE('',#2667,#612);
#432=LINE('',#2676,#613);
#433=LINE('',#2678,#614);
#434=LINE('',#2680,#615);
#435=LINE('',#2681,#616);
#436=LINE('',#2684,#617);
#437=LINE('',#2686,#618);
#438=LINE('',#2687,#619);
#439=LINE('',#2689,#620);
#440=LINE('',#2691,#621);
#441=LINE('',#2699,#622);
#442=LINE('',#2701,#623);
#443=LINE('',#2716,#624);
#444=LINE('',#2719,#625);
#445=LINE('',#2721,#626);
#446=LINE('',#2726,#627);
#447=LINE('',#2728,#628);
#448=LINE('',#2731,#629);
#449=LINE('',#2733,#630);
#450=LINE('',#2740,#631);
#451=LINE('',#2741,#632);
#452=LINE('',#2745,#633);
#453=LINE('',#2746,#634);
#454=LINE('',#2749,#635);
#455=LINE('',#2753,#636);
#456=LINE('',#2757,#637);
#457=LINE('',#2761,#638);
#458=LINE('',#2763,#639);
#459=LINE('',#2764,#640);
#460=LINE('',#2767,#641);
#461=LINE('',#2769,#642);
#462=LINE('',#2770,#643);
#463=LINE('',#2774,#644);
#464=LINE('',#2775,#645);
#465=LINE('',#2781,#646);
#466=LINE('',#2785,#647);
#467=LINE('',#2789,#648);
#468=LINE('',#2793,#649);
#469=LINE('',#2797,#650);
#470=VECTOR('',#1823,10.);
#471=VECTOR('',#1832,10.);
#472=VECTOR('',#1833,10.);
#473=VECTOR('',#1834,10.);
#474=VECTOR('',#1835,10.);
#475=VECTOR('',#1836,10.);
#476=VECTOR('',#1837,10.);
#477=VECTOR('',#1838,10.);
#478=VECTOR('',#1841,10.);
#479=VECTOR('',#1842,10.);
#480=VECTOR('',#1843,10.);
#481=VECTOR('',#1844,10.);
#482=VECTOR('',#1845,10.);
#483=VECTOR('',#1846,10.);
#484=VECTOR('',#1847,10.);
#485=VECTOR('',#1848,10.);
#486=VECTOR('',#1849,10.);
#487=VECTOR('',#1850,10.);
#488=VECTOR('',#1853,10.);
#489=VECTOR('',#1854,10.);
#490=VECTOR('',#1855,10.);
#491=VECTOR('',#1856,10.);
#492=VECTOR('',#1857,10.);
#493=VECTOR('',#1858,10.);
#494=VECTOR('',#1859,10.);
#495=VECTOR('',#1860,10.);
#496=VECTOR('',#1863,10.);
#497=VECTOR('',#1868,10.);
#498=VECTOR('',#1869,10.);
#499=VECTOR('',#1870,10.);
#500=VECTOR('',#1871,10.);
#501=VECTOR('',#1872,10.);
#502=VECTOR('',#1873,10.);
#503=VECTOR('',#1874,10.);
#504=VECTOR('',#1875,10.);
#505=VECTOR('',#1876,10.);
#506=VECTOR('',#1877,10.);
#507=VECTOR('',#1878,10.);
#508=VECTOR('',#1879,10.);
#509=VECTOR('',#1880,10.);
#510=VECTOR('',#1883,10.);
#511=VECTOR('',#1884,10.);
#512=VECTOR('',#1885,10.);
#513=VECTOR('',#1886,10.);
#514=VECTOR('',#1889,10.);
#515=VECTOR('',#1890,10.);
#516=VECTOR('',#1891,10.);
#517=VECTOR('',#1892,10.);
#518=VECTOR('',#1893,10.);
#519=VECTOR('',#1894,10.);
#520=VECTOR('',#1895,10.);
#521=VECTOR('',#1896,10.);
#522=VECTOR('',#1897,10.);
#523=VECTOR('',#1898,10.);
#524=VECTOR('',#1899,10.);
#525=VECTOR('',#1900,10.);
#526=VECTOR('',#1901,10.);
#527=VECTOR('',#1904,10.);
#528=VECTOR('',#1905,10.);
#529=VECTOR('',#1908,10.);
#530=VECTOR('',#1909,10.);
#531=VECTOR('',#1912,10.);
#532=VECTOR('',#1915,10.);
#533=VECTOR('',#1922,10.);
#534=VECTOR('',#1923,10.);
#535=VECTOR('',#1924,10.);
#536=VECTOR('',#1929,10.);
#537=VECTOR('',#1930,10.);
#538=VECTOR('',#1937,2.00000000000001);
#539=VECTOR('',#1938,10.);
#540=VECTOR('',#1941,2.00000000000001);
#541=VECTOR('',#1946,10.);
#542=VECTOR('',#1949,10.);
#543=VECTOR('',#1950,10.);
#544=VECTOR('',#1951,10.);
#545=VECTOR('',#1952,10.);
#546=VECTOR('',#1953,10.);
#547=VECTOR('',#1956,10.);
#548=VECTOR('',#1957,10.);
#549=VECTOR('',#1960,10.);
#550=VECTOR('',#1963,10.);
#551=VECTOR('',#1968,10.);
#552=VECTOR('',#1973,10.);
#553=VECTOR('',#1976,10.);
#554=VECTOR('',#1977,10.);
#555=VECTOR('',#1978,10.);
#556=VECTOR('',#1979,10.);
#557=VECTOR('',#1980,10.);
#558=VECTOR('',#1981,10.);
#559=VECTOR('',#1982,10.);
#560=VECTOR('',#1983,10.);
#561=VECTOR('',#1986,10.);
#562=VECTOR('',#1987,10.);
#563=VECTOR('',#1988,10.);
#564=VECTOR('',#1989,10.);
#565=VECTOR('',#1992,10.);
#566=VECTOR('',#1995,10.);
#567=VECTOR('',#1998,10.);
#568=VECTOR('',#2001,10.);
#569=VECTOR('',#2004,10.);
#570=VECTOR('',#2009,10.);
#571=VECTOR('',#2012,10.);
#572=VECTOR('',#2015,10.);
#573=VECTOR('',#2016,10.);
#574=VECTOR('',#2021,10.);
#575=VECTOR('',#2022,10.);
#576=VECTOR('',#2023,10.);
#577=VECTOR('',#2024,10.);
#578=VECTOR('',#2027,10.);
#579=VECTOR('',#2028,10.);
#580=VECTOR('',#2029,10.);
#581=VECTOR('',#2032,10.);
#582=VECTOR('',#2033,10.);
#583=VECTOR('',#2038,10.);
#584=VECTOR('',#2041,10.);
#585=VECTOR('',#2042,10.);
#586=VECTOR('',#2043,10.);
#587=VECTOR('',#2046,10.);
#588=VECTOR('',#2049,10.);
#589=VECTOR('',#2050,10.);
#590=VECTOR('',#2053,10.);
#591=VECTOR('',#2054,10.);
#592=VECTOR('',#2057,10.);
#593=VECTOR('',#2062,10.);
#594=VECTOR('',#2065,10.);
#595=VECTOR('',#2068,10.);
#596=VECTOR('',#2069,10.);
#597=VECTOR('',#2072,10.);
#598=VECTOR('',#2073,10.);
#599=VECTOR('',#2074,10.);
#600=VECTOR('',#2077,10.);
#601=VECTOR('',#2078,10.);
#602=VECTOR('',#2079,10.);
#603=VECTOR('',#2080,10.);
#604=VECTOR('',#2083,10.);
#605=VECTOR('',#2092,12.5);
#606=VECTOR('',#2095,12.5);
#607=VECTOR('',#2100,10.);
#608=VECTOR('',#2101,10.);
#609=VECTOR('',#2106,10.);
#610=VECTOR('',#2107,10.);
#611=VECTOR('',#2108,10.);
#612=VECTOR('',#2109,10.);
#613=VECTOR('',#2118,10.);
#614=VECTOR('',#2119,10.);
#615=VECTOR('',#2120,10.);
#616=VECTOR('',#2121,10.);
#617=VECTOR('',#2124,10.);
#618=VECTOR('',#2125,10.);
#619=VECTOR('',#2126,10.);
#620=VECTOR('',#2129,10.);
#621=VECTOR('',#2132,10.);
#622=VECTOR('',#2143,10.);
#623=VECTOR('',#2146,10.);
#624=VECTOR('',#2161,2.00000000000002);
#625=VECTOR('',#2164,10.);
#626=VECTOR('',#2165,10.);
#627=VECTOR('',#2172,2.00000000000001);
#628=VECTOR('',#2173,10.);
#629=VECTOR('',#2176,10.);
#630=VECTOR('',#2179,10.);
#631=VECTOR('',#2190,2.00000000000001);
#632=VECTOR('',#2191,2.00000000000001);
#633=VECTOR('',#2198,10.);
#634=VECTOR('',#2199,10.);
#635=VECTOR('',#2204,10.);
#636=VECTOR('',#2211,10.);
#637=VECTOR('',#2216,10.);
#638=VECTOR('',#2221,10.);
#639=VECTOR('',#2222,10.);
#640=VECTOR('',#2223,10.);
#641=VECTOR('',#2226,10.);
#642=VECTOR('',#2227,10.);
#643=VECTOR('',#2228,10.);
#644=VECTOR('',#2233,10.);
#645=VECTOR('',#2234,10.);
#646=VECTOR('',#2243,1.5);
#647=VECTOR('',#2248,1.5);
#648=VECTOR('',#2253,1.5);
#649=VECTOR('',#2258,1.49999999999999);
#650=VECTOR('',#2263,1.5);
#651=CIRCLE('',#1685,10.);
#652=CIRCLE('',#1686,10.);
#653=CIRCLE('',#1687,10.);
#654=CIRCLE('',#1688,10.);
#655=CIRCLE('',#1691,3.);
#656=CIRCLE('',#1693,3.);
#657=CIRCLE('',#1703,2.00000000000001);
#658=CIRCLE('',#1704,2.00000000000001);
#659=CIRCLE('',#1705,2.00000000000001);
#660=CIRCLE('',#1706,2.00000000000001);
#661=CIRCLE('',#1708,2.00000000000001);
#662=CIRCLE('',#1709,2.00000000000001);
#663=CIRCLE('',#1710,2.00000000000001);
#664=CIRCLE('',#1711,2.00000000000001);
#665=CIRCLE('',#1717,2.00000000000001);
#666=CIRCLE('',#1718,2.00000000000001);
#667=CIRCLE('',#1722,25.);
#668=CIRCLE('',#1724,25.);
#669=CIRCLE('',#1725,25.);
#670=CIRCLE('',#1726,25.);
#671=CIRCLE('',#1727,25.);
#672=CIRCLE('',#1728,25.);
#673=CIRCLE('',#1729,25.);
#674=CIRCLE('',#1731,12.5);
#675=CIRCLE('',#1735,12.5);
#676=CIRCLE('',#1742,12.5);
#677=CIRCLE('',#1743,12.5);
#678=CIRCLE('',#1752,12.5);
#679=CIRCLE('',#1754,12.5);
#680=CIRCLE('',#1757,1.5);
#681=CIRCLE('',#1758,1.49999999999999);
#682=CIRCLE('',#1759,1.5);
#683=CIRCLE('',#1760,1.5);
#684=CIRCLE('',#1766,2.00000000000001);
#685=CIRCLE('',#1768,10.);
#686=CIRCLE('',#1771,2.00000000000001);
#687=CIRCLE('',#1772,2.00000000000001);
#688=CIRCLE('',#1773,2.00000000000001);
#689=CIRCLE('',#1774,2.00000000000002);
#690=CIRCLE('',#1775,2.00000000000002);
#691=CIRCLE('',#1777,2.00000000000002);
#692=CIRCLE('',#1778,2.00000000000002);
#693=CIRCLE('',#1779,2.00000000000002);
#694=CIRCLE('',#1781,2.00000000000001);
#695=CIRCLE('',#1782,2.00000000000001);
#696=CIRCLE('',#1787,2.00000000000001);
#697=CIRCLE('',#1799,10.);
#698=CIRCLE('',#1802,1.5);
#699=CIRCLE('',#1807,1.5);
#700=CIRCLE('',#1809,1.5);
#701=CIRCLE('',#1811,1.5);
#702=CIRCLE('',#1813,1.49999999999999);
#703=CIRCLE('',#1815,1.5);
#704=VERTEX_POINT('',#2268);
#705=VERTEX_POINT('',#2269);
#706=VERTEX_POINT('',#2271);
#707=VERTEX_POINT('',#2274);
#708=VERTEX_POINT('',#2305);
#709=VERTEX_POINT('',#2306);
#710=VERTEX_POINT('',#2320);
#711=VERTEX_POINT('',#2325);
#712=VERTEX_POINT('',#2344);
#713=VERTEX_POINT('',#2346);
#714=VERTEX_POINT('',#2349);
#715=VERTEX_POINT('',#2350);
#716=VERTEX_POINT('',#2352);
#717=VERTEX_POINT('',#2354);
#718=VERTEX_POINT('',#2358);
#719=VERTEX_POINT('',#2360);
#720=VERTEX_POINT('',#2362);
#721=VERTEX_POINT('',#2364);
#722=VERTEX_POINT('',#2366);
#723=VERTEX_POINT('',#2368);
#724=VERTEX_POINT('',#2370);
#725=VERTEX_POINT('',#2372);
#726=VERTEX_POINT('',#2374);
#727=VERTEX_POINT('',#2376);
#728=VERTEX_POINT('',#2379);
#729=VERTEX_POINT('',#2381);
#730=VERTEX_POINT('',#2383);
#731=VERTEX_POINT('',#2385);
#732=VERTEX_POINT('',#2387);
#733=VERTEX_POINT('',#2389);
#734=VERTEX_POINT('',#2391);
#735=VERTEX_POINT('',#2395);
#736=VERTEX_POINT('',#2399);
#737=VERTEX_POINT('',#2400);
#738=VERTEX_POINT('',#2402);
#739=VERTEX_POINT('',#2404);
#740=VERTEX_POINT('',#2406);
#741=VERTEX_POINT('',#2408);
#742=VERTEX_POINT('',#2410);
#743=VERTEX_POINT('',#2412);
#744=VERTEX_POINT('',#2415);
#745=VERTEX_POINT('',#2417);
#746=VERTEX_POINT('',#2420);
#747=VERTEX_POINT('',#2424);
#748=VERTEX_POINT('',#2425);
#749=VERTEX_POINT('',#2427);
#750=VERTEX_POINT('',#2429);
#751=VERTEX_POINT('',#2433);
#752=VERTEX_POINT('',#2435);
#753=VERTEX_POINT('',#2438);
#754=VERTEX_POINT('',#2440);
#755=VERTEX_POINT('',#2442);
#756=VERTEX_POINT('',#2444);
#757=VERTEX_POINT('',#2446);
#758=VERTEX_POINT('',#2448);
#759=VERTEX_POINT('',#2450);
#760=VERTEX_POINT('',#2452);
#761=VERTEX_POINT('',#2454);
#762=VERTEX_POINT('',#2469);
#763=VERTEX_POINT('',#2470);
#764=VERTEX_POINT('',#2472);
#765=VERTEX_POINT('',#2474);
#766=VERTEX_POINT('',#2476);
#767=VERTEX_POINT('',#2478);
#768=VERTEX_POINT('',#2480);
#769=VERTEX_POINT('',#2483);
#770=VERTEX_POINT('',#2487);
#771=VERTEX_POINT('',#2490);
#772=VERTEX_POINT('',#2492);
#773=VERTEX_POINT('',#2494);
#774=VERTEX_POINT('',#2497);
#775=VERTEX_POINT('',#2503);
#776=VERTEX_POINT('',#2505);
#777=VERTEX_POINT('',#2509);
#778=VERTEX_POINT('',#2517);
#779=VERTEX_POINT('',#2518);
#780=VERTEX_POINT('',#2525);
#781=VERTEX_POINT('',#2526);
#782=VERTEX_POINT('',#2528);
#783=VERTEX_POINT('',#2530);
#784=VERTEX_POINT('',#2532);
#785=VERTEX_POINT('',#2534);
#786=VERTEX_POINT('',#2536);
#787=VERTEX_POINT('',#2538);
#788=VERTEX_POINT('',#2542);
#789=VERTEX_POINT('',#2543);
#790=VERTEX_POINT('',#2545);
#791=VERTEX_POINT('',#2548);
#792=VERTEX_POINT('',#2553);
#793=VERTEX_POINT('',#2555);
#794=VERTEX_POINT('',#2557);
#795=VERTEX_POINT('',#2559);
#796=VERTEX_POINT('',#2561);
#797=VERTEX_POINT('',#2563);
#798=VERTEX_POINT('',#2565);
#799=VERTEX_POINT('',#2568);
#800=VERTEX_POINT('',#2569);
#801=VERTEX_POINT('',#2571);
#802=VERTEX_POINT('',#2573);
#803=VERTEX_POINT('',#2577);
#804=VERTEX_POINT('',#2580);
#805=VERTEX_POINT('',#2583);
#806=VERTEX_POINT('',#2584);
#807=VERTEX_POINT('',#2586);
#808=VERTEX_POINT('',#2588);
#809=VERTEX_POINT('',#2592);
#810=VERTEX_POINT('',#2594);
#811=VERTEX_POINT('',#2604);
#812=VERTEX_POINT('',#2611);
#813=VERTEX_POINT('',#2615);
#814=VERTEX_POINT('',#2619);
#815=VERTEX_POINT('',#2621);
#816=VERTEX_POINT('',#2628);
#817=VERTEX_POINT('',#2636);
#818=VERTEX_POINT('',#2639);
#819=VERTEX_POINT('',#2647);
#820=VERTEX_POINT('',#2651);
#821=VERTEX_POINT('',#2658);
#822=VERTEX_POINT('',#2660);
#823=VERTEX_POINT('',#2661);
#824=VERTEX_POINT('',#2663);
#825=VERTEX_POINT('',#2665);
#826=VERTEX_POINT('',#2668);
#827=VERTEX_POINT('',#2670);
#828=VERTEX_POINT('',#2672);
#829=VERTEX_POINT('',#2675);
#830=VERTEX_POINT('',#2677);
#831=VERTEX_POINT('',#2679);
#832=VERTEX_POINT('',#2683);
#833=VERTEX_POINT('',#2685);
#834=VERTEX_POINT('',#2693);
#835=VERTEX_POINT('',#2696);
#836=VERTEX_POINT('',#2702);
#837=VERTEX_POINT('',#2703);
#838=VERTEX_POINT('',#2705);
#839=VERTEX_POINT('',#2708);
#840=VERTEX_POINT('',#2709);
#841=VERTEX_POINT('',#2713);
#842=VERTEX_POINT('',#2715);
#843=VERTEX_POINT('',#2717);
#844=VERTEX_POINT('',#2720);
#845=VERTEX_POINT('',#2724);
#846=VERTEX_POINT('',#2727);
#847=VERTEX_POINT('',#2729);
#848=VERTEX_POINT('',#2737);
#849=VERTEX_POINT('',#2756);
#850=VERTEX_POINT('',#2760);
#851=VERTEX_POINT('',#2762);
#852=VERTEX_POINT('',#2766);
#853=VERTEX_POINT('',#2768);
#854=VERTEX_POINT('',#2771);
#855=VERTEX_POINT('',#2779);
#856=VERTEX_POINT('',#2783);
#857=VERTEX_POINT('',#2787);
#858=VERTEX_POINT('',#2791);
#859=VERTEX_POINT('',#2795);
#860=EDGE_CURVE('',#704,#705,#651,.T.);
#861=EDGE_CURVE('',#706,#704,#289,.T.);
#862=EDGE_CURVE('',#706,#706,#652,.T.);
#863=EDGE_CURVE('',#707,#704,#653,.T.);
#864=EDGE_CURVE('',#705,#707,#654,.T.);
#865=EDGE_CURVE('',#708,#709,#101,.T.);
#866=EDGE_CURVE('',#709,#710,#102,.T.);
#867=EDGE_CURVE('',#710,#711,#103,.T.);
#868=EDGE_CURVE('',#711,#708,#104,.T.);
#869=EDGE_CURVE('',#712,#709,#290,.T.);
#870=EDGE_CURVE('',#713,#712,#291,.T.);
#871=EDGE_CURVE('',#713,#710,#292,.T.);
#872=EDGE_CURVE('',#714,#715,#293,.T.);
#873=EDGE_CURVE('',#715,#716,#294,.T.);
#874=EDGE_CURVE('',#716,#717,#295,.T.);
#875=EDGE_CURVE('',#717,#714,#296,.T.);
#876=EDGE_CURVE('',#718,#705,#297,.T.);
#877=EDGE_CURVE('',#719,#718,#298,.T.);
#878=EDGE_CURVE('',#719,#720,#299,.T.);
#879=EDGE_CURVE('',#720,#721,#300,.T.);
#880=EDGE_CURVE('',#721,#722,#301,.T.);
#881=EDGE_CURVE('',#723,#722,#302,.T.);
#882=EDGE_CURVE('',#723,#724,#303,.T.);
#883=EDGE_CURVE('',#724,#725,#304,.T.);
#884=EDGE_CURVE('',#725,#726,#305,.T.);
#885=EDGE_CURVE('',#727,#726,#306,.T.);
#886=EDGE_CURVE('',#712,#727,#655,.T.);
#887=EDGE_CURVE('',#708,#728,#307,.T.);
#888=EDGE_CURVE('',#728,#729,#308,.T.);
#889=EDGE_CURVE('',#729,#730,#309,.T.);
#890=EDGE_CURVE('',#730,#731,#310,.T.);
#891=EDGE_CURVE('',#731,#732,#311,.T.);
#892=EDGE_CURVE('',#732,#733,#312,.T.);
#893=EDGE_CURVE('',#733,#734,#313,.T.);
#894=EDGE_CURVE('',#707,#734,#314,.T.);
#895=EDGE_CURVE('',#727,#735,#315,.T.);
#896=EDGE_CURVE('',#735,#713,#656,.T.);
#897=EDGE_CURVE('',#736,#737,#316,.T.);
#898=EDGE_CURVE('',#738,#736,#317,.T.);
#899=EDGE_CURVE('',#739,#738,#318,.T.);
#900=EDGE_CURVE('',#739,#740,#319,.T.);
#901=EDGE_CURVE('',#740,#741,#320,.T.);
#902=EDGE_CURVE('',#742,#741,#321,.T.);
#903=EDGE_CURVE('',#743,#742,#322,.T.);
#904=EDGE_CURVE('',#743,#735,#323,.T.);
#905=EDGE_CURVE('',#726,#744,#324,.T.);
#906=EDGE_CURVE('',#745,#744,#325,.T.);
#907=EDGE_CURVE('',#723,#745,#326,.T.);
#908=EDGE_CURVE('',#722,#746,#327,.T.);
#909=EDGE_CURVE('',#737,#746,#328,.T.);
#910=EDGE_CURVE('',#747,#748,#329,.T.);
#911=EDGE_CURVE('',#749,#747,#330,.T.);
#912=EDGE_CURVE('',#750,#749,#331,.T.);
#913=EDGE_CURVE('',#750,#748,#332,.T.);
#914=EDGE_CURVE('',#731,#751,#333,.T.);
#915=EDGE_CURVE('',#751,#752,#334,.T.);
#916=EDGE_CURVE('',#728,#752,#335,.T.);
#917=EDGE_CURVE('',#711,#753,#336,.T.);
#918=EDGE_CURVE('',#753,#754,#337,.T.);
#919=EDGE_CURVE('',#754,#755,#338,.T.);
#920=EDGE_CURVE('',#756,#755,#339,.T.);
#921=EDGE_CURVE('',#756,#757,#340,.T.);
#922=EDGE_CURVE('',#758,#757,#341,.T.);
#923=EDGE_CURVE('',#759,#758,#342,.T.);
#924=EDGE_CURVE('',#759,#760,#343,.T.);
#925=EDGE_CURVE('',#761,#760,#344,.T.);
#926=EDGE_CURVE('',#732,#761,#345,.T.);
#927=EDGE_CURVE('',#744,#752,#346,.T.);
#928=EDGE_CURVE('',#745,#751,#347,.T.);
#929=EDGE_CURVE('',#730,#748,#348,.T.);
#930=EDGE_CURVE('',#729,#747,#349,.T.);
#931=EDGE_CURVE('',#724,#750,#350,.T.);
#932=EDGE_CURVE('',#725,#749,#351,.T.);
#933=EDGE_CURVE('',#762,#763,#657,.T.);
#934=EDGE_CURVE('',#764,#762,#352,.T.);
#935=EDGE_CURVE('',#765,#764,#353,.T.);
#936=EDGE_CURVE('',#766,#765,#354,.T.);
#937=EDGE_CURVE('',#767,#766,#658,.T.);
#938=EDGE_CURVE('',#768,#767,#659,.T.);
#939=EDGE_CURVE('',#714,#768,#355,.T.);
#940=EDGE_CURVE('',#769,#717,#356,.T.);
#941=EDGE_CURVE('',#763,#769,#660,.T.);
#942=EDGE_CURVE('',#770,#770,#661,.T.);
#943=EDGE_CURVE('',#770,#767,#357,.T.);
#944=EDGE_CURVE('',#766,#771,#358,.T.);
#945=EDGE_CURVE('',#771,#772,#662,.T.);
#946=EDGE_CURVE('',#772,#773,#359,.T.);
#947=EDGE_CURVE('',#773,#773,#663,.T.);
#948=EDGE_CURVE('',#772,#774,#664,.T.);
#949=EDGE_CURVE('',#774,#768,#360,.T.);
#950=EDGE_CURVE('',#753,#743,#361,.T.);
#951=EDGE_CURVE('',#742,#754,#362,.T.);
#952=EDGE_CURVE('',#775,#765,#363,.T.);
#953=EDGE_CURVE('',#764,#776,#364,.T.);
#954=EDGE_CURVE('',#776,#775,#365,.T.);
#955=EDGE_CURVE('',#777,#762,#366,.T.);
#956=EDGE_CURVE('',#777,#776,#367,.T.);
#957=EDGE_CURVE('',#715,#774,#368,.T.);
#958=EDGE_CURVE('',#771,#775,#369,.T.);
#959=EDGE_CURVE('',#778,#779,#665,.T.);
#960=EDGE_CURVE('',#716,#778,#370,.T.);
#961=EDGE_CURVE('',#779,#777,#666,.T.);
#962=EDGE_CURVE('',#769,#778,#371,.T.);
#963=EDGE_CURVE('',#780,#781,#372,.T.);
#964=EDGE_CURVE('',#782,#780,#373,.T.);
#965=EDGE_CURVE('',#783,#782,#374,.T.);
#966=EDGE_CURVE('',#784,#783,#375,.T.);
#967=EDGE_CURVE('',#784,#785,#376,.T.);
#968=EDGE_CURVE('',#785,#786,#377,.T.);
#969=EDGE_CURVE('',#786,#787,#378,.T.);
#970=EDGE_CURVE('',#781,#787,#379,.T.);
#971=EDGE_CURVE('',#788,#789,#380,.T.);
#972=EDGE_CURVE('',#789,#790,#381,.T.);
#973=EDGE_CURVE('',#790,#719,#382,.T.);
#974=EDGE_CURVE('',#791,#732,#383,.T.);
#975=EDGE_CURVE('',#791,#780,#667,.T.);
#976=EDGE_CURVE('',#788,#781,#384,.T.);
#977=EDGE_CURVE('',#792,#791,#385,.T.);
#978=EDGE_CURVE('',#793,#792,#668,.T.);
#979=EDGE_CURVE('',#793,#794,#386,.T.);
#980=EDGE_CURVE('',#795,#794,#669,.T.);
#981=EDGE_CURVE('',#796,#795,#387,.T.);
#982=EDGE_CURVE('',#797,#796,#670,.T.);
#983=EDGE_CURVE('',#797,#798,#388,.T.);
#984=EDGE_CURVE('',#782,#798,#671,.T.);
#985=EDGE_CURVE('',#799,#800,#672,.T.);
#986=EDGE_CURVE('',#800,#801,#389,.T.);
#987=EDGE_CURVE('',#801,#802,#673,.T.);
#988=EDGE_CURVE('',#802,#799,#390,.T.);
#989=EDGE_CURVE('',#798,#803,#391,.T.);
#990=EDGE_CURVE('',#803,#783,#392,.T.);
#991=EDGE_CURVE('',#804,#804,#674,.T.);
#992=EDGE_CURVE('',#805,#806,#393,.T.);
#993=EDGE_CURVE('',#807,#805,#394,.T.);
#994=EDGE_CURVE('',#807,#808,#395,.T.);
#995=EDGE_CURVE('',#808,#806,#396,.T.);
#996=EDGE_CURVE('',#809,#802,#397,.T.);
#997=EDGE_CURVE('',#810,#809,#398,.T.);
#998=EDGE_CURVE('',#810,#799,#399,.T.);
#999=EDGE_CURVE('',#785,#801,#400,.T.);
#1000=EDGE_CURVE('',#807,#784,#401,.T.);
#1001=EDGE_CURVE('',#809,#805,#675,.T.);
#1002=EDGE_CURVE('',#786,#800,#402,.T.);
#1003=EDGE_CURVE('',#811,#790,#403,.T.);
#1004=EDGE_CURVE('',#811,#808,#404,.T.);
#1005=EDGE_CURVE('',#808,#720,#405,.T.);
#1006=EDGE_CURVE('',#803,#807,#406,.T.);
#1007=EDGE_CURVE('',#812,#789,#407,.T.);
#1008=EDGE_CURVE('',#811,#812,#408,.T.);
#1009=EDGE_CURVE('',#746,#813,#409,.T.);
#1010=EDGE_CURVE('',#813,#737,#410,.T.);
#1011=EDGE_CURVE('',#787,#814,#411,.T.);
#1012=EDGE_CURVE('',#810,#815,#676,.T.);
#1013=EDGE_CURVE('',#815,#806,#677,.T.);
#1014=EDGE_CURVE('',#812,#814,#412,.T.);
#1015=EDGE_CURVE('',#788,#814,#413,.T.);
#1016=EDGE_CURVE('',#813,#816,#414,.T.);
#1017=EDGE_CURVE('',#736,#816,#415,.T.);
#1018=EDGE_CURVE('',#816,#793,#416,.T.);
#1019=EDGE_CURVE('',#761,#792,#417,.T.);
#1020=EDGE_CURVE('',#760,#738,#418,.T.);
#1021=EDGE_CURVE('',#794,#817,#419,.T.);
#1022=EDGE_CURVE('',#797,#794,#420,.T.);
#1023=EDGE_CURVE('',#818,#797,#421,.T.);
#1024=EDGE_CURVE('',#817,#818,#422,.T.);
#1025=EDGE_CURVE('',#793,#721,#423,.T.);
#1026=EDGE_CURVE('',#819,#819,#678,.T.);
#1027=EDGE_CURVE('',#819,#815,#424,.T.);
#1028=EDGE_CURVE('',#804,#820,#425,.T.);
#1029=EDGE_CURVE('',#820,#820,#679,.T.);
#1030=EDGE_CURVE('',#757,#796,#426,.T.);
#1031=EDGE_CURVE('',#795,#758,#427,.T.);
#1032=EDGE_CURVE('',#821,#821,#680,.T.);
#1033=EDGE_CURVE('',#822,#823,#428,.T.);
#1034=EDGE_CURVE('',#823,#824,#429,.T.);
#1035=EDGE_CURVE('',#824,#825,#430,.T.);
#1036=EDGE_CURVE('',#822,#825,#431,.T.);
#1037=EDGE_CURVE('',#826,#826,#681,.T.);
#1038=EDGE_CURVE('',#827,#827,#682,.T.);
#1039=EDGE_CURVE('',#828,#828,#683,.T.);
#1040=EDGE_CURVE('',#757,#829,#432,.T.);
#1041=EDGE_CURVE('',#829,#830,#433,.T.);
#1042=EDGE_CURVE('',#830,#831,#434,.T.);
#1043=EDGE_CURVE('',#818,#831,#435,.T.);
#1044=EDGE_CURVE('',#832,#817,#436,.T.);
#1045=EDGE_CURVE('',#833,#832,#437,.T.);
#1046=EDGE_CURVE('',#833,#759,#438,.T.);
#1047=EDGE_CURVE('',#831,#832,#439,.T.);
#1048=EDGE_CURVE('',#830,#833,#440,.T.);
#1049=EDGE_CURVE('',#834,#834,#684,.T.);
#1050=EDGE_CURVE('',#835,#835,#685,.T.);
#1051=EDGE_CURVE('',#830,#739,#441,.T.);
#1052=EDGE_CURVE('',#740,#756,#442,.T.);
#1053=EDGE_CURVE('',#836,#837,#686,.T.);
#1054=EDGE_CURVE('',#838,#836,#687,.T.);
#1055=EDGE_CURVE('',#837,#838,#688,.T.);
#1056=EDGE_CURVE('',#839,#840,#689,.T.);
#1057=EDGE_CURVE('',#840,#839,#690,.T.);
#1058=EDGE_CURVE('',#841,#841,#691,.T.);
#1059=EDGE_CURVE('',#841,#842,#443,.T.);
#1060=EDGE_CURVE('',#843,#842,#692,.T.);
#1061=EDGE_CURVE('',#840,#843,#444,.T.);
#1062=EDGE_CURVE('',#844,#839,#445,.T.);
#1063=EDGE_CURVE('',#842,#844,#693,.T.);
#1064=EDGE_CURVE('',#845,#845,#694,.T.);
#1065=EDGE_CURVE('',#845,#838,#446,.T.);
#1066=EDGE_CURVE('',#846,#836,#447,.T.);
#1067=EDGE_CURVE('',#847,#846,#695,.T.);
#1068=EDGE_CURVE('',#837,#847,#448,.T.);
#1069=EDGE_CURVE('',#755,#741,#449,.T.);
#1070=EDGE_CURVE('',#848,#848,#696,.T.);
#1071=EDGE_CURVE('',#848,#763,#450,.T.);
#1072=EDGE_CURVE('',#779,#834,#451,.T.);
#1073=EDGE_CURVE('',#840,#839,#452,.T.);
#1074=EDGE_CURVE('',#843,#844,#453,.T.);
#1075=EDGE_CURVE('',#847,#846,#454,.T.);
#1076=EDGE_CURVE('',#837,#836,#455,.T.);
#1077=EDGE_CURVE('',#835,#849,#456,.T.);
#1078=EDGE_CURVE('',#849,#849,#697,.T.);
#1079=EDGE_CURVE('',#823,#850,#457,.T.);
#1080=EDGE_CURVE('',#851,#822,#458,.T.);
#1081=EDGE_CURVE('',#850,#851,#459,.T.);
#1082=EDGE_CURVE('',#851,#852,#460,.T.);
#1083=EDGE_CURVE('',#852,#853,#461,.T.);
#1084=EDGE_CURVE('',#853,#850,#462,.T.);
#1085=EDGE_CURVE('',#854,#854,#698,.T.);
#1086=EDGE_CURVE('',#852,#825,#463,.T.);
#1087=EDGE_CURVE('',#824,#853,#464,.T.);
#1088=EDGE_CURVE('',#855,#855,#699,.T.);
#1089=EDGE_CURVE('',#855,#828,#465,.T.);
#1090=EDGE_CURVE('',#856,#856,#700,.T.);
#1091=EDGE_CURVE('',#856,#827,#466,.T.);
#1092=EDGE_CURVE('',#857,#857,#701,.T.);
#1093=EDGE_CURVE('',#857,#854,#467,.T.);
#1094=EDGE_CURVE('',#858,#858,#702,.T.);
#1095=EDGE_CURVE('',#858,#826,#468,.T.);
#1096=EDGE_CURVE('',#859,#859,#703,.T.);
#1097=EDGE_CURVE('',#859,#821,#469,.T.);
#1098=ORIENTED_EDGE('',*,*,#860,.F.);
#1099=ORIENTED_EDGE('',*,*,#861,.F.);
#1100=ORIENTED_EDGE('',*,*,#862,.F.);
#1101=ORIENTED_EDGE('',*,*,#861,.T.);
#1102=ORIENTED_EDGE('',*,*,#863,.F.);
#1103=ORIENTED_EDGE('',*,*,#864,.F.);
#1104=ORIENTED_EDGE('',*,*,#865,.T.);
#1105=ORIENTED_EDGE('',*,*,#866,.T.);
#1106=ORIENTED_EDGE('',*,*,#867,.T.);
#1107=ORIENTED_EDGE('',*,*,#868,.T.);
#1108=ORIENTED_EDGE('',*,*,#866,.F.);
#1109=ORIENTED_EDGE('',*,*,#869,.F.);
#1110=ORIENTED_EDGE('',*,*,#870,.F.);
#1111=ORIENTED_EDGE('',*,*,#871,.T.);
#1112=ORIENTED_EDGE('',*,*,#872,.T.);
#1113=ORIENTED_EDGE('',*,*,#873,.T.);
#1114=ORIENTED_EDGE('',*,*,#874,.T.);
#1115=ORIENTED_EDGE('',*,*,#875,.T.);
#1116=ORIENTED_EDGE('',*,*,#863,.T.);
#1117=ORIENTED_EDGE('',*,*,#860,.T.);
#1118=ORIENTED_EDGE('',*,*,#876,.F.);
#1119=ORIENTED_EDGE('',*,*,#877,.F.);
#1120=ORIENTED_EDGE('',*,*,#878,.T.);
#1121=ORIENTED_EDGE('',*,*,#879,.T.);
#1122=ORIENTED_EDGE('',*,*,#880,.T.);
#1123=ORIENTED_EDGE('',*,*,#881,.F.);
#1124=ORIENTED_EDGE('',*,*,#882,.T.);
#1125=ORIENTED_EDGE('',*,*,#883,.T.);
#1126=ORIENTED_EDGE('',*,*,#884,.T.);
#1127=ORIENTED_EDGE('',*,*,#885,.F.);
#1128=ORIENTED_EDGE('',*,*,#886,.F.);
#1129=ORIENTED_EDGE('',*,*,#869,.T.);
#1130=ORIENTED_EDGE('',*,*,#865,.F.);
#1131=ORIENTED_EDGE('',*,*,#887,.T.);
#1132=ORIENTED_EDGE('',*,*,#888,.T.);
#1133=ORIENTED_EDGE('',*,*,#889,.T.);
#1134=ORIENTED_EDGE('',*,*,#890,.T.);
#1135=ORIENTED_EDGE('',*,*,#891,.T.);
#1136=ORIENTED_EDGE('',*,*,#892,.T.);
#1137=ORIENTED_EDGE('',*,*,#893,.T.);
#1138=ORIENTED_EDGE('',*,*,#894,.F.);
#1139=ORIENTED_EDGE('',*,*,#886,.T.);
#1140=ORIENTED_EDGE('',*,*,#895,.T.);
#1141=ORIENTED_EDGE('',*,*,#896,.T.);
#1142=ORIENTED_EDGE('',*,*,#870,.T.);
#1143=ORIENTED_EDGE('',*,*,#897,.F.);
#1144=ORIENTED_EDGE('',*,*,#898,.F.);
#1145=ORIENTED_EDGE('',*,*,#899,.F.);
#1146=ORIENTED_EDGE('',*,*,#900,.T.);
#1147=ORIENTED_EDGE('',*,*,#901,.T.);
#1148=ORIENTED_EDGE('',*,*,#902,.F.);
#1149=ORIENTED_EDGE('',*,*,#903,.F.);
#1150=ORIENTED_EDGE('',*,*,#904,.T.);
#1151=ORIENTED_EDGE('',*,*,#895,.F.);
#1152=ORIENTED_EDGE('',*,*,#885,.T.);
#1153=ORIENTED_EDGE('',*,*,#905,.T.);
#1154=ORIENTED_EDGE('',*,*,#906,.F.);
#1155=ORIENTED_EDGE('',*,*,#907,.F.);
#1156=ORIENTED_EDGE('',*,*,#881,.T.);
#1157=ORIENTED_EDGE('',*,*,#908,.T.);
#1158=ORIENTED_EDGE('',*,*,#909,.F.);
#1159=ORIENTED_EDGE('',*,*,#910,.F.);
#1160=ORIENTED_EDGE('',*,*,#911,.F.);
#1161=ORIENTED_EDGE('',*,*,#912,.F.);
#1162=ORIENTED_EDGE('',*,*,#913,.T.);
#1163=ORIENTED_EDGE('',*,*,#891,.F.);
#1164=ORIENTED_EDGE('',*,*,#914,.T.);
#1165=ORIENTED_EDGE('',*,*,#915,.T.);
#1166=ORIENTED_EDGE('',*,*,#916,.F.);
#1167=ORIENTED_EDGE('',*,*,#887,.F.);
#1168=ORIENTED_EDGE('',*,*,#868,.F.);
#1169=ORIENTED_EDGE('',*,*,#917,.T.);
#1170=ORIENTED_EDGE('',*,*,#918,.T.);
#1171=ORIENTED_EDGE('',*,*,#919,.T.);
#1172=ORIENTED_EDGE('',*,*,#920,.F.);
#1173=ORIENTED_EDGE('',*,*,#921,.T.);
#1174=ORIENTED_EDGE('',*,*,#922,.F.);
#1175=ORIENTED_EDGE('',*,*,#923,.F.);
#1176=ORIENTED_EDGE('',*,*,#924,.T.);
#1177=ORIENTED_EDGE('',*,*,#925,.F.);
#1178=ORIENTED_EDGE('',*,*,#926,.F.);
#1179=ORIENTED_EDGE('',*,*,#927,.T.);
#1180=ORIENTED_EDGE('',*,*,#915,.F.);
#1181=ORIENTED_EDGE('',*,*,#928,.F.);
#1182=ORIENTED_EDGE('',*,*,#906,.T.);
#1183=ORIENTED_EDGE('',*,*,#910,.T.);
#1184=ORIENTED_EDGE('',*,*,#929,.F.);
#1185=ORIENTED_EDGE('',*,*,#889,.F.);
#1186=ORIENTED_EDGE('',*,*,#930,.T.);
#1187=ORIENTED_EDGE('',*,*,#882,.F.);
#1188=ORIENTED_EDGE('',*,*,#907,.T.);
#1189=ORIENTED_EDGE('',*,*,#928,.T.);
#1190=ORIENTED_EDGE('',*,*,#914,.F.);
#1191=ORIENTED_EDGE('',*,*,#890,.F.);
#1192=ORIENTED_EDGE('',*,*,#929,.T.);
#1193=ORIENTED_EDGE('',*,*,#913,.F.);
#1194=ORIENTED_EDGE('',*,*,#931,.F.);
#1195=ORIENTED_EDGE('',*,*,#912,.T.);
#1196=ORIENTED_EDGE('',*,*,#932,.F.);
#1197=ORIENTED_EDGE('',*,*,#883,.F.);
#1198=ORIENTED_EDGE('',*,*,#931,.T.);
#1199=ORIENTED_EDGE('',*,*,#884,.F.);
#1200=ORIENTED_EDGE('',*,*,#932,.T.);
#1201=ORIENTED_EDGE('',*,*,#911,.T.);
#1202=ORIENTED_EDGE('',*,*,#930,.F.);
#1203=ORIENTED_EDGE('',*,*,#888,.F.);
#1204=ORIENTED_EDGE('',*,*,#916,.T.);
#1205=ORIENTED_EDGE('',*,*,#927,.F.);
#1206=ORIENTED_EDGE('',*,*,#905,.F.);
#1207=ORIENTED_EDGE('',*,*,#933,.F.);
#1208=ORIENTED_EDGE('',*,*,#934,.F.);
#1209=ORIENTED_EDGE('',*,*,#935,.F.);
#1210=ORIENTED_EDGE('',*,*,#936,.F.);
#1211=ORIENTED_EDGE('',*,*,#937,.F.);
#1212=ORIENTED_EDGE('',*,*,#938,.F.);
#1213=ORIENTED_EDGE('',*,*,#939,.F.);
#1214=ORIENTED_EDGE('',*,*,#875,.F.);
#1215=ORIENTED_EDGE('',*,*,#940,.F.);
#1216=ORIENTED_EDGE('',*,*,#941,.F.);
#1217=ORIENTED_EDGE('',*,*,#942,.T.);
#1218=ORIENTED_EDGE('',*,*,#943,.T.);
#1219=ORIENTED_EDGE('',*,*,#937,.T.);
#1220=ORIENTED_EDGE('',*,*,#944,.T.);
#1221=ORIENTED_EDGE('',*,*,#945,.T.);
#1222=ORIENTED_EDGE('',*,*,#946,.T.);
#1223=ORIENTED_EDGE('',*,*,#947,.T.);
#1224=ORIENTED_EDGE('',*,*,#946,.F.);
#1225=ORIENTED_EDGE('',*,*,#948,.T.);
#1226=ORIENTED_EDGE('',*,*,#949,.T.);
#1227=ORIENTED_EDGE('',*,*,#938,.T.);
#1228=ORIENTED_EDGE('',*,*,#943,.F.);
#1229=ORIENTED_EDGE('',*,*,#950,.T.);
#1230=ORIENTED_EDGE('',*,*,#903,.T.);
#1231=ORIENTED_EDGE('',*,*,#951,.T.);
#1232=ORIENTED_EDGE('',*,*,#918,.F.);
#1233=ORIENTED_EDGE('',*,*,#952,.T.);
#1234=ORIENTED_EDGE('',*,*,#935,.T.);
#1235=ORIENTED_EDGE('',*,*,#953,.T.);
#1236=ORIENTED_EDGE('',*,*,#954,.T.);
#1237=ORIENTED_EDGE('',*,*,#955,.F.);
#1238=ORIENTED_EDGE('',*,*,#956,.T.);
#1239=ORIENTED_EDGE('',*,*,#953,.F.);
#1240=ORIENTED_EDGE('',*,*,#934,.T.);
#1241=ORIENTED_EDGE('',*,*,#949,.F.);
#1242=ORIENTED_EDGE('',*,*,#957,.F.);
#1243=ORIENTED_EDGE('',*,*,#872,.F.);
#1244=ORIENTED_EDGE('',*,*,#939,.T.);
#1245=ORIENTED_EDGE('',*,*,#952,.F.);
#1246=ORIENTED_EDGE('',*,*,#958,.F.);
#1247=ORIENTED_EDGE('',*,*,#944,.F.);
#1248=ORIENTED_EDGE('',*,*,#936,.T.);
#1249=ORIENTED_EDGE('',*,*,#959,.F.);
#1250=ORIENTED_EDGE('',*,*,#960,.F.);
#1251=ORIENTED_EDGE('',*,*,#873,.F.);
#1252=ORIENTED_EDGE('',*,*,#957,.T.);
#1253=ORIENTED_EDGE('',*,*,#948,.F.);
#1254=ORIENTED_EDGE('',*,*,#945,.F.);
#1255=ORIENTED_EDGE('',*,*,#958,.T.);
#1256=ORIENTED_EDGE('',*,*,#954,.F.);
#1257=ORIENTED_EDGE('',*,*,#956,.F.);
#1258=ORIENTED_EDGE('',*,*,#961,.F.);
#1259=ORIENTED_EDGE('',*,*,#962,.F.);
#1260=ORIENTED_EDGE('',*,*,#940,.T.);
#1261=ORIENTED_EDGE('',*,*,#874,.F.);
#1262=ORIENTED_EDGE('',*,*,#960,.T.);
#1263=ORIENTED_EDGE('',*,*,#963,.F.);
#1264=ORIENTED_EDGE('',*,*,#964,.F.);
#1265=ORIENTED_EDGE('',*,*,#965,.F.);
#1266=ORIENTED_EDGE('',*,*,#966,.F.);
#1267=ORIENTED_EDGE('',*,*,#967,.T.);
#1268=ORIENTED_EDGE('',*,*,#968,.T.);
#1269=ORIENTED_EDGE('',*,*,#969,.T.);
#1270=ORIENTED_EDGE('',*,*,#970,.F.);
#1271=ORIENTED_EDGE('',*,*,#971,.T.);
#1272=ORIENTED_EDGE('',*,*,#972,.T.);
#1273=ORIENTED_EDGE('',*,*,#973,.T.);
#1274=ORIENTED_EDGE('',*,*,#877,.T.);
#1275=ORIENTED_EDGE('',*,*,#876,.T.);
#1276=ORIENTED_EDGE('',*,*,#864,.T.);
#1277=ORIENTED_EDGE('',*,*,#894,.T.);
#1278=ORIENTED_EDGE('',*,*,#893,.F.);
#1279=ORIENTED_EDGE('',*,*,#892,.F.);
#1280=ORIENTED_EDGE('',*,*,#974,.F.);
#1281=ORIENTED_EDGE('',*,*,#975,.T.);
#1282=ORIENTED_EDGE('',*,*,#963,.T.);
#1283=ORIENTED_EDGE('',*,*,#976,.F.);
#1284=ORIENTED_EDGE('',*,*,#964,.T.);
#1285=ORIENTED_EDGE('',*,*,#975,.F.);
#1286=ORIENTED_EDGE('',*,*,#977,.F.);
#1287=ORIENTED_EDGE('',*,*,#978,.F.);
#1288=ORIENTED_EDGE('',*,*,#979,.T.);
#1289=ORIENTED_EDGE('',*,*,#980,.F.);
#1290=ORIENTED_EDGE('',*,*,#981,.F.);
#1291=ORIENTED_EDGE('',*,*,#982,.F.);
#1292=ORIENTED_EDGE('',*,*,#983,.T.);
#1293=ORIENTED_EDGE('',*,*,#984,.F.);
#1294=ORIENTED_EDGE('',*,*,#985,.T.);
#1295=ORIENTED_EDGE('',*,*,#986,.T.);
#1296=ORIENTED_EDGE('',*,*,#987,.T.);
#1297=ORIENTED_EDGE('',*,*,#988,.T.);
#1298=ORIENTED_EDGE('',*,*,#965,.T.);
#1299=ORIENTED_EDGE('',*,*,#984,.T.);
#1300=ORIENTED_EDGE('',*,*,#989,.T.);
#1301=ORIENTED_EDGE('',*,*,#990,.T.);
#1302=ORIENTED_EDGE('',*,*,#991,.T.);
#1303=ORIENTED_EDGE('',*,*,#992,.F.);
#1304=ORIENTED_EDGE('',*,*,#993,.F.);
#1305=ORIENTED_EDGE('',*,*,#994,.T.);
#1306=ORIENTED_EDGE('',*,*,#995,.T.);
#1307=ORIENTED_EDGE('',*,*,#988,.F.);
#1308=ORIENTED_EDGE('',*,*,#996,.F.);
#1309=ORIENTED_EDGE('',*,*,#997,.F.);
#1310=ORIENTED_EDGE('',*,*,#998,.T.);
#1311=ORIENTED_EDGE('',*,*,#987,.F.);
#1312=ORIENTED_EDGE('',*,*,#999,.F.);
#1313=ORIENTED_EDGE('',*,*,#967,.F.);
#1314=ORIENTED_EDGE('',*,*,#1000,.F.);
#1315=ORIENTED_EDGE('',*,*,#993,.T.);
#1316=ORIENTED_EDGE('',*,*,#1001,.F.);
#1317=ORIENTED_EDGE('',*,*,#996,.T.);
#1318=ORIENTED_EDGE('',*,*,#986,.F.);
#1319=ORIENTED_EDGE('',*,*,#1002,.F.);
#1320=ORIENTED_EDGE('',*,*,#968,.F.);
#1321=ORIENTED_EDGE('',*,*,#999,.T.);
#1322=ORIENTED_EDGE('',*,*,#973,.F.);
#1323=ORIENTED_EDGE('',*,*,#1003,.F.);
#1324=ORIENTED_EDGE('',*,*,#1004,.T.);
#1325=ORIENTED_EDGE('',*,*,#1005,.T.);
#1326=ORIENTED_EDGE('',*,*,#878,.F.);
#1327=ORIENTED_EDGE('',*,*,#1000,.T.);
#1328=ORIENTED_EDGE('',*,*,#966,.T.);
#1329=ORIENTED_EDGE('',*,*,#990,.F.);
#1330=ORIENTED_EDGE('',*,*,#1006,.T.);
#1331=ORIENTED_EDGE('',*,*,#1007,.F.);
#1332=ORIENTED_EDGE('',*,*,#1008,.F.);
#1333=ORIENTED_EDGE('',*,*,#1003,.T.);
#1334=ORIENTED_EDGE('',*,*,#972,.F.);
#1335=ORIENTED_EDGE('',*,*,#1009,.T.);
#1336=ORIENTED_EDGE('',*,*,#1010,.T.);
#1337=ORIENTED_EDGE('',*,*,#909,.T.);
#1338=ORIENTED_EDGE('',*,*,#1011,.F.);
#1339=ORIENTED_EDGE('',*,*,#969,.F.);
#1340=ORIENTED_EDGE('',*,*,#1002,.T.);
#1341=ORIENTED_EDGE('',*,*,#985,.F.);
#1342=ORIENTED_EDGE('',*,*,#998,.F.);
#1343=ORIENTED_EDGE('',*,*,#1012,.T.);
#1344=ORIENTED_EDGE('',*,*,#1013,.T.);
#1345=ORIENTED_EDGE('',*,*,#995,.F.);
#1346=ORIENTED_EDGE('',*,*,#1004,.F.);
#1347=ORIENTED_EDGE('',*,*,#1008,.T.);
#1348=ORIENTED_EDGE('',*,*,#1014,.T.);
#1349=ORIENTED_EDGE('',*,*,#862,.T.);
#1350=ORIENTED_EDGE('',*,*,#1007,.T.);
#1351=ORIENTED_EDGE('',*,*,#971,.F.);
#1352=ORIENTED_EDGE('',*,*,#1015,.T.);
#1353=ORIENTED_EDGE('',*,*,#1014,.F.);
#1354=ORIENTED_EDGE('',*,*,#1010,.F.);
#1355=ORIENTED_EDGE('',*,*,#1016,.T.);
#1356=ORIENTED_EDGE('',*,*,#1017,.F.);
#1357=ORIENTED_EDGE('',*,*,#897,.T.);
#1358=ORIENTED_EDGE('',*,*,#1017,.T.);
#1359=ORIENTED_EDGE('',*,*,#1018,.T.);
#1360=ORIENTED_EDGE('',*,*,#978,.T.);
#1361=ORIENTED_EDGE('',*,*,#1019,.F.);
#1362=ORIENTED_EDGE('',*,*,#925,.T.);
#1363=ORIENTED_EDGE('',*,*,#1020,.T.);
#1364=ORIENTED_EDGE('',*,*,#898,.T.);
#1365=ORIENTED_EDGE('',*,*,#1021,.F.);
#1366=ORIENTED_EDGE('',*,*,#1022,.F.);
#1367=ORIENTED_EDGE('',*,*,#1023,.F.);
#1368=ORIENTED_EDGE('',*,*,#1024,.F.);
#1369=ORIENTED_EDGE('',*,*,#1018,.F.);
#1370=ORIENTED_EDGE('',*,*,#1016,.F.);
#1371=ORIENTED_EDGE('',*,*,#1009,.F.);
#1372=ORIENTED_EDGE('',*,*,#908,.F.);
#1373=ORIENTED_EDGE('',*,*,#880,.F.);
#1374=ORIENTED_EDGE('',*,*,#1025,.F.);
#1375=ORIENTED_EDGE('',*,*,#1011,.T.);
#1376=ORIENTED_EDGE('',*,*,#1015,.F.);
#1377=ORIENTED_EDGE('',*,*,#976,.T.);
#1378=ORIENTED_EDGE('',*,*,#970,.T.);
#1379=ORIENTED_EDGE('',*,*,#1006,.F.);
#1380=ORIENTED_EDGE('',*,*,#989,.F.);
#1381=ORIENTED_EDGE('',*,*,#983,.F.);
#1382=ORIENTED_EDGE('',*,*,#1022,.T.);
#1383=ORIENTED_EDGE('',*,*,#979,.F.);
#1384=ORIENTED_EDGE('',*,*,#1025,.T.);
#1385=ORIENTED_EDGE('',*,*,#879,.F.);
#1386=ORIENTED_EDGE('',*,*,#1005,.F.);
#1387=ORIENTED_EDGE('',*,*,#994,.F.);
#1388=ORIENTED_EDGE('',*,*,#1026,.F.);
#1389=ORIENTED_EDGE('',*,*,#1027,.T.);
#1390=ORIENTED_EDGE('',*,*,#1012,.F.);
#1391=ORIENTED_EDGE('',*,*,#997,.T.);
#1392=ORIENTED_EDGE('',*,*,#1001,.T.);
#1393=ORIENTED_EDGE('',*,*,#992,.T.);
#1394=ORIENTED_EDGE('',*,*,#1013,.F.);
#1395=ORIENTED_EDGE('',*,*,#1027,.F.);
#1396=ORIENTED_EDGE('',*,*,#991,.F.);
#1397=ORIENTED_EDGE('',*,*,#1028,.T.);
#1398=ORIENTED_EDGE('',*,*,#1029,.F.);
#1399=ORIENTED_EDGE('',*,*,#1028,.F.);
#1400=ORIENTED_EDGE('',*,*,#1030,.T.);
#1401=ORIENTED_EDGE('',*,*,#981,.T.);
#1402=ORIENTED_EDGE('',*,*,#1031,.T.);
#1403=ORIENTED_EDGE('',*,*,#922,.T.);
#1404=ORIENTED_EDGE('',*,*,#1029,.T.);
#1405=ORIENTED_EDGE('',*,*,#1032,.T.);
#1406=ORIENTED_EDGE('',*,*,#1033,.T.);
#1407=ORIENTED_EDGE('',*,*,#1034,.T.);
#1408=ORIENTED_EDGE('',*,*,#1035,.T.);
#1409=ORIENTED_EDGE('',*,*,#1036,.F.);
#1410=ORIENTED_EDGE('',*,*,#1037,.T.);
#1411=ORIENTED_EDGE('',*,*,#1038,.T.);
#1412=ORIENTED_EDGE('',*,*,#1039,.T.);
#1413=ORIENTED_EDGE('',*,*,#1023,.T.);
#1414=ORIENTED_EDGE('',*,*,#982,.T.);
#1415=ORIENTED_EDGE('',*,*,#1030,.F.);
#1416=ORIENTED_EDGE('',*,*,#1040,.T.);
#1417=ORIENTED_EDGE('',*,*,#1041,.T.);
#1418=ORIENTED_EDGE('',*,*,#1042,.T.);
#1419=ORIENTED_EDGE('',*,*,#1043,.F.);
#1420=ORIENTED_EDGE('',*,*,#1021,.T.);
#1421=ORIENTED_EDGE('',*,*,#1044,.F.);
#1422=ORIENTED_EDGE('',*,*,#1045,.F.);
#1423=ORIENTED_EDGE('',*,*,#1046,.T.);
#1424=ORIENTED_EDGE('',*,*,#923,.T.);
#1425=ORIENTED_EDGE('',*,*,#1031,.F.);
#1426=ORIENTED_EDGE('',*,*,#980,.T.);
#1427=ORIENTED_EDGE('',*,*,#1024,.T.);
#1428=ORIENTED_EDGE('',*,*,#1043,.T.);
#1429=ORIENTED_EDGE('',*,*,#1047,.T.);
#1430=ORIENTED_EDGE('',*,*,#1044,.T.);
#1431=ORIENTED_EDGE('',*,*,#1048,.T.);
#1432=ORIENTED_EDGE('',*,*,#1045,.T.);
#1433=ORIENTED_EDGE('',*,*,#1047,.F.);
#1434=ORIENTED_EDGE('',*,*,#1042,.F.);
#1435=ORIENTED_EDGE('',*,*,#867,.F.);
#1436=ORIENTED_EDGE('',*,*,#871,.F.);
#1437=ORIENTED_EDGE('',*,*,#896,.F.);
#1438=ORIENTED_EDGE('',*,*,#904,.F.);
#1439=ORIENTED_EDGE('',*,*,#950,.F.);
#1440=ORIENTED_EDGE('',*,*,#917,.F.);
#1441=ORIENTED_EDGE('',*,*,#1049,.F.);
#1442=ORIENTED_EDGE('',*,*,#947,.F.);
#1443=ORIENTED_EDGE('',*,*,#1026,.T.);
#1444=ORIENTED_EDGE('',*,*,#1050,.T.);
#1445=ORIENTED_EDGE('',*,*,#1020,.F.);
#1446=ORIENTED_EDGE('',*,*,#924,.F.);
#1447=ORIENTED_EDGE('',*,*,#1046,.F.);
#1448=ORIENTED_EDGE('',*,*,#1048,.F.);
#1449=ORIENTED_EDGE('',*,*,#1051,.T.);
#1450=ORIENTED_EDGE('',*,*,#899,.T.);
#1451=ORIENTED_EDGE('',*,*,#921,.F.);
#1452=ORIENTED_EDGE('',*,*,#1052,.F.);
#1453=ORIENTED_EDGE('',*,*,#900,.F.);
#1454=ORIENTED_EDGE('',*,*,#1051,.F.);
#1455=ORIENTED_EDGE('',*,*,#1041,.F.);
#1456=ORIENTED_EDGE('',*,*,#1040,.F.);
#1457=ORIENTED_EDGE('',*,*,#1053,.F.);
#1458=ORIENTED_EDGE('',*,*,#1054,.F.);
#1459=ORIENTED_EDGE('',*,*,#1055,.F.);
#1460=ORIENTED_EDGE('',*,*,#1056,.F.);
#1461=ORIENTED_EDGE('',*,*,#1057,.F.);
#1462=ORIENTED_EDGE('',*,*,#1058,.T.);
#1463=ORIENTED_EDGE('',*,*,#1059,.T.);
#1464=ORIENTED_EDGE('',*,*,#1060,.F.);
#1465=ORIENTED_EDGE('',*,*,#1061,.F.);
#1466=ORIENTED_EDGE('',*,*,#1057,.T.);
#1467=ORIENTED_EDGE('',*,*,#1062,.F.);
#1468=ORIENTED_EDGE('',*,*,#1063,.F.);
#1469=ORIENTED_EDGE('',*,*,#1059,.F.);
#1470=ORIENTED_EDGE('',*,*,#1064,.T.);
#1471=ORIENTED_EDGE('',*,*,#1065,.T.);
#1472=ORIENTED_EDGE('',*,*,#1054,.T.);
#1473=ORIENTED_EDGE('',*,*,#1066,.F.);
#1474=ORIENTED_EDGE('',*,*,#1067,.F.);
#1475=ORIENTED_EDGE('',*,*,#1068,.F.);
#1476=ORIENTED_EDGE('',*,*,#1055,.T.);
#1477=ORIENTED_EDGE('',*,*,#1065,.F.);
#1478=ORIENTED_EDGE('',*,*,#1052,.T.);
#1479=ORIENTED_EDGE('',*,*,#920,.T.);
#1480=ORIENTED_EDGE('',*,*,#1069,.T.);
#1481=ORIENTED_EDGE('',*,*,#901,.F.);
#1482=ORIENTED_EDGE('',*,*,#1069,.F.);
#1483=ORIENTED_EDGE('',*,*,#919,.F.);
#1484=ORIENTED_EDGE('',*,*,#951,.F.);
#1485=ORIENTED_EDGE('',*,*,#902,.T.);
#1486=ORIENTED_EDGE('',*,*,#942,.F.);
#1487=ORIENTED_EDGE('',*,*,#1070,.F.);
#1488=ORIENTED_EDGE('',*,*,#1070,.T.);
#1489=ORIENTED_EDGE('',*,*,#1071,.T.);
#1490=ORIENTED_EDGE('',*,*,#941,.T.);
#1491=ORIENTED_EDGE('',*,*,#962,.T.);
#1492=ORIENTED_EDGE('',*,*,#959,.T.);
#1493=ORIENTED_EDGE('',*,*,#1072,.T.);
#1494=ORIENTED_EDGE('',*,*,#1049,.T.);
#1495=ORIENTED_EDGE('',*,*,#1072,.F.);
#1496=ORIENTED_EDGE('',*,*,#961,.T.);
#1497=ORIENTED_EDGE('',*,*,#955,.T.);
#1498=ORIENTED_EDGE('',*,*,#933,.T.);
#1499=ORIENTED_EDGE('',*,*,#1071,.F.);
#1500=ORIENTED_EDGE('',*,*,#1064,.F.);
#1501=ORIENTED_EDGE('',*,*,#1058,.F.);
#1502=ORIENTED_EDGE('',*,*,#1073,.F.);
#1503=ORIENTED_EDGE('',*,*,#1061,.T.);
#1504=ORIENTED_EDGE('',*,*,#1074,.T.);
#1505=ORIENTED_EDGE('',*,*,#1062,.T.);
#1506=ORIENTED_EDGE('',*,*,#1060,.T.);
#1507=ORIENTED_EDGE('',*,*,#1063,.T.);
#1508=ORIENTED_EDGE('',*,*,#1074,.F.);
#1509=ORIENTED_EDGE('',*,*,#1067,.T.);
#1510=ORIENTED_EDGE('',*,*,#1075,.F.);
#1511=ORIENTED_EDGE('',*,*,#977,.T.);
#1512=ORIENTED_EDGE('',*,*,#974,.T.);
#1513=ORIENTED_EDGE('',*,*,#926,.T.);
#1514=ORIENTED_EDGE('',*,*,#1019,.T.);
#1515=ORIENTED_EDGE('',*,*,#1056,.T.);
#1516=ORIENTED_EDGE('',*,*,#1073,.T.);
#1517=ORIENTED_EDGE('',*,*,#1053,.T.);
#1518=ORIENTED_EDGE('',*,*,#1076,.T.);
#1519=ORIENTED_EDGE('',*,*,#1076,.F.);
#1520=ORIENTED_EDGE('',*,*,#1068,.T.);
#1521=ORIENTED_EDGE('',*,*,#1075,.T.);
#1522=ORIENTED_EDGE('',*,*,#1066,.T.);
#1523=ORIENTED_EDGE('',*,*,#1050,.F.);
#1524=ORIENTED_EDGE('',*,*,#1077,.T.);
#1525=ORIENTED_EDGE('',*,*,#1078,.F.);
#1526=ORIENTED_EDGE('',*,*,#1077,.F.);
#1527=ORIENTED_EDGE('',*,*,#1079,.F.);
#1528=ORIENTED_EDGE('',*,*,#1033,.F.);
#1529=ORIENTED_EDGE('',*,*,#1080,.F.);
#1530=ORIENTED_EDGE('',*,*,#1081,.F.);
#1531=ORIENTED_EDGE('',*,*,#1081,.T.);
#1532=ORIENTED_EDGE('',*,*,#1082,.T.);
#1533=ORIENTED_EDGE('',*,*,#1083,.T.);
#1534=ORIENTED_EDGE('',*,*,#1084,.T.);
#1535=ORIENTED_EDGE('',*,*,#1085,.F.);
#1536=ORIENTED_EDGE('',*,*,#1086,.T.);
#1537=ORIENTED_EDGE('',*,*,#1035,.F.);
#1538=ORIENTED_EDGE('',*,*,#1087,.T.);
#1539=ORIENTED_EDGE('',*,*,#1083,.F.);
#1540=ORIENTED_EDGE('',*,*,#1080,.T.);
#1541=ORIENTED_EDGE('',*,*,#1036,.T.);
#1542=ORIENTED_EDGE('',*,*,#1086,.F.);
#1543=ORIENTED_EDGE('',*,*,#1082,.F.);
#1544=ORIENTED_EDGE('',*,*,#1079,.T.);
#1545=ORIENTED_EDGE('',*,*,#1084,.F.);
#1546=ORIENTED_EDGE('',*,*,#1087,.F.);
#1547=ORIENTED_EDGE('',*,*,#1034,.F.);
#1548=ORIENTED_EDGE('',*,*,#1088,.F.);
#1549=ORIENTED_EDGE('',*,*,#1089,.T.);
#1550=ORIENTED_EDGE('',*,*,#1039,.F.);
#1551=ORIENTED_EDGE('',*,*,#1089,.F.);
#1552=ORIENTED_EDGE('',*,*,#1090,.F.);
#1553=ORIENTED_EDGE('',*,*,#1091,.T.);
#1554=ORIENTED_EDGE('',*,*,#1038,.F.);
#1555=ORIENTED_EDGE('',*,*,#1091,.F.);
#1556=ORIENTED_EDGE('',*,*,#1092,.F.);
#1557=ORIENTED_EDGE('',*,*,#1093,.T.);
#1558=ORIENTED_EDGE('',*,*,#1085,.T.);
#1559=ORIENTED_EDGE('',*,*,#1093,.F.);
#1560=ORIENTED_EDGE('',*,*,#1094,.F.);
#1561=ORIENTED_EDGE('',*,*,#1095,.T.);
#1562=ORIENTED_EDGE('',*,*,#1037,.F.);
#1563=ORIENTED_EDGE('',*,*,#1095,.F.);
#1564=ORIENTED_EDGE('',*,*,#1096,.F.);
#1565=ORIENTED_EDGE('',*,*,#1097,.T.);
#1566=ORIENTED_EDGE('',*,*,#1032,.F.);
#1567=ORIENTED_EDGE('',*,*,#1097,.F.);
#1568=ORIENTED_EDGE('',*,*,#1078,.T.);
#1569=ORIENTED_EDGE('',*,*,#1096,.T.);
#1570=ORIENTED_EDGE('',*,*,#1090,.T.);
#1571=ORIENTED_EDGE('',*,*,#1094,.T.);
#1572=ORIENTED_EDGE('',*,*,#1088,.T.);
#1573=ORIENTED_EDGE('',*,*,#1092,.T.);
#1574=CYLINDRICAL_SURFACE('',#1684,10.);
#1575=CYLINDRICAL_SURFACE('',#1692,3.);
#1576=CYLINDRICAL_SURFACE('',#1707,2.00000000000001);
#1577=CYLINDRICAL_SURFACE('',#1723,25.);
#1578=CYLINDRICAL_SURFACE('',#1751,12.5);
#1579=CYLINDRICAL_SURFACE('',#1753,12.5);
#1580=CYLINDRICAL_SURFACE('',#1776,2.00000000000002);
#1581=CYLINDRICAL_SURFACE('',#1780,2.00000000000001);
#1582=CYLINDRICAL_SURFACE('',#1788,2.00000000000001);
#1583=CYLINDRICAL_SURFACE('',#1798,10.);
#1584=CYLINDRICAL_SURFACE('',#1806,1.5);
#1585=CYLINDRICAL_SURFACE('',#1808,1.5);
#1586=CYLINDRICAL_SURFACE('',#1810,1.5);
#1587=CYLINDRICAL_SURFACE('',#1812,1.49999999999999);
#1588=CYLINDRICAL_SURFACE('',#1814,1.5);
#1589=ADVANCED_FACE('',(#106),#1574,.F.);
#1590=ADVANCED_FACE('',(#107),#105,.T.);
#1591=ADVANCED_FACE('',(#108,#15),#36,.T.);
#1592=ADVANCED_FACE('',(#109),#37,.T.);
#1593=ADVANCED_FACE('',(#110),#1575,.T.);
#1594=ADVANCED_FACE('',(#111),#38,.T.);
#1595=ADVANCED_FACE('',(#112),#39,.T.);
#1596=ADVANCED_FACE('',(#113),#40,.T.);
#1597=ADVANCED_FACE('',(#114),#41,.T.);
#1598=ADVANCED_FACE('',(#115),#42,.T.);
#1599=ADVANCED_FACE('',(#116),#43,.T.);
#1600=ADVANCED_FACE('',(#117),#44,.T.);
#1601=ADVANCED_FACE('',(#118),#45,.T.);
#1602=ADVANCED_FACE('',(#119),#46,.F.);
#1603=ADVANCED_FACE('',(#120),#1576,.F.);
#1604=ADVANCED_FACE('',(#121,#16),#47,.T.);
#1605=ADVANCED_FACE('',(#122),#48,.F.);
#1606=ADVANCED_FACE('',(#123),#49,.F.);
#1607=ADVANCED_FACE('',(#124),#50,.F.);
#1608=ADVANCED_FACE('',(#125),#51,.F.);
#1609=ADVANCED_FACE('',(#126),#52,.F.);
#1610=ADVANCED_FACE('',(#127),#53,.T.);
#1611=ADVANCED_FACE('',(#128),#54,.T.);
#1612=ADVANCED_FACE('',(#129,#17),#1577,.T.);
#1613=ADVANCED_FACE('',(#130,#18),#55,.T.);
#1614=ADVANCED_FACE('',(#131),#56,.F.);
#1615=ADVANCED_FACE('',(#132),#57,.F.);
#1616=ADVANCED_FACE('',(#133),#58,.F.);
#1617=ADVANCED_FACE('',(#134),#59,.F.);
#1618=ADVANCED_FACE('',(#135),#60,.T.);
#1619=ADVANCED_FACE('',(#136),#61,.T.);
#1620=ADVANCED_FACE('',(#137),#62,.F.);
#1621=ADVANCED_FACE('',(#138),#63,.T.);
#1622=ADVANCED_FACE('',(#139,#19),#64,.F.);
#1623=ADVANCED_FACE('',(#140),#65,.F.);
#1624=ADVANCED_FACE('',(#141),#66,.F.);
#1625=ADVANCED_FACE('',(#142),#67,.F.);
#1626=ADVANCED_FACE('',(#143),#68,.F.);
#1627=ADVANCED_FACE('',(#144),#69,.F.);
#1628=ADVANCED_FACE('',(#145),#70,.T.);
#1629=ADVANCED_FACE('',(#146),#71,.T.);
#1630=ADVANCED_FACE('',(#147),#1578,.F.);
#1631=ADVANCED_FACE('',(#148),#1579,.F.);
#1632=ADVANCED_FACE('',(#149),#72,.T.);
#1633=ADVANCED_FACE('',(#150,#20,#21,#22,#23,#24),#73,.F.);
#1634=ADVANCED_FACE('',(#151),#74,.F.);
#1635=ADVANCED_FACE('',(#152),#75,.T.);
#1636=ADVANCED_FACE('',(#153),#76,.T.);
#1637=ADVANCED_FACE('',(#154),#77,.T.);
#1638=ADVANCED_FACE('',(#155,#25,#26),#78,.T.);
#1639=ADVANCED_FACE('',(#156,#27),#79,.T.);
#1640=ADVANCED_FACE('',(#157),#80,.T.);
#1641=ADVANCED_FACE('',(#158,#28,#29),#81,.T.);
#1642=ADVANCED_FACE('',(#159),#1580,.F.);
#1643=ADVANCED_FACE('',(#160),#1581,.F.);
#1644=ADVANCED_FACE('',(#161),#82,.T.);
#1645=ADVANCED_FACE('',(#162),#83,.T.);
#1646=ADVANCED_FACE('',(#163),#84,.F.);
#1647=ADVANCED_FACE('',(#164),#85,.F.);
#1648=ADVANCED_FACE('',(#165),#1582,.F.);
#1649=ADVANCED_FACE('',(#166),#86,.F.);
#1650=ADVANCED_FACE('',(#167),#87,.F.);
#1651=ADVANCED_FACE('',(#168),#88,.T.);
#1652=ADVANCED_FACE('',(#169),#89,.T.);
#1653=ADVANCED_FACE('',(#170),#90,.T.);
#1654=ADVANCED_FACE('',(#171),#91,.T.);
#1655=ADVANCED_FACE('',(#172),#92,.F.);
#1656=ADVANCED_FACE('',(#173),#93,.F.);
#1657=ADVANCED_FACE('',(#174),#94,.T.);
#1658=ADVANCED_FACE('',(#175),#1583,.F.);
#1659=ADVANCED_FACE('',(#176),#95,.T.);
#1660=ADVANCED_FACE('',(#177,#30),#96,.F.);
#1661=ADVANCED_FACE('',(#178),#97,.T.);
#1662=ADVANCED_FACE('',(#179),#98,.T.);
#1663=ADVANCED_FACE('',(#180),#99,.T.);
#1664=ADVANCED_FACE('',(#181),#1584,.F.);
#1665=ADVANCED_FACE('',(#182),#1585,.F.);
#1666=ADVANCED_FACE('',(#183),#1586,.F.);
#1667=ADVANCED_FACE('',(#184),#1587,.F.);
#1668=ADVANCED_FACE('',(#185),#1588,.F.);
#1669=ADVANCED_FACE('',(#186,#31,#32,#33,#34,#35),#100,.T.);
#1670=CLOSED_SHELL('',(#1589,#1590,#1591,#1592,#1593,#1594,#1595,#1596,
#1597,#1598,#1599,#1600,#1601,#1602,#1603,#1604,#1605,#1606,#1607,#1608,
#1609,#1610,#1611,#1612,#1613,#1614,#1615,#1616,#1617,#1618,#1619,#1620,
#1621,#1622,#1623,#1624,#1625,#1626,#1627,#1628,#1629,#1630,#1631,#1632,
#1633,#1634,#1635,#1636,#1637,#1638,#1639,#1640,#1641,#1642,#1643,#1644,
#1645,#1646,#1647,#1648,#1649,#1650,#1651,#1652,#1653,#1654,#1655,#1656,
#1657,#1658,#1659,#1660,#1661,#1662,#1663,#1664,#1665,#1666,#1667,#1668,
#1669));
#1671=DERIVED_UNIT_ELEMENT(#1673,1.);
#1672=DERIVED_UNIT_ELEMENT(#2804,-3.);
#1673=(
MASS_UNIT()
NAMED_UNIT(*)
SI_UNIT(.KILO.,.GRAM.)
);
#1674=DERIVED_UNIT((#1671,#1672));
#1675=MEASURE_REPRESENTATION_ITEM('density measure',
POSITIVE_RATIO_MEASURE(7850.),#1674);
#1676=PROPERTY_DEFINITION_REPRESENTATION(#1681,#1678);
#1677=PROPERTY_DEFINITION_REPRESENTATION(#1682,#1679);
#1678=REPRESENTATION('material name',(#1680),#2801);
#1679=REPRESENTATION('density',(#1675),#2801);
#1680=DESCRIPTIVE_REPRESENTATION_ITEM('Steel','Steel');
#1681=PROPERTY_DEFINITION('material property','material name',#2811);
#1682=PROPERTY_DEFINITION('material property','density of part',#2811);
#1683=AXIS2_PLACEMENT_3D('',#2266,#1817,#1818);
#1684=AXIS2_PLACEMENT_3D('',#2267,#1819,#1820);
#1685=AXIS2_PLACEMENT_3D('',#2270,#1821,#1822);
#1686=AXIS2_PLACEMENT_3D('',#2273,#1824,#1825);
#1687=AXIS2_PLACEMENT_3D('',#2275,#1826,#1827);
#1688=AXIS2_PLACEMENT_3D('',#2276,#1828,#1829);
#1689=AXIS2_PLACEMENT_3D('',#2343,#1830,#1831);
#1690=AXIS2_PLACEMENT_3D('',#2357,#1839,#1840);
#1691=AXIS2_PLACEMENT_3D('',#2378,#1851,#1852);
#1692=AXIS2_PLACEMENT_3D('',#2394,#1861,#1862);
#1693=AXIS2_PLACEMENT_3D('',#2397,#1864,#1865);
#1694=AXIS2_PLACEMENT_3D('',#2398,#1866,#1867);
#1695=AXIS2_PLACEMENT_3D('',#2423,#1881,#1882);
#1696=AXIS2_PLACEMENT_3D('',#2432,#1887,#1888);
#1697=AXIS2_PLACEMENT_3D('',#2457,#1902,#1903);
#1698=AXIS2_PLACEMENT_3D('',#2460,#1906,#1907);
#1699=AXIS2_PLACEMENT_3D('',#2463,#1910,#1911);
#1700=AXIS2_PLACEMENT_3D('',#2465,#1913,#1914);
#1701=AXIS2_PLACEMENT_3D('',#2467,#1916,#1917);
#1702=AXIS2_PLACEMENT_3D('',#2468,#1918,#1919);
#1703=AXIS2_PLACEMENT_3D('',#2471,#1920,#1921);
#1704=AXIS2_PLACEMENT_3D('',#2479,#1925,#1926);
#1705=AXIS2_PLACEMENT_3D('',#2481,#1927,#1928);
#1706=AXIS2_PLACEMENT_3D('',#2485,#1931,#1932);
#1707=AXIS2_PLACEMENT_3D('',#2486,#1933,#1934);
#1708=AXIS2_PLACEMENT_3D('',#2488,#1935,#1936);
#1709=AXIS2_PLACEMENT_3D('',#2493,#1939,#1940);
#1710=AXIS2_PLACEMENT_3D('',#2496,#1942,#1943);
#1711=AXIS2_PLACEMENT_3D('',#2498,#1944,#1945);
#1712=AXIS2_PLACEMENT_3D('',#2500,#1947,#1948);
#1713=AXIS2_PLACEMENT_3D('',#2508,#1954,#1955);
#1714=AXIS2_PLACEMENT_3D('',#2512,#1958,#1959);
#1715=AXIS2_PLACEMENT_3D('',#2514,#1961,#1962);
#1716=AXIS2_PLACEMENT_3D('',#2516,#1964,#1965);
#1717=AXIS2_PLACEMENT_3D('',#2519,#1966,#1967);
#1718=AXIS2_PLACEMENT_3D('',#2521,#1969,#1970);
#1719=AXIS2_PLACEMENT_3D('',#2522,#1971,#1972);
#1720=AXIS2_PLACEMENT_3D('',#2524,#1974,#1975);
#1721=AXIS2_PLACEMENT_3D('',#2541,#1984,#1985);
#1722=AXIS2_PLACEMENT_3D('',#2550,#1990,#1991);
#1723=AXIS2_PLACEMENT_3D('',#2552,#1993,#1994);
#1724=AXIS2_PLACEMENT_3D('',#2556,#1996,#1997);
#1725=AXIS2_PLACEMENT_3D('',#2560,#1999,#2000);
#1726=AXIS2_PLACEMENT_3D('',#2564,#2002,#2003);
#1727=AXIS2_PLACEMENT_3D('',#2567,#2005,#2006);
#1728=AXIS2_PLACEMENT_3D('',#2570,#2007,#2008);
#1729=AXIS2_PLACEMENT_3D('',#2574,#2010,#2011);
#1730=AXIS2_PLACEMENT_3D('',#2576,#2013,#2014);
#1731=AXIS2_PLACEMENT_3D('',#2581,#2017,#2018);
#1732=AXIS2_PLACEMENT_3D('',#2582,#2019,#2020);
#1733=AXIS2_PLACEMENT_3D('',#2591,#2025,#2026);
#1734=AXIS2_PLACEMENT_3D('',#2597,#2030,#2031);
#1735=AXIS2_PLACEMENT_3D('',#2600,#2034,#2035);
#1736=AXIS2_PLACEMENT_3D('',#2601,#2036,#2037);
#1737=AXIS2_PLACEMENT_3D('',#2603,#2039,#2040);
#1738=AXIS2_PLACEMENT_3D('',#2608,#2044,#2045);
#1739=AXIS2_PLACEMENT_3D('',#2610,#2047,#2048);
#1740=AXIS2_PLACEMENT_3D('',#2614,#2051,#2052);
#1741=AXIS2_PLACEMENT_3D('',#2618,#2055,#2056);
#1742=AXIS2_PLACEMENT_3D('',#2622,#2058,#2059);
#1743=AXIS2_PLACEMENT_3D('',#2623,#2060,#2061);
#1744=AXIS2_PLACEMENT_3D('',#2625,#2063,#2064);
#1745=AXIS2_PLACEMENT_3D('',#2627,#2066,#2067);
#1746=AXIS2_PLACEMENT_3D('',#2631,#2070,#2071);
#1747=AXIS2_PLACEMENT_3D('',#2635,#2075,#2076);
#1748=AXIS2_PLACEMENT_3D('',#2642,#2081,#2082);
#1749=AXIS2_PLACEMENT_3D('',#2644,#2084,#2085);
#1750=AXIS2_PLACEMENT_3D('',#2645,#2086,#2087);
#1751=AXIS2_PLACEMENT_3D('',#2646,#2088,#2089);
#1752=AXIS2_PLACEMENT_3D('',#2648,#2090,#2091);
#1753=AXIS2_PLACEMENT_3D('',#2650,#2093,#2094);
#1754=AXIS2_PLACEMENT_3D('',#2653,#2096,#2097);
#1755=AXIS2_PLACEMENT_3D('',#2654,#2098,#2099);
#1756=AXIS2_PLACEMENT_3D('',#2657,#2102,#2103);
#1757=AXIS2_PLACEMENT_3D('',#2659,#2104,#2105);
#1758=AXIS2_PLACEMENT_3D('',#2669,#2110,#2111);
#1759=AXIS2_PLACEMENT_3D('',#2671,#2112,#2113);
#1760=AXIS2_PLACEMENT_3D('',#2673,#2114,#2115);
#1761=AXIS2_PLACEMENT_3D('',#2674,#2116,#2117);
#1762=AXIS2_PLACEMENT_3D('',#2682,#2122,#2123);
#1763=AXIS2_PLACEMENT_3D('',#2688,#2127,#2128);
#1764=AXIS2_PLACEMENT_3D('',#2690,#2130,#2131);
#1765=AXIS2_PLACEMENT_3D('',#2692,#2133,#2134);
#1766=AXIS2_PLACEMENT_3D('',#2694,#2135,#2136);
#1767=AXIS2_PLACEMENT_3D('',#2695,#2137,#2138);
#1768=AXIS2_PLACEMENT_3D('',#2697,#2139,#2140);
#1769=AXIS2_PLACEMENT_3D('',#2698,#2141,#2142);
#1770=AXIS2_PLACEMENT_3D('',#2700,#2144,#2145);
#1771=AXIS2_PLACEMENT_3D('',#2704,#2147,#2148);
#1772=AXIS2_PLACEMENT_3D('',#2706,#2149,#2150);
#1773=AXIS2_PLACEMENT_3D('',#2707,#2151,#2152);
#1774=AXIS2_PLACEMENT_3D('',#2710,#2153,#2154);
#1775=AXIS2_PLACEMENT_3D('',#2711,#2155,#2156);
#1776=AXIS2_PLACEMENT_3D('',#2712,#2157,#2158);
#1777=AXIS2_PLACEMENT_3D('',#2714,#2159,#2160);
#1778=AXIS2_PLACEMENT_3D('',#2718,#2162,#2163);
#1779=AXIS2_PLACEMENT_3D('',#2722,#2166,#2167);
#1780=AXIS2_PLACEMENT_3D('',#2723,#2168,#2169);
#1781=AXIS2_PLACEMENT_3D('',#2725,#2170,#2171);
#1782=AXIS2_PLACEMENT_3D('',#2730,#2174,#2175);
#1783=AXIS2_PLACEMENT_3D('',#2732,#2177,#2178);
#1784=AXIS2_PLACEMENT_3D('',#2734,#2180,#2181);
#1785=AXIS2_PLACEMENT_3D('',#2735,#2182,#2183);
#1786=AXIS2_PLACEMENT_3D('',#2736,#2184,#2185);
#1787=AXIS2_PLACEMENT_3D('',#2738,#2186,#2187);
#1788=AXIS2_PLACEMENT_3D('',#2739,#2188,#2189);
#1789=AXIS2_PLACEMENT_3D('',#2742,#2192,#2193);
#1790=AXIS2_PLACEMENT_3D('',#2743,#2194,#2195);
#1791=AXIS2_PLACEMENT_3D('',#2744,#2196,#2197);
#1792=AXIS2_PLACEMENT_3D('',#2747,#2200,#2201);
#1793=AXIS2_PLACEMENT_3D('',#2748,#2202,#2203);
#1794=AXIS2_PLACEMENT_3D('',#2750,#2205,#2206);
#1795=AXIS2_PLACEMENT_3D('',#2751,#2207,#2208);
#1796=AXIS2_PLACEMENT_3D('',#2752,#2209,#2210);
#1797=AXIS2_PLACEMENT_3D('',#2754,#2212,#2213);
#1798=AXIS2_PLACEMENT_3D('',#2755,#2214,#2215);
#1799=AXIS2_PLACEMENT_3D('',#2758,#2217,#2218);
#1800=AXIS2_PLACEMENT_3D('',#2759,#2219,#2220);
#1801=AXIS2_PLACEMENT_3D('',#2765,#2224,#2225);
#1802=AXIS2_PLACEMENT_3D('',#2772,#2229,#2230);
#1803=AXIS2_PLACEMENT_3D('',#2773,#2231,#2232);
#1804=AXIS2_PLACEMENT_3D('',#2776,#2235,#2236);
#1805=AXIS2_PLACEMENT_3D('',#2777,#2237,#2238);
#1806=AXIS2_PLACEMENT_3D('',#2778,#2239,#2240);
#1807=AXIS2_PLACEMENT_3D('',#2780,#2241,#2242);
#1808=AXIS2_PLACEMENT_3D('',#2782,#2244,#2245);
#1809=AXIS2_PLACEMENT_3D('',#2784,#2246,#2247);
#1810=AXIS2_PLACEMENT_3D('',#2786,#2249,#2250);
#1811=AXIS2_PLACEMENT_3D('',#2788,#2251,#2252);
#1812=AXIS2_PLACEMENT_3D('',#2790,#2254,#2255);
#1813=AXIS2_PLACEMENT_3D('',#2792,#2256,#2257);
#1814=AXIS2_PLACEMENT_3D('',#2794,#2259,#2260);
#1815=AXIS2_PLACEMENT_3D('',#2796,#2261,#2262);
#1816=AXIS2_PLACEMENT_3D('',#2798,#2264,#2265);
#1817=DIRECTION('axis',(0.,0.,1.));
#1818=DIRECTION('refdir',(1.,0.,0.));
#1819=DIRECTION('center_axis',(3.32503297216424E-17,2.16304806720091E-17,
1.));
#1820=DIRECTION('ref_axis',(0.766044443118978,-0.64278760968654,-1.15674253476064E-17));
#1821=DIRECTION('center_axis',(-2.02881008737995E-16,1.25150858201055E-16,
-1.));
#1822=DIRECTION('ref_axis',(0.766044443118978,-0.64278760968654,-1.9837582926865E-17));
#1823=DIRECTION('',(3.32503297216424E-17,2.16304806720091E-17,1.));
#1824=DIRECTION('center_axis',(3.27849730106261E-17,1.75766626424981E-17,
1.));
#1825=DIRECTION('ref_axis',(0.766044443118978,-0.64278760968654,-1.15674253476064E-17));
#1826=DIRECTION('center_axis',(-2.02881008737995E-16,1.25150858201055E-16,
-1.));
#1827=DIRECTION('ref_axis',(0.766044443118978,-0.64278760968654,-1.9837582926865E-17));
#1828=DIRECTION('center_axis',(-2.02881008737995E-16,1.25150858201055E-16,
-1.));
#1829=DIRECTION('ref_axis',(0.766044443118978,-0.64278760968654,-1.15674253476064E-17));
#1830=DIRECTION('center_axis',(-0.642787609686539,-0.766044443118978,4.78627489031063E-16));
#1831=DIRECTION('ref_axis',(0.766044443118978,-0.642787609686539,-4.57905895276421E-16));
#1832=DIRECTION('',(0.766044443118978,-0.642787609686539,-4.57905895276421E-16));
#1833=DIRECTION('',(6.5843208615247E-16,7.23136924101299E-17,1.));
#1834=DIRECTION('',(0.766044443118978,-0.642787609686539,-4.5790589527642E-16));
#1835=DIRECTION('',(-3.7375116592899E-16,-3.11189347572861E-16,-1.));
#1836=DIRECTION('',(-0.766044443118978,0.642787609686539,8.62813468828686E-17));
#1837=DIRECTION('',(3.7375116592899E-16,3.11189347572861E-16,1.));
#1838=DIRECTION('',(0.766044443118978,-0.642787609686539,-8.62813468828686E-17));
#1839=DIRECTION('center_axis',(2.02881008737995E-16,-1.25150858201055E-16,
1.));
#1840=DIRECTION('ref_axis',(0.766044443118978,-0.64278760968654,-2.35861290351389E-16));
#1841=DIRECTION('',(0.766044443118978,-0.64278760968654,-2.35861290351389E-16));
#1842=DIRECTION('',(0.64278760968654,0.766044443118978,-3.45382791810007E-17));
#1843=DIRECTION('',(-0.157059213588326,-0.987589187581059,-9.17333026914561E-17));
#1844=DIRECTION('',(-0.642787609686539,-0.766044443118978,3.45382791810007E-17));
#1845=DIRECTION('',(-0.90582519376175,0.423651647402071,2.36795096301334E-16));
#1846=DIRECTION('',(0.64278760968654,0.766044443118978,-3.45382791810007E-17));
#1847=DIRECTION('',(0.766044443118978,-0.642787609686539,-2.35861290351389E-16));
#1848=DIRECTION('',(-0.642787609686539,-0.766044443118978,3.45382791810006E-17));
#1849=DIRECTION('',(-0.766044443118978,0.64278760968654,2.35861290351389E-16));
#1850=DIRECTION('',(0.64278760968654,0.766044443118978,-3.45382791810007E-17));
#1851=DIRECTION('center_axis',(-2.02881008737995E-16,1.25150858201055E-16,
-1.));
#1852=DIRECTION('ref_axis',(-0.996194698091745,-0.0871557427476589,6.46384089120911E-16));
#1853=DIRECTION('',(0.642787609686539,0.766044443118978,-4.78627489031063E-16));
#1854=DIRECTION('',(-0.766044443118979,0.642787609686538,2.35861290351389E-16));
#1855=DIRECTION('',(0.642787609686538,0.766044443118979,-3.45382791810004E-17));
#1856=DIRECTION('',(0.766044443118978,-0.642787609686539,-2.35861290351389E-16));
#1857=DIRECTION('',(0.642787609686539,0.766044443118978,-4.78627489031063E-16));
#1858=DIRECTION('',(-0.881315076631064,-0.472529084504628,1.19664671312201E-16));
#1859=DIRECTION('',(-0.766044443118978,0.64278760968654,2.35861290351389E-16));
#1860=DIRECTION('',(-0.64278760968654,-0.766044443118978,3.45382791810007E-17));
#1861=DIRECTION('center_axis',(6.5843208615247E-16,7.231369241013E-17,1.));
#1862=DIRECTION('ref_axis',(-0.996194698091745,-0.0871557427476589,6.46384089120911E-16));
#1863=DIRECTION('',(-6.5843208615247E-16,-7.231369241013E-17,-1.));
#1864=DIRECTION('center_axis',(6.5843208615247E-16,7.23136924101302E-17,
1.));
#1865=DIRECTION('ref_axis',(-0.996194698091745,-0.0871557427476589,6.46384089120911E-16));
#1866=DIRECTION('center_axis',(-0.766044443118978,0.642787609686539,4.57905895276421E-16));
#1867=DIRECTION('ref_axis',(-0.642787609686539,-0.766044443118978,4.78627489031063E-16));
#1868=DIRECTION('',(-1.02781358346479E-16,-8.34865164802506E-16,1.));
#1869=DIRECTION('',(0.64278760968654,0.766044443118978,-3.45382791810007E-17));
#1870=DIRECTION('',(6.5843208615247E-16,7.23136924101302E-17,1.));
#1871=DIRECTION('',(-0.642787609686539,-0.766044443118978,4.78627489031063E-16));
#1872=DIRECTION('',(6.5843208615247E-16,7.23136924101302E-17,1.));
#1873=DIRECTION('',(0.642787609686539,0.766044443118978,-4.78627489031063E-16));
#1874=DIRECTION('',(6.5843208615247E-16,7.23136924101302E-17,1.));
#1875=DIRECTION('',(-0.642787609686539,-0.766044443118978,4.78627489031063E-16));
#1876=DIRECTION('',(1.22464679914735E-16,1.17177750949987E-17,1.));
#1877=DIRECTION('',(-0.642787609686539,-0.766044443118978,8.76951153706616E-17));
#1878=DIRECTION('',(1.22464679914735E-16,1.17177750949987E-17,1.));
#1879=DIRECTION('',(-4.70860225558856E-16,1.5122574632189E-16,-1.));
#1880=DIRECTION('',(0.64278760968654,0.766044443118978,-3.45382791810007E-17));
#1881=DIRECTION('center_axis',(2.89889346091008E-16,-3.57723886230884E-16,
-1.));
#1882=DIRECTION('ref_axis',(0.642787609686539,0.766044443118978,-8.76951153706616E-17));
#1883=DIRECTION('',(0.642787609686538,0.766044443118979,-8.76951153706619E-17));
#1884=DIRECTION('',(0.766044443118978,-0.642787609686539,4.5200860445054E-16));
#1885=DIRECTION('',(-0.642787609686539,-0.766044443118978,8.76951153706616E-17));
#1886=DIRECTION('',(0.766044443118978,-0.642787609686539,4.5200860445054E-16));
#1887=DIRECTION('center_axis',(0.766044443118978,-0.642787609686539,-4.57905895276421E-16));
#1888=DIRECTION('ref_axis',(0.642787609686539,0.766044443118978,-4.78627489031063E-16));
#1889=DIRECTION('',(1.22464679914735E-16,1.17177750949987E-17,1.));
#1890=DIRECTION('',(-0.642787609686538,-0.766044443118979,8.76951153706615E-17));
#1891=DIRECTION('',(1.22464679914735E-16,1.17177750949987E-17,1.));
#1892=DIRECTION('',(0.642787609686539,0.766044443118978,-4.78627489031063E-16));
#1893=DIRECTION('',(6.5843208615247E-16,7.23136924101302E-17,1.));
#1894=DIRECTION('',(0.642787609686539,0.766044443118978,-4.78627489031063E-16));
#1895=DIRECTION('',(6.5843208615247E-16,7.23136924101302E-17,1.));
#1896=DIRECTION('',(0.642787609686539,0.766044443118978,-4.78627489031063E-16));
#1897=DIRECTION('',(-1.101482098771E-15,-6.00320136647172E-16,-1.));
#1898=DIRECTION('',(-0.642787609686539,-0.766044443118978,3.45382791810006E-17));
#1899=DIRECTION('',(6.5843208615247E-16,7.23136924101302E-17,1.));
#1900=DIRECTION('',(0.642787609686539,0.766044443118978,-3.45382791810007E-17));
#1901=DIRECTION('',(-1.19446707015387E-15,-6.50175295789796E-16,-1.));
#1902=DIRECTION('center_axis',(1.22464679914735E-16,1.17177750949987E-17,
1.));
#1903=DIRECTION('ref_axis',(0.342020143325669,-0.939692620785908,-3.08742805879708E-17));
#1904=DIRECTION('',(0.766044443118978,-0.64278760968654,-8.62813468828686E-17));
#1905=DIRECTION('',(0.766044443118978,-0.642787609686539,4.5200860445054E-16));
#1906=DIRECTION('center_axis',(-0.766044443118979,0.642787609686539,8.62813468828687E-17));
#1907=DIRECTION('ref_axis',(-0.642787609686538,-0.766044443118979,8.76951153706615E-17));
#1908=DIRECTION('',(1.22464679914735E-16,1.17177750949987E-17,1.));
#1909=DIRECTION('',(1.22464679914735E-16,1.17177750949987E-17,1.));
#1910=DIRECTION('center_axis',(0.642787609686539,0.766044443118978,-8.76951153706616E-17));
#1911=DIRECTION('ref_axis',(-0.766044443118978,0.642787609686539,8.62813468828686E-17));
#1912=DIRECTION('',(1.22464679914735E-16,1.17177750949987E-17,1.));
#1913=DIRECTION('center_axis',(0.766044443118978,-0.642787609686539,-8.62813468828686E-17));
#1914=DIRECTION('ref_axis',(0.642787609686539,0.766044443118978,-8.76951153706616E-17));
#1915=DIRECTION('',(1.22464679914735E-16,1.17177750949987E-17,1.));
#1916=DIRECTION('center_axis',(-0.64278760968654,-0.766044443118978,8.76951153706617E-17));
#1917=DIRECTION('ref_axis',(0.766044443118978,-0.64278760968654,-8.62813468828686E-17));
#1918=DIRECTION('center_axis',(1.22464679914735E-16,1.17177750949987E-17,
1.));
#1919=DIRECTION('ref_axis',(0.766044443118978,-0.642787609686539,-8.62813468828686E-17));
#1920=DIRECTION('center_axis',(-1.22464679914735E-16,-1.17177750949987E-17,
-1.));
#1921=DIRECTION('ref_axis',(0.642787609686539,0.766044443118978,-4.78627489031063E-16));
#1922=DIRECTION('',(-0.64278760968654,-0.766044443118978,8.76951153706616E-17));
#1923=DIRECTION('',(-0.766044443118978,0.642787609686539,8.62813468828686E-17));
#1924=DIRECTION('',(0.64278760968654,0.766044443118978,-8.76951153706616E-17));
#1925=DIRECTION('center_axis',(-1.22464679914735E-16,-1.17177750949987E-17,
-1.));
#1926=DIRECTION('ref_axis',(0.642787609686539,0.766044443118978,-4.78627489031063E-16));
#1927=DIRECTION('center_axis',(-1.22464679914735E-16,-1.17177750949987E-17,
-1.));
#1928=DIRECTION('ref_axis',(0.642787609686539,0.766044443118978,-4.78627489031063E-16));
#1929=DIRECTION('',(0.64278760968654,0.766044443118978,-8.76951153706616E-17));
#1930=DIRECTION('',(-0.64278760968654,-0.766044443118978,8.76951153706616E-17));
#1931=DIRECTION('center_axis',(-1.22464679914735E-16,-1.17177750949987E-17,
-1.));
#1932=DIRECTION('ref_axis',(0.642787609686539,0.766044443118978,-4.78627489031063E-16));
#1933=DIRECTION('center_axis',(6.5843208615247E-16,7.23136924101302E-17,
1.));
#1934=DIRECTION('ref_axis',(0.642787609686539,0.766044443118978,-4.78627489031063E-16));
#1935=DIRECTION('center_axis',(6.5843208615247E-16,7.23136924101302E-17,
1.));
#1936=DIRECTION('ref_axis',(0.642787609686539,0.766044443118978,-4.78627489031063E-16));
#1937=DIRECTION('',(-6.5843208615247E-16,-7.23136924101302E-17,-1.));
#1938=DIRECTION('',(-6.5843208615247E-16,-7.23136924101302E-17,-1.));
#1939=DIRECTION('center_axis',(1.22464679914735E-16,1.17177750949987E-17,
1.));
#1940=DIRECTION('ref_axis',(0.642787609686539,0.766044443118978,-4.78627489031063E-16));
#1941=DIRECTION('',(-6.5843208615247E-16,-7.23136924101302E-17,-1.));
#1942=DIRECTION('center_axis',(-6.5843208615247E-16,-7.23136924101302E-17,
-1.));
#1943=DIRECTION('ref_axis',(0.642787609686539,0.766044443118978,-4.78627489031063E-16));
#1944=DIRECTION('center_axis',(1.22464679914735E-16,1.17177750949987E-17,
1.));
#1945=DIRECTION('ref_axis',(0.642787609686539,0.766044443118978,-4.78627489031063E-16));
#1946=DIRECTION('',(6.5843208615247E-16,7.23136924101302E-17,1.));
#1947=DIRECTION('center_axis',(0.642787609686539,0.766044443118978,-4.78627489031063E-16));
#1948=DIRECTION('ref_axis',(-0.766044443118978,0.642787609686539,4.57905895276421E-16));
#1949=DIRECTION('',(-0.766044443118978,0.642787609686539,4.5790589527642E-16));
#1950=DIRECTION('',(0.766044443118978,-0.642787609686539,-4.57905895276421E-16));
#1951=DIRECTION('',(3.7375116592899E-16,3.11189347572861E-16,1.));
#1952=DIRECTION('',(-3.7375116592899E-16,-3.11189347572861E-16,-1.));
#1953=DIRECTION('',(0.766044443118978,-0.642787609686539,-8.62813468828686E-17));
#1954=DIRECTION('center_axis',(-0.766044443118978,0.64278760968654,8.62813468828686E-17));
#1955=DIRECTION('ref_axis',(1.22464679914735E-16,1.17177750949987E-17,1.));
#1956=DIRECTION('',(6.5843208615247E-16,7.23136924101302E-17,1.));
#1957=DIRECTION('',(0.64278760968654,0.766044443118978,-8.76951153706616E-17));
#1958=DIRECTION('center_axis',(0.766044443118978,-0.64278760968654,-8.62813468828686E-17));
#1959=DIRECTION('ref_axis',(-1.22464679914735E-16,-1.1717775094998E-17,
-1.));
#1960=DIRECTION('',(0.64278760968654,0.766044443118978,-8.76951153706616E-17));
#1961=DIRECTION('center_axis',(0.766044443118978,-0.64278760968654,-8.62813468828686E-17));
#1962=DIRECTION('ref_axis',(-1.22464679914735E-16,-1.1717775094998E-17,
-1.));
#1963=DIRECTION('',(0.64278760968654,0.766044443118978,-8.76951153706616E-17));
#1964=DIRECTION('center_axis',(-1.22464679914735E-16,-1.17177750949987E-17,
-1.));
#1965=DIRECTION('ref_axis',(-0.766044443118978,0.642787609686539,8.62813468828686E-17));
#1966=DIRECTION('center_axis',(1.22464679914735E-16,1.17177750949987E-17,
1.));
#1967=DIRECTION('ref_axis',(0.642787609686539,0.766044443118978,-4.78627489031063E-16));
#1968=DIRECTION('',(0.64278760968654,0.766044443118978,-8.76951153706616E-17));
#1969=DIRECTION('center_axis',(1.22464679914735E-16,1.17177750949987E-17,
1.));
#1970=DIRECTION('ref_axis',(0.642787609686539,0.766044443118978,-4.78627489031063E-16));
#1971=DIRECTION('center_axis',(-0.766044443118978,0.64278760968654,8.62813468828686E-17));
#1972=DIRECTION('ref_axis',(1.22464679914735E-16,1.17177750949987E-17,1.));
#1973=DIRECTION('',(-6.5843208615247E-16,-7.23136924101302E-17,-1.));
#1974=DIRECTION('center_axis',(-0.766044443118978,0.64278760968654,1.38166854263578E-17));
#1975=DIRECTION('ref_axis',(3.27849730106261E-17,1.75766626424981E-17,1.));
#1976=DIRECTION('',(-0.64278760968654,-0.766044443118978,3.45382791810007E-17));
#1977=DIRECTION('',(1.22464679914735E-16,1.17177750949987E-17,1.));
#1978=DIRECTION('',(0.64278760968654,0.766044443118978,-8.76951153706616E-17));
#1979=DIRECTION('',(-3.27849730106261E-17,-1.75766626424981E-17,-1.));
#1980=DIRECTION('',(0.64278760968654,0.766044443118978,-1.35869033879491E-16));
#1981=DIRECTION('',(3.90058967688523E-17,2.49904708806188E-17,1.));
#1982=DIRECTION('',(-0.64278760968654,-0.766044443118978,1.35869033879491E-16));
#1983=DIRECTION('',(-3.27849730106261E-17,-1.75766626424981E-17,-1.));
#1984=DIRECTION('center_axis',(2.02881008737995E-16,-1.25150858201055E-16,
1.));
#1985=DIRECTION('ref_axis',(0.766044443118978,-0.64278760968654,-2.35861290351389E-16));
#1986=DIRECTION('',(-0.423651647399569,-0.90582519376292,-2.74139268016282E-17));
#1987=DIRECTION('',(0.905825193761774,-0.423651647402019,-2.36795096301332E-16));
#1988=DIRECTION('',(-0.157059213588326,-0.987589187581059,-9.17333026914561E-17));
#1989=DIRECTION('',(-0.881315076631064,-0.472529084504628,1.19664671312201E-16));
#1990=DIRECTION('center_axis',(1.22464679914735E-16,1.17177750949987E-17,
1.));
#1991=DIRECTION('ref_axis',(-0.342020143325669,0.939692620785908,3.08742805879707E-17));
#1992=DIRECTION('',(0.157059213588326,0.987589187581059,9.17333026914561E-17));
#1993=DIRECTION('center_axis',(-1.22464679914735E-16,-1.17177750949987E-17,
-1.));
#1994=DIRECTION('ref_axis',(0.892033808748829,-0.451968675960025,-1.03946567566664E-16));
#1995=DIRECTION('',(1.22464679914735E-16,1.17177750949987E-17,1.));
#1996=DIRECTION('center_axis',(3.27849730106261E-17,1.75766626424981E-17,
1.));
#1997=DIRECTION('ref_axis',(-0.342020143325669,0.939692620785908,3.08742805879707E-17));
#1998=DIRECTION('',(-1.22464679914735E-16,-1.17177750949987E-17,-1.));
#1999=DIRECTION('center_axis',(-2.02881008737995E-16,1.25150858201055E-16,
-1.));
#2000=DIRECTION('ref_axis',(-0.342020143325669,0.939692620785908,3.08742805879707E-17));
#2001=DIRECTION('',(1.22464679914735E-16,1.17177750949987E-17,1.));
#2002=DIRECTION('center_axis',(3.27849730106261E-17,1.75766626424981E-17,
1.));
#2003=DIRECTION('ref_axis',(-0.342020143325669,0.939692620785908,3.08742805879707E-17));
#2004=DIRECTION('',(-1.22464679914735E-16,-1.17177750949987E-17,-1.));
#2005=DIRECTION('center_axis',(-1.22464679914735E-16,-1.17177750949987E-17,
-1.));
#2006=DIRECTION('ref_axis',(-0.342020143325669,0.939692620785908,3.08742805879707E-17));
#2007=DIRECTION('center_axis',(2.14935882137186E-16,-2.9881922072538E-18,
1.));
#2008=DIRECTION('ref_axis',(-0.342020143325669,0.939692620785908,3.08742805879707E-17));
#2009=DIRECTION('',(-1.22464679914735E-16,-1.17177750949987E-17,-1.));
#2010=DIRECTION('center_axis',(-2.14935882137186E-16,2.9881922072538E-18,
-1.));
#2011=DIRECTION('ref_axis',(-0.342020143325669,0.939692620785908,3.08742805879707E-17));
#2012=DIRECTION('',(1.22464679914735E-16,1.17177750949987E-17,1.));
#2013=DIRECTION('center_axis',(-1.22464679914735E-16,-1.17177750949987E-17,
-1.));
#2014=DIRECTION('ref_axis',(-0.342020143325669,0.939692620785908,3.08742805879708E-17));
#2015=DIRECTION('',(0.64278760968654,0.766044443118978,-8.76951153706616E-17));
#2016=DIRECTION('',(0.157059213588326,0.987589187581059,-3.08065543060818E-17));
#2017=DIRECTION('center_axis',(1.22464679914735E-16,1.17177750949987E-17,
1.));
#2018=DIRECTION('ref_axis',(-0.342020143325669,0.939692620785908,3.08742805879707E-17));
#2019=DIRECTION('center_axis',(-0.157059213588326,-0.987589187581059,-8.92167436783783E-17));
#2020=DIRECTION('ref_axis',(-1.92514198631473E-16,1.20954009847561E-16,
-1.));
#2021=DIRECTION('',(1.22464679914735E-16,1.17177750949987E-17,1.));
#2022=DIRECTION('',(0.987589187581059,-0.157059213588326,-2.12737676340004E-16));
#2023=DIRECTION('',(1.22464679914735E-16,1.17177750949987E-17,1.));
#2024=DIRECTION('',(0.987589187581059,-0.157059213588326,-2.12737676340004E-16));
#2025=DIRECTION('center_axis',(-0.157059213588326,-0.987589187581059,-8.92167436783783E-17));
#2026=DIRECTION('ref_axis',(-1.92514198631473E-16,1.20954009847561E-16,
-1.));
#2027=DIRECTION('',(0.987589187581059,-0.157059213588326,-2.12737676340004E-16));
#2028=DIRECTION('',(-1.22464679914735E-16,-1.17177750949987E-17,-1.));
#2029=DIRECTION('',(0.987589187581059,-0.157059213588326,-2.12737676340004E-16));
#2030=DIRECTION('center_axis',(-2.14935882137186E-16,2.9881922072538E-18,
-1.));
#2031=DIRECTION('ref_axis',(0.157059213588326,0.987589187581059,-3.08065543060818E-17));
#2032=DIRECTION('',(0.987589187581059,-0.157059213588326,-2.12737676340004E-16));
#2033=DIRECTION('',(0.157059213588326,0.987589187581059,-3.08065543060818E-17));
#2034=DIRECTION('center_axis',(2.14935882137186E-16,-2.9881922072538E-18,
1.));
#2035=DIRECTION('ref_axis',(-0.342020143325669,0.939692620785908,3.08742805879707E-17));
#2036=DIRECTION('center_axis',(0.157059213588326,0.987589187581059,-3.08065543060818E-17));
#2037=DIRECTION('ref_axis',(1.22464679914735E-16,1.17177750949987E-17,1.));
#2038=DIRECTION('',(0.987589187581059,-0.157059213588326,-2.12737676340004E-16));
#2039=DIRECTION('center_axis',(-0.987589187581059,0.157059213588326,2.96175080482932E-17));
#2040=DIRECTION('ref_axis',(3.27849730106261E-17,1.75766626424981E-17,1.));
#2041=DIRECTION('',(1.22464679914735E-16,1.17177750949987E-17,1.));
#2042=DIRECTION('',(-0.157059213588326,-0.987589187581059,3.08065543060818E-17));
#2043=DIRECTION('',(1.22464679914735E-16,1.17177750949987E-17,1.));
#2044=DIRECTION('center_axis',(-0.987589187581059,0.157059213588326,2.96175080482932E-17));
#2045=DIRECTION('ref_axis',(3.27849730106261E-17,1.75766626424981E-17,1.));
#2046=DIRECTION('',(1.22464679914735E-16,1.17177750949987E-17,1.));
#2047=DIRECTION('center_axis',(0.423651647402019,0.905825193761774,-6.24966192903227E-17));
#2048=DIRECTION('ref_axis',(-1.22464679914735E-16,-1.17177750949987E-17,
-1.));
#2049=DIRECTION('',(1.22464679914735E-16,1.17177750949987E-17,1.));
#2050=DIRECTION('',(-0.905825193761774,0.423651647402019,2.22510724455011E-17));
#2051=DIRECTION('center_axis',(2.02881008737995E-16,-1.25150858201055E-16,
1.));
#2052=DIRECTION('ref_axis',(0.766044443118978,-0.64278760968654,-2.35861290351389E-16));
#2053=DIRECTION('',(-0.90582519376175,0.423651647402071,2.36795096301334E-16));
#2054=DIRECTION('',(-0.423651647399569,-0.90582519376292,-2.74139268016282E-17));
#2055=DIRECTION('center_axis',(3.27849730106261E-17,1.75766626424981E-17,
1.));
#2056=DIRECTION('ref_axis',(0.766044443118978,-0.64278760968654,-1.38166854263578E-17));
#2057=DIRECTION('',(-0.157059213588326,-0.987589187581059,3.08065543060818E-17));
#2058=DIRECTION('center_axis',(-3.27849730106261E-17,-1.75766626424981E-17,
-1.));
#2059=DIRECTION('ref_axis',(-0.342020143325669,0.939692620785908,3.08742805879707E-17));
#2060=DIRECTION('center_axis',(-3.27849730106261E-17,-1.75766626424981E-17,
-1.));
#2061=DIRECTION('ref_axis',(-0.342020143325669,0.939692620785908,3.08742805879707E-17));
#2062=DIRECTION('',(0.423651647402021,0.905825193761773,-2.98107916698087E-17));
#2063=DIRECTION('center_axis',(0.90582519376292,-0.423651647399569,-1.05967337690025E-16));
#2064=DIRECTION('ref_axis',(-1.22464679914735E-16,-1.17177750949987E-17,
-1.));
#2065=DIRECTION('',(1.02781358346479E-16,8.34865164802506E-16,-1.));
#2066=DIRECTION('center_axis',(0.90582519376292,-0.423651647399569,-1.05967337690025E-16));
#2067=DIRECTION('ref_axis',(-1.22464679914735E-16,-1.17177750949987E-17,
-1.));
#2068=DIRECTION('',(-1.22464679914735E-16,-1.17177750949987E-17,-1.));
#2069=DIRECTION('',(0.423651647399569,0.90582519376292,-2.98107916697485E-17));
#2070=DIRECTION('center_axis',(3.27849730106261E-17,1.75766626424981E-17,
1.));
#2071=DIRECTION('ref_axis',(0.766044443118978,-0.64278760968654,-1.38166854263578E-17));
#2072=DIRECTION('',(0.90582519376175,-0.423651647402071,-2.22510724454994E-17));
#2073=DIRECTION('',(0.881315076631064,0.472529084504628,-3.71993753083137E-17));
#2074=DIRECTION('',(-0.766044443118978,0.642787609686539,1.38166854263578E-17));
#2075=DIRECTION('center_axis',(-0.423651647402071,-0.90582519376175,6.24966192903287E-17));
#2076=DIRECTION('ref_axis',(0.90582519376175,-0.423651647402071,-1.05967337689853E-16));
#2077=DIRECTION('',(-0.90582519376175,0.423651647402071,2.36795096301334E-16));
#2078=DIRECTION('',(1.22464679914735E-16,1.17177750949987E-17,1.));
#2079=DIRECTION('',(0.90582519376175,-0.423651647402071,-2.22510724454994E-17));
#2080=DIRECTION('',(-4.66323777287574E-17,-4.71843087801185E-17,-1.));
#2081=DIRECTION('center_axis',(-0.423651647402071,-0.90582519376175,6.24966192903287E-17));
#2082=DIRECTION('ref_axis',(0.90582519376175,-0.423651647402071,-1.05967337689853E-16));
#2083=DIRECTION('',(1.22464679914735E-16,1.17177750949987E-17,1.));
#2084=DIRECTION('center_axis',(-0.987589187581059,0.157059213588326,2.96175080482932E-17));
#2085=DIRECTION('ref_axis',(3.27849730106261E-17,1.75766626424981E-17,1.));
#2086=DIRECTION('center_axis',(-0.766044443118978,0.64278760968654,8.62813468828686E-17));
#2087=DIRECTION('ref_axis',(0.64278760968654,0.766044443118978,-8.76951153706616E-17));
#2088=DIRECTION('center_axis',(-1.22464679914735E-16,-1.17177750949987E-17,
-1.));
#2089=DIRECTION('ref_axis',(-0.342020143325669,0.939692620785908,3.08742805879707E-17));
#2090=DIRECTION('center_axis',(2.02881008737995E-16,-1.25150858201055E-16,
1.));
#2091=DIRECTION('ref_axis',(-0.342020143325669,0.939692620785908,3.08742805879707E-17));
#2092=DIRECTION('',(1.22464679914735E-16,1.17177750949987E-17,1.));
#2093=DIRECTION('center_axis',(-1.22464679914735E-16,-1.17177750949987E-17,
-1.));
#2094=DIRECTION('ref_axis',(-0.342020143325669,0.939692620785908,3.08742805879707E-17));
#2095=DIRECTION('',(1.22464679914735E-16,1.17177750949987E-17,1.));
#2096=DIRECTION('center_axis',(-3.27849730106261E-17,-1.75766626424981E-17,
-1.));
#2097=DIRECTION('ref_axis',(-0.342020143325669,0.939692620785908,3.08742805879707E-17));
#2098=DIRECTION('center_axis',(0.472529084504628,-0.881315076631064,8.58885950187621E-18));
#2099=DIRECTION('ref_axis',(-2.56976381886525E-17,-2.35236426776461E-17,
-1.));
#2100=DIRECTION('',(0.881315076631064,0.472529084504628,-3.71993753083137E-17));
#2101=DIRECTION('',(-0.881315076631064,-0.472529084504628,1.19664671312201E-16));
#2102=DIRECTION('center_axis',(3.27849730106261E-17,1.75766626424981E-17,
1.));
#2103=DIRECTION('ref_axis',(0.766044443118978,-0.64278760968654,-1.38166854263578E-17));
#2104=DIRECTION('center_axis',(3.27849730106261E-17,1.75766626424981E-17,
1.));
#2105=DIRECTION('ref_axis',(0.766044443118978,-0.64278760968654,-1.38166854263578E-17));
#2106=DIRECTION('',(0.766044443118978,-0.64278760968654,-1.38166854263578E-17));
#2107=DIRECTION('',(0.64278760968654,0.766044443118978,-3.45382791810007E-17));
#2108=DIRECTION('',(-0.766044443118978,0.64278760968654,1.38166854263578E-17));
#2109=DIRECTION('',(0.64278760968654,0.766044443118978,-3.45382791810007E-17));
#2110=DIRECTION('center_axis',(3.27849730106261E-17,1.75766626424981E-17,
1.));
#2111=DIRECTION('ref_axis',(0.766044443118978,-0.642787609686539,-1.38166854263578E-17));
#2112=DIRECTION('center_axis',(3.27849730106261E-17,1.75766626424981E-17,
1.));
#2113=DIRECTION('ref_axis',(0.766044443118978,-0.64278760968654,-1.38166854263578E-17));
#2114=DIRECTION('center_axis',(3.27849730106261E-17,1.75766626424981E-17,
1.));
#2115=DIRECTION('ref_axis',(0.766044443118978,-0.642787609686539,-1.38166854263578E-17));
#2116=DIRECTION('center_axis',(3.27849730106261E-17,1.75766626424981E-17,
1.));
#2117=DIRECTION('ref_axis',(0.766044443118978,-0.64278760968654,-1.38166854263578E-17));
#2118=DIRECTION('',(0.642787609686539,0.766044443118978,-3.45382791810007E-17));
#2119=DIRECTION('',(-0.766044443118978,0.642787609686539,1.38166854263578E-17));
#2120=DIRECTION('',(0.64278760968654,0.766044443118978,-3.45382791810007E-17));
#2121=DIRECTION('',(-0.42365164740202,-0.905825193761774,2.98107916698087E-17));
#2122=DIRECTION('center_axis',(2.02881008737995E-16,-1.25150858201055E-16,
1.));
#2123=DIRECTION('ref_axis',(0.766044443118978,-0.64278760968654,-2.35861290351389E-16));
#2124=DIRECTION('',(0.42365164740202,0.905825193761774,2.74139268009875E-17));
#2125=DIRECTION('',(0.64278760968654,0.766044443118978,-3.45382791810007E-17));
#2126=DIRECTION('',(0.766044443118978,-0.642787609686539,-2.35861290351389E-16));
#2127=DIRECTION('center_axis',(-0.905825193761774,0.42365164740202,2.22510724455011E-17));
#2128=DIRECTION('ref_axis',(8.20181030701829E-17,1.22843831669643E-16,1.));
#2129=DIRECTION('',(3.27849730106261E-17,1.75766626424981E-17,1.));
#2130=DIRECTION('center_axis',(-0.766044443118978,0.64278760968654,1.38166854263578E-17));
#2131=DIRECTION('ref_axis',(3.27849730106261E-17,1.75766626424981E-17,1.));
#2132=DIRECTION('',(3.18240014697732E-16,3.57768734097236E-16,1.));
#2133=DIRECTION('center_axis',(-6.5843208615247E-16,-7.23136924101302E-17,
-1.));
#2134=DIRECTION('ref_axis',(0.642787609686539,0.766044443118978,-4.78627489031063E-16));
#2135=DIRECTION('center_axis',(-6.5843208615247E-16,-7.23136924101302E-17,
-1.));
#2136=DIRECTION('ref_axis',(0.642787609686539,0.766044443118978,-4.78627489031063E-16));
#2137=DIRECTION('center_axis',(2.02881008737995E-16,-1.25150858201055E-16,
1.));
#2138=DIRECTION('ref_axis',(0.766044443118978,-0.64278760968654,-2.35861290351389E-16));
#2139=DIRECTION('center_axis',(-2.02881008737995E-16,1.25150858201055E-16,
-1.));
#2140=DIRECTION('ref_axis',(0.766044443118978,-0.64278760968654,-2.35861290351389E-16));
#2141=DIRECTION('center_axis',(0.642787609686539,0.766044443118978,-4.78627489031063E-16));
#2142=DIRECTION('ref_axis',(-0.766044443118978,0.642787609686539,4.57905895276421E-16));
#2143=DIRECTION('',(-0.766044443118978,0.642787609686539,4.5790589527642E-16));
#2144=DIRECTION('center_axis',(-6.5843208615247E-16,-7.23136924101302E-17,
-1.));
#2145=DIRECTION('ref_axis',(0.642787609686539,0.766044443118978,-4.78627489031063E-16));
#2146=DIRECTION('',(0.766044443118978,-0.642787609686539,-4.5790589527642E-16));
#2147=DIRECTION('center_axis',(-6.5843208615247E-16,-7.23136924101302E-17,
-1.));
#2148=DIRECTION('ref_axis',(0.642787609686539,0.766044443118978,-4.78627489031063E-16));
#2149=DIRECTION('center_axis',(-6.5843208615247E-16,-7.23136924101302E-17,
-1.));
#2150=DIRECTION('ref_axis',(0.642787609686539,0.766044443118978,-4.78627489031063E-16));
#2151=DIRECTION('center_axis',(-6.5843208615247E-16,-7.23136924101302E-17,
-1.));
#2152=DIRECTION('ref_axis',(0.642787609686539,0.766044443118978,-4.78627489031063E-16));
#2153=DIRECTION('center_axis',(-6.5843208615247E-16,-7.23136924101302E-17,
-1.));
#2154=DIRECTION('ref_axis',(0.973856753620617,0.227162988683263,-6.57645528390702E-16));
#2155=DIRECTION('center_axis',(-6.5843208615247E-16,-7.23136924101302E-17,
-1.));
#2156=DIRECTION('ref_axis',(0.973856753620617,0.227162988683263,-6.57645528390702E-16));
#2157=DIRECTION('center_axis',(6.5843208615247E-16,7.23136924101302E-17,
1.));
#2158=DIRECTION('ref_axis',(0.973856753620617,0.227162988683263,-6.57645528390702E-16));
#2159=DIRECTION('center_axis',(6.5843208615247E-16,7.23136924101302E-17,
1.));
#2160=DIRECTION('ref_axis',(0.973856753620617,0.227162988683263,-6.57645528390702E-16));
#2161=DIRECTION('',(-6.5843208615247E-16,-7.23136924101302E-17,-1.));
#2162=DIRECTION('center_axis',(2.02881008737995E-16,-1.25150858201055E-16,
1.));
#2163=DIRECTION('ref_axis',(0.973856753620617,0.227162988683263,-6.57645528390702E-16));
#2164=DIRECTION('',(6.5843208615247E-16,7.23136924101303E-17,1.));
#2165=DIRECTION('',(-6.5843208615247E-16,-7.23136924101303E-17,-1.));
#2166=DIRECTION('center_axis',(2.02881008737995E-16,-1.25150858201055E-16,
1.));
#2167=DIRECTION('ref_axis',(0.973856753620617,0.227162988683263,-6.57645528390702E-16));
#2168=DIRECTION('center_axis',(6.5843208615247E-16,7.23136924101302E-17,
1.));
#2169=DIRECTION('ref_axis',(0.642787609686539,0.766044443118978,-4.78627489031063E-16));
#2170=DIRECTION('center_axis',(6.5843208615247E-16,7.23136924101302E-17,
1.));
#2171=DIRECTION('ref_axis',(0.642787609686539,0.766044443118978,-4.78627489031063E-16));
#2172=DIRECTION('',(-6.5843208615247E-16,-7.23136924101302E-17,-1.));
#2173=DIRECTION('',(-6.5843208615247E-16,-7.23136924101303E-17,-1.));
#2174=DIRECTION('center_axis',(2.02881008737995E-16,-1.25150858201055E-16,
1.));
#2175=DIRECTION('ref_axis',(0.642787609686539,0.766044443118978,-4.78627489031063E-16));
#2176=DIRECTION('',(6.5843208615247E-16,7.23136924101303E-17,1.));
#2177=DIRECTION('center_axis',(-0.642787609686539,-0.766044443118978,4.78627489031063E-16));
#2178=DIRECTION('ref_axis',(0.766044443118978,-0.642787609686539,-4.57905895276421E-16));
#2179=DIRECTION('',(-0.766044443118978,0.642787609686539,4.57905895276421E-16));
#2180=DIRECTION('center_axis',(-6.5843208615247E-16,-7.23136924101302E-17,
-1.));
#2181=DIRECTION('ref_axis',(-0.766044443118978,0.642787609686539,4.57905895276421E-16));
#2182=DIRECTION('center_axis',(6.5843208615247E-16,7.23136924101302E-17,
1.));
#2183=DIRECTION('ref_axis',(-0.642787609686539,-0.766044443118978,4.78627489031063E-16));
#2184=DIRECTION('center_axis',(6.5843208615247E-16,7.23136924101302E-17,
1.));
#2185=DIRECTION('ref_axis',(-0.642787609686539,-0.766044443118978,4.78627489031063E-16));
#2186=DIRECTION('center_axis',(6.5843208615247E-16,7.23136924101302E-17,
1.));
#2187=DIRECTION('ref_axis',(0.642787609686539,0.766044443118978,-4.78627489031063E-16));
#2188=DIRECTION('center_axis',(6.5843208615247E-16,7.23136924101302E-17,
1.));
#2189=DIRECTION('ref_axis',(0.642787609686539,0.766044443118978,-4.78627489031063E-16));
#2190=DIRECTION('',(-6.5843208615247E-16,-7.23136924101302E-17,-1.));
#2191=DIRECTION('',(-6.5843208615247E-16,-7.23136924101302E-17,-1.));
#2192=DIRECTION('center_axis',(6.5843208615247E-16,7.23136924101302E-17,
1.));
#2193=DIRECTION('ref_axis',(-0.642787609686539,-0.766044443118978,4.78627489031063E-16));
#2194=DIRECTION('center_axis',(6.5843208615247E-16,7.23136924101302E-17,
1.));
#2195=DIRECTION('ref_axis',(-0.642787609686539,-0.766044443118978,4.78627489031063E-16));
#2196=DIRECTION('center_axis',(-0.64278760968654,-0.766044443118978,3.45382791810007E-17));
#2197=DIRECTION('ref_axis',(2.02881008737995E-16,-1.25150858201055E-16,
1.));
#2198=DIRECTION('',(-0.766044443118978,0.64278760968654,1.20260031285753E-17));
#2199=DIRECTION('',(-0.766044443118978,0.64278760968654,2.35861290351389E-16));
#2200=DIRECTION('center_axis',(2.02881008737995E-16,-1.25150858201055E-16,
1.));
#2201=DIRECTION('ref_axis',(0.766044443118978,-0.64278760968654,-2.35861290351389E-16));
#2202=DIRECTION('center_axis',(2.02881008737995E-16,-1.25150858201055E-16,
1.));
#2203=DIRECTION('ref_axis',(0.766044443118978,-0.64278760968654,-2.35861290351389E-16));
#2204=DIRECTION('',(-0.766044443118978,0.64278760968654,2.35861290351389E-16));
#2205=DIRECTION('center_axis',(0.472529084504628,-0.881315076631064,8.58885950187621E-18));
#2206=DIRECTION('ref_axis',(-2.56976381886525E-17,-2.35236426776461E-17,
-1.));
#2207=DIRECTION('center_axis',(3.27849730106261E-17,1.75766626424981E-17,
1.));
#2208=DIRECTION('ref_axis',(0.766044443118978,-0.64278760968654,-1.38166854263578E-17));
#2209=DIRECTION('center_axis',(3.27849730106261E-17,1.75766626424981E-17,
1.));
#2210=DIRECTION('ref_axis',(0.766044443118978,-0.64278760968654,-1.38166854263578E-17));
#2211=DIRECTION('',(-0.766044443118978,0.64278760968654,1.20260031285753E-17));
#2212=DIRECTION('center_axis',(-0.64278760968654,-0.766044443118978,3.45382791810007E-17));
#2213=DIRECTION('ref_axis',(2.02881008737995E-16,-1.25150858201055E-16,
1.));
#2214=DIRECTION('center_axis',(2.02881008737995E-16,-1.25150858201055E-16,
1.));
#2215=DIRECTION('ref_axis',(0.766044443118978,-0.64278760968654,-2.35861290351389E-16));
#2216=DIRECTION('',(-2.02881008737995E-16,1.25150858201055E-16,-1.));
#2217=DIRECTION('center_axis',(3.27849730106261E-17,1.75766626424981E-17,
1.));
#2218=DIRECTION('ref_axis',(0.766044443118978,-0.64278760968654,-2.35861290351389E-16));
#2219=DIRECTION('center_axis',(0.64278760968654,0.766044443118978,-3.45382791810007E-17));
#2220=DIRECTION('ref_axis',(3.27849730106261E-17,1.75766626424981E-17,1.));
#2221=DIRECTION('',(3.27849730106261E-17,1.75766626424981E-17,1.));
#2222=DIRECTION('',(-3.27849730106261E-17,-1.75766626424981E-17,-1.));
#2223=DIRECTION('',(-0.766044443118978,0.64278760968654,1.38166854263578E-17));
#2224=DIRECTION('center_axis',(3.27849730106261E-17,1.75766626424981E-17,
1.));
#2225=DIRECTION('ref_axis',(0.766044443118978,-0.64278760968654,-1.38166854263578E-17));
#2226=DIRECTION('',(0.64278760968654,0.766044443118978,-3.45382791810007E-17));
#2227=DIRECTION('',(0.766044443118978,-0.64278760968654,-1.38166854263578E-17));
#2228=DIRECTION('',(-0.64278760968654,-0.766044443118978,3.45382791810007E-17));
#2229=DIRECTION('center_axis',(-3.27849730106261E-17,-1.75766626424981E-17,
-1.));
#2230=DIRECTION('ref_axis',(0.766044443118978,-0.642787609686539,-1.38166854263578E-17));
#2231=DIRECTION('center_axis',(-0.64278760968654,-0.766044443118978,3.45382791810007E-17));
#2232=DIRECTION('ref_axis',(-0.766044443118978,0.64278760968654,1.38166854263578E-17));
#2233=DIRECTION('',(-3.27849730106261E-17,-1.75766626424981E-17,-1.));
#2234=DIRECTION('',(3.27849730106261E-17,1.75766626424981E-17,1.));
#2235=DIRECTION('center_axis',(0.766044443118978,-0.64278760968654,-1.38166854263578E-17));
#2236=DIRECTION('ref_axis',(-0.64278760968654,-0.766044443118978,3.45382791810007E-17));
#2237=DIRECTION('center_axis',(-0.766044443118978,0.64278760968654,1.38166854263578E-17));
#2238=DIRECTION('ref_axis',(0.64278760968654,0.766044443118978,-3.45382791810007E-17));
#2239=DIRECTION('center_axis',(3.27849730106261E-17,1.75766626424981E-17,
1.));
#2240=DIRECTION('ref_axis',(0.766044443118978,-0.642787609686539,-1.38166854263578E-17));
#2241=DIRECTION('center_axis',(-3.27849730106261E-17,-1.75766626424981E-17,
-1.));
#2242=DIRECTION('ref_axis',(0.766044443118978,-0.642787609686539,-1.38166854263578E-17));
#2243=DIRECTION('',(-3.27849730106261E-17,-1.75766626424981E-17,-1.));
#2244=DIRECTION('center_axis',(3.27849730106261E-17,1.75766626424981E-17,
1.));
#2245=DIRECTION('ref_axis',(0.766044443118978,-0.64278760968654,-1.38166854263578E-17));
#2246=DIRECTION('center_axis',(-3.27849730106261E-17,-1.75766626424981E-17,
-1.));
#2247=DIRECTION('ref_axis',(0.766044443118978,-0.64278760968654,-1.38166854263578E-17));
#2248=DIRECTION('',(-3.27849730106261E-17,-1.75766626424981E-17,-1.));
#2249=DIRECTION('center_axis',(3.27849730106261E-17,1.75766626424981E-17,
1.));
#2250=DIRECTION('ref_axis',(0.766044443118978,-0.642787609686539,-1.38166854263578E-17));
#2251=DIRECTION('center_axis',(-3.27849730106261E-17,-1.75766626424981E-17,
-1.));
#2252=DIRECTION('ref_axis',(0.766044443118978,-0.642787609686539,-1.38166854263578E-17));
#2253=DIRECTION('',(-3.27849730106261E-17,-1.75766626424981E-17,-1.));
#2254=DIRECTION('center_axis',(3.27849730106261E-17,1.75766626424981E-17,
1.));
#2255=DIRECTION('ref_axis',(0.766044443118978,-0.642787609686539,-1.38166854263578E-17));
#2256=DIRECTION('center_axis',(-3.27849730106261E-17,-1.75766626424981E-17,
-1.));
#2257=DIRECTION('ref_axis',(0.766044443118978,-0.642787609686539,-1.38166854263578E-17));
#2258=DIRECTION('',(-3.27849730106261E-17,-1.75766626424981E-17,-1.));
#2259=DIRECTION('center_axis',(3.27849730106261E-17,1.75766626424981E-17,
1.));
#2260=DIRECTION('ref_axis',(0.766044443118978,-0.64278760968654,-1.38166854263578E-17));
#2261=DIRECTION('center_axis',(-3.27849730106261E-17,-1.75766626424981E-17,
-1.));
#2262=DIRECTION('ref_axis',(0.766044443118978,-0.64278760968654,-1.38166854263578E-17));
#2263=DIRECTION('',(-3.27849730106261E-17,-1.75766626424981E-17,-1.));
#2264=DIRECTION('center_axis',(3.27849730106261E-17,1.75766626424981E-17,
1.));
#2265=DIRECTION('ref_axis',(0.766044443118978,-0.64278760968654,-1.38166854263578E-17));
#2266=CARTESIAN_POINT('',(0.,0.,0.));
#2267=CARTESIAN_POINT('Origin',(-15.9953593014118,-8.27651424821905,111.849242404918));
#2268=CARTESIAN_POINT('',(-23.6558037326016,-1.84863815135365,139.849492965235));
#2269=CARTESIAN_POINT('',(-23.1373666434751,-1.27710490700222,139.849492965235));
#2270=CARTESIAN_POINT('Origin',(-15.9953593014118,-8.27651424821905,139.849492965235));
#2271=CARTESIAN_POINT('',(-23.6558037326016,-1.84863815135365,130.849242404918));
#2272=CARTESIAN_POINT('',(-23.6558037326016,-1.84863815135365,111.849242404918));
#2273=CARTESIAN_POINT('Origin',(-15.9953593014118,-8.27651424821905,130.849242404918));
#2274=CARTESIAN_POINT('',(-25.941037122239,-9.31742379486823,139.849242404918));
#2275=CARTESIAN_POINT('Origin',(-15.9953593014118,-8.27651424821905,139.849492965235));
#2276=CARTESIAN_POINT('Origin',(-15.9953593014118,-8.27651424821905,139.849242404918));
#2277=CARTESIAN_POINT('Ctrl Pts',(-77.9137154154625,-84.549616200756,107.849492965235));
#2278=CARTESIAN_POINT('Ctrl Pts',(-77.9137154154625,-84.549616200756,118.516159631901));
#2279=CARTESIAN_POINT('Ctrl Pts',(-77.9137154154625,-84.549616200756,129.182826298568));
#2280=CARTESIAN_POINT('Ctrl Pts',(-77.9137154154625,-84.549616200756,139.849492965235));
#2281=CARTESIAN_POINT('Ctrl Pts',(-77.6041867180798,-84.8093416165686,107.849492965235));
#2282=CARTESIAN_POINT('Ctrl Pts',(-77.6041867180798,-84.8093416165686,118.516159631901));
#2283=CARTESIAN_POINT('Ctrl Pts',(-77.6041867180798,-84.8093416165686,129.182826298568));
#2284=CARTESIAN_POINT('Ctrl Pts',(-77.6041867180798,-84.8093416165686,139.849492965235));
#2285=CARTESIAN_POINT('Ctrl Pts',(-76.8169938438542,-85.2496293589459,107.849492965235));
#2286=CARTESIAN_POINT('Ctrl Pts',(-76.8169938438542,-85.2496293589459,118.516159631901));
#2287=CARTESIAN_POINT('Ctrl Pts',(-76.8169938438542,-85.2496293589459,129.182826298568));
#2288=CARTESIAN_POINT('Ctrl Pts',(-76.8169938438542,-85.2496293589459,139.849492965235));
#2289=CARTESIAN_POINT('Ctrl Pts',(-75.4656564986814,-85.2975512601862,107.849492965235));
#2290=CARTESIAN_POINT('Ctrl Pts',(-75.4656564986814,-85.2975512601862,118.516159631901));
#2291=CARTESIAN_POINT('Ctrl Pts',(-75.4656564986814,-85.2975512601862,129.182826298568));
#2292=CARTESIAN_POINT('Ctrl Pts',(-75.4656564986814,-85.2975512601862,139.849492965235));
#2293=CARTESIAN_POINT('Ctrl Pts',(-74.3688099154793,-84.8469955557452,107.849492965235));
#2294=CARTESIAN_POINT('Ctrl Pts',(-74.3688099154793,-84.8469955557452,118.516159631901));
#2295=CARTESIAN_POINT('Ctrl Pts',(-74.3688099154793,-84.8469955557452,129.182826298568));
#2296=CARTESIAN_POINT('Ctrl Pts',(-74.3688099154793,-84.8469955557452,139.849492965235));
#2297=CARTESIAN_POINT('Ctrl Pts',(-73.8820133189054,-84.4119922234958,107.849492965235));
#2298=CARTESIAN_POINT('Ctrl Pts',(-73.8820133189054,-84.4119922234958,118.516159631901));
#2299=CARTESIAN_POINT('Ctrl Pts',(-73.8820133189054,-84.4119922234958,129.182826298568));
#2300=CARTESIAN_POINT('Ctrl Pts',(-73.8820133189054,-84.4119922234958,139.849492965235));
#2301=CARTESIAN_POINT('Ctrl Pts',(-73.6872192570459,-84.1798457004587,107.849492965235));
#2302=CARTESIAN_POINT('Ctrl Pts',(-73.6872192570459,-84.1798457004587,118.516159631901));
#2303=CARTESIAN_POINT('Ctrl Pts',(-73.6872192570459,-84.1798457004587,129.182826298568));
#2304=CARTESIAN_POINT('Ctrl Pts',(-73.6872192570459,-84.1798457004587,139.849492965235));
#2305=CARTESIAN_POINT('',(-73.6872192570459,-84.1798457004587,139.849492965235));
#2306=CARTESIAN_POINT('',(-77.9137154154625,-84.549616200756,139.849492965235));
#2307=CARTESIAN_POINT('Ctrl Pts',(-73.6872192570459,-84.1798457004587,139.849492965235));
#2308=CARTESIAN_POINT('Ctrl Pts',(-73.8820133189054,-84.4119922234958,139.849492965235));
#2309=CARTESIAN_POINT('Ctrl Pts',(-74.1254116171923,-84.6294938896205,139.849492965235));
#2310=CARTESIAN_POINT('Ctrl Pts',(-74.4116377538161,-84.805828078349,139.849492965235));
#2311=CARTESIAN_POINT('Ctrl Pts',(-74.6978638904399,-84.9821622670775,139.849492965235));
#2312=CARTESIAN_POINT('Ctrl Pts',(-75.0269178654005,-85.1173289784098,139.849492965235));
#2313=CARTESIAN_POINT('Ctrl Pts',(-75.3728972290995,-85.1889658379871,139.849492965235));
#2314=CARTESIAN_POINT('Ctrl Pts',(-75.8342030473649,-85.284481650757,139.849492965235));
#2315=CARTESIAN_POINT('Ctrl Pts',(-76.3255984456095,-85.2670555048514,139.849492965235));
#2316=CARTESIAN_POINT('Ctrl Pts',(-76.7680943632883,-85.1482704963043,139.849492965235));
#2317=CARTESIAN_POINT('Ctrl Pts',(-77.210590280967,-85.0294854877573,139.849492965235));
#2318=CARTESIAN_POINT('Ctrl Pts',(-77.6041867180798,-84.8093416165686,139.849492965235));
#2319=CARTESIAN_POINT('Ctrl Pts',(-77.9137154154625,-84.549616200756,139.849492965235));
#2320=CARTESIAN_POINT('',(-77.9137154154625,-84.549616200756,107.849492965235));
#2321=CARTESIAN_POINT('Ctrl Pts',(-77.9137154154625,-84.549616200756,139.849492965235));
#2322=CARTESIAN_POINT('Ctrl Pts',(-77.9137154154625,-84.549616200756,129.182826298568));
#2323=CARTESIAN_POINT('Ctrl Pts',(-77.9137154154625,-84.549616200756,118.516159631901));
#2324=CARTESIAN_POINT('Ctrl Pts',(-77.9137154154625,-84.549616200756,107.849492965235));
#2325=CARTESIAN_POINT('',(-73.6872192570459,-84.1798457004587,107.849492965235));
#2326=CARTESIAN_POINT('Ctrl Pts',(-77.9137154154625,-84.549616200756,107.849492965235));
#2327=CARTESIAN_POINT('Ctrl Pts',(-77.6041867180798,-84.8093416165686,107.849492965235));
#2328=CARTESIAN_POINT('Ctrl Pts',(-77.210590280967,-85.0294854877573,107.849492965235));
#2329=CARTESIAN_POINT('Ctrl Pts',(-76.7680943632883,-85.1482704963043,107.849492965235));
#2330=CARTESIAN_POINT('Ctrl Pts',(-76.3255984456096,-85.2670555048514,107.849492965235));
#2331=CARTESIAN_POINT('Ctrl Pts',(-75.8342030473649,-85.284481650757,107.849492965235));
#2332=CARTESIAN_POINT('Ctrl Pts',(-75.3728972290996,-85.1889658379871,107.849492965235));
#2333=CARTESIAN_POINT('Ctrl Pts',(-75.0269178654006,-85.1173289784098,107.849492965235));
#2334=CARTESIAN_POINT('Ctrl Pts',(-74.6978638904399,-84.9821622670775,107.849492965235));
#2335=CARTESIAN_POINT('Ctrl Pts',(-74.4116377538161,-84.805828078349,107.849492965235));
#2336=CARTESIAN_POINT('Ctrl Pts',(-74.1254116171923,-84.6294938896205,107.849492965235));
#2337=CARTESIAN_POINT('Ctrl Pts',(-73.8820133189054,-84.4119922234958,107.849492965235));
#2338=CARTESIAN_POINT('Ctrl Pts',(-73.6872192570459,-84.1798457004587,107.849492965235));
#2339=CARTESIAN_POINT('Ctrl Pts',(-73.6872192570459,-84.1798457004587,107.849492965235));
#2340=CARTESIAN_POINT('Ctrl Pts',(-73.6872192570459,-84.1798457004587,118.516159631901));
#2341=CARTESIAN_POINT('Ctrl Pts',(-73.6872192570459,-84.1798457004587,129.182826298568));
#2342=CARTESIAN_POINT('Ctrl Pts',(-73.6872192570459,-84.1798457004587,139.849492965235));
#2343=CARTESIAN_POINT('Origin',(-82.1269599496439,-81.0142842660647,104.199492965235));
#2344=CARTESIAN_POINT('',(-87.8722933928933,-76.1933770928436,139.849492965235));
#2345=CARTESIAN_POINT('',(-83.6590488587118,-79.728709027535,139.849492965235));
#2346=CARTESIAN_POINT('',(-87.8722933928933,-76.1933770928436,107.849492965235));
#2347=CARTESIAN_POINT('',(-87.8722933928933,-76.1933770928436,104.199492965235));
#2348=CARTESIAN_POINT('',(-80.4991154837593,-82.3802079570024,107.849492965235));
#2349=CARTESIAN_POINT('',(-79.062782188583,-83.5854346952326,130.899495234635));
#2350=CARTESIAN_POINT('',(-79.062782188583,-83.5854346952326,124.89949517503));
#2351=CARTESIAN_POINT('',(-79.062782188583,-83.5854346952326,116.549494099935));
#2352=CARTESIAN_POINT('',(-86.7232266197728,-77.1575585983672,124.89949517503));
#2353=CARTESIAN_POINT('',(-80.5948710691135,-82.2998594806486,124.89949517503));
#2354=CARTESIAN_POINT('',(-86.7232266197728,-77.1575585983672,130.899495234635));
#2355=CARTESIAN_POINT('',(-86.7232266197727,-77.1575585983672,116.549494099935));
#2356=CARTESIAN_POINT('',(-84.4250932847083,-79.0859214322159,130.899495234635));
#2357=CARTESIAN_POINT('Origin',(-45.2856166249545,-43.72030736555,139.849492965235));
#2358=CARTESIAN_POINT('',(-26.5344515405657,1.5733877772244,139.849492965235));
#2359=CARTESIAN_POINT('',(-26.5344515405657,1.5733877772244,139.849492965235));
#2360=CARTESIAN_POINT('',(-30.6461783361913,-3.3267774032283,139.849492965235));
#2361=CARTESIAN_POINT('',(-54.1743187570869,-31.3665232768916,139.849492965235));
#2362=CARTESIAN_POINT('',(-30.6507758454874,-3.35568656663812,139.849492965235));
#2363=CARTESIAN_POINT('',(-33.9617568052356,-24.1751528139664,139.849492965235));
#2364=CARTESIAN_POINT('',(-40.159349919979,-14.6875638803616,139.849492965235));
#2365=CARTESIAN_POINT('',(-48.3662925971915,-24.4682173001444,139.849492965235));
#2366=CARTESIAN_POINT('',(-40.1734690908139,-14.6809603877393,139.849492965235));
#2367=CARTESIAN_POINT('',(-36.7159246398969,-16.2980432561388,139.849492965235));
#2368=CARTESIAN_POINT('',(-74.1007364800868,-55.1139031858096,139.849492965235));
#2369=CARTESIAN_POINT('',(-54.1743187570869,-31.3665232768916,139.849492965235));
#2370=CARTESIAN_POINT('',(-72.1856253722893,-56.720872210026,139.849492965235));
#2371=CARTESIAN_POINT('',(-67.4936030740003,-60.6579463899959,139.849492965235));
#2372=CARTESIAN_POINT('',(-75.399563420722,-60.5510944256209,139.849492965235));
#2373=CARTESIAN_POINT('',(-65.0346123211273,-48.1986267156155,139.849492965235));
#2374=CARTESIAN_POINT('',(-77.3146745285194,-58.9441254014045,139.849492965235));
#2375=CARTESIAN_POINT('',(-71.6650966763317,-63.6846840934826,139.849492965235));
#2376=CARTESIAN_POINT('',(-88.2420638931906,-71.9668809344271,139.849492965235));
#2377=CARTESIAN_POINT('',(-54.1743187570869,-31.3665232768916,139.849492965235));
#2378=CARTESIAN_POINT('Origin',(-85.9439305638337,-73.8952437634867,139.849492965235));
#2379=CARTESIAN_POINT('',(-62.7598298923747,-71.1570901674361,139.849492965235));
#2380=CARTESIAN_POINT('',(-75.6155820861055,-86.4779790298156,139.849492965235));
#2381=CARTESIAN_POINT('',(-64.6749410001722,-69.5501211432198,139.849492965235));
#2382=CARTESIAN_POINT('',(-65.345229912158,-68.9876819643902,139.849492965235));
#2383=CARTESIAN_POINT('',(-61.4610029517395,-65.7198989276249,139.849492965235));
#2384=CARTESIAN_POINT('',(-52.7030208763611,-55.282542325417,139.849492965235));
#2385=CARTESIAN_POINT('',(-59.5458918439421,-67.3268679518413,139.849492965235));
#2386=CARTESIAN_POINT('',(-61.1737363098266,-65.9609442609035,139.849492965235));
#2387=CARTESIAN_POINT('',(-40.7174841049233,-44.888045386037,139.849242404918));
#2388=CARTESIAN_POINT('',(-75.6155820861055,-86.4779790298156,139.849492965235));
#2389=CARTESIAN_POINT('',(-44.6221467535157,-46.9815834583593,139.849242404918));
#2390=CARTESIAN_POINT('',(-13.9894688645163,-30.5574558987288,139.849242404918));
#2391=CARTESIAN_POINT('',(-52.2055998393915,-40.6183107709507,139.849242404918));
#2392=CARTESIAN_POINT('',(-48.9691587924643,-43.3340072597542,139.849242404918));
#2393=CARTESIAN_POINT('',(-32.9219715487953,-17.6369774773813,139.849242404918));
#2394=CARTESIAN_POINT('Origin',(-85.9439305638337,-73.8952437634867,104.199492965235));
#2395=CARTESIAN_POINT('',(-88.2420638931906,-71.9668809344271,107.849492965235));
#2396=CARTESIAN_POINT('',(-88.2420638931906,-71.9668809344271,104.199492965235));
#2397=CARTESIAN_POINT('Origin',(-85.9439305638337,-73.8952437634867,107.849492965235));
#2398=CARTESIAN_POINT('Origin',(-54.1743187570869,-31.3665232768916,104.199492965235));
#2399=CARTESIAN_POINT('',(-40.2879924814894,-14.8174440500129,130.849242404918));
#2400=CARTESIAN_POINT('',(-40.2878999129424,-14.8173337311145,139.849242404918));
#2401=CARTESIAN_POINT('',(-40.2879924814894,-14.8174440500129,124.524367685076));
#2402=CARTESIAN_POINT('',(-54.1743187570869,-31.3665232768916,130.849242404918));
#2403=CARTESIAN_POINT('',(-54.1743187570869,-31.3665232768916,130.849242404918));
#2404=CARTESIAN_POINT('',(-54.1743187570869,-31.3665232768916,107.849492965235));
#2405=CARTESIAN_POINT('',(-54.1743187570869,-31.3665232768916,104.199492965235));
#2406=CARTESIAN_POINT('',(-58.9952259015731,-37.1118566858961,107.849492965235));
#2407=CARTESIAN_POINT('',(-55.3795455432085,-32.8028566291427,107.849492965235));
#2408=CARTESIAN_POINT('',(-58.9952259015731,-37.1118566858961,135.587413040257));
#2409=CARTESIAN_POINT('',(-58.9952259015731,-37.1118566858961,104.199492965235));
#2410=CARTESIAN_POINT('',(-85.3495195777641,-68.5196808547796,135.587413040257));
#2411=CARTESIAN_POINT('',(-85.3495195777641,-68.5196808547796,135.587413040257));
#2412=CARTESIAN_POINT('',(-85.3495195777641,-68.5196808547796,107.849492965235));
#2413=CARTESIAN_POINT('',(-85.3495195777641,-68.5196808547796,104.199492965235));
#2414=CARTESIAN_POINT('',(-70.967145953547,-51.3794354180867,107.849492965235));
#2415=CARTESIAN_POINT('',(-77.3146745285194,-58.9441254014045,146.849492965235));
#2416=CARTESIAN_POINT('',(-77.3146745285194,-58.9441254014045,139.849492965235));
#2417=CARTESIAN_POINT('',(-74.1007364800868,-55.1139031858096,146.849492965235));
#2418=CARTESIAN_POINT('',(-77.3146745285194,-58.9441254014045,146.849492965235));
#2419=CARTESIAN_POINT('',(-74.1007364800868,-55.1139031858096,139.849492965235));
#2420=CARTESIAN_POINT('',(-40.1734690908139,-14.6809603877393,139.849242404918));
#2421=CARTESIAN_POINT('',(-40.1734690908139,-14.6809603877393,106.024367685076));
#2422=CARTESIAN_POINT('',(-40.6022005997029,-15.1919027037161,139.849242404918));
#2423=CARTESIAN_POINT('Origin',(-75.399563420722,-60.5510944256209,144.849492965235));
#2424=CARTESIAN_POINT('',(-64.6749410001722,-69.5501211432198,144.849492965235));
#2425=CARTESIAN_POINT('',(-61.4610029517395,-65.7198989276249,144.849492965235));
#2426=CARTESIAN_POINT('',(-63.0679719759558,-67.6350100354224,144.849492965235));
#2427=CARTESIAN_POINT('',(-75.399563420722,-60.5510944256209,144.849492965235));
#2428=CARTESIAN_POINT('',(-75.399563420722,-60.5510944256209,144.849492965235));
#2429=CARTESIAN_POINT('',(-72.1856253722893,-56.720872210026,144.849492965235));
#2430=CARTESIAN_POINT('',(-75.399563420722,-60.5510944256209,144.849492965235));
#2431=CARTESIAN_POINT('',(-72.1856253722893,-56.720872210026,144.849492965235));
#2432=CARTESIAN_POINT('Origin',(-44.4403812654284,-49.3248214519277,104.199492965235));
#2433=CARTESIAN_POINT('',(-59.5458920608262,-67.3268677698539,146.849492965235));
#2434=CARTESIAN_POINT('',(-59.5458918439421,-67.3268679518413,139.849492965235));
#2435=CARTESIAN_POINT('',(-62.7598301092589,-71.1570899854488,146.849492965235));
#2436=CARTESIAN_POINT('',(-62.7598301092588,-71.1570899854488,146.849492965235));
#2437=CARTESIAN_POINT('',(-62.7598298923747,-71.1570901674361,139.849492965235));
#2438=CARTESIAN_POINT('',(-70.7946749416194,-80.7326456208112,107.849492965235));
#2439=CARTESIAN_POINT('',(-58.8227548896454,-66.4650668886206,107.849492965235));
#2440=CARTESIAN_POINT('',(-70.7946749416194,-80.7326456208112,135.587413040257));
#2441=CARTESIAN_POINT('',(-70.7946749416194,-80.7326456208112,104.199492965235));
#2442=CARTESIAN_POINT('',(-44.4403812654284,-49.3248214519277,135.587413040257));
#2443=CARTESIAN_POINT('',(-70.7946749416194,-80.7326456208112,135.587413040257));
#2444=CARTESIAN_POINT('',(-44.4403812654284,-49.3248214519277,107.849492965235));
#2445=CARTESIAN_POINT('',(-44.4403812654284,-49.3248214519277,104.199492965235));
#2446=CARTESIAN_POINT('',(-40.7174841049233,-44.8880453860369,107.849242404918));
#2447=CARTESIAN_POINT('',(-43.2351544793069,-47.8884880996766,107.849492965235));
#2448=CARTESIAN_POINT('',(-40.7174841049232,-44.8880453860369,116.849242404918));
#2449=CARTESIAN_POINT('',(-40.7174841049233,-44.8880453860369,108.024367685076));
#2450=CARTESIAN_POINT('',(-39.6194741209422,-43.5794880429232,116.849242404918));
#2451=CARTESIAN_POINT('',(-28.4578095358013,-30.27753417425,116.849242404918));
#2452=CARTESIAN_POINT('',(-39.6194741209422,-43.5794880429232,130.849242404918));
#2453=CARTESIAN_POINT('',(-39.6194741209422,-43.5794880429232,104.199492965235));
#2454=CARTESIAN_POINT('',(-40.7174841049232,-44.8880453860369,130.849242404918));
#2455=CARTESIAN_POINT('',(-26.8669913639491,-28.381670902781,130.849242404918));
#2456=CARTESIAN_POINT('',(-40.7174841049233,-44.888045386037,143.024367685076));
#2457=CARTESIAN_POINT('Origin',(-74.7501499504044,-57.8324988057152,146.849492965235));
#2458=CARTESIAN_POINT('',(-77.3146745285194,-58.9441254014045,146.849492965235));
#2459=CARTESIAN_POINT('',(-72.1856253722893,-56.720872210026,146.849492965235));
#2460=CARTESIAN_POINT('Origin',(-61.4610029517395,-65.7198989276249,139.849492965235));
#2461=CARTESIAN_POINT('',(-61.4610029517395,-65.7198989276249,139.849492965235));
#2462=CARTESIAN_POINT('',(-64.6749410001722,-69.5501211432198,139.849492965235));
#2463=CARTESIAN_POINT('Origin',(-72.1856253722893,-56.720872210026,139.849492965235));
#2464=CARTESIAN_POINT('',(-72.1856253722893,-56.720872210026,139.849492965235));
#2465=CARTESIAN_POINT('Origin',(-75.399563420722,-60.5510944256209,139.849492965235));
#2466=CARTESIAN_POINT('',(-75.399563420722,-60.5510944256209,139.849492965235));
#2467=CARTESIAN_POINT('Origin',(-77.3146745285194,-58.9441254014045,139.849492965235));
#2468=CARTESIAN_POINT('Origin',(-86.7232266197728,-77.1575585983672,130.899495234635));
#2469=CARTESIAN_POINT('',(-82.962926468065,-72.6762073833369,130.899495234635));
#2470=CARTESIAN_POINT('',(-85.5286909242084,-75.7448884464578,130.899495234635));
#2471=CARTESIAN_POINT('Origin',(-84.2431157048353,-74.2127995602198,130.899495234635));
#2472=CARTESIAN_POINT('',(-81.9023194752866,-71.4122251893627,130.899495234635));
#2473=CARTESIAN_POINT('',(-86.7232266197728,-77.1575585983672,130.899495234635));
#2474=CARTESIAN_POINT('',(-74.2418750440968,-77.8401012862281,130.899495234635));
#2475=CARTESIAN_POINT('',(-76.348497208453,-76.0724354050869,130.899495234635));
#2476=CARTESIAN_POINT('',(-75.3024820368752,-79.1040834802023,130.899495234635));
#2477=CARTESIAN_POINT('',(-79.062782188583,-83.5854346952326,130.899495234635));
#2478=CARTESIAN_POINT('',(-77.8790026172265,-82.1637390834673,130.899495234635));
#2479=CARTESIAN_POINT('Origin',(-76.5934273978534,-80.6316501972294,130.899495234635));
#2480=CARTESIAN_POINT('',(-77.8736166346236,-82.1682423741123,130.899495234635));
#2481=CARTESIAN_POINT('Origin',(-76.5934273978534,-80.6316501972294,130.899495234635));
#2482=CARTESIAN_POINT('',(-79.062782188583,-83.5854346952326,130.899495234635));
#2483=CARTESIAN_POINT('',(-85.5340610658134,-75.7403662772469,130.899495234635));
#2484=CARTESIAN_POINT('',(-86.7232266197728,-77.1575585983672,130.899495234635));
#2485=CARTESIAN_POINT('Origin',(-84.2431157048353,-74.2127995602198,130.899495234635));
#2486=CARTESIAN_POINT('Origin',(-76.5934273978535,-80.6316501972294,104.199492965235));
#2487=CARTESIAN_POINT('',(-77.8790026172265,-82.1637390834673,135.199492965235));
#2488=CARTESIAN_POINT('Origin',(-76.5934273978534,-80.6316501972294,135.199492965235));
#2489=CARTESIAN_POINT('',(-77.8790026172265,-82.1637390834673,104.199492965235));
#2490=CARTESIAN_POINT('',(-75.3024820368752,-79.1040834802023,124.89949517503));
#2491=CARTESIAN_POINT('',(-75.3024820368752,-79.1040834802023,104.199492965235));
#2492=CARTESIAN_POINT('',(-77.8790026172265,-82.1637390834673,124.89949517503));
#2493=CARTESIAN_POINT('Origin',(-76.5934273978534,-80.6316501972294,124.89949517503));
#2494=CARTESIAN_POINT('',(-77.8790026172266,-82.1637390834674,107.849492965235));
#2495=CARTESIAN_POINT('',(-77.8790026172265,-82.1637390834673,104.199492965235));
#2496=CARTESIAN_POINT('Origin',(-76.5934273978534,-80.6316501972294,107.849492965235));
#2497=CARTESIAN_POINT('',(-77.8736166346236,-82.1682423741123,124.89949517503));
#2498=CARTESIAN_POINT('Origin',(-76.5934273978534,-80.6316501972294,124.89949517503));
#2499=CARTESIAN_POINT('',(-77.8736166346237,-82.1682423741123,104.199492965235));
#2500=CARTESIAN_POINT('Origin',(-70.7946749416194,-80.7326456208112,104.199492965235));
#2501=CARTESIAN_POINT('',(-72.422519407504,-79.3667219298734,107.849492965235));
#2502=CARTESIAN_POINT('',(-70.7946749416194,-80.7326456208112,135.587413040257));
#2503=CARTESIAN_POINT('',(-74.2418750440968,-77.8401012862281,124.89949517503));
#2504=CARTESIAN_POINT('',(-74.2418750440968,-77.8401012862281,116.549494099935));
#2505=CARTESIAN_POINT('',(-81.9023194752866,-71.4122251893627,124.89949517503));
#2506=CARTESIAN_POINT('',(-81.9023194752866,-71.4122251893627,116.549494099935));
#2507=CARTESIAN_POINT('',(-72.5182749928581,-79.2863734535196,124.89949517503));
#2508=CARTESIAN_POINT('Origin',(-86.7232266197728,-77.1575585983672,124.89949517503));
#2509=CARTESIAN_POINT('',(-82.962926468065,-72.6762073833369,124.89949517503));
#2510=CARTESIAN_POINT('',(-82.962926468065,-72.6762073833369,104.199492965235));
#2511=CARTESIAN_POINT('',(-86.7232266197728,-77.1575585983672,124.89949517503));
#2512=CARTESIAN_POINT('Origin',(-79.062782188583,-83.5854346952326,128.899495234635));
#2513=CARTESIAN_POINT('',(-79.062782188583,-83.5854346952326,124.89949517503));
#2514=CARTESIAN_POINT('Origin',(-79.062782188583,-83.5854346952326,128.899495234635));
#2515=CARTESIAN_POINT('',(-79.062782188583,-83.5854346952326,124.89949517503));
#2516=CARTESIAN_POINT('Origin',(-79.062782188583,-83.5854346952326,124.89949517503));
#2517=CARTESIAN_POINT('',(-85.5340610658134,-75.7403662772469,124.89949517503));
#2518=CARTESIAN_POINT('',(-85.5286909242084,-75.7448884464578,124.89949517503));
#2519=CARTESIAN_POINT('Origin',(-84.2431157048353,-74.2127995602198,124.89949517503));
#2520=CARTESIAN_POINT('',(-86.7232266197728,-77.1575585983672,124.89949517503));
#2521=CARTESIAN_POINT('Origin',(-84.2431157048353,-74.2127995602198,124.89949517503));
#2522=CARTESIAN_POINT('Origin',(-86.7232266197728,-77.1575585983672,124.89949517503));
#2523=CARTESIAN_POINT('',(-85.5340610658135,-75.7403662772469,104.199492965235));
#2524=CARTESIAN_POINT('Origin',(-30.9137802530411,8.09214911685639,111.849242404918));
#2525=CARTESIAN_POINT('',(-25.1176155590877,14.999749214143,139.849242404918));
#2526=CARTESIAN_POINT('',(-28.3429479534165,11.1559477458912,139.849242404918));
#2527=CARTESIAN_POINT('',(-18.7008156689968,22.646993536117,139.849242404918));
#2528=CARTESIAN_POINT('',(-25.1176155590877,14.999749214143,102.849242404918));
#2529=CARTESIAN_POINT('',(-25.1176155590877,14.999749214143,107.849242404918));
#2530=CARTESIAN_POINT('',(-28.3429479534165,11.1559477458912,102.849242404918));
#2531=CARTESIAN_POINT('',(-28.3429479534165,11.1559477458912,102.849242404918));
#2532=CARTESIAN_POINT('',(-28.3429479534165,11.1559477458912,116.899495055821));
#2533=CARTESIAN_POINT('',(-28.3429479534165,11.1559477458912,144.849242404918));
#2534=CARTESIAN_POINT('',(-25.3392909362216,14.7355667870541,116.899495055821));
#2535=CARTESIAN_POINT('',(-33.677926044254,4.79796843972425,116.899495055821));
#2536=CARTESIAN_POINT('',(-25.3392909362216,14.7355667870541,130.849242404918));
#2537=CARTESIAN_POINT('',(-25.3392909362216,14.7355667870541,114.374368730369));
#2538=CARTESIAN_POINT('',(-28.3429479534165,11.1559477458912,130.849242404918));
#2539=CARTESIAN_POINT('',(-28.5240784351424,10.940084843566,130.849242404918));
#2540=CARTESIAN_POINT('',(-28.3429479534165,11.1559477458912,144.849242404918));
#2541=CARTESIAN_POINT('Origin',(-17.9104704092092,-6.6695452240027,139.849242404918));
#2542=CARTESIAN_POINT('',(-28.4473493459547,10.4994712229065,139.849242404918));
#2543=CARTESIAN_POINT('',(-28.4591779445719,10.4739440176543,139.849242404918));
#2544=CARTESIAN_POINT('',(-33.7561784967235,-0.851767993538887,139.849242404918));
#2545=CARTESIAN_POINT('',(-28.4519468552509,10.4705620594967,139.849242404918));
#2546=CARTESIAN_POINT('',(-20.8384092734071,6.90973403073513,139.849242404918));
#2547=CARTESIAN_POINT('',(-30.7506457650666,-3.98366916305853,139.849242404918));
#2548=CARTESIAN_POINT('',(-18.7722561738541,-33.1218124706156,139.849242404918));
#2549=CARTESIAN_POINT('',(-13.9894688645163,-30.5574558987288,139.849242404918));
#2550=CARTESIAN_POINT('Origin',(-15.9953593014118,-8.27651424821905,139.849242404918));
#2551=CARTESIAN_POINT('',(-30.7414877178758,-3.926083312612,139.849242404918));
#2552=CARTESIAN_POINT('Origin',(-15.9953593014118,-8.27651424821905,107.849242404918));
#2553=CARTESIAN_POINT('',(-18.7722561738541,-33.1218124706156,130.849242404918));
#2554=CARTESIAN_POINT('',(-18.7722561738541,-33.1218124706156,107.849242404918));
#2555=CARTESIAN_POINT('',(-40.159349919979,-14.6875638803616,130.849242404918));
#2556=CARTESIAN_POINT('Origin',(-15.9953593014118,-8.27651424821905,130.849242404918));
#2557=CARTESIAN_POINT('',(-40.159349919979,-14.6875638803616,116.849242404918));
#2558=CARTESIAN_POINT('',(-40.159349919979,-14.6875638803616,107.849242404918));
#2559=CARTESIAN_POINT('',(-18.7722561738541,-33.1218124706156,116.849242404918));
#2560=CARTESIAN_POINT('Origin',(-15.9953593014118,-8.27651424821905,116.849242404918));
#2561=CARTESIAN_POINT('',(-18.7722561738541,-33.1218124706156,107.849242404918));
#2562=CARTESIAN_POINT('',(-18.7722561738541,-33.1218124706156,107.849242404918));
#2563=CARTESIAN_POINT('',(-40.159349919979,-14.6875638803616,107.849242404918));
#2564=CARTESIAN_POINT('Origin',(-15.9953593014118,-8.27651424821905,107.849242404918));
#2565=CARTESIAN_POINT('',(-40.159349919979,-14.6875638803616,102.849242404918));
#2566=CARTESIAN_POINT('',(-40.159349919979,-14.6875638803616,107.849242404918));
#2567=CARTESIAN_POINT('Origin',(-15.9953593014118,-8.27651424821905,102.849242404918));
#2568=CARTESIAN_POINT('',(8.96654402453986,-9.65614548367437,130.849242404918));
#2569=CARTESIAN_POINT('',(0.335429888282461,10.6524404097056,130.849242404918));
#2570=CARTESIAN_POINT('Origin',(-15.9953593014118,-8.27651424821905,130.849242404918));
#2571=CARTESIAN_POINT('',(0.335429888282457,10.6524404097056,116.899495055821));
#2572=CARTESIAN_POINT('',(0.335429888282466,10.6524404097056,107.849242404918));
#2573=CARTESIAN_POINT('',(8.96654402453985,-9.65614548367437,116.899495055821));
#2574=CARTESIAN_POINT('Origin',(-15.9953593014118,-8.27651424821905,116.899495055821));
#2575=CARTESIAN_POINT('',(8.96654402453986,-9.65614548367437,107.849242404918));
#2576=CARTESIAN_POINT('Origin',(-15.9953593014118,-8.27651424821905,102.849242404918));
#2577=CARTESIAN_POINT('',(-30.6507758454874,-3.35568656663812,102.849242404918));
#2578=CARTESIAN_POINT('',(-54.162781702161,-31.3762040154249,102.849242404918));
#2579=CARTESIAN_POINT('',(-30.6507758454874,-3.35568656663812,102.849242404918));
#2580=CARTESIAN_POINT('',(-11.7201075098409,-20.0226720080429,102.849242404918));
#2581=CARTESIAN_POINT('Origin',(-15.9953593014118,-8.27651424821905,102.849242404918));
#2582=CARTESIAN_POINT('Origin',(-30.6507758454874,-3.35568656663813,130.849242404918));
#2583=CARTESIAN_POINT('',(-27.677220429826,-3.82857983138619,116.899495055821));
#2584=CARTESIAN_POINT('',(-27.677220429826,-3.8285798313862,130.849242404918));
#2585=CARTESIAN_POINT('',(-27.677220429826,-3.82857983138619,107.849242404918));
#2586=CARTESIAN_POINT('',(-30.6507758454874,-3.35568656663812,116.899495055821));
#2587=CARTESIAN_POINT('',(-30.6507758454874,-3.35568656663812,116.899495055821));
#2588=CARTESIAN_POINT('',(-30.6507758454874,-3.35568656663813,130.849242404918));
#2589=CARTESIAN_POINT('',(-30.6507758454874,-3.35568656663812,107.849242404918));
#2590=CARTESIAN_POINT('',(-30.6507758454874,-3.35568656663813,130.849242404918));
#2591=CARTESIAN_POINT('Origin',(-30.6507758454874,-3.35568656663813,130.849242404918));
#2592=CARTESIAN_POINT('',(-3.50998700097119,-7.6719660537874,116.899495055821));
#2593=CARTESIAN_POINT('',(-30.6507758454874,-3.35568656663812,116.899495055821));
#2594=CARTESIAN_POINT('',(-3.50998700097119,-7.6719660537874,130.849242404918));
#2595=CARTESIAN_POINT('',(-3.50998700097119,-7.6719660537874,107.849242404918));
#2596=CARTESIAN_POINT('',(-30.6507758454874,-3.35568656663813,130.849242404918));
#2597=CARTESIAN_POINT('Origin',(-30.6507758454874,-3.35568656663813,116.899495055821));
#2598=CARTESIAN_POINT('',(-27.7136203118744,15.1131633719793,116.899495055821));
#2599=CARTESIAN_POINT('',(-30.6416177982967,-3.29810071619158,116.899495055821));
#2600=CARTESIAN_POINT('Origin',(-15.9953593014118,-8.27651424821905,116.899495055821));
#2601=CARTESIAN_POINT('Origin',(-27.7136203118744,15.1131633719793,116.899495055821));
#2602=CARTESIAN_POINT('',(-27.7136203118744,15.1131633719793,130.849242404918));
#2603=CARTESIAN_POINT('Origin',(-30.6324597511059,-3.24051486574504,144.849242404918));
#2604=CARTESIAN_POINT('',(-28.4519468552509,10.4705620594967,130.849242404918));
#2605=CARTESIAN_POINT('',(-28.4519468552509,10.4705620594967,107.849242404918));
#2606=CARTESIAN_POINT('',(-29.1730400314902,5.93632425311714,130.849242404918));
#2607=CARTESIAN_POINT('',(-30.6507758454874,-3.35568656663812,107.849242404918));
#2608=CARTESIAN_POINT('Origin',(-30.6324597511059,-3.24051486574504,144.849242404918));
#2609=CARTESIAN_POINT('',(-30.6507758454874,-3.35568656663812,107.849242404918));
#2610=CARTESIAN_POINT('Origin',(-28.4519468552509,10.4705620594967,139.849242404918));
#2611=CARTESIAN_POINT('',(-28.4591779445719,10.4739440176543,130.849242404918));
#2612=CARTESIAN_POINT('',(-28.4591779445719,10.4739440176543,132.186805044997));
#2613=CARTESIAN_POINT('',(-21.3327003197975,7.14091242756218,130.849242404918));
#2614=CARTESIAN_POINT('Origin',(-17.9104704092092,-6.6695452240027,139.849242404918));
#2615=CARTESIAN_POINT('',(-40.2149709614091,-14.6615500909524,139.849242404918));
#2616=CARTESIAN_POINT('',(-32.5942022903129,-18.22576007784,139.849242404918));
#2617=CARTESIAN_POINT('',(-33.7561784967235,-0.851767993538887,139.849242404918));
#2618=CARTESIAN_POINT('Origin',(-16.6054495006454,-1.30315136157683,130.849242404918));
#2619=CARTESIAN_POINT('',(-28.4473493459205,10.4994712228905,130.849242404918));
#2620=CARTESIAN_POINT('',(-29.1730400314902,5.93632425311714,130.849242404918));
#2621=CARTESIAN_POINT('',(-11.7201075098409,-20.0226720080429,130.849242404918));
#2622=CARTESIAN_POINT('Origin',(-15.9953593014118,-8.27651424821905,130.849242404918));
#2623=CARTESIAN_POINT('Origin',(-15.9953593014118,-8.27651424821905,130.849242404918));
#2624=CARTESIAN_POINT('',(-32.6093769960037,1.60025054084994,130.849242404918));
#2625=CARTESIAN_POINT('Origin',(-34.367580331237,-2.15902877870191,124.524367685076));
#2626=CARTESIAN_POINT('',(-28.4473493459547,10.4994712229066,124.524367685076));
#2627=CARTESIAN_POINT('Origin',(-34.367580331237,-2.15902877870191,124.524367685076));
#2628=CARTESIAN_POINT('',(-40.2149709614091,-14.6615500909524,130.849242404918));
#2629=CARTESIAN_POINT('',(-40.2149709614091,-14.6615500909524,127.686805044997));
#2630=CARTESIAN_POINT('',(-32.6093769960571,1.60025054085144,130.849242404918));
#2631=CARTESIAN_POINT('Origin',(-16.6054495006454,-1.30315136157683,130.849242404918));
#2632=CARTESIAN_POINT('',(-33.0884933367035,-17.9945816810128,130.849242404918));
#2633=CARTESIAN_POINT('',(-12.3652440526793,-29.6866056390228,130.849242404918));
#2634=CARTESIAN_POINT('',(-43.27539814003,-40.5118035468945,130.849242404918));
#2635=CARTESIAN_POINT('Origin',(-40.2077398721561,-14.6649320490781,107.849242404918));
#2636=CARTESIAN_POINT('',(-40.2077398721561,-14.6649320490781,116.849242404918));
#2637=CARTESIAN_POINT('',(-32.5942022903129,-18.22576007784,116.849242404918));
#2638=CARTESIAN_POINT('',(-40.159349919979,-14.6875638803616,107.849242404918));
#2639=CARTESIAN_POINT('',(-40.2077398721561,-14.6649320490781,107.849242404918));
#2640=CARTESIAN_POINT('',(-33.0884933367035,-17.9945816810128,107.849242404918));
#2641=CARTESIAN_POINT('',(-40.2077398721561,-14.6649320490781,108.849242404918));
#2642=CARTESIAN_POINT('Origin',(-40.2077398721561,-14.6649320490781,107.849242404918));
#2643=CARTESIAN_POINT('',(-40.159349919979,-14.6875638803616,107.849242404918));
#2644=CARTESIAN_POINT('Origin',(-30.6324597511059,-3.24051486574504,144.849242404918));
#2645=CARTESIAN_POINT('Origin',(-40.159349919979,-14.6875638803616,107.849242404918));
#2646=CARTESIAN_POINT('Origin',(-15.9953593014118,-8.27651424821905,107.849242404918));
#2647=CARTESIAN_POINT('',(-11.7201075098409,-20.0226720080429,116.849242404918));
#2648=CARTESIAN_POINT('Origin',(-15.9953593014118,-8.27651424821905,116.849242404918));
#2649=CARTESIAN_POINT('',(-11.7201075098409,-20.0226720080429,107.849242404918));
#2650=CARTESIAN_POINT('Origin',(-15.9953593014118,-8.27651424821905,107.849242404918));
#2651=CARTESIAN_POINT('',(-11.7201075098409,-20.0226720080429,107.849242404918));
#2652=CARTESIAN_POINT('',(-11.7201075098409,-20.0226720080429,107.849242404918));
#2653=CARTESIAN_POINT('Origin',(-15.9953593014118,-8.27651424821905,107.849242404918));
#2654=CARTESIAN_POINT('Origin',(-20.8920120801624,-34.2583484772502,111.849242404918));
#2655=CARTESIAN_POINT('',(-12.3652440526793,-29.6866056390228,107.849242404918));
#2656=CARTESIAN_POINT('',(-13.9894688645163,-30.5574558987288,116.849242404918));
#2657=CARTESIAN_POINT('Origin',(-16.6054495006454,-1.30315136157682,107.849242404918));
#2658=CARTESIAN_POINT('',(-24.1177888527325,-7.92242303292285,107.849242404918));
#2659=CARTESIAN_POINT('Origin',(-22.968722188054,-8.88660444745266,107.849242404918));
#2660=CARTESIAN_POINT('',(-20.151058082443,-8.64009078058778,107.849242404918));
#2661=CARTESIAN_POINT('',(-15.6317827690431,-12.4322130292502,107.849242404918));
#2662=CARTESIAN_POINT('',(-20.151058082443,-8.64009078058778,107.849242404918));
#2663=CARTESIAN_POINT('',(-11.8396605203806,-7.91293771585031,107.849242404918));
#2664=CARTESIAN_POINT('',(-15.6317827690431,-12.4322130292502,107.849242404918));
#2665=CARTESIAN_POINT('',(-16.3589358337805,-4.12081546718786,107.849242404918));
#2666=CARTESIAN_POINT('',(-10.3075716341427,-9.1985129352234,107.849242404918));
#2667=CARTESIAN_POINT('',(-20.151058082443,-8.64009078058778,107.849242404918));
#2668=CARTESIAN_POINT('',(-16.5343357668567,-14.2856957203315,107.849242404918));
#2669=CARTESIAN_POINT('Origin',(-15.3852691021782,-15.2498771348613,107.849242404918));
#2670=CARTESIAN_POINT('',(-17.7545161653239,-0.338969947047017,107.849242404918));
#2671=CARTESIAN_POINT('Origin',(-16.6054495006454,-1.30315136157682,107.849242404918));
#2672=CARTESIAN_POINT('',(-10.171063079448,-6.70224263445564,107.849242404918));
#2673=CARTESIAN_POINT('Origin',(-9.02199641476957,-7.66642404898545,107.849242404918));
#2674=CARTESIAN_POINT('Origin',(-16.6054495006454,-1.30315136157682,107.849242404918));
#2675=CARTESIAN_POINT('',(-39.6194741209422,-43.5794880429233,107.849242404918));
#2676=CARTESIAN_POINT('',(-26.8669913639491,-28.381670902781,107.849242404918));
#2677=CARTESIAN_POINT('',(-54.162781702161,-31.3762040154249,107.849242404918));
#2678=CARTESIAN_POINT('',(-43.27539814003,-40.5118035468945,107.849242404918));
#2679=CARTESIAN_POINT('',(-40.2925899907855,-14.8463532134228,107.849242404918));
#2680=CARTESIAN_POINT('',(-38.6213422056005,-12.8546376613135,107.849242404918));
#2681=CARTESIAN_POINT('',(-32.6081054972851,1.58412616266461,107.849242404918));
#2682=CARTESIAN_POINT('Origin',(-17.9104704092092,-6.6695452240027,116.849242404918));
#2683=CARTESIAN_POINT('',(-40.2925899907855,-14.8463532134228,116.849242404918));
#2684=CARTESIAN_POINT('',(-33.7549069979575,-0.867892371721277,116.849242404918));
#2685=CARTESIAN_POINT('',(-54.162781702161,-31.3762040154249,116.849242404918));
#2686=CARTESIAN_POINT('',(-38.6213422056005,-12.8546376613135,116.849242404918));
#2687=CARTESIAN_POINT('',(-42.3370904224598,-41.2991372066385,116.849242404918));
#2688=CARTESIAN_POINT('Origin',(-34.3722684230182,-2.18789557696304,109.849242404918));
#2689=CARTESIAN_POINT('',(-40.2925899907855,-14.8463532134228,109.849242404918));
#2690=CARTESIAN_POINT('Origin',(-38.6213422056005,-12.8546376613135,107.849242404918));
#2691=CARTESIAN_POINT('',(-54.162781702161,-31.3762040154249,106.024367685076));
#2692=CARTESIAN_POINT('Origin',(-76.4608174456317,-80.8734649434379,107.849492965235));
#2693=CARTESIAN_POINT('',(-85.5286909242083,-75.7448884464578,107.849492965235));
#2694=CARTESIAN_POINT('Origin',(-84.2431157048353,-74.2127995602198,107.849492965235));
#2695=CARTESIAN_POINT('Origin',(-17.9104704092092,-6.6695452240027,116.849242404918));
#2696=CARTESIAN_POINT('',(-23.6558037326016,-1.84863815135366,116.849242404918));
#2697=CARTESIAN_POINT('Origin',(-15.9953593014118,-8.27651424821905,116.849242404918));
#2698=CARTESIAN_POINT('Origin',(-39.6194741209422,-43.5794880429232,104.199492965235));
#2699=CARTESIAN_POINT('',(-41.2473185868268,-42.2135643519855,107.849492965235));
#2700=CARTESIAN_POINT('Origin',(-45.2856166249545,-43.72030736555,107.849492965235));
#2701=CARTESIAN_POINT('',(-49.3239146630822,-45.2270503791145,107.849492965235));
#2702=CARTESIAN_POINT('',(-54.7202508498711,-38.5082680355177,107.849492965235));
#2703=CARTESIAN_POINT('',(-54.2076079232115,-38.9384265262034,107.849492965235));
#2704=CARTESIAN_POINT('Origin',(-53.196473445339,-37.2128521094779,107.849492965235));
#2705=CARTESIAN_POINT('',(-54.4820486647121,-38.7449409957158,107.849492965235));
#2706=CARTESIAN_POINT('Origin',(-53.196473445339,-37.2128521094779,107.849492965235));
#2707=CARTESIAN_POINT('Origin',(-53.196473445339,-37.2128521094779,107.849492965235));
#2708=CARTESIAN_POINT('',(-47.0705625428893,-44.9271186725273,107.849492965235));
#2709=CARTESIAN_POINT('',(-46.5579196162296,-45.3572771632131,107.849492965235));
#2710=CARTESIAN_POINT('Origin',(-45.5467851383572,-43.6317027464875,107.849492965235));
#2711=CARTESIAN_POINT('Origin',(-45.5467851383572,-43.6317027464875,107.849492965235));
#2712=CARTESIAN_POINT('Origin',(-45.5467851383572,-43.6317027464875,104.199492965235));
#2713=CARTESIAN_POINT('',(-47.4944986455984,-44.086028723854,135.199492965235));
#2714=CARTESIAN_POINT('Origin',(-45.5467851383572,-43.6317027464875,135.199492965235));
#2715=CARTESIAN_POINT('',(-47.4944986455984,-44.086028723854,116.849242404918));
#2716=CARTESIAN_POINT('',(-47.4944986455985,-44.086028723854,104.199492965235));
#2717=CARTESIAN_POINT('',(-46.5579196162296,-45.357277163213,116.849242404918));
#2718=CARTESIAN_POINT('Origin',(-45.5467851383572,-43.6317027464875,116.849242404918));
#2719=CARTESIAN_POINT('',(-46.5579196162296,-45.357277163213,104.199492965235));
#2720=CARTESIAN_POINT('',(-47.0705625428893,-44.9271186725273,116.849242404918));
#2721=CARTESIAN_POINT('',(-47.0705625428893,-44.9271186725272,104.199492965235));
#2722=CARTESIAN_POINT('Origin',(-45.5467851383572,-43.6317027464875,116.849242404918));
#2723=CARTESIAN_POINT('Origin',(-53.196473445339,-37.2128521094779,104.199492965235));
#2724=CARTESIAN_POINT('',(-54.4820486647121,-38.7449409957158,135.199492965235));
#2725=CARTESIAN_POINT('Origin',(-53.196473445339,-37.2128521094779,135.199492965235));
#2726=CARTESIAN_POINT('',(-54.4820486647121,-38.7449409957158,104.199492965235));
#2727=CARTESIAN_POINT('',(-54.720250849871,-38.5082680355177,116.849242404918));
#2728=CARTESIAN_POINT('',(-54.7202508498711,-38.5082680355177,104.199492965235));
#2729=CARTESIAN_POINT('',(-54.2076079232115,-38.9384265262033,116.849242404918));
#2730=CARTESIAN_POINT('Origin',(-53.196473445339,-37.2128521094779,116.849242404918));
#2731=CARTESIAN_POINT('',(-54.2076079232115,-38.9384265262034,104.199492965235));
#2732=CARTESIAN_POINT('Origin',(-50.9517591289668,-43.8611266881767,104.199492965235));
#2733=CARTESIAN_POINT('',(-47.6960701971976,-46.5929740700522,135.587413040257));
#2734=CARTESIAN_POINT('Origin',(-70.7946749416194,-80.7326456208112,135.587413040257));
#2735=CARTESIAN_POINT('Origin',(-76.5934273978535,-80.6316501972294,135.199492965235));
#2736=CARTESIAN_POINT('Origin',(-84.2431157048352,-74.2127995602198,135.199492965235));
#2737=CARTESIAN_POINT('',(-85.5286909242084,-75.7448884464578,135.199492965235));
#2738=CARTESIAN_POINT('Origin',(-84.2431157048352,-74.2127995602198,135.199492965235));
#2739=CARTESIAN_POINT('Origin',(-84.2431157048353,-74.2127995602198,104.199492965235));
#2740=CARTESIAN_POINT('',(-85.5286909242084,-75.7448884464578,104.199492965235));
#2741=CARTESIAN_POINT('',(-85.5286909242084,-75.7448884464578,104.199492965235));
#2742=CARTESIAN_POINT('Origin',(-53.196473445339,-37.2128521094779,135.199492965235));
#2743=CARTESIAN_POINT('Origin',(-45.5467851383572,-43.6317027464875,135.199492965235));
#2744=CARTESIAN_POINT('Origin',(-49.1414220669156,-43.1894612096968,111.849242404918));
#2745=CARTESIAN_POINT('',(-52.2055998393915,-40.6183107709506,107.849242404918));
#2746=CARTESIAN_POINT('',(-48.9691587924644,-43.3340072597542,116.849242404918));
#2747=CARTESIAN_POINT('Origin',(-17.9104704092092,-6.6695452240027,116.849242404918));
#2748=CARTESIAN_POINT('Origin',(-17.9104704092092,-6.6695452240027,116.849242404918));
#2749=CARTESIAN_POINT('',(-48.9691587924644,-43.3340072597542,116.849242404918));
#2750=CARTESIAN_POINT('Origin',(-20.8920120801624,-34.2583484772502,111.849242404918));
#2751=CARTESIAN_POINT('Origin',(-16.6054495006454,-1.30315136157682,107.849242404918));
#2752=CARTESIAN_POINT('Origin',(-16.6054495006454,-1.30315136157682,107.849242404918));
#2753=CARTESIAN_POINT('',(-52.2055998393915,-40.6183107709506,107.849242404918));
#2754=CARTESIAN_POINT('Origin',(-49.1414220669156,-43.1894612096968,111.849242404918));
#2755=CARTESIAN_POINT('Origin',(-15.9953593014118,-8.27651424821905,111.849242404918));
#2756=CARTESIAN_POINT('',(-23.6558037326016,-1.84863815135366,111.849242404918));
#2757=CARTESIAN_POINT('',(-23.6558037326016,-1.84863815135365,111.849242404918));
#2758=CARTESIAN_POINT('Origin',(-15.9953593014118,-8.27651424821905,111.849242404918));
#2759=CARTESIAN_POINT('Origin',(-20.151058082443,-8.64009078058778,107.849242404918));
#2760=CARTESIAN_POINT('',(-15.6317827690431,-12.4322130292502,109.849242404918));
#2761=CARTESIAN_POINT('',(-15.6317827690431,-12.4322130292502,109.849242404918));
#2762=CARTESIAN_POINT('',(-20.151058082443,-8.64009078058778,109.849242404918));
#2763=CARTESIAN_POINT('',(-20.151058082443,-8.64009078058778,109.849242404918));
#2764=CARTESIAN_POINT('',(-19.021239254093,-9.58812134275339,109.849242404918));
#2765=CARTESIAN_POINT('Origin',(-15.9953593014118,-8.27651424821905,109.849242404918));
#2766=CARTESIAN_POINT('',(-16.3589358337805,-4.12081546718786,109.849242404918));
#2767=CARTESIAN_POINT('',(-19.2030275202774,-7.5102719522378,109.849242404918));
#2768=CARTESIAN_POINT('',(-11.8396605203806,-7.91293771585031,109.849242404918));
#2769=CARTESIAN_POINT('',(-15.2291170054305,-5.06884602935348,109.849242404918));
#2770=CARTESIAN_POINT('',(-14.6837522068775,-11.3023942009002,109.849242404918));
#2771=CARTESIAN_POINT('',(-17.1444259660903,-7.31233283368924,109.849242404918));
#2772=CARTESIAN_POINT('Origin',(-15.9953593014118,-8.27651424821905,109.849242404918));
#2773=CARTESIAN_POINT('Origin',(-16.3589358337805,-4.12081546718786,111.849242404918));
#2774=CARTESIAN_POINT('',(-16.3589358337805,-4.12081546718786,110.849242404918));
#2775=CARTESIAN_POINT('',(-11.8396605203806,-7.91293771585031,109.849242404918));
#2776=CARTESIAN_POINT('Origin',(-20.151058082443,-8.64009078058778,111.849242404918));
#2777=CARTESIAN_POINT('Origin',(-18.2029332077892,-15.4963908017261,111.849242404918));
#2778=CARTESIAN_POINT('Origin',(-9.02199641476957,-7.66642404898545,104.849242404918));
#2779=CARTESIAN_POINT('',(-10.171063079448,-6.70224263445564,111.849242404918));
#2780=CARTESIAN_POINT('Origin',(-9.02199641476957,-7.66642404898545,111.849242404918));
#2781=CARTESIAN_POINT('',(-10.171063079448,-6.70224263445563,104.849242404918));
#2782=CARTESIAN_POINT('Origin',(-16.6054495006454,-1.30315136157682,104.849242404918));
#2783=CARTESIAN_POINT('',(-17.7545161653239,-0.338969947047016,111.849242404918));
#2784=CARTESIAN_POINT('Origin',(-16.6054495006454,-1.30315136157683,111.849242404918));
#2785=CARTESIAN_POINT('',(-17.7545161653239,-0.338969947047014,104.849242404918));
#2786=CARTESIAN_POINT('Origin',(-15.9953593014118,-8.27651424821905,104.849242404918));
#2787=CARTESIAN_POINT('',(-17.1444259660903,-7.31233283368924,111.849242404918));
#2788=CARTESIAN_POINT('Origin',(-15.9953593014118,-8.27651424821905,111.849242404918));
#2789=CARTESIAN_POINT('',(-17.1444259660903,-7.31233283368924,104.849242404918));
#2790=CARTESIAN_POINT('Origin',(-15.3852691021782,-15.2498771348613,104.849242404918));
#2791=CARTESIAN_POINT('',(-16.5343357668567,-14.2856957203315,111.849242404918));
#2792=CARTESIAN_POINT('Origin',(-15.3852691021782,-15.2498771348613,111.849242404918));
#2793=CARTESIAN_POINT('',(-16.5343357668566,-14.2856957203315,104.849242404918));
#2794=CARTESIAN_POINT('Origin',(-22.968722188054,-8.88660444745266,104.849242404918));
#2795=CARTESIAN_POINT('',(-24.1177888527325,-7.92242303292285,111.849242404918));
#2796=CARTESIAN_POINT('Origin',(-22.968722188054,-8.88660444745266,111.849242404918));
#2797=CARTESIAN_POINT('',(-24.1177888527325,-7.92242303292285,104.849242404918));
#2798=CARTESIAN_POINT('Origin',(-15.9953593014118,-8.27651424821905,111.849242404918));
#2799=UNCERTAINTY_MEASURE_WITH_UNIT(LENGTH_MEASURE(0.01),#2803,
'DISTANCE_ACCURACY_VALUE',
'Maximum model space distance between geometric entities at asserted c
onnectivities');
#2800=UNCERTAINTY_MEASURE_WITH_UNIT(LENGTH_MEASURE(0.01),#2803,
'DISTANCE_ACCURACY_VALUE',
'Maximum model space distance between geometric entities at asserted c
onnectivities');
#2801=(
GEOMETRIC_REPRESENTATION_CONTEXT(3)
GLOBAL_UNCERTAINTY_ASSIGNED_CONTEXT((#2799))
GLOBAL_UNIT_ASSIGNED_CONTEXT((#2803,#2805,#2806))
REPRESENTATION_CONTEXT('','3D')
);
#2802=(
GEOMETRIC_REPRESENTATION_CONTEXT(3)
GLOBAL_UNCERTAINTY_ASSIGNED_CONTEXT((#2800))
GLOBAL_UNIT_ASSIGNED_CONTEXT((#2803,#2805,#2806))
REPRESENTATION_CONTEXT('','3D')
);
#2803=(
LENGTH_UNIT()
NAMED_UNIT(*)
SI_UNIT(.MILLI.,.METRE.)
);
#2804=(
LENGTH_UNIT()
NAMED_UNIT(*)
SI_UNIT($,.METRE.)
);
#2805=(
NAMED_UNIT(*)
PLANE_ANGLE_UNIT()
SI_UNIT($,.RADIAN.)
);
#2806=(
NAMED_UNIT(*)
SI_UNIT($,.STERADIAN.)
SOLID_ANGLE_UNIT()
);
#2807=SHAPE_DEFINITION_REPRESENTATION(#2808,#2809);
#2808=PRODUCT_DEFINITION_SHAPE('',$,#2811);
#2809=SHAPE_REPRESENTATION('',(#1683),#2801);
#2810=PRODUCT_DEFINITION_CONTEXT('part definition',#2815,'design');
#2811=PRODUCT_DEFINITION('2026-08-03-14-40-19-866','robot',#2812,#2810);
#2812=PRODUCT_DEFINITION_FORMATION('',$,#2817);
#2813=PRODUCT_RELATED_PRODUCT_CATEGORY('robot','robot',(#2817));
#2814=APPLICATION_PROTOCOL_DEFINITION('international standard',
'automotive_design',2009,#2815);
#2815=APPLICATION_CONTEXT(
'Core Data for Automotive Mechanical Design Process');
#2816=PRODUCT_CONTEXT('part definition',#2815,'mechanical');
#2817=PRODUCT('2026-08-03-14-40-19-866','robot',
'Spur Gear; Module: 1.0; Num Teeth: 16; Pressure Angle: 20.0; Backlash
: 0.00 mm',(#2816));
#2818=PRESENTATION_STYLE_ASSIGNMENT((#2844));
#2819=PRESENTATION_STYLE_ASSIGNMENT((#2845));
#2820=PRESENTATION_STYLE_ASSIGNMENT((#2846));
#2821=PRESENTATION_STYLE_ASSIGNMENT((#2847));
#2822=PRESENTATION_STYLE_ASSIGNMENT((#2848));
#2823=PRESENTATION_STYLE_ASSIGNMENT((#2849));
#2824=PRESENTATION_STYLE_ASSIGNMENT((#2850));
#2825=PRESENTATION_STYLE_ASSIGNMENT((#2851));
#2826=PRESENTATION_STYLE_ASSIGNMENT((#2852));
#2827=PRESENTATION_STYLE_ASSIGNMENT((#2853));
#2828=PRESENTATION_STYLE_ASSIGNMENT((#2854));
#2829=PRESENTATION_STYLE_ASSIGNMENT((#2855));
#2830=PRESENTATION_STYLE_ASSIGNMENT((#2856));
#2831=PRESENTATION_STYLE_ASSIGNMENT((#2857));
#2832=PRESENTATION_STYLE_ASSIGNMENT((#2858));
#2833=PRESENTATION_STYLE_ASSIGNMENT((#2859));
#2834=PRESENTATION_STYLE_ASSIGNMENT((#2860));
#2835=PRESENTATION_STYLE_ASSIGNMENT((#2861));
#2836=PRESENTATION_STYLE_ASSIGNMENT((#2862));
#2837=PRESENTATION_STYLE_ASSIGNMENT((#2863));
#2838=PRESENTATION_STYLE_ASSIGNMENT((#2864));
#2839=PRESENTATION_STYLE_ASSIGNMENT((#2865));
#2840=PRESENTATION_STYLE_ASSIGNMENT((#2866));
#2841=PRESENTATION_STYLE_ASSIGNMENT((#2867));
#2842=PRESENTATION_STYLE_ASSIGNMENT((#2868));
#2843=PRESENTATION_STYLE_ASSIGNMENT((#2869));
#2844=SURFACE_STYLE_USAGE(.BOTH.,#2870);
#2845=SURFACE_STYLE_USAGE(.BOTH.,#2871);
#2846=SURFACE_STYLE_USAGE(.BOTH.,#2872);
#2847=SURFACE_STYLE_USAGE(.BOTH.,#2873);
#2848=SURFACE_STYLE_USAGE(.BOTH.,#2874);
#2849=SURFACE_STYLE_USAGE(.BOTH.,#2875);
#2850=SURFACE_STYLE_USAGE(.BOTH.,#2876);
#2851=SURFACE_STYLE_USAGE(.BOTH.,#2877);
#2852=SURFACE_STYLE_USAGE(.BOTH.,#2878);
#2853=SURFACE_STYLE_USAGE(.BOTH.,#2879);
#2854=SURFACE_STYLE_USAGE(.BOTH.,#2880);
#2855=SURFACE_STYLE_USAGE(.BOTH.,#2881);
#2856=SURFACE_STYLE_USAGE(.BOTH.,#2882);
#2857=SURFACE_STYLE_USAGE(.BOTH.,#2883);
#2858=SURFACE_STYLE_USAGE(.BOTH.,#2884);
#2859=SURFACE_STYLE_USAGE(.BOTH.,#2885);
#2860=SURFACE_STYLE_USAGE(.BOTH.,#2886);
#2861=SURFACE_STYLE_USAGE(.BOTH.,#2887);
#2862=SURFACE_STYLE_USAGE(.BOTH.,#2888);
#2863=SURFACE_STYLE_USAGE(.BOTH.,#2889);
#2864=SURFACE_STYLE_USAGE(.BOTH.,#2890);
#2865=SURFACE_STYLE_USAGE(.BOTH.,#2891);
#2866=SURFACE_STYLE_USAGE(.BOTH.,#2892);
#2867=SURFACE_STYLE_USAGE(.BOTH.,#2893);
#2868=SURFACE_STYLE_USAGE(.BOTH.,#2894);
#2869=SURFACE_STYLE_USAGE(.BOTH.,#2895);
#2870=SURFACE_SIDE_STYLE('',(#2896));
#2871=SURFACE_SIDE_STYLE('',(#2897));
#2872=SURFACE_SIDE_STYLE('',(#2898));
#2873=SURFACE_SIDE_STYLE('',(#2899));
#2874=SURFACE_SIDE_STYLE('',(#2900));
#2875=SURFACE_SIDE_STYLE('',(#2901));
#2876=SURFACE_SIDE_STYLE('',(#2902));
#2877=SURFACE_SIDE_STYLE('',(#2903));
#2878=SURFACE_SIDE_STYLE('',(#2904));
#2879=SURFACE_SIDE_STYLE('',(#2905));
#2880=SURFACE_SIDE_STYLE('',(#2906));
#2881=SURFACE_SIDE_STYLE('',(#2907));
#2882=SURFACE_SIDE_STYLE('',(#2908));
#2883=SURFACE_SIDE_STYLE('',(#2909));
#2884=SURFACE_SIDE_STYLE('',(#2910));
#2885=SURFACE_SIDE_STYLE('',(#2911));
#2886=SURFACE_SIDE_STYLE('',(#2912));
#2887=SURFACE_SIDE_STYLE('',(#2913));
#2888=SURFACE_SIDE_STYLE('',(#2914));
#2889=SURFACE_SIDE_STYLE('',(#2915));
#2890=SURFACE_SIDE_STYLE('',(#2916));
#2891=SURFACE_SIDE_STYLE('',(#2917));
#2892=SURFACE_SIDE_STYLE('',(#2918));
#2893=SURFACE_SIDE_STYLE('',(#2919));
#2894=SURFACE_SIDE_STYLE('',(#2920));
#2895=SURFACE_SIDE_STYLE('',(#2921));
#2896=SURFACE_STYLE_FILL_AREA(#2922);
#2897=SURFACE_STYLE_FILL_AREA(#2923);
#2898=SURFACE_STYLE_FILL_AREA(#2924);
#2899=SURFACE_STYLE_FILL_AREA(#2925);
#2900=SURFACE_STYLE_FILL_AREA(#2926);
#2901=SURFACE_STYLE_FILL_AREA(#2927);
#2902=SURFACE_STYLE_FILL_AREA(#2928);
#2903=SURFACE_STYLE_FILL_AREA(#2929);
#2904=SURFACE_STYLE_FILL_AREA(#2930);
#2905=SURFACE_STYLE_FILL_AREA(#2931);
#2906=SURFACE_STYLE_FILL_AREA(#2932);
#2907=SURFACE_STYLE_FILL_AREA(#2933);
#2908=SURFACE_STYLE_FILL_AREA(#2934);
#2909=SURFACE_STYLE_FILL_AREA(#2935);
#2910=SURFACE_STYLE_FILL_AREA(#2936);
#2911=SURFACE_STYLE_FILL_AREA(#2937);
#2912=SURFACE_STYLE_FILL_AREA(#2938);
#2913=SURFACE_STYLE_FILL_AREA(#2939);
#2914=SURFACE_STYLE_FILL_AREA(#2940);
#2915=SURFACE_STYLE_FILL_AREA(#2941);
#2916=SURFACE_STYLE_FILL_AREA(#2942);
#2917=SURFACE_STYLE_FILL_AREA(#2943);
#2918=SURFACE_STYLE_FILL_AREA(#2944);
#2919=SURFACE_STYLE_FILL_AREA(#2945);
#2920=SURFACE_STYLE_FILL_AREA(#2946);
#2921=SURFACE_STYLE_FILL_AREA(#2947);
#2922=FILL_AREA_STYLE('Steel - Satin',(#2948));
#2923=FILL_AREA_STYLE('Opaque(76,76,76)',(#2949));
#2924=FILL_AREA_STYLE('Opaque(51,51,51)',(#2950));
#2925=FILL_AREA_STYLE('Opaque(223,223,223)',(#2951));
#2926=FILL_AREA_STYLE('Opaque(255,255,255)',(#2952));
#2927=FILL_AREA_STYLE('Opaque(255,202,0)',(#2953));
#2928=FILL_AREA_STYLE('Opaque(152,170,175)',(#2954));
#2929=FILL_AREA_STYLE('Opaque(153,153,153)',(#2955));
#2930=FILL_AREA_STYLE('Opaque(195,225,190)',(#2956));
#2931=FILL_AREA_STYLE('Opaque(255,153,0)',(#2957));
#2932=FILL_AREA_STYLE('Opaque(204,255,51)',(#2958));
#2933=FILL_AREA_STYLE('Opaque(0,153,0)',(#2959));
#2934=FILL_AREA_STYLE('Opaque(153,102,51)',(#2960));
#2935=FILL_AREA_STYLE('Opaque(0,153,255)',(#2961));
#2936=FILL_AREA_STYLE('Opaque(230,235,235)',(#2962));
#2937=FILL_AREA_STYLE('Opaque(255,245,227)',(#2963));
#2938=FILL_AREA_STYLE('Opaque(204,0,0)',(#2964));
#2939=FILL_AREA_STYLE('Opaque(0,0,172)',(#2965));
#2940=FILL_AREA_STYLE('Opaque(255,248,56)',(#2966));
#2941=FILL_AREA_STYLE('Opaque(112,112,112)',(#2967));
#2942=FILL_AREA_STYLE('Opaque(112,121,128)',(#2968));
#2943=FILL_AREA_STYLE('Opaque(234,234,234)',(#2969));
#2944=FILL_AREA_STYLE('Opaque(95,167,61)',(#2970));
#2945=FILL_AREA_STYLE('Opaque(131,188,104)',(#2971));
#2946=FILL_AREA_STYLE('Opaque(30,23,23)',(#2972));
#2947=FILL_AREA_STYLE('Opaque(202,209,238)',(#2973));
#2948=FILL_AREA_STYLE_COLOUR('Steel - Satin',#2974);
#2949=FILL_AREA_STYLE_COLOUR('Opaque(76,76,76)',#2975);
#2950=FILL_AREA_STYLE_COLOUR('Opaque(51,51,51)',#2976);
#2951=FILL_AREA_STYLE_COLOUR('Opaque(223,223,223)',#2977);
#2952=FILL_AREA_STYLE_COLOUR('Opaque(255,255,255)',#2978);
#2953=FILL_AREA_STYLE_COLOUR('Opaque(255,202,0)',#2979);
#2954=FILL_AREA_STYLE_COLOUR('Opaque(152,170,175)',#2980);
#2955=FILL_AREA_STYLE_COLOUR('Opaque(153,153,153)',#2981);
#2956=FILL_AREA_STYLE_COLOUR('Opaque(195,225,190)',#2982);
#2957=FILL_AREA_STYLE_COLOUR('Opaque(255,153,0)',#2983);
#2958=FILL_AREA_STYLE_COLOUR('Opaque(204,255,51)',#2984);
#2959=FILL_AREA_STYLE_COLOUR('Opaque(0,153,0)',#2985);
#2960=FILL_AREA_STYLE_COLOUR('Opaque(153,102,51)',#2986);
#2961=FILL_AREA_STYLE_COLOUR('Opaque(0,153,255)',#2987);
#2962=FILL_AREA_STYLE_COLOUR('Opaque(230,235,235)',#2988);
#2963=FILL_AREA_STYLE_COLOUR('Opaque(255,245,227)',#2989);
#2964=FILL_AREA_STYLE_COLOUR('Opaque(204,0,0)',#2990);
#2965=FILL_AREA_STYLE_COLOUR('Opaque(0,0,172)',#2991);
#2966=FILL_AREA_STYLE_COLOUR('Opaque(255,248,56)',#2992);
#2967=FILL_AREA_STYLE_COLOUR('Opaque(112,112,112)',#2993);
#2968=FILL_AREA_STYLE_COLOUR('Opaque(112,121,128)',#2994);
#2969=FILL_AREA_STYLE_COLOUR('Opaque(234,234,234)',#2995);
#2970=FILL_AREA_STYLE_COLOUR('Opaque(95,167,61)',#2996);
#2971=FILL_AREA_STYLE_COLOUR('Opaque(131,188,104)',#2997);
#2972=FILL_AREA_STYLE_COLOUR('Opaque(30,23,23)',#2998);
#2973=FILL_AREA_STYLE_COLOUR('Opaque(202,209,238)',#2999);
#2974=COLOUR_RGB('Steel - Satin',0.627450980392157,0.627450980392157,0.627450980392157);
#2975=COLOUR_RGB('Opaque(76,76,76)',0.298039215686275,0.298039215686275,
0.298039215686275);
#2976=COLOUR_RGB('Opaque(51,51,51)',0.2,0.2,0.2);
#2977=COLOUR_RGB('Opaque(223,223,223)',0.874509803921569,0.874509803921569,
0.874509803921569);
#2978=COLOUR_RGB('Opaque(255,255,255)',1.,1.,1.);
#2979=COLOUR_RGB('Opaque(255,202,0)',1.,0.792156862745098,0.);
#2980=COLOUR_RGB('Opaque(152,170,175)',0.596078431372549,0.666666666666667,
0.686274509803922);
#2981=COLOUR_RGB('Opaque(153,153,153)',0.6,0.6,0.6);
#2982=COLOUR_RGB('Opaque(195,225,190)',0.764705882352941,0.882352941176471,
0.745098039215686);
#2983=COLOUR_RGB('Opaque(255,153,0)',1.,0.6,0.);
#2984=COLOUR_RGB('Opaque(204,255,51)',0.8,1.,0.2);
#2985=COLOUR_RGB('Opaque(0,153,0)',0.,0.6,0.);
#2986=COLOUR_RGB('Opaque(153,102,51)',0.6,0.4,0.2);
#2987=COLOUR_RGB('Opaque(0,153,255)',0.,0.6,1.);
#2988=COLOUR_RGB('Opaque(230,235,235)',0.901960784313726,0.92156862745098,
0.92156862745098);
#2989=COLOUR_RGB('Opaque(255,245,227)',1.,0.96078431372549,0.890196078431372);
#2990=COLOUR_RGB('Opaque(204,0,0)',0.8,0.,0.);
#2991=COLOUR_RGB('Opaque(0,0,172)',0.,0.,0.674509803921569);
#2992=COLOUR_RGB('Opaque(255,248,56)',1.,0.972549019607843,0.219607843137255);
#2993=COLOUR_RGB('Opaque(112,112,112)',0.43921568627451,0.43921568627451,
0.43921568627451);
#2994=COLOUR_RGB('Opaque(112,121,128)',0.43921568627451,0.474509803921569,
0.501960784313725);
#2995=COLOUR_RGB('Opaque(234,234,234)',0.917647058823529,0.917647058823529,
0.917647058823529);
#2996=COLOUR_RGB('Opaque(95,167,61)',0.372549019607843,0.654901960784314,
0.23921568627451);
#2997=COLOUR_RGB('Opaque(131,188,104)',0.513725490196078,0.737254901960784,
0.407843137254902);
#2998=COLOUR_RGB('Opaque(30,23,23)',0.117647058823529,0.0901960784313725,
0.0901960784313725);
#2999=COLOUR_RGB('Opaque(202,209,238)',0.792156862745098,0.819607843137255,
0.933333333333333);
ENDSEC;
END-ISO-10303-21;
