solid ASCII
  facet normal 7.071068e-01 7.071068e-01 0.000000e+00
    outer loop
      vertex   1.600000e+02 8.600000e+01 2.500000e+01
      vertex   1.600000e+02 8.600000e+01 2.000000e+01
      vertex   1.460000e+02 1.000000e+02 2.500000e+01
    endloop
  endfacet
  facet normal 7.071068e-01 7.071068e-01 0.000000e+00
    outer loop
      vertex   1.460000e+02 1.000000e+02 2.500000e+01
      vertex   1.600000e+02 8.600000e+01 2.000000e+01
      vertex   1.460000e+02 1.000000e+02 2.000000e+01
    endloop
  endfacet
  facet normal 0.000000e+00 1.000000e+00 -0.000000e+00
    outer loop
      vertex   1.460000e+02 1.000000e+02 2.000000e+01
      vertex   1.050000e+02 1.000000e+02 2.000000e+01
      vertex   1.460000e+02 1.000000e+02 2.500000e+01
    endloop
  endfacet
  facet normal 0.000000e+00 1.000000e+00 0.000000e+00
    outer loop
      vertex   1.460000e+02 1.000000e+02 2.500000e+01
      vertex   1.050000e+02 1.000000e+02 2.000000e+01
      vertex   1.050000e+02 1.000000e+02 2.500000e+01
    endloop
  endfacet
  facet normal 7.071068e-01 7.071068e-01 -0.000000e+00
    outer loop
      vertex   1.460000e+02 1.000000e+02 -2.500000e+01
      vertex   1.460000e+02 1.000000e+02 -2.000000e+01
      vertex   1.600000e+02 8.600000e+01 -2.500000e+01
    endloop
  endfacet
  facet normal 7.071068e-01 7.071068e-01 -0.000000e+00
    outer loop
      vertex   1.600000e+02 8.600000e+01 -2.500000e+01
      vertex   1.460000e+02 1.000000e+02 -2.000000e+01
      vertex   1.600000e+02 8.600000e+01 -2.000000e+01
    endloop
  endfacet
  facet normal 1.000000e+00 0.000000e+00 0.000000e+00
    outer loop
      vertex   1.600000e+02 8.600000e+01 -2.000000e+01
      vertex   1.600000e+02 8.000000e+01 -2.000000e+01
      vertex   1.600000e+02 8.600000e+01 -2.500000e+01
    endloop
  endfacet
  facet normal 1.000000e+00 0.000000e+00 0.000000e+00
    outer loop
      vertex   1.600000e+02 8.600000e+01 -2.500000e+01
      vertex   1.600000e+02 8.000000e+01 -2.000000e+01
      vertex   1.600000e+02 8.000000e+01 -2.500000e+01
    endloop
  endfacet
  facet normal -1.000000e+00 0.000000e+00 0.000000e+00
    outer loop
      vertex   1.050000e+02 8.000000e+01 -2.000000e+01
      vertex   1.050000e+02 1.000000e+02 -2.000000e+01
      vertex   1.050000e+02 8.000000e+01 -2.500000e+01
    endloop
  endfacet
  facet normal -1.000000e+00 0.000000e+00 0.000000e+00
    outer loop
      vertex   1.050000e+02 8.000000e+01 -2.500000e+01
      vertex   1.050000e+02 1.000000e+02 -2.000000e+01
      vertex   1.050000e+02 1.000000e+02 -2.500000e+01
    endloop
  endfacet
  facet normal 0.000000e+00 1.000000e+00 -0.000000e+00
    outer loop
      vertex   1.460000e+02 1.000000e+02 -2.500000e+01
      vertex   1.050000e+02 1.000000e+02 -2.500000e+01
      vertex   1.460000e+02 1.000000e+02 -2.000000e+01
    endloop
  endfacet
  facet normal 0.000000e+00 1.000000e+00 0.000000e+00
    outer loop
      vertex   1.460000e+02 1.000000e+02 -2.000000e+01
      vertex   1.050000e+02 1.000000e+02 -2.500000e+01
      vertex   1.050000e+02 1.000000e+02 -2.000000e+01
    endloop
  endfacet
  facet normal -0.000000e+00 -1.000000e+00 -0.000000e+00
    outer loop
      vertex   1.600000e+02 8.000000e+01 -2.000000e+01
      vertex   1.050000e+02 8.000000e+01 -2.000000e+01
      vertex   1.600000e+02 8.000000e+01 -2.500000e+01
    endloop
  endfacet
  facet normal 0.000000e+00 -1.000000e+00 0.000000e+00
    outer loop
      vertex   1.600000e+02 8.000000e+01 -2.500000e+01
      vertex   1.050000e+02 8.000000e+01 -2.000000e+01
      vertex   1.050000e+02 8.000000e+01 -2.500000e+01
    endloop
  endfacet
  facet normal 0.000000e+00 -1.000000e+00 0.000000e+00
    outer loop
      vertex   1.050000e+02 8.000000e+01 2.000000e+01
      vertex   1.600000e+02 8.000000e+01 2.000000e+01
      vertex   1.050000e+02 8.000000e+01 2.500000e+01
    endloop
  endfacet
  facet normal 0.000000e+00 -1.000000e+00 0.000000e+00
    outer loop
      vertex   1.050000e+02 8.000000e+01 2.500000e+01
      vertex   1.600000e+02 8.000000e+01 2.000000e+01
      vertex   1.600000e+02 8.000000e+01 2.500000e+01
    endloop
  endfacet
  facet normal 1.000000e+00 0.000000e+00 0.000000e+00
    outer loop
      vertex   1.600000e+02 8.600000e+01 2.500000e+01
      vertex   1.600000e+02 8.000000e+01 2.500000e+01
      vertex   1.600000e+02 8.600000e+01 2.000000e+01
    endloop
  endfacet
  facet normal 1.000000e+00 0.000000e+00 0.000000e+00
    outer loop
      vertex   1.600000e+02 8.600000e+01 2.000000e+01
      vertex   1.600000e+02 8.000000e+01 2.500000e+01
      vertex   1.600000e+02 8.000000e+01 2.000000e+01
    endloop
  endfacet
  facet normal 0.000000e+00 -0.000000e+00 1.000000e+00
    outer loop
      vertex   1.600000e+02 8.000000e+01 2.500000e+01
      vertex   1.600000e+02 8.600000e+01 2.500000e+01
      vertex   1.050000e+02 8.000000e+01 2.500000e+01
    endloop
  endfacet
  facet normal 0.000000e+00 0.000000e+00 1.000000e+00
    outer loop
      vertex   1.050000e+02 8.000000e+01 2.500000e+01
      vertex   1.600000e+02 8.600000e+01 2.500000e+01
      vertex   1.460000e+02 1.000000e+02 2.500000e+01
    endloop
  endfacet
  facet normal 0.000000e+00 0.000000e+00 1.000000e+00
    outer loop
      vertex   1.050000e+02 8.000000e+01 2.500000e+01
      vertex   1.460000e+02 1.000000e+02 2.500000e+01
      vertex   1.050000e+02 1.000000e+02 2.500000e+01
    endloop
  endfacet
  facet normal -1.000000e+00 0.000000e+00 0.000000e+00
    outer loop
      vertex   1.050000e+02 1.000000e+02 2.000000e+01
      vertex   1.050000e+02 8.000000e+01 2.000000e+01
      vertex   1.050000e+02 1.000000e+02 2.500000e+01
    endloop
  endfacet
  facet normal -1.000000e+00 -0.000000e+00 0.000000e+00
    outer loop
      vertex   1.050000e+02 1.000000e+02 2.500000e+01
      vertex   1.050000e+02 8.000000e+01 2.000000e+01
      vertex   1.050000e+02 8.000000e+01 2.500000e+01
    endloop
  endfacet
  facet normal 0.000000e+00 0.000000e+00 -1.000000e+00
    outer loop
      vertex   1.050000e+02 1.000000e+02 -2.500000e+01
      vertex   1.460000e+02 1.000000e+02 -2.500000e+01
      vertex   1.050000e+02 8.000000e+01 -2.500000e+01
    endloop
  endfacet
  facet normal 0.000000e+00 0.000000e+00 -1.000000e+00
    outer loop
      vertex   1.050000e+02 8.000000e+01 -2.500000e+01
      vertex   1.460000e+02 1.000000e+02 -2.500000e+01
      vertex   1.600000e+02 8.600000e+01 -2.500000e+01
    endloop
  endfacet
  facet normal 0.000000e+00 0.000000e+00 -1.000000e+00
    outer loop
      vertex   1.050000e+02 8.000000e+01 -2.500000e+01
      vertex   1.600000e+02 8.600000e+01 -2.500000e+01
      vertex   1.600000e+02 8.000000e+01 -2.500000e+01
    endloop
  endfacet
  facet normal -9.937122e-01 1.119645e-01 0.000000e+00
    outer loop
      vertex   1.550627e+02 1.080563e+02 2.000000e+01
      vertex   1.550627e+02 1.080563e+02 1.000000e+01
      vertex   1.550000e+02 1.075000e+02 2.000000e+01
    endloop
  endfacet
  facet normal -9.937122e-01 1.119645e-01 0.000000e+00
    outer loop
      vertex   1.550000e+02 1.075000e+02 2.000000e+01
      vertex   1.550627e+02 1.080563e+02 1.000000e+01
      vertex   1.550627e+02 1.080563e+02 -1.110223e-15
    endloop
  endfacet
  facet normal -9.937122e-01 1.119645e-01 0.000000e+00
    outer loop
      vertex   1.550000e+02 1.075000e+02 2.000000e+01
      vertex   1.550627e+02 1.080563e+02 -1.110223e-15
      vertex   1.550000e+02 1.075000e+02 -2.000000e+01
    endloop
  endfacet
  facet normal -9.937122e-01 1.119645e-01 0.000000e+00
    outer loop
      vertex   1.550000e+02 1.075000e+02 -2.000000e+01
      vertex   1.550627e+02 1.080563e+02 -1.110223e-15
      vertex   1.550627e+02 1.080563e+02 -1.000000e+01
    endloop
  endfacet
  facet normal -9.937122e-01 1.119645e-01 0.000000e+00
    outer loop
      vertex   1.550000e+02 1.075000e+02 -2.000000e+01
      vertex   1.550627e+02 1.080563e+02 -1.000000e+01
      vertex   1.550627e+02 1.080563e+02 -2.000000e+01
    endloop
  endfacet
  facet normal -9.438833e-01 3.302791e-01 0.000000e+00
    outer loop
      vertex   1.550627e+02 1.080563e+02 -2.000000e+01
      vertex   1.550627e+02 1.080563e+02 -1.000000e+01
      vertex   1.552476e+02 1.085847e+02 -2.000000e+01
    endloop
  endfacet
  facet normal -9.438833e-01 3.302791e-01 0.000000e+00
    outer loop
      vertex   1.552476e+02 1.085847e+02 -2.000000e+01
      vertex   1.550627e+02 1.080563e+02 -1.000000e+01
      vertex   1.552476e+02 1.085847e+02 -1.000000e+01
    endloop
  endfacet
  facet normal -8.467242e-01 5.320321e-01 0.000000e+00
    outer loop
      vertex   1.552476e+02 1.085847e+02 -2.000000e+01
      vertex   1.552476e+02 1.085847e+02 -1.000000e+01
      vertex   1.555454e+02 1.090587e+02 -2.000000e+01
    endloop
  endfacet
  facet normal -8.467242e-01 5.320321e-01 0.000000e+00
    outer loop
      vertex   1.555454e+02 1.090587e+02 -2.000000e+01
      vertex   1.552476e+02 1.085847e+02 -1.000000e+01
      vertex   1.555454e+02 1.090587e+02 -1.000000e+01
    endloop
  endfacet
  facet normal -7.071068e-01 7.071068e-01 0.000000e+00
    outer loop
      vertex   1.555454e+02 1.090587e+02 -2.000000e+01
      vertex   1.555454e+02 1.090587e+02 -1.000000e+01
      vertex   1.559413e+02 1.094546e+02 -2.000000e+01
    endloop
  endfacet
  facet normal -7.071068e-01 7.071068e-01 0.000000e+00
    outer loop
      vertex   1.559413e+02 1.094546e+02 -2.000000e+01
      vertex   1.555454e+02 1.090587e+02 -1.000000e+01
      vertex   1.559413e+02 1.094546e+02 -1.000000e+01
    endloop
  endfacet
  facet normal -5.320321e-01 8.467242e-01 0.000000e+00
    outer loop
      vertex   1.559413e+02 1.094546e+02 -2.000000e+01
      vertex   1.559413e+02 1.094546e+02 -1.000000e+01
      vertex   1.564153e+02 1.097524e+02 -2.000000e+01
    endloop
  endfacet
  facet normal -5.320321e-01 8.467242e-01 0.000000e+00
    outer loop
      vertex   1.564153e+02 1.097524e+02 -2.000000e+01
      vertex   1.559413e+02 1.094546e+02 -1.000000e+01
      vertex   1.564153e+02 1.097524e+02 -1.000000e+01
    endloop
  endfacet
  facet normal -3.302791e-01 9.438833e-01 0.000000e+00
    outer loop
      vertex   1.564153e+02 1.097524e+02 -2.000000e+01
      vertex   1.564153e+02 1.097524e+02 -1.000000e+01
      vertex   1.569437e+02 1.099373e+02 -2.000000e+01
    endloop
  endfacet
  facet normal -3.302791e-01 9.438833e-01 0.000000e+00
    outer loop
      vertex   1.569437e+02 1.099373e+02 -2.000000e+01
      vertex   1.564153e+02 1.097524e+02 -1.000000e+01
      vertex   1.569437e+02 1.099373e+02 -1.000000e+01
    endloop
  endfacet
  facet normal -1.119645e-01 9.937122e-01 0.000000e+00
    outer loop
      vertex   1.569437e+02 1.099373e+02 -2.000000e+01
      vertex   1.569437e+02 1.099373e+02 -1.000000e+01
      vertex   1.575000e+02 1.100000e+02 -2.000000e+01
    endloop
  endfacet
  facet normal -1.119645e-01 9.937122e-01 0.000000e+00
    outer loop
      vertex   1.575000e+02 1.100000e+02 -2.000000e+01
      vertex   1.569437e+02 1.099373e+02 -1.000000e+01
      vertex   1.569437e+02 1.099373e+02 -1.110223e-15
    endloop
  endfacet
  facet normal -1.119645e-01 9.937122e-01 0.000000e+00
    outer loop
      vertex   1.575000e+02 1.100000e+02 -2.000000e+01
      vertex   1.569437e+02 1.099373e+02 -1.110223e-15
      vertex   1.575000e+02 1.100000e+02 2.000000e+01
    endloop
  endfacet
  facet normal -1.119645e-01 9.937122e-01 0.000000e+00
    outer loop
      vertex   1.575000e+02 1.100000e+02 2.000000e+01
      vertex   1.569437e+02 1.099373e+02 -1.110223e-15
      vertex   1.569437e+02 1.099373e+02 1.000000e+01
    endloop
  endfacet
  facet normal -1.119645e-01 9.937122e-01 0.000000e+00
    outer loop
      vertex   1.575000e+02 1.100000e+02 2.000000e+01
      vertex   1.569437e+02 1.099373e+02 1.000000e+01
      vertex   1.569437e+02 1.099373e+02 2.000000e+01
    endloop
  endfacet
  facet normal -3.302791e-01 9.438833e-01 0.000000e+00
    outer loop
      vertex   1.569437e+02 1.099373e+02 2.000000e+01
      vertex   1.569437e+02 1.099373e+02 1.000000e+01
      vertex   1.564153e+02 1.097524e+02 2.000000e+01
    endloop
  endfacet
  facet normal -3.302791e-01 9.438833e-01 0.000000e+00
    outer loop
      vertex   1.564153e+02 1.097524e+02 2.000000e+01
      vertex   1.569437e+02 1.099373e+02 1.000000e+01
      vertex   1.564153e+02 1.097524e+02 1.000000e+01
    endloop
  endfacet
  facet normal -5.320321e-01 8.467242e-01 0.000000e+00
    outer loop
      vertex   1.564153e+02 1.097524e+02 2.000000e+01
      vertex   1.564153e+02 1.097524e+02 1.000000e+01
      vertex   1.559413e+02 1.094546e+02 2.000000e+01
    endloop
  endfacet
  facet normal -5.320321e-01 8.467242e-01 0.000000e+00
    outer loop
      vertex   1.559413e+02 1.094546e+02 2.000000e+01
      vertex   1.564153e+02 1.097524e+02 1.000000e+01
      vertex   1.559413e+02 1.094546e+02 1.000000e+01
    endloop
  endfacet
  facet normal -7.071068e-01 7.071068e-01 0.000000e+00
    outer loop
      vertex   1.559413e+02 1.094546e+02 2.000000e+01
      vertex   1.559413e+02 1.094546e+02 1.000000e+01
      vertex   1.555454e+02 1.090587e+02 2.000000e+01
    endloop
  endfacet
  facet normal -7.071068e-01 7.071068e-01 0.000000e+00
    outer loop
      vertex   1.555454e+02 1.090587e+02 2.000000e+01
      vertex   1.559413e+02 1.094546e+02 1.000000e+01
      vertex   1.555454e+02 1.090587e+02 1.000000e+01
    endloop
  endfacet
  facet normal -8.467242e-01 5.320321e-01 0.000000e+00
    outer loop
      vertex   1.555454e+02 1.090587e+02 2.000000e+01
      vertex   1.555454e+02 1.090587e+02 1.000000e+01
      vertex   1.552476e+02 1.085847e+02 2.000000e+01
    endloop
  endfacet
  facet normal -8.467242e-01 5.320321e-01 0.000000e+00
    outer loop
      vertex   1.552476e+02 1.085847e+02 2.000000e+01
      vertex   1.555454e+02 1.090587e+02 1.000000e+01
      vertex   1.552476e+02 1.085847e+02 1.000000e+01
    endloop
  endfacet
  facet normal -9.438833e-01 3.302791e-01 0.000000e+00
    outer loop
      vertex   1.552476e+02 1.085847e+02 2.000000e+01
      vertex   1.552476e+02 1.085847e+02 1.000000e+01
      vertex   1.550627e+02 1.080563e+02 2.000000e+01
    endloop
  endfacet
  facet normal -9.438833e-01 3.302791e-01 0.000000e+00
    outer loop
      vertex   1.550627e+02 1.080563e+02 2.000000e+01
      vertex   1.552476e+02 1.085847e+02 1.000000e+01
      vertex   1.550627e+02 1.080563e+02 1.000000e+01
    endloop
  endfacet
  facet normal -9.438833e-01 3.302791e-01 0.000000e+00
    outer loop
      vertex   1.552476e+02 1.085847e+02 -1.000000e+01
      vertex   1.550627e+02 1.080563e+02 -1.000000e+01
      vertex   1.550627e+02 1.080563e+02 -1.110223e-15
    endloop
  endfacet
  facet normal -9.438833e-01 3.302791e-01 0.000000e+00
    outer loop
      vertex   1.550627e+02 1.080563e+02 -1.110223e-15
      vertex   1.550627e+02 1.080563e+02 1.000000e+01
      vertex   1.552476e+02 1.085847e+02 -1.110223e-15
    endloop
  endfacet
  facet normal -9.438833e-01 3.302791e-01 0.000000e+00
    outer loop
      vertex   1.552476e+02 1.085847e+02 -1.110223e-15
      vertex   1.550627e+02 1.080563e+02 1.000000e+01
      vertex   1.552476e+02 1.085847e+02 1.000000e+01
    endloop
  endfacet
  facet normal -8.467242e-01 5.320321e-01 0.000000e+00
    outer loop
      vertex   1.552476e+02 1.085847e+02 -1.110223e-15
      vertex   1.552476e+02 1.085847e+02 1.000000e+01
      vertex   1.555454e+02 1.090587e+02 -1.110223e-15
    endloop
  endfacet
  facet normal -8.467242e-01 5.320321e-01 0.000000e+00
    outer loop
      vertex   1.555454e+02 1.090587e+02 -1.110223e-15
      vertex   1.552476e+02 1.085847e+02 1.000000e+01
      vertex   1.555454e+02 1.090587e+02 1.000000e+01
    endloop
  endfacet
  facet normal -7.071068e-01 7.071068e-01 0.000000e+00
    outer loop
      vertex   1.555454e+02 1.090587e+02 -1.110223e-15
      vertex   1.555454e+02 1.090587e+02 1.000000e+01
      vertex   1.559413e+02 1.094546e+02 -1.110223e-15
    endloop
  endfacet
  facet normal -7.071068e-01 7.071068e-01 0.000000e+00
    outer loop
      vertex   1.559413e+02 1.094546e+02 -1.110223e-15
      vertex   1.555454e+02 1.090587e+02 1.000000e+01
      vertex   1.559413e+02 1.094546e+02 1.000000e+01
    endloop
  endfacet
  facet normal -5.320321e-01 8.467242e-01 0.000000e+00
    outer loop
      vertex   1.559413e+02 1.094546e+02 -1.110223e-15
      vertex   1.559413e+02 1.094546e+02 1.000000e+01
      vertex   1.564153e+02 1.097524e+02 -1.110223e-15
    endloop
  endfacet
  facet normal -5.320321e-01 8.467242e-01 0.000000e+00
    outer loop
      vertex   1.564153e+02 1.097524e+02 -1.110223e-15
      vertex   1.559413e+02 1.094546e+02 1.000000e+01
      vertex   1.564153e+02 1.097524e+02 1.000000e+01
    endloop
  endfacet
  facet normal -3.302791e-01 9.438833e-01 0.000000e+00
    outer loop
      vertex   1.564153e+02 1.097524e+02 -1.110223e-15
      vertex   1.564153e+02 1.097524e+02 1.000000e+01
      vertex   1.569437e+02 1.099373e+02 -1.110223e-15
    endloop
  endfacet
  facet normal -3.302791e-01 9.438833e-01 0.000000e+00
    outer loop
      vertex   1.569437e+02 1.099373e+02 -1.110223e-15
      vertex   1.564153e+02 1.097524e+02 1.000000e+01
      vertex   1.569437e+02 1.099373e+02 1.000000e+01
    endloop
  endfacet
  facet normal -8.467242e-01 5.320321e-01 0.000000e+00
    outer loop
      vertex   1.555454e+02 1.090587e+02 -1.000000e+01
      vertex   1.552476e+02 1.085847e+02 -1.000000e+01
      vertex   1.552476e+02 1.085847e+02 -1.110223e-15
    endloop
  endfacet
  facet normal -9.438833e-01 3.302791e-01 0.000000e+00
    outer loop
      vertex   1.552476e+02 1.085847e+02 -1.110223e-15
      vertex   1.552476e+02 1.085847e+02 -1.000000e+01
      vertex   1.550627e+02 1.080563e+02 -1.110223e-15
    endloop
  endfacet
  facet normal -8.467242e-01 5.320321e-01 0.000000e+00
    outer loop
      vertex   1.555454e+02 1.090587e+02 -1.000000e+01
      vertex   1.552476e+02 1.085847e+02 -1.110223e-15
      vertex   1.555454e+02 1.090587e+02 -1.110223e-15
    endloop
  endfacet
  facet normal -7.071068e-01 7.071068e-01 0.000000e+00
    outer loop
      vertex   1.559413e+02 1.094546e+02 -1.000000e+01
      vertex   1.555454e+02 1.090587e+02 -1.000000e+01
      vertex   1.555454e+02 1.090587e+02 -1.110223e-15
    endloop
  endfacet
  facet normal -7.071068e-01 7.071068e-01 0.000000e+00
    outer loop
      vertex   1.559413e+02 1.094546e+02 -1.000000e+01
      vertex   1.555454e+02 1.090587e+02 -1.110223e-15
      vertex   1.559413e+02 1.094546e+02 -1.110223e-15
    endloop
  endfacet
  facet normal -5.320321e-01 8.467242e-01 0.000000e+00
    outer loop
      vertex   1.564153e+02 1.097524e+02 -1.000000e+01
      vertex   1.559413e+02 1.094546e+02 -1.000000e+01
      vertex   1.559413e+02 1.094546e+02 -1.110223e-15
    endloop
  endfacet
  facet normal -5.320321e-01 8.467242e-01 0.000000e+00
    outer loop
      vertex   1.564153e+02 1.097524e+02 -1.000000e+01
      vertex   1.559413e+02 1.094546e+02 -1.110223e-15
      vertex   1.564153e+02 1.097524e+02 -1.110223e-15
    endloop
  endfacet
  facet normal -3.302791e-01 9.438833e-01 0.000000e+00
    outer loop
      vertex   1.569437e+02 1.099373e+02 -1.000000e+01
      vertex   1.564153e+02 1.097524e+02 -1.000000e+01
      vertex   1.564153e+02 1.097524e+02 -1.110223e-15
    endloop
  endfacet
  facet normal -3.302791e-01 9.438833e-01 0.000000e+00
    outer loop
      vertex   1.569437e+02 1.099373e+02 -1.000000e+01
      vertex   1.564153e+02 1.097524e+02 -1.110223e-15
      vertex   1.569437e+02 1.099373e+02 -1.110223e-15
    endloop
  endfacet
  facet normal 0.000000e+00 1.000000e+00 0.000000e+00
    outer loop
      vertex   1.575000e+02 1.100000e+02 -2.000000e+01
      vertex   1.575000e+02 1.100000e+02 2.000000e+01
      vertex   1.579289e+02 1.100000e+02 -2.000000e+01
    endloop
  endfacet
  facet normal 0.000000e+00 1.000000e+00 -0.000000e+00
    outer loop
      vertex   1.579289e+02 1.100000e+02 -2.000000e+01
      vertex   1.575000e+02 1.100000e+02 2.000000e+01
      vertex   1.579289e+02 1.100000e+02 2.000000e+01
    endloop
  endfacet
  facet normal -0.000000e+00 0.000000e+00 1.000000e+00
    outer loop
      vertex   1.600000e+02 8.000000e+01 2.000000e+01
      vertex   1.800000e+02 7.500000e+01 2.000000e+01
      vertex   1.600000e+02 8.600000e+01 2.000000e+01
    endloop
  endfacet
  facet normal -0.000000e+00 0.000000e+00 1.000000e+00
    outer loop
      vertex   1.600000e+02 8.600000e+01 2.000000e+01
      vertex   1.800000e+02 7.500000e+01 2.000000e+01
      vertex   1.650000e+02 1.050000e+02 2.000000e+01
    endloop
  endfacet
  facet normal 0.000000e+00 -0.000000e+00 1.000000e+00
    outer loop
      vertex   1.600000e+02 8.600000e+01 2.000000e+01
      vertex   1.650000e+02 1.050000e+02 2.000000e+01
      vertex   1.460000e+02 1.000000e+02 2.000000e+01
    endloop
  endfacet
  facet normal 0.000000e+00 0.000000e+00 1.000000e+00
    outer loop
      vertex   1.460000e+02 1.000000e+02 2.000000e+01
      vertex   1.650000e+02 1.050000e+02 2.000000e+01
      vertex   1.550000e+02 1.050000e+02 2.000000e+01
    endloop
  endfacet
  facet normal 0.000000e+00 -0.000000e+00 1.000000e+00
    outer loop
      vertex   1.460000e+02 1.000000e+02 2.000000e+01
      vertex   1.550000e+02 1.050000e+02 2.000000e+01
      vertex   1.000000e+02 1.050000e+02 2.000000e+01
    endloop
  endfacet
  facet normal 0.000000e+00 0.000000e+00 1.000000e+00
    outer loop
      vertex   1.800000e+02 7.500000e+01 2.000000e+01
      vertex   1.600000e+02 8.000000e+01 2.000000e+01
      vertex   1.000000e+02 7.500000e+01 2.000000e+01
    endloop
  endfacet
  facet normal 0.000000e+00 0.000000e+00 1.000000e+00
    outer loop
      vertex   1.000000e+02 7.500000e+01 2.000000e+01
      vertex   1.600000e+02 8.000000e+01 2.000000e+01
      vertex   1.050000e+02 8.000000e+01 2.000000e+01
    endloop
  endfacet
  facet normal 0.000000e+00 0.000000e+00 1.000000e+00
    outer loop
      vertex   1.000000e+02 7.500000e+01 2.000000e+01
      vertex   1.050000e+02 8.000000e+01 2.000000e+01
      vertex   1.050000e+02 1.000000e+02 2.000000e+01
    endloop
  endfacet
  facet normal 0.000000e+00 0.000000e+00 1.000000e+00
    outer loop
      vertex   1.000000e+02 7.500000e+01 2.000000e+01
      vertex   1.050000e+02 1.000000e+02 2.000000e+01
      vertex   1.000000e+02 1.050000e+02 2.000000e+01
    endloop
  endfacet
  facet normal 0.000000e+00 0.000000e+00 1.000000e+00
    outer loop
      vertex   1.000000e+02 1.050000e+02 2.000000e+01
      vertex   1.050000e+02 1.000000e+02 2.000000e+01
      vertex   1.460000e+02 1.000000e+02 2.000000e+01
    endloop
  endfacet
  facet normal -0.000000e+00 0.000000e+00 1.000000e+00
    outer loop
      vertex   1.569437e+02 1.099373e+02 2.000000e+01
      vertex   1.564153e+02 1.097524e+02 2.000000e+01
      vertex   1.575000e+02 1.100000e+02 2.000000e+01
    endloop
  endfacet
  facet normal -0.000000e+00 0.000000e+00 1.000000e+00
    outer loop
      vertex   1.575000e+02 1.100000e+02 2.000000e+01
      vertex   1.564153e+02 1.097524e+02 2.000000e+01
      vertex   1.579289e+02 1.100000e+02 2.000000e+01
    endloop
  endfacet
  facet normal 0.000000e+00 0.000000e+00 1.000000e+00
    outer loop
      vertex   1.579289e+02 1.100000e+02 2.000000e+01
      vertex   1.564153e+02 1.097524e+02 2.000000e+01
      vertex   1.559413e+02 1.094546e+02 2.000000e+01
    endloop
  endfacet
  facet normal 0.000000e+00 0.000000e+00 1.000000e+00
    outer loop
      vertex   1.579289e+02 1.100000e+02 2.000000e+01
      vertex   1.559413e+02 1.094546e+02 2.000000e+01
      vertex   1.589515e+02 1.099300e+02 2.000000e+01
    endloop
  endfacet
  facet normal 0.000000e+00 0.000000e+00 1.000000e+00
    outer loop
      vertex   1.589515e+02 1.099300e+02 2.000000e+01
      vertex   1.559413e+02 1.094546e+02 2.000000e+01
      vertex   1.599550e+02 1.097211e+02 2.000000e+01
    endloop
  endfacet
  facet normal 0.000000e+00 0.000000e+00 1.000000e+00
    outer loop
      vertex   1.599550e+02 1.097211e+02 2.000000e+01
      vertex   1.559413e+02 1.094546e+02 2.000000e+01
      vertex   1.555454e+02 1.090587e+02 2.000000e+01
    endloop
  endfacet
  facet normal 0.000000e+00 0.000000e+00 1.000000e+00
    outer loop
      vertex   1.599550e+02 1.097211e+02 2.000000e+01
      vertex   1.555454e+02 1.090587e+02 2.000000e+01
      vertex   1.609207e+02 1.093774e+02 2.000000e+01
    endloop
  endfacet
  facet normal 0.000000e+00 0.000000e+00 1.000000e+00
    outer loop
      vertex   1.609207e+02 1.093774e+02 2.000000e+01
      vertex   1.555454e+02 1.090587e+02 2.000000e+01
      vertex   1.552476e+02 1.085847e+02 2.000000e+01
    endloop
  endfacet
  facet normal 0.000000e+00 0.000000e+00 1.000000e+00
    outer loop
      vertex   1.609207e+02 1.093774e+02 2.000000e+01
      vertex   1.552476e+02 1.085847e+02 2.000000e+01
      vertex   1.618305e+02 1.089053e+02 2.000000e+01
    endloop
  endfacet
  facet normal 0.000000e+00 0.000000e+00 1.000000e+00
    outer loop
      vertex   1.618305e+02 1.089053e+02 2.000000e+01
      vertex   1.552476e+02 1.085847e+02 2.000000e+01
      vertex   1.550627e+02 1.080563e+02 2.000000e+01
    endloop
  endfacet
  facet normal 0.000000e+00 0.000000e+00 1.000000e+00
    outer loop
      vertex   1.618305e+02 1.089053e+02 2.000000e+01
      vertex   1.550627e+02 1.080563e+02 2.000000e+01
      vertex   1.626674e+02 1.083135e+02 2.000000e+01
    endloop
  endfacet
  facet normal 0.000000e+00 0.000000e+00 1.000000e+00
    outer loop
      vertex   1.626674e+02 1.083135e+02 2.000000e+01
      vertex   1.550627e+02 1.080563e+02 2.000000e+01
      vertex   1.550000e+02 1.075000e+02 2.000000e+01
    endloop
  endfacet
  facet normal 0.000000e+00 0.000000e+00 1.000000e+00
    outer loop
      vertex   1.626674e+02 1.083135e+02 2.000000e+01
      vertex   1.550000e+02 1.075000e+02 2.000000e+01
      vertex   1.634158e+02 1.076132e+02 2.000000e+01
    endloop
  endfacet
  facet normal 0.000000e+00 0.000000e+00 1.000000e+00
    outer loop
      vertex   1.634158e+02 1.076132e+02 2.000000e+01
      vertex   1.550000e+02 1.075000e+02 2.000000e+01
      vertex   1.640617e+02 1.068173e+02 2.000000e+01
    endloop
  endfacet
  facet normal 0.000000e+00 0.000000e+00 1.000000e+00
    outer loop
      vertex   1.640617e+02 1.068173e+02 2.000000e+01
      vertex   1.550000e+02 1.075000e+02 2.000000e+01
      vertex   1.550000e+02 1.050000e+02 2.000000e+01
    endloop
  endfacet
  facet normal 0.000000e+00 0.000000e+00 1.000000e+00
    outer loop
      vertex   1.640617e+02 1.068173e+02 2.000000e+01
      vertex   1.550000e+02 1.050000e+02 2.000000e+01
      vertex   1.645931e+02 1.059408e+02 2.000000e+01
    endloop
  endfacet
  facet normal 0.000000e+00 0.000000e+00 1.000000e+00
    outer loop
      vertex   1.645931e+02 1.059408e+02 2.000000e+01
      vertex   1.550000e+02 1.050000e+02 2.000000e+01
      vertex   1.650000e+02 1.050000e+02 2.000000e+01
    endloop
  endfacet
  facet normal 9.178275e-01 3.969795e-01 0.000000e+00
    outer loop
      vertex   1.650000e+02 1.050000e+02 2.000000e+01
      vertex   1.650000e+02 1.050000e+02 -2.000000e+01
      vertex   1.645931e+02 1.059408e+02 -2.220446e-15
    endloop
  endfacet
  facet normal 9.178275e-01 3.969795e-01 0.000000e+00
    outer loop
      vertex   1.645931e+02 1.059408e+02 -2.220446e-15
      vertex   1.650000e+02 1.050000e+02 -2.000000e+01
      vertex   1.645931e+02 1.059408e+02 -2.000000e+01
    endloop
  endfacet
  facet normal 8.551289e-01 5.184154e-01 0.000000e+00
    outer loop
      vertex   1.645931e+02 1.059408e+02 -2.220446e-15
      vertex   1.645931e+02 1.059408e+02 -2.000000e+01
      vertex   1.640617e+02 1.068173e+02 -2.220446e-15
    endloop
  endfacet
  facet normal 8.551289e-01 5.184154e-01 0.000000e+00
    outer loop
      vertex   1.640617e+02 1.068173e+02 -2.220446e-15
      vertex   1.645931e+02 1.059408e+02 -2.000000e+01
      vertex   1.640617e+02 1.068173e+02 -2.000000e+01
    endloop
  endfacet
  facet normal 7.764585e-01 6.301684e-01 0.000000e+00
    outer loop
      vertex   1.640617e+02 1.068173e+02 -2.220446e-15
      vertex   1.640617e+02 1.068173e+02 -2.000000e+01
      vertex   1.634158e+02 1.076132e+02 -2.220446e-15
    endloop
  endfacet
  facet normal 7.764585e-01 6.301684e-01 -4.477616e-16
    outer loop
      vertex   1.634158e+02 1.076132e+02 -2.220446e-15
      vertex   1.640617e+02 1.068173e+02 -2.000000e+01
      vertex   1.634158e+02 1.076132e+02 -2.000000e+01
    endloop
  endfacet
  facet normal 6.832855e-01 7.301513e-01 -5.188037e-16
    outer loop
      vertex   1.634158e+02 1.076132e+02 -2.220446e-15
      vertex   1.634158e+02 1.076132e+02 -2.000000e+01
      vertex   1.626674e+02 1.083135e+02 -2.220446e-15
    endloop
  endfacet
  facet normal 6.832855e-01 7.301513e-01 0.000000e+00
    outer loop
      vertex   1.626674e+02 1.083135e+02 -2.220446e-15
      vertex   1.634158e+02 1.076132e+02 -2.000000e+01
      vertex   1.626674e+02 1.083135e+02 -2.000000e+01
    endloop
  endfacet
  facet normal 5.773503e-01 8.164966e-01 0.000000e+00
    outer loop
      vertex   1.626674e+02 1.083135e+02 -2.220446e-15
      vertex   1.626674e+02 1.083135e+02 -2.000000e+01
      vertex   1.618305e+02 1.089053e+02 -2.220446e-15
    endloop
  endfacet
  facet normal 5.773503e-01 8.164966e-01 5.801557e-16
    outer loop
      vertex   1.618305e+02 1.089053e+02 -2.220446e-15
      vertex   1.626674e+02 1.083135e+02 -2.000000e+01
      vertex   1.618305e+02 1.089053e+02 -2.000000e+01
    endloop
  endfacet
  facet normal 4.606314e-01 8.875915e-01 6.306717e-16
    outer loop
      vertex   1.618305e+02 1.089053e+02 -2.220446e-15
      vertex   1.618305e+02 1.089053e+02 -2.000000e+01
      vertex   1.609207e+02 1.093774e+02 -2.220446e-15
    endloop
  endfacet
  facet normal 4.606314e-01 8.875915e-01 0.000000e+00
    outer loop
      vertex   1.609207e+02 1.093774e+02 -2.220446e-15
      vertex   1.618305e+02 1.089053e+02 -2.000000e+01
      vertex   1.609207e+02 1.093774e+02 -2.000000e+01
    endloop
  endfacet
  facet normal 3.353090e-01 9.421082e-01 0.000000e+00
    outer loop
      vertex   1.609207e+02 1.093774e+02 -2.220446e-15
      vertex   1.609207e+02 1.093774e+02 -2.000000e+01
      vertex   1.599550e+02 1.097211e+02 -2.220446e-15
    endloop
  endfacet
  facet normal 3.353090e-01 9.421082e-01 1.338816e-15
    outer loop
      vertex   1.599550e+02 1.097211e+02 -2.220446e-15
      vertex   1.609207e+02 1.093774e+02 -2.000000e+01
      vertex   1.599550e+02 1.097211e+02 -2.000000e+01
    endloop
  endfacet
  facet normal 2.037237e-01 9.790284e-01 1.391283e-15
    outer loop
      vertex   1.599550e+02 1.097211e+02 -2.220446e-15
      vertex   1.599550e+02 1.097211e+02 -2.000000e+01
      vertex   1.589515e+02 1.099300e+02 -2.220446e-15
    endloop
  endfacet
  facet normal 2.037237e-01 9.790284e-01 1.391283e-15
    outer loop
      vertex   1.589515e+02 1.099300e+02 -2.220446e-15
      vertex   1.599550e+02 1.097211e+02 -2.000000e+01
      vertex   1.589515e+02 1.099300e+02 -2.000000e+01
    endloop
  endfacet
  facet normal 6.833334e-02 9.976625e-01 1.417764e-15
    outer loop
      vertex   1.589515e+02 1.099300e+02 -2.220446e-15
      vertex   1.589515e+02 1.099300e+02 -2.000000e+01
      vertex   1.579289e+02 1.100000e+02 -2.000000e+01
    endloop
  endfacet
  facet normal 6.833334e-02 9.976625e-01 -0.000000e+00
    outer loop
      vertex   1.579289e+02 1.100000e+02 -2.000000e+01
      vertex   1.579289e+02 1.100000e+02 2.000000e+01
      vertex   1.589515e+02 1.099300e+02 -2.220446e-15
    endloop
  endfacet
  facet normal 6.833334e-02 9.976625e-01 -1.417764e-15
    outer loop
      vertex   1.589515e+02 1.099300e+02 -2.220446e-15
      vertex   1.579289e+02 1.100000e+02 2.000000e+01
      vertex   1.589515e+02 1.099300e+02 2.000000e+01
    endloop
  endfacet
  facet normal 2.037237e-01 9.790284e-01 -1.391283e-15
    outer loop
      vertex   1.589515e+02 1.099300e+02 -2.220446e-15
      vertex   1.589515e+02 1.099300e+02 2.000000e+01
      vertex   1.599550e+02 1.097211e+02 -2.220446e-15
    endloop
  endfacet
  facet normal 2.037237e-01 9.790284e-01 -0.000000e+00
    outer loop
      vertex   1.599550e+02 1.097211e+02 -2.220446e-15
      vertex   1.589515e+02 1.099300e+02 2.000000e+01
      vertex   1.599550e+02 1.097211e+02 2.000000e+01
    endloop
  endfacet
  facet normal 3.353090e-01 9.421082e-01 -0.000000e+00
    outer loop
      vertex   1.599550e+02 1.097211e+02 -2.220446e-15
      vertex   1.599550e+02 1.097211e+02 2.000000e+01
      vertex   1.609207e+02 1.093774e+02 -2.220446e-15
    endloop
  endfacet
  facet normal 3.353090e-01 9.421082e-01 -0.000000e+00
    outer loop
      vertex   1.609207e+02 1.093774e+02 -2.220446e-15
      vertex   1.599550e+02 1.097211e+02 2.000000e+01
      vertex   1.609207e+02 1.093774e+02 2.000000e+01
    endloop
  endfacet
  facet normal 4.606314e-01 8.875915e-01 -0.000000e+00
    outer loop
      vertex   1.609207e+02 1.093774e+02 -2.220446e-15
      vertex   1.609207e+02 1.093774e+02 2.000000e+01
      vertex   1.618305e+02 1.089053e+02 -2.220446e-15
    endloop
  endfacet
  facet normal 4.606314e-01 8.875915e-01 -6.306717e-16
    outer loop
      vertex   1.618305e+02 1.089053e+02 -2.220446e-15
      vertex   1.609207e+02 1.093774e+02 2.000000e+01
      vertex   1.618305e+02 1.089053e+02 2.000000e+01
    endloop
  endfacet
  facet normal 5.773503e-01 8.164966e-01 -5.801557e-16
    outer loop
      vertex   1.618305e+02 1.089053e+02 -2.220446e-15
      vertex   1.618305e+02 1.089053e+02 2.000000e+01
      vertex   1.626674e+02 1.083135e+02 -2.220446e-15
    endloop
  endfacet
  facet normal 5.773503e-01 8.164966e-01 -0.000000e+00
    outer loop
      vertex   1.626674e+02 1.083135e+02 -2.220446e-15
      vertex   1.618305e+02 1.089053e+02 2.000000e+01
      vertex   1.626674e+02 1.083135e+02 2.000000e+01
    endloop
  endfacet
  facet normal 6.832855e-01 7.301513e-01 -0.000000e+00
    outer loop
      vertex   1.626674e+02 1.083135e+02 -2.220446e-15
      vertex   1.626674e+02 1.083135e+02 2.000000e+01
      vertex   1.634158e+02 1.076132e+02 -2.220446e-15
    endloop
  endfacet
  facet normal 6.832855e-01 7.301513e-01 5.188037e-16
    outer loop
      vertex   1.634158e+02 1.076132e+02 -2.220446e-15
      vertex   1.626674e+02 1.083135e+02 2.000000e+01
      vertex   1.634158e+02 1.076132e+02 2.000000e+01
    endloop
  endfacet
  facet normal 7.764585e-01 6.301684e-01 4.477616e-16
    outer loop
      vertex   1.634158e+02 1.076132e+02 -2.220446e-15
      vertex   1.634158e+02 1.076132e+02 2.000000e+01
      vertex   1.640617e+02 1.068173e+02 -2.220446e-15
    endloop
  endfacet
  facet normal 7.764585e-01 6.301684e-01 -0.000000e+00
    outer loop
      vertex   1.640617e+02 1.068173e+02 -2.220446e-15
      vertex   1.634158e+02 1.076132e+02 2.000000e+01
      vertex   1.640617e+02 1.068173e+02 2.000000e+01
    endloop
  endfacet
  facet normal 8.551289e-01 5.184154e-01 -0.000000e+00
    outer loop
      vertex   1.640617e+02 1.068173e+02 -2.220446e-15
      vertex   1.640617e+02 1.068173e+02 2.000000e+01
      vertex   1.645931e+02 1.059408e+02 -2.220446e-15
    endloop
  endfacet
  facet normal 8.551289e-01 5.184154e-01 -0.000000e+00
    outer loop
      vertex   1.645931e+02 1.059408e+02 -2.220446e-15
      vertex   1.640617e+02 1.068173e+02 2.000000e+01
      vertex   1.645931e+02 1.059408e+02 2.000000e+01
    endloop
  endfacet
  facet normal 9.178275e-01 3.969795e-01 -0.000000e+00
    outer loop
      vertex   1.645931e+02 1.059408e+02 -2.220446e-15
      vertex   1.645931e+02 1.059408e+02 2.000000e+01
      vertex   1.650000e+02 1.050000e+02 2.000000e+01
    endloop
  endfacet
  facet normal -1.000000e+00 -0.000000e+00 -0.000000e+00
    outer loop
      vertex   1.550000e+02 1.075000e+02 2.000000e+01
      vertex   1.550000e+02 1.075000e+02 -2.000000e+01
      vertex   1.550000e+02 1.050000e+02 2.000000e+01
    endloop
  endfacet
  facet normal -1.000000e+00 0.000000e+00 0.000000e+00
    outer loop
      vertex   1.550000e+02 1.050000e+02 2.000000e+01
      vertex   1.550000e+02 1.075000e+02 -2.000000e+01
      vertex   1.550000e+02 1.050000e+02 -2.000000e+01
    endloop
  endfacet
  facet normal 8.944272e-01 4.472136e-01 -0.000000e+00
    outer loop
      vertex   1.650000e+02 1.050000e+02 -2.000000e+01
      vertex   1.650000e+02 1.050000e+02 2.000000e+01
      vertex   1.800000e+02 7.500000e+01 -2.000000e+01
    endloop
  endfacet
  facet normal 8.944272e-01 4.472136e-01 -0.000000e+00
    outer loop
      vertex   1.800000e+02 7.500000e+01 -2.000000e+01
      vertex   1.650000e+02 1.050000e+02 2.000000e+01
      vertex   1.800000e+02 7.500000e+01 2.000000e+01
    endloop
  endfacet
  facet normal 0.000000e+00 1.000000e+00 0.000000e+00
    outer loop
      vertex   1.550000e+02 1.050000e+02 2.000000e+01
      vertex   1.550000e+02 1.050000e+02 -2.000000e+01
      vertex   1.000000e+02 1.050000e+02 2.000000e+01
    endloop
  endfacet
  facet normal 0.000000e+00 1.000000e+00 0.000000e+00
    outer loop
      vertex   1.000000e+02 1.050000e+02 2.000000e+01
      vertex   1.550000e+02 1.050000e+02 -2.000000e+01
      vertex   1.000000e+02 1.050000e+02 -2.000000e+01
    endloop
  endfacet
  facet normal 0.000000e+00 0.000000e+00 -1.000000e+00
    outer loop
      vertex   1.600000e+02 8.600000e+01 -2.000000e+01
      vertex   1.800000e+02 7.500000e+01 -2.000000e+01
      vertex   1.600000e+02 8.000000e+01 -2.000000e+01
    endloop
  endfacet
  facet normal 0.000000e+00 -0.000000e+00 -1.000000e+00
    outer loop
      vertex   1.600000e+02 8.000000e+01 -2.000000e+01
      vertex   1.800000e+02 7.500000e+01 -2.000000e+01
      vertex   1.000000e+02 7.500000e+01 -2.000000e+01
    endloop
  endfacet
  facet normal -0.000000e+00 0.000000e+00 -1.000000e+00
    outer loop
      vertex   1.600000e+02 8.000000e+01 -2.000000e+01
      vertex   1.000000e+02 7.500000e+01 -2.000000e+01
      vertex   1.050000e+02 8.000000e+01 -2.000000e+01
    endloop
  endfacet
  facet normal -0.000000e+00 0.000000e+00 -1.000000e+00
    outer loop
      vertex   1.050000e+02 8.000000e+01 -2.000000e+01
      vertex   1.000000e+02 7.500000e+01 -2.000000e+01
      vertex   1.050000e+02 1.000000e+02 -2.000000e+01
    endloop
  endfacet
  facet normal -0.000000e+00 0.000000e+00 -1.000000e+00
    outer loop
      vertex   1.050000e+02 1.000000e+02 -2.000000e+01
      vertex   1.000000e+02 7.500000e+01 -2.000000e+01
      vertex   1.000000e+02 1.050000e+02 -2.000000e+01
    endloop
  endfacet
  facet normal 0.000000e+00 0.000000e+00 -1.000000e+00
    outer loop
      vertex   1.050000e+02 1.000000e+02 -2.000000e+01
      vertex   1.000000e+02 1.050000e+02 -2.000000e+01
      vertex   1.460000e+02 1.000000e+02 -2.000000e+01
    endloop
  endfacet
  facet normal 0.000000e+00 0.000000e+00 -1.000000e+00
    outer loop
      vertex   1.460000e+02 1.000000e+02 -2.000000e+01
      vertex   1.000000e+02 1.050000e+02 -2.000000e+01
      vertex   1.550000e+02 1.050000e+02 -2.000000e+01
    endloop
  endfacet
  facet normal 0.000000e+00 0.000000e+00 -1.000000e+00
    outer loop
      vertex   1.460000e+02 1.000000e+02 -2.000000e+01
      vertex   1.550000e+02 1.050000e+02 -2.000000e+01
      vertex   1.650000e+02 1.050000e+02 -2.000000e+01
    endloop
  endfacet
  facet normal 0.000000e+00 0.000000e+00 -1.000000e+00
    outer loop
      vertex   1.650000e+02 1.050000e+02 -2.000000e+01
      vertex   1.550000e+02 1.050000e+02 -2.000000e+01
      vertex   1.645931e+02 1.059408e+02 -2.000000e+01
    endloop
  endfacet
  facet normal -0.000000e+00 0.000000e+00 -1.000000e+00
    outer loop
      vertex   1.645931e+02 1.059408e+02 -2.000000e+01
      vertex   1.550000e+02 1.050000e+02 -2.000000e+01
      vertex   1.640617e+02 1.068173e+02 -2.000000e+01
    endloop
  endfacet
  facet normal -0.000000e+00 0.000000e+00 -1.000000e+00
    outer loop
      vertex   1.640617e+02 1.068173e+02 -2.000000e+01
      vertex   1.550000e+02 1.050000e+02 -2.000000e+01
      vertex   1.550000e+02 1.075000e+02 -2.000000e+01
    endloop
  endfacet
  facet normal 0.000000e+00 0.000000e+00 -1.000000e+00
    outer loop
      vertex   1.640617e+02 1.068173e+02 -2.000000e+01
      vertex   1.550000e+02 1.075000e+02 -2.000000e+01
      vertex   1.634158e+02 1.076132e+02 -2.000000e+01
    endloop
  endfacet
  facet normal -0.000000e+00 0.000000e+00 -1.000000e+00
    outer loop
      vertex   1.634158e+02 1.076132e+02 -2.000000e+01
      vertex   1.550000e+02 1.075000e+02 -2.000000e+01
      vertex   1.626674e+02 1.083135e+02 -2.000000e+01
    endloop
  endfacet
  facet normal 0.000000e+00 0.000000e+00 -1.000000e+00
    outer loop
      vertex   1.626674e+02 1.083135e+02 -2.000000e+01
      vertex   1.550000e+02 1.075000e+02 -2.000000e+01
      vertex   1.550627e+02 1.080563e+02 -2.000000e+01
    endloop
  endfacet
  facet normal -0.000000e+00 0.000000e+00 -1.000000e+00
    outer loop
      vertex   1.626674e+02 1.083135e+02 -2.000000e+01
      vertex   1.550627e+02 1.080563e+02 -2.000000e+01
      vertex   1.618305e+02 1.089053e+02 -2.000000e+01
    endloop
  endfacet
  facet normal 0.000000e+00 0.000000e+00 -1.000000e+00
    outer loop
      vertex   1.618305e+02 1.089053e+02 -2.000000e+01
      vertex   1.550627e+02 1.080563e+02 -2.000000e+01
      vertex   1.552476e+02 1.085847e+02 -2.000000e+01
    endloop
  endfacet
  facet normal -0.000000e+00 0.000000e+00 -1.000000e+00
    outer loop
      vertex   1.618305e+02 1.089053e+02 -2.000000e+01
      vertex   1.552476e+02 1.085847e+02 -2.000000e+01
      vertex   1.609207e+02 1.093774e+02 -2.000000e+01
    endloop
  endfacet
  facet normal 0.000000e+00 0.000000e+00 -1.000000e+00
    outer loop
      vertex   1.609207e+02 1.093774e+02 -2.000000e+01
      vertex   1.552476e+02 1.085847e+02 -2.000000e+01
      vertex   1.555454e+02 1.090587e+02 -2.000000e+01
    endloop
  endfacet
  facet normal -0.000000e+00 0.000000e+00 -1.000000e+00
    outer loop
      vertex   1.609207e+02 1.093774e+02 -2.000000e+01
      vertex   1.555454e+02 1.090587e+02 -2.000000e+01
      vertex   1.599550e+02 1.097211e+02 -2.000000e+01
    endloop
  endfacet
  facet normal 0.000000e+00 0.000000e+00 -1.000000e+00
    outer loop
      vertex   1.599550e+02 1.097211e+02 -2.000000e+01
      vertex   1.555454e+02 1.090587e+02 -2.000000e+01
      vertex   1.559413e+02 1.094546e+02 -2.000000e+01
    endloop
  endfacet
  facet normal -0.000000e+00 0.000000e+00 -1.000000e+00
    outer loop
      vertex   1.599550e+02 1.097211e+02 -2.000000e+01
      vertex   1.559413e+02 1.094546e+02 -2.000000e+01
      vertex   1.589515e+02 1.099300e+02 -2.000000e+01
    endloop
  endfacet
  facet normal -0.000000e+00 0.000000e+00 -1.000000e+00
    outer loop
      vertex   1.589515e+02 1.099300e+02 -2.000000e+01
      vertex   1.559413e+02 1.094546e+02 -2.000000e+01
      vertex   1.579289e+02 1.100000e+02 -2.000000e+01
    endloop
  endfacet
  facet normal 0.000000e+00 0.000000e+00 -1.000000e+00
    outer loop
      vertex   1.579289e+02 1.100000e+02 -2.000000e+01
      vertex   1.559413e+02 1.094546e+02 -2.000000e+01
      vertex   1.564153e+02 1.097524e+02 -2.000000e+01
    endloop
  endfacet
  facet normal -0.000000e+00 0.000000e+00 -1.000000e+00
    outer loop
      vertex   1.579289e+02 1.100000e+02 -2.000000e+01
      vertex   1.564153e+02 1.097524e+02 -2.000000e+01
      vertex   1.575000e+02 1.100000e+02 -2.000000e+01
    endloop
  endfacet
  facet normal 0.000000e+00 0.000000e+00 -1.000000e+00
    outer loop
      vertex   1.575000e+02 1.100000e+02 -2.000000e+01
      vertex   1.564153e+02 1.097524e+02 -2.000000e+01
      vertex   1.569437e+02 1.099373e+02 -2.000000e+01
    endloop
  endfacet
  facet normal 0.000000e+00 0.000000e+00 -1.000000e+00
    outer loop
      vertex   1.800000e+02 7.500000e+01 -2.000000e+01
      vertex   1.600000e+02 8.600000e+01 -2.000000e+01
      vertex   1.650000e+02 1.050000e+02 -2.000000e+01
    endloop
  endfacet
  facet normal 0.000000e+00 0.000000e+00 -1.000000e+00
    outer loop
      vertex   1.650000e+02 1.050000e+02 -2.000000e+01
      vertex   1.600000e+02 8.600000e+01 -2.000000e+01
      vertex   1.460000e+02 1.000000e+02 -2.000000e+01
    endloop
  endfacet
  facet normal -9.914449e-01 -9.274444e-17 -1.305262e-01
    outer loop
      vertex   1.933523e+02 7.000000e+01 -2.163765e+01
      vertex   1.933523e+02 7.500000e+01 -2.163765e+01
      vertex   1.934000e+02 7.000000e+01 -2.200000e+01
    endloop
  endfacet
  facet normal -9.914449e-01 0.000000e+00 -1.305262e-01
    outer loop
      vertex   1.934000e+02 7.000000e+01 -2.200000e+01
      vertex   1.933523e+02 7.500000e+01 -2.163765e+01
      vertex   1.934000e+02 7.500000e+01 -2.200000e+01
    endloop
  endfacet
  facet normal -9.914449e-01 0.000000e+00 1.305262e-01
    outer loop
      vertex   1.934000e+02 7.000000e+01 -2.200000e+01
      vertex   1.934000e+02 7.500000e+01 -2.200000e+01
      vertex   1.933523e+02 7.000000e+01 -2.236235e+01
    endloop
  endfacet
  facet normal -9.914449e-01 9.274444e-17 1.305262e-01
    outer loop
      vertex   1.933523e+02 7.000000e+01 -2.236235e+01
      vertex   1.934000e+02 7.500000e+01 -2.200000e+01
      vertex   1.933523e+02 7.500000e+01 -2.236235e+01
    endloop
  endfacet
  facet normal -9.238795e-01 2.719129e-16 3.826834e-01
    outer loop
      vertex   1.933523e+02 7.000000e+01 -2.236235e+01
      vertex   1.933523e+02 7.500000e+01 -2.236235e+01
      vertex   1.932124e+02 7.000000e+01 -2.270000e+01
    endloop
  endfacet
  facet normal -9.238795e-01 0.000000e+00 3.826834e-01
    outer loop
      vertex   1.932124e+02 7.000000e+01 -2.270000e+01
      vertex   1.933523e+02 7.500000e+01 -2.236235e+01
      vertex   1.932124e+02 7.500000e+01 -2.270000e+01
    endloop
  endfacet
  facet normal -7.933533e-01 0.000000e+00 6.087614e-01
    outer loop
      vertex   1.932124e+02 7.000000e+01 -2.270000e+01
      vertex   1.932124e+02 7.500000e+01 -2.270000e+01
      vertex   1.929900e+02 7.000000e+01 -2.298995e+01
    endloop
  endfacet
  facet normal -7.933533e-01 0.000000e+00 6.087614e-01
    outer loop
      vertex   1.929900e+02 7.000000e+01 -2.298995e+01
      vertex   1.932124e+02 7.500000e+01 -2.270000e+01
      vertex   1.929900e+02 7.500000e+01 -2.298995e+01
    endloop
  endfacet
  facet normal -6.087614e-01 0.000000e+00 7.933533e-01
    outer loop
      vertex   1.929900e+02 7.000000e+01 -2.298995e+01
      vertex   1.929900e+02 7.500000e+01 -2.298995e+01
      vertex   1.927000e+02 7.000000e+01 -2.321244e+01
    endloop
  endfacet
  facet normal -6.087614e-01 0.000000e+00 7.933533e-01
    outer loop
      vertex   1.927000e+02 7.000000e+01 -2.321244e+01
      vertex   1.929900e+02 7.500000e+01 -2.298995e+01
      vertex   1.927000e+02 7.500000e+01 -2.321244e+01
    endloop
  endfacet
  facet normal -3.826834e-01 0.000000e+00 9.238795e-01
    outer loop
      vertex   1.927000e+02 7.000000e+01 -2.321244e+01
      vertex   1.927000e+02 7.500000e+01 -2.321244e+01
      vertex   1.923623e+02 7.000000e+01 -2.335230e+01
    endloop
  endfacet
  facet normal -3.826834e-01 0.000000e+00 9.238795e-01
    outer loop
      vertex   1.923623e+02 7.000000e+01 -2.335230e+01
      vertex   1.927000e+02 7.500000e+01 -2.321244e+01
      vertex   1.923623e+02 7.500000e+01 -2.335230e+01
    endloop
  endfacet
  facet normal -1.305262e-01 0.000000e+00 9.914449e-01
    outer loop
      vertex   1.923623e+02 7.000000e+01 -2.335230e+01
      vertex   1.923623e+02 7.500000e+01 -2.335230e+01
      vertex   1.920000e+02 7.000000e+01 -2.340000e+01
    endloop
  endfacet
  facet normal -1.305262e-01 0.000000e+00 9.914449e-01
    outer loop
      vertex   1.920000e+02 7.000000e+01 -2.340000e+01
      vertex   1.923623e+02 7.500000e+01 -2.335230e+01
      vertex   1.920000e+02 7.500000e+01 -2.340000e+01
    endloop
  endfacet
  facet normal 1.305262e-01 -0.000000e+00 9.914449e-01
    outer loop
      vertex   1.920000e+02 7.000000e+01 -2.340000e+01
      vertex   1.920000e+02 7.500000e+01 -2.340000e+01
      vertex   1.916377e+02 7.000000e+01 -2.335230e+01
    endloop
  endfacet
  facet normal 1.305262e-01 -0.000000e+00 9.914449e-01
    outer loop
      vertex   1.916377e+02 7.000000e+01 -2.335230e+01
      vertex   1.920000e+02 7.500000e+01 -2.340000e+01
      vertex   1.916377e+02 7.500000e+01 -2.335230e+01
    endloop
  endfacet
  facet normal 3.826834e-01 -0.000000e+00 9.238795e-01
    outer loop
      vertex   1.916377e+02 7.000000e+01 -2.335230e+01
      vertex   1.916377e+02 7.500000e+01 -2.335230e+01
      vertex   1.913000e+02 7.000000e+01 -2.321244e+01
    endloop
  endfacet
  facet normal 3.826834e-01 -0.000000e+00 9.238795e-01
    outer loop
      vertex   1.913000e+02 7.000000e+01 -2.321244e+01
      vertex   1.916377e+02 7.500000e+01 -2.335230e+01
      vertex   1.913000e+02 7.500000e+01 -2.321244e+01
    endloop
  endfacet
  facet normal 6.087614e-01 -0.000000e+00 7.933533e-01
    outer loop
      vertex   1.913000e+02 7.000000e+01 -2.321244e+01
      vertex   1.913000e+02 7.500000e+01 -2.321244e+01
      vertex   1.910101e+02 7.000000e+01 -2.298995e+01
    endloop
  endfacet
  facet normal 6.087614e-01 -0.000000e+00 7.933533e-01
    outer loop
      vertex   1.910101e+02 7.000000e+01 -2.298995e+01
      vertex   1.913000e+02 7.500000e+01 -2.321244e+01
      vertex   1.910101e+02 7.500000e+01 -2.298995e+01
    endloop
  endfacet
  facet normal 7.933533e-01 -0.000000e+00 6.087614e-01
    outer loop
      vertex   1.910101e+02 7.000000e+01 -2.298995e+01
      vertex   1.910101e+02 7.500000e+01 -2.298995e+01
      vertex   1.907876e+02 7.000000e+01 -2.270000e+01
    endloop
  endfacet
  facet normal 7.933533e-01 -0.000000e+00 6.087614e-01
    outer loop
      vertex   1.907876e+02 7.000000e+01 -2.270000e+01
      vertex   1.910101e+02 7.500000e+01 -2.298995e+01
      vertex   1.907876e+02 7.500000e+01 -2.270000e+01
    endloop
  endfacet
  facet normal 9.238795e-01 -0.000000e+00 3.826834e-01
    outer loop
      vertex   1.907876e+02 7.000000e+01 -2.270000e+01
      vertex   1.907876e+02 7.500000e+01 -2.270000e+01
      vertex   1.906477e+02 7.000000e+01 -2.236235e+01
    endloop
  endfacet
  facet normal 9.238795e-01 -0.000000e+00 3.826834e-01
    outer loop
      vertex   1.906477e+02 7.000000e+01 -2.236235e+01
      vertex   1.907876e+02 7.500000e+01 -2.270000e+01
      vertex   1.906477e+02 7.500000e+01 -2.236235e+01
    endloop
  endfacet
  facet normal 9.914449e-01 -0.000000e+00 1.305262e-01
    outer loop
      vertex   1.906477e+02 7.000000e+01 -2.236235e+01
      vertex   1.906477e+02 7.500000e+01 -2.236235e+01
      vertex   1.906000e+02 7.000000e+01 -2.200000e+01
    endloop
  endfacet
  facet normal 9.914449e-01 -0.000000e+00 1.305262e-01
    outer loop
      vertex   1.906000e+02 7.000000e+01 -2.200000e+01
      vertex   1.906477e+02 7.500000e+01 -2.236235e+01
      vertex   1.906000e+02 7.500000e+01 -2.200000e+01
    endloop
  endfacet
  facet normal 9.914449e-01 0.000000e+00 -1.305262e-01
    outer loop
      vertex   1.906000e+02 7.000000e+01 -2.200000e+01
      vertex   1.906000e+02 7.500000e+01 -2.200000e+01
      vertex   1.906477e+02 7.000000e+01 -2.163765e+01
    endloop
  endfacet
  facet normal 9.914449e-01 0.000000e+00 -1.305262e-01
    outer loop
      vertex   1.906477e+02 7.000000e+01 -2.163765e+01
      vertex   1.906000e+02 7.500000e+01 -2.200000e+01
      vertex   1.906477e+02 7.500000e+01 -2.163765e+01
    endloop
  endfacet
  facet normal 9.238795e-01 0.000000e+00 -3.826834e-01
    outer loop
      vertex   1.906477e+02 7.000000e+01 -2.163765e+01
      vertex   1.906477e+02 7.500000e+01 -2.163765e+01
      vertex   1.907876e+02 7.000000e+01 -2.130000e+01
    endloop
  endfacet
  facet normal 9.238795e-01 0.000000e+00 -3.826834e-01
    outer loop
      vertex   1.907876e+02 7.000000e+01 -2.130000e+01
      vertex   1.906477e+02 7.500000e+01 -2.163765e+01
      vertex   1.907876e+02 7.500000e+01 -2.130000e+01
    endloop
  endfacet
  facet normal 7.933533e-01 0.000000e+00 -6.087614e-01
    outer loop
      vertex   1.907876e+02 7.000000e+01 -2.130000e+01
      vertex   1.907876e+02 7.500000e+01 -2.130000e+01
      vertex   1.910101e+02 7.000000e+01 -2.101005e+01
    endloop
  endfacet
  facet normal 7.933533e-01 0.000000e+00 -6.087614e-01
    outer loop
      vertex   1.910101e+02 7.000000e+01 -2.101005e+01
      vertex   1.907876e+02 7.500000e+01 -2.130000e+01
      vertex   1.910101e+02 7.500000e+01 -2.101005e+01
    endloop
  endfacet
  facet normal 6.087614e-01 0.000000e+00 -7.933533e-01
    outer loop
      vertex   1.910101e+02 7.000000e+01 -2.101005e+01
      vertex   1.910101e+02 7.500000e+01 -2.101005e+01
      vertex   1.913000e+02 7.000000e+01 -2.078756e+01
    endloop
  endfacet
  facet normal 6.087614e-01 0.000000e+00 -7.933533e-01
    outer loop
      vertex   1.913000e+02 7.000000e+01 -2.078756e+01
      vertex   1.910101e+02 7.500000e+01 -2.101005e+01
      vertex   1.913000e+02 7.500000e+01 -2.078756e+01
    endloop
  endfacet
  facet normal 3.826834e-01 0.000000e+00 -9.238795e-01
    outer loop
      vertex   1.913000e+02 7.000000e+01 -2.078756e+01
      vertex   1.913000e+02 7.500000e+01 -2.078756e+01
      vertex   1.916377e+02 7.000000e+01 -2.064770e+01
    endloop
  endfacet
  facet normal 3.826834e-01 0.000000e+00 -9.238795e-01
    outer loop
      vertex   1.916377e+02 7.000000e+01 -2.064770e+01
      vertex   1.913000e+02 7.500000e+01 -2.078756e+01
      vertex   1.916377e+02 7.500000e+01 -2.064770e+01
    endloop
  endfacet
  facet normal 1.305262e-01 0.000000e+00 -9.914449e-01
    outer loop
      vertex   1.916377e+02 7.000000e+01 -2.064770e+01
      vertex   1.916377e+02 7.500000e+01 -2.064770e+01
      vertex   1.920000e+02 7.000000e+01 -2.060000e+01
    endloop
  endfacet
  facet normal 1.305262e-01 0.000000e+00 -9.914449e-01
    outer loop
      vertex   1.920000e+02 7.000000e+01 -2.060000e+01
      vertex   1.916377e+02 7.500000e+01 -2.064770e+01
      vertex   1.920000e+02 7.500000e+01 -2.060000e+01
    endloop
  endfacet
  facet normal -1.305262e-01 0.000000e+00 -9.914449e-01
    outer loop
      vertex   1.920000e+02 7.000000e+01 -2.060000e+01
      vertex   1.920000e+02 7.500000e+01 -2.060000e+01
      vertex   1.923623e+02 7.000000e+01 -2.064770e+01
    endloop
  endfacet
  facet normal -1.305262e-01 0.000000e+00 -9.914449e-01
    outer loop
      vertex   1.923623e+02 7.000000e+01 -2.064770e+01
      vertex   1.920000e+02 7.500000e+01 -2.060000e+01
      vertex   1.923623e+02 7.500000e+01 -2.064770e+01
    endloop
  endfacet
  facet normal -3.826834e-01 0.000000e+00 -9.238795e-01
    outer loop
      vertex   1.923623e+02 7.000000e+01 -2.064770e+01
      vertex   1.923623e+02 7.500000e+01 -2.064770e+01
      vertex   1.927000e+02 7.000000e+01 -2.078756e+01
    endloop
  endfacet
  facet normal -3.826834e-01 0.000000e+00 -9.238795e-01
    outer loop
      vertex   1.927000e+02 7.000000e+01 -2.078756e+01
      vertex   1.923623e+02 7.500000e+01 -2.064770e+01
      vertex   1.927000e+02 7.500000e+01 -2.078756e+01
    endloop
  endfacet
  facet normal -6.087614e-01 0.000000e+00 -7.933533e-01
    outer loop
      vertex   1.927000e+02 7.000000e+01 -2.078756e+01
      vertex   1.927000e+02 7.500000e+01 -2.078756e+01
      vertex   1.929900e+02 7.000000e+01 -2.101005e+01
    endloop
  endfacet
  facet normal -6.087614e-01 0.000000e+00 -7.933533e-01
    outer loop
      vertex   1.929900e+02 7.000000e+01 -2.101005e+01
      vertex   1.927000e+02 7.500000e+01 -2.078756e+01
      vertex   1.929900e+02 7.500000e+01 -2.101005e+01
    endloop
  endfacet
  facet normal -7.933533e-01 0.000000e+00 -6.087614e-01
    outer loop
      vertex   1.929900e+02 7.000000e+01 -2.101005e+01
      vertex   1.929900e+02 7.500000e+01 -2.101005e+01
      vertex   1.932124e+02 7.000000e+01 -2.130000e+01
    endloop
  endfacet
  facet normal -7.933533e-01 0.000000e+00 -6.087614e-01
    outer loop
      vertex   1.932124e+02 7.000000e+01 -2.130000e+01
      vertex   1.929900e+02 7.500000e+01 -2.101005e+01
      vertex   1.932124e+02 7.500000e+01 -2.130000e+01
    endloop
  endfacet
  facet normal -9.238795e-01 0.000000e+00 -3.826834e-01
    outer loop
      vertex   1.932124e+02 7.000000e+01 -2.130000e+01
      vertex   1.932124e+02 7.500000e+01 -2.130000e+01
      vertex   1.933523e+02 7.000000e+01 -2.163765e+01
    endloop
  endfacet
  facet normal -9.238795e-01 -2.719129e-16 -3.826834e-01
    outer loop
      vertex   1.933523e+02 7.000000e+01 -2.163765e+01
      vertex   1.932124e+02 7.500000e+01 -2.130000e+01
      vertex   1.933523e+02 7.500000e+01 -2.163765e+01
    endloop
  endfacet
  facet normal -9.914449e-01 -9.274444e-17 -1.305262e-01
    outer loop
      vertex   1.043523e+02 7.000000e+01 -2.163765e+01
      vertex   1.043523e+02 7.500000e+01 -2.163765e+01
      vertex   1.044000e+02 7.000000e+01 -2.200000e+01
    endloop
  endfacet
  facet normal -9.914449e-01 0.000000e+00 -1.305262e-01
    outer loop
      vertex   1.044000e+02 7.000000e+01 -2.200000e+01
      vertex   1.043523e+02 7.500000e+01 -2.163765e+01
      vertex   1.044000e+02 7.500000e+01 -2.200000e+01
    endloop
  endfacet
  facet normal -9.914449e-01 0.000000e+00 1.305262e-01
    outer loop
      vertex   1.044000e+02 7.000000e+01 -2.200000e+01
      vertex   1.044000e+02 7.500000e+01 -2.200000e+01
      vertex   1.043523e+02 7.000000e+01 -2.236235e+01
    endloop
  endfacet
  facet normal -9.914449e-01 9.274444e-17 1.305262e-01
    outer loop
      vertex   1.043523e+02 7.000000e+01 -2.236235e+01
      vertex   1.044000e+02 7.500000e+01 -2.200000e+01
      vertex   1.043523e+02 7.500000e+01 -2.236235e+01
    endloop
  endfacet
  facet normal -9.238795e-01 2.719129e-16 3.826834e-01
    outer loop
      vertex   1.043523e+02 7.000000e+01 -2.236235e+01
      vertex   1.043523e+02 7.500000e+01 -2.236235e+01
      vertex   1.042124e+02 7.000000e+01 -2.270000e+01
    endloop
  endfacet
  facet normal -9.238795e-01 0.000000e+00 3.826834e-01
    outer loop
      vertex   1.042124e+02 7.000000e+01 -2.270000e+01
      vertex   1.043523e+02 7.500000e+01 -2.236235e+01
      vertex   1.042124e+02 7.500000e+01 -2.270000e+01
    endloop
  endfacet
  facet normal -7.933533e-01 0.000000e+00 6.087614e-01
    outer loop
      vertex   1.042124e+02 7.000000e+01 -2.270000e+01
      vertex   1.042124e+02 7.500000e+01 -2.270000e+01
      vertex   1.039900e+02 7.000000e+01 -2.298995e+01
    endloop
  endfacet
  facet normal -7.933533e-01 0.000000e+00 6.087614e-01
    outer loop
      vertex   1.039900e+02 7.000000e+01 -2.298995e+01
      vertex   1.042124e+02 7.500000e+01 -2.270000e+01
      vertex   1.039900e+02 7.500000e+01 -2.298995e+01
    endloop
  endfacet
  facet normal -6.087614e-01 0.000000e+00 7.933533e-01
    outer loop
      vertex   1.039900e+02 7.000000e+01 -2.298995e+01
      vertex   1.039900e+02 7.500000e+01 -2.298995e+01
      vertex   1.037000e+02 7.000000e+01 -2.321244e+01
    endloop
  endfacet
  facet normal -6.087614e-01 0.000000e+00 7.933533e-01
    outer loop
      vertex   1.037000e+02 7.000000e+01 -2.321244e+01
      vertex   1.039900e+02 7.500000e+01 -2.298995e+01
      vertex   1.037000e+02 7.500000e+01 -2.321244e+01
    endloop
  endfacet
  facet normal -3.826834e-01 0.000000e+00 9.238795e-01
    outer loop
      vertex   1.037000e+02 7.000000e+01 -2.321244e+01
      vertex   1.037000e+02 7.500000e+01 -2.321244e+01
      vertex   1.033623e+02 7.000000e+01 -2.335230e+01
    endloop
  endfacet
  facet normal -3.826834e-01 0.000000e+00 9.238795e-01
    outer loop
      vertex   1.033623e+02 7.000000e+01 -2.335230e+01
      vertex   1.037000e+02 7.500000e+01 -2.321244e+01
      vertex   1.033623e+02 7.500000e+01 -2.335230e+01
    endloop
  endfacet
  facet normal -1.305262e-01 0.000000e+00 9.914449e-01
    outer loop
      vertex   1.033623e+02 7.000000e+01 -2.335230e+01
      vertex   1.033623e+02 7.500000e+01 -2.335230e+01
      vertex   1.030000e+02 7.000000e+01 -2.340000e+01
    endloop
  endfacet
  facet normal -1.305262e-01 0.000000e+00 9.914449e-01
    outer loop
      vertex   1.030000e+02 7.000000e+01 -2.340000e+01
      vertex   1.033623e+02 7.500000e+01 -2.335230e+01
      vertex   1.030000e+02 7.500000e+01 -2.340000e+01
    endloop
  endfacet
  facet normal 1.305262e-01 -0.000000e+00 9.914449e-01
    outer loop
      vertex   1.030000e+02 7.000000e+01 -2.340000e+01
      vertex   1.030000e+02 7.500000e+01 -2.340000e+01
      vertex   1.026377e+02 7.000000e+01 -2.335230e+01
    endloop
  endfacet
  facet normal 1.305262e-01 -0.000000e+00 9.914449e-01
    outer loop
      vertex   1.026377e+02 7.000000e+01 -2.335230e+01
      vertex   1.030000e+02 7.500000e+01 -2.340000e+01
      vertex   1.026377e+02 7.500000e+01 -2.335230e+01
    endloop
  endfacet
  facet normal 3.826834e-01 -0.000000e+00 9.238795e-01
    outer loop
      vertex   1.026377e+02 7.000000e+01 -2.335230e+01
      vertex   1.026377e+02 7.500000e+01 -2.335230e+01
      vertex   1.023000e+02 7.000000e+01 -2.321244e+01
    endloop
  endfacet
  facet normal 3.826834e-01 -0.000000e+00 9.238795e-01
    outer loop
      vertex   1.023000e+02 7.000000e+01 -2.321244e+01
      vertex   1.026377e+02 7.500000e+01 -2.335230e+01
      vertex   1.023000e+02 7.500000e+01 -2.321244e+01
    endloop
  endfacet
  facet normal 6.087614e-01 -0.000000e+00 7.933533e-01
    outer loop
      vertex   1.023000e+02 7.000000e+01 -2.321244e+01
      vertex   1.023000e+02 7.500000e+01 -2.321244e+01
      vertex   1.020101e+02 7.000000e+01 -2.298995e+01
    endloop
  endfacet
  facet normal 6.087614e-01 -0.000000e+00 7.933533e-01
    outer loop
      vertex   1.020101e+02 7.000000e+01 -2.298995e+01
      vertex   1.023000e+02 7.500000e+01 -2.321244e+01
      vertex   1.020101e+02 7.500000e+01 -2.298995e+01
    endloop
  endfacet
  facet normal 7.933533e-01 -0.000000e+00 6.087614e-01
    outer loop
      vertex   1.020101e+02 7.000000e+01 -2.298995e+01
      vertex   1.020101e+02 7.500000e+01 -2.298995e+01
      vertex   1.017876e+02 7.000000e+01 -2.270000e+01
    endloop
  endfacet
  facet normal 7.933533e-01 -0.000000e+00 6.087614e-01
    outer loop
      vertex   1.017876e+02 7.000000e+01 -2.270000e+01
      vertex   1.020101e+02 7.500000e+01 -2.298995e+01
      vertex   1.017876e+02 7.500000e+01 -2.270000e+01
    endloop
  endfacet
  facet normal 9.238795e-01 -0.000000e+00 3.826834e-01
    outer loop
      vertex   1.017876e+02 7.000000e+01 -2.270000e+01
      vertex   1.017876e+02 7.500000e+01 -2.270000e+01
      vertex   1.016477e+02 7.000000e+01 -2.236235e+01
    endloop
  endfacet
  facet normal 9.238795e-01 -0.000000e+00 3.826834e-01
    outer loop
      vertex   1.016477e+02 7.000000e+01 -2.236235e+01
      vertex   1.017876e+02 7.500000e+01 -2.270000e+01
      vertex   1.016477e+02 7.500000e+01 -2.236235e+01
    endloop
  endfacet
  facet normal 9.914449e-01 -0.000000e+00 1.305262e-01
    outer loop
      vertex   1.016477e+02 7.000000e+01 -2.236235e+01
      vertex   1.016477e+02 7.500000e+01 -2.236235e+01
      vertex   1.016000e+02 7.000000e+01 -2.200000e+01
    endloop
  endfacet
  facet normal 9.914449e-01 -0.000000e+00 1.305262e-01
    outer loop
      vertex   1.016000e+02 7.000000e+01 -2.200000e+01
      vertex   1.016477e+02 7.500000e+01 -2.236235e+01
      vertex   1.016000e+02 7.500000e+01 -2.200000e+01
    endloop
  endfacet
  facet normal 9.914449e-01 0.000000e+00 -1.305262e-01
    outer loop
      vertex   1.016000e+02 7.000000e+01 -2.200000e+01
      vertex   1.016000e+02 7.500000e+01 -2.200000e+01
      vertex   1.016477e+02 7.000000e+01 -2.163765e+01
    endloop
  endfacet
  facet normal 9.914449e-01 0.000000e+00 -1.305262e-01
    outer loop
      vertex   1.016477e+02 7.000000e+01 -2.163765e+01
      vertex   1.016000e+02 7.500000e+01 -2.200000e+01
      vertex   1.016477e+02 7.500000e+01 -2.163765e+01
    endloop
  endfacet
  facet normal 9.238795e-01 0.000000e+00 -3.826834e-01
    outer loop
      vertex   1.016477e+02 7.000000e+01 -2.163765e+01
      vertex   1.016477e+02 7.500000e+01 -2.163765e+01
      vertex   1.017876e+02 7.000000e+01 -2.130000e+01
    endloop
  endfacet
  facet normal 9.238795e-01 0.000000e+00 -3.826834e-01
    outer loop
      vertex   1.017876e+02 7.000000e+01 -2.130000e+01
      vertex   1.016477e+02 7.500000e+01 -2.163765e+01
      vertex   1.017876e+02 7.500000e+01 -2.130000e+01
    endloop
  endfacet
  facet normal 7.933533e-01 0.000000e+00 -6.087614e-01
    outer loop
      vertex   1.017876e+02 7.000000e+01 -2.130000e+01
      vertex   1.017876e+02 7.500000e+01 -2.130000e+01
      vertex   1.020101e+02 7.000000e+01 -2.101005e+01
    endloop
  endfacet
  facet normal 7.933533e-01 0.000000e+00 -6.087614e-01
    outer loop
      vertex   1.020101e+02 7.000000e+01 -2.101005e+01
      vertex   1.017876e+02 7.500000e+01 -2.130000e+01
      vertex   1.020101e+02 7.500000e+01 -2.101005e+01
    endloop
  endfacet
  facet normal 6.087614e-01 0.000000e+00 -7.933533e-01
    outer loop
      vertex   1.020101e+02 7.000000e+01 -2.101005e+01
      vertex   1.020101e+02 7.500000e+01 -2.101005e+01
      vertex   1.023000e+02 7.000000e+01 -2.078756e+01
    endloop
  endfacet
  facet normal 6.087614e-01 0.000000e+00 -7.933533e-01
    outer loop
      vertex   1.023000e+02 7.000000e+01 -2.078756e+01
      vertex   1.020101e+02 7.500000e+01 -2.101005e+01
      vertex   1.023000e+02 7.500000e+01 -2.078756e+01
    endloop
  endfacet
  facet normal 3.826834e-01 0.000000e+00 -9.238795e-01
    outer loop
      vertex   1.023000e+02 7.000000e+01 -2.078756e+01
      vertex   1.023000e+02 7.500000e+01 -2.078756e+01
      vertex   1.026377e+02 7.000000e+01 -2.064770e+01
    endloop
  endfacet
  facet normal 3.826834e-01 0.000000e+00 -9.238795e-01
    outer loop
      vertex   1.026377e+02 7.000000e+01 -2.064770e+01
      vertex   1.023000e+02 7.500000e+01 -2.078756e+01
      vertex   1.026377e+02 7.500000e+01 -2.064770e+01
    endloop
  endfacet
  facet normal 1.305262e-01 0.000000e+00 -9.914449e-01
    outer loop
      vertex   1.026377e+02 7.000000e+01 -2.064770e+01
      vertex   1.026377e+02 7.500000e+01 -2.064770e+01
      vertex   1.030000e+02 7.000000e+01 -2.060000e+01
    endloop
  endfacet
  facet normal 1.305262e-01 0.000000e+00 -9.914449e-01
    outer loop
      vertex   1.030000e+02 7.000000e+01 -2.060000e+01
      vertex   1.026377e+02 7.500000e+01 -2.064770e+01
      vertex   1.030000e+02 7.500000e+01 -2.060000e+01
    endloop
  endfacet
  facet normal -1.305262e-01 0.000000e+00 -9.914449e-01
    outer loop
      vertex   1.030000e+02 7.000000e+01 -2.060000e+01
      vertex   1.030000e+02 7.500000e+01 -2.060000e+01
      vertex   1.033623e+02 7.000000e+01 -2.064770e+01
    endloop
  endfacet
  facet normal -1.305262e-01 0.000000e+00 -9.914449e-01
    outer loop
      vertex   1.033623e+02 7.000000e+01 -2.064770e+01
      vertex   1.030000e+02 7.500000e+01 -2.060000e+01
      vertex   1.033623e+02 7.500000e+01 -2.064770e+01
    endloop
  endfacet
  facet normal -3.826834e-01 0.000000e+00 -9.238795e-01
    outer loop
      vertex   1.033623e+02 7.000000e+01 -2.064770e+01
      vertex   1.033623e+02 7.500000e+01 -2.064770e+01
      vertex   1.037000e+02 7.000000e+01 -2.078756e+01
    endloop
  endfacet
  facet normal -3.826834e-01 0.000000e+00 -9.238795e-01
    outer loop
      vertex   1.037000e+02 7.000000e+01 -2.078756e+01
      vertex   1.033623e+02 7.500000e+01 -2.064770e+01
      vertex   1.037000e+02 7.500000e+01 -2.078756e+01
    endloop
  endfacet
  facet normal -6.087614e-01 0.000000e+00 -7.933533e-01
    outer loop
      vertex   1.037000e+02 7.000000e+01 -2.078756e+01
      vertex   1.037000e+02 7.500000e+01 -2.078756e+01
      vertex   1.039900e+02 7.000000e+01 -2.101005e+01
    endloop
  endfacet
  facet normal -6.087614e-01 0.000000e+00 -7.933533e-01
    outer loop
      vertex   1.039900e+02 7.000000e+01 -2.101005e+01
      vertex   1.037000e+02 7.500000e+01 -2.078756e+01
      vertex   1.039900e+02 7.500000e+01 -2.101005e+01
    endloop
  endfacet
  facet normal -7.933533e-01 0.000000e+00 -6.087614e-01
    outer loop
      vertex   1.039900e+02 7.000000e+01 -2.101005e+01
      vertex   1.039900e+02 7.500000e+01 -2.101005e+01
      vertex   1.042124e+02 7.000000e+01 -2.130000e+01
    endloop
  endfacet
  facet normal -7.933533e-01 0.000000e+00 -6.087614e-01
    outer loop
      vertex   1.042124e+02 7.000000e+01 -2.130000e+01
      vertex   1.039900e+02 7.500000e+01 -2.101005e+01
      vertex   1.042124e+02 7.500000e+01 -2.130000e+01
    endloop
  endfacet
  facet normal -9.238795e-01 0.000000e+00 -3.826834e-01
    outer loop
      vertex   1.042124e+02 7.000000e+01 -2.130000e+01
      vertex   1.042124e+02 7.500000e+01 -2.130000e+01
      vertex   1.043523e+02 7.000000e+01 -2.163765e+01
    endloop
  endfacet
  facet normal -9.238795e-01 -2.719129e-16 -3.826834e-01
    outer loop
      vertex   1.043523e+02 7.000000e+01 -2.163765e+01
      vertex   1.042124e+02 7.500000e+01 -2.130000e+01
      vertex   1.043523e+02 7.500000e+01 -2.163765e+01
    endloop
  endfacet
  facet normal -9.914449e-01 -9.274444e-17 -1.305262e-01
    outer loop
      vertex   1.933523e+02 7.000000e+01 2.236235e+01
      vertex   1.933523e+02 7.500000e+01 2.236235e+01
      vertex   1.934000e+02 7.000000e+01 2.200000e+01
    endloop
  endfacet
  facet normal -9.914449e-01 0.000000e+00 -1.305262e-01
    outer loop
      vertex   1.934000e+02 7.000000e+01 2.200000e+01
      vertex   1.933523e+02 7.500000e+01 2.236235e+01
      vertex   1.934000e+02 7.500000e+01 2.200000e+01
    endloop
  endfacet
  facet normal -9.914449e-01 0.000000e+00 1.305262e-01
    outer loop
      vertex   1.934000e+02 7.000000e+01 2.200000e+01
      vertex   1.934000e+02 7.500000e+01 2.200000e+01
      vertex   1.933523e+02 7.000000e+01 2.163765e+01
    endloop
  endfacet
  facet normal -9.914449e-01 9.274444e-17 1.305262e-01
    outer loop
      vertex   1.933523e+02 7.000000e+01 2.163765e+01
      vertex   1.934000e+02 7.500000e+01 2.200000e+01
      vertex   1.933523e+02 7.500000e+01 2.163765e+01
    endloop
  endfacet
  facet normal -9.238795e-01 2.719129e-16 3.826834e-01
    outer loop
      vertex   1.933523e+02 7.000000e+01 2.163765e+01
      vertex   1.933523e+02 7.500000e+01 2.163765e+01
      vertex   1.932124e+02 7.000000e+01 2.130000e+01
    endloop
  endfacet
  facet normal -9.238795e-01 0.000000e+00 3.826834e-01
    outer loop
      vertex   1.932124e+02 7.000000e+01 2.130000e+01
      vertex   1.933523e+02 7.500000e+01 2.163765e+01
      vertex   1.932124e+02 7.500000e+01 2.130000e+01
    endloop
  endfacet
  facet normal -7.933533e-01 0.000000e+00 6.087614e-01
    outer loop
      vertex   1.932124e+02 7.000000e+01 2.130000e+01
      vertex   1.932124e+02 7.500000e+01 2.130000e+01
      vertex   1.929900e+02 7.000000e+01 2.101005e+01
    endloop
  endfacet
  facet normal -7.933533e-01 0.000000e+00 6.087614e-01
    outer loop
      vertex   1.929900e+02 7.000000e+01 2.101005e+01
      vertex   1.932124e+02 7.500000e+01 2.130000e+01
      vertex   1.929900e+02 7.500000e+01 2.101005e+01
    endloop
  endfacet
  facet normal -6.087614e-01 0.000000e+00 7.933533e-01
    outer loop
      vertex   1.929900e+02 7.000000e+01 2.101005e+01
      vertex   1.929900e+02 7.500000e+01 2.101005e+01
      vertex   1.927000e+02 7.000000e+01 2.078756e+01
    endloop
  endfacet
  facet normal -6.087614e-01 0.000000e+00 7.933533e-01
    outer loop
      vertex   1.927000e+02 7.000000e+01 2.078756e+01
      vertex   1.929900e+02 7.500000e+01 2.101005e+01
      vertex   1.927000e+02 7.500000e+01 2.078756e+01
    endloop
  endfacet
  facet normal -3.826834e-01 0.000000e+00 9.238795e-01
    outer loop
      vertex   1.927000e+02 7.000000e+01 2.078756e+01
      vertex   1.927000e+02 7.500000e+01 2.078756e+01
      vertex   1.923623e+02 7.000000e+01 2.064770e+01
    endloop
  endfacet
  facet normal -3.826834e-01 0.000000e+00 9.238795e-01
    outer loop
      vertex   1.923623e+02 7.000000e+01 2.064770e+01
      vertex   1.927000e+02 7.500000e+01 2.078756e+01
      vertex   1.923623e+02 7.500000e+01 2.064770e+01
    endloop
  endfacet
  facet normal -1.305262e-01 0.000000e+00 9.914449e-01
    outer loop
      vertex   1.923623e+02 7.000000e+01 2.064770e+01
      vertex   1.923623e+02 7.500000e+01 2.064770e+01
      vertex   1.920000e+02 7.000000e+01 2.060000e+01
    endloop
  endfacet
  facet normal -1.305262e-01 0.000000e+00 9.914449e-01
    outer loop
      vertex   1.920000e+02 7.000000e+01 2.060000e+01
      vertex   1.923623e+02 7.500000e+01 2.064770e+01
      vertex   1.920000e+02 7.500000e+01 2.060000e+01
    endloop
  endfacet
  facet normal 1.305262e-01 -0.000000e+00 9.914449e-01
    outer loop
      vertex   1.920000e+02 7.000000e+01 2.060000e+01
      vertex   1.920000e+02 7.500000e+01 2.060000e+01
      vertex   1.916377e+02 7.000000e+01 2.064770e+01
    endloop
  endfacet
  facet normal 1.305262e-01 -0.000000e+00 9.914449e-01
    outer loop
      vertex   1.916377e+02 7.000000e+01 2.064770e+01
      vertex   1.920000e+02 7.500000e+01 2.060000e+01
      vertex   1.916377e+02 7.500000e+01 2.064770e+01
    endloop
  endfacet
  facet normal 3.826834e-01 -0.000000e+00 9.238795e-01
    outer loop
      vertex   1.916377e+02 7.000000e+01 2.064770e+01
      vertex   1.916377e+02 7.500000e+01 2.064770e+01
      vertex   1.913000e+02 7.000000e+01 2.078756e+01
    endloop
  endfacet
  facet normal 3.826834e-01 -0.000000e+00 9.238795e-01
    outer loop
      vertex   1.913000e+02 7.000000e+01 2.078756e+01
      vertex   1.916377e+02 7.500000e+01 2.064770e+01
      vertex   1.913000e+02 7.500000e+01 2.078756e+01
    endloop
  endfacet
  facet normal 6.087614e-01 -0.000000e+00 7.933533e-01
    outer loop
      vertex   1.913000e+02 7.000000e+01 2.078756e+01
      vertex   1.913000e+02 7.500000e+01 2.078756e+01
      vertex   1.910101e+02 7.000000e+01 2.101005e+01
    endloop
  endfacet
  facet normal 6.087614e-01 -0.000000e+00 7.933533e-01
    outer loop
      vertex   1.910101e+02 7.000000e+01 2.101005e+01
      vertex   1.913000e+02 7.500000e+01 2.078756e+01
      vertex   1.910101e+02 7.500000e+01 2.101005e+01
    endloop
  endfacet
  facet normal 7.933533e-01 -0.000000e+00 6.087614e-01
    outer loop
      vertex   1.910101e+02 7.000000e+01 2.101005e+01
      vertex   1.910101e+02 7.500000e+01 2.101005e+01
      vertex   1.907876e+02 7.000000e+01 2.130000e+01
    endloop
  endfacet
  facet normal 7.933533e-01 -0.000000e+00 6.087614e-01
    outer loop
      vertex   1.907876e+02 7.000000e+01 2.130000e+01
      vertex   1.910101e+02 7.500000e+01 2.101005e+01
      vertex   1.907876e+02 7.500000e+01 2.130000e+01
    endloop
  endfacet
  facet normal 9.238795e-01 -0.000000e+00 3.826834e-01
    outer loop
      vertex   1.907876e+02 7.000000e+01 2.130000e+01
      vertex   1.907876e+02 7.500000e+01 2.130000e+01
      vertex   1.906477e+02 7.000000e+01 2.163765e+01
    endloop
  endfacet
  facet normal 9.238795e-01 -0.000000e+00 3.826834e-01
    outer loop
      vertex   1.906477e+02 7.000000e+01 2.163765e+01
      vertex   1.907876e+02 7.500000e+01 2.130000e+01
      vertex   1.906477e+02 7.500000e+01 2.163765e+01
    endloop
  endfacet
  facet normal 9.914449e-01 -0.000000e+00 1.305262e-01
    outer loop
      vertex   1.906477e+02 7.000000e+01 2.163765e+01
      vertex   1.906477e+02 7.500000e+01 2.163765e+01
      vertex   1.906000e+02 7.000000e+01 2.200000e+01
    endloop
  endfacet
  facet normal 9.914449e-01 -0.000000e+00 1.305262e-01
    outer loop
      vertex   1.906000e+02 7.000000e+01 2.200000e+01
      vertex   1.906477e+02 7.500000e+01 2.163765e+01
      vertex   1.906000e+02 7.500000e+01 2.200000e+01
    endloop
  endfacet
  facet normal 9.914449e-01 0.000000e+00 -1.305262e-01
    outer loop
      vertex   1.906000e+02 7.000000e+01 2.200000e+01
      vertex   1.906000e+02 7.500000e+01 2.200000e+01
      vertex   1.906477e+02 7.000000e+01 2.236235e+01
    endloop
  endfacet
  facet normal 9.914449e-01 0.000000e+00 -1.305262e-01
    outer loop
      vertex   1.906477e+02 7.000000e+01 2.236235e+01
      vertex   1.906000e+02 7.500000e+01 2.200000e+01
      vertex   1.906477e+02 7.500000e+01 2.236235e+01
    endloop
  endfacet
  facet normal 9.238795e-01 0.000000e+00 -3.826834e-01
    outer loop
      vertex   1.906477e+02 7.000000e+01 2.236235e+01
      vertex   1.906477e+02 7.500000e+01 2.236235e+01
      vertex   1.907876e+02 7.000000e+01 2.270000e+01
    endloop
  endfacet
  facet normal 9.238795e-01 0.000000e+00 -3.826834e-01
    outer loop
      vertex   1.907876e+02 7.000000e+01 2.270000e+01
      vertex   1.906477e+02 7.500000e+01 2.236235e+01
      vertex   1.907876e+02 7.500000e+01 2.270000e+01
    endloop
  endfacet
  facet normal 7.933533e-01 0.000000e+00 -6.087614e-01
    outer loop
      vertex   1.907876e+02 7.000000e+01 2.270000e+01
      vertex   1.907876e+02 7.500000e+01 2.270000e+01
      vertex   1.910101e+02 7.000000e+01 2.298995e+01
    endloop
  endfacet
  facet normal 7.933533e-01 0.000000e+00 -6.087614e-01
    outer loop
      vertex   1.910101e+02 7.000000e+01 2.298995e+01
      vertex   1.907876e+02 7.500000e+01 2.270000e+01
      vertex   1.910101e+02 7.500000e+01 2.298995e+01
    endloop
  endfacet
  facet normal 6.087614e-01 0.000000e+00 -7.933533e-01
    outer loop
      vertex   1.910101e+02 7.000000e+01 2.298995e+01
      vertex   1.910101e+02 7.500000e+01 2.298995e+01
      vertex   1.913000e+02 7.000000e+01 2.321244e+01
    endloop
  endfacet
  facet normal 6.087614e-01 0.000000e+00 -7.933533e-01
    outer loop
      vertex   1.913000e+02 7.000000e+01 2.321244e+01
      vertex   1.910101e+02 7.500000e+01 2.298995e+01
      vertex   1.913000e+02 7.500000e+01 2.321244e+01
    endloop
  endfacet
  facet normal 3.826834e-01 0.000000e+00 -9.238795e-01
    outer loop
      vertex   1.913000e+02 7.000000e+01 2.321244e+01
      vertex   1.913000e+02 7.500000e+01 2.321244e+01
      vertex   1.916377e+02 7.000000e+01 2.335230e+01
    endloop
  endfacet
  facet normal 3.826834e-01 0.000000e+00 -9.238795e-01
    outer loop
      vertex   1.916377e+02 7.000000e+01 2.335230e+01
      vertex   1.913000e+02 7.500000e+01 2.321244e+01
      vertex   1.916377e+02 7.500000e+01 2.335230e+01
    endloop
  endfacet
  facet normal 1.305262e-01 0.000000e+00 -9.914449e-01
    outer loop
      vertex   1.916377e+02 7.000000e+01 2.335230e+01
      vertex   1.916377e+02 7.500000e+01 2.335230e+01
      vertex   1.920000e+02 7.000000e+01 2.340000e+01
    endloop
  endfacet
  facet normal 1.305262e-01 0.000000e+00 -9.914449e-01
    outer loop
      vertex   1.920000e+02 7.000000e+01 2.340000e+01
      vertex   1.916377e+02 7.500000e+01 2.335230e+01
      vertex   1.920000e+02 7.500000e+01 2.340000e+01
    endloop
  endfacet
  facet normal -1.305262e-01 0.000000e+00 -9.914449e-01
    outer loop
      vertex   1.920000e+02 7.000000e+01 2.340000e+01
      vertex   1.920000e+02 7.500000e+01 2.340000e+01
      vertex   1.923623e+02 7.000000e+01 2.335230e+01
    endloop
  endfacet
  facet normal -1.305262e-01 0.000000e+00 -9.914449e-01
    outer loop
      vertex   1.923623e+02 7.000000e+01 2.335230e+01
      vertex   1.920000e+02 7.500000e+01 2.340000e+01
      vertex   1.923623e+02 7.500000e+01 2.335230e+01
    endloop
  endfacet
  facet normal -3.826834e-01 0.000000e+00 -9.238795e-01
    outer loop
      vertex   1.923623e+02 7.000000e+01 2.335230e+01
      vertex   1.923623e+02 7.500000e+01 2.335230e+01
      vertex   1.927000e+02 7.000000e+01 2.321244e+01
    endloop
  endfacet
  facet normal -3.826834e-01 0.000000e+00 -9.238795e-01
    outer loop
      vertex   1.927000e+02 7.000000e+01 2.321244e+01
      vertex   1.923623e+02 7.500000e+01 2.335230e+01
      vertex   1.927000e+02 7.500000e+01 2.321244e+01
    endloop
  endfacet
  facet normal -6.087614e-01 0.000000e+00 -7.933533e-01
    outer loop
      vertex   1.927000e+02 7.000000e+01 2.321244e+01
      vertex   1.927000e+02 7.500000e+01 2.321244e+01
      vertex   1.929900e+02 7.000000e+01 2.298995e+01
    endloop
  endfacet
  facet normal -6.087614e-01 0.000000e+00 -7.933533e-01
    outer loop
      vertex   1.929900e+02 7.000000e+01 2.298995e+01
      vertex   1.927000e+02 7.500000e+01 2.321244e+01
      vertex   1.929900e+02 7.500000e+01 2.298995e+01
    endloop
  endfacet
  facet normal -7.933533e-01 0.000000e+00 -6.087614e-01
    outer loop
      vertex   1.929900e+02 7.000000e+01 2.298995e+01
      vertex   1.929900e+02 7.500000e+01 2.298995e+01
      vertex   1.932124e+02 7.000000e+01 2.270000e+01
    endloop
  endfacet
  facet normal -7.933533e-01 0.000000e+00 -6.087614e-01
    outer loop
      vertex   1.932124e+02 7.000000e+01 2.270000e+01
      vertex   1.929900e+02 7.500000e+01 2.298995e+01
      vertex   1.932124e+02 7.500000e+01 2.270000e+01
    endloop
  endfacet
  facet normal -9.238795e-01 0.000000e+00 -3.826834e-01
    outer loop
      vertex   1.932124e+02 7.000000e+01 2.270000e+01
      vertex   1.932124e+02 7.500000e+01 2.270000e+01
      vertex   1.933523e+02 7.000000e+01 2.236235e+01
    endloop
  endfacet
  facet normal -9.238795e-01 -2.719129e-16 -3.826834e-01
    outer loop
      vertex   1.933523e+02 7.000000e+01 2.236235e+01
      vertex   1.932124e+02 7.500000e+01 2.270000e+01
      vertex   1.933523e+02 7.500000e+01 2.236235e+01
    endloop
  endfacet
  facet normal -9.914449e-01 -9.274444e-17 -1.305262e-01
    outer loop
      vertex   1.043523e+02 7.000000e+01 2.236235e+01
      vertex   1.043523e+02 7.500000e+01 2.236235e+01
      vertex   1.044000e+02 7.000000e+01 2.200000e+01
    endloop
  endfacet
  facet normal -9.914449e-01 0.000000e+00 -1.305262e-01
    outer loop
      vertex   1.044000e+02 7.000000e+01 2.200000e+01
      vertex   1.043523e+02 7.500000e+01 2.236235e+01
      vertex   1.044000e+02 7.500000e+01 2.200000e+01
    endloop
  endfacet
  facet normal -9.914449e-01 0.000000e+00 1.305262e-01
    outer loop
      vertex   1.044000e+02 7.000000e+01 2.200000e+01
      vertex   1.044000e+02 7.500000e+01 2.200000e+01
      vertex   1.043523e+02 7.000000e+01 2.163765e+01
    endloop
  endfacet
  facet normal -9.914449e-01 9.274444e-17 1.305262e-01
    outer loop
      vertex   1.043523e+02 7.000000e+01 2.163765e+01
      vertex   1.044000e+02 7.500000e+01 2.200000e+01
      vertex   1.043523e+02 7.500000e+01 2.163765e+01
    endloop
  endfacet
  facet normal -9.238795e-01 2.719129e-16 3.826834e-01
    outer loop
      vertex   1.043523e+02 7.000000e+01 2.163765e+01
      vertex   1.043523e+02 7.500000e+01 2.163765e+01
      vertex   1.042124e+02 7.000000e+01 2.130000e+01
    endloop
  endfacet
  facet normal -9.238795e-01 0.000000e+00 3.826834e-01
    outer loop
      vertex   1.042124e+02 7.000000e+01 2.130000e+01
      vertex   1.043523e+02 7.500000e+01 2.163765e+01
      vertex   1.042124e+02 7.500000e+01 2.130000e+01
    endloop
  endfacet
  facet normal -7.933533e-01 0.000000e+00 6.087614e-01
    outer loop
      vertex   1.042124e+02 7.000000e+01 2.130000e+01
      vertex   1.042124e+02 7.500000e+01 2.130000e+01
      vertex   1.039900e+02 7.000000e+01 2.101005e+01
    endloop
  endfacet
  facet normal -7.933533e-01 0.000000e+00 6.087614e-01
    outer loop
      vertex   1.039900e+02 7.000000e+01 2.101005e+01
      vertex   1.042124e+02 7.500000e+01 2.130000e+01
      vertex   1.039900e+02 7.500000e+01 2.101005e+01
    endloop
  endfacet
  facet normal -6.087614e-01 0.000000e+00 7.933533e-01
    outer loop
      vertex   1.039900e+02 7.000000e+01 2.101005e+01
      vertex   1.039900e+02 7.500000e+01 2.101005e+01
      vertex   1.037000e+02 7.000000e+01 2.078756e+01
    endloop
  endfacet
  facet normal -6.087614e-01 0.000000e+00 7.933533e-01
    outer loop
      vertex   1.037000e+02 7.000000e+01 2.078756e+01
      vertex   1.039900e+02 7.500000e+01 2.101005e+01
      vertex   1.037000e+02 7.500000e+01 2.078756e+01
    endloop
  endfacet
  facet normal -3.826834e-01 0.000000e+00 9.238795e-01
    outer loop
      vertex   1.037000e+02 7.000000e+01 2.078756e+01
      vertex   1.037000e+02 7.500000e+01 2.078756e+01
      vertex   1.033623e+02 7.000000e+01 2.064770e+01
    endloop
  endfacet
  facet normal -3.826834e-01 0.000000e+00 9.238795e-01
    outer loop
      vertex   1.033623e+02 7.000000e+01 2.064770e+01
      vertex   1.037000e+02 7.500000e+01 2.078756e+01
      vertex   1.033623e+02 7.500000e+01 2.064770e+01
    endloop
  endfacet
  facet normal -1.305262e-01 0.000000e+00 9.914449e-01
    outer loop
      vertex   1.033623e+02 7.000000e+01 2.064770e+01
      vertex   1.033623e+02 7.500000e+01 2.064770e+01
      vertex   1.030000e+02 7.000000e+01 2.060000e+01
    endloop
  endfacet
  facet normal -1.305262e-01 0.000000e+00 9.914449e-01
    outer loop
      vertex   1.030000e+02 7.000000e+01 2.060000e+01
      vertex   1.033623e+02 7.500000e+01 2.064770e+01
      vertex   1.030000e+02 7.500000e+01 2.060000e+01
    endloop
  endfacet
  facet normal 1.305262e-01 -0.000000e+00 9.914449e-01
    outer loop
      vertex   1.030000e+02 7.000000e+01 2.060000e+01
      vertex   1.030000e+02 7.500000e+01 2.060000e+01
      vertex   1.026377e+02 7.000000e+01 2.064770e+01
    endloop
  endfacet
  facet normal 1.305262e-01 -0.000000e+00 9.914449e-01
    outer loop
      vertex   1.026377e+02 7.000000e+01 2.064770e+01
      vertex   1.030000e+02 7.500000e+01 2.060000e+01
      vertex   1.026377e+02 7.500000e+01 2.064770e+01
    endloop
  endfacet
  facet normal 3.826834e-01 -0.000000e+00 9.238795e-01
    outer loop
      vertex   1.026377e+02 7.000000e+01 2.064770e+01
      vertex   1.026377e+02 7.500000e+01 2.064770e+01
      vertex   1.023000e+02 7.000000e+01 2.078756e+01
    endloop
  endfacet
  facet normal 3.826834e-01 -0.000000e+00 9.238795e-01
    outer loop
      vertex   1.023000e+02 7.000000e+01 2.078756e+01
      vertex   1.026377e+02 7.500000e+01 2.064770e+01
      vertex   1.023000e+02 7.500000e+01 2.078756e+01
    endloop
  endfacet
  facet normal 6.087614e-01 -0.000000e+00 7.933533e-01
    outer loop
      vertex   1.023000e+02 7.000000e+01 2.078756e+01
      vertex   1.023000e+02 7.500000e+01 2.078756e+01
      vertex   1.020101e+02 7.000000e+01 2.101005e+01
    endloop
  endfacet
  facet normal 6.087614e-01 -0.000000e+00 7.933533e-01
    outer loop
      vertex   1.020101e+02 7.000000e+01 2.101005e+01
      vertex   1.023000e+02 7.500000e+01 2.078756e+01
      vertex   1.020101e+02 7.500000e+01 2.101005e+01
    endloop
  endfacet
  facet normal 7.933533e-01 -0.000000e+00 6.087614e-01
    outer loop
      vertex   1.020101e+02 7.000000e+01 2.101005e+01
      vertex   1.020101e+02 7.500000e+01 2.101005e+01
      vertex   1.017876e+02 7.000000e+01 2.130000e+01
    endloop
  endfacet
  facet normal 7.933533e-01 -0.000000e+00 6.087614e-01
    outer loop
      vertex   1.017876e+02 7.000000e+01 2.130000e+01
      vertex   1.020101e+02 7.500000e+01 2.101005e+01
      vertex   1.017876e+02 7.500000e+01 2.130000e+01
    endloop
  endfacet
  facet normal 9.238795e-01 -0.000000e+00 3.826834e-01
    outer loop
      vertex   1.017876e+02 7.000000e+01 2.130000e+01
      vertex   1.017876e+02 7.500000e+01 2.130000e+01
      vertex   1.016477e+02 7.000000e+01 2.163765e+01
    endloop
  endfacet
  facet normal 9.238795e-01 -0.000000e+00 3.826834e-01
    outer loop
      vertex   1.016477e+02 7.000000e+01 2.163765e+01
      vertex   1.017876e+02 7.500000e+01 2.130000e+01
      vertex   1.016477e+02 7.500000e+01 2.163765e+01
    endloop
  endfacet
  facet normal 9.914449e-01 -0.000000e+00 1.305262e-01
    outer loop
      vertex   1.016477e+02 7.000000e+01 2.163765e+01
      vertex   1.016477e+02 7.500000e+01 2.163765e+01
      vertex   1.016000e+02 7.000000e+01 2.200000e+01
    endloop
  endfacet
  facet normal 9.914449e-01 -0.000000e+00 1.305262e-01
    outer loop
      vertex   1.016000e+02 7.000000e+01 2.200000e+01
      vertex   1.016477e+02 7.500000e+01 2.163765e+01
      vertex   1.016000e+02 7.500000e+01 2.200000e+01
    endloop
  endfacet
  facet normal 9.914449e-01 0.000000e+00 -1.305262e-01
    outer loop
      vertex   1.016000e+02 7.000000e+01 2.200000e+01
      vertex   1.016000e+02 7.500000e+01 2.200000e+01
      vertex   1.016477e+02 7.000000e+01 2.236235e+01
    endloop
  endfacet
  facet normal 9.914449e-01 0.000000e+00 -1.305262e-01
    outer loop
      vertex   1.016477e+02 7.000000e+01 2.236235e+01
      vertex   1.016000e+02 7.500000e+01 2.200000e+01
      vertex   1.016477e+02 7.500000e+01 2.236235e+01
    endloop
  endfacet
  facet normal 9.238795e-01 0.000000e+00 -3.826834e-01
    outer loop
      vertex   1.016477e+02 7.000000e+01 2.236235e+01
      vertex   1.016477e+02 7.500000e+01 2.236235e+01
      vertex   1.017876e+02 7.000000e+01 2.270000e+01
    endloop
  endfacet
  facet normal 9.238795e-01 0.000000e+00 -3.826834e-01
    outer loop
      vertex   1.017876e+02 7.000000e+01 2.270000e+01
      vertex   1.016477e+02 7.500000e+01 2.236235e+01
      vertex   1.017876e+02 7.500000e+01 2.270000e+01
    endloop
  endfacet
  facet normal 7.933533e-01 0.000000e+00 -6.087614e-01
    outer loop
      vertex   1.017876e+02 7.000000e+01 2.270000e+01
      vertex   1.017876e+02 7.500000e+01 2.270000e+01
      vertex   1.020101e+02 7.000000e+01 2.298995e+01
    endloop
  endfacet
  facet normal 7.933533e-01 0.000000e+00 -6.087614e-01
    outer loop
      vertex   1.020101e+02 7.000000e+01 2.298995e+01
      vertex   1.017876e+02 7.500000e+01 2.270000e+01
      vertex   1.020101e+02 7.500000e+01 2.298995e+01
    endloop
  endfacet
  facet normal 6.087614e-01 0.000000e+00 -7.933533e-01
    outer loop
      vertex   1.020101e+02 7.000000e+01 2.298995e+01
      vertex   1.020101e+02 7.500000e+01 2.298995e+01
      vertex   1.023000e+02 7.000000e+01 2.321244e+01
    endloop
  endfacet
  facet normal 6.087614e-01 0.000000e+00 -7.933533e-01
    outer loop
      vertex   1.023000e+02 7.000000e+01 2.321244e+01
      vertex   1.020101e+02 7.500000e+01 2.298995e+01
      vertex   1.023000e+02 7.500000e+01 2.321244e+01
    endloop
  endfacet
  facet normal 3.826834e-01 0.000000e+00 -9.238795e-01
    outer loop
      vertex   1.023000e+02 7.000000e+01 2.321244e+01
      vertex   1.023000e+02 7.500000e+01 2.321244e+01
      vertex   1.026377e+02 7.000000e+01 2.335230e+01
    endloop
  endfacet
  facet normal 3.826834e-01 0.000000e+00 -9.238795e-01
    outer loop
      vertex   1.026377e+02 7.000000e+01 2.335230e+01
      vertex   1.023000e+02 7.500000e+01 2.321244e+01
      vertex   1.026377e+02 7.500000e+01 2.335230e+01
    endloop
  endfacet
  facet normal 1.305262e-01 0.000000e+00 -9.914449e-01
    outer loop
      vertex   1.026377e+02 7.000000e+01 2.335230e+01
      vertex   1.026377e+02 7.500000e+01 2.335230e+01
      vertex   1.030000e+02 7.000000e+01 2.340000e+01
    endloop
  endfacet
  facet normal 1.305262e-01 0.000000e+00 -9.914449e-01
    outer loop
      vertex   1.030000e+02 7.000000e+01 2.340000e+01
      vertex   1.026377e+02 7.500000e+01 2.335230e+01
      vertex   1.030000e+02 7.500000e+01 2.340000e+01
    endloop
  endfacet
  facet normal -1.305262e-01 0.000000e+00 -9.914449e-01
    outer loop
      vertex   1.030000e+02 7.000000e+01 2.340000e+01
      vertex   1.030000e+02 7.500000e+01 2.340000e+01
      vertex   1.033623e+02 7.000000e+01 2.335230e+01
    endloop
  endfacet
  facet normal -1.305262e-01 0.000000e+00 -9.914449e-01
    outer loop
      vertex   1.033623e+02 7.000000e+01 2.335230e+01
      vertex   1.030000e+02 7.500000e+01 2.340000e+01
      vertex   1.033623e+02 7.500000e+01 2.335230e+01
    endloop
  endfacet
  facet normal -3.826834e-01 0.000000e+00 -9.238795e-01
    outer loop
      vertex   1.033623e+02 7.000000e+01 2.335230e+01
      vertex   1.033623e+02 7.500000e+01 2.335230e+01
      vertex   1.037000e+02 7.000000e+01 2.321244e+01
    endloop
  endfacet
  facet normal -3.826834e-01 0.000000e+00 -9.238795e-01
    outer loop
      vertex   1.037000e+02 7.000000e+01 2.321244e+01
      vertex   1.033623e+02 7.500000e+01 2.335230e+01
      vertex   1.037000e+02 7.500000e+01 2.321244e+01
    endloop
  endfacet
  facet normal -6.087614e-01 0.000000e+00 -7.933533e-01
    outer loop
      vertex   1.037000e+02 7.000000e+01 2.321244e+01
      vertex   1.037000e+02 7.500000e+01 2.321244e+01
      vertex   1.039900e+02 7.000000e+01 2.298995e+01
    endloop
  endfacet
  facet normal -6.087614e-01 0.000000e+00 -7.933533e-01
    outer loop
      vertex   1.039900e+02 7.000000e+01 2.298995e+01
      vertex   1.037000e+02 7.500000e+01 2.321244e+01
      vertex   1.039900e+02 7.500000e+01 2.298995e+01
    endloop
  endfacet
  facet normal -7.933533e-01 0.000000e+00 -6.087614e-01
    outer loop
      vertex   1.039900e+02 7.000000e+01 2.298995e+01
      vertex   1.039900e+02 7.500000e+01 2.298995e+01
      vertex   1.042124e+02 7.000000e+01 2.270000e+01
    endloop
  endfacet
  facet normal -7.933533e-01 0.000000e+00 -6.087614e-01
    outer loop
      vertex   1.042124e+02 7.000000e+01 2.270000e+01
      vertex   1.039900e+02 7.500000e+01 2.298995e+01
      vertex   1.042124e+02 7.500000e+01 2.270000e+01
    endloop
  endfacet
  facet normal -9.238795e-01 0.000000e+00 -3.826834e-01
    outer loop
      vertex   1.042124e+02 7.000000e+01 2.270000e+01
      vertex   1.042124e+02 7.500000e+01 2.270000e+01
      vertex   1.043523e+02 7.000000e+01 2.236235e+01
    endloop
  endfacet
  facet normal -9.238795e-01 -2.719129e-16 -3.826834e-01
    outer loop
      vertex   1.043523e+02 7.000000e+01 2.236235e+01
      vertex   1.042124e+02 7.500000e+01 2.270000e+01
      vertex   1.043523e+02 7.500000e+01 2.236235e+01
    endloop
  endfacet
  facet normal 0.000000e+00 -1.000000e+00 0.000000e+00
    outer loop
      vertex   1.933523e+02 7.000000e+01 -2.163765e+01
      vertex   1.934000e+02 7.000000e+01 -2.200000e+01
      vertex   1.950000e+02 7.000000e+01 -2.500000e+01
    endloop
  endfacet
  facet normal 0.000000e+00 -1.000000e+00 0.000000e+00
    outer loop
      vertex   1.950000e+02 7.000000e+01 -2.500000e+01
      vertex   1.934000e+02 7.000000e+01 -2.200000e+01
      vertex   1.933523e+02 7.000000e+01 -2.236235e+01
    endloop
  endfacet
  facet normal 0.000000e+00 -1.000000e+00 0.000000e+00
    outer loop
      vertex   1.950000e+02 7.000000e+01 -2.500000e+01
      vertex   1.933523e+02 7.000000e+01 -2.236235e+01
      vertex   1.932124e+02 7.000000e+01 -2.270000e+01
    endloop
  endfacet
  facet normal 0.000000e+00 -1.000000e+00 -0.000000e+00
    outer loop
      vertex   1.932124e+02 7.000000e+01 -2.270000e+01
      vertex   1.929900e+02 7.000000e+01 -2.298995e+01
      vertex   1.950000e+02 7.000000e+01 -2.500000e+01
    endloop
  endfacet
  facet normal 0.000000e+00 -1.000000e+00 0.000000e+00
    outer loop
      vertex   1.950000e+02 7.000000e+01 -2.500000e+01
      vertex   1.929900e+02 7.000000e+01 -2.298995e+01
      vertex   1.927000e+02 7.000000e+01 -2.321244e+01
    endloop
  endfacet
  facet normal 0.000000e+00 -1.000000e+00 0.000000e+00
    outer loop
      vertex   1.950000e+02 7.000000e+01 -2.500000e+01
      vertex   1.927000e+02 7.000000e+01 -2.321244e+01
      vertex   1.923623e+02 7.000000e+01 -2.335230e+01
    endloop
  endfacet
  facet normal 0.000000e+00 -1.000000e+00 -0.000000e+00
    outer loop
      vertex   1.923623e+02 7.000000e+01 -2.335230e+01
      vertex   1.920000e+02 7.000000e+01 -2.340000e+01
      vertex   1.950000e+02 7.000000e+01 -2.500000e+01
    endloop
  endfacet
  facet normal 0.000000e+00 -1.000000e+00 0.000000e+00
    outer loop
      vertex   1.950000e+02 7.000000e+01 -2.500000e+01
      vertex   1.920000e+02 7.000000e+01 -2.340000e+01
      vertex   1.916377e+02 7.000000e+01 -2.335230e+01
    endloop
  endfacet
  facet normal 0.000000e+00 -1.000000e+00 0.000000e+00
    outer loop
      vertex   1.950000e+02 7.000000e+01 -2.500000e+01
      vertex   1.916377e+02 7.000000e+01 -2.335230e+01
      vertex   1.913000e+02 7.000000e+01 -2.321244e+01
    endloop
  endfacet
  facet normal 0.000000e+00 -1.000000e+00 0.000000e+00
    outer loop
      vertex   1.950000e+02 7.000000e+01 -2.500000e+01
      vertex   1.913000e+02 7.000000e+01 -2.321244e+01
      vertex   1.037000e+02 7.000000e+01 -2.321244e+01
    endloop
  endfacet
  facet normal 0.000000e+00 -1.000000e+00 0.000000e+00
    outer loop
      vertex   1.037000e+02 7.000000e+01 -2.321244e+01
      vertex   1.913000e+02 7.000000e+01 -2.321244e+01
      vertex   1.910101e+02 7.000000e+01 -2.298995e+01
    endloop
  endfacet
  facet normal 0.000000e+00 -1.000000e+00 0.000000e+00
    outer loop
      vertex   1.037000e+02 7.000000e+01 -2.321244e+01
      vertex   1.910101e+02 7.000000e+01 -2.298995e+01
      vertex   1.039900e+02 7.000000e+01 -2.298995e+01
    endloop
  endfacet
  facet normal 0.000000e+00 -1.000000e+00 0.000000e+00
    outer loop
      vertex   1.039900e+02 7.000000e+01 -2.298995e+01
      vertex   1.910101e+02 7.000000e+01 -2.298995e+01
      vertex   1.907876e+02 7.000000e+01 -2.270000e+01
    endloop
  endfacet
  facet normal 0.000000e+00 -1.000000e+00 0.000000e+00
    outer loop
      vertex   1.039900e+02 7.000000e+01 -2.298995e+01
      vertex   1.907876e+02 7.000000e+01 -2.270000e+01
      vertex   1.042124e+02 7.000000e+01 -2.270000e+01
    endloop
  endfacet
  facet normal 0.000000e+00 -1.000000e+00 0.000000e+00
    outer loop
      vertex   1.042124e+02 7.000000e+01 -2.270000e+01
      vertex   1.907876e+02 7.000000e+01 -2.270000e+01
      vertex   1.906477e+02 7.000000e+01 -2.236235e+01
    endloop
  endfacet
  facet normal 0.000000e+00 -1.000000e+00 0.000000e+00
    outer loop
      vertex   1.042124e+02 7.000000e+01 -2.270000e+01
      vertex   1.906477e+02 7.000000e+01 -2.236235e+01
      vertex   1.043523e+02 7.000000e+01 -2.236235e+01
    endloop
  endfacet
  facet normal 0.000000e+00 -1.000000e+00 0.000000e+00
    outer loop
      vertex   1.043523e+02 7.000000e+01 -2.236235e+01
      vertex   1.906477e+02 7.000000e+01 -2.236235e+01
      vertex   1.906000e+02 7.000000e+01 -2.200000e+01
    endloop
  endfacet
  facet normal 0.000000e+00 -1.000000e+00 0.000000e+00
    outer loop
      vertex   1.043523e+02 7.000000e+01 -2.236235e+01
      vertex   1.906000e+02 7.000000e+01 -2.200000e+01
      vertex   1.044000e+02 7.000000e+01 -2.200000e+01
    endloop
  endfacet
  facet normal 0.000000e+00 -1.000000e+00 0.000000e+00
    outer loop
      vertex   1.044000e+02 7.000000e+01 -2.200000e+01
      vertex   1.906000e+02 7.000000e+01 -2.200000e+01
      vertex   1.043523e+02 7.000000e+01 -2.163765e+01
    endloop
  endfacet
  facet normal 0.000000e+00 -1.000000e+00 0.000000e+00
    outer loop
      vertex   1.043523e+02 7.000000e+01 -2.163765e+01
      vertex   1.906000e+02 7.000000e+01 -2.200000e+01
      vertex   1.906477e+02 7.000000e+01 -2.163765e+01
    endloop
  endfacet
  facet normal 0.000000e+00 -1.000000e+00 0.000000e+00
    outer loop
      vertex   1.043523e+02 7.000000e+01 -2.163765e+01
      vertex   1.906477e+02 7.000000e+01 -2.163765e+01
      vertex   1.042124e+02 7.000000e+01 -2.130000e+01
    endloop
  endfacet
  facet normal 0.000000e+00 -1.000000e+00 0.000000e+00
    outer loop
      vertex   1.042124e+02 7.000000e+01 -2.130000e+01
      vertex   1.906477e+02 7.000000e+01 -2.163765e+01
      vertex   1.907876e+02 7.000000e+01 -2.130000e+01
    endloop
  endfacet
  facet normal 0.000000e+00 -1.000000e+00 0.000000e+00
    outer loop
      vertex   1.042124e+02 7.000000e+01 -2.130000e+01
      vertex   1.907876e+02 7.000000e+01 -2.130000e+01
      vertex   1.039900e+02 7.000000e+01 -2.101005e+01
    endloop
  endfacet
  facet normal 0.000000e+00 -1.000000e+00 0.000000e+00
    outer loop
      vertex   1.039900e+02 7.000000e+01 -2.101005e+01
      vertex   1.907876e+02 7.000000e+01 -2.130000e+01
      vertex   1.910101e+02 7.000000e+01 -2.101005e+01
    endloop
  endfacet
  facet normal 0.000000e+00 -1.000000e+00 0.000000e+00
    outer loop
      vertex   1.039900e+02 7.000000e+01 -2.101005e+01
      vertex   1.910101e+02 7.000000e+01 -2.101005e+01
      vertex   1.037000e+02 7.000000e+01 -2.078756e+01
    endloop
  endfacet
  facet normal 0.000000e+00 -1.000000e+00 0.000000e+00
    outer loop
      vertex   1.037000e+02 7.000000e+01 -2.078756e+01
      vertex   1.910101e+02 7.000000e+01 -2.101005e+01
      vertex   1.913000e+02 7.000000e+01 -2.078756e+01
    endloop
  endfacet
  facet normal 0.000000e+00 -1.000000e+00 0.000000e+00
    outer loop
      vertex   1.037000e+02 7.000000e+01 -2.078756e+01
      vertex   1.913000e+02 7.000000e+01 -2.078756e+01
      vertex   1.913000e+02 7.000000e+01 2.078756e+01
    endloop
  endfacet
  facet normal 0.000000e+00 -1.000000e+00 0.000000e+00
    outer loop
      vertex   1.913000e+02 7.000000e+01 2.078756e+01
      vertex   1.913000e+02 7.000000e+01 -2.078756e+01
      vertex   1.916377e+02 7.000000e+01 2.064770e+01
    endloop
  endfacet
  facet normal 0.000000e+00 -1.000000e+00 -0.000000e+00
    outer loop
      vertex   1.916377e+02 7.000000e+01 2.064770e+01
      vertex   1.913000e+02 7.000000e+01 -2.078756e+01
      vertex   1.916377e+02 7.000000e+01 -2.064770e+01
    endloop
  endfacet
  facet normal 0.000000e+00 -1.000000e+00 0.000000e+00
    outer loop
      vertex   1.916377e+02 7.000000e+01 2.064770e+01
      vertex   1.916377e+02 7.000000e+01 -2.064770e+01
      vertex   1.920000e+02 7.000000e+01 2.060000e+01
    endloop
  endfacet
  facet normal 0.000000e+00 -1.000000e+00 -0.000000e+00
    outer loop
      vertex   1.920000e+02 7.000000e+01 2.060000e+01
      vertex   1.916377e+02 7.000000e+01 -2.064770e+01
      vertex   1.920000e+02 7.000000e+01 -2.060000e+01
    endloop
  endfacet
  facet normal 0.000000e+00 -1.000000e+00 0.000000e+00
    outer loop
      vertex   1.920000e+02 7.000000e+01 2.060000e+01
      vertex   1.920000e+02 7.000000e+01 -2.060000e+01
      vertex   1.923623e+02 7.000000e+01 2.064770e+01
    endloop
  endfacet
  facet normal 0.000000e+00 -1.000000e+00 -0.000000e+00
    outer loop
      vertex   1.923623e+02 7.000000e+01 2.064770e+01
      vertex   1.920000e+02 7.000000e+01 -2.060000e+01
      vertex   1.923623e+02 7.000000e+01 -2.064770e+01
    endloop
  endfacet
  facet normal 0.000000e+00 -1.000000e+00 0.000000e+00
    outer loop
      vertex   1.923623e+02 7.000000e+01 2.064770e+01
      vertex   1.923623e+02 7.000000e+01 -2.064770e+01
      vertex   1.927000e+02 7.000000e+01 2.078756e+01
    endloop
  endfacet
  facet normal 0.000000e+00 -1.000000e+00 -0.000000e+00
    outer loop
      vertex   1.927000e+02 7.000000e+01 2.078756e+01
      vertex   1.923623e+02 7.000000e+01 -2.064770e+01
      vertex   1.927000e+02 7.000000e+01 -2.078756e+01
    endloop
  endfacet
  facet normal 0.000000e+00 -1.000000e+00 0.000000e+00
    outer loop
      vertex   1.927000e+02 7.000000e+01 2.078756e+01
      vertex   1.927000e+02 7.000000e+01 -2.078756e+01
      vertex   1.929900e+02 7.000000e+01 2.101005e+01
    endloop
  endfacet
  facet normal 0.000000e+00 -1.000000e+00 -0.000000e+00
    outer loop
      vertex   1.929900e+02 7.000000e+01 2.101005e+01
      vertex   1.927000e+02 7.000000e+01 -2.078756e+01
      vertex   1.929900e+02 7.000000e+01 -2.101005e+01
    endloop
  endfacet
  facet normal 0.000000e+00 -1.000000e+00 0.000000e+00
    outer loop
      vertex   1.929900e+02 7.000000e+01 2.101005e+01
      vertex   1.929900e+02 7.000000e+01 -2.101005e+01
      vertex   1.932124e+02 7.000000e+01 2.130000e+01
    endloop
  endfacet
  facet normal 0.000000e+00 -1.000000e+00 -0.000000e+00
    outer loop
      vertex   1.932124e+02 7.000000e+01 2.130000e+01
      vertex   1.929900e+02 7.000000e+01 -2.101005e+01
      vertex   1.932124e+02 7.000000e+01 -2.130000e+01
    endloop
  endfacet
  facet normal 0.000000e+00 -1.000000e+00 0.000000e+00
    outer loop
      vertex   1.932124e+02 7.000000e+01 2.130000e+01
      vertex   1.932124e+02 7.000000e+01 -2.130000e+01
      vertex   1.950000e+02 7.000000e+01 2.500000e+01
    endloop
  endfacet
  facet normal 0.000000e+00 -1.000000e+00 -0.000000e+00
    outer loop
      vertex   1.950000e+02 7.000000e+01 2.500000e+01
      vertex   1.932124e+02 7.000000e+01 -2.130000e+01
      vertex   1.950000e+02 7.000000e+01 -2.500000e+01
    endloop
  endfacet
  facet normal 0.000000e+00 -1.000000e+00 0.000000e+00
    outer loop
      vertex   1.950000e+02 7.000000e+01 -2.500000e+01
      vertex   1.932124e+02 7.000000e+01 -2.130000e+01
      vertex   1.933523e+02 7.000000e+01 -2.163765e+01
    endloop
  endfacet
  facet normal 0.000000e+00 -1.000000e+00 0.000000e+00
    outer loop
      vertex   1.950000e+02 7.000000e+01 -2.500000e+01
      vertex   1.037000e+02 7.000000e+01 -2.321244e+01
      vertex   1.000000e+02 7.000000e+01 -2.500000e+01
    endloop
  endfacet
  facet normal 0.000000e+00 -1.000000e+00 0.000000e+00
    outer loop
      vertex   1.000000e+02 7.000000e+01 -2.500000e+01
      vertex   1.037000e+02 7.000000e+01 -2.321244e+01
      vertex   1.033623e+02 7.000000e+01 -2.335230e+01
    endloop
  endfacet
  facet normal 0.000000e+00 -1.000000e+00 0.000000e+00
    outer loop
      vertex   1.000000e+02 7.000000e+01 -2.500000e+01
      vertex   1.033623e+02 7.000000e+01 -2.335230e+01
      vertex   1.030000e+02 7.000000e+01 -2.340000e+01
    endloop
  endfacet
  facet normal -0.000000e+00 -1.000000e+00 0.000000e+00
    outer loop
      vertex   1.030000e+02 7.000000e+01 -2.340000e+01
      vertex   1.026377e+02 7.000000e+01 -2.335230e+01
      vertex   1.000000e+02 7.000000e+01 -2.500000e+01
    endloop
  endfacet
  facet normal 0.000000e+00 -1.000000e+00 0.000000e+00
    outer loop
      vertex   1.000000e+02 7.000000e+01 -2.500000e+01
      vertex   1.026377e+02 7.000000e+01 -2.335230e+01
      vertex   1.023000e+02 7.000000e+01 -2.321244e+01
    endloop
  endfacet
  facet normal 0.000000e+00 -1.000000e+00 0.000000e+00
    outer loop
      vertex   1.000000e+02 7.000000e+01 -2.500000e+01
      vertex   1.023000e+02 7.000000e+01 -2.321244e+01
      vertex   1.020101e+02 7.000000e+01 -2.298995e+01
    endloop
  endfacet
  facet normal -0.000000e+00 -1.000000e+00 0.000000e+00
    outer loop
      vertex   1.020101e+02 7.000000e+01 -2.298995e+01
      vertex   1.017876e+02 7.000000e+01 -2.270000e+01
      vertex   1.000000e+02 7.000000e+01 -2.500000e+01
    endloop
  endfacet
  facet normal 0.000000e+00 -1.000000e+00 0.000000e+00
    outer loop
      vertex   1.000000e+02 7.000000e+01 -2.500000e+01
      vertex   1.017876e+02 7.000000e+01 -2.270000e+01
      vertex   1.016477e+02 7.000000e+01 -2.236235e+01
    endloop
  endfacet
  facet normal 0.000000e+00 -1.000000e+00 0.000000e+00
    outer loop
      vertex   1.000000e+02 7.000000e+01 -2.500000e+01
      vertex   1.016477e+02 7.000000e+01 -2.236235e+01
      vertex   1.016000e+02 7.000000e+01 -2.200000e+01
    endloop
  endfacet
  facet normal -0.000000e+00 -1.000000e+00 0.000000e+00
    outer loop
      vertex   1.016000e+02 7.000000e+01 -2.200000e+01
      vertex   1.016477e+02 7.000000e+01 -2.163765e+01
      vertex   1.000000e+02 7.000000e+01 -2.500000e+01
    endloop
  endfacet
  facet normal 0.000000e+00 -1.000000e+00 0.000000e+00
    outer loop
      vertex   1.000000e+02 7.000000e+01 -2.500000e+01
      vertex   1.016477e+02 7.000000e+01 -2.163765e+01
      vertex   1.017876e+02 7.000000e+01 -2.130000e+01
    endloop
  endfacet
  facet normal 0.000000e+00 -1.000000e+00 0.000000e+00
    outer loop
      vertex   1.000000e+02 7.000000e+01 -2.500000e+01
      vertex   1.017876e+02 7.000000e+01 -2.130000e+01
      vertex   1.017876e+02 7.000000e+01 2.130000e+01
    endloop
  endfacet
  facet normal 0.000000e+00 -1.000000e+00 0.000000e+00
    outer loop
      vertex   1.017876e+02 7.000000e+01 2.130000e+01
      vertex   1.017876e+02 7.000000e+01 -2.130000e+01
      vertex   1.020101e+02 7.000000e+01 2.101005e+01
    endloop
  endfacet
  facet normal 0.000000e+00 -1.000000e+00 -0.000000e+00
    outer loop
      vertex   1.020101e+02 7.000000e+01 2.101005e+01
      vertex   1.017876e+02 7.000000e+01 -2.130000e+01
      vertex   1.020101e+02 7.000000e+01 -2.101005e+01
    endloop
  endfacet
  facet normal 0.000000e+00 -1.000000e+00 0.000000e+00
    outer loop
      vertex   1.020101e+02 7.000000e+01 2.101005e+01
      vertex   1.020101e+02 7.000000e+01 -2.101005e+01
      vertex   1.023000e+02 7.000000e+01 2.078756e+01
    endloop
  endfacet
  facet normal 0.000000e+00 -1.000000e+00 -0.000000e+00
    outer loop
      vertex   1.023000e+02 7.000000e+01 2.078756e+01
      vertex   1.020101e+02 7.000000e+01 -2.101005e+01
      vertex   1.023000e+02 7.000000e+01 -2.078756e+01
    endloop
  endfacet
  facet normal 0.000000e+00 -1.000000e+00 0.000000e+00
    outer loop
      vertex   1.023000e+02 7.000000e+01 2.078756e+01
      vertex   1.023000e+02 7.000000e+01 -2.078756e+01
      vertex   1.026377e+02 7.000000e+01 2.064770e+01
    endloop
  endfacet
  facet normal 0.000000e+00 -1.000000e+00 -0.000000e+00
    outer loop
      vertex   1.026377e+02 7.000000e+01 2.064770e+01
      vertex   1.023000e+02 7.000000e+01 -2.078756e+01
      vertex   1.026377e+02 7.000000e+01 -2.064770e+01
    endloop
  endfacet
  facet normal 0.000000e+00 -1.000000e+00 0.000000e+00
    outer loop
      vertex   1.026377e+02 7.000000e+01 2.064770e+01
      vertex   1.026377e+02 7.000000e+01 -2.064770e+01
      vertex   1.030000e+02 7.000000e+01 2.060000e+01
    endloop
  endfacet
  facet normal 0.000000e+00 -1.000000e+00 -0.000000e+00
    outer loop
      vertex   1.030000e+02 7.000000e+01 2.060000e+01
      vertex   1.026377e+02 7.000000e+01 -2.064770e+01
      vertex   1.030000e+02 7.000000e+01 -2.060000e+01
    endloop
  endfacet
  facet normal 0.000000e+00 -1.000000e+00 0.000000e+00
    outer loop
      vertex   1.030000e+02 7.000000e+01 2.060000e+01
      vertex   1.030000e+02 7.000000e+01 -2.060000e+01
      vertex   1.033623e+02 7.000000e+01 2.064770e+01
    endloop
  endfacet
  facet normal 0.000000e+00 -1.000000e+00 -0.000000e+00
    outer loop
      vertex   1.033623e+02 7.000000e+01 2.064770e+01
      vertex   1.030000e+02 7.000000e+01 -2.060000e+01
      vertex   1.033623e+02 7.000000e+01 -2.064770e+01
    endloop
  endfacet
  facet normal 0.000000e+00 -1.000000e+00 0.000000e+00
    outer loop
      vertex   1.033623e+02 7.000000e+01 2.064770e+01
      vertex   1.033623e+02 7.000000e+01 -2.064770e+01
      vertex   1.037000e+02 7.000000e+01 2.078756e+01
    endloop
  endfacet
  facet normal 0.000000e+00 -1.000000e+00 -0.000000e+00
    outer loop
      vertex   1.037000e+02 7.000000e+01 2.078756e+01
      vertex   1.033623e+02 7.000000e+01 -2.064770e+01
      vertex   1.037000e+02 7.000000e+01 -2.078756e+01
    endloop
  endfacet
  facet normal 0.000000e+00 -1.000000e+00 0.000000e+00
    outer loop
      vertex   1.037000e+02 7.000000e+01 2.078756e+01
      vertex   1.037000e+02 7.000000e+01 -2.078756e+01
      vertex   1.913000e+02 7.000000e+01 2.078756e+01
    endloop
  endfacet
  facet normal 0.000000e+00 -1.000000e+00 0.000000e+00
    outer loop
      vertex   1.933523e+02 7.000000e+01 2.236235e+01
      vertex   1.934000e+02 7.000000e+01 2.200000e+01
      vertex   1.950000e+02 7.000000e+01 2.500000e+01
    endloop
  endfacet
  facet normal 0.000000e+00 -1.000000e+00 0.000000e+00
    outer loop
      vertex   1.950000e+02 7.000000e+01 2.500000e+01
      vertex   1.934000e+02 7.000000e+01 2.200000e+01
      vertex   1.933523e+02 7.000000e+01 2.163765e+01
    endloop
  endfacet
  facet normal 0.000000e+00 -1.000000e+00 0.000000e+00
    outer loop
      vertex   1.950000e+02 7.000000e+01 2.500000e+01
      vertex   1.933523e+02 7.000000e+01 2.163765e+01
      vertex   1.932124e+02 7.000000e+01 2.130000e+01
    endloop
  endfacet
  facet normal 0.000000e+00 -1.000000e+00 0.000000e+00
    outer loop
      vertex   1.913000e+02 7.000000e+01 2.078756e+01
      vertex   1.910101e+02 7.000000e+01 2.101005e+01
      vertex   1.037000e+02 7.000000e+01 2.078756e+01
    endloop
  endfacet
  facet normal 0.000000e+00 -1.000000e+00 0.000000e+00
    outer loop
      vertex   1.037000e+02 7.000000e+01 2.078756e+01
      vertex   1.910101e+02 7.000000e+01 2.101005e+01
      vertex   1.039900e+02 7.000000e+01 2.101005e+01
    endloop
  endfacet
  facet normal 0.000000e+00 -1.000000e+00 0.000000e+00
    outer loop
      vertex   1.039900e+02 7.000000e+01 2.101005e+01
      vertex   1.910101e+02 7.000000e+01 2.101005e+01
      vertex   1.907876e+02 7.000000e+01 2.130000e+01
    endloop
  endfacet
  facet normal 0.000000e+00 -1.000000e+00 0.000000e+00
    outer loop
      vertex   1.039900e+02 7.000000e+01 2.101005e+01
      vertex   1.907876e+02 7.000000e+01 2.130000e+01
      vertex   1.042124e+02 7.000000e+01 2.130000e+01
    endloop
  endfacet
  facet normal 0.000000e+00 -1.000000e+00 0.000000e+00
    outer loop
      vertex   1.042124e+02 7.000000e+01 2.130000e+01
      vertex   1.907876e+02 7.000000e+01 2.130000e+01
      vertex   1.906477e+02 7.000000e+01 2.163765e+01
    endloop
  endfacet
  facet normal 0.000000e+00 -1.000000e+00 0.000000e+00
    outer loop
      vertex   1.042124e+02 7.000000e+01 2.130000e+01
      vertex   1.906477e+02 7.000000e+01 2.163765e+01
      vertex   1.043523e+02 7.000000e+01 2.163765e+01
    endloop
  endfacet
  facet normal 0.000000e+00 -1.000000e+00 0.000000e+00
    outer loop
      vertex   1.043523e+02 7.000000e+01 2.163765e+01
      vertex   1.906477e+02 7.000000e+01 2.163765e+01
      vertex   1.906000e+02 7.000000e+01 2.200000e+01
    endloop
  endfacet
  facet normal 0.000000e+00 -1.000000e+00 0.000000e+00
    outer loop
      vertex   1.043523e+02 7.000000e+01 2.163765e+01
      vertex   1.906000e+02 7.000000e+01 2.200000e+01
      vertex   1.044000e+02 7.000000e+01 2.200000e+01
    endloop
  endfacet
  facet normal 0.000000e+00 -1.000000e+00 0.000000e+00
    outer loop
      vertex   1.044000e+02 7.000000e+01 2.200000e+01
      vertex   1.906000e+02 7.000000e+01 2.200000e+01
      vertex   1.043523e+02 7.000000e+01 2.236235e+01
    endloop
  endfacet
  facet normal 0.000000e+00 -1.000000e+00 0.000000e+00
    outer loop
      vertex   1.043523e+02 7.000000e+01 2.236235e+01
      vertex   1.906000e+02 7.000000e+01 2.200000e+01
      vertex   1.906477e+02 7.000000e+01 2.236235e+01
    endloop
  endfacet
  facet normal 0.000000e+00 -1.000000e+00 0.000000e+00
    outer loop
      vertex   1.043523e+02 7.000000e+01 2.236235e+01
      vertex   1.906477e+02 7.000000e+01 2.236235e+01
      vertex   1.042124e+02 7.000000e+01 2.270000e+01
    endloop
  endfacet
  facet normal 0.000000e+00 -1.000000e+00 0.000000e+00
    outer loop
      vertex   1.042124e+02 7.000000e+01 2.270000e+01
      vertex   1.906477e+02 7.000000e+01 2.236235e+01
      vertex   1.907876e+02 7.000000e+01 2.270000e+01
    endloop
  endfacet
  facet normal 0.000000e+00 -1.000000e+00 0.000000e+00
    outer loop
      vertex   1.042124e+02 7.000000e+01 2.270000e+01
      vertex   1.907876e+02 7.000000e+01 2.270000e+01
      vertex   1.039900e+02 7.000000e+01 2.298995e+01
    endloop
  endfacet
  facet normal 0.000000e+00 -1.000000e+00 0.000000e+00
    outer loop
      vertex   1.039900e+02 7.000000e+01 2.298995e+01
      vertex   1.907876e+02 7.000000e+01 2.270000e+01
      vertex   1.910101e+02 7.000000e+01 2.298995e+01
    endloop
  endfacet
  facet normal 0.000000e+00 -1.000000e+00 0.000000e+00
    outer loop
      vertex   1.039900e+02 7.000000e+01 2.298995e+01
      vertex   1.910101e+02 7.000000e+01 2.298995e+01
      vertex   1.037000e+02 7.000000e+01 2.321244e+01
    endloop
  endfacet
  facet normal 0.000000e+00 -1.000000e+00 0.000000e+00
    outer loop
      vertex   1.037000e+02 7.000000e+01 2.321244e+01
      vertex   1.910101e+02 7.000000e+01 2.298995e+01
      vertex   1.913000e+02 7.000000e+01 2.321244e+01
    endloop
  endfacet
  facet normal 0.000000e+00 -1.000000e+00 0.000000e+00
    outer loop
      vertex   1.037000e+02 7.000000e+01 2.321244e+01
      vertex   1.913000e+02 7.000000e+01 2.321244e+01
      vertex   1.950000e+02 7.000000e+01 2.500000e+01
    endloop
  endfacet
  facet normal 0.000000e+00 -1.000000e+00 0.000000e+00
    outer loop
      vertex   1.950000e+02 7.000000e+01 2.500000e+01
      vertex   1.913000e+02 7.000000e+01 2.321244e+01
      vertex   1.916377e+02 7.000000e+01 2.335230e+01
    endloop
  endfacet
  facet normal 0.000000e+00 -1.000000e+00 0.000000e+00
    outer loop
      vertex   1.950000e+02 7.000000e+01 2.500000e+01
      vertex   1.916377e+02 7.000000e+01 2.335230e+01
      vertex   1.920000e+02 7.000000e+01 2.340000e+01
    endloop
  endfacet
  facet normal 0.000000e+00 -1.000000e+00 0.000000e+00
    outer loop
      vertex   1.920000e+02 7.000000e+01 2.340000e+01
      vertex   1.923623e+02 7.000000e+01 2.335230e+01
      vertex   1.950000e+02 7.000000e+01 2.500000e+01
    endloop
  endfacet
  facet normal 0.000000e+00 -1.000000e+00 0.000000e+00
    outer loop
      vertex   1.950000e+02 7.000000e+01 2.500000e+01
      vertex   1.923623e+02 7.000000e+01 2.335230e+01
      vertex   1.927000e+02 7.000000e+01 2.321244e+01
    endloop
  endfacet
  facet normal 0.000000e+00 -1.000000e+00 0.000000e+00
    outer loop
      vertex   1.950000e+02 7.000000e+01 2.500000e+01
      vertex   1.927000e+02 7.000000e+01 2.321244e+01
      vertex   1.929900e+02 7.000000e+01 2.298995e+01
    endloop
  endfacet
  facet normal 0.000000e+00 -1.000000e+00 0.000000e+00
    outer loop
      vertex   1.929900e+02 7.000000e+01 2.298995e+01
      vertex   1.932124e+02 7.000000e+01 2.270000e+01
      vertex   1.950000e+02 7.000000e+01 2.500000e+01
    endloop
  endfacet
  facet normal 0.000000e+00 -1.000000e+00 0.000000e+00
    outer loop
      vertex   1.950000e+02 7.000000e+01 2.500000e+01
      vertex   1.932124e+02 7.000000e+01 2.270000e+01
      vertex   1.933523e+02 7.000000e+01 2.236235e+01
    endloop
  endfacet
  facet normal 0.000000e+00 -1.000000e+00 0.000000e+00
    outer loop
      vertex   1.000000e+02 7.000000e+01 -2.500000e+01
      vertex   1.017876e+02 7.000000e+01 2.130000e+01
      vertex   1.000000e+02 7.000000e+01 2.500000e+01
    endloop
  endfacet
  facet normal 0.000000e+00 -1.000000e+00 0.000000e+00
    outer loop
      vertex   1.000000e+02 7.000000e+01 2.500000e+01
      vertex   1.017876e+02 7.000000e+01 2.130000e+01
      vertex   1.016477e+02 7.000000e+01 2.163765e+01
    endloop
  endfacet
  facet normal 0.000000e+00 -1.000000e+00 0.000000e+00
    outer loop
      vertex   1.000000e+02 7.000000e+01 2.500000e+01
      vertex   1.016477e+02 7.000000e+01 2.163765e+01
      vertex   1.016000e+02 7.000000e+01 2.200000e+01
    endloop
  endfacet
  facet normal 0.000000e+00 -1.000000e+00 0.000000e+00
    outer loop
      vertex   1.016000e+02 7.000000e+01 2.200000e+01
      vertex   1.016477e+02 7.000000e+01 2.236235e+01
      vertex   1.000000e+02 7.000000e+01 2.500000e+01
    endloop
  endfacet
  facet normal 0.000000e+00 -1.000000e+00 0.000000e+00
    outer loop
      vertex   1.000000e+02 7.000000e+01 2.500000e+01
      vertex   1.016477e+02 7.000000e+01 2.236235e+01
      vertex   1.017876e+02 7.000000e+01 2.270000e+01
    endloop
  endfacet
  facet normal 0.000000e+00 -1.000000e+00 0.000000e+00
    outer loop
      vertex   1.000000e+02 7.000000e+01 2.500000e+01
      vertex   1.017876e+02 7.000000e+01 2.270000e+01
      vertex   1.020101e+02 7.000000e+01 2.298995e+01
    endloop
  endfacet
  facet normal 0.000000e+00 -1.000000e+00 0.000000e+00
    outer loop
      vertex   1.020101e+02 7.000000e+01 2.298995e+01
      vertex   1.023000e+02 7.000000e+01 2.321244e+01
      vertex   1.000000e+02 7.000000e+01 2.500000e+01
    endloop
  endfacet
  facet normal 0.000000e+00 -1.000000e+00 0.000000e+00
    outer loop
      vertex   1.000000e+02 7.000000e+01 2.500000e+01
      vertex   1.023000e+02 7.000000e+01 2.321244e+01
      vertex   1.026377e+02 7.000000e+01 2.335230e+01
    endloop
  endfacet
  facet normal 0.000000e+00 -1.000000e+00 0.000000e+00
    outer loop
      vertex   1.000000e+02 7.000000e+01 2.500000e+01
      vertex   1.026377e+02 7.000000e+01 2.335230e+01
      vertex   1.030000e+02 7.000000e+01 2.340000e+01
    endloop
  endfacet
  facet normal 0.000000e+00 -1.000000e+00 0.000000e+00
    outer loop
      vertex   1.030000e+02 7.000000e+01 2.340000e+01
      vertex   1.033623e+02 7.000000e+01 2.335230e+01
      vertex   1.000000e+02 7.000000e+01 2.500000e+01
    endloop
  endfacet
  facet normal 0.000000e+00 -1.000000e+00 0.000000e+00
    outer loop
      vertex   1.000000e+02 7.000000e+01 2.500000e+01
      vertex   1.033623e+02 7.000000e+01 2.335230e+01
      vertex   1.037000e+02 7.000000e+01 2.321244e+01
    endloop
  endfacet
  facet normal 0.000000e+00 -1.000000e+00 0.000000e+00
    outer loop
      vertex   1.000000e+02 7.000000e+01 2.500000e+01
      vertex   1.037000e+02 7.000000e+01 2.321244e+01
      vertex   1.950000e+02 7.000000e+01 2.500000e+01
    endloop
  endfacet
  facet normal 0.000000e+00 0.000000e+00 1.000000e+00
    outer loop
      vertex   1.000000e+02 7.000000e+01 2.500000e+01
      vertex   1.950000e+02 7.000000e+01 2.500000e+01
      vertex   1.000000e+02 7.500000e+01 2.500000e+01
    endloop
  endfacet
  facet normal -0.000000e+00 0.000000e+00 1.000000e+00
    outer loop
      vertex   1.000000e+02 7.500000e+01 2.500000e+01
      vertex   1.950000e+02 7.000000e+01 2.500000e+01
      vertex   1.950000e+02 7.500000e+01 2.500000e+01
    endloop
  endfacet
  facet normal 1.000000e+00 -0.000000e+00 0.000000e+00
    outer loop
      vertex   1.950000e+02 7.000000e+01 2.500000e+01
      vertex   1.950000e+02 7.000000e+01 -2.500000e+01
      vertex   1.950000e+02 7.500000e+01 2.500000e+01
    endloop
  endfacet
  facet normal 1.000000e+00 0.000000e+00 0.000000e+00
    outer loop
      vertex   1.950000e+02 7.500000e+01 2.500000e+01
      vertex   1.950000e+02 7.000000e+01 -2.500000e+01
      vertex   1.950000e+02 7.500000e+01 -2.500000e+01
    endloop
  endfacet
  facet normal 0.000000e+00 0.000000e+00 -1.000000e+00
    outer loop
      vertex   1.950000e+02 7.000000e+01 -2.500000e+01
      vertex   1.000000e+02 7.000000e+01 -2.500000e+01
      vertex   1.950000e+02 7.500000e+01 -2.500000e+01
    endloop
  endfacet
  facet normal -0.000000e+00 0.000000e+00 -1.000000e+00
    outer loop
      vertex   1.950000e+02 7.500000e+01 -2.500000e+01
      vertex   1.000000e+02 7.000000e+01 -2.500000e+01
      vertex   1.000000e+02 7.500000e+01 -2.500000e+01
    endloop
  endfacet
  facet normal -1.000000e+00 0.000000e+00 2.842171e-15
    outer loop
      vertex   1.000000e+02 7.500000e+01 -2.500000e+01
      vertex   1.000000e+02 7.000000e+01 -2.500000e+01
      vertex   1.000000e+02 7.500000e+01 -2.000000e+01
    endloop
  endfacet
  facet normal -1.000000e+00 2.842171e-15 0.000000e+00
    outer loop
      vertex   1.000000e+02 7.500000e+01 -2.000000e+01
      vertex   1.000000e+02 7.000000e+01 -2.500000e+01
      vertex   1.000000e+02 7.000000e+01 2.500000e+01
    endloop
  endfacet
  facet normal -1.000000e+00 2.842171e-15 0.000000e+00
    outer loop
      vertex   1.000000e+02 7.500000e+01 -2.000000e+01
      vertex   1.000000e+02 7.000000e+01 2.500000e+01
      vertex   1.000000e+02 7.500000e+01 2.000000e+01
    endloop
  endfacet
  facet normal -1.000000e+00 0.000000e+00 -2.842171e-15
    outer loop
      vertex   1.000000e+02 7.500000e+01 2.000000e+01
      vertex   1.000000e+02 7.000000e+01 2.500000e+01
      vertex   1.000000e+02 7.500000e+01 2.500000e+01
    endloop
  endfacet
  facet normal -1.000000e+00 -0.000000e+00 -0.000000e+00
    outer loop
      vertex   1.000000e+02 1.050000e+02 2.000000e+01
      vertex   1.000000e+02 1.050000e+02 -2.000000e+01
      vertex   1.000000e+02 7.500000e+01 2.000000e+01
    endloop
  endfacet
  facet normal -1.000000e+00 0.000000e+00 0.000000e+00
    outer loop
      vertex   1.000000e+02 7.500000e+01 2.000000e+01
      vertex   1.000000e+02 1.050000e+02 -2.000000e+01
      vertex   1.000000e+02 7.500000e+01 -2.000000e+01
    endloop
  endfacet
  facet normal -0.000000e+00 1.000000e+00 0.000000e+00
    outer loop
      vertex   1.933523e+02 7.500000e+01 -2.236235e+01
      vertex   1.934000e+02 7.500000e+01 -2.200000e+01
      vertex   1.950000e+02 7.500000e+01 -2.500000e+01
    endloop
  endfacet
  facet normal 0.000000e+00 1.000000e+00 0.000000e+00
    outer loop
      vertex   1.950000e+02 7.500000e+01 -2.500000e+01
      vertex   1.934000e+02 7.500000e+01 -2.200000e+01
      vertex   1.933523e+02 7.500000e+01 -2.163765e+01
    endloop
  endfacet
  facet normal 0.000000e+00 1.000000e+00 0.000000e+00
    outer loop
      vertex   1.950000e+02 7.500000e+01 -2.500000e+01
      vertex   1.933523e+02 7.500000e+01 -2.163765e+01
      vertex   1.932124e+02 7.500000e+01 -2.130000e+01
    endloop
  endfacet
  facet normal -0.000000e+00 1.000000e+00 0.000000e+00
    outer loop
      vertex   1.929900e+02 7.500000e+01 -2.101005e+01
      vertex   1.929900e+02 7.500000e+01 2.101005e+01
      vertex   1.932124e+02 7.500000e+01 -2.130000e+01
    endloop
  endfacet
  facet normal 0.000000e+00 1.000000e+00 -0.000000e+00
    outer loop
      vertex   1.932124e+02 7.500000e+01 -2.130000e+01
      vertex   1.929900e+02 7.500000e+01 2.101005e+01
      vertex   1.932124e+02 7.500000e+01 2.130000e+01
    endloop
  endfacet
  facet normal -0.000000e+00 1.000000e+00 0.000000e+00
    outer loop
      vertex   1.932124e+02 7.500000e+01 -2.130000e+01
      vertex   1.932124e+02 7.500000e+01 2.130000e+01
      vertex   1.950000e+02 7.500000e+01 -2.500000e+01
    endloop
  endfacet
  facet normal 0.000000e+00 1.000000e+00 -0.000000e+00
    outer loop
      vertex   1.950000e+02 7.500000e+01 -2.500000e+01
      vertex   1.932124e+02 7.500000e+01 2.130000e+01
      vertex   1.950000e+02 7.500000e+01 2.500000e+01
    endloop
  endfacet
  facet normal 0.000000e+00 1.000000e+00 0.000000e+00
    outer loop
      vertex   1.950000e+02 7.500000e+01 2.500000e+01
      vertex   1.932124e+02 7.500000e+01 2.130000e+01
      vertex   1.933523e+02 7.500000e+01 2.163765e+01
    endloop
  endfacet
  facet normal 0.000000e+00 1.000000e+00 0.000000e+00
    outer loop
      vertex   1.950000e+02 7.500000e+01 2.500000e+01
      vertex   1.933523e+02 7.500000e+01 2.163765e+01
      vertex   1.934000e+02 7.500000e+01 2.200000e+01
    endloop
  endfacet
  facet normal 0.000000e+00 1.000000e+00 0.000000e+00
    outer loop
      vertex   1.929900e+02 7.500000e+01 2.101005e+01
      vertex   1.929900e+02 7.500000e+01 -2.101005e+01
      vertex   1.927000e+02 7.500000e+01 2.078756e+01
    endloop
  endfacet
  facet normal 0.000000e+00 1.000000e+00 0.000000e+00
    outer loop
      vertex   1.927000e+02 7.500000e+01 2.078756e+01
      vertex   1.929900e+02 7.500000e+01 -2.101005e+01
      vertex   1.927000e+02 7.500000e+01 -2.078756e+01
    endloop
  endfacet
  facet normal 0.000000e+00 1.000000e+00 0.000000e+00
    outer loop
      vertex   1.927000e+02 7.500000e+01 2.078756e+01
      vertex   1.927000e+02 7.500000e+01 -2.078756e+01
      vertex   1.923623e+02 7.500000e+01 2.064770e+01
    endloop
  endfacet
  facet normal 0.000000e+00 1.000000e+00 0.000000e+00
    outer loop
      vertex   1.923623e+02 7.500000e+01 2.064770e+01
      vertex   1.927000e+02 7.500000e+01 -2.078756e+01
      vertex   1.923623e+02 7.500000e+01 -2.064770e+01
    endloop
  endfacet
  facet normal 0.000000e+00 1.000000e+00 0.000000e+00
    outer loop
      vertex   1.923623e+02 7.500000e+01 2.064770e+01
      vertex   1.923623e+02 7.500000e+01 -2.064770e+01
      vertex   1.920000e+02 7.500000e+01 2.060000e+01
    endloop
  endfacet
  facet normal 0.000000e+00 1.000000e+00 0.000000e+00
    outer loop
      vertex   1.920000e+02 7.500000e+01 2.060000e+01
      vertex   1.923623e+02 7.500000e+01 -2.064770e+01
      vertex   1.920000e+02 7.500000e+01 -2.060000e+01
    endloop
  endfacet
  facet normal 0.000000e+00 1.000000e+00 0.000000e+00
    outer loop
      vertex   1.920000e+02 7.500000e+01 2.060000e+01
      vertex   1.920000e+02 7.500000e+01 -2.060000e+01
      vertex   1.800000e+02 7.500000e+01 2.000000e+01
    endloop
  endfacet
  facet normal 0.000000e+00 1.000000e+00 0.000000e+00
    outer loop
      vertex   1.800000e+02 7.500000e+01 2.000000e+01
      vertex   1.920000e+02 7.500000e+01 -2.060000e+01
      vertex   1.800000e+02 7.500000e+01 -2.000000e+01
    endloop
  endfacet
  facet normal 0.000000e+00 1.000000e+00 0.000000e+00
    outer loop
      vertex   1.800000e+02 7.500000e+01 -2.000000e+01
      vertex   1.920000e+02 7.500000e+01 -2.060000e+01
      vertex   1.916377e+02 7.500000e+01 -2.064770e+01
    endloop
  endfacet
  facet normal 0.000000e+00 1.000000e+00 0.000000e+00
    outer loop
      vertex   1.800000e+02 7.500000e+01 -2.000000e+01
      vertex   1.916377e+02 7.500000e+01 -2.064770e+01
      vertex   1.913000e+02 7.500000e+01 -2.078756e+01
    endloop
  endfacet
  facet normal 0.000000e+00 1.000000e+00 0.000000e+00
    outer loop
      vertex   1.913000e+02 7.500000e+01 -2.078756e+01
      vertex   1.910101e+02 7.500000e+01 -2.101005e+01
      vertex   1.800000e+02 7.500000e+01 -2.000000e+01
    endloop
  endfacet
  facet normal 0.000000e+00 1.000000e+00 0.000000e+00
    outer loop
      vertex   1.800000e+02 7.500000e+01 -2.000000e+01
      vertex   1.910101e+02 7.500000e+01 -2.101005e+01
      vertex   1.907876e+02 7.500000e+01 -2.130000e+01
    endloop
  endfacet
  facet normal 0.000000e+00 1.000000e+00 0.000000e+00
    outer loop
      vertex   1.800000e+02 7.500000e+01 -2.000000e+01
      vertex   1.907876e+02 7.500000e+01 -2.130000e+01
      vertex   1.906477e+02 7.500000e+01 -2.163765e+01
    endloop
  endfacet
  facet normal 0.000000e+00 1.000000e+00 0.000000e+00
    outer loop
      vertex   1.906477e+02 7.500000e+01 -2.163765e+01
      vertex   1.906000e+02 7.500000e+01 -2.200000e+01
      vertex   1.800000e+02 7.500000e+01 -2.000000e+01
    endloop
  endfacet
  facet normal 0.000000e+00 1.000000e+00 0.000000e+00
    outer loop
      vertex   1.800000e+02 7.500000e+01 -2.000000e+01
      vertex   1.906000e+02 7.500000e+01 -2.200000e+01
      vertex   1.906477e+02 7.500000e+01 -2.236235e+01
    endloop
  endfacet
  facet normal 0.000000e+00 1.000000e+00 0.000000e+00
    outer loop
      vertex   1.800000e+02 7.500000e+01 -2.000000e+01
      vertex   1.906477e+02 7.500000e+01 -2.236235e+01
      vertex   1.907876e+02 7.500000e+01 -2.270000e+01
    endloop
  endfacet
  facet normal 0.000000e+00 1.000000e+00 0.000000e+00
    outer loop
      vertex   1.907876e+02 7.500000e+01 -2.270000e+01
      vertex   1.910101e+02 7.500000e+01 -2.298995e+01
      vertex   1.800000e+02 7.500000e+01 -2.000000e+01
    endloop
  endfacet
  facet normal 0.000000e+00 1.000000e+00 0.000000e+00
    outer loop
      vertex   1.800000e+02 7.500000e+01 -2.000000e+01
      vertex   1.910101e+02 7.500000e+01 -2.298995e+01
      vertex   1.913000e+02 7.500000e+01 -2.321244e+01
    endloop
  endfacet
  facet normal 0.000000e+00 1.000000e+00 0.000000e+00
    outer loop
      vertex   1.800000e+02 7.500000e+01 -2.000000e+01
      vertex   1.913000e+02 7.500000e+01 -2.321244e+01
      vertex   1.950000e+02 7.500000e+01 -2.500000e+01
    endloop
  endfacet
  facet normal 0.000000e+00 1.000000e+00 0.000000e+00
    outer loop
      vertex   1.950000e+02 7.500000e+01 -2.500000e+01
      vertex   1.913000e+02 7.500000e+01 -2.321244e+01
      vertex   1.916377e+02 7.500000e+01 -2.335230e+01
    endloop
  endfacet
  facet normal 0.000000e+00 1.000000e+00 0.000000e+00
    outer loop
      vertex   1.950000e+02 7.500000e+01 -2.500000e+01
      vertex   1.916377e+02 7.500000e+01 -2.335230e+01
      vertex   1.920000e+02 7.500000e+01 -2.340000e+01
    endloop
  endfacet
  facet normal -0.000000e+00 1.000000e+00 0.000000e+00
    outer loop
      vertex   1.920000e+02 7.500000e+01 -2.340000e+01
      vertex   1.923623e+02 7.500000e+01 -2.335230e+01
      vertex   1.950000e+02 7.500000e+01 -2.500000e+01
    endloop
  endfacet
  facet normal 0.000000e+00 1.000000e+00 0.000000e+00
    outer loop
      vertex   1.950000e+02 7.500000e+01 -2.500000e+01
      vertex   1.923623e+02 7.500000e+01 -2.335230e+01
      vertex   1.927000e+02 7.500000e+01 -2.321244e+01
    endloop
  endfacet
  facet normal 0.000000e+00 1.000000e+00 0.000000e+00
    outer loop
      vertex   1.950000e+02 7.500000e+01 -2.500000e+01
      vertex   1.927000e+02 7.500000e+01 -2.321244e+01
      vertex   1.929900e+02 7.500000e+01 -2.298995e+01
    endloop
  endfacet
  facet normal -0.000000e+00 1.000000e+00 0.000000e+00
    outer loop
      vertex   1.929900e+02 7.500000e+01 -2.298995e+01
      vertex   1.932124e+02 7.500000e+01 -2.270000e+01
      vertex   1.950000e+02 7.500000e+01 -2.500000e+01
    endloop
  endfacet
  facet normal 0.000000e+00 1.000000e+00 0.000000e+00
    outer loop
      vertex   1.950000e+02 7.500000e+01 -2.500000e+01
      vertex   1.932124e+02 7.500000e+01 -2.270000e+01
      vertex   1.933523e+02 7.500000e+01 -2.236235e+01
    endloop
  endfacet
  facet normal 0.000000e+00 1.000000e+00 0.000000e+00
    outer loop
      vertex   1.043523e+02 7.500000e+01 -2.236235e+01
      vertex   1.044000e+02 7.500000e+01 -2.200000e+01
      vertex   1.800000e+02 7.500000e+01 -2.000000e+01
    endloop
  endfacet
  facet normal 0.000000e+00 1.000000e+00 0.000000e+00
    outer loop
      vertex   1.800000e+02 7.500000e+01 -2.000000e+01
      vertex   1.044000e+02 7.500000e+01 -2.200000e+01
      vertex   1.043523e+02 7.500000e+01 -2.163765e+01
    endloop
  endfacet
  facet normal 0.000000e+00 1.000000e+00 0.000000e+00
    outer loop
      vertex   1.800000e+02 7.500000e+01 -2.000000e+01
      vertex   1.043523e+02 7.500000e+01 -2.163765e+01
      vertex   1.042124e+02 7.500000e+01 -2.130000e+01
    endloop
  endfacet
  facet normal 0.000000e+00 1.000000e+00 -0.000000e+00
    outer loop
      vertex   1.042124e+02 7.500000e+01 -2.130000e+01
      vertex   1.039900e+02 7.500000e+01 -2.101005e+01
      vertex   1.800000e+02 7.500000e+01 -2.000000e+01
    endloop
  endfacet
  facet normal 0.000000e+00 1.000000e+00 0.000000e+00
    outer loop
      vertex   1.800000e+02 7.500000e+01 -2.000000e+01
      vertex   1.039900e+02 7.500000e+01 -2.101005e+01
      vertex   1.037000e+02 7.500000e+01 -2.078756e+01
    endloop
  endfacet
  facet normal 0.000000e+00 1.000000e+00 0.000000e+00
    outer loop
      vertex   1.800000e+02 7.500000e+01 -2.000000e+01
      vertex   1.037000e+02 7.500000e+01 -2.078756e+01
      vertex   1.033623e+02 7.500000e+01 -2.064770e+01
    endloop
  endfacet
  facet normal 0.000000e+00 1.000000e+00 0.000000e+00
    outer loop
      vertex   1.800000e+02 7.500000e+01 -2.000000e+01
      vertex   1.033623e+02 7.500000e+01 -2.064770e+01
      vertex   1.000000e+02 7.500000e+01 -2.000000e+01
    endloop
  endfacet
  facet normal 0.000000e+00 1.000000e+00 0.000000e+00
    outer loop
      vertex   1.000000e+02 7.500000e+01 -2.000000e+01
      vertex   1.033623e+02 7.500000e+01 -2.064770e+01
      vertex   1.030000e+02 7.500000e+01 -2.060000e+01
    endloop
  endfacet
  facet normal 0.000000e+00 1.000000e+00 0.000000e+00
    outer loop
      vertex   1.000000e+02 7.500000e+01 -2.000000e+01
      vertex   1.030000e+02 7.500000e+01 -2.060000e+01
      vertex   1.026377e+02 7.500000e+01 -2.064770e+01
    endloop
  endfacet
  facet normal 0.000000e+00 1.000000e+00 0.000000e+00
    outer loop
      vertex   1.026377e+02 7.500000e+01 -2.064770e+01
      vertex   1.023000e+02 7.500000e+01 -2.078756e+01
      vertex   1.000000e+02 7.500000e+01 -2.000000e+01
    endloop
  endfacet
  facet normal 0.000000e+00 1.000000e+00 0.000000e+00
    outer loop
      vertex   1.000000e+02 7.500000e+01 -2.000000e+01
      vertex   1.023000e+02 7.500000e+01 -2.078756e+01
      vertex   1.020101e+02 7.500000e+01 -2.101005e+01
    endloop
  endfacet
  facet normal 0.000000e+00 1.000000e+00 0.000000e+00
    outer loop
      vertex   1.000000e+02 7.500000e+01 -2.000000e+01
      vertex   1.020101e+02 7.500000e+01 -2.101005e+01
      vertex   1.017876e+02 7.500000e+01 -2.130000e+01
    endloop
  endfacet
  facet normal 0.000000e+00 1.000000e+00 0.000000e+00
    outer loop
      vertex   1.017876e+02 7.500000e+01 -2.130000e+01
      vertex   1.016477e+02 7.500000e+01 -2.163765e+01
      vertex   1.000000e+02 7.500000e+01 -2.000000e+01
    endloop
  endfacet
  facet normal 0.000000e+00 1.000000e+00 0.000000e+00
    outer loop
      vertex   1.000000e+02 7.500000e+01 -2.000000e+01
      vertex   1.016477e+02 7.500000e+01 -2.163765e+01
      vertex   1.016000e+02 7.500000e+01 -2.200000e+01
    endloop
  endfacet
  facet normal 0.000000e+00 1.000000e+00 0.000000e+00
    outer loop
      vertex   1.000000e+02 7.500000e+01 -2.000000e+01
      vertex   1.016000e+02 7.500000e+01 -2.200000e+01
      vertex   1.016477e+02 7.500000e+01 -2.236235e+01
    endloop
  endfacet
  facet normal 0.000000e+00 1.000000e+00 0.000000e+00
    outer loop
      vertex   1.000000e+02 7.500000e+01 -2.000000e+01
      vertex   1.016477e+02 7.500000e+01 -2.236235e+01
      vertex   1.000000e+02 7.500000e+01 -2.500000e+01
    endloop
  endfacet
  facet normal 0.000000e+00 1.000000e+00 0.000000e+00
    outer loop
      vertex   1.000000e+02 7.500000e+01 -2.500000e+01
      vertex   1.016477e+02 7.500000e+01 -2.236235e+01
      vertex   1.017876e+02 7.500000e+01 -2.270000e+01
    endloop
  endfacet
  facet normal 0.000000e+00 1.000000e+00 0.000000e+00
    outer loop
      vertex   1.000000e+02 7.500000e+01 -2.500000e+01
      vertex   1.017876e+02 7.500000e+01 -2.270000e+01
      vertex   1.020101e+02 7.500000e+01 -2.298995e+01
    endloop
  endfacet
  facet normal 0.000000e+00 1.000000e+00 0.000000e+00
    outer loop
      vertex   1.020101e+02 7.500000e+01 -2.298995e+01
      vertex   1.023000e+02 7.500000e+01 -2.321244e+01
      vertex   1.000000e+02 7.500000e+01 -2.500000e+01
    endloop
  endfacet
  facet normal 0.000000e+00 1.000000e+00 0.000000e+00
    outer loop
      vertex   1.000000e+02 7.500000e+01 -2.500000e+01
      vertex   1.023000e+02 7.500000e+01 -2.321244e+01
      vertex   1.026377e+02 7.500000e+01 -2.335230e+01
    endloop
  endfacet
  facet normal 0.000000e+00 1.000000e+00 0.000000e+00
    outer loop
      vertex   1.000000e+02 7.500000e+01 -2.500000e+01
      vertex   1.026377e+02 7.500000e+01 -2.335230e+01
      vertex   1.030000e+02 7.500000e+01 -2.340000e+01
    endloop
  endfacet
  facet normal -0.000000e+00 1.000000e+00 0.000000e+00
    outer loop
      vertex   1.030000e+02 7.500000e+01 -2.340000e+01
      vertex   1.033623e+02 7.500000e+01 -2.335230e+01
      vertex   1.000000e+02 7.500000e+01 -2.500000e+01
    endloop
  endfacet
  facet normal 0.000000e+00 1.000000e+00 0.000000e+00
    outer loop
      vertex   1.000000e+02 7.500000e+01 -2.500000e+01
      vertex   1.033623e+02 7.500000e+01 -2.335230e+01
      vertex   1.037000e+02 7.500000e+01 -2.321244e+01
    endloop
  endfacet
  facet normal 0.000000e+00 1.000000e+00 0.000000e+00
    outer loop
      vertex   1.000000e+02 7.500000e+01 -2.500000e+01
      vertex   1.037000e+02 7.500000e+01 -2.321244e+01
      vertex   1.800000e+02 7.500000e+01 -2.000000e+01
    endloop
  endfacet
  facet normal 0.000000e+00 1.000000e+00 0.000000e+00
    outer loop
      vertex   1.800000e+02 7.500000e+01 -2.000000e+01
      vertex   1.037000e+02 7.500000e+01 -2.321244e+01
      vertex   1.039900e+02 7.500000e+01 -2.298995e+01
    endloop
  endfacet
  facet normal 0.000000e+00 1.000000e+00 0.000000e+00
    outer loop
      vertex   1.800000e+02 7.500000e+01 -2.000000e+01
      vertex   1.039900e+02 7.500000e+01 -2.298995e+01
      vertex   1.042124e+02 7.500000e+01 -2.270000e+01
    endloop
  endfacet
  facet normal 0.000000e+00 1.000000e+00 0.000000e+00
    outer loop
      vertex   1.042124e+02 7.500000e+01 -2.270000e+01
      vertex   1.043523e+02 7.500000e+01 -2.236235e+01
      vertex   1.800000e+02 7.500000e+01 -2.000000e+01
    endloop
  endfacet
  facet normal 0.000000e+00 1.000000e+00 -0.000000e+00
    outer loop
      vertex   1.934000e+02 7.500000e+01 2.200000e+01
      vertex   1.933523e+02 7.500000e+01 2.236235e+01
      vertex   1.950000e+02 7.500000e+01 2.500000e+01
    endloop
  endfacet
  facet normal 0.000000e+00 1.000000e+00 0.000000e+00
    outer loop
      vertex   1.950000e+02 7.500000e+01 2.500000e+01
      vertex   1.933523e+02 7.500000e+01 2.236235e+01
      vertex   1.932124e+02 7.500000e+01 2.270000e+01
    endloop
  endfacet
  facet normal 0.000000e+00 1.000000e+00 0.000000e+00
    outer loop
      vertex   1.950000e+02 7.500000e+01 2.500000e+01
      vertex   1.932124e+02 7.500000e+01 2.270000e+01
      vertex   1.929900e+02 7.500000e+01 2.298995e+01
    endloop
  endfacet
  facet normal 0.000000e+00 1.000000e+00 -0.000000e+00
    outer loop
      vertex   1.929900e+02 7.500000e+01 2.298995e+01
      vertex   1.927000e+02 7.500000e+01 2.321244e+01
      vertex   1.950000e+02 7.500000e+01 2.500000e+01
    endloop
  endfacet
  facet normal 0.000000e+00 1.000000e+00 0.000000e+00
    outer loop
      vertex   1.950000e+02 7.500000e+01 2.500000e+01
      vertex   1.927000e+02 7.500000e+01 2.321244e+01
      vertex   1.923623e+02 7.500000e+01 2.335230e+01
    endloop
  endfacet
  facet normal 0.000000e+00 1.000000e+00 0.000000e+00
    outer loop
      vertex   1.950000e+02 7.500000e+01 2.500000e+01
      vertex   1.923623e+02 7.500000e+01 2.335230e+01
      vertex   1.920000e+02 7.500000e+01 2.340000e+01
    endloop
  endfacet
  facet normal 0.000000e+00 1.000000e+00 -0.000000e+00
    outer loop
      vertex   1.920000e+02 7.500000e+01 2.340000e+01
      vertex   1.916377e+02 7.500000e+01 2.335230e+01
      vertex   1.950000e+02 7.500000e+01 2.500000e+01
    endloop
  endfacet
  facet normal 0.000000e+00 1.000000e+00 0.000000e+00
    outer loop
      vertex   1.950000e+02 7.500000e+01 2.500000e+01
      vertex   1.916377e+02 7.500000e+01 2.335230e+01
      vertex   1.913000e+02 7.500000e+01 2.321244e+01
    endloop
  endfacet
  facet normal 0.000000e+00 1.000000e+00 0.000000e+00
    outer loop
      vertex   1.950000e+02 7.500000e+01 2.500000e+01
      vertex   1.913000e+02 7.500000e+01 2.321244e+01
      vertex   1.800000e+02 7.500000e+01 2.000000e+01
    endloop
  endfacet
  facet normal 0.000000e+00 1.000000e+00 0.000000e+00
    outer loop
      vertex   1.800000e+02 7.500000e+01 2.000000e+01
      vertex   1.913000e+02 7.500000e+01 2.321244e+01
      vertex   1.910101e+02 7.500000e+01 2.298995e+01
    endloop
  endfacet
  facet normal 0.000000e+00 1.000000e+00 0.000000e+00
    outer loop
      vertex   1.800000e+02 7.500000e+01 2.000000e+01
      vertex   1.910101e+02 7.500000e+01 2.298995e+01
      vertex   1.907876e+02 7.500000e+01 2.270000e+01
    endloop
  endfacet
  facet normal 0.000000e+00 1.000000e+00 0.000000e+00
    outer loop
      vertex   1.907876e+02 7.500000e+01 2.270000e+01
      vertex   1.906477e+02 7.500000e+01 2.236235e+01
      vertex   1.800000e+02 7.500000e+01 2.000000e+01
    endloop
  endfacet
  facet normal 0.000000e+00 1.000000e+00 0.000000e+00
    outer loop
      vertex   1.800000e+02 7.500000e+01 2.000000e+01
      vertex   1.906477e+02 7.500000e+01 2.236235e+01
      vertex   1.906000e+02 7.500000e+01 2.200000e+01
    endloop
  endfacet
  facet normal 0.000000e+00 1.000000e+00 0.000000e+00
    outer loop
      vertex   1.800000e+02 7.500000e+01 2.000000e+01
      vertex   1.906000e+02 7.500000e+01 2.200000e+01
      vertex   1.906477e+02 7.500000e+01 2.163765e+01
    endloop
  endfacet
  facet normal 0.000000e+00 1.000000e+00 0.000000e+00
    outer loop
      vertex   1.906477e+02 7.500000e+01 2.163765e+01
      vertex   1.907876e+02 7.500000e+01 2.130000e+01
      vertex   1.800000e+02 7.500000e+01 2.000000e+01
    endloop
  endfacet
  facet normal 0.000000e+00 1.000000e+00 0.000000e+00
    outer loop
      vertex   1.800000e+02 7.500000e+01 2.000000e+01
      vertex   1.907876e+02 7.500000e+01 2.130000e+01
      vertex   1.910101e+02 7.500000e+01 2.101005e+01
    endloop
  endfacet
  facet normal 0.000000e+00 1.000000e+00 0.000000e+00
    outer loop
      vertex   1.800000e+02 7.500000e+01 2.000000e+01
      vertex   1.910101e+02 7.500000e+01 2.101005e+01
      vertex   1.913000e+02 7.500000e+01 2.078756e+01
    endloop
  endfacet
  facet normal 0.000000e+00 1.000000e+00 0.000000e+00
    outer loop
      vertex   1.913000e+02 7.500000e+01 2.078756e+01
      vertex   1.916377e+02 7.500000e+01 2.064770e+01
      vertex   1.800000e+02 7.500000e+01 2.000000e+01
    endloop
  endfacet
  facet normal 0.000000e+00 1.000000e+00 0.000000e+00
    outer loop
      vertex   1.800000e+02 7.500000e+01 2.000000e+01
      vertex   1.916377e+02 7.500000e+01 2.064770e+01
      vertex   1.920000e+02 7.500000e+01 2.060000e+01
    endloop
  endfacet
  facet normal -0.000000e+00 1.000000e+00 0.000000e+00
    outer loop
      vertex   1.043523e+02 7.500000e+01 2.163765e+01
      vertex   1.044000e+02 7.500000e+01 2.200000e+01
      vertex   1.800000e+02 7.500000e+01 2.000000e+01
    endloop
  endfacet
  facet normal 0.000000e+00 1.000000e+00 0.000000e+00
    outer loop
      vertex   1.800000e+02 7.500000e+01 2.000000e+01
      vertex   1.044000e+02 7.500000e+01 2.200000e+01
      vertex   1.043523e+02 7.500000e+01 2.236235e+01
    endloop
  endfacet
  facet normal 0.000000e+00 1.000000e+00 0.000000e+00
    outer loop
      vertex   1.800000e+02 7.500000e+01 2.000000e+01
      vertex   1.043523e+02 7.500000e+01 2.236235e+01
      vertex   1.042124e+02 7.500000e+01 2.270000e+01
    endloop
  endfacet
  facet normal -0.000000e+00 1.000000e+00 -0.000000e+00
    outer loop
      vertex   1.042124e+02 7.500000e+01 2.270000e+01
      vertex   1.039900e+02 7.500000e+01 2.298995e+01
      vertex   1.800000e+02 7.500000e+01 2.000000e+01
    endloop
  endfacet
  facet normal 0.000000e+00 1.000000e+00 0.000000e+00
    outer loop
      vertex   1.800000e+02 7.500000e+01 2.000000e+01
      vertex   1.039900e+02 7.500000e+01 2.298995e+01
      vertex   1.037000e+02 7.500000e+01 2.321244e+01
    endloop
  endfacet
  facet normal 0.000000e+00 1.000000e+00 0.000000e+00
    outer loop
      vertex   1.800000e+02 7.500000e+01 2.000000e+01
      vertex   1.037000e+02 7.500000e+01 2.321244e+01
      vertex   1.000000e+02 7.500000e+01 2.500000e+01
    endloop
  endfacet
  facet normal 0.000000e+00 1.000000e+00 0.000000e+00
    outer loop
      vertex   1.000000e+02 7.500000e+01 2.500000e+01
      vertex   1.037000e+02 7.500000e+01 2.321244e+01
      vertex   1.033623e+02 7.500000e+01 2.335230e+01
    endloop
  endfacet
  facet normal 0.000000e+00 1.000000e+00 0.000000e+00
    outer loop
      vertex   1.000000e+02 7.500000e+01 2.500000e+01
      vertex   1.033623e+02 7.500000e+01 2.335230e+01
      vertex   1.030000e+02 7.500000e+01 2.340000e+01
    endloop
  endfacet
  facet normal 0.000000e+00 1.000000e+00 0.000000e+00
    outer loop
      vertex   1.030000e+02 7.500000e+01 2.340000e+01
      vertex   1.026377e+02 7.500000e+01 2.335230e+01
      vertex   1.000000e+02 7.500000e+01 2.500000e+01
    endloop
  endfacet
  facet normal 0.000000e+00 1.000000e+00 0.000000e+00
    outer loop
      vertex   1.000000e+02 7.500000e+01 2.500000e+01
      vertex   1.026377e+02 7.500000e+01 2.335230e+01
      vertex   1.023000e+02 7.500000e+01 2.321244e+01
    endloop
  endfacet
  facet normal 0.000000e+00 1.000000e+00 0.000000e+00
    outer loop
      vertex   1.000000e+02 7.500000e+01 2.500000e+01
      vertex   1.023000e+02 7.500000e+01 2.321244e+01
      vertex   1.020101e+02 7.500000e+01 2.298995e+01
    endloop
  endfacet
  facet normal 0.000000e+00 1.000000e+00 0.000000e+00
    outer loop
      vertex   1.020101e+02 7.500000e+01 2.298995e+01
      vertex   1.017876e+02 7.500000e+01 2.270000e+01
      vertex   1.000000e+02 7.500000e+01 2.500000e+01
    endloop
  endfacet
  facet normal 0.000000e+00 1.000000e+00 0.000000e+00
    outer loop
      vertex   1.000000e+02 7.500000e+01 2.500000e+01
      vertex   1.017876e+02 7.500000e+01 2.270000e+01
      vertex   1.016477e+02 7.500000e+01 2.236235e+01
    endloop
  endfacet
  facet normal 0.000000e+00 1.000000e+00 0.000000e+00
    outer loop
      vertex   1.000000e+02 7.500000e+01 2.500000e+01
      vertex   1.016477e+02 7.500000e+01 2.236235e+01
      vertex   1.000000e+02 7.500000e+01 2.000000e+01
    endloop
  endfacet
  facet normal 0.000000e+00 1.000000e+00 0.000000e+00
    outer loop
      vertex   1.000000e+02 7.500000e+01 2.000000e+01
      vertex   1.016477e+02 7.500000e+01 2.236235e+01
      vertex   1.016000e+02 7.500000e+01 2.200000e+01
    endloop
  endfacet
  facet normal 0.000000e+00 1.000000e+00 0.000000e+00
    outer loop
      vertex   1.000000e+02 7.500000e+01 2.000000e+01
      vertex   1.016000e+02 7.500000e+01 2.200000e+01
      vertex   1.016477e+02 7.500000e+01 2.163765e+01
    endloop
  endfacet
  facet normal 0.000000e+00 1.000000e+00 0.000000e+00
    outer loop
      vertex   1.016477e+02 7.500000e+01 2.163765e+01
      vertex   1.017876e+02 7.500000e+01 2.130000e+01
      vertex   1.000000e+02 7.500000e+01 2.000000e+01
    endloop
  endfacet
  facet normal 0.000000e+00 1.000000e+00 0.000000e+00
    outer loop
      vertex   1.000000e+02 7.500000e+01 2.000000e+01
      vertex   1.017876e+02 7.500000e+01 2.130000e+01
      vertex   1.020101e+02 7.500000e+01 2.101005e+01
    endloop
  endfacet
  facet normal 0.000000e+00 1.000000e+00 0.000000e+00
    outer loop
      vertex   1.000000e+02 7.500000e+01 2.000000e+01
      vertex   1.020101e+02 7.500000e+01 2.101005e+01
      vertex   1.023000e+02 7.500000e+01 2.078756e+01
    endloop
  endfacet
  facet normal 0.000000e+00 1.000000e+00 0.000000e+00
    outer loop
      vertex   1.023000e+02 7.500000e+01 2.078756e+01
      vertex   1.026377e+02 7.500000e+01 2.064770e+01
      vertex   1.000000e+02 7.500000e+01 2.000000e+01
    endloop
  endfacet
  facet normal 0.000000e+00 1.000000e+00 0.000000e+00
    outer loop
      vertex   1.000000e+02 7.500000e+01 2.000000e+01
      vertex   1.026377e+02 7.500000e+01 2.064770e+01
      vertex   1.030000e+02 7.500000e+01 2.060000e+01
    endloop
  endfacet
  facet normal 0.000000e+00 1.000000e+00 0.000000e+00
    outer loop
      vertex   1.000000e+02 7.500000e+01 2.000000e+01
      vertex   1.030000e+02 7.500000e+01 2.060000e+01
      vertex   1.033623e+02 7.500000e+01 2.064770e+01
    endloop
  endfacet
  facet normal 0.000000e+00 1.000000e+00 0.000000e+00
    outer loop
      vertex   1.000000e+02 7.500000e+01 2.000000e+01
      vertex   1.033623e+02 7.500000e+01 2.064770e+01
      vertex   1.800000e+02 7.500000e+01 2.000000e+01
    endloop
  endfacet
  facet normal 0.000000e+00 1.000000e+00 0.000000e+00
    outer loop
      vertex   1.800000e+02 7.500000e+01 2.000000e+01
      vertex   1.033623e+02 7.500000e+01 2.064770e+01
      vertex   1.037000e+02 7.500000e+01 2.078756e+01
    endloop
  endfacet
  facet normal 0.000000e+00 1.000000e+00 0.000000e+00
    outer loop
      vertex   1.800000e+02 7.500000e+01 2.000000e+01
      vertex   1.037000e+02 7.500000e+01 2.078756e+01
      vertex   1.039900e+02 7.500000e+01 2.101005e+01
    endloop
  endfacet
  facet normal -0.000000e+00 1.000000e+00 0.000000e+00
    outer loop
      vertex   1.039900e+02 7.500000e+01 2.101005e+01
      vertex   1.042124e+02 7.500000e+01 2.130000e+01
      vertex   1.800000e+02 7.500000e+01 2.000000e+01
    endloop
  endfacet
  facet normal 0.000000e+00 1.000000e+00 0.000000e+00
    outer loop
      vertex   1.800000e+02 7.500000e+01 2.000000e+01
      vertex   1.042124e+02 7.500000e+01 2.130000e+01
      vertex   1.043523e+02 7.500000e+01 2.163765e+01
    endloop
  endfacet
  facet normal -0.000000e+00 1.000000e+00 0.000000e+00
    outer loop
      vertex   1.000000e+02 7.500000e+01 2.500000e+01
      vertex   1.950000e+02 7.500000e+01 2.500000e+01
      vertex   1.800000e+02 7.500000e+01 2.000000e+01
    endloop
  endfacet
  facet normal 0.000000e+00 1.000000e+00 0.000000e+00
    outer loop
      vertex   1.950000e+02 7.500000e+01 -2.500000e+01
      vertex   1.000000e+02 7.500000e+01 -2.500000e+01
      vertex   1.800000e+02 7.500000e+01 -2.000000e+01
    endloop
  endfacet
endsolid
